EDGErank,EDrank,species,common_name,order,family,RLcat,EDGEmed,EDGEiqr,EDmed,EDiqr,pextmed,pextiqr,TBLmn,isEDGEsp_frac,is_EDGE_species,n_trees,match,matched_IUCN_name,on_vgp_list,has_vgp_genome,vgp_placement_tier,vgp_name,vgp_accession
572,3515,Platymantis_insulatus,Gigante Wrinkled Ground Frog,Anura,Ceratobatrachidae,CR,8.81456364293055,12.159203991827,9.23443229037904,12.6363563689581,0.972076159137107,0.0565491311489584,10.7615917792951,0.498,0,1000,direct,Platymantis_insulatus,False,False,,,
573,3526,Atelopus_orcesi,,Anura,Bufonidae,CR,8.80973031613504,10.7017649382376,9.21578795206308,11.2243908520659,0.970337072830097,0.0626589653720927,4.71453132410036,0.497,0,1000,direct,Atelopus_orcesi,False,False,,,
581,3533,Pseudophilautus_mooreorum,,Anura,Rhacophoridae,CR,8.77280621407187,5.39801834556474,9.20352780428544,5.63954531627428,0.96996352070011,0.0593713394944297,4.96947857452495,0.494,0,1000,direct,Pseudophilautus_mooreorum,False,False,,,
585,3628,Atelopus_sorianoi,Scarlet Harlequin Toad,Anura,Bufonidae,CR,8.70824724479133,10.4288490050528,9.05796710253929,10.8941502703996,0.971301110815761,0.0618117657414129,5.20788264870403,0.487,0,1000,direct,Atelopus_sorianoi,False,False,,,
588,3578,Craugastor_andi,Atlantic Robber Frog,Anura,Craugastoridae,CR,8.70096237815569,6.62347903540912,9.12719194478724,7.01156982457528,0.970157322019685,0.060784406454927,5.8782471105112,0.499,0,1000,direct,Craugastor_andi,False,False,,,
589,3585,Ambystoma_amblycephalum,Blunthead Salamander,Caudata,Ambystomatidae,CR,8.6958972892331,10.0199507100064,9.12112520495484,10.755396759545,0.966697737901859,0.0639873620108754,10.1926742886473,0.494,0,1000,direct,Ambystoma_amblycephalum,False,False,,,
592,3601,Plectrohyla_sabrina,Sierra Juarez Treefrog,Anura,Hylidae,CR,8.67735780990693,7.1843575466475,9.10555579991871,7.69230002757101,0.971848607971157,0.0604078291227906,6.36991093725929,0.497,0,1000,GBIF_accepted,Sarcohyla_sabrina,False,False,,,
594,3620,Petropedetes_perreti,Perret's Water Frog,Anura,Petropedetidae,CR,8.65195457319813,3.29060818022703,9.06866428642582,3.36672594797369,0.972560706395817,0.0541662724833972,4.7239534708109,0.482,0,1000,direct,Petropedetes_perreti,False,False,,,
595,3612,Plectrohyla_psarosema,Speckled Treefrog,Anura,Hylidae,CR,8.63569484755337,7.67614625241263,9.086989092469,8.03407406694748,0.971757660443925,0.0603783229263406,5.94989876604252,0.495,0,1000,GBIF_accepted,Sarcohyla_psarosema,False,False,,,
596,3618,Pseudoeurycea_obesa,Ridge Tail Salamander,Caudata,Plethodontidae,CR,8.60494119023685,2.50370830644715,9.07285379630558,2.47229714382704,0.971911554343475,0.0576039036176896,6.79927446222165,0.465,0,1000,direct,Pseudoeurycea_obesa,False,False,,,
597,3653,Thorius_arboreus,Arboreal Thorius,Caudata,Plethodontidae,CR,8.58874589206008,2.74874745092028,9.02016835731009,2.80241707377992,0.968518631431662,0.0597127684682299,6.7604062987183,0.48,0,1000,direct,Thorius_arboreus,False,False,,,
599,3710,Philautus_jacobsoni,Jacobson's Bubble-nest Frog,Anura,Rhacophoridae,CR,8.56695841542718,11.1407886846594,8.927666084659,11.8666644636258,0.969691928165126,0.0595961170377165,10.1134257950652,0.483,0,1000,direct,Philautus_jacobsoni,False,False,,,
603,3665,Plectrohyla_pycnochila,,Anura,Hylidae,CR,8.53735979401312,7.68942857584544,8.99261971634828,7.77677502518176,0.971757660443925,0.0607504066981537,6.2869901809041,0.483,0,1000,direct,Plectrohyla_pycnochila,False,False,,,
604,3663,Callulina_stanleyi,,Anura,Brevicipitidae,CR,8.53558757380422,3.88793074718339,8.9955049863806,4.11294328287358,0.971022851990672,0.0550126479548154,8.43019554184866,0.478,0,1000,direct,Callulina_stanleyi,False,False,,,
606,3566,Eleutherodactylus_rucillensis,Rucilla Streamside Frog,Anura,Eleutherodactylidae,CR,8.51771605683752,8.80508485933866,9.14441876765914,9.13604364711091,0.968707079805619,0.0620298925007537,5.86319910432917,0.493,0,1000,direct,Eleutherodactylus_rucillensis,False,False,,,
607,3687,Pseudophilautus_dayawansai,Dayawansa’s Shrub Frog,Anura,Rhacophoridae,CR,8.51531028939074,7.05701893376493,8.94747514022272,7.41094178163723,0.970400467883124,0.0586561291340043,6.27613102149491,0.481,0,1000,direct,Pseudophilautus_dayawansai,False,False,,,
610,3689,Eleutherodactylus_amadeus,,Anura,Eleutherodactylidae,CR,8.48817292732978,2.99029874587406,8.94720021194684,3.04882213074314,0.970002158209904,0.0630348709573991,7.79768068666082,0.464,0,1000,direct,Eleutherodactylus_amadeus,False,False,,,
612,3707,Plectrohyla_calvicollina,Cerro Pelón Treefrog,Anura,Hylidae,CR,8.48233026184914,7.64846096696308,8.92901250284046,7.98901699729656,0.971757660443925,0.0606525766340651,6.24414826953623,0.487,0,1000,GBIF_accepted,Sarcohyla_calvicollina,False,False,,,
613,3682,Pristimantis_euphronides,Grenada Frog,Anura,Strabomantidae,CR,8.47833204537219,7.73086806572008,8.96210516745125,7.98567567761411,0.970628530126721,0.0570706757115557,5.18060785049915,0.475,0,1000,direct,Pristimantis_euphronides,False,False,,,
617,3715,Anomaloglossus_atopoglossus,,Anura,Dendrobatidae,CR,8.44830529090131,11.0108736572183,8.92377747205599,11.9492279256874,0.969540590054367,0.0649954505232967,10.6980875556131,0.483,0,1000,GBIF_accepted,Ectopoglossus_atopoglossus,False,False,,,
618,3792,Pristimantis_turumiquirensis,,Anura,Strabomantidae,CR,8.43925806901867,7.2953460495516,8.78959727552905,7.69355512689156,0.970744738828109,0.0597742984726692,6.81146606227758,0.467,0,1000,direct,Pristimantis_turumiquirensis,False,False,,,
619,3664,Colostethus_jacobuspetersi,,Anura,Dendrobatidae,CR,8.4376655644942,8.54929670292192,8.99309835481229,9.18273632126201,0.969017552722647,0.064859778353954,9.07910736484238,0.483,0,1000,direct,Colostethus_jacobuspetersi,False,False,,,
623,3806,Pristimantis_albericoi,,Anura,Strabomantidae,CR,8.39379149795203,10.034813774371,8.76462007274694,10.6694826274224,0.968771470465059,0.0640381679240121,8.39533544008244,0.488,0,1000,direct,Pristimantis_albericoi,False,False,,,
624,3724,Plectrohyla_crassa,Aquatic Treefrog,Anura,Hylidae,CR,8.39046364245779,8.04916086320956,8.90863129960078,8.42053376626908,0.971400287179017,0.0603783229263406,6.40206982058778,0.476,0,1000,GBIF_accepted,Sarcohyla_crassa,False,False,,,
626,3777,Cophixalus_concinnus,Elegant Frog,Anura,Microhylidae,CR,8.38876697120681,11.215600911731,8.81324668364134,11.8928324467351,0.970735704569647,0.061841588350152,10.1002526288392,0.483,0,1000,direct,Cophixalus_concinnus,False,False,,,
627,3713,Pristimantis_spilogaster,Gambita Robber Frog,Anura,Strabomantidae,CR,8.38202481008949,10.6542424729144,8.92609754890189,11.2472649630955,0.971028660275833,0.0588313068417075,9.31387262442392,0.492,0,1000,direct,Pristimantis_spilogaster,False,False,,,
629,3782,Breviceps_bagginsi,Bilbo's Rain Frog,Anura,Brevicipitidae,CR,8.36846211042531,10.9702941752503,8.80550800232944,11.4085290927928,0.970476901701647,0.0549272980011022,11.3740244098958,0.473,0,1000,direct,Breviceps_bagginsi,False,False,,,
630,3758,Cardioglossa_manengouba,,Anura,Arthroleptidae,CR,8.36196931192256,5.77961716100883,8.84007827857771,5.87823316719343,0.970413342284081,0.0667362972863265,3.46116401034023,0.462,0,1000,direct,Cardioglossa_manengouba,False,False,,,
631,3790,Plectrohyla_exquisita,,Anura,Hylidae,CR,8.36075300191641,7.90940812373258,8.7933837243377,8.10337815508337,0.971309934269348,0.0606230704376151,6.29780472102808,0.475,0,1000,direct,Plectrohyla_exquisita,False,False,,,
633,3802,Pseudophilautus_lunatus,,Anura,Rhacophoridae,CR,8.34705832455648,2.88803758211304,8.76826865503115,2.97854582279158,0.970400467883124,0.0588638828657245,6.66928852877185,0.421,0,1000,direct,Pseudophilautus_lunatus,False,False,,,
636,3761,Plectrohyla_tecunumani,Cave Spikethumb Frog,Anura,Hylidae,CR,8.33741618035513,7.70521665252396,8.83534662144216,8.15524295354578,0.971499098176558,0.0606230704376151,6.60201113220163,0.475,0,1000,direct,Plectrohyla_tecunumani,False,False,,,
637,3823,Plectrohyla_teuchestes,Alta Verapaz Spikethumb Frog,Anura,Hylidae,CR,8.32494108159216,7.66474428333883,8.74212987127521,7.88824338102826,0.971995687873293,0.0604493551148847,5.252982642991,0.466,0,1000,direct,Plectrohyla_teuchestes,False,False,,,
639,3791,Pseudophilautus_samarakoon,Samrakoon’s Shrub Frog,Anura,Rhacophoridae,CR,8.31485050721495,6.60098480398049,8.7897451416162,6.89728757458565,0.969691928165126,0.059210186764465,5.96477435536252,0.469,0,1000,direct,Pseudophilautus_samarakoon,False,False,,,
640,3750,Pristimantis_kareliae,,Anura,Strabomantidae,CR,8.29476242205617,8.25217608883106,8.84886916478809,8.53650256619714,0.967746786259228,0.0628656121314722,8.99273261435279,0.477,0,1000,direct,Pristimantis_kareliae,False,False,,,
644,3815,Eleutherodactylus_junori,Rock Pocket Frog,Anura,Eleutherodactylidae,CR,8.27914777517455,2.01912419020632,8.75132820151329,2.02992528247935,0.970155487653445,0.0633530575669965,6.47235189644673,0.37,0,1000,direct,Eleutherodactylus_junori,False,False,,,
649,3810,Eleutherodactylus_orcutti,Arntully Robber Frog,Anura,Eleutherodactylidae,CR,8.24631793990778,1.91976369268079,8.76199809453996,1.99571835027298,0.96991174968505,0.0632322100753981,6.33065582027126,0.362,0,1000,direct,Eleutherodactylus_orcutti,False,False,,,
651,3870,Atelopus_lozanoi,,Anura,Bufonidae,CR,8.23951370883528,6.95600028878654,8.65589328442294,7.21799815040708,0.971733674384307,0.06002644565704,3.6620085799359,0.449,0,1000,direct,Atelopus_lozanoi,False,False,,,
652,3834,Peltophryne_fluviatica,Hispaniolan Crestless Toad,Anura,Bufonidae,CR,8.23155445241975,9.79700479571904,8.71835184233315,10.3383026701822,0.972029088893885,0.0600987629904457,7.46784192506335,0.469,0,1000,direct,Peltophryne_fluviatica,False,False,,,
653,3801,Leptobrachella_palmata,,Anura,Megophryidae,CR,8.22983167172925,10.4198220568688,8.76930188664365,10.7271991873913,0.970858065271934,0.0600049221787018,9.99127834726701,0.47,0,1000,direct,Leptobrachella_palmata,False,False,,,
655,3865,Tylototriton_lizhenchangi,Mangshan Crocodile Newt,Caudata,Salamandridae,CR,8.22272977138304,2.68861120193419,8.66573689173945,2.8206069250826,0.967347203566577,0.063991553672658,7.8208225858353,0.41,0,1000,direct,Tylototriton_lizhenchangi,False,False,,,
661,3893,Eleutherodactylus_darlingtoni,La Selle Long-legged Frog,Anura,Eleutherodactylidae,CR,8.17590617337194,3.5152786769897,8.6241946900252,3.77555976416756,0.969371471532928,0.063569823087373,3.3878109140739,0.415,0,1000,direct,Eleutherodactylus_darlingtoni,False,False,,,
665,3925,Cophixalus_neglectus,Neglected Nursery Frog,Anura,Microhylidae,CR,8.15226296425047,10.5039724424924,8.58558237850495,11.0506210778773,0.971947432056028,0.0594759175708477,9.06637206352279,0.468,0,1000,direct,Cophixalus_neglectus,False,False,,,
672,3922,Aromobates_cannatellai,Las Escaleras’ Skunk Frog,Anura,Dendrobatidae,CR,8.1040004519935,3.88205479201346,8.58976012472112,4.06543016525718,0.968678170045246,0.0677147965790688,3.96440027787855,0.413,0,1000,direct,Aromobates_cannatellai,False,False,,,
673,3951,Plectrohyla_cyanomma,Blue-eyed Aquatic Treefrog,Anura,Hylidae,CR,8.09280214241863,8.54870392905676,8.54906256753368,8.97842546868994,0.971400287179017,0.0603783229263406,6.22922711587454,0.466,0,1000,GBIF_accepted,Sarcohyla_cyanomma,False,False,,,
674,4003,Pristimantis_pyrrhomerus,Lynch's Pilalo Robber Frog,Anura,Strabomantidae,CR,8.0816420891058,2.9961361898402,8.46347295702974,3.14866413031517,0.970626409823509,0.0600965836332228,6.90826295680768,0.376,0,1000,direct,Pristimantis_pyrrhomerus,False,False,,,
676,3991,Salamandra_lanzai,Lanza's Alpine Salamander,Caudata,Salamandridae,CR,8.07333817210809,2.87588915532933,8.48060580619626,2.89615704221879,0.968897699923867,0.0618961684446896,8.4444959866504,0.358,0,1000,direct,Salamandra_lanzai,False,False,,,
679,3863,Rana_chevronta,,Anura,Ranidae,CR,8.05319726747644,9.0215205655849,8.66660776435246,9.31002708264822,0.972742987958582,0.0578734688950806,9.25741337331206,0.472,0,1000,direct,Rana_chevronta,False,False,,,
681,4009,Pristimantis_cacao,Cacao Robber Frog,Anura,Strabomantidae,CR,8.03112569067988,8.70782619454873,8.45780989891882,8.93572455588982,0.970263051973385,0.0607000569582967,7.88467268795223,0.448,0,1000,direct,Pristimantis_cacao,False,False,,,
682,3996,Thorius_smithi,Smith's Thorius,Caudata,Plethodontidae,CR,8.01142878535457,2.92197225332346,8.47590113074039,3.03440235371298,0.968897699923867,0.0599150282657315,5.73787384662316,0.374,0,1000,direct,Thorius_smithi,False,False,,,
683,4019,Pristimantis_veletis,,Anura,Strabomantidae,CR,8.0038588646542,8.57618434666203,8.44660398582013,8.79794150459815,0.970703988364044,0.0600067003433269,8.14740370628558,0.463,0,1000,direct,Pristimantis_veletis,False,False,,,
684,4054,Plectrohyla_labedactyla,Grasping Treefrog,Anura,Hylidae,CR,8.00224760760477,6.75413288042124,8.39341055569031,6.94705703503511,0.971643508298513,0.0597066828389379,6.18284392173754,0.442,0,1000,GBIF_accepted,Sarcohyla_labedactyla,False,False,,,
685,4025,Oophaga_histrionica,Harlequin Poison Frog,Anura,Dendrobatidae,CR,7.99586827552703,1.87061079431026,8.43943736081963,1.81042553485951,0.96721562322057,0.0681659448991137,7.63720954569488,0.307,0,1000,direct,Oophaga_histrionica,False,False,,,
686,4082,Incilius_majordomus,Chief's Toad,Anura,Bufonidae,CR,7.97750598729696,10.2122859038869,8.36205532501614,10.749044943364,0.972673719101376,0.0577684963739963,6.75395206399881,0.467,0,1000,direct,Incilius_majordomus,False,False,,,
688,3966,Pristimantis_jaimei,Jaime's Robber Frog,Anura,Strabomantidae,CR,7.97402386412238,9.5594715879484,8.52369612525817,10.0091668228986,0.970644253816215,0.0590531440739529,8.84752704001009,0.464,0,1000,direct,Pristimantis_jaimei,False,False,,,
689,4089,Thorius_minutissimus,Oaxacan Pigmy Salamander,Caudata,Plethodontidae,CR,7.96268173449372,2.39590515645653,8.35441296566966,2.47665531357839,0.968601158516273,0.0597952022395443,5.95427031795602,0.332,0,1000,direct,Thorius_minutissimus,False,False,,,
691,4023,Cophixalus_monticola,Mountain-top Nursery-frog,Anura,Microhylidae,CR,7.95997482491481,10.7900538149245,8.44223774020553,11.3135502339929,0.970657149212934,0.0624264606193545,9.57815701371413,0.457,0,1000,direct,Cophixalus_monticola,False,False,,,
694,4074,Thorius_infernalis,Atoyac Minute Salamander,Caudata,Plethodontidae,CR,7.92988198091536,4.87842981406286,8.37062783748154,5.06258893591857,0.968897699923867,0.0600627360077658,4.37109323394576,0.421,0,1000,direct,Thorius_infernalis,False,False,,,
696,4034,Bolitoglossa_oresbia,,Caudata,Plethodontidae,CR,7.92019319562715,2.96895184321543,8.42281233358427,3.1180609679582,0.971115978025036,0.0582923044640203,6.2535953038334,0.348,0,1000,direct,Bolitoglossa_oresbia,False,False,,,
698,4103,Atelopus_zeteki,Cerro Campana Stubfoot Toad,Anura,Bufonidae,CR,7.90338628691888,3.4280248255221,8.33691423158577,3.60201314273401,0.970953998653753,0.0625423586362168,4.25413565987093,0.391,0,1000,direct,Atelopus_zeteki,False,False,,,
700,4106,Bokermannohyla_ravida,,Anura,Hylidae,CR,7.87555712359578,9.6901243666565,8.33382636186167,10.1292081757589,0.97100989025483,0.0561216380332453,9.26145112585553,0.459,0,1000,direct,Bokermannohyla_ravida,False,False,,,
704,4126,Eleutherodactylus_orientalis,Baracoa Dwarf Frog,Anura,Eleutherodactylidae,CR,7.84053693698128,2.74005259491049,8.30521785314238,2.82441141359947,0.969503445472258,0.0622631260597929,8.5395151030371,0.337,0,1000,direct,Eleutherodactylus_orientalis,False,False,,,
705,4153,Plectrohyla_dasypus,Honduras Spikethumb Frog,Anura,Hylidae,CR,7.82891222153952,8.5810619439923,8.25549280021188,9.0161095923685,0.971848607971157,0.0604078291227906,5.65502760825125,0.449,0,1000,direct,Plectrohyla_dasypus,False,False,,,
706,4073,Mannophryne_neblina,,Anura,Dendrobatidae,CR,7.82834805712311,7.49571446078874,8.37125270628964,7.98692050104349,0.968961966062382,0.0647144488254461,7.36930052161614,0.452,0,1000,direct,Mannophryne_neblina,False,False,,,
708,4169,Pseudophilautus_karunarathnai,Karunarathna’s Shrub Frog,Anura,Rhacophoridae,CR,7.79944753137985,6.55677505207372,8.23020348459579,6.81771344775511,0.969393000812308,0.0598466929967556,5.04143430494002,0.414,0,1000,direct,Pseudophilautus_karunarathnai,False,False,,,
709,4130,Thorius_narismagnus,San Martin Pigmy Salamander,Caudata,Plethodontidae,CR,7.78798849454545,3.60700895392359,8.30060813504602,3.70365963390804,0.968636299517605,0.0599229082369125,3.23493749053629,0.373,0,1000,direct,Thorius_narismagnus,False,False,,,
712,4207,Xenophrys_damrei,,Anura,Megophryidae,CR,7.75689408716569,10.0024952773277,8.17863288532795,10.5697043784981,0.970194169852031,0.0604642670606996,9.08444042706924,0.45,0,1000,GBIF_accepted,Megophrys_damrei,False,False,,,
713,4288,Albericus_siegfriedi,,Anura,Microhylidae,CR,7.74490294118508,9.77633969337202,8.05944591310487,10.3029183819927,0.972264071427035,0.0549098391428273,8.87119527526282,0.436,0,1000,GBIF_accepted,Choerophryne_siegfriedi,False,False,,,
715,4362,Pristimantis_bernali,Argelia Robber Frog,Anura,Strabomantidae,CR,7.71314388473321,8.99662095367194,7.95030144485066,9.585586546662,0.968139789169709,0.0617810285322902,8.2921415914407,0.444,0,1000,direct,Pristimantis_bernali,False,False,,,
718,4313,Nymphargus_wileyi,Wiley's Glassfrog,Anura,Centrolenidae,CR,7.68077117587302,5.02642017209142,8.018709703996,5.23603803091142,0.971722363244015,0.0538433186396262,7.0117712401251,0.398,0,1000,direct,Nymphargus_wileyi,False,False,,,
719,4271,Eleutherodactylus_corona,Hispaniolan Crowned Frog,Anura,Eleutherodactylidae,CR,7.67177617021352,2.4723383325177,8.08209925688769,2.42916278582568,0.970002158209904,0.0625132444774216,6.08103685536793,0.267,0,1000,direct,Eleutherodactylus_corona,False,False,,,
721,4278,Eleutherodactylus_dolomedes,Haitian Ventriloquial Frog,Anura,Eleutherodactylidae,CR,7.65933068595927,2.64257611479351,8.07123703372419,2.63991113193659,0.969820635378184,0.0634928217126286,5.8459386764186,0.28,0,1000,direct,Eleutherodactylus_dolomedes,False,False,,,
722,4283,Bolitoglossa_carri,Cloud Forest Salamander,Caudata,Plethodontidae,CR,7.64732948902562,3.34212634286095,8.06577060825931,3.38452059175072,0.971211044683929,0.0580153392765214,5.96061088608039,0.303,0,1000,direct,Bolitoglossa_carri,False,False,,,
726,4303,Amolops_chakrataensis,Dehradun Stream Frog,Anura,Ranidae,CR,7.6187707216021,9.29020949685589,8.04233270874293,9.7813852251609,0.972076159137107,0.0639362908288214,8.15652968349799,0.436,0,1000,direct,Amolops_chakrataensis,False,False,,,
727,4245,Colostethus_dunni,,Anura,Dendrobatidae,CR,7.61773297251828,9.80469493338987,8.12540541551504,10.336293451752,0.967682911044549,0.0646355007833982,8.27128406182029,0.441,0,1000,GBIF_accepted,Prostherapis_dunni,False,False,,,
728,4392,Leptolalax_kecil,,Anura,Megophryidae,CR,7.5978056926778,8.87089461265138,7.90969500914066,9.68033065581664,0.970654517744999,0.0598333242671976,8.15386773154165,0.429,0,1000,GBIF_accepted,Leptobrachella_kecil,False,False,,,
729,4363,Pseudophilautus_sirilwijesundarai,Siril Wijesundara’s Shrub Frog,Anura,Rhacophoridae,CR,7.57015246877687,6.13181432360416,7.94837331037582,6.47506586807004,0.970491820931908,0.0584871595305349,5.46558926496838,0.399,0,1000,direct,Pseudophilautus_sirilwijesundarai,False,False,,,
730,4356,Eleutherodactylus_caribe,Haitian Marshfrog,Anura,Eleutherodactylidae,CR,7.5694005127471,2.47517386236376,7.95472305460721,2.54278513768699,0.970002158209904,0.0629709893354826,3.97403447126159,0.252,0,1000,direct,Eleutherodactylus_caribe,False,False,,,
731,4427,Atelopus_limosus,Limosa Harlequin Frog,Anura,Bufonidae,CR,7.56573932954983,4.12786955043175,7.86365421398051,4.21258611878185,0.971046491143967,0.0625423586362168,2.57655265629432,0.334,0,1000,direct,Atelopus_limosus,False,False,,,
732,4367,Eleutherodactylus_eunaster,La Hotte Whistling Frog,Anura,Eleutherodactylidae,CR,7.56424667751184,2.42011879785643,7.94621563047892,2.4597238004218,0.970155487653445,0.0625132444774216,3.9192584056502,0.251,0,1000,direct,Eleutherodactylus_eunaster,False,False,,,
733,4374,Pristimantis_polemistes,,Anura,Strabomantidae,CR,7.55834513989449,9.84141455879994,7.94167439782892,10.6241140363257,0.966927711596691,0.064009494749489,8.63741591086193,0.439,0,1000,direct,Pristimantis_polemistes,False,False,,,
736,4400,Nymphargus_mixomaculatus,,Anura,Centrolenidae,CR,7.54516934882442,5.86646560094804,7.89923223888372,6.1436483664402,0.971654723932162,0.0542184832066813,6.61780000698182,0.376,0,1000,direct,Nymphargus_mixomaculatus,False,False,,,
742,4354,Melanophryniscus_langonei,Redbelly Toad,Anura,Bufonidae,CR,7.48749954001903,8.61437181104791,7.95735948049382,9.03028517098678,0.97278342128057,0.0590183294429361,7.96529870288293,0.435,0,1000,direct,Melanophryniscus_langonei,False,False,,,
744,4419,Mantidactylus_zolitschka,,Anura,Mantellidae,CR,7.47939634219156,2.92440408653876,7.86958562853593,2.97877627829256,0.966087383148831,0.0647663538825988,7.6444274680417,0.266,0,1000,direct,Mantidactylus_zolitschka,False,False,,,
745,4393,Pristimantis_kelephas,,Anura,Strabomantidae,CR,7.47532066596283,5.08018875138646,7.90773197996921,5.19824525157497,0.969958237366645,0.0612056851254192,5.62749056314046,0.387,0,1000,GBIF_accepted,Pristimantis_kelephus,False,False,,,
746,4492,Pseudoeurycea_aurantia,Peña Verde Salamander,Caudata,Plethodontidae,CR,7.46898792177349,3.66817867127362,7.7846674730474,3.82881685142078,0.971849524102678,0.0576039036176896,2.14317496413898,0.31,0,1000,direct,Pseudoeurycea_aurantia,False,False,,,
747,4503,Ambystoma_leorae,Leora's Stream Salamander,Caudata,Ambystomatidae,CR,7.46324701969431,10.4547609995797,7.77014654568117,10.8140064352935,0.967046434327302,0.0635457459756454,9.4889843647211,0.454,0,1000,direct,Ambystoma_leorae,False,False,,,
748,4426,Bokermannohyla_clepsydra,,Anura,Hylidae,CR,7.45817454639695,8.53655534238044,7.86383280392851,9.04112029840115,0.971264589712421,0.0568911345658593,7.79548981758714,0.427,0,1000,GBIF_iucn_link,Bokermannohyla_clepsydra,False,False,,,
750,4429,Pristimantis_lichenoides,,Anura,Strabomantidae,CR,7.44975002623181,7.16992945024584,7.8604642260068,7.6676620390676,0.967315114925752,0.0630256323820688,7.32085986737246,0.392,0,1000,direct,Pristimantis_lichenoides,False,False,,,
752,4505,Xenopus_lenduensis,Lendu Plateau Clawed Frog,Anura,Pipidae,CR,7.4405071025761,3.25988900117828,7.76750953134012,3.3463295198567,0.970604318108282,0.0577203319509431,7.385209540143,0.313,0,1000,direct,Xenopus_lenduensis,False,False,,,
754,4433,Atelopus_varius,Variable Harlequin Frog,Anura,Bufonidae,CR,7.43557563390411,3.91166385357103,7.85740829459302,4.06733159061945,0.970953998653753,0.0624329020990428,1.19949615140789,0.327,0,1000,direct,Atelopus_varius,False,False,,,
757,4508,Bokermannohyla_izecksohni,Izecksohn's Treefrog,Anura,Hylidae,CR,7.42849200525193,9.06411830184227,7.76390533683395,9.53214628674261,0.970979118047093,0.0567778435972727,7.93144891784337,0.421,0,1000,direct,Bokermannohyla_izecksohni,False,False,,,
758,4463,Pristimantis_deinops,,Anura,Strabomantidae,CR,7.42599664181857,8.08574933008283,7.81563568720965,8.47022992892938,0.969698586751521,0.0615923824867675,7.75308085075024,0.414,0,1000,direct,Pristimantis_deinops,False,False,,,
760,4388,Pseudophryne_pengilleyi,Northern Corroboree Frog,Anura,Myobatrachidae,CR,7.42250805552068,9.84013108196981,7.91979495532941,10.1226251557954,0.96721562322057,0.0673291698630245,8.94312535511545,0.424,0,1000,direct,Pseudophryne_pengilleyi,False,False,,,
761,4525,Atelopus_ignescens,Quito Stubfoot Toad,Anura,Bufonidae,CR,7.4163693794908,3.00920238010713,7.75241275824694,3.17507778762042,0.970953998653753,0.0617865902584413,4.5412374205234,0.259,0,1000,direct,Atelopus_ignescens,False,False,,,
762,4501,Pristimantis_ruidus,Molleturo Robber Frog,Anura,Strabomantidae,CR,7.4031648190816,7.30690956978392,7.77340792085631,7.67644000113186,0.969811306840204,0.060783428610435,7.39170025531117,0.392,0,1000,direct,Pristimantis_ruidus,False,False,,,
765,4412,Pseudophryne_corroboree,Corroboree Frog,Anura,Myobatrachidae,CR,7.38860970471292,10.2806555934338,7.87622745142902,10.8468771847962,0.967346752273111,0.0673291698630245,9.32213518073535,0.439,0,1000,direct,Pseudophryne_corroboree,True,True,exact,Pseudophryne_corroboree,GCA_028390025.1
772,4558,Bufo_tuberospinius,,Anura,Bufonidae,CR,7.34637123407001,6.02462496946807,7.69814756729506,6.2251932479171,0.971046491143967,0.0626058754060843,7.00042338610583,0.354,0,1000,direct,Bufo_tuberospinius,False,False,,,
773,4532,Gephyromantis_mafy,,Anura,Mantellidae,CR,7.34059492964386,2.80402572808883,7.74282722864824,2.94485443560139,0.966366759696468,0.0657681924633483,4.5887044250474,0.259,0,1000,direct,Gephyromantis_mafy,False,False,,,
774,4478,Hyperolius_watsonae,,Anura,Hyperoliidae,CR,7.3374813885526,8.5591270752491,7.80007399000556,8.90855308837362,0.971580896933187,0.061409415066808,8.44690253901699,0.417,0,1000,direct,Hyperolius_watsonae,False,False,,,
777,4548,Bokermannohyla_claresignata,,Anura,Hylidae,CR,7.31989858185161,9.6516354449503,7.71858072462937,10.0389990008694,0.971137109086393,0.0560987736721262,8.26303584163667,0.424,0,1000,GBIF_iucn_link,Bokermannohyla_claresignata,False,False,,,
779,4551,Physalaemus_angrensis,,Anura,Leptodactylidae,CR,7.2947874724658,9.76115354053,7.70672553113134,10.1264670829185,0.971022851990672,0.0578860996608943,9.36079949634644,0.428,0,1000,direct,Physalaemus_angrensis,False,False,,,
781,4599,Arthroleptis_krokosua,Krokosua Squeaking Frog,Anura,Arthroleptidae,CR,7.28529542645564,4.95710338803094,7.62804959959079,5.23961503965246,0.970821470106045,0.0646992451124199,7.37710996672656,0.355,0,1000,direct,Arthroleptis_krokosua,False,False,,,
784,4588,Pristimantis_chrysops,,Anura,Strabomantidae,CR,7.26565398690743,7.47137225003129,7.64938782790901,7.8840850051087,0.970568875212049,0.0597186418222175,7.55684603629123,0.406,0,1000,direct,Pristimantis_chrysops,False,False,,,
789,4584,Rhaebo_blombergi,Colombian Giant Toad,Anura,Bufonidae,CR,7.25080603764618,9.72711149191198,7.65422605277049,10.2709345280308,0.970450772009991,0.0613028105561847,8.37224641819354,0.426,0,1000,direct,Rhaebo_blombergi,False,False,,,
791,4709,Leptodactylus_magistris,Teachers' Frog,Anura,Leptodactylidae,CR,7.22567066260386,9.38801732039152,7.51315751195551,9.72762408124374,0.970705609022416,0.0585962285690224,9.08747336050638,0.417,0,1000,direct,Leptodactylus_magistris,False,False,,,
792,4716,Oreophryne_ezra,,Anura,Microhylidae,CR,7.22307840533339,8.97917731646673,7.50182630093544,9.47443227583762,0.971947432056028,0.0568967599537639,9.13959787009774,0.414,0,1000,direct,Oreophryne_ezra,False,False,,,
793,4672,Cophixalus_misimae,,Anura,Microhylidae,CR,7.21835514771905,10.2908520381045,7.55244101156211,10.8624758559729,0.971567389470605,0.0581334768476223,9.0160635531299,0.426,0,1000,direct,Cophixalus_misimae,False,False,,,
794,4591,Hynobius_guabangshanensis,,Caudata,Hynobiidae,CR,7.21702762266597,3.19389147664138,7.64435267775648,3.46424286720748,0.968493717961628,0.0632874020295932,3.84545384413226,0.298,0,1000,direct,Hynobius_guabangshanensis,False,False,,,
795,4566,Pristimantis_reclusas,,Anura,Strabomantidae,CR,7.20737431593183,6.59863859846217,7.68015837208431,6.96591433964688,0.970935414641676,0.0587438305210864,6.89594570532695,0.374,0,1000,GBIF_accepted,Pristimantis_reclusus,False,False,,,
796,4552,Hynobius_maoershanensis,Maoershan Hynobiid,Caudata,Hynobiidae,CR,7.20536934495542,3.28869057661954,7.70663514101576,3.47507381182111,0.968493717961628,0.0633912473449417,3.81147917680423,0.297,0,1000,direct,Hynobius_maoershanensis,False,False,,,
797,4655,Colostethus_latinasus,Truando Rocket Frog,Anura,Dendrobatidae,CR,7.18689515235583,3.70255108606661,7.56013212370828,3.7179145955258,0.968742062363029,0.0642762443996341,6.5296026203538,0.266,0,1000,direct,Colostethus_latinasus,False,False,,,
798,4679,Xenophrys_baolongensis,,Anura,Megophryidae,CR,7.17933371780408,8.87525504715384,7.54648650650227,9.03988261317576,0.969450859192444,0.0613679115562495,8.49591345106994,0.409,0,1000,GBIF_accepted,Megophrys_baolongensis,False,False,,,
800,4622,Eleutherodactylus_aporostegus,Tiburon Burrowing Frog,Anura,Eleutherodactylidae,CR,7.16406180791828,6.93307931300769,7.60020466790639,7.33393247691375,0.969024925451606,0.0616951572963472,6.51462134401118,0.392,0,1000,direct,Eleutherodactylus_aporostegus,False,False,,,
806,4813,Pristimantis_mars,,Anura,Strabomantidae,CR,7.14817834678424,8.30714764241129,7.38283923839454,8.74014232478513,0.970198921405592,0.0594457932000437,8.16421909205434,0.421,0,1000,direct,Pristimantis_mars,False,False,,,
809,4735,Hyloscirtus_lynchi,Lynch's Colombian Treefrog,Anura,Hylidae,CR,7.14228640225571,9.49750093061285,7.47383183362576,9.90402077153776,0.971342189295691,0.0570785653082051,8.69248355497525,0.418,0,1000,direct,Hyloscirtus_lynchi,False,False,,,
813,4684,Alexteroon_jynx,,Anura,Hyperoliidae,CR,7.12772766940927,9.87314084361626,7.54341877223727,10.4139649366269,0.970872208926598,0.0595269523650801,9.85850292882031,0.413,0,1000,GBIF_iucn_link,Alexteroon_jynx,False,False,,,
814,4729,Pristimantis_telefericus,Merida Cable Car Frog,Anura,Strabomantidae,CR,7.12195869173568,7.38691477765629,7.48287937046166,7.75680870125099,0.968502937003609,0.0643942131926971,7.66600527339044,0.383,0,1000,direct,Pristimantis_telefericus,False,False,,,
816,4668,Paedophryne_kathismaphlox,,Anura,Microhylidae,CR,7.11350915722291,10.5701930858301,7.5537956902044,11.2575861976181,0.971002428406493,0.0597682437508238,8.16300907051765,0.422,0,1000,direct,Paedophryne_kathismaphlox,False,False,,,
818,4682,Rhaebo_caeruleostictus,Blue-spotted Toad,Anura,Bufonidae,CR,7.09136432109768,7.56107337212579,7.54461981821209,8.09002990553685,0.97038162961448,0.061503618168917,8.06537350699293,0.378,0,1000,direct,Rhaebo_caeruleostictus,False,False,,,
823,4772,Pseudophilautus_newtonjayawardanei,Newton Jayawardane’s Shrub Frog,Anura,Rhacophoridae,CR,7.08314172269374,6.79253998092386,7.43332687313752,6.97587361568403,0.970525830163844,0.0586125766825662,5.75893424505353,0.368,0,1000,direct,Pseudophilautus_newtonjayawardanei,False,False,,,
824,4835,Diasporus_igneus,Fiery Dink Frog,Anura,Eleutherodactylidae,CR,7.07527744046779,8.750117906187,7.36088147808803,9.23295169001788,0.968997032027082,0.0625979658733593,8.71629715112365,0.396,0,1000,direct,Diasporus_igneus,False,False,,,
825,4752,Litoria_spenceri,Spencer’s River Tree Frog,Anura,Hylidae,CR,7.06175002431008,4.42811042472829,7.45616627029521,4.67377144297455,0.972796378994711,0.0560922046351726,6.9471246145152,0.309,0,1000,direct,Litoria_spenceri,False,False,,,
830,4783,Oedipina_petiola,,Caudata,Plethodontidae,CR,7.03421299324308,5.76263131798861,7.42073403262348,5.92945800508485,0.968574785344751,0.0597714297376076,4.6385563239344,0.343,0,1000,direct,Oedipina_petiola,False,False,,,
837,4868,Oedipina_chortiorum,Chorti Worm Salamander,Caudata,Plethodontidae,CR,6.98876639982552,7.00130829408688,7.32468676018269,7.19187255019515,0.968430021200651,0.0605176838410538,3.70164276128801,0.376,0,1000,direct,Oedipina_chortiorum,False,False,,,
838,4796,Amietia_inyangae,Nyanga River Frog,Anura,Pyxicephalidae,CR,6.98686792120784,11.2321789956103,7.40450495504322,11.6290759592066,0.972560706395817,0.0536272408546997,10.0186827646672,0.418,0,1000,direct,Amietia_inyangae,False,False,,,
839,4758,Pristimantis_torrenticola,,Anura,Strabomantidae,CR,6.97537023078171,7.27136359826512,7.4522254419626,7.59977057537326,0.969739566411864,0.0597465663403939,6.59400980821628,0.377,0,1000,direct,Pristimantis_torrenticola,False,False,,,
844,4866,Xenophrys_sangzhiensis,Sangzhi Horned Toad,Anura,Megophryidae,CR,6.95172636164067,9.13680980092939,7.3249041599909,9.803782642152,0.96921106496173,0.061407655113221,8.14213962585245,0.402,0,1000,GBIF_accepted,Megophrys_sangzhiensis,False,False,,,
848,4818,Pristimantis_pugnax,Agua Robber Frog,Anura,Strabomantidae,CR,6.91878335784048,7.54737255515816,7.37805419151043,7.932840793532,0.9683266415573,0.0631882843320386,6.74882048167709,0.382,0,1000,direct,Pristimantis_pugnax,False,False,,,
851,4874,Pristimantis_molybrignus,Uribe Robber Frog,Anura,Strabomantidae,CR,6.90832185395633,9.2490183879718,7.31672678375895,9.75274228250653,0.970644253816215,0.059822525207369,6.91233214084382,0.4,0,1000,direct,Pristimantis_molybrignus,False,False,,,
861,4961,Phrynopus_peruanus,Peters' Andes Frog,Anura,Strabomantidae,CR,6.84550935200485,9.92986291227135,7.22144710743987,10.4147974112945,0.970628530126721,0.059425411098734,7.6173930010862,0.397,0,1000,direct,Phrynopus_peruanus,False,False,,,
863,5000,Pseudoeurycea_ahuitzotl,Imperial Salamander,Caudata,Plethodontidae,CR,6.83737266968313,6.16162291343788,7.16767589799429,6.52812494267254,0.971806545602935,0.0561981209376169,4.29841976785876,0.354,0,1000,direct,Pseudoeurycea_ahuitzotl,False,False,,,
865,4929,Pristimantis_diaphonus,Rio Calima Robber Frog,Anura,Strabomantidae,CR,6.81820358187482,6.02147983823844,7.24955107833632,6.20661677235626,0.967315114925752,0.0640466046236612,6.4901159353331,0.343,0,1000,direct,Pristimantis_diaphonus,False,False,,,
868,5014,Melanophryniscus_admirabilis,Admirable-Redbelly-toad,Anura,Bufonidae,CR,6.79445866276503,8.50700529133814,7.15473678584628,9.0988075813582,0.97290473996383,0.0586618332696283,6.60457329001303,0.4,0,1000,direct,Melanophryniscus_admirabilis,False,False,,,
872,5078,Bolitoglossa_jacksoni,Jackson's Mushroomtongue Salamander,Caudata,Plethodontidae,CR,6.784859749136,5.52325642416765,7.06548530449649,5.8290142539368,0.971211044683929,0.0581668464533076,5.03401100594442,0.316,0,1000,direct,Bolitoglossa_jacksoni,False,False,,,
873,5049,Pseudoeurycea_kuautli,Adler’s Mountain Salamander,Caudata,Plethodontidae,CR,6.77837340999994,4.47410087209454,7.11243332903131,4.77351934576821,0.971849524102678,0.0575924323668041,4.08729298916456,0.296,0,1000,direct,Pseudoeurycea_kuautli,False,False,,,
876,5005,Pristimantis_phragmipleuron,Sugar Robber Frog,Anura,Strabomantidae,CR,6.74844526121249,7.39688296562,7.16254027543244,7.69809773074556,0.967865827522959,0.0621453650888468,7.16658094630806,0.373,0,1000,direct,Pristimantis_phragmipleuron,False,False,,,
884,5103,Aplastodiscus_musicus,Musical Treefrog,Anura,Hylidae,CR,6.68563856138149,10.8341968590131,7.03349032131326,11.3368231293893,0.970867412141154,0.0600479808541633,10.2156655048084,0.406,0,1000,direct,Aplastodiscus_musicus,False,False,,,
885,5069,Melanophryniscus_peritus,,Anura,Bufonidae,CR,6.6783263776273,8.02536073878755,7.07534008887376,8.75474916830895,0.972977435938528,0.0586618332696283,6.98340692649972,0.377,0,1000,direct,Melanophryniscus_peritus,False,False,,,
907,5182,Pristimantis_diogenes,,Anura,Strabomantidae,CR,6.56031147977,6.38390663119014,6.93777380124073,6.78281490479616,0.967589098252418,0.0625100415050749,6.78400261496019,0.333,0,1000,direct,Pristimantis_diogenes,False,False,,,
910,5277,Physalaemus_soaresi,Santa Cruz Dwarf Frog,Anura,Leptodactylidae,CR,6.54652007580473,10.10002827123,6.79672988882004,10.5589039353874,0.970540391368166,0.059546579865754,8.93607753741572,0.388,0,1000,direct,Physalaemus_soaresi,False,False,,,
913,5276,Pristimantis_signifer,,Anura,Strabomantidae,CR,6.50610557386545,7.7966210004208,6.79824873402983,8.37394022801405,0.968613511761151,0.061616721713054,6.90333888714526,0.347,0,1000,direct,Pristimantis_signifer,False,False,,,
916,5225,Melanophryniscus_setiba,,Anura,Bufonidae,CR,6.49643823929775,8.62949116787458,6.85817878803153,9.01293733669931,0.972690323324174,0.0589566697208575,5.42559808723123,0.372,0,1000,direct,Melanophryniscus_setiba,False,False,,,
921,5195,Babina_hainanensis,Hainan Music Frog,Anura,Ranidae,CR,6.46172498349985,9.05681258065423,6.91366706513814,9.52803916918643,0.971663747059022,0.0645376575758865,7.10639487946215,0.387,0,1000,GBIF_accepted,Nidirana_hainanensis,False,False,,,
924,5260,Aparasphenodon_pomba,,Anura,Hylidae,CR,6.45687115462541,7.72266590850831,6.81622064323555,8.28027941212754,0.971995687873293,0.0562376420116688,7.71737305432322,0.369,0,1000,GBIF_iucn_link,Aparasphenodon_pomba,False,False,,,
930,5361,Sphaenorhynchus_bromelicola,Bahia Lime Treefrog,Anura,Hylidae,CR,6.44184122350549,8.90161209476216,6.69115766061144,9.40824440861124,0.970301052678399,0.0607141242201598,8.33342046638149,0.365,0,1000,direct,Sphaenorhynchus_bromelicola,False,False,,,
933,5344,Pristimantis_tribulosus,,Anura,Strabomantidae,CR,6.41319591816153,6.11482389767618,6.71219934661253,6.5846235934216,0.970818113294497,0.059422242688539,6.39715670777797,0.325,0,1000,direct,Pristimantis_tribulosus,False,False,,,
937,5380,Philautus_microdiscus,Kobo Bubble-nest Frog,Anura,Rhacophoridae,CR,6.36565898555037,8.6170033245924,6.661382804382,8.86587891528964,0.968629466957365,0.0615021773399989,7.62789725887058,0.366,0,1000,direct,Philautus_microdiscus,False,False,,,
944,5349,Andinobates_viridis,Green Poison Frog,Anura,Dendrobatidae,CR,6.33353197973763,7.50037490520884,6.69720594345044,8.13075774605446,0.967901633665167,0.0671960035721788,6.73896520493532,0.349,0,1000,direct,Andinobates_viridis,False,False,,,
947,5342,Pristimantis_almendariz,,Anura,Strabomantidae,CR,6.32433539668659,6.58827711294227,6.71375673941412,7.09295394086005,0.967746786259228,0.0624041525726998,6.47750462369421,0.323,0,1000,direct,Pristimantis_almendariz,False,False,,,
956,5389,Pristimantis_stenodiscus,Periquito Robber Frog,Anura,Strabomantidae,CR,6.22383782461995,7.68346576504712,6.65034928459119,8.13679579498058,0.969959666490791,0.059944169818826,6.22022083183475,0.34,0,1000,direct,Pristimantis_stenodiscus,False,False,,,
957,5503,Pseudoeurycea_praecellens,Admirable False Brook Salamander,Caudata,Plethodontidae,CR,6.21970182976872,4.52207273673185,6.49975739128309,4.63197131462133,0.971713000519729,0.0561524933453198,4.35543426594649,0.254,0,1000,GBIF_accepted,Aquiloeurycea_praecellens,False,False,,,
962,5497,Pristimantis_hamiotae,Nono Robber Frog,Anura,Strabomantidae,CR,6.18364655563793,7.80123600620892,6.50608182352957,8.0847157038063,0.971028660275833,0.0564192400697241,6.46759028908823,0.358,0,1000,direct,Pristimantis_hamiotae,False,False,,,
965,5485,Scinax_muriciensis,,Anura,Hylidae,CR,6.16317670691137,7.47693066466311,6.52627348199698,8.0219463574183,0.970494206836262,0.0605350528462427,7.53447587327898,0.345,0,1000,GBIF_accepted,Ololygon_muriciensis,False,False,,,
971,5475,Nectophrynoides_poyntoni,Poynton's Forest Toad,Anura,Bufonidae,CR,6.11076350834011,5.45774283910329,6.53538575377628,5.64765695787051,0.970563438207857,0.0597338384121474,5.28070860389598,0.288,0,1000,direct,Nectophrynoides_poyntoni,False,False,,,
972,5547,Proceratophrys_palustris,Plateau Smooth Horned Frog,Anura,Odontophrynidae,CR,6.09760607691927,7.66778179718172,6.44000717275231,8.26822895218096,0.972137149852193,0.0607504066981537,7.50807545086067,0.337,0,1000,direct,Proceratophrys_palustris,False,False,,,
976,5566,Dendropsophus_amicorum,Socopo Tree Frog,Anura,Hylidae,CR,6.07961978653152,8.03248729325902,6.41517114878233,8.61409806088242,0.971129089052461,0.0573671706672555,8.05897973890268,0.347,0,1000,direct,Dendropsophus_amicorum,False,False,,,
980,5597,Nectophrynoides_paulae,Paula's Viviparous Toad,Anura,Bufonidae,CR,6.0387431907007,5.96126989797932,6.37367440224244,6.39614396425999,0.970496380151356,0.0597338384121474,4.84733117379414,0.292,0,1000,direct,Nectophrynoides_paulae,False,False,,,
991,5633,Geocrinia_alba,,Anura,Myobatrachidae,CR,5.99363991611382,8.1830335153819,6.31147853905004,8.85147223640434,0.968746925316527,0.0672577616172251,8.01979797157876,0.351,0,1000,GBIF_iucn_link,Geocrinia_alba,False,False,,,
995,5655,Albericus_sanguinopictus,,Anura,Microhylidae,CR,5.98411081925063,8.17446797105272,6.26345860988534,8.39914257867592,0.972264071427035,0.0558719655087248,7.09079732947287,0.334,0,1000,GBIF_accepted,Choerophryne_sanguinopicta,False,False,,,
1010,5716,Mannophryne_speeri,Speer’s Collared Frog,Anura,Dendrobatidae,CR,5.84622570748965,6.78454440695841,6.1634998817209,7.06060040447562,0.968961966062382,0.0650362453780995,5.73398970413728,0.309,0,1000,direct,Mannophryne_speeri,False,False,,,
1023,5725,Rana_pueblae,Puebla Frog,Anura,Ranidae,CR,5.79343687673126,7.66969197984378,6.15515135474721,7.97490654402906,0.971314953167502,0.0634733497238166,8.25552009266168,0.319,0,1000,GBIF_accepted,Lithobates_pueblae,False,False,,,
1055,5816,Ameerega_andina,La Planada Poison Frog,Anura,Dendrobatidae,CR,5.64741599350004,6.08332070455744,6.00886075705076,6.42675322243575,0.969621750023081,0.0638668701612848,6.06734200770119,0.288,0,1000,GBIF_accepted,Paruwrobates_andinus,False,False,,,
1056,5886,Amietophrynus_perreti,Perret's Toad,Anura,Bufonidae,CR,5.63836789391802,9.17357078876432,5.89659187355441,9.36981921142901,0.970496380151356,0.0627004496547644,7.20936797856826,0.332,0,1000,GBIF_accepted,Sclerophrys_perreti,False,False,,,
1057,5838,Nectophrynoides_wendyae,Uzungwe Scarp Tree Toad,Anura,Bufonidae,CR,5.63642780532572,5.500362633383,5.98037979269708,5.83403216113077,0.970534320595524,0.0596873441736456,4.68516596653552,0.272,0,1000,direct,Nectophrynoides_wendyae,False,False,,,
1066,5857,Incilius_holdridgei,Holdridge's Toad,Anura,Bufonidae,CR,5.59133146323123,8.33222643842957,5.95065752007141,8.652638151154,0.972673719101376,0.058657664640394,7.25912236248349,0.359,0,1000,direct,Incilius_holdridgei,False,False,,,
1070,5956,Ameerega_planipaleae,,Anura,Dendrobatidae,CR,5.57988542070943,6.34514966468096,5.79034491838158,6.75236777746795,0.969540590054367,0.0644278834404808,5.78702501277298,0.275,0,1000,direct,Ameerega_planipaleae,False,False,,,
1091,5992,Litoria_myola,Kuranda Tree Frog,Anura,Hylidae,CR,5.4829918465611,6.53700361512729,5.73271263234523,6.72271965548056,0.972699067460665,0.0559290452884524,6.52057598580014,0.274,0,1000,direct,Litoria_myola,False,False,,,
1098,5993,Nectophrynoides_pseudotornieri,Pseudo Forest Toad,Anura,Bufonidae,CR,5.44813028839516,5.70203688789814,5.72991845022343,5.91101311103505,0.970534320595524,0.0597196605358135,4.09014497967844,0.25,0,1000,direct,Nectophrynoides_pseudotornieri,False,False,,,
1100,6004,Litoria_lorica,Armoured Frog,Anura,Hylidae,CR,5.43540320026254,7.69877100477937,5.71679334980309,8.02735610453771,0.971346557117951,0.0598445954677346,6.56376616384267,0.311,0,1000,direct,Litoria_lorica,False,False,,,
1122,6077,Scutiger_maculatus,Piebald Alpine Toad,Anura,Megophryidae,CR,5.31896597243015,6.76439877328565,5.59483603088895,7.157935452321,0.970858065271934,0.0597541909428043,6.84634852883409,0.301,0,1000,direct,Scutiger_maculatus,False,False,,,
1163,6206,Pristimantis_anotis,Aragua Robber Frog,Anura,Strabomantidae,CR,5.12957323136893,7.08137935521889,5.32181788314863,7.3339377113839,0.967746786259228,0.062482337305807,5.76200782723105,0.288,0,1000,direct,Pristimantis_anotis,False,False,,,
1170,6179,Melanophryniscus_cambaraensis,Brazilian Redbelly Toad,Anura,Bufonidae,CR,5.10674398039451,7.28095374669746,5.3588930689245,7.6963929132054,0.972690323324174,0.058743351972024,4.93724976267117,0.278,0,1000,direct,Melanophryniscus_cambaraensis,False,False,,,
1176,6188,Rhinella_chrysophora,,Anura,Bufonidae,CR,5.08716166060238,6.9964354502764,5.3492626922635,7.45072592724895,0.971160169083264,0.0616853855483415,6.92584660036572,0.283,0,1000,direct,Rhinella_chrysophora,False,False,,,
1179,6174,Aplastodiscus_flumineus,Brazilian River Treefrog,Anura,Hylidae,CR,5.08130164301777,6.43849109889402,5.36643944698099,6.80533628161496,0.970867412141154,0.059999907554699,7.10581277691995,0.279,0,1000,direct,Aplastodiscus_flumineus,False,False,,,
1214,6257,Rana_miadis,Little Corn Island Frog,Anura,Ranidae,CR,4.92401140094054,6.4026085109789,5.21065586243504,6.75454137756218,0.971901297954209,0.0594506419863551,6.10519438774951,0.26,0,1000,GBIF_accepted,Lithobates_miadis,False,False,,,
1242,6357,Litoria_castanea,Yellow-spotted Tree Frog,Anura,Hylidae,CR,4.81369112053235,7.66287880886658,4.97874764573162,8.01028392480925,0.972870684438172,0.0546216329993836,6.73723693064059,0.295,0,1000,direct,Litoria_castanea,False,False,,,
1264,6353,Litoria_kroombitensis,Kroombit Treefrog,Anura,Hylidae,CR,4.72018802543667,7.70377531971004,4.98304137985257,7.93316294889977,0.971109466289924,0.0600291991090711,6.53034214228114,0.279,0,1000,direct,Litoria_kroombitensis,False,False,,,
1270,3600,Pseudophilautus_auratus,,Anura,Rhacophoridae,EN,4.68647824395715,4.84617322592932,9.10622090570144,9.17819740730491,0.483561831072175,0.282128475172477,7.81860383724632,0.497,0,1000,direct,Pseudophilautus_auratus,False,False,,,
1293,3669,Lyciasalamandra_irfani,Bille's Salamander,Caudata,Salamandridae,EN,4.60951846839205,3.74395002848826,8.97992843926597,6.2732860150555,0.479309049644457,0.289614602810047,7.89449329326045,0.478,0,1000,GBIF_accepted,Lyciasalamandra_billae,False,False,,,
1322,3605,Pseudophilautus_frankenbergi,Frankenberg's Shrub Frog,Anura,Rhacophoridae,EN,4.52194610033131,4.67510220924441,9.09468536769025,9.04677588076682,0.487789885160026,0.281496525482289,6.49525024604561,0.497,0,1000,direct,Pseudophilautus_frankenbergi,False,False,,,
1324,3627,Raorchestes_theuerkaufi,,Anura,Rhacophoridae,EN,4.50662878378525,4.60361605857148,9.05870776155047,8.94867475776946,0.478835414125139,0.284438091928022,8.1592002811283,0.488,0,1000,direct,Raorchestes_theuerkaufi,False,False,,,
1328,3622,Platymantis_paengi,Panay Limestone Frog,Anura,Ceratobatrachidae,EN,4.49804284045362,6.68805787023728,9.06525290519524,12.8866031708078,0.48717028943969,0.277894706777415,11.0479167133794,0.499,0,1000,direct,Platymantis_paengi,False,False,,,
1330,3609,Pseudophilautus_silvaticus,,Anura,Rhacophoridae,EN,4.49581165330852,3.95165212475597,9.08980868858525,6.47653624900516,0.487266487211265,0.283320632322118,6.57779447828715,0.49,0,1000,GBIF_iucn_link,Pseudophilautus_silvaticus,False,False,,,
1336,3555,Nyctibatrachus_pillaii,Pillai's Night Frog,Anura,Nyctibatrachidae,EN,4.47608406627561,2.58710127905466,9.16174632241461,2.71169045884836,0.486943780212767,0.282477382652432,8.033633226634,0.491,0,1000,direct,Nyctibatrachus_pillaii,False,False,,,
1341,3625,Platymantis_parkeri,Parker's Wrinkled Ground Frog,Anura,Ceratobatrachidae,EN,4.45038877109831,6.27995490756356,9.06097637444928,12.07958961237,0.492154269089326,0.278606548559376,10.7604775010769,0.495,0,1000,GBIF_accepted,Cornufer_parkeri,False,False,,,
1342,3667,Adenomus_kandianus,,Anura,Bufonidae,EN,4.44759016777098,3.50056510528447,8.98936614489166,5.34140676644624,0.490234762183077,0.273242534711798,5.70784287475831,0.477,0,1000,direct,Adenomus_kandianus,False,False,,,
1350,4358,Theloderma_ryabovi,,Anura,Rhacophoridae,EN,4.40936712460797,6.8592585481204,7.95415069780712,14.329404417917,0.478007086558279,0.283136044841819,10.1743185309958,0.456,0,1000,direct,Theloderma_ryabovi,False,False,,,
1351,3798,Hylarana_montivaga,,Anura,Ranidae,EN,4.40369726449648,6.15391878271325,8.77171048920315,12.1619174829174,0.498203298807512,0.287980157463205,10.5201530972844,0.483,0,1000,direct,Hylarana_montivaga,False,False,,,
1352,3629,Lyciasalamandra_arikani,Bille's Salamander,Caudata,Salamandridae,EN,4.40172566063172,3.31834642526042,9.05619530056578,5.33890464139883,0.480273846992487,0.289397541528674,7.18641393971839,0.481,0,1000,GBIF_accepted,Lyciasalamandra_billae,False,False,,,
1355,3630,Pristimantis_bellae,,Anura,Strabomantidae,EN,4.39600767245628,4.53001178956389,9.05493488730568,8.49046212494512,0.48411270263337,0.280174749012439,8.10879219412864,0.486,0,1000,direct,Pristimantis_bellae,False,False,,,
1356,3639,Atelopus_andinus,,Anura,Bufonidae,EN,4.39472733822856,4.87998188675936,9.04382122030482,8.66364456840178,0.487816086382669,0.287907314236971,4.7161404444802,0.495,0,1000,direct,Atelopus_andinus,False,False,,,
1358,3695,Crinia_riparia,Southern Flinders Ranges Froglet,Anura,Myobatrachidae,EN,4.39196267005704,2.87225294432797,8.94214101444111,3.69986062196062,0.478054111937045,0.288855026453556,8.342492856763,0.462,0,1000,direct,Crinia_riparia,False,False,,,
1363,3985,Bokermannohyla_vulcaniae,,Anura,Hylidae,EN,4.36796153109696,6.21378091119083,8.48372150826064,12.6315904485348,0.489182560393789,0.280674016772091,9.83898284360072,0.471,0,1000,direct,Bokermannohyla_vulcaniae,False,False,,,
1366,3837,Pseudophilautus_viridis,Dull-green Shrub Frog,Anura,Rhacophoridae,EN,4.35728049138115,3.95328995394768,8.7103158660865,6.69623692393125,0.486131950263181,0.280844683082804,6.18919201127444,0.467,0,1000,direct,Pseudophilautus_viridis,False,False,,,
1368,3719,Lyciasalamandra_yehudahi,Bille's Salamander,Caudata,Salamandridae,EN,4.3526394838743,3.71196880545061,8.91584869180458,5.67872823471256,0.480273846992487,0.288601368950964,7.16756108741248,0.463,0,1000,GBIF_accepted,Lyciasalamandra_billae,False,False,,,
1370,3730,Mannophryne_orellana,Orellana's Collared Frog,Anura,Dendrobatidae,EN,4.34715762853171,5.19441665182571,8.89944328658468,9.3823917615652,0.477873992604072,0.267504895809732,8.64544363678354,0.483,0,1000,direct,Mannophryne_orellana,False,False,,,
1372,3623,Raorchestes_sushili,Sushil's Bushfrog,Anura,Rhacophoridae,EN,4.34350621413111,2.68052048400064,9.06347525038146,3.81396693901785,0.481658751632949,0.282500293156908,6.483070216769,0.486,0,1000,direct,Raorchestes_sushili,False,False,,,
1373,3711,Phrynopus_montium,Cascas Andes Frog,Anura,Strabomantidae,EN,4.34056134570982,5.30001767879476,8.92629893291238,9.96437651893035,0.488914056176327,0.276237810351198,7.00900135761072,0.485,0,1000,direct,Phrynopus_montium,False,False,,,
1375,3775,Thorius_omiltemi,Omiltemi Minute Salamander,Caudata,Plethodontidae,EN,4.3353237545291,2.4085283509531,8.81688164993073,2.47486670128811,0.477475144029207,0.286051777473201,2.8345819342239,0.434,0,1000,direct,Thorius_omiltemi,False,False,,,
1377,3773,Lyciasalamandra_antalyana,Anatolia Lycian Salamander,Caudata,Salamandridae,EN,4.32027763354443,2.82207370561611,8.81833941710082,3.16672718975138,0.480273846992487,0.290744019089077,7.87647778971246,0.43,0,1000,direct,Lyciasalamandra_antalyana,False,False,,,
1379,3888,Oreophryne_zimmeri,Zimmer's Cross Frog,Anura,Microhylidae,EN,4.30831294061922,5.57054504946026,8.62916505224485,11.0963750505967,0.497575299627972,0.274788727807382,9.50226172263223,0.474,0,1000,direct,Oreophryne_zimmeri,False,False,,,
1380,3809,Xenopus_itombwensis,Itombwe Massif Clawed Frog,Anura,Pipidae,EN,4.30746809393286,2.62974877227911,8.76349425182641,2.6734217612288,0.489917780108572,0.282622157499924,8.789770566025,0.42,0,1000,direct,Xenopus_itombwensis,False,False,,,
1381,3640,Thorius_boreas,,Caudata,Plethodontidae,EN,4.30700940308057,2.3229723958082,9.04215870009309,2.70836617704633,0.477656767235656,0.28647679626255,4.7625216033685,0.483,0,1000,direct,Thorius_boreas,False,False,,,
1382,3635,Boophis_haematopus,,Anura,Mantellidae,EN,4.30605118381863,2.8221955302102,9.04858998552527,3.78080559823328,0.472051599209105,0.289432395335819,8.44382328483034,0.478,0,1000,direct,Boophis_haematopus,False,False,,,
1385,4118,Theloderma_chuyangsinense,Cloaked Moss Frog,Anura,Rhacophoridae,EN,4.29165858632608,6.82766092166614,8.31262838588214,14.3756542833757,0.481658751632949,0.289739004014788,12.1236065004092,0.47,0,1000,GBIF_accepted,Theloderma_palliatum,False,False,,,
1386,3885,Phrynopus_dagmarae,,Anura,Strabomantidae,EN,4.28624591895037,6.40878464639587,8.63347090829452,13.090404228366,0.488579048739054,0.274877292655751,8.79437224433102,0.468,0,1000,direct,Phrynopus_dagmarae,False,False,,,
1387,3927,Pseudoeurycea_boneti,Oaxacan False Brook Salamander,Caudata,Plethodontidae,EN,4.28588524208053,2.65576815275681,8.58312254571738,2.97199779384152,0.495628986648866,0.288919838622302,4.9812946849308,0.387,0,1000,GBIF_accepted,Isthmura_boneti,False,False,,,
1388,3847,Nyctibatrachus_grandis,Wayanad Night Frog,Anura,Nyctibatrachidae,EN,4.28335388562513,2.47089770598724,8.69072210235626,2.68636019592775,0.49186204244088,0.28320414583299,4.9852105144536,0.39,0,1000,direct,Nyctibatrachus_grandis,False,False,,,
1389,3650,Raorchestes_kaikatti,Kaikatti Bush Frog,Anura,Rhacophoridae,EN,4.28184446862128,2.81263543188604,9.02143624050563,4.03788309319675,0.48326944765462,0.282957768681316,6.11484015282165,0.479,0,1000,direct,Raorchestes_kaikatti,False,False,,,
1390,4043,Plectrohyla_quecchi,Las Palmas Spikethumb Frog,Anura,Hylidae,EN,4.28183821345599,4.55765431772626,8.41125137388871,8.4235877797454,0.495889757241644,0.273731600392603,5.9870647498609,0.454,0,1000,direct,Plectrohyla_quecchi,False,False,,,
1391,4014,Odorrana_bolavensis,Bolaven Odorous Frog,Anura,Ranidae,EN,4.28001620273018,6.70206857463749,8.44961563767598,13.4139058164554,0.494750215186082,0.293928595547156,8.04806756047949,0.456,0,1000,direct,Odorrana_bolavensis,False,False,,,
1392,3762,Plectrohyla_cembra,Southern Sierra Madre Treefrog,Anura,Hylidae,EN,4.27966089875269,4.63175921959836,8.83514208105662,8.51294814105908,0.49462695674353,0.274175472217741,6.53967568868967,0.484,0,1000,GBIF_accepted,Sarcohyla_cembra,False,False,,,
1393,3638,Bolitoglossa_xibalba,,Caudata,Plethodontidae,EN,4.279519098083,3.00748379372433,9.04534493331905,3.73073386061806,0.486083145585845,0.293327142209962,7.04898085979738,0.47,0,1000,direct,Bolitoglossa_xibalba,False,False,,,
1394,3774,Pristimantis_ruthveni,,Anura,Strabomantidae,EN,4.27606262505225,6.46090909617031,8.81807826980848,11.8751390480585,0.473166815814561,0.281513688583979,9.60320427889597,0.49,0,1000,GBIF_iucn_link,Pristimantis_ruthveni,False,False,,,
1395,3948,Pseudoeurycea_maxima,Southern Giant Salamander,Caudata,Plethodontidae,EN,4.27449793469216,2.56300266594966,8.55231273213148,3.12293632931827,0.49589498109926,0.288919838622302,4.97012868857792,0.388,0,1000,GBIF_accepted,Isthmura_maxima,False,False,,,
1396,3881,Nyctibatrachus_sylvaticus,Forest Night Frog,Anura,Nyctibatrachidae,EN,4.26934996983275,2.49413871559168,8.63966146332489,2.70278598899001,0.489990361611665,0.28369719685623,4.9852105144536,0.405,0,1000,direct,Nyctibatrachus_sylvaticus,False,False,,,
1398,3813,Ambystoma_cingulatum,Frosted Flatwoods Salamander,Caudata,Ambystomatidae,EN,4.26440702753754,3.07699014787164,8.75301145530144,4.4811036201316,0.468981847956093,0.296815090093416,4.05590662238172,0.446,0,1000,direct,Ambystoma_cingulatum,False,False,,,
1401,3965,Platymantis_subterrestris,Luzon Wrinkled Ground Frog,Anura,Ceratobatrachidae,EN,4.26380547011135,5.70747774422447,8.52472086658328,10.7906512272831,0.497307899702545,0.280141084262028,9.75374474886134,0.477,0,1000,direct,Platymantis_subterrestris,False,False,,,
1402,3962,Bokermannohyla_napolii,,Anura,Hylidae,EN,4.25870875557141,5.66416166612324,8.52899700447158,11.1424266712263,0.490629947114608,0.279959608865912,8.47040653556212,0.47,0,1000,direct,Bokermannohyla_napolii,False,False,,,
1406,3685,Plectrohyla_mykter,Keel-snouted Treefrog,Anura,Hylidae,EN,4.25000167605723,4.31911742914709,8.95457852598247,7.86977194533147,0.49314630222302,0.271735313712708,5.8715504492183,0.489,0,1000,GBIF_accepted,Sarcohyla_mykter,False,False,,,
1407,3822,Ambystoma_bishopi,Reticulated Flatwoods Salamander,Caudata,Ambystomatidae,EN,4.2476586053354,3.02988234283386,8.74299098620161,4.65496400229205,0.467900330713624,0.296550337394914,4.07838705062645,0.45,0,1000,direct,Ambystoma_bishopi,False,False,,,
1408,3855,Ambystoma_flavipiperatum,Yellow-peppered Salamander,Caudata,Ambystomatidae,EN,4.24572303207533,6.2036994775521,8.67727328257871,11.6702697955103,0.468981847956093,0.298248166176526,10.217712681979,0.476,0,1000,direct,Ambystoma_flavipiperatum,False,False,,,
1409,4086,Hyloscirtus_caucanus,Cauca Treefrog,Anura,Hylidae,EN,4.24387471234303,7.24366592931586,8.35689168720374,14.3583723992226,0.492795564965308,0.280534978519978,9.46766425628941,0.471,0,1000,direct,Hyloscirtus_caucanus,False,False,,,
1411,4189,Oreophryne_rookmaakeri,Flores Cross Frog,Anura,Microhylidae,EN,4.24069010132768,5.42197433430827,8.20282349885371,10.7785539816136,0.497416228974328,0.269480400476133,8.7845187995524,0.461,0,1000,direct,Oreophryne_rookmaakeri,False,False,,,
1413,3741,Pristimantis_eugeniae,Eugenia's Rainfrog,Anura,Strabomantidae,EN,4.23384031570777,5.72455557360458,8.86946948967678,10.3019246636664,0.469225928046922,0.284649236540616,9.01954252486433,0.485,0,1000,direct,Pristimantis_eugeniae,False,False,,,
1415,3681,Pristimantis_bisignatus,,Anura,Strabomantidae,EN,4.23150893295895,3.57217648845974,8.96228646623618,6.94312071070007,0.487060542764019,0.290335162692484,7.41327754904017,0.491,0,1000,GBIF_accepted,Yunganastes_bisignatus,False,False,,,
1417,4100,Hypsiboas_buriti,,Anura,Hylidae,EN,4.22969107948852,6.81026497847834,8.33976853938586,13.233856918929,0.494153057002428,0.287504105749796,11.1120614826218,0.463,0,1000,GBIF_accepted,Boana_buriti,False,False,,,
1419,3924,Pseudophilautus_singu,Sri Lanka Short-Horned Shrub-frog,Anura,Rhacophoridae,EN,4.2204621221495,3.86056157169128,8.58746898737157,6.85667374480303,0.486727872494886,0.281898564856285,5.68480445282398,0.458,0,1000,direct,Pseudophilautus_singu,False,False,,,
1422,3912,Platymantis_levigatus,Tablas Wrinkled Ground Frog,Anura,Ceratobatrachidae,EN,4.21026756978428,5.83404421536828,8.59870180865714,11.5020361369877,0.49785401545795,0.279893371503616,9.96254991915491,0.472,0,1000,direct,Platymantis_levigatus,False,False,,,
1425,3743,Ambystoma_granulosum,Granular Salamander,Caudata,Ambystomatidae,EN,4.19361824675745,5.63660515472657,8.85910168973759,10.7610096808158,0.467900330713624,0.297790706088696,10.2463509731491,0.483,0,1000,direct,Ambystoma_granulosum,False,False,,,
1426,3836,Eleutherodactylus_staurometopon,Isla de la Juventud Frog,Anura,Eleutherodactylidae,EN,4.19290771634526,6.15089114057725,8.71146121012539,11.385157490299,0.48154342133153,0.261063589779034,6.3042895475727,0.474,0,1000,direct,Eleutherodactylus_staurometopon,False,False,,,
1427,3688,Plectrohyla_chryses,,Anura,Hylidae,EN,4.18291304891452,4.45984719942433,8.94726820085991,8.6643571210401,0.495889757241644,0.273443145999136,6.18487387091691,0.487,0,1000,GBIF_accepted,Sarcohyla_chryses,False,False,,,
1428,3785,Colostethus_agilis,Cauca Rocket Frog,Anura,Dendrobatidae,EN,4.18190794700583,6.05914577020081,8.80208702785901,12.394582010897,0.473934003899485,0.275595769083634,9.19917981405114,0.49,0,1000,direct,Colostethus_agilis,False,False,,,
1430,4036,Anomaloglossus_isthminus,,Anura,Dendrobatidae,EN,4.17880156092274,4.77648226126215,8.42167394465578,9.52036911530161,0.482213169737514,0.280606088281131,8.50100533118356,0.462,0,1000,GBIF_accepted,Ectopoglossus_isthminus,False,False,,,
1431,4090,Pristimantis_cristinae,,Anura,Strabomantidae,EN,4.17849138439795,5.49971612185197,8.35255735323203,10.3384722116758,0.489254562913954,0.280174749012439,8.66827362604348,0.463,0,1000,GBIF_iucn_link,Pristimantis_cristinae,False,False,,,
1432,3702,Spinomantis_brunae,,Anura,Mantellidae,EN,4.1780996299204,6.30458501298938,8.93409032649926,12.2820880754984,0.469153019948741,0.284666820610091,8.38711167906511,0.476,0,1000,direct,Spinomantis_brunae,False,False,,,
1434,4138,Arthroleptides_martiensseni,Tanzania Rocky River Frog,Anura,Petropedetidae,EN,4.1726433336949,2.40256645851821,8.28542999131885,2.65954789053922,0.502422854710614,0.265991875822815,1.40379811180847,0.335,0,1000,direct,Arthroleptides_martiensseni,False,False,,,
1435,3643,Pseudophilautus_microtympanum,Small-eared Shrub Frog,Anura,Rhacophoridae,EN,4.16504732133201,3.12986845542332,9.0373591137911,4.89180783338882,0.483288348252963,0.281080168657233,6.00418294128314,0.482,0,1000,direct,Pseudophilautus_microtympanum,False,False,,,
1436,4091,Ansonia_thinthinae,Thin Thin’s Stream Toad,Anura,Bufonidae,EN,4.16112113847209,2.67367782493702,8.35107963700255,4.52387975287686,0.490340567076978,0.278483641389201,8.3260500867429,0.401,0,1000,direct,Ansonia_thinthinae,False,False,,,
1439,3811,Guibemantis_annulatus,Ring-wearing Tree Frog,Anura,Mantellidae,EN,4.14355794653908,4.04880491351648,8.75958200724715,7.86029321168751,0.471799977215062,0.289695988394044,7.97516265017081,0.475,0,1000,direct,Guibemantis_annulatus,False,False,,,
1440,4083,Microhyla_zeylanica,Sri Lanka Narrow-mouth Frog,Anura,Microhylidae,EN,4.13851995725949,5.38011478062135,8.36148617162671,10.3577414971525,0.497575299627972,0.271667666369214,9.90908518330311,0.461,0,1000,direct,Microhyla_zeylanica,False,False,,,
1441,3877,Pristimantis_cuentasi,,Anura,Strabomantidae,EN,4.13821851739495,5.16251148093472,8.64467501180141,9.44877655084324,0.475126498256118,0.29080562842031,7.63776548881647,0.473,0,1000,GBIF_iucn_link,Pristimantis_cuentasi,False,False,,,
1442,3720,Pseudophilautus_steineri,Steiner's Shrub Frog,Anura,Rhacophoridae,EN,4.13777167471457,3.11300606563973,8.91520599199152,5.68450608322477,0.481672497261972,0.281054300341347,5.08198435567835,0.479,0,1000,direct,Pseudophilautus_steineri,False,False,,,
1443,3904,Gracixalus_waza,,Anura,Rhacophoridae,EN,4.12938830889735,2.42766099967796,8.61185152553624,3.77197573318767,0.478399781310686,0.283136044841819,5.1007989234318,0.411,0,1000,GBIF_iucn_link,Gracixalus_waza,False,False,,,
1451,3949,Brachycephalus_garbeana,,Anura,Brachycephalidae,EN,4.10878403031104,6.94035164686243,8.55198080518217,14.3468132054092,0.476851610225868,0.262164633434756,10.7934576325029,0.474,0,1000,GBIF_accepted,Brachycephalus_garbeanus,False,False,,,
1453,3736,Anomaloglossus_kaiei,Kaie Rock Frog,Anura,Dendrobatidae,EN,4.1063782031773,3.21854281068928,8.8813125960327,5.29376412923004,0.482213169737514,0.279520461905162,5.35161089834146,0.474,0,1000,direct,Anomaloglossus_kaiei,False,False,,,
1454,3981,Gracixalus_nonggangensis,Nonggang small treefrog,Anura,Rhacophoridae,EN,4.10626681863921,2.46268831786339,8.49409699214701,3.75477206969472,0.478007086558279,0.282575375444228,4.92551677042335,0.401,0,1000,direct,Gracixalus_nonggangensis,False,False,,,
1455,4122,Phyllomedusa_perinesos,Orange-spotted Leaf Frog,Anura,Hylidae,EN,4.10428652295012,2.34927721852939,8.30786140216522,2.51087979116434,0.504898030138029,0.289284893237095,6.90675009077184,0.326,0,1000,GBIF_accepted,Callimedusa_perinesos,False,False,,,
1457,3972,Nototriton_lignicola,,Caudata,Plethodontidae,EN,4.09354258799383,2.23726459257673,8.51284896391732,2.34392217203692,0.477050243744744,0.285852133758989,7.4234553389018,0.34,0,1000,direct,Nototriton_lignicola,False,False,,,
1458,3952,Pristimantis_glandulosus,Ecuador Robber Frog,Anura,Strabomantidae,EN,4.0934279599375,3.41718731303336,8.54890713434774,6.61118453106958,0.476972310302321,0.289273175540256,6.63110234056644,0.459,0,1000,direct,Pristimantis_glandulosus,False,False,,,
1459,3982,Pristimantis_carlosceroni,Ceron's Green Robber Frog,Anura,Strabomantidae,EN,4.08546755427492,4.81769098350118,8.49398005289685,8.7174015327287,0.476797375103485,0.279171582985021,6.83342848955705,0.451,0,1000,direct,Pristimantis_carlosceroni,False,False,,,
1460,3594,Gastrotheca_pacchamama,Ayacucho Marsupial Frog,Anura,Hemiphractidae,EN,4.08363003645525,5.28546972185322,9.11499761694206,9.99304968913082,0.474184508711511,0.26623248317721,8.94860150459858,0.495,0,1000,direct,Gastrotheca_pacchamama,False,False,,,
1461,4202,Hypodactylus_araiodactylus,,Anura,Strabomantidae,EN,4.08071503106617,4.11131728533002,8.18221140477937,8.08936230129009,0.487060542764019,0.292747710491631,6.68569582923057,0.434,0,1000,GBIF_accepted,Niceforonia_araiodactyla,False,False,,,
1462,3906,Andinobates_claudiae,,Anura,Dendrobatidae,EN,4.08048670069386,2.39923507466753,8.60701811205547,2.86517394581576,0.473934003899485,0.287728910673087,6.71594876088374,0.386,0,1000,direct,Andinobates_claudiae,False,False,,,
1463,4184,Pristimantis_hernandezi,Hernandez's Robber Frog,Anura,Strabomantidae,EN,4.07503430101777,4.53806012742863,8.20571941204127,8.47307683174826,0.489017701601551,0.286759957199824,9.33222967340361,0.442,0,1000,direct,Pristimantis_hernandezi,False,False,,,
1466,3964,Pseudophryne_covacevichae,Magnificent Broodfrog,Anura,Myobatrachidae,EN,4.07297291664069,6.01213185682507,8.52562681445751,11.5324972581208,0.473934003899485,0.286526225165501,9.85583829625308,0.464,0,1000,direct,Pseudophryne_covacevichae,False,False,,,
1467,3963,Xenophrys_medogensis,Medog Horned Toad,Anura,Megophryidae,EN,4.06791896437424,5.94618457512518,8.52713123373582,11.7699084845321,0.481971935997431,0.282312556879672,9.86274244654145,0.467,0,1000,GBIF_accepted,Megophrys_medogensis,False,False,,,
1469,4076,Pristimantis_corniger,,Anura,Strabomantidae,EN,4.06762710869008,5.50783276022515,8.36853796116643,11.2134359827264,0.477735844221756,0.280830614035412,9.17152397144872,0.47,0,1000,direct,Pristimantis_corniger,False,False,,,
1470,4098,Odorrana_amamiensis,Amami Tip-nosed Frog,Anura,Ranidae,EN,4.0597860670707,2.44445234769372,8.34111294751736,2.81863936420095,0.496934170750205,0.295544554718974,5.4957488192323,0.341,0,1000,direct,Odorrana_amamiensis,False,False,,,
1471,4221,Pseudophilautus_hoffmanni,,Anura,Rhacophoridae,EN,4.05975335350207,2.82380006400196,8.16466117330523,4.10876962865894,0.487266487211265,0.282400931116529,4.51538584161009,0.368,0,1000,GBIF_iucn_link,Pseudophilautus_hoffmanni,False,False,,,
1472,4204,Platymantis_parilis,,Anura,Ceratobatrachidae,EN,4.05403255605246,6.01794497197216,8.18107419252045,11.5231244862564,0.497307899702545,0.280479238950686,9.62242863149705,0.446,0,1000,GBIF_accepted,Cornufer_parilis,False,False,,,
1475,4117,Xenophrys_zunhebotoensis,Zunheboto's Horned Toad,Anura,Megophryidae,EN,4.0360816749109,5.83761719239704,8.31312246031417,11.8625490830017,0.482468420228913,0.285800873682027,9.35607784814505,0.463,0,1000,GBIF_accepted,Megophrys_zunhebotoensis,False,False,,,
1476,4069,Mantidactylus_bourgati,,Anura,Mantellidae,EN,4.03607574715154,4.14463154796505,8.37748355068975,8.02355540202227,0.465352730472314,0.284687347978583,8.3581387296682,0.448,0,1000,direct,Mantidactylus_bourgati,False,False,,,
1478,3953,Ambystoma_altamirani,Mountain Stream Siredon,Caudata,Ambystomatidae,EN,4.0295158148977,4.94003606797636,8.54735598183517,9.51641675538564,0.468981847956093,0.298852411998019,8.79507206751704,0.468,0,1000,direct,Ambystoma_altamirani,False,False,,,
1479,4186,Osornophryne_occidentalis,Western Andean Plump Toad,Anura,Bufonidae,EN,4.02881238531627,2.35992378718709,8.20519910065062,2.18435186770929,0.49629074881749,0.291060621511327,7.2294531087425,0.273,0,1000,direct,Osornophryne_occidentalis,False,False,,,
1480,3986,Pseudophilautus_abundus,Labungama Shrub Frog,Anura,Rhacophoridae,EN,4.0176585680777,4.03284737651692,8.48362291345156,6.8108790947986,0.481672497261972,0.282128475172477,5.57279675108029,0.434,0,1000,direct,Pseudophilautus_abundus,False,False,,,
1481,4239,Poyntonophrynus_hoeschi,Okahandja Toad,Anura,Bufonidae,EN,4.01674794438118,5.17486690822635,8.13069905272415,10.0846790447541,0.488202543034757,0.290766754880189,9.26938318638051,0.461,0,1000,direct,Poyntonophrynus_hoeschi,False,False,,,
1482,4188,Pseudophilautus_asankai,Asanka's Shrub Frog,Anura,Rhacophoridae,EN,4.00580339642303,2.73420535633762,8.20338958820654,4.05742724123137,0.487266487211265,0.281793779407788,4.0507929715615,0.364,0,1000,direct,Pseudophilautus_asankai,False,False,,,
1486,4155,Pseudophilautus_caeruleus,,Anura,Rhacophoridae,EN,3.99528453502818,4.40803841950678,8.25232126316056,8.1060685999694,0.484480029515677,0.283411434479596,5.61429969228423,0.438,0,1000,direct,Pseudophilautus_caeruleus,False,False,,,
1487,4215,Allobates_picachos,,Anura,Dendrobatidae,EN,3.9952736320385,4.81157609416158,8.17062673124429,9.62130829758789,0.482459668558332,0.277553258462831,9.10579162378577,0.443,0,1000,GBIF_iucn_link,Allobates_picachos,False,False,,,
1488,4187,Pristimantis_baryecuus,Morona Robber Frog,Anura,Strabomantidae,EN,3.99356435348011,4.46456207969113,8.20391249216323,7.17262931334756,0.477735844221756,0.280705222335788,7.47024372527334,0.429,0,1000,direct,Pristimantis_baryecuus,False,False,,,
1490,4296,Pristimantis_carmelitae,,Anura,Strabomantidae,EN,3.9884984381706,4.74274190410067,8.05022271289725,8.65155044122796,0.477889072492298,0.279859311439845,8.00256337345145,0.437,0,1000,GBIF_iucn_link,Pristimantis_carmelitae,False,False,,,
1491,4355,Arthroleptella_landdrosia,Landdros Moss Frog,Anura,Pyxicephalidae,EN,3.98082074639947,2.60219202012419,7.95718046342081,3.80280529835239,0.500388700492035,0.264290595675036,7.2338992637359,0.334,0,1000,direct,Arthroleptella_landdrosia,False,False,,,
1492,4220,Afrixalus_clarkei,Clarke's Banana Frog,Anura,Hyperoliidae,EN,3.97939974664247,5.24028837189274,8.16477752316328,10.260662640107,0.489702867340526,0.276714200816885,8.99418084799904,0.443,0,1000,direct,Afrixalus_clarkei,False,False,,,
1493,4226,Pristimantis_mazar,,Anura,Strabomantidae,EN,3.96997177480638,4.29603744376832,8.15789642065802,7.1468859735132,0.488449398740981,0.283070326498982,8.8125591393133,0.436,0,1000,direct,Pristimantis_mazar,False,False,,,
1495,4439,Ramanella_nagaoi,Nagao's Globular Frog,Anura,Microhylidae,EN,3.96670690861206,5.18138737619115,7.8463182510268,9.49526225213209,0.501076343299289,0.272371443919256,8.61653718646414,0.428,0,1000,GBIF_accepted,Uperodon_nagaoi,False,False,,,
1496,4214,Boophis_narinsi,,Anura,Mantellidae,EN,3.96102358817378,2.34774402077303,8.17093765773787,2.81214977054929,0.471799977215062,0.285823638439067,5.48134574026758,0.322,0,1000,direct,Boophis_narinsi,False,False,,,
1498,4287,Pristimantis_tungurahua,,Anura,Strabomantidae,EN,3.95448138570313,4.49410888606555,8.06276737257362,8.53056862812501,0.487269663482239,0.289459953472584,8.18855012397048,0.421,0,1000,direct,Pristimantis_tungurahua,False,False,,,
1501,4192,Crinia_sloanei,Sloane’s Froglet,Anura,Myobatrachidae,EN,3.94363493355617,2.53497214139725,8.20039616747647,3.20951643210283,0.473568947586632,0.28916646122331,8.3498015482,0.339,0,1000,direct,Crinia_sloanei,False,False,,,
1503,4182,Oedipina_tzutujilorum,Tzutujil Worm Salamander,Caudata,Plethodontidae,EN,3.94136457834792,4.05791266742512,8.21320842056006,8.54512406977228,0.477338974802817,0.291637512361835,5.12293992375279,0.437,0,1000,direct,Oedipina_tzutujilorum,False,False,,,
1504,4344,Mixophyes_fleayi,Fleay’s Barred-frog,Anura,Myobatrachidae,EN,3.94018458589858,7.12824962790765,7.96535296895739,13.9021089298398,0.48324233593914,0.289624558704173,12.9263391355698,0.452,0,1000,direct,Mixophyes_fleayi,True,True,exact,Mixophyes_fleayi,GCA_038048845.1
1505,4364,Pristimantis_festae,Shy Robber Frog,Anura,Strabomantidae,EN,3.93975736122059,4.62290973182416,7.94817186820035,8.17405272857753,0.489683703046073,0.285398696360755,6.73417265853401,0.435,0,1000,direct,Pristimantis_festae,False,False,,,
1506,4277,Amietia_johnstoni,Mulanje River Frog,Anura,Pyxicephalidae,EN,3.9389131068777,6.00740493114827,8.0714730206191,10.7895704151487,0.497076692493722,0.270944939907645,10.3061396393608,0.44,0,1000,direct,Amietia_johnstoni,False,False,,,
1507,4316,Pristimantis_mnionaetes,,Anura,Strabomantidae,EN,3.93595067331203,4.73686836277628,8.01561714194013,8.93307367694736,0.473166815814561,0.279581455778678,7.8748036720918,0.431,0,1000,direct,Pristimantis_mnionaetes,False,False,,,
1508,4165,Scinax_littoreus,,Anura,Hylidae,EN,3.93418563177208,5.22960735321435,8.23360169266003,9.66681944156339,0.487804028891327,0.269682097391632,9.73272455564621,0.451,0,1000,GBIF_iucn_link,Ololygon_littoreus,False,False,,,
1509,4164,Pristimantis_paramerus,,Anura,Strabomantidae,EN,3.93009759477454,2.9045890891409,8.23481839314319,4.54332027513427,0.488670182987714,0.279652785325784,6.59416598920986,0.385,0,1000,direct,Pristimantis_paramerus,False,False,,,
1511,4180,Oedipina_kasios,Muralla Worm Salamander,Caudata,Plethodontidae,EN,3.92745169502399,2.94741866322421,8.21539575763086,4.61941845134689,0.478029208667757,0.293590051725531,4.04936067677664,0.356,0,1000,direct,Oedipina_kasios,False,False,,,
1512,4174,Rhacophorus_aurantiventris,Orange-bellied Treefrog,Anura,Rhacophoridae,EN,3.92496212697853,6.12856819621513,8.22222305644342,11.7240046671571,0.495927425814087,0.280179208464905,9.41372187052938,0.458,0,1000,GBIF_accepted,Zhangixalus_aurantiventris,False,False,,,
1514,4487,Bokermannohyla_sagarana,,Anura,Hylidae,EN,3.91877212965854,5.11281500712219,7.78824462885557,10.2622309728415,0.491567264538318,0.282324586932972,8.33387045910752,0.419,0,1000,direct,Bokermannohyla_sagarana,False,False,,,
1515,4177,Chiasmocleis_sapiranga,,Anura,Microhylidae,EN,3.9032667279823,5.77792462406058,8.21905846731673,11.8730760823566,0.479863238706463,0.283499067796216,10.7577165181955,0.454,0,1000,direct,Chiasmocleis_sapiranga,False,False,,,
1516,4453,Bolitoglossa_heiroreias,Holy-mountain Salamander,Caudata,Plethodontidae,EN,3.90207514927454,3.11392798469051,7.83042478578717,5.36216867509515,0.494045527859013,0.289346854927727,4.90942481226294,0.392,0,1000,direct,Bolitoglossa_heiroreias,False,False,,,
1517,4231,Pristimantis_ocellatus,,Anura,Strabomantidae,EN,3.89862215477183,5.58764652855541,8.14259604798302,10.7906258730753,0.47606839871576,0.279807588075173,8.8446434681809,0.449,0,1000,direct,Pristimantis_ocellatus,False,False,,,
1519,4409,Afrixalus_dorsimaculatus,Spotted Spiny Reed Frog,Anura,Hyperoliidae,EN,3.89380622020415,5.49714183605009,7.87946265793568,10.1860679489662,0.488884130876556,0.276413597220777,9.51632315419492,0.438,0,1000,direct,Afrixalus_dorsimaculatus,False,False,,,
1521,4563,Afrixalus_lacteus,Cameroon Banana Frog,Anura,Hyperoliidae,EN,3.89332598135185,4.77042612531158,7.6878637272365,9.69668192476565,0.486148968162752,0.277825404875838,9.08389677157878,0.427,0,1000,direct,Afrixalus_lacteus,False,False,,,
1522,4527,Pristimantis_huicundo,,Anura,Strabomantidae,EN,3.87654095341151,4.07144050930234,7.75115116630219,7.48468621553841,0.489254562913954,0.283886534726953,7.3968913753511,0.403,0,1000,direct,Pristimantis_huicundo,False,False,,,
1524,4711,Pristimantis_susaguae,,Anura,Strabomantidae,EN,3.87170555260287,4.16820940206441,7.51161291990839,7.94542449275877,0.490923304970424,0.279845532046255,7.10003094237612,0.395,0,1000,direct,Pristimantis_susaguae,False,False,,,
1528,4430,Hypodactylus_lucida,Cannatella's Andes Frog,Anura,Strabomantidae,EN,3.86292676035606,4.72529051723617,7.86021918662234,9.62481248709504,0.487269663482239,0.292366511019199,8.28549005094254,0.422,0,1000,GBIF_accepted,Niceforonia_lucida,False,False,,,
1529,4462,Hyperolius_nienokouensis,,Anura,Hyperoliidae,EN,3.86266971054612,5.23111220047114,7.8159716394485,9.82857632016047,0.490000404918483,0.272460875731946,8.74808788444802,0.439,0,1000,direct,Hyperolius_nienokouensis,False,False,,,
1531,4251,Mantidactylus_madecassus,Andringitra Madagascar Frog,Anura,Mantellidae,EN,3.8528256135248,2.44776652594511,8.11528758730163,3.40943249035247,0.464026835237453,0.286159369973231,7.94453632025422,0.347,0,1000,direct,Mantidactylus_madecassus,False,False,,,
1532,4136,Leptopelis_palmatus,Palm Forest Treefrog,Anura,Arthroleptidae,EN,3.84696735185444,3.69804620862153,8.2922226871181,6.82713900931631,0.481903738536527,0.280095304315009,7.91244980751904,0.427,0,1000,direct,Leptopelis_palmatus,False,False,,,
1533,4424,Bokermannohyla_juiju,,Anura,Hylidae,EN,3.8443705603586,6.29068035591585,7.86551574338576,11.4825005737092,0.491122998629232,0.281811323337559,9.60209577586854,0.435,0,1000,direct,Bokermannohyla_juiju,False,False,,,
1534,4360,Pristimantis_capitonis,,Anura,Strabomantidae,EN,3.84387818031402,4.71556736836795,7.95290188197853,9.53148189925747,0.483326770735004,0.289176310165829,7.41206305527572,0.434,0,1000,direct,Pristimantis_capitonis,False,False,,,
1538,4154,Oedipina_nica,Nicaraguan Worm Lizard,Caudata,Plethodontidae,EN,3.83245947276276,2.82491715032841,8.25276525646115,4.71770605926001,0.479019760385486,0.294725738764597,4.01393380864941,0.373,0,1000,direct,Oedipina_nica,False,False,,,
1539,4361,Philautus_schmackeri,Schmacker’s Tree Frog,Anura,Rhacophoridae,EN,3.83158120609203,5.46674562294644,7.95142805758932,10.5304980997873,0.486727872494886,0.288551379583868,8.62368480421199,0.446,0,1000,direct,Philautus_schmackeri,False,False,,,
1543,4656,Pristimantis_viridicans,Cerro Munchique Robber Frog,Anura,Strabomantidae,EN,3.82460690512684,4.46729456890749,7.55979865945934,8.76089594331914,0.488670182987714,0.286022772970902,7.81260178836637,0.423,0,1000,direct,Pristimantis_viridicans,False,False,,,
1544,4279,Raorchestes_resplendens,Resplendent Bush Frog,Anura,Rhacophoridae,EN,3.82345754085898,2.42938750557077,8.07112943421871,3.30418127037847,0.478396408398025,0.283241096615699,7.8077855964618,0.327,0,1000,direct,Raorchestes_resplendens,False,False,,,
1545,4440,Pristimantis_citriogaster,Throated Robber Frog,Anura,Strabomantidae,EN,3.82131132997126,3.55603762932509,7.84288712927698,6.28814605767141,0.490063814883996,0.280318965651858,6.97625298629346,0.4,0,1000,direct,Pristimantis_citriogaster,False,False,,,
1546,4203,Raorchestes_jayarami,Jayaram's Bushfrog,Anura,Rhacophoridae,EN,3.81804838829289,2.4576760128465,8.18171893001382,3.30126692071128,0.478664825137116,0.283214105578648,7.4035151215547,0.321,0,1000,direct,Raorchestes_jayarami,False,False,,,
1547,4586,Oedipina_fortunensis,Fortuna Worm Salamander,Caudata,Plethodontidae,EN,3.81354203710339,4.11477328464286,7.65177233489323,8.56465616937076,0.477050243744744,0.291817798203739,4.79232122893522,0.421,0,1000,direct,Oedipina_fortunensis,False,False,,,
1548,4275,Odorrana_narina,Ryukyu Island Frog,Anura,Ranidae,EN,3.81116448455938,2.70979052894299,8.07271113479382,3.58815542481917,0.496934170750205,0.295544554718974,4.69816146128044,0.338,0,1000,direct,Odorrana_narina,False,False,,,
1550,4609,Pristimantis_ornatus,,Anura,Strabomantidae,EN,3.79095130134017,4.71464188440605,7.61294446114761,8.31991560581003,0.475126498256118,0.281646621589775,7.71122471094621,0.397,0,1000,direct,Pristimantis_ornatus,False,False,,,
1555,4521,Boophis_boehmei,Böhme's Bright-eyed Frog,Anura,Mantellidae,EN,3.77154960291723,2.37636968182269,7.75510817328433,3.17792103039971,0.476653363500768,0.291210271126527,7.3959502954626,0.276,0,1000,direct,Boophis_boehmei,False,False,,,
1559,4881,Hylomantis_medinae,,Anura,Hylidae,EN,3.76128509406879,5.087255258154,7.31118289366691,9.39230482266643,0.502990666189135,0.287736645711611,9.1205085617504,0.411,0,1000,GBIF_accepted,Agalychnis_medinae,False,False,,,
1561,4483,Pristimantis_simoteriscus,,Anura,Strabomantidae,EN,3.75219888248342,5.2950231678195,7.79218360303893,10.2958231298559,0.473166815814561,0.288777696637929,8.50684589777955,0.423,0,1000,direct,Pristimantis_simoteriscus,False,False,,,
1563,4534,Smilisca_dentata,Upland Burrowing Treefrog,Anura,Hylidae,EN,3.74707768495033,5.02572151140452,7.74196998029832,9.78990827461978,0.494537096754723,0.271512411796478,9.00312960008892,0.427,0,1000,direct,Smilisca_dentata,False,False,,,
1564,4778,Xenophrys_takensis,Tak Horned Toad,Anura,Megophryidae,EN,3.74642499590621,5.37765279055039,7.42833571382658,9.38133851139353,0.483814689520647,0.285888691711068,8.25713284200717,0.418,0,1000,GBIF_accepted,Megophrys_takensis,False,False,,,
1565,4605,Hyalinobatrachium_orocostale,,Anura,Centrolenidae,EN,3.74631571743916,2.68767309572518,7.6215165237407,3.8229328213311,0.484957086803608,0.283680882855058,7.2825603019269,0.3,0,1000,direct,Hyalinobatrachium_orocostale,False,False,,,
1567,4614,Atelopus_exiguus,,Anura,Bufonidae,EN,3.74291302227792,2.84553039531198,7.60984185514293,4.66053586708414,0.490481686609364,0.288657419963423,1.78289553725765,0.324,0,1000,direct,Atelopus_exiguus,False,False,,,
1569,4728,Platymantis_panayensis,Panay Forest Frog,Anura,Ceratobatrachidae,EN,3.73634673126024,5.63494990392038,7.483815421432,10.7062742172437,0.50173521190336,0.279715481144024,8.95012963534947,0.424,0,1000,direct,Platymantis_panayensis,False,False,,,
1572,4447,Phlyctimantis_keithae,,Anura,Hyperoliidae,EN,3.72823590537213,4.81485821613343,7.83910166908241,9.12261714860163,0.486736851108714,0.268123811697535,8.98966699996923,0.423,0,1000,GBIF_iucn_link,Phlyctimantis_keithae,False,False,,,
1573,4675,Physalaemus_rupestris,Ibitipoca Dwarf Frog,Anura,Leptodactylidae,EN,3.72785539482171,5.51565284313604,7.54906945148608,11.1458318562692,0.490890241210987,0.288717311716605,9.58379142238918,0.428,0,1000,direct,Physalaemus_rupestris,False,False,,,
1578,4005,Anomaloglossus_praderioi,,Anura,Dendrobatidae,EN,3.70600549273849,3.52822934795262,8.46288364427791,6.56941676819864,0.48154342133153,0.277187477817372,6.82744275293093,0.445,0,1000,direct,Anomaloglossus_praderioi,False,False,,,
1580,4910,Bromeliohyla_dendroscarta,Greater Bromeliad Treefrog,Anura,Hylidae,EN,3.70234506650132,5.70340780802555,7.2746307963785,11.0820947532586,0.49462695674353,0.272796795817003,8.96778184931481,0.419,0,1000,direct,Bromeliohyla_dendroscarta,False,False,,,
1581,4793,Raorchestes_johnceei,,Anura,Rhacophoridae,EN,3.69843858314668,4.55046210844165,7.40727272853196,7.88968290419456,0.478835414125139,0.285206143718199,7.36458463137534,0.373,0,1000,direct,Raorchestes_johnceei,False,False,,,
1584,4770,Raorchestes_manohari,,Anura,Rhacophoridae,EN,3.69422729673903,4.87344682276566,7.43458397124623,8.90520770736997,0.479457057607838,0.287395257202238,7.22308179633129,0.399,0,1000,direct,Raorchestes_manohari,False,False,,,
1585,4714,Xenophrys_tuberogranulatus,Tianzishan Horned Toad,Anura,Megophryidae,EN,3.68795242109914,5.38908238215031,7.5061298806778,9.80632414301916,0.482468420228913,0.282743725270827,9.17086385413961,0.419,0,1000,GBIF_accepted,Megophrys_tuberogranulata,False,False,,,
1586,4383,Anomaloglossus_roraima,,Anura,Dendrobatidae,EN,3.68495378889112,3.07118547574834,7.92677911404281,5.05142651287229,0.482904011072377,0.278646459142314,5.72714401758903,0.351,0,1000,direct,Anomaloglossus_roraima,False,False,,,
1587,4880,Albericus_gudrunae,,Anura,Microhylidae,EN,3.67980322982726,4.89143418347531,7.31279386406102,9.80597001908189,0.499655011397895,0.268825602965543,8.45706769042612,0.41,0,1000,GBIF_accepted,Choerophryne_gudrunae,False,False,,,
1590,4692,Ramanella_palmata,Half-webbed Pug-snout Frog,Anura,Microhylidae,EN,3.66195779083752,5.40797205266903,7.53327853714264,9.69369551868531,0.498493688280834,0.271981533774308,8.56381608333743,0.403,0,1000,GBIF_accepted,Uperodon_palmatus,False,False,,,
1592,4848,Ophryophryne_gerti,Gert's Mountain Toad,Anura,Megophryidae,EN,3.65662401133067,4.65621457372892,7.34456604670445,9.73198236758555,0.483814689520647,0.284455974743241,8.70702772003717,0.396,0,1000,GBIF_accepted,Megophrys_gerti,False,False,,,
1593,4691,Pristimantis_actinolaimus,,Anura,Strabomantidae,EN,3.65019352705599,5.03829450280959,7.5349861678623,9.29316313185732,0.482744185483296,0.288006928751521,6.65707227517961,0.42,0,1000,direct,Pristimantis_actinolaimus,False,False,,,
1594,4959,Pelophylax_tenggerensis,,Anura,Ranidae,EN,3.64958015132479,6.41949379962586,7.22241782247202,13.1120613351565,0.494762195527827,0.28307096204181,9.50168654708039,0.43,0,1000,direct,Pelophylax_tenggerensis,False,False,,,
1595,4971,Pristimantis_bacchus,Wine Robber Frog,Anura,Strabomantidae,EN,3.64477573822626,5.01169691399835,7.20401509256012,9.50573463642904,0.47788403338645,0.288777696637929,7.72491630123052,0.397,0,1000,direct,Pristimantis_bacchus,False,False,,,
1596,4724,Pristimantis_inusitatus,Barking Robber Frog,Anura,Strabomantidae,EN,3.64358373723478,3.43845011494104,7.48732945409726,5.96408457272787,0.473166815814561,0.287314354414708,5.94702977091743,0.361,0,1000,direct,Pristimantis_inusitatus,False,False,,,
1597,4892,Pristimantis_serendipitus,,Anura,Strabomantidae,EN,3.64147383374394,4.67548047095977,7.29360473273866,9.35404450974954,0.484767787313741,0.28700911319604,8.51584956658821,0.401,0,1000,direct,Pristimantis_serendipitus,False,False,,,
1599,4733,Pristimantis_repens,Galeras Robber Frog,Anura,Strabomantidae,EN,3.63206586475581,4.3571457446051,7.47761542487249,8.75059221885575,0.47606839871576,0.279485903862145,7.23733303107376,0.393,0,1000,direct,Pristimantis_repens,False,False,,,
1602,5084,Pristimantis_batrachites,,Anura,Strabomantidae,EN,3.62129316450805,4.32481293959364,7.06119649359858,8.674965811301,0.487060542764019,0.289920752856837,5.91329240689474,0.371,0,1000,direct,Pristimantis_batrachites,False,False,,,
1603,4643,Kassina_jozani,,Anura,Hyperoliidae,EN,3.61792567774412,4.42320514925165,7.56991526083208,8.49314969259366,0.486736851108714,0.265615111865253,8.34961856257957,0.383,0,1000,direct,Kassina_jozani,False,False,,,
1604,4955,Pristimantis_parectatus,,Anura,Strabomantidae,EN,3.61542506763135,5.30733524581965,7.22591411613599,9.93843399214323,0.470234465692015,0.28953824353475,7.58069686317993,0.414,0,1000,direct,Pristimantis_parectatus,False,False,,,
1612,4789,Megaelosia_boticariana,,Anura,Hylodidae,EN,3.60101817992151,4.958210858741,7.41091932626883,8.97379245767184,0.50403894657111,0.291105109579149,7.75490999196608,0.404,0,1000,GBIF_iucn_link,Megaelosia_boticariana,False,False,,,
1613,4746,Arthroleptis_bioko,Bioko Squeaker Frog,Anura,Arthroleptidae,EN,3.59994646690584,2.72591424058816,7.4659421110488,4.59730763637278,0.489263638850027,0.278551903489237,5.9645065325831,0.311,0,1000,direct,Arthroleptis_bioko,False,False,,,
1616,4987,Leptodactylus_peritoaktites,Coastal Ecuador Smoky Jungle Frog,Anura,Leptodactylidae,EN,3.58542580909162,5.03435339386838,7.17978539925904,9.1616286932176,0.490183656289765,0.285986471324837,8.85248690084561,0.396,0,1000,direct,Leptodactylus_peritoaktites,False,False,,,
1618,4750,Pristimantis_metabates,,Anura,Strabomantidae,EN,3.58393144822176,4.78947366850224,7.4593114500094,8.86764772240855,0.472397014874066,0.279662648748607,7.5898309530898,0.385,0,1000,direct,Pristimantis_metabates,False,False,,,
1624,5010,Pristimantis_ornatissimus,Ornate Rainfrog,Anura,Strabomantidae,EN,3.55647858631959,4.08230920047501,7.15750903233456,6.98230601452249,0.484767787313741,0.290716362164916,6.39733879583567,0.374,0,1000,direct,Pristimantis_ornatissimus,False,False,,,
1625,4472,Anomaloglossus_beebei,Beebe's Rocket Frog,Anura,Dendrobatidae,EN,3.55605639578314,3.16497565760734,7.80949960998651,5.59993957540612,0.482213169737514,0.279520461905162,5.45001320978005,0.356,0,1000,direct,Anomaloglossus_beebei,False,False,,,
1626,5009,Megaelosia_massarti,,Anura,Hylodidae,EN,3.55596880545368,4.6931574928842,7.15806545928594,9.21650935277744,0.502403925870179,0.290892763475542,7.76725825511978,0.392,0,1000,GBIF_iucn_link,Megaelosia_massarti,False,False,,,
1627,4945,Pristimantis_carlossanchezi,,Anura,Strabomantidae,EN,3.55460287256662,4.35335650587349,7.23812767823618,7.9495091078101,0.475126498256118,0.290195675994627,7.46415435992033,0.379,0,1000,direct,Pristimantis_carlossanchezi,False,False,,,
1628,4898,Mertensophryne_howelli,,Anura,Bufonidae,EN,3.55374980783898,4.52527441552937,7.28778901617615,9.2559623536028,0.491029620967453,0.290766754880189,7.37354033116026,0.414,0,1000,direct,Mertensophryne_howelli,False,False,,,
1629,4792,Pristimantis_lentiginosus,Guacharaquita Robber Frog,Anura,Strabomantidae,EN,3.55230986597793,4.7901314487818,7.40852292953327,8.9989578513152,0.490923304970424,0.279845532046255,7.6014360994006,0.414,0,1000,GBIF_accepted,Tachiramantis_lentiginosus,False,False,,,
1630,5090,Dendropsophus_yaracuyanus,Sierra de Aroa Treefrog,Anura,Hylidae,EN,3.55214726664617,4.77924438542568,7.05586135680957,9.3622428545477,0.482407264221011,0.273384227255438,8.75228417949151,0.393,0,1000,direct,Dendropsophus_yaracuyanus,False,False,,,
1632,5080,Leptopelis_parkeri,,Anura,Arthroleptidae,EN,3.54235333886998,4.87701471300594,7.06421816243578,9.64749190950058,0.482327791614203,0.282370453626216,8.63354116168706,0.415,0,1000,direct,Leptopelis_parkeri,False,False,,,
1634,5044,Leptopelis_xenodactylus,Long-toed Tree Frog,Anura,Arthroleptidae,EN,3.5375896614193,5.15164691784761,7.11842051317831,9.36252927571642,0.482327791614203,0.283749164023928,9.09871699043269,0.392,0,1000,direct,Leptopelis_xenodactylus,False,False,,,
1635,4454,Pristimantis_surdus,Cloud Forest Robber Frog,Anura,Strabomantidae,EN,3.53682488964915,3.02804394209365,7.82966722148517,5.40064550025307,0.488234111102023,0.283304978329245,6.28544853418205,0.341,0,1000,direct,Pristimantis_surdus,False,False,,,
1637,5022,Hyperolius_kihangensis,,Anura,Hyperoliidae,EN,3.53036948789871,4.73382164621836,7.13968621529882,9.29803779605212,0.490000404918483,0.276165838367673,8.76987835594737,0.394,0,1000,direct,Hyperolius_kihangensis,False,False,,,
1647,4883,Leptopelis_susanae,Susana's Forest Treefrog,Anura,Arthroleptidae,EN,3.49428944654156,5.17569964535412,7.30699302997097,9.88554604503378,0.486207987129446,0.281093695747637,9.30538894252332,0.398,0,1000,direct,Leptopelis_susanae,False,False,,,
1649,4493,Scinax_jolyi,Joly’s Snouted Treefrog,Anura,Hylidae,EN,3.49127418068814,3.0076938705652,7.78236443406945,5.41892645409141,0.488333900787813,0.271287289058646,7.22884071333383,0.335,0,1000,direct,Scinax_jolyi,False,False,,,
1657,4918,Pristimantis_incanus,Rio Azuela Robber Frog,Anura,Strabomantidae,EN,3.47353851700424,4.89762927263715,7.26293590001085,9.07844360766453,0.487060542764019,0.289920752856837,7.5126584738366,0.385,0,1000,direct,Pristimantis_incanus,False,False,,,
1659,5142,Amolops_minutus,,Anura,Ranidae,EN,3.46985155060071,5.06590228939524,6.99348622245661,10.003717487055,0.497076692493722,0.297208655101213,8.10789046840282,0.39,0,1000,direct,Amolops_minutus,False,False,,,
1660,5148,Phyllodytes_gyrinaethes,,Anura,Hylidae,EN,3.46879182862877,5.17366798447859,6.98758196699018,9.05767309840147,0.496319553878475,0.269601527346127,8.43711628301617,0.392,0,1000,direct,Phyllodytes_gyrinaethes,False,False,,,
1661,5112,Hyperolius_leleupi,Luvubu Reed Frog,Anura,Hyperoliidae,EN,3.46160865889591,5.25704975793601,7.02058607513267,10.0176203553099,0.489298725607373,0.278400794456661,8.80172275042072,0.392,0,1000,direct,Hyperolius_leleupi,False,False,,,
1662,5053,Pristimantis_sirnigeli,,Anura,Strabomantidae,EN,3.45844696305595,4.83847357613104,7.11109172657745,9.04970206557076,0.486482824829846,0.291527237387407,7.36213314593353,0.37,0,1000,direct,Pristimantis_sirnigeli,False,False,,,
1664,5296,Hyperolius_nimbae,Mount Nimba Reed Frog,Anura,Hyperoliidae,EN,3.4543443335173,5.29500104795046,6.776091008389,10.3400610389373,0.489819036257043,0.271864003488258,8.53511862148028,0.389,0,1000,direct,Hyperolius_nimbae,False,False,,,
1667,5019,Pristimantis_lasalleorum,,Anura,Strabomantidae,EN,3.45123510538246,5.08533058084925,7.14301257834569,9.49918795398012,0.484646553080248,0.287561615247884,7.01763521522001,0.384,0,1000,direct,Pristimantis_lasalleorum,False,False,,,
1672,4836,Pristimantis_ptochus,,Anura,Strabomantidae,EN,3.43294485237099,3.1150964924234,7.36018582672864,5.95723483272377,0.473166815814561,0.279499294822218,6.50760585830459,0.344,0,1000,direct,Pristimantis_ptochus,False,False,,,
1675,4889,Pristimantis_aemulatus,,Anura,Strabomantidae,EN,3.43154333671696,4.76729484301725,7.29720522644801,9.59707422452034,0.473756760775691,0.28262091068287,7.26150317029101,0.397,0,1000,direct,Pristimantis_aemulatus,False,False,,,
1678,5172,Astylosternus_schioetzi,Apouh Night Frog,Anura,Arthroleptidae,EN,3.42969278817668,2.70329698278868,6.95269611322116,4.37837800341533,0.489702867340526,0.279318499659003,6.68117459989668,0.268,0,1000,direct,Astylosternus_schioetzi,False,False,,,
1679,4990,Limnonectes_ferneri,,Anura,Dicroglossidae,EN,3.42883450665408,4.09475589778993,7.17866739452795,7.21186397771299,0.496921535740819,0.29139561421801,7.62852685599668,0.369,0,1000,direct,Limnonectes_ferneri,False,False,,,
1682,4706,Pristimantis_devillei,DeVille's Robber Frog,Anura,Strabomantidae,EN,3.42306985004553,3.18517410571728,7.51436110857724,5.76371262326699,0.488234111102023,0.281348543730797,5.25632170702949,0.329,0,1000,direct,Pristimantis_devillei,False,False,,,
1684,5075,Pristimantis_pardalinus,,Anura,Strabomantidae,EN,3.41935440705326,4.27597670267532,7.0679905820269,7.73501761564871,0.469225928046922,0.287579422409202,7.7880110159173,0.364,0,1000,direct,Pristimantis_pardalinus,False,False,,,
1687,5292,Pristimantis_delicatus,,Anura,Strabomantidae,EN,3.40768982084754,5.22669593039644,6.78125482831371,9.64564620563637,0.47788403338645,0.289273175540256,8.2848814277373,0.388,0,1000,GBIF_iucn_link,Pristimantis_delicatus,False,False,,,
1689,5008,Dendropsophus_dutrai,,Anura,Hylidae,EN,3.40299724908367,4.89648180467206,7.15839740888755,9.82928097231021,0.483803430232446,0.273474287393586,8.55562273490522,0.391,0,1000,direct,Dendropsophus_dutrai,False,False,,,
1691,5071,Pristimantis_colostichos,Los Conejos Short-banded Paramo Frog,Anura,Strabomantidae,EN,3.40069288894473,4.83453079601375,7.07320604793312,9.71674121869444,0.490923304970424,0.279426890457405,6.83642624135258,0.381,0,1000,direct,Pristimantis_colostichos,False,False,,,
1693,5255,Scinax_cabralensis,,Anura,Hylidae,EN,3.39311931800548,4.44181610135541,6.82365389383142,8.34938491361325,0.486846227083157,0.271906132406463,8.69077142037989,0.357,0,1000,direct,Scinax_cabralensis,False,False,,,
1709,5261,Phyllodytes_punctatus,,Anura,Hylidae,EN,3.35054648788646,4.5401526353697,6.81450356574502,8.7916478435944,0.49314630222302,0.270174046635357,7.94719746966404,0.375,0,1000,direct,Phyllodytes_punctatus,False,False,,,
1711,5438,Scutiger_jiulongensis,,Anura,Megophryidae,EN,3.34580320617827,4.41140300296358,6.5843043212823,8.77491026665724,0.488139597624705,0.285439641706896,7.96476390306076,0.37,0,1000,direct,Scutiger_jiulongensis,False,False,,,
1714,5171,Proceratophrys_sanctaritae,,Anura,Odontophrynidae,EN,3.34151820056575,4.42220256157067,6.95628675526492,8.58587823044132,0.493745558122167,0.273143111710953,8.0329746609857,0.368,0,1000,direct,Proceratophrys_sanctaritae,False,False,,,
1715,5217,Hypsiboas_freicanecae,,Anura,Hylidae,EN,3.3405545602653,5.20371271411081,6.87962620338286,10.1820884186372,0.4899722100299,0.287107877833492,8.57179770512314,0.392,0,1000,GBIF_accepted,Boana_freicanecae,False,False,,,
1716,5270,Pristimantis_viridis,,Anura,Strabomantidae,EN,3.33977214270561,4.24745488159048,6.80006461603441,7.94029130392739,0.488647395703453,0.275275129605648,6.82871926750633,0.364,0,1000,direct,Pristimantis_viridis,False,False,,,
1718,5339,Megophrys_oropedion,Shyllong Horned Toad,Anura,Megophryidae,EN,3.33771459472757,3.81654637959421,6.71745082920359,7.69627398106296,0.48324233593914,0.282743725270827,6.87243236929141,0.359,0,1000,direct,Megophrys_oropedion,False,False,,,
1720,5377,Hyperolius_pickersgilli,Pickersgill's Reed Frog,Anura,Hyperoliidae,EN,3.32763338383249,4.63382200767171,6.66559204777505,9.13509448930325,0.493675713406827,0.273499241712198,8.16418140581366,0.355,0,1000,direct,Hyperolius_pickersgilli,False,False,,,
1725,5469,Pristimantis_acutirostris,Sharpsnout Robber Frog,Anura,Strabomantidae,EN,3.30933389064562,5.13155304497356,6.5448916949124,9.4573856432481,0.47788403338645,0.289273175540256,7.53329701004871,0.374,0,1000,direct,Pristimantis_acutirostris,False,False,,,
1726,5336,Pristimantis_scoloblepharus,Los Patos Robber Frog,Anura,Strabomantidae,EN,3.30239839174474,4.28443286975911,6.71900787483917,7.47071750633346,0.482931238841231,0.280054619880837,7.23588587066229,0.342,0,1000,direct,Pristimantis_scoloblepharus,False,False,,,
1730,5138,Pristimantis_phalarus,,Anura,Strabomantidae,EN,3.29604860390808,3.96376949248105,7.0000869884626,7.40391473027294,0.468062593213473,0.287579422409202,7.14874752789337,0.34,0,1000,direct,Pristimantis_phalarus,False,False,,,
1734,5257,Melanophryniscus_macrogranulosus,Torres Redbelly Toad,Anura,Bufonidae,EN,3.29079463634752,4.1937898414577,6.82211340331102,7.88117457801995,0.501227380278383,0.27321131133581,7.05317787259521,0.328,0,1000,direct,Melanophryniscus_macrogranulosus,False,False,,,
1739,5492,Scinax_insperatus,,Anura,Hylidae,EN,3.26262380366458,4.47336067650788,6.51285907231701,9.17526932178051,0.487521580468576,0.271359352697232,8.39748596966586,0.37,0,1000,GBIF_accepted,Ololygon_insperata,False,False,,,
1743,5509,Telmatobius_culeus,Titicaca Water Frog,Anura,Telmatobiidae,EN,3.25729899439746,2.88040224835381,6.49454890661771,5.52608039027662,0.492109714050523,0.293492498727606,5.25842147232242,0.273,0,1000,direct,Telmatobius_culeus,False,False,,,
1744,5507,Pristimantis_minimus,,Anura,Strabomantidae,EN,3.25703352662457,4.15568834174827,6.49478799722229,8.08209783647259,0.488566794250137,0.287689751762606,6.85334365211798,0.361,0,1000,direct,Pristimantis_minimus,False,False,,,
1746,5363,Pristimantis_wagteri,,Anura,Strabomantidae,EN,3.25291862055854,3.94598602794826,6.69031618165605,8.04471708189981,0.476972310302321,0.290195675994627,7.25900575487042,0.343,0,1000,direct,Pristimantis_wagteri,False,False,,,
1752,5439,Polypedates_ranwellai,Ranwella's Spined Tree Frog,Anura,Rhacophoridae,EN,3.24318470557564,3.83119270540407,6.58366086063223,7.44226083199504,0.487266487211265,0.282631035165383,7.62740678436517,0.325,0,1000,direct,Polypedates_ranwellai,False,False,,,
1756,5291,Pristimantis_helvolus,,Anura,Strabomantidae,EN,3.22937721634218,4.0213659271872,6.78127271807195,7.72718405895321,0.485585094394967,0.287561615247884,6.3961018319438,0.353,0,1000,direct,Pristimantis_helvolus,False,False,,,
1769,5427,Pseudoeurycea_amuzga,Sierra de Malinaltepec Salamander,Caudata,Plethodontidae,EN,3.18460477849736,3.0719977657326,6.60278272958226,5.54650611429701,0.496280021924162,0.28983153350466,3.78141246669576,0.281,0,1000,direct,Pseudoeurycea_amuzga,False,False,,,
1772,5355,Pristimantis_yumbo,,Anura,Strabomantidae,EN,3.18064293654767,3.76020026580315,6.69414193849974,7.15499718841406,0.473478019482566,0.279662648748607,5.91442045575166,0.327,0,1000,direct,Pristimantis_yumbo,False,False,,,
1775,5616,Philautus_cardamonus,,Anura,Rhacophoridae,EN,3.17330361879856,4.84157405211071,6.34425954714532,8.98615512974422,0.485799540234085,0.287190716480683,6.93633578474662,0.354,0,1000,direct,Philautus_cardamonus,False,False,,,
1780,5474,Amietophrynus_taiensis,Tai Toad,Anura,Bufonidae,EN,3.15748313797758,4.30977947583376,6.53557347324152,8.30203649776474,0.484977084836861,0.286653683544988,6.70958998261818,0.35,0,1000,GBIF_accepted,Sclerophrys_taiensis,False,False,,,
1781,5605,Rhinella_chavin,,Anura,Bufonidae,EN,3.1567185941215,3.14884221091719,6.36182361267518,5.59375941744502,0.491705923218939,0.275546603745673,4.94466922886518,0.264,0,1000,direct,Rhinella_chavin,False,False,,,
1782,5482,Scinax_heyeri,Heyer's Snouted Treefrog,Anura,Hylidae,EN,3.1559708435709,4.70891155385349,6.53042826270705,9.32317619502669,0.486846227083157,0.271235064996952,7.78606956530208,0.359,0,1000,GBIF_accepted,Ololygon_heyeri,False,False,,,
1783,5601,Bolitoglossa_pacaya,,Caudata,Plethodontidae,EN,3.15411530387214,2.89445129496237,6.36472877078082,5.39969236799039,0.48827621356993,0.29387840371901,4.70018615566839,0.262,0,1000,direct,Bolitoglossa_pacaya,False,False,,,
1785,5494,Telmatobius_gigas,,Anura,Telmatobiidae,EN,3.15248614403823,3.0782792479625,6.50954316666292,5.51459710682929,0.492109714050523,0.292747710491631,5.23503828330297,0.268,0,1000,direct,Telmatobius_gigas,False,False,,,
1786,5307,Hyperolius_leucotaenius,White-striped Reed Frog,Anura,Hyperoliidae,EN,3.15175056348259,4.5949267928822,6.75876406486739,8.51522305841637,0.492177154066678,0.277196610408498,7.74454810273597,0.36,0,1000,direct,Hyperolius_leucotaenius,False,False,,,
1787,5478,Pristimantis_alalocophus,Quindio Robber Frog,Anura,Strabomantidae,EN,3.14803041513336,4.10054796132592,6.53372892290009,7.87282984560891,0.471068159800708,0.289042764632423,6.01879018767936,0.329,0,1000,direct,Pristimantis_alalocophus,False,False,,,
1788,5556,Hypsiboas_liliae,,Anura,Hylidae,EN,3.14285363782659,5.24065843769336,6.4279948628581,10.6698474500688,0.49711099405877,0.290826148958591,8.35388629678708,0.382,0,1000,GBIF_accepted,Myersiohyla_liliae,False,False,,,
1789,5467,Pristimantis_gagliardoi,,Anura,Strabomantidae,EN,3.14269771307227,4.48511612925818,6.54836597820494,8.99185382157546,0.486731325124605,0.283072035043054,6.00192828795651,0.373,0,1000,direct,Pristimantis_gagliardoi,False,False,,,
1791,5522,Pristimantis_leucopus,,Anura,Strabomantidae,EN,3.13644489944987,3.56032802185666,6.47425834936177,6.40496142261222,0.473756760775691,0.288236854869079,5.45581980120752,0.296,0,1000,direct,Pristimantis_leucopus,False,False,,,
1801,5528,Pristimantis_vanadisae,,Anura,Strabomantidae,EN,3.11323061279421,3.88324337836574,6.47124240947929,7.54700268387731,0.484767787313741,0.289459953472584,6.11208853199585,0.333,0,1000,GBIF_accepted,Pristimantis_vanadise,False,False,,,
1814,5787,Hyperolius_dintelmanni,,Anura,Hyperoliidae,EN,3.06253915788915,4.47122096186198,6.05073017045712,8.93536756286397,0.489819036257043,0.273797265372069,6.90372743296652,0.349,0,1000,direct,Hyperolius_dintelmanni,False,False,,,
1816,5624,Pristimantis_balionotus,Speckled Rain Frog,Anura,Strabomantidae,EN,3.05918658772654,3.56274748997733,6.3283220876708,7.81311604460788,0.473166815814561,0.279581455778678,6.53967345651166,0.329,0,1000,direct,Pristimantis_balionotus,False,False,,,
1822,5660,Hyla_melacaena,,Anura,Hylidae,EN,3.04978576533598,4.20294033703528,6.25530628067137,7.84501915628257,0.491423868908558,0.269471547033511,7.56317130530573,0.338,0,1000,GBIF_accepted,Bromeliohyla_melacaena,False,False,,,
1827,5776,Mannophryne_trujillensis,Trujillo Collared Frog,Anura,Dendrobatidae,EN,3.03761566515839,4.01137376332595,6.0656469756216,7.53680241056271,0.48154342133153,0.271335520071956,6.53943890871742,0.322,0,1000,direct,Mannophryne_trujillensis,False,False,,,
1828,5669,Dendropsophus_studerae,,Anura,Hylidae,EN,3.03429744353799,4.24150284492451,6.24166842742735,8.31125804961889,0.494916767722451,0.281408463569273,7.78877864738878,0.339,0,1000,direct,Dendropsophus_studerae,False,False,,,
1837,5705,Pristimantis_pastazensis,Pastaza Valley Robber Frog,Anura,Strabomantidae,EN,3.01941641914905,4.46071491228944,6.17602934515397,9.15565960667817,0.47606839871576,0.280309040623121,6.58001955785283,0.337,0,1000,direct,Pristimantis_pastazensis,False,False,,,
1840,5683,Pristimantis_ortizi,,Anura,Strabomantidae,EN,3.01769998329178,4.55712832582535,6.22627957672215,8.70594839118643,0.490063814883996,0.280236998302115,6.18578304692799,0.341,0,1000,direct,Pristimantis_ortizi,False,False,,,
1845,6025,Melanophryniscus_vilavelhensis,,Anura,Bufonidae,EN,3.00545596587982,5.21448569785052,5.6823536558408,9.90624310003128,0.502628324176682,0.274168004482481,5.77017743679007,0.354,0,1000,direct,Melanophryniscus_vilavelhensis,False,False,,,
1849,5688,Andinobates_daleswansoni,,Anura,Dendrobatidae,EN,2.99504455579494,3.18020276794668,6.21225801329344,5.65006544271089,0.471502642023012,0.285659657281705,4.4495262950476,0.262,0,1000,direct,Andinobates_daleswansoni,False,False,,,
1850,5615,Pristimantis_cordovae,,Anura,Strabomantidae,EN,2.99438884481655,5.88552816031399,6.34475863824518,11.4859521226034,0.477539079420862,0.279686582679197,7.34753900312135,0.376,0,1000,direct,Pristimantis_cordovae,False,False,,,
1855,6021,Scutiger_pingwuensis,,Anura,Megophryidae,EN,2.98953960887955,3.94345829218554,5.68810210640371,7.53433285259913,0.487208713228287,0.279964755005644,6.57264141479312,0.307,0,1000,direct,Scutiger_pingwuensis,False,False,,,
1858,5854,Hyperolius_rubrovermiculatus,,Anura,Hyperoliidae,EN,2.98289774731209,4.18679641941946,5.95411401029899,8.44426482885801,0.490000404918483,0.27139990191949,7.11488643289804,0.326,0,1000,direct,Hyperolius_rubrovermiculatus,False,False,,,
1859,5758,Uperoleia_daviesae,Howard River Toadlet,Anura,Myobatrachidae,EN,2.98028417120136,4.51385101886686,6.09506190466281,8.86749014081054,0.47058919527711,0.289500503902686,7.85574943022484,0.345,0,1000,direct,Uperoleia_daviesae,False,False,,,
1862,5782,Hyalinobatrachium_esmeralda,,Anura,Centrolenidae,EN,2.97798765213679,3.37947203926593,6.05645827810529,6.68405501956978,0.487029024104238,0.28333583914207,6.7435812163186,0.29,0,1000,direct,Hyalinobatrachium_esmeralda,False,False,,,
1865,5836,Pristimantis_bellona,Murri Robber Frog,Anura,Strabomantidae,EN,2.97582197361186,4.41606026745278,5.9823894613028,8.76886110089812,0.488670182987714,0.277476639238299,6.4182525409565,0.328,0,1000,direct,Pristimantis_bellona,False,False,,,
1867,5847,Hyalinobatrachium_guairarepanense,El Ávila Glass Frog,Anura,Centrolenidae,EN,2.97232773041196,3.72920978675901,5.96647402709797,6.96422210367849,0.485787927334518,0.282344885434967,6.92182352315675,0.285,0,1000,direct,Hyalinobatrachium_guairarepanense,False,False,,,
1868,5681,Oedipina_motaguae,Motagua Worm Salamander,Caudata,Plethodontidae,EN,2.9698994547273,4.58734405384741,6.22738511572386,8.34164684407925,0.476595696441385,0.292348041989528,4.65166350701225,0.329,0,1000,direct,Oedipina_motaguae,False,False,,,
1873,5739,Proceratophrys_bagnoi,,Anura,Odontophrynidae,EN,2.9609419915376,3.99604471169826,6.13360152106132,8.14766619829053,0.497316925356789,0.272578089251908,7.09676257708507,0.33,0,1000,direct,Proceratophrys_bagnoi,False,False,,,
1874,5767,Nectophrynoides_vestergaardi,Vestergaard's Forest Toad,Anura,Bufonidae,EN,2.95895299997306,3.38394479043449,6.08140399956552,6.10069267751792,0.488034627054486,0.271177662356293,4.67016681463997,0.276,0,1000,direct,Nectophrynoides_vestergaardi,False,False,,,
1885,5846,Xenophrys_caudoprocta,Convex-tailed Horned Toad,Anura,Megophryidae,EN,2.93991797635112,4.86041201130147,5.97046418602373,9.53147499268072,0.484269763851212,0.285701569722774,8.39166925084916,0.346,0,1000,GBIF_accepted,Megophrys_caudoprocta,False,False,,,
1886,5984,Limnonectes_nitidus,Tanah Rata Wart Frog,Anura,Dicroglossidae,EN,2.93975326800996,4.42364752939474,5.74161911720456,8.23793588524312,0.493608574443862,0.289595557220984,7.07830238667916,0.322,0,1000,direct,Limnonectes_nitidus,False,False,,,
1894,5944,Melanophryniscus_spectabilis,,Anura,Bufonidae,EN,2.91593876879044,4.6862966882935,5.81209514281019,9.49597732684742,0.502628324176682,0.273743179828484,6.57046460263469,0.35,0,1000,direct,Melanophryniscus_spectabilis,False,False,,,
1911,5901,Fejervarya_sengupti,Sengupta's Frog,Anura,Dicroglossidae,EN,2.8894600889304,4.37875141289123,5.87639047795227,7.86853694601864,0.497076692493722,0.294907467903101,7.28859713030601,0.32,0,1000,GBIF_accepted,Minervarya_sengupti,False,False,,,
1914,5913,Oedipina_salvadorensis,,Caudata,Plethodontidae,EN,2.88588804085466,3.43732805294141,5.85748814449407,5.90531143131775,0.477475144029207,0.293847870705823,4.76897133072814,0.256,0,1000,direct,Oedipina_salvadorensis,False,False,,,
1922,5970,Ingerophrynus_kumquat,,Anura,Bufonidae,EN,2.86804905172833,3.78850831781419,5.76631007712073,7.47886187460485,0.488202543034757,0.274164041160334,6.11244000214756,0.304,0,1000,direct,Ingerophrynus_kumquat,False,False,,,
1928,5879,Pristimantis_grandiceps,Giant Robber Frog,Anura,Strabomantidae,EN,2.85969921112043,3.44872596322929,5.90826689714296,6.27538222421657,0.491675603847434,0.279652785325784,5.87553467997222,0.275,0,1000,direct,Pristimantis_grandiceps,False,False,,,
1930,6150,Pristimantis_hybotragus,Agua Bonita Robber Frog,Anura,Strabomantidae,EN,2.85127996696599,4.81236000015925,5.41683408570357,9.50521211996016,0.490923304970424,0.279652785325784,6.17365321655273,0.346,0,1000,direct,Pristimantis_hybotragus,False,False,,,
1934,5899,Nectophrynoides_cryptus,,Anura,Bufonidae,EN,2.84435506856028,3.17334601624378,5.87886441123641,6.19817147319993,0.488034627054486,0.271233380676531,4.18581553733408,0.276,0,1000,direct,Nectophrynoides_cryptus,False,False,,,
1939,5906,Pristimantis_apiculatus,La Planada Robber Frog,Anura,Strabomantidae,EN,2.83705542483428,3.84608335896698,5.86619759144473,7.23205393504048,0.483326770735004,0.289176310165829,5.77472367484354,0.287,0,1000,direct,Pristimantis_apiculatus,False,False,,,
1953,5978,Pristimantis_degener,Orange Robber Frog,Anura,Strabomantidae,EN,2.81047635821298,3.51644335906153,5.75870098836476,6.40477527422973,0.491675603847434,0.279652785325784,5.34336931294935,0.269,0,1000,direct,Pristimantis_degener,False,False,,,
1960,6074,Megophrys_megacephala,Big Headed Horned Frog,Anura,Megophryidae,EN,2.79145899710467,4.06059723375666,5.59826695169175,7.72558594829,0.482468420228913,0.282595570156337,6.23998168388823,0.3,0,1000,direct,Megophrys_megacephala,False,False,,,
1961,6124,Hypsiboas_secedens,Barro Branco Treefrog,Anura,Hylidae,EN,2.79056689532306,4.16700669326026,5.48092639973491,8.04325466912644,0.493025181414307,0.286357037408742,7.25781197357927,0.296,0,1000,GBIF_accepted,Boana_secedens,False,False,,,
1966,6145,Pristimantis_loustes,Maldonado Robber Frog,Anura,Strabomantidae,EN,2.77937637269642,3.71036372239904,5.43905790557513,6.86051439688899,0.490063814883996,0.280318965651858,5.58692732489489,0.27,0,1000,direct,Pristimantis_loustes,False,False,,,
1968,5961,Scinax_belloni,,Anura,Hylidae,EN,2.77654894927777,4.25735527831635,5.78770750374769,8.85426073400701,0.488333900787813,0.271495493395236,7.66314715975873,0.328,0,1000,GBIF_accepted,Ololygon_belloni,False,False,,,
1973,5973,Megophrys_vegrandis,,Anura,Megophryidae,EN,2.76675168734957,3.48466871119815,5.76287907741582,7.05590061044243,0.482468420228913,0.283319255519459,5.98902933268038,0.28,0,1000,direct,Megophrys_vegrandis,False,False,,,
1975,5841,Scinax_caldarum,Caldas Snouted Treefrog,Anura,Hylidae,EN,2.76204223447962,4.69192595187547,5.97599996378312,8.84158128544886,0.489182560393789,0.26852284553012,7.46746467209936,0.325,0,1000,direct,Scinax_caldarum,False,False,,,
1979,5927,Oreolalax_puxiongensis,,Anura,Megophryidae,EN,2.75945100206365,4.34388580135828,5.84082959150499,8.69862771399538,0.487208713228287,0.2794247046925,7.12701102656606,0.327,0,1000,direct,Oreolalax_puxiongensis,False,False,,,
1986,6167,Amolops_medogensis,,Anura,Ranidae,EN,2.74810037327296,5.05242016893559,5.38554583503422,9.47250841919898,0.497307899702545,0.297347808974386,6.91564690611224,0.32,0,1000,direct,Amolops_medogensis,False,False,,,
1990,5997,Elachistocleis_erythrogaster,,Anura,Microhylidae,EN,2.74498149292324,4.70081924605041,5.72144158880459,8.91805537284319,0.481273530837235,0.28258551491544,7.78708043879764,0.33,0,1000,direct,Elachistocleis_erythrogaster,False,False,,,
1993,6090,Hyperolius_ademetzi,Bamenda Reed Frog,Anura,Hyperoliidae,EN,2.7422741715341,4.22652219830089,5.57743685863231,8.48212088148588,0.490000404918483,0.272550082653421,7.32045847676663,0.31,0,1000,direct,Hyperolius_ademetzi,False,False,,,
1997,6102,Centrolene_gemmatum,,Anura,Centrolenidae,EN,2.7368531568026,4.17334612212794,5.54910127695746,7.9685551182466,0.494694578125788,0.282220582603573,5.42583015372316,0.299,0,1000,GBIF_iucn_link,Centrolene_gemmatum,False,False,,,
2001,6128,Rhinella_gallardoi,,Anura,Bufonidae,EN,2.7332272929778,3.86041673903311,5.46858026480306,7.64217465966656,0.494929850793169,0.274450909272743,7.16685483624579,0.28,0,1000,direct,Rhinella_gallardoi,False,False,,,
2018,6109,Pristimantis_zoilae,,Anura,Strabomantidae,EN,2.69981049365566,4.40486830611475,5.52284102390761,9.02416337725697,0.488234111102023,0.282577256888425,5.57328746597641,0.314,0,1000,direct,Pristimantis_zoilae,False,False,,,
2027,6153,Phrynopus_vestigiatus,,Anura,Strabomantidae,EN,2.678600570243,3.65646290849043,5.41429022438302,6.43012045845677,0.487404728628316,0.274390546433614,5.30502860467492,0.257,0,1000,direct,Phrynopus_vestigiatus,False,False,,,
2067,6101,Odorrana_yentuensis,,Anura,Ranidae,EN,2.60611796946266,3.95991679866121,5.55098145081619,7.11106112286978,0.497307899702545,0.295713058362292,6.42614988430168,0.264,0,1000,direct,Odorrana_yentuensis,False,False,,,
2075,6259,Centrolene_guanacarum,,Anura,Centrolenidae,EN,2.59758540454547,4.34381856674396,5.20011341165892,9.37720023207243,0.495756537497738,0.27352711929131,6.09863921937982,0.322,0,1000,GBIF_iucn_link,Centrolene_guanacarum,False,False,,,
2091,6192,Rhinella_arborescandens,,Anura,Bufonidae,EN,2.57996209914106,3.27549944880496,5.34213821537929,6.10456088993157,0.494929850793169,0.274450909272743,6.03552471693713,0.251,0,1000,direct,Rhinella_arborescandens,False,False,,,
2095,6189,Rhinella_nicefori,Colombian Beaked Toad,Anura,Bufonidae,EN,2.57278557467974,3.60941818577021,5.34868076061881,7.19849983319301,0.496267427551313,0.277151357316011,5.43052141021755,0.27,0,1000,direct,Rhinella_nicefori,False,False,,,
2132,6339,Centrolene_sanchezi,Sanchez's Giant Glass Frog,Anura,Centrolenidae,EN,2.51244992003169,4.4066078698916,5.01108421306627,8.40517883748595,0.494293984180757,0.282421070720276,6.26343341865088,0.305,0,1000,direct,Centrolene_sanchezi,False,False,,,
2144,6231,Dendropsophus_gryllatus,,Anura,Hylidae,EN,2.49483546162775,4.05934820734083,5.26719792499782,8.32198318103994,0.481584072209517,0.273101364073912,6.95018230390821,0.301,0,1000,direct,Dendropsophus_gryllatus,False,False,,,
2184,6314,Epipedobates_darwinwallacei,Darwin Wallace Poison-Frog,Anura,Dendrobatidae,EN,2.4227682908124,3.4023085726427,5.06424573098373,6.51075030322411,0.481056921408359,0.283215831263548,6.39015343785324,0.254,0,1000,direct,Epipedobates_darwinwallacei,False,False,,,
2196,6417,Centrolene_medemi,Medem's Glassfrog,Anura,Centrolenidae,EN,2.41117663827149,3.53289416911336,4.8479406605957,6.72150712190072,0.494694578125788,0.272536602202722,4.95805970392228,0.257,0,1000,direct,Centrolene_medemi,False,False,,,
2291,3571,Liuixalus_ocellatus,,Anura,Rhacophoridae,VU,2.23685902560909,1.22898899857765,9.13270621711806,4.25503810753999,0.246378321381226,0.0758790780424896,4.542324219998,0.495,0,1000,direct,Liuixalus_ocellatus,False,False,,,
2292,3544,Microhyla_orientalis,,Anura,Microhylidae,VU,2.23670638222784,2.92354017846329,9.17984985994281,11.3878181075404,0.245913439180371,0.0727253635547323,10.7762740601814,0.496,0,1000,direct,Microhyla_orientalis,False,False,,,
2308,3524,Plectrohyla_ixil,Ixil Spikethumb Frog,Anura,Hylidae,VU,2.21629305977897,2.0417378808783,9.21626028312417,8.48709790318032,0.244838873762501,0.0755672935379523,6.32149110435493,0.497,0,1000,direct,Plectrohyla_ixil,False,False,,,
2311,6553,Exerodonta_bivocata,Chiapan Highlands Treefrog,Anura,Hylidae,EN,2.21337913954692,3.48341913338636,4.458410838269,7.01733626745818,0.493745558122167,0.272177379473321,6.68136061213405,0.25,0,1000,direct,Exerodonta_bivocata,False,False,,,
2315,3649,Pseudophilautus_chalazodes,Günther's Bush Frog,Anura,Rhacophoridae,VU,2.21005947537876,2.03713207182913,9.02263188400955,8.36781769242335,0.243346707133113,0.0765876880796136,7.32592668320523,0.487,0,1000,GBIF_accepted,Raorchestes_chalazodes,False,False,,,
2325,3507,Mantella_madagascariensis,Madagascan Mantella,Anura,Mantellidae,VU,2.19527499721149,0.918577312484517,9.24739212875684,3.06639458920106,0.237561333857516,0.0783031818925221,9.437292379603,0.497,0,1000,direct,Mantella_madagascariensis,False,False,,,
2327,3541,Osornophryne_sumacoensis,,Anura,Bufonidae,VU,2.194937487843,0.895049266654604,9.18507837921242,2.6586557102978,0.245835691869448,0.0779229913391009,6.87242859812,0.487,0,1000,direct,Osornophryne_sumacoensis,False,False,,,
2329,3597,Chiromantis_dudhwaensis,,Anura,Rhacophoridae,VU,2.19093904615893,3.66900958757595,9.10902837012037,15.0108504388873,0.243026381514641,0.0771762478992346,14.5754826214683,0.499,0,1000,GBIF_iucn_link,Chiromantis_dudhwaensis,False,False,,,
2348,3709,Pristimantis_bicolor,Two-colored Robber Frog,Anura,Strabomantidae,VU,2.15821535048664,2.8268877019393,8.92821517116194,11.6120131601887,0.24378494367206,0.0764796000852063,10.3242613801344,0.489,0,1000,direct,Pristimantis_bicolor,False,False,,,
2353,3527,Gephyromantis_enki,,Anura,Mantellidae,VU,2.14992533976196,0.86214606832939,9.21574344195,2.90766775190516,0.236761557662488,0.0810250194198748,9.1005476185983,0.497,0,1000,direct,Gephyromantis_enki,False,False,,,
2354,3543,Colostethus_thorntoni,Thornton's Rocket Frog,Anura,Dendrobatidae,VU,2.14844024006119,2.65018795142913,9.18162597466418,11.0928619808652,0.241288103249052,0.0787601720926359,8.37987677398908,0.496,0,1000,direct,Colostethus_thorntoni,False,False,,,
2361,3740,Odorrana_hejiangensis,Hejiang Frog,Anura,Ranidae,VU,2.13880622547197,1.04814975868398,8.87671986648018,3.58591622196919,0.245508527673304,0.0793014676733296,8.2022095388777,0.453,0,1000,direct,Odorrana_hejiangensis,False,False,,,
2367,3621,Tylototriton_vietnamensis,Vietnamese Crocodile Newt,Caudata,Salamandridae,VU,2.13198023320382,0.878929716826276,9.06712504960711,2.87008017308778,0.238588165724441,0.0806248299000797,7.95097923924992,0.459,0,1000,direct,Tylototriton_vietnamensis,False,False,,,
2371,3553,Breviceps_gibbosus,Cape Rain Frog,Anura,Brevicipitidae,VU,2.12941047548112,2.99504192503034,9.16404076494157,12.0185895582243,0.243195860374204,0.0726035957914777,11.4844928143843,0.489,0,1000,direct,Breviceps_gibbosus,False,False,,,
2375,3671,Oreophryne_celebensis,,Anura,Microhylidae,VU,2.12075701920378,3.11290740734236,8.97519064501727,12.2335657317625,0.243199023414841,0.0777567828912183,10.7328376693982,0.491,0,1000,direct,Oreophryne_celebensis,False,False,,,
2377,3616,Anomaloglossus_ayarzaguenai,,Anura,Dendrobatidae,VU,2.11805651807429,2.54168435421469,9.08175706867971,10.6727989158346,0.240518220671084,0.0783753444120207,9.27828420518164,0.493,0,1000,direct,Anomaloglossus_ayarzaguenai,False,False,,,
2379,3658,Ranitomeya_benedicta,Blessed Poison Frog,Anura,Dendrobatidae,VU,2.11667616886952,0.998688578248427,9.00849710809765,3.22532626917638,0.240406107745073,0.0794977684831649,8.23584625547237,0.466,0,1000,direct,Ranitomeya_benedicta,False,False,,,
2386,3744,Pristimantis_polychrus,,Anura,Strabomantidae,VU,2.10847244729275,2.51260158020587,8.85753904808805,10.0357281286846,0.244686391138802,0.0763597582558672,8.17696143200099,0.469,0,1000,direct,Pristimantis_polychrus,False,False,,,
2389,3726,Strongylopus_hymenopus,Phofung River Frog,Anura,Pyxicephalidae,VU,2.10172398576042,2.93295132783166,8.90663156853713,11.3229744126972,0.245772135829459,0.0737284348741876,11.1694059329585,0.483,0,1000,GBIF_accepted,Amietia_hymenopus,False,False,,,
2390,3718,Platymantis_citrinospilus,,Anura,Ceratobatrachidae,VU,2.10152369916154,3.08994208043755,8.91591184296917,13.2327178252423,0.243379104428064,0.0760724218131572,10.6551701703608,0.49,0,1000,GBIF_accepted,Cornufer_citrinospilus,False,False,,,
2391,3830,Paradactylodon_gorganensis,Persia Mountain Salamander,Caudata,Hynobiidae,VU,2.1005049195417,0.858265158551202,8.73495519532635,2.90811779118945,0.239858205969232,0.0788076190655276,0.469549784290413,0.415,0,1000,GBIF_accepted,Paradactylodon_persicus,False,False,,,
2392,3831,Paradactylodon_persicus,Persia Mountain Salamander,Caudata,Hynobiidae,VU,2.10027854267873,0.867939138990986,8.72725846299078,2.85007626506616,0.240007098407194,0.0787525128283249,0.469549784290413,0.42,0,1000,direct,Paradactylodon_persicus,False,False,,,
2393,3684,Pristimantis_juanchoi,,Anura,Strabomantidae,VU,2.09941554201555,1.36680701631165,8.9561000341894,5.13748392725094,0.238590274269636,0.0771906278696106,8.39174382170902,0.473,0,1000,direct,Pristimantis_juanchoi,False,False,,,
2394,3641,Atelopus_pulcher,,Anura,Bufonidae,VU,2.09861701109151,0.936111388442276,9.04169316770837,2.81129190590991,0.243420213849582,0.0786942550669225,5.77996752615793,0.469,0,1000,direct,Atelopus_pulcher,False,False,,,
2395,3677,Breviceps_sylvestris,Northern Forest Rain Frog,Anura,Brevicipitidae,VU,2.09305976140719,2.94019700025477,8.96443220653704,11.7548871286625,0.243195860374204,0.0725692586239801,11.4757571545623,0.493,0,1000,direct,Breviceps_sylvestris,False,False,,,
2396,3696,Bokermannohyla_martinsi,Martins' Treefrog,Anura,Hylidae,VU,2.09209907720328,2.90601859907367,8.94069111554128,12.2658010915475,0.244338130473601,0.0755562331998701,8.85227727205358,0.489,0,1000,direct,Bokermannohyla_martinsi,False,False,,,
2397,3670,Amolops_vitreus,Vitreous Cascade Frog,Anura,Ranidae,VU,2.0920531420178,1.07013149841017,8.97927832643907,3.60238755816918,0.24601531831274,0.0811116386236484,8.2916060843938,0.459,0,1000,direct,Amolops_vitreus,False,False,,,
2399,3547,Pristimantis_xeniolum,,Anura,Strabomantidae,VU,2.08682133132892,2.38166624963172,9.17735429980424,10.064285072528,0.242429145778824,0.0790684389846107,8.00193617235257,0.498,0,1000,direct,Pristimantis_xeniolum,False,False,,,
2407,3804,Xenophrys_binlingensis,,Anura,Megophryidae,VU,2.07328159372679,2.56467923223965,8.76710526645097,10.5281525329853,0.242486239907696,0.0778211842625593,9.17503256311179,0.469,0,1000,GBIF_accepted,Megophrys_binlingensis,False,False,,,
2409,3869,Chiromantis_samkosensis,,Anura,Rhacophoridae,VU,2.07102172107628,2.73813392065485,8.65637656542809,10.6725094325318,0.243188963492623,0.0771360398464379,9.65701010004285,0.468,0,1000,GBIF_iucn_link,Chiromantis_samkosensis,False,False,,,
2410,3917,Philautus_petilus,,Anura,Rhacophoridae,VU,2.07056917056063,2.54289212504464,8.59539049005533,10.1790649726947,0.24234130114472,0.0775979208687474,8.52441419059903,0.467,0,1000,GBIF_accepted,Theloderma_petilum,False,False,,,
2415,3886,Nyctibatrachus_gavi,Gavi Night Frog,Anura,Nyctibatrachidae,VU,2.06276733845194,0.942185229540528,8.63246286546788,3.16579329515756,0.244554875701307,0.0768092187901733,3.5827975790234,0.412,0,1000,direct,Nyctibatrachus_gavi,False,False,,,
2416,3875,Vitreorana_helenae,Venezuela Cochran Frog,Anura,Centrolenidae,VU,2.06216369529605,1.08595998481452,8.64900981176672,4.32582517561851,0.245526990386018,0.0723676862376806,8.44716755304827,0.43,0,1000,direct,Vitreorana_helenae,False,False,,,
2417,3757,Silverstoneia_nubicola,Boquete Rocket Frog,Anura,Dendrobatidae,VU,2.06184252177109,2.22807261836639,8.84141814256338,8.60060115263854,0.241857576997495,0.0788755184166106,6.83664473707794,0.474,0,1000,direct,Silverstoneia_nubicola,False,False,,,
2419,3820,Pristimantis_ruedai,,Anura,Strabomantidae,VU,2.05981001488001,2.31542069191053,8.74488959366494,9.80210381205429,0.238171607880058,0.0771791647435413,8.28719202069501,0.471,0,1000,direct,Pristimantis_ruedai,False,False,,,
2424,3716,Pristimantis_albertus,,Anura,Strabomantidae,VU,2.05138278304938,2.20143845274101,8.92115195060839,9.10105939178068,0.238171607880058,0.0778892258465423,6.8877626223452,0.482,0,1000,direct,Pristimantis_albertus,False,False,,,
2427,4021,Rana_johni,Moore's Frog,Anura,Ranidae,VU,2.05016057288623,3.14601974191335,8.44556293190698,13.526920498228,0.246091136198321,0.078826516555168,10.8510732812544,0.463,0,1000,GBIF_accepted,Lithobates_johni,False,False,,,
2430,3856,Pseudophilautus_stictomerus,Orange-canthal Shrub Frog,Anura,Rhacophoridae,VU,2.04426830242702,1.79253806340956,8.67689821894125,6.95958214844101,0.242845482487743,0.0767186066821021,5.96459405349064,0.453,0,1000,direct,Pseudophilautus_stictomerus,False,False,,,
2432,3800,Guibemantis_kathrinae,,Anura,Mantellidae,VU,2.0437688753532,0.939620343275228,8.76955077739749,3.45273293681595,0.237791604364075,0.079754029188403,8.5544503798501,0.441,0,1000,direct,Guibemantis_kathrinae,False,False,,,
2439,3789,Cophixalus_nubicola,,Anura,Microhylidae,VU,2.028811580288,3.07556216176217,8.79452250884568,12.836586994373,0.243769251416132,0.0777968003749688,10.2253477269729,0.485,0,1000,direct,Cophixalus_nubicola,False,False,,,
2440,3923,Austrochaperina_novaebritanniae,,Anura,Microhylidae,VU,2.02806362158358,2.71142752345469,8.58760703463819,11.3913082177391,0.245518238234228,0.0745905577907713,9.86914280170217,0.466,0,1000,direct,Austrochaperina_novaebritanniae,False,False,,,
2441,3891,Hyloscirtus_simmonsi,Simmons' Treefrog,Anura,Hylidae,VU,2.02705120051518,1.22789917853466,8.62582551660671,4.34934244227776,0.244692004826111,0.0757876654039294,7.22241142621837,0.434,0,1000,direct,Hyloscirtus_simmonsi,False,False,,,
2442,4041,Platymantis_cheesmanae,Cheesman's Wrinkled Ground Frog,Anura,Ceratobatrachidae,VU,2.02443724542105,2.78309965485025,8.41784130859231,11.8753453983645,0.243742519037221,0.0755751744227572,10.1480773446751,0.464,0,1000,GBIF_accepted,Cornufer_cheesmanae,False,False,,,
2444,3714,Pristimantis_maculosus,Spotted Robber Frog,Anura,Strabomantidae,VU,2.02366702585586,2.5266506067036,8.92415236063673,10.4243616440357,0.243480026870436,0.0771421581645985,8.0627178974792,0.49,0,1000,direct,Pristimantis_maculosus,False,False,,,
2447,4061,Pristimantis_johannesdei,,Anura,Strabomantidae,VU,2.02165156992205,2.64983234097457,8.3848901508746,10.8726118643094,0.242429145778824,0.0782864204068316,9.13410008803754,0.467,0,1000,direct,Pristimantis_johannesdei,False,False,,,
2449,3902,Rhinella_nesiotes,Laguna Toad,Anura,Bufonidae,VU,2.01843299859833,1.24205947973562,8.61222640896148,5.0733731561001,0.244509170238953,0.0765348857028681,7.84735176432124,0.443,0,1000,direct,Rhinella_nesiotes,False,False,,,
2451,3990,Pseudoeurycea_rex,Royal False Brook Salamander,Caudata,Plethodontidae,VU,2.01779008888666,0.848629430916471,8.48100245253759,2.36646256135583,0.245722624728999,0.0776708791793646,3.4133048380074,0.339,0,1000,direct,Pseudoeurycea_rex,False,False,,,
2453,4124,Mixophyes_iteratus,Giant Barred-frog,Anura,Myobatrachidae,VU,2.01258282497007,3.39170156450596,8.30616565166247,13.4455528951215,0.241961527409012,0.0799752817145552,11.5951870056116,0.459,0,1000,direct,Mixophyes_iteratus,False,False,,,
2455,4031,Pristimantis_romanorum,Roman's Cutin,Anura,Strabomantidae,VU,2.00975030548029,2.52392320179935,8.43437600111632,10.36591041922,0.239791393532286,0.0769973352906988,8.57763030419056,0.47,0,1000,direct,Pristimantis_romanorum,False,False,,,
2457,3872,Pristimantis_parvillus,Pichincha Robber Frog,Anura,Strabomantidae,VU,2.00660721273728,1.92407417169589,8.65410515987796,7.8348826689769,0.238930154715663,0.0770896145464397,7.64461935569992,0.464,0,1000,direct,Pristimantis_parvillus,False,False,,,
2465,3901,Mantidactylus_tricinctus,,Anura,Mantellidae,VU,1.99609095786453,2.07709441691634,8.61396718066131,8.4603588953465,0.236039941459763,0.079484595445337,8.94968106341309,0.464,0,1000,direct,Mantidactylus_tricinctus,False,False,,,
2467,3967,Plectrohyla_robertsorum,Roberts' Treefrog,Anura,Hylidae,VU,1.99586207431649,1.95985778054268,8.5232219378275,8.0485517989044,0.244741899517989,0.0754133307305928,6.12398195829305,0.453,0,1000,GBIF_accepted,Sarcohyla_robertsorum,False,False,,,
2474,4198,Platymantis_taylori,,Anura,Ceratobatrachidae,VU,1.98586421429263,2.84799177258788,8.19216125995856,11.8964261947735,0.246059419333368,0.0754923434664611,9.99060281046502,0.46,0,1000,direct,Platymantis_taylori,False,False,,,
2476,4201,Pristimantis_hectus,Dwarf Robber Frog,Anura,Strabomantidae,VU,1.98501829524252,2.40675817155593,8.18457541155549,10.3981294404478,0.243912489268519,0.0774741107755022,6.79277322985603,0.451,0,1000,direct,Pristimantis_hectus,False,False,,,
2477,4099,Plethodon_kiamichi,Kiamichi Slimy Salamander,Caudata,Plethodontidae,VU,1.98366285581645,0.705176947185439,8.34011808548173,1.98797072392032,0.238011688541746,0.0803543384603298,8.3192463082577,0.302,0,1000,direct,Plethodon_kiamichi,False,False,,,
2478,3956,Colostethus_mertensi,Mertens' Rocket Frog,Anura,Dendrobatidae,VU,1.98327334851088,2.63444040297468,8.54214580370684,11.1720648856361,0.241720971821586,0.0788755184166106,7.7886506417657,0.457,0,1000,direct,Colostethus_mertensi,False,False,,,
2480,4008,Oreolalax_jingdongensis,,Anura,Megophryidae,VU,1.97736016638415,0.955928755308454,8.46033683097536,3.39940510864989,0.24308325849024,0.0773442220322675,7.80844812722323,0.402,0,1000,direct,Oreolalax_jingdongensis,False,False,,,
2484,4032,Paracassina_kounhiensis,Kouni Valley Striped Frog,Anura,Hyperoliidae,VU,1.97274176223788,2.50826760876508,8.43396839151619,10.0211886010816,0.243320943767257,0.072680375218412,9.81486970672925,0.465,0,1000,direct,Paracassina_kounhiensis,False,False,,,
2486,4145,Pristimantis_gladiator,,Anura,Strabomantidae,VU,1.97163270570967,2.12183201388407,8.26635412759843,9.23670823408102,0.239740783843602,0.0774630671486156,7.8660284268715,0.445,0,1000,direct,Pristimantis_gladiator,False,False,,,
2492,4135,Pristimantis_eremitus,,Anura,Strabomantidae,VU,1.96261022157213,2.11021174177459,8.29712404887708,9.00582742453193,0.238832480129394,0.0789694870032973,7.66023298696648,0.453,0,1000,direct,Pristimantis_eremitus,False,False,,,
2493,3921,Nanorana_unculuanus,Yunnan Asian Frog,Anura,Dicroglossidae,VU,1.96260411302447,1.17029089892524,8.59031026585004,4.12332609117264,0.245394082208774,0.078463410112988,7.91364426198962,0.39,0,1000,direct,Nanorana_unculuanus,False,False,,,
2498,3940,Raorchestes_glandulosus,Southern Bubble-nest Frog,Anura,Rhacophoridae,VU,1.95321290520269,1.14679355614137,8.57114815196509,4.41072243432518,0.240601479377669,0.077200714598587,6.66458995268082,0.419,0,1000,direct,Raorchestes_glandulosus,False,False,,,
2499,4038,Nymphargus_rosada,,Anura,Centrolenidae,VU,1.95111744825178,1.66063362914069,8.41988414761464,6.28113098037944,0.244803071181706,0.0733726980285212,6.9089473718945,0.41,0,1000,direct,Nymphargus_rosada,False,False,,,
2500,4269,Limnonectes_kenepaiensis,Kenepai Wart Frog,Anura,Dicroglossidae,VU,1.9505457066148,2.20166637606881,8.08287943428542,9.44045388910105,0.245480195981677,0.0785870314397196,9.68205760409495,0.442,0,1000,direct,Limnonectes_kenepaiensis,False,False,,,
2501,4078,Pristimantis_proserpens,Sapote Robber Frog,Anura,Strabomantidae,VU,1.95007943513197,2.16030332977792,8.3675239692876,8.36519965264508,0.238590274269636,0.0788693275334542,9.35939310268375,0.453,0,1000,direct,Pristimantis_proserpens,False,False,,,
2504,4163,Pseudoeurycea_galeanae,Galeana False Brook Salamander,Caudata,Plethodontidae,VU,1.94693730193152,0.85385631998949,8.23928259084261,3.14388117576759,0.245481145016158,0.0769104266397807,7.03573337287084,0.332,0,1000,GBIF_accepted,Aquiloeurycea_galeanae,False,False,,,
2511,4379,Pristimantis_platychilus,,Anura,Strabomantidae,VU,1.93916999455355,1.96141299948118,7.9314809296514,7.99756722465124,0.244116649435445,0.0750406054857549,6.76386328689428,0.43,0,1000,direct,Pristimantis_platychilus,False,False,,,
2518,4190,Quasipaa_acanthophora,,Anura,Dicroglossidae,VU,1.92754796589372,2.02790394734889,8.20264683845172,8.88045544064834,0.245394082208774,0.0784102601212195,8.89156408196834,0.454,0,1000,direct,Quasipaa_acanthophora,False,False,,,
2519,4479,Amolops_splendissimus,,Anura,Ranidae,VU,1.92252876535544,2.68357803811435,7.79724628550076,11.3693596615357,0.246059419333368,0.0805224878390687,10.140344748404,0.443,0,1000,direct,Amolops_splendissimus,False,False,,,
2523,4212,Gastrotheca_plumbea,,Anura,Hemiphractidae,VU,1.91573021424713,0.912911108071301,8.17207134938401,3.08121007845161,0.238870950717064,0.07575601242553,5.29953881941333,0.335,0,1000,direct,Gastrotheca_plumbea,False,False,,,
2525,4318,Pristimantis_rosadoi,Rosado's Robber Frog,Anura,Strabomantidae,VU,1.91453886609294,2.79861849376628,8.01461001625403,11.6950282998768,0.243610593131727,0.0766744621544317,9.75619350661085,0.45,0,1000,direct,Pristimantis_rosadoi,False,False,,,
2528,4197,Gastrotheca_orophylax,Papallacta Marsupial Frog,Anura,Hemiphractidae,VU,1.9114369629943,0.875887442855564,8.19266587686249,3.08743087295409,0.238870950717064,0.07575601242553,5.212880446738,0.325,0,1000,direct,Gastrotheca_orophylax,False,False,,,
2529,4262,Gephyromantis_tahotra,,Anura,Mantellidae,VU,1.90994127667958,0.893151372366386,8.10058600328119,3.15383784935507,0.237108943626153,0.0806947019136512,7.5456976851333,0.324,0,1000,direct,Gephyromantis_tahotra,False,False,,,
2536,4156,Rana_chiricahuensis,Chiricahua Leopard Frog,Anura,Ranidae,VU,1.9041690170975,0.987969431591095,8.250926957344,3.80341351826761,0.245814517063555,0.0784584460263843,2.0123945882014,0.362,0,1000,GBIF_accepted,Lithobates_chiricahuensis,False,False,,,
2538,4327,Gastrotheca_bufona,Antioquia Marsupial Frog,Anura,Hemiphractidae,VU,1.90200997844141,2.62961677447524,8.00870848615817,10.5636804261571,0.239151652476133,0.0770172392738127,8.39948442273201,0.444,0,1000,direct,Gastrotheca_bufona,False,False,,,
2539,4095,Mertensophryne_uzunguensis,Uzungwe Toad,Anura,Bufonidae,VU,1.90090628309399,1.7689123396855,8.34566674813759,7.04244204647021,0.244589229996823,0.0789678119992155,6.5175150067687,0.447,0,1000,direct,Mertensophryne_uzunguensis,False,False,,,
2540,4264,Eleutherodactylus_pinarensis,Cuban Pineland Frog,Anura,Eleutherodactylidae,VU,1.89904302136805,1.04122509504034,8.09526315239857,3.71741439740773,0.240844276539244,0.0751070268957003,7.09882712110684,0.34,0,1000,direct,Eleutherodactylus_pinarensis,False,False,,,
2541,4437,Pristimantis_silverstonei,,Anura,Strabomantidae,VU,1.89638951743177,2.37856770529867,7.84758645531729,10.0792190332421,0.243610593131727,0.0752558383759884,9.5449763090759,0.43,0,1000,direct,Pristimantis_silverstonei,False,False,,,
2550,4266,Pristimantis_douglasi,,Anura,Strabomantidae,VU,1.883231157286,2.36417127710853,8.09209623686259,9.30382753285931,0.244025350984129,0.0759854844304184,8.33691103376605,0.429,0,1000,GBIF_accepted,Tachiramantis_douglasi,False,False,,,
2551,4594,Sanguirana_aurantipunctata,,Anura,Ranidae,VU,1.88188956253497,2.73006347031549,7.63314353579569,11.6053543694924,0.247147413620083,0.0773515830223807,10.288915412784,0.437,0,1000,direct,Sanguirana_aurantipunctata,False,False,,,
2552,4404,Pristimantis_gracilis,Pichinde Robber Frog,Anura,Strabomantidae,VU,1.87933243778709,2.29828888492297,7.89154624034878,9.53755526387093,0.240453772542693,0.07960437554272,8.4168380878151,0.441,0,1000,direct,Pristimantis_gracilis,False,False,,,
2553,4217,Hylarana_mangyanum,,Anura,Ranidae,VU,1.87672873742311,1.18772556922683,8.16930068097554,4.60687316150595,0.246291871791583,0.0778112410438959,7.24202938582439,0.345,0,1000,GBIF_accepted,Pulchrana_mangyanum,False,False,,,
2561,4425,Pristimantis_pteridophilus,Fern-loving Treefrog,Anura,Strabomantidae,VU,1.87062104409136,2.24926969748607,7.86490860776093,8.98472878636133,0.243126933960429,0.0786905692603136,8.85513550351623,0.424,0,1000,direct,Pristimantis_pteridophilus,False,False,,,
2562,4324,Kaloula_assamensis,,Anura,Microhylidae,VU,1.87043324200984,2.56974335490159,8.01233239810505,10.1500107589087,0.24645999197748,0.0731235025657618,9.56184409752493,0.444,0,1000,GBIF_iucn_link,Kaloula_assamensis,False,False,,,
2563,4537,Rhacophorus_marmoridorsum,,Anura,Rhacophoridae,VU,1.86956046493562,2.03433795171301,7.73878119853132,8.00287185807021,0.243026381514641,0.0768909964242839,8.47774856419643,0.412,0,1000,direct,Rhacophorus_marmoridorsum,False,False,,,
2564,4458,Desmognathus_abditus,Cumberland Dusky Salamander,Caudata,Plethodontidae,VU,1.86835174580536,2.07329247877282,7.82597306532718,8.54427718284858,0.235904949489069,0.0801728442126947,9.35591856721177,0.425,0,1000,direct,Desmognathus_abditus,False,False,,,
2567,4273,Pristimantis_tamsitti,San Adolfo Robber Frog,Anura,Strabomantidae,VU,1.86676808308497,2.26698991161716,8.07923373100509,9.32361575763164,0.24378494367206,0.0758067670064908,7.71758771612631,0.426,0,1000,direct,Pristimantis_tamsitti,False,False,,,
2568,4635,Hylarana_asperrima,Nkongsamba Frog,Anura,Ranidae,VU,1.86615098040148,2.4784089738683,7.58356272892843,9.992642523845,0.246378321381226,0.0774974907883075,9.88724575207639,0.423,0,1000,direct,Hylarana_asperrima,False,False,,,
2569,4340,Barygenys_apodasta,,Anura,Microhylidae,VU,1.86427727771845,2.8556546223123,7.97376318882329,11.9646426734404,0.243199023414841,0.077929584859177,9.00752613590073,0.436,0,1000,direct,Barygenys_apodasta,False,False,,,
2575,4229,Hypsiboas_gladiator,,Anura,Hylidae,VU,1.85948267137411,1.13816209436802,8.15102227558435,4.22573809238543,0.243896813322271,0.0778052175960669,7.42805465742134,0.333,0,1000,GBIF_accepted,Boana_gladiator,False,False,,,
2582,4414,Liophryne_rhododactyla,Owen Stanley Land Frog,Anura,Microhylidae,VU,1.85019003703397,2.74676281176477,7.8752060820214,11.7069987916426,0.243815279424788,0.07767299229498,9.11877588462987,0.434,0,1000,GBIF_accepted,Sphenophryne_rhododactyla,False,False,,,
2583,4396,Gastrotheca_pachachacae,,Anura,Hemiphractidae,VU,1.85018858886138,0.910809628467278,7.90242888033918,3.27938790957051,0.239768456431963,0.0766482051944434,5.71093167607822,0.302,0,1000,direct,Gastrotheca_pachachacae,False,False,,,
2588,4541,Pristimantis_charlottevillensis,Charlotteville Robber Frog,Anura,Strabomantidae,VU,1.8403021037311,2.25328640518299,7.73143871461303,8.83795762377481,0.243027441156682,0.0766992543294599,8.38939498766763,0.407,0,1000,direct,Pristimantis_charlottevillensis,False,False,,,
2591,4574,Pristimantis_tenebrionis,Hotel Robber Frog,Anura,Strabomantidae,VU,1.84007570660808,2.25392003936688,7.66790356183581,9.46845305030534,0.242763743016435,0.0785827696969629,7.44858275600123,0.415,0,1000,direct,Pristimantis_tenebrionis,False,False,,,
2593,4587,Pristimantis_bicumulus,Caracas Robber Frog,Anura,Strabomantidae,VU,1.83711021587303,2.50663349972461,7.65158490064378,10.6844156765195,0.238590274269636,0.0771323271782629,8.12602208674447,0.424,0,1000,direct,Pristimantis_bicumulus,False,False,,,
2603,4562,Incilius_epioticus,Cerro Utyum Toad,Anura,Bufonidae,VU,1.82614299933111,1.83051422334134,7.68913705057013,6.66867548152334,0.247194177680159,0.0750388345069233,7.74829437374288,0.381,0,1000,direct,Incilius_epioticus,False,False,,,
2605,4651,Hyloscirtus_denticulentus,Charta Treefrog,Anura,Hylidae,VU,1.82383009504622,2.56537761772037,7.56446099513944,11.1360195783991,0.245001479022259,0.075806402007254,8.65899439293047,0.42,0,1000,direct,Hyloscirtus_denticulentus,False,False,,,
2608,4640,Kassina_arboricola,Ivory Coast Running Frog,Anura,Hyperoliidae,VU,1.82315045310686,2.39421119860503,7.57322471736501,10.0186944102939,0.243195860374204,0.0737505538792187,9.7548885987393,0.412,0,1000,direct,Kassina_arboricola,False,False,,,
2609,4528,Philautus_namdaphaensis,Tirap Bubble-nest Frog,Anura,Rhacophoridae,VU,1.82301367363002,1.90077996724622,7.74689315410229,8.28729835912301,0.24242329469329,0.0776952920228186,7.20839628689516,0.405,0,1000,direct,Philautus_namdaphaensis,False,False,,,
2610,4744,Pristimantis_pruinatus,Yavi Rainfrog,Anura,Strabomantidae,VU,1.82167510585147,1.82371390855672,7.46731472746806,7.62175766409334,0.239740783843602,0.0771230191247749,6.80078216021107,0.394,0,1000,direct,Pristimantis_pruinatus,False,False,,,
2612,4560,Ophryophryne_synoria,,Anura,Megophryidae,VU,1.82064489953667,2.34786916996365,7.69497692448011,9.35331462863646,0.24213730166439,0.0775513417608885,8.70191425329897,0.423,0,1000,GBIF_accepted,Megophrys_synoria,False,False,,,
2614,4904,Microhyla_annamensis,,Anura,Microhylidae,VU,1.81637337930345,2.55188716562446,7.28389921579638,10.1812122025261,0.246200807888503,0.0730837815414819,8.90305648897754,0.415,0,1000,GBIF_iucn_link,Microhyla_annamensis,False,False,,,
2620,4618,Albericus_alpestris,,Anura,Microhylidae,VU,1.80223422309729,2.56360220629981,7.60582049697523,10.484454551609,0.247181809196564,0.0737484306268741,8.35610072514121,0.419,0,1000,GBIF_accepted,Choerophryne_alpestris,False,False,,,
2629,4603,Pristimantis_sulculus,Channel Robber Frog,Anura,Strabomantidae,VU,1.7951742986556,2.09061133032475,7.62396295201186,8.17363694468036,0.239791393532286,0.0772910925219597,7.55536140988636,0.41,0,1000,direct,Pristimantis_sulculus,False,False,,,
2632,4582,Melanophryniscus_alipioi,,Anura,Bufonidae,VU,1.78974207819139,2.67954229880148,7.65537993601044,10.9946589665978,0.2472240888114,0.0752924434889816,7.48776206770073,0.419,0,1000,direct,Melanophryniscus_alipioi,False,False,,,
2633,4448,Pristimantis_siopelus,Reserve Robber Frog,Anura,Strabomantidae,VU,1.78734167431626,2.10086712303597,7.83754642606809,8.77858564367465,0.240198897052354,0.0772747946545234,8.45176782256042,0.413,0,1000,direct,Pristimantis_siopelus,False,False,,,
2634,4530,Scutiger_chintingensis,,Anura,Megophryidae,VU,1.78627603556866,1.5176466346965,7.74507392413212,6.06126277290877,0.243783325438526,0.0775903619839436,6.43551646966357,0.373,0,1000,direct,Scutiger_chintingensis,False,False,,,
2637,4554,Pristimantis_fallax,,Anura,Strabomantidae,VU,1.78352381601944,1.88733378590544,7.70504590553766,7.50691368986392,0.240683296457558,0.0792741927516997,6.68088132979189,0.409,0,1000,direct,Pristimantis_fallax,False,False,,,
2638,4771,Gastrotheca_excubitor,Abra Acanacu Marsupial Frog,Anura,Hemiphractidae,VU,1.78272627358491,0.933254719110091,7.43411844471053,3.22019972212867,0.239151652476133,0.0765573112796032,5.27612211353415,0.257,0,1000,direct,Gastrotheca_excubitor,False,False,,,
2641,4773,Pristimantis_exoristus,Rio Piuntza Robber Frog,Anura,Strabomantidae,VU,1.78155075617276,2.08648206769943,7.43214122803695,8.58877093667488,0.238171607880058,0.0783129771111148,8.11610597337537,0.405,0,1000,direct,Pristimantis_exoristus,False,False,,,
2649,4703,Pristimantis_dorsopictus,Serna's Robber Frog,Anura,Strabomantidae,VU,1.76945308609236,1.92650943259777,7.51922457887017,8.31147585424283,0.239740783843602,0.0770638909763044,6.93454095987454,0.408,0,1000,direct,Pristimantis_dorsopictus,False,False,,,
2651,4715,Anomaloglossus_murisipanensis,,Anura,Dendrobatidae,VU,1.76814060690263,2.02592591883014,7.50440376785589,8.22920335838955,0.241720971821586,0.0781715747926752,8.36988616729362,0.395,0,1000,direct,Anomaloglossus_murisipanensis,False,False,,,
2666,4963,Hylarana_spinulosa,,Anura,Ranidae,VU,1.75138024537344,1.23128129003279,7.22128423849297,4.72026312600517,0.246633823022279,0.0769410756398613,6.95488721133197,0.291,0,1000,direct,Hylarana_spinulosa,False,False,,,
2671,4858,Batrachyla_fitzroya,,Anura,Batrachylidae,VU,1.74972066813396,2.18918508940702,7.33595429479438,8.61089932467282,0.247209872626704,0.0780635741642047,8.88198659603423,0.381,0,1000,direct,Batrachyla_fitzroya,False,False,,,
2678,4617,Pristimantis_lemur,,Anura,Strabomantidae,VU,1.74356832792618,2.03180084845457,7.60641676750425,8.50434638339769,0.242429145778824,0.0782864204068316,7.94741509815914,0.408,0,1000,direct,Pristimantis_lemur,False,False,,,
2680,4742,Pristimantis_rivasi,,Anura,Strabomantidae,VU,1.74121149216406,1.8437114752451,7.46868502677145,7.56240612768756,0.244500375755957,0.0766744621544317,6.99717604621029,0.375,0,1000,direct,Pristimantis_rivasi,False,False,,,
2682,4845,Geocrinia_vitellina,,Anura,Myobatrachidae,VU,1.74007251268326,2.31253034392921,7.34826113721163,9.32273649850875,0.239120935540162,0.0808105942241071,8.15917717933664,0.411,0,1000,GBIF_iucn_link,Geocrinia_vitellina,False,False,,,
2686,4934,Scinax_alcatraz,Alcatraz Snouted Treefrog,Anura,Hylidae,VU,1.73485998781956,2.6422568030106,7.24536863153162,11.0271327152638,0.243062198427907,0.0743192251687337,9.57190866415914,0.408,0,1000,GBIF_accepted,Ololygon_alcatraz,False,False,,,
2687,4942,Pristimantis_modipeplus,Urbina Robber Frog,Anura,Strabomantidae,VU,1.73059920367342,1.80513499531021,7.24033992194942,7.51543553691954,0.243027441156682,0.0766992543294599,6.48892100976393,0.348,0,1000,direct,Pristimantis_modipeplus,False,False,,,
2690,4831,Batrachylodes_wolfi,Wolf's Sticky-toed Frog,Anura,Ceratobatrachidae,VU,1.72869680702571,2.61138432946449,7.36549583217662,10.2163870759469,0.246124997597564,0.0756736574149113,9.31892465616198,0.408,0,1000,GBIF_accepted,Cornufer_wolfi,False,False,,,
2694,5031,Pristimantis_lassoalcalai,,Anura,Strabomantidae,VU,1.72651209697158,2.17140758245009,7.12923970936165,8.90053199664352,0.242228707320027,0.0769998890810391,6.8659337066889,0.393,0,1000,GBIF_iucn_link,Pristimantis_lassoalcalai,False,False,,,
2695,5030,Batrachylodes_minutus,Tiny Sticky-toed Frog,Anura,Ceratobatrachidae,VU,1.72518299452258,2.51592570070985,7.12998156921858,10.0988748570063,0.246279587503323,0.0756736574149113,8.88850808553187,0.397,0,1000,GBIF_accepted,Cornufer_minutus,False,False,,,
2697,4825,Physalaemus_caete,,Anura,Leptodactylidae,VU,1.72416032374835,2.37867857651492,7.37116265409169,10.0046367892557,0.243430714315617,0.0778080838521198,8.94988904605553,0.416,0,1000,direct,Physalaemus_caete,False,False,,,
2701,4790,Pristimantis_atratus,Santiago Robber Frog,Anura,Strabomantidae,VU,1.71708358937831,1.94560808848863,7.4101168410983,7.64810567386631,0.242429145778824,0.0788614918397714,7.19075362082071,0.388,0,1000,direct,Pristimantis_atratus,False,False,,,
2704,5059,Kassina_decorata,Decorated Running Frog,Anura,Hyperoliidae,VU,1.71368553057709,2.22851717001543,7.09961840293496,9.59258216963917,0.243195860374204,0.0734961683772128,8.73695441543609,0.385,0,1000,direct,Kassina_decorata,False,False,,,
2707,5072,Leptopelis_mackayi,Mackay's Forest Treefrog,Anura,Arthroleptidae,VU,1.7082267589472,2.48719454602831,7.07019242284987,10.2274112801365,0.240927727265389,0.0804921080153122,9.49411602367985,0.402,0,1000,direct,Leptopelis_mackayi,False,False,,,
2717,4727,Pristimantis_rufioculis,,Anura,Strabomantidae,VU,1.70040240852103,2.20395419388249,7.48424606281575,9.06881456639658,0.239446375814276,0.0798737663641814,7.383638595812,0.405,0,1000,direct,Pristimantis_rufioculis,False,False,,,
2721,4809,Allopaa_barmoachensis,Barmoach Frog,Anura,Dicroglossidae,VU,1.69638102638125,2.51008325935936,7.38633469262815,10.5484990235986,0.244268839219515,0.0797040729713215,8.86754555451671,0.412,0,1000,direct,Allopaa_barmoachensis,False,False,,,
2724,5239,Oreophrynella_huberi,,Anura,Bufonidae,VU,1.69431065378683,1.95197742259682,6.84322044077206,8.02001279885058,0.245262480154485,0.0782533615613833,8.71775657070898,0.365,0,1000,direct,Oreophrynella_huberi,False,False,,,
2728,5131,Osornophryne_talipes,Cannatella's Plump Toad,Anura,Bufonidae,VU,1.69347068431228,2.68931263332504,7.0066272592117,10.7541354036929,0.245787911596647,0.0780400883727903,8.4188833532616,0.412,0,1000,direct,Osornophryne_talipes,False,False,,,
2729,5161,Limnonectes_isanensis,,Anura,Dicroglossidae,VU,1.69276494729435,2.13764798617146,6.96954041013729,8.58809732595293,0.244554875701307,0.0792932640592536,7.64480861627167,0.376,0,1000,direct,Limnonectes_isanensis,False,False,,,
2732,4838,Afrixalus_enseticola,Ethiopian Banana Frog,Anura,Hyperoliidae,VU,1.690014679313,2.29257196453419,7.35843694606961,9.7628546580933,0.242975788672422,0.0786864394275413,7.88698964074214,0.409,0,1000,direct,Afrixalus_enseticola,False,False,,,
2733,4915,Gastrotheca_atympana,,Anura,Hemiphractidae,VU,1.68997147284631,0.968890013842929,7.2650960905469,3.68951518005026,0.238733841001208,0.0764032453934004,6.53953208590708,0.267,0,1000,direct,Gastrotheca_atympana,False,False,,,
2743,5012,Pristimantis_sobetes,Sobetes Robber Frog,Anura,Strabomantidae,VU,1.68126771982052,1.65497170127787,7.15706763850599,6.73855058020796,0.238590274269636,0.077190848798466,6.38169726634982,0.362,0,1000,direct,Pristimantis_sobetes,False,False,,,
2747,4957,Afrixalus_uluguruensis,Uluguru Banana Frog,Anura,Hyperoliidae,VU,1.67829042559174,2.35860106535351,7.22439024919913,9.73157185597214,0.243195860374204,0.0775633074071928,8.5463256755161,0.4,0,1000,direct,Afrixalus_uluguruensis,False,False,,,
2749,5105,Aparasphenodon_arapapa,,Anura,Hylidae,VU,1.67774006485842,2.30252790528802,7.03148973306718,9.13082151009364,0.245981954072742,0.0735680270848667,7.33671845692749,0.391,0,1000,GBIF_iucn_link,Aparasphenodon_arapapa,False,False,,,
2751,4871,Leptopelis_yaldeni,Yalden's Tree Frog,Anura,Arthroleptidae,VU,1.6758173010199,2.5161200195343,7.32039551875434,10.5409076978254,0.241115813930247,0.0803708912723363,9.3940076379357,0.407,0,1000,direct,Leptopelis_yaldeni,False,False,,,
2754,5227,Nyctibatrachus_vrijeuni,VUB Night Frog,Anura,Nyctibatrachidae,VU,1.67213614713371,1.27075375488468,6.85697571276546,5.01853605393696,0.244003305664896,0.0772160495081942,4.658313749937,0.303,0,1000,direct,Nyctibatrachus_vrijeuni,False,False,,,
2755,5259,Phyllodytes_brevirostris,Alhandra Heart-tongued Frog,Anura,Hylidae,VU,1.6720249053094,2.25774652097297,6.81689619116506,9.07314579465466,0.244857533138948,0.0742363384444661,8.20361462142542,0.388,0,1000,direct,Phyllodytes_brevirostris,False,False,,,
2761,5055,Hyperolius_bobirensis,Bobiri Reed Frog,Anura,Hyperoliidae,VU,1.66934248084662,1.15754529551775,7.1028300066897,4.47793138860219,0.244647472992592,0.0772710512573419,6.71228723979447,0.269,0,1000,direct,Hyperolius_bobirensis,False,False,,,
2765,5114,Pristimantis_scolodiscus,Ricuarte Robber Frog,Anura,Strabomantidae,VU,1.66689527247451,1.83708549352295,7.01953040734402,7.71864599423667,0.243486318535151,0.0756980539850154,6.82326387968469,0.361,0,1000,direct,Pristimantis_scolodiscus,False,False,,,
2768,5202,Bokermannohyla_lucianae,,Anura,Hylidae,VU,1.66486432153467,2.52943773129813,6.9008245431006,10.3016865857941,0.244338130473601,0.0762139165687419,8.25879160530072,0.38,0,1000,direct,Bokermannohyla_lucianae,False,False,,,
2771,4850,Leptopelis_ragazzii,Shoa Forest Treefrog,Anura,Arthroleptidae,VU,1.66351616927469,2.43055889388671,7.34197248588901,9.82089480633472,0.241680389060108,0.0799222625106466,9.13987997623544,0.396,0,1000,direct,Leptopelis_ragazzii,False,False,,,
2782,5036,Philautus_longicrus,Palawan Bubble-nest Frog,Anura,Rhacophoridae,VU,1.65315615079862,2.37771570158061,7.12485447340023,9.94409833664794,0.240466319612991,0.0777498492362648,8.40016406757429,0.399,0,1000,direct,Philautus_longicrus,False,False,,,
2799,5189,Hyperolius_bopeleti,Dizangue Reed Frog,Anura,Hyperoliidae,VU,1.63871578352791,2.02965276031357,6.92165900488689,8.56730326908783,0.244060842924806,0.0746463059817794,8.0886660823254,0.367,0,1000,direct,Hyperolius_bopeleti,False,False,,,
2804,5143,Pristimantis_ardyae,,Anura,Strabomantidae,VU,1.6336024784055,2.40173763678503,6.99324380168032,10.1174412116489,0.244025350984129,0.0764738690354415,7.06820265999306,0.376,0,1000,direct,Pristimantis_ardyae,False,False,,,
2814,5234,Pelophylax_cypriensis,Cyprus Water Frog,Anura,Ranidae,VU,1.62663780193032,1.5171034792642,6.84877183260419,6.23629686227281,0.245814517063555,0.0773560886453801,6.47110408364412,0.311,0,1000,direct,Pelophylax_cypriensis,False,False,,,
2819,5337,Afrixalus_morerei,Morere's Spiny Reed Frog,Anura,Hyperoliidae,VU,1.62512485756403,2.30872905417858,6.71808913169711,9.59801922817348,0.243797969589155,0.0776955959574452,8.2739770124242,0.393,0,1000,direct,Afrixalus_morerei,False,False,,,
2824,5360,Hyloscirtus_torrenticola,El Pepino Treefrog,Anura,Hylidae,VU,1.61110213390991,2.6765896194021,6.69161013305311,11.0879242050711,0.245843910129639,0.0760810362105033,7.3697055969911,0.394,0,1000,direct,Hyloscirtus_torrenticola,False,False,,,
2826,5066,Hyperolius_polystictus,Falls Reed Frog,Anura,Hyperoliidae,VU,1.61007936122154,2.54781094778688,7.08520446052318,10.6980802689783,0.245036159814798,0.0765740081416667,8.89760477019443,0.399,0,1000,direct,Hyperolius_polystictus,False,False,,,
2827,5350,Hyperolius_constellatus,,Anura,Hyperoliidae,VU,1.60898858988165,2.54692961250056,6.69671682131293,10.6143404515706,0.243952759459889,0.0771370841819771,7.99148115202477,0.375,0,1000,direct,Hyperolius_constellatus,False,False,,,
2828,5331,Pristimantis_uisae,,Anura,Strabomantidae,VU,1.60787436338519,2.18381068891717,6.72846900279669,8.76118980598819,0.243610593131727,0.0764796000852063,7.01083917171699,0.359,0,1000,direct,Pristimantis_uisae,False,False,,,
2829,5273,Pelophryne_albotaeniata,White-striped Flathead Toad,Anura,Bufonidae,VU,1.60596065065643,1.75971904575565,6.79902044743688,6.95866816258087,0.244310461480918,0.0760390630729961,6.91353308717509,0.348,0,1000,direct,Pelophryne_albotaeniata,False,False,,,
2837,5136,Proceratophrys_huntingtoni,,Anura,Odontophrynidae,VU,1.59855507744867,1.97356685995899,7.00086097040526,8.04443821242537,0.246382874169083,0.0759592230787599,7.94414071731082,0.358,0,1000,direct,Proceratophrys_huntingtoni,False,False,,,
2848,5376,Oedipina_alfaroi,Limon Worm Salamander,Caudata,Plethodontidae,VU,1.5870488820911,1.73724285636507,6.66604947106927,6.69528197534657,0.240658621022341,0.0788783854618102,5.31406906160952,0.334,0,1000,direct,Oedipina_alfaroi,False,False,,,
2858,5429,Sanguirana_tipanan,,Anura,Ranidae,VU,1.58076634986454,2.61617668570041,6.60092568035271,11.1448032383764,0.247147413620083,0.0774053137004698,9.67559994874352,0.378,0,1000,direct,Sanguirana_tipanan,False,False,,,
2877,5297,Vitreorana_parvula,Lages Glass Frog,Anura,Centrolenidae,VU,1.56769024746936,1.61947985376696,6.77417554776967,6.40476824774687,0.245683034794913,0.0722934450650832,6.65780528964044,0.308,0,1000,direct,Vitreorana_parvula,False,False,,,
2884,5295,Pristimantis_pedimontanus,,Anura,Strabomantidae,VU,1.56278850371261,1.86574404983253,6.77762742930159,7.53453296975946,0.243912489268519,0.0774741107755022,6.95289857411884,0.336,0,1000,direct,Pristimantis_pedimontanus,False,False,,,
2886,5431,Fejervarya_nicobariensis,Nicobar Frog,Anura,Dicroglossidae,VU,1.55984634902013,1.93623056572391,6.59783955281155,8.0458313269756,0.246124997597564,0.0792778956528157,7.59575926900429,0.34,0,1000,GBIF_accepted,Minervarya_nicobariensis,False,False,,,
2889,5527,Leptodactylus_tapiti,Goias White-lipped Frog,Anura,Leptodactylidae,VU,1.5590948794219,2.24654686777764,6.47210538586661,9.12369369073467,0.243116587348029,0.0780632312082422,7.67753541655302,0.364,0,1000,direct,Leptodactylus_tapiti,False,False,,,
2901,5496,Pristimantis_nigrogriseus,Charcoal Robber Frog,Anura,Strabomantidae,VU,1.54395804832293,2.17852641132129,6.50797373915478,9.05499030678794,0.238590274269636,0.0771899798883377,8.09058493753661,0.37,0,1000,direct,Pristimantis_nigrogriseus,False,False,,,
2903,5379,Xenophrys_binchuanensis,Binchuan Horned Toad,Anura,Megophryidae,VU,1.54173660099172,2.34381432419752,6.66159666641164,10.1319791951323,0.241049561797275,0.0779199427558689,7.66680439786213,0.381,0,1000,GBIF_accepted,Megophrys_binchuanensis,False,False,,,
2917,5533,Rhacophorus_yinggelingensis,,Anura,Rhacophoridae,VU,1.53249121183116,1.94657463430107,6.46321135651221,8.07799989705548,0.246378321381226,0.0757134855692737,8.24476311838002,0.333,0,1000,GBIF_accepted,Zhangixalus_yinggelingensis,False,False,,,
2934,5368,Pristimantis_laticlavius,Burrowes' Robber Frog,Anura,Strabomantidae,VU,1.52094639605176,2.14142616349551,6.68313626906961,8.95563534956185,0.244279270468979,0.0747743171338103,6.35637077691609,0.36,0,1000,direct,Pristimantis_laticlavius,False,False,,,
2948,5554,Proceratophrys_carranca,,Anura,Odontophrynidae,VU,1.51215304189478,1.81579465397418,6.43145719671212,7.38165332684218,0.245757506301481,0.0765436360208327,7.3405147571545,0.317,0,1000,direct,Proceratophrys_carranca,False,False,,,
2983,5740,Cochranella_litoralis,,Anura,Centrolenidae,VU,1.48886760563368,2.1636620083259,6.12658438403106,9.11936806926573,0.244269261480445,0.074799261921469,6.52678131773529,0.368,0,1000,direct,Cochranella_litoralis,False,False,,,
2990,5625,Pristimantis_xestus,,Anura,Strabomantidae,VU,1.48349660679268,1.84813403074453,6.32732119544888,7.65295628195018,0.240022343043327,0.0797834795032093,5.44844133007769,0.313,0,1000,direct,Pristimantis_xestus,False,False,,,
2996,5763,Pelophryne_rhopophilia,Lowland Dwarf Toad,Anura,Bufonidae,VU,1.47628124954646,1.75457019766743,6.08907116393722,7.87626941762568,0.244589229996823,0.0762112679862963,5.92919661412251,0.313,0,1000,direct,Pelophryne_rhopophilia,False,False,,,
3004,5687,Phyllodytes_tuberculosus,Maracas Heart-tongued Frog,Anura,Hylidae,VU,1.47109481914266,2.16458355842717,6.21281082246133,9.30095540859007,0.24493003806581,0.0740494190243437,7.48819955996274,0.355,0,1000,direct,Phyllodytes_tuberculosus,False,False,,,
3006,5786,Limnonectes_diuatus,,Anura,Dicroglossidae,VU,1.46970299711903,1.86711199199053,6.05134605335263,7.73480459139668,0.244268839219515,0.0792932640592536,7.67648926008641,0.316,0,1000,direct,Limnonectes_diuatus,False,False,,,
3008,5419,Diasporus_anthrax,,Anura,Eleutherodactylidae,VU,1.46817633951369,2.44285242290794,6.61204504174047,10.2930419100874,0.24086631535167,0.0737826519898193,8.18372813011648,0.367,0,1000,direct,Diasporus_anthrax,False,False,,,
3027,5682,Pristimantis_bicantus,Yanayacu Robber Frog,Anura,Strabomantidae,VU,1.4564081656524,1.90196066147378,6.22705690880241,7.69640088026431,0.240306135937991,0.0797834795032093,6.07215958225049,0.313,0,1000,direct,Pristimantis_bicantus,False,False,,,
3031,5732,Odorrana_indeprensa,,Anura,Ranidae,VU,1.45250151847898,1.50295012644344,6.14577109399344,5.97575881490984,0.246124997597564,0.0799365265986756,5.82331840225546,0.271,0,1000,direct,Odorrana_indeprensa,False,False,,,
3041,5819,Rhacophorus_spelaeus,,Anura,Rhacophoridae,VU,1.44567907932474,2.2216916628654,6.00120108471967,8.68809992695098,0.245396906232817,0.0762865916612494,9.24430920346274,0.334,0,1000,direct,Rhacophorus_spelaeus,False,False,,,
3043,5731,Rhinella_macrorhina,Santa Rita Beaked Toad,Anura,Bufonidae,VU,1.44508257759736,1.63569275471019,6.14627449648128,6.93707134789802,0.244509170238953,0.0763486007544642,2.17906995135863,0.27,0,1000,direct,Rhinella_macrorhina,False,False,,,
3053,5761,Exerodonta_pinorum,Pine Wood Treefrog,Anura,Hylidae,VU,1.43815239992396,2.635799032208,6.09355025338565,11.0591569742338,0.24510385778109,0.0750607668741611,8.5751984876058,0.382,0,1000,GBIF_accepted,Charadrahyla_pinorum,False,False,,,
3059,5845,Fejervarya_chilapata,Chilapata Rainpool Frog,Anura,Dicroglossidae,VU,1.43582176990526,1.9206028717726,5.97353075272856,7.90771488514391,0.245800467521086,0.0793097537547668,6.71425437680174,0.313,0,1000,GBIF_accepted,Minervarya_chilapata,False,False,,,
3069,5793,Hyla_arboricola,Arboreal Treefrog,Anura,Hylidae,VU,1.42847122573392,1.72814150864503,6.04029490329975,7.0215147891861,0.244426583364077,0.0746996286426828,7.525404069609,0.296,0,1000,GBIF_accepted,Dryophytes_arboricola,False,False,,,
3070,5764,Pristimantis_muricatus,Rio Faisanes Robber Frog,Anura,Strabomantidae,VU,1.42759394706393,1.81589589851916,6.08318877545943,7.00757698567609,0.243603780895362,0.0767308689512891,6.3536328575966,0.3,0,1000,direct,Pristimantis_muricatus,False,False,,,
3078,5900,Bufo_eichwaldi,Eichwald's Toad,Anura,Bufonidae,VU,1.42483072619961,1.54036027717242,5.8785526227828,6.58651055539892,0.244107282596253,0.0776388204670277,5.67530533263328,0.265,0,1000,direct,Bufo_eichwaldi,False,False,,,
3079,5696,Pristimantis_duende,,Anura,Strabomantidae,VU,1.42469247447323,2.18946898878945,6.19188293007607,9.10761278063739,0.238171607880058,0.0771791647435413,6.9289892581454,0.345,0,1000,direct,Pristimantis_duende,False,False,,,
3091,5820,Pristimantis_ernesti,Ernest's Robber Frog,Anura,Strabomantidae,VU,1.4164597923,1.73496401937503,6.00088234769278,7.09183509041919,0.242429145778824,0.0781841625070216,6.52161817518752,0.299,0,1000,direct,Pristimantis_ernesti,False,False,,,
3113,5871,Uperoleia_martini,Martin’s Toadlet,Anura,Myobatrachidae,VU,1.3956455285175,1.78502381280294,5.92870096956514,7.59223385949363,0.238090822961798,0.0807542429724353,7.55671548290664,0.304,0,1000,direct,Uperoleia_martini,False,False,,,
3118,5883,Melanophryniscus_paraguayensis,,Anura,Bufonidae,VU,1.39182452653338,1.99653575629044,5.90167967553986,8.04979235772393,0.247391850607525,0.0753484978144887,5.83073917427134,0.309,0,1000,direct,Melanophryniscus_paraguayensis,False,False,,,
3143,5966,Bolitoglossa_hiemalis,,Caudata,Plethodontidae,VU,1.37073449292355,1.46888177242909,5.77965116665468,6.11116668189922,0.244431785086558,0.0779538869971556,5.15922308901018,0.26,0,1000,direct,Bolitoglossa_hiemalis,False,False,,,
3144,6036,Rhinella_sclerocephala,Falcon Crested Toad,Anura,Bufonidae,VU,1.3703084878052,1.91199232955517,5.66418754040077,7.67927615205043,0.244201141793369,0.0765348857028681,6.55995420546831,0.304,0,1000,direct,Rhinella_sclerocephala,False,False,,,
3167,6067,Ansonia_echinata,,Anura,Bufonidae,VU,1.35960686352779,2.408626488948,5.60904210336943,9.94395954112264,0.244149009477822,0.0765736005601467,6.38308725045967,0.336,0,1000,direct,Ansonia_echinata,False,False,,,
3184,6137,Oreophrynella_weiassipuensis,,Anura,Bufonidae,VU,1.34978440216497,1.61192473271106,5.45299068982667,6.56100521887877,0.245517706643223,0.0773471164661593,6.67972506870551,0.285,0,1000,direct,Oreophrynella_weiassipuensis,False,False,,,
3189,6043,Pristimantis_yustizi,Yustiz’s Robber Frog,Anura,Strabomantidae,VU,1.34831106598829,1.65899015516423,5.65448464228729,6.77357242681635,0.241808489657217,0.0788445159944621,5.7012460883711,0.272,0,1000,direct,Pristimantis_yustizi,False,False,,,
3256,6049,Pristimantis_colonensis,,Anura,Strabomantidae,VU,1.29819176318057,1.55770241775071,5.63173103068528,6.50813334067258,0.238832480129394,0.0788032079257226,5.73868345922775,0.251,0,1000,direct,Pristimantis_colonensis,False,False,,,
3292,6194,Amolops_assamensis,Assamese Cascade Frog,Anura,Ranidae,VU,1.27815136814329,2.01935642018176,5.33964387716594,8.64726332017164,0.246124997597564,0.0807051386955617,6.33730586218544,0.31,0,1000,direct,Amolops_assamensis,False,False,,,
3296,6126,Pristimantis_fasciatus,Pejia’s Striped Rain Frog,Anura,Strabomantidae,VU,1.27440768107681,1.60664141374139,5.4775672208721,6.71671511593249,0.241808489657217,0.0788869125924839,5.56343716736382,0.28,0,1000,direct,Pristimantis_fasciatus,False,False,,,
3318,6227,Rhinella_rubropunctata,Red-spotted Toad,Anura,Bufonidae,VU,1.25929445849964,2.00098686039344,5.27859033466996,8.98221969589122,0.244107282596253,0.0768930464737025,6.97183497949601,0.309,0,1000,direct,Rhinella_rubropunctata,False,False,,,
3353,6233,Pristimantis_ganonotus,Yapitya Robber Frog,Anura,Strabomantidae,VU,1.23333081301086,1.80411840866724,5.26265977481435,7.65034458108304,0.237588809412778,0.0786129285830776,6.49072768253477,0.281,0,1000,direct,Pristimantis_ganonotus,False,False,,,
3502,6457,Nyctimystes_rueppelli,,Anura,Hylidae,VU,1.12803546137348,1.71080581113127,4.71291389173296,7.25780228359727,0.246994051102097,0.0755085999184102,6.02961627708117,0.254,0,1000,GBIF_iucn_link,Ranoidea_rueppelli,False,False,,,
3512,6511,Alsodes_montanus,Mountain Spiny-chest Frog,Anura,Alsodidae,VU,1.12131687922709,1.76405901181611,4.5588732787542,6.88509850612957,0.247997457519313,0.0771277407862622,5.80852238269246,0.25,0,1000,direct,Alsodes_montanus,False,False,,,
