EDGErank,EDrank,species,common_name,order,family,RLcat,EDGEmed,EDGEiqr,EDmed,EDiqr,pextmed,pextiqr,TBLmn,isEDGEsp_frac,is_EDGE_species,n_trees,match,matched_IUCN_name,on_vgp_list,has_vgp_genome,vgp_placement_tier,vgp_name,vgp_accession
3,17,Ericabatrachus_baleensis,Bale Mountains Frog,Anura,Petropedetidae,CR,68.4759660870367,15.1345281835849,72.178777507845,15.3823557571048,0.973030657356017,0.0542534814927315,72.56895344565,1.0,1,1000,direct,Ericabatrachus_baleensis,False,False,,,
4,33,Parhoplophryne_usambarica,Amani Forest Frog,Anura,Microhylidae,CR,56.9925022131324,21.9439000674395,60.2046375456261,22.6316859987018,0.969062385216665,0.0704011684489494,56.112946002895,1.0,1,1000,direct,Parhoplophryne_usambarica,False,False,,,
5,43,Balebreviceps_hillmani,Bale Mountains Treefrog,Anura,Brevicipitidae,CR,52.2191390932625,12.6558761437684,54.3847872007101,13.0775757859594,0.971589141955709,0.0542881255102504,55.80370454613,1.0,1,1000,direct,Balebreviceps_hillmani,False,False,,,
6,42,Sechellophryne_pipilodryas,Seychelles Palm Frog,Anura,Sooglossidae,CR,51.6674399657152,15.7126216146961,54.3952370139544,16.3471360393901,0.971589141955709,0.0546392974565166,25.65812892,1.0,1,1000,direct,Sechellophryne_pipilodryas,False,False,,,
7,46,Minyobates_steyermarki,,Anura,Dendrobatidae,CR,49.7837419325922,7.20666485505845,52.4340781900002,6.64501416749972,0.96763732124959,0.0674349143471634,52.60654266414,1.0,1,1000,direct,Minyobates_steyermarki,False,False,,,
8,51,Sooglossus_thomasseti,Thomasset's Frog,Anura,Sooglossidae,CR,48.0543057250171,17.2183770334403,50.0442850002646,17.5805359880988,0.971589141955709,0.0544704232628049,18.204697199,1.0,1,1000,direct,Sooglossus_thomasseti,True,False,,,
9,67,Rhinoderma_rufum,Northern Darwin's Frog,Anura,Rhinodermatidae,CR,44.4224887302637,17.0699815011244,46.5977329147863,17.5458466784012,0.970789464393482,0.0603451173678119,26.3567028262336,1.0,1,1000,direct,Rhinoderma_rufum,False,False,,,
10,71,Latonia_nigriventer,Hula Painted Frog,Anura,Alytidae,CR,43.4976115360061,12.2934952054097,45.6525778558343,12.3654527177731,0.971192969493053,0.0576363504550604,46.50758162,1.0,1,1000,direct,Latonia_nigriventer,False,False,,,
11,11,Sechellophryne_gardineri,Gardiner's Seychelles Frog,Anura,Sooglossidae,EN,39.6371015458353,20.7237698249516,78.7578359636773,20.9541142139991,0.495110542781442,0.271301170895743,25.65812892,1.0,1,1000,direct,Sechellophryne_gardineri,False,False,,,
12,12,Sooglossus_sechellensis,Seychelles Frog,Anura,Sooglossidae,EN,39.5280303963071,20.9358850280753,78.2024783367391,19.0203909794067,0.494293984180757,0.268072671987061,18.204697199,1.0,1,1000,direct,Sooglossus_sechellensis,False,False,,,
13,106,Somuncuria_somuncurensis,Valcheta Frog,Anura,Leptodactylidae,CR,38.0191646707558,27.9068314933177,39.750732875,28.9992592404046,0.970722291152753,0.0601826397947642,38.0319012404792,0.938,1,1000,GBIF_accepted,Pleurodema_somuncurense,False,False,,,
14,103,Stumpffia_tridactyla,Guibe's Stump-toed Frog,Anura,Microhylidae,CR,37.8281699766262,9.44233602543658,39.8878512185403,8.91833528056433,0.970802529049409,0.0638895814753822,35.2104384131484,0.996,1,1000,direct,Stumpffia_tridactyla,False,False,,,
15,112,Atopophrynus_syntomopus,Sonson Frog,Anura,Strabomantidae,CR,37.385455730212,15.7710743476559,39.2455435148725,16.5008483946504,0.970614616055494,0.0593574262345027,40.93563940809,1.0,1,1000,direct,Atopophrynus_syntomopus,False,False,,,
16,151,Stumpffia_helenae,,Anura,Microhylidae,CR,33.9736384165668,9.59411190307071,35.7208957805857,10.1322516580268,0.970131782723272,0.064711299975015,29.7675421926776,0.997,1,1000,GBIF_accepted,Anilany_helenae,False,False,,,
17,22,Madecassophryne_truebae,Trueb's Madagascar Treefrog,Anura,Microhylidae,EN,33.2126640711997,19.2318260786207,68.77109585,12.912102035,0.486437580716684,0.284871435536552,69.62004282608,1.0,1,1000,direct,Madecassophryne_truebae,False,False,,,
18,171,Eleutherodactylus_unicolor,,Anura,Eleutherodactylidae,CR,32.3578206598923,11.2710636815876,34.2066100456031,11.3348939978192,0.969371471532928,0.0615418557304065,24.9677072130206,0.942,1,1000,direct,Eleutherodactylus_unicolor,False,False,,,
19,27,Insuetophrynus_acarpicus,Barrio's Frog,Anura,Rhinodermatidae,EN,32.0992992294893,17.9626733515,65.0620299035857,11.9242895514607,0.490642348072393,0.28173066601085,57.5445110832,1.0,1,1000,direct,Insuetophrynus_acarpicus,False,False,,,
20,175,Nannophryne_cophotis,Paramo Toad,Anura,Bufonidae,CR,32.0540316836962,8.71497106478584,33.9605376867175,8.77910237416003,0.970534320595524,0.0613028105561847,22.9547486690467,1.0,1,1000,direct,Nannophryne_cophotis,False,False,,,
21,207,Phrynobatrachus_chukuchuku,Spiny Puddle Frog,Anura,Phrynobatrachidae,CR,30.8013161679325,17.8042022422269,32.2782858435946,18.4250266273068,0.972560706395817,0.0540940023784533,26.6895641430439,0.901,1,1000,direct,Phrynobatrachus_chukuchuku,False,False,,,
23,216,Eleutherodactylus_schmidti,Hispaniolan Streamside Frog,Anura,Eleutherodactylidae,CR,30.314821332616,6.18484570876125,31.9072640836856,6.03496245287592,0.969820635378184,0.0636036607602249,31.5006330176892,0.977,1,1000,direct,Eleutherodactylus_schmidti,False,False,,,
24,225,Paratelmatobius_mantiqueira,,Anura,Leptodactylidae,CR,29.849348240537,12.6082091631589,31.580314180711,12.7547712441924,0.97112732079161,0.0592774817287677,25.6374193473841,0.975,1,1000,direct,Paratelmatobius_mantiqueira,False,False,,,
25,31,Tsingymantis_antitra,,Anura,Mantellidae,EN,29.6241690513504,17.1540817277724,61.89153,9.49780106999999,0.470736776009087,0.283629264522689,62.44260116053,1.0,1,1000,direct,Tsingymantis_antitra,False,False,,,
26,264,Agalychnis_lemur,Lemur Leaf Frog,Anura,Hylidae,CR,28.5632418893102,5.52688131234066,29.9646459770136,5.21946262365852,0.972870684438172,0.0559419773050051,30.14585103013,1.0,1,1000,direct,Agalychnis_lemur,False,False,,,
27,289,Grandisonia_brevis,Mahé Caecilian,Gymnophiona,Indotyphlidae,CR,27.6474569243315,6.61543167229324,28.9232934960226,6.45873019421955,0.969912797208483,0.0616572324844421,27.43168263955,1.0,1,1000,GBIF_accepted,Hypogeophis_brevis,False,False,,,
28,287,Boulengerula_denhardti,Denhardt's Caecilian,Gymnophiona,Herpelidae,CR,27.6367050277814,34.3042109633399,28.9706022003866,36.4917816418227,0.970193853539334,0.0598188180160506,31.567062953032,0.924,1,1000,direct,Boulengerula_denhardti,False,False,,,
29,299,Megastomatohyla_nubicola,Cloud Forest Treefrog,Anura,Hylidae,CR,27.2975998414047,10.6617482007,28.6440593988791,11.1705264400548,0.971400287179017,0.0602399598793691,10.6621507286144,1.0,1,1000,direct,Megastomatohyla_nubicola,False,False,,,
30,293,Megastomatohyla_mixe,Mixe Treefrog,Anura,Hylidae,CR,27.161031146376,11.2123150434101,28.8431664914856,11.3788860667382,0.971348387062748,0.0602399598793691,10.9828387476305,1.0,1,1000,direct,Megastomatohyla_mixe,False,False,,,
31,312,Megastomatohyla_pellita,Oaxacan Yellow Treefrog,Anura,Hylidae,CR,26.9183411801962,11.6221932728886,28.1478549993734,11.7661353766935,0.971400287179017,0.0599055207264874,10.3042317634381,1.0,1,1000,direct,Megastomatohyla_pellita,False,False,,,
32,4,Proteus_anguinus,Olm,Caudata,Proteidae,VU,26.4696768520156,8.97517400086658,112.391808193583,14.5364707048876,0.237246394443537,0.0806973786570402,112.074925177,1.0,1,1000,direct,Proteus_anguinus,False,False,,,
34,323,Eleutherodactylus_poolei,Citadel Frog,Anura,Eleutherodactylidae,CR,26.0392162792673,13.557500026066,27.6908462085649,13.9884453613058,0.968997032027082,0.0613910096921797,20.141525062163,0.899,1,1000,direct,Eleutherodactylus_poolei,False,False,,,
35,347,Phrynomedusa_vanzolinii,Vanzolini's Leaf Frog,Anura,Hylidae,CR,25.8744065637294,16.4912857251324,27.0969370422903,17.8583401752791,0.973118110661883,0.0548175827201969,11.0582487570989,0.934,1,1000,direct,Phrynomedusa_vanzolinii,False,False,,,
36,345,Phrynomedusa_marginata,Bi-colored Leaf Frog,Anura,Hylidae,CR,25.8414818292862,17.059344293522,27.1169573434325,18.2399441465137,0.97324689764658,0.0549810856778084,10.9492498703623,0.933,1,1000,direct,Phrynomedusa_marginata,False,False,,,
37,340,Nimbaphrynoides_occidentalis,Mount Nimba Viviparous Toad,Anura,Bufonidae,CR,25.7570335093112,5.25466135321723,27.2514310747766,4.94935711812763,0.970953998653753,0.0621890276749362,23.3090795534204,0.922,1,1000,direct,Nimbaphrynoides_occidentalis,False,False,,,
40,390,Boophis_mandraka,Mandraka Bright-eyed Frog,Anura,Mantellidae,CR,24.9936781342704,8.31296783650932,26.184806417596,8.2439093336942,0.968126321131184,0.0622058228603654,20.3698546416918,0.98,1,1000,direct,Boophis_mandraka,False,False,,,
41,391,Phrynomedusa_appendiculata,Lutz's Phyllomedusa,Anura,Hylidae,CR,24.9566102556194,16.9154442783451,26.1420213433069,18.0420500388763,0.97324689764658,0.0545484835233208,11.0356606106416,0.921,1,1000,direct,Phrynomedusa_appendiculata,False,False,,,
42,400,Taudactylus_rheophilus,Northern Tinker Frog,Anura,Myobatrachidae,CR,24.5162498628227,23.4365949875064,25.8230234136423,24.5000459131384,0.96835694016066,0.0664764194766798,15.1202447069607,0.866,1,1000,direct,Taudactylus_rheophilus,False,False,,,
43,407,Taudactylus_pleione,Kroombit Tinker Frog,Anura,Myobatrachidae,CR,24.4804188214624,22.778670636399,25.6506724952587,23.8528366285365,0.96835694016066,0.0664764194766798,15.265927272038,0.881,1,1000,direct,Taudactylus_pleione,False,False,,,
44,55,Spicospina_flammocaerulea,Sunset Frog,Anura,Myobatrachidae,EN,23.7587360714411,13.6502192331717,48.777355455,11.3739552725,0.473568947586632,0.289870727608189,49.35665570085,1.0,1,1000,direct,Spicospina_flammocaerulea,False,False,,,
45,429,Stumpffia_tetradactyla,Maromandia Stump-toed Frog,Anura,Microhylidae,CR,23.5300181401063,7.33440214574721,24.838844273753,7.46673204578522,0.970423688797366,0.0630692637428442,23.2995634406207,0.978,1,1000,direct,Stumpffia_tetradactyla,False,False,,,
46,439,Andrias_davidianus,Chinese Giant Salamander,Caudata,Cryptobranchidae,CR,23.3911993606315,7.09038109133188,24.5797887980376,7.3607858460314,0.968719688075947,0.0633612926719563,8.816265655,1.0,1,1000,direct,Andrias_davidianus,False,False,,,
47,64,Epicrionops_columbianus,El Tambo Caecilian,Gymnophiona,Rhinatrematidae,EN,23.1754369643813,31.5723293921338,47.0957310935573,58.5938682077798,0.493606240137023,0.273400424925082,49.7574692661138,0.924,1,1000,direct,Epicrionops_columbianus,False,False,,,
48,453,Pseudohynobius_puxiongensis,Puxiong Salamander,Caudata,Hynobiidae,CR,23.1333188418124,4.20611196824064,24.2871843566121,3.89643086918814,0.969301624680844,0.0614597561746872,23.92457342099,1.0,1,1000,direct,Pseudohynobius_puxiongensis,False,False,,,
49,456,Eleutherodactylus_symingtoni,Western Spiny Frog,Anura,Eleutherodactylidae,CR,22.9689124101098,10.4853260962322,24.1774731390349,10.9614577901321,0.96991174968505,0.0623282588538794,10.47842890737,0.907,1,1000,direct,Eleutherodactylus_symingtoni,False,False,,,
50,61,Phaeognathus_hubrichti,Red Hills Salamander,Caudata,Plethodontidae,EN,22.6916353726368,12.9408480363612,47.545545165,8.76260771499999,0.471222188353563,0.300715834080206,47.43138639372,1.0,1,1000,direct,Phaeognathus_hubrichti,False,False,,,
51,475,Adelophryne_maranguapensis,,Anura,Eleutherodactylidae,CR,22.4794632401193,9.35715447185451,23.7581254043333,9.79573663842668,0.969031333205242,0.0611847780613557,22.2662306775054,0.907,1,1000,direct,Adelophryne_maranguapensis,False,False,,,
52,482,Hyloxalus_ranoides,Llanos Rocket Frog,Anura,Dendrobatidae,CR,22.3464382072285,19.6491583882607,23.6320931999682,20.2334208037387,0.967608696061935,0.065056189203759,16.6771390646411,0.85,1,1000,GBIF_accepted,Allobates_ranoides,False,False,,,
53,491,Boophis_liami,,Anura,Mantellidae,CR,22.2439964633852,8.59683815928565,23.4774126456609,8.93896133060227,0.967816630759521,0.0628421576109661,15.9499684540708,0.951,1,1000,direct,Boophis_liami,False,False,,,
54,497,Craugastor_trachydermus,,Anura,Craugastoridae,CR,22.0608376159299,18.3473807307022,23.3906037598635,19.3673465625147,0.969739566411864,0.0623282588538794,14.9140522242212,0.869,1,1000,direct,Craugastor_trachydermus,False,False,,,
55,506,Conraua_derooi,Togo Slippery Frog,Anura,Conrauidae,CR,21.8757510973662,27.7038195166558,23.1543846719282,29.2297773795434,0.972993594650964,0.0534336830461504,29.6252765966729,0.841,1,1000,direct,Conraua_derooi,False,False,,,
56,531,Hyloxalus_anthracinus,South American Rocket Frog,Anura,Dendrobatidae,CR,21.3020388955571,20.255349210002,22.7242622865461,21.5508142438329,0.967901633665167,0.0656095485310362,16.8624472592844,0.798,1,1000,direct,Hyloxalus_anthracinus,False,False,,,
57,8,Melanobatrachus_indicus,Orange Black Tubercled Indian Microhylid,Anura,Microhylidae,VU,20.6669481302052,6.99164793813466,86.6843676058466,10.404444208515,0.243113771489953,0.0787657754958373,86.49899207,1.0,1,1000,direct,Melanobatrachus_indicus,False,False,,,
58,57,Glandirana_minima,Little Gland Frog,Anura,Ranidae,EN,20.6512006303641,19.413384831398,48.1978567950049,32.3011927804542,0.501569596728198,0.289642831721397,39.589111845107,0.877,1,1000,direct,Glandirana_minima,False,False,,,
59,607,Eleutherodactylus_paulsoni,Hispaniolan Pink-rumped Frog,Anura,Eleutherodactylidae,CR,20.3181559575926,9.2764043493016,21.5014490067701,9.57721229329421,0.970155487653445,0.0616249095620734,17.9222765023226,0.86,1,1000,direct,Eleutherodactylus_paulsoni,False,False,,,
60,66,Eleutherodactylus_counouspeus,Yellow Cave Frog,Anura,Eleutherodactylidae,EN,20.2617307804106,13.875099782251,46.83124109,12.9763114702961,0.479542773697369,0.260373720765646,40.6861385275763,0.897,1,1000,direct,Eleutherodactylus_counouspeus,False,False,,,
61,84,Hoplophryne_rogersi,Tanzania Banana Frog,Anura,Microhylidae,EN,20.2238870597861,11.9292916020173,42.004732567067,13.814109280041,0.479888696202703,0.284925642943561,30.4823625318068,1.0,1,1000,direct,Hoplophryne_rogersi,False,False,,,
62,624,Eleutherodactylus_chlorophenax,La Hotte Giant Frog,Anura,Eleutherodactylidae,CR,20.1130022566278,8.03184209011285,21.2366297326226,7.9937512288436,0.969503445472258,0.0619284466297194,0.84245423354766,0.919,1,1000,direct,Eleutherodactylus_chlorophenax,False,False,,,
63,634,Eleutherodactylus_nortoni,Spiny Giant Frog,Anura,Eleutherodactylidae,CR,20.1096717836284,8.01503745737535,21.0880398340067,8.09095786357805,0.969503445472258,0.0615788513227079,0.84122281507347,0.92,1,1000,direct,Eleutherodactylus_nortoni,False,False,,,
64,621,Craugastor_emcelae,Rio Claro Robber Frog,Anura,Craugastoridae,CR,20.1056955565249,13.1126973277964,21.3142492881975,13.7681295546035,0.970306862514629,0.0604022553271179,14.7418735799348,0.839,1,1000,direct,Craugastor_emcelae,False,False,,,
65,633,Ischnocnema_melanopygia,,Anura,Brachycephalidae,CR,19.9744543041503,8.31155895171683,21.0998404523521,8.60600004839262,0.96900889450168,0.0615128477780071,18.3709950094477,0.882,1,1000,direct,Ischnocnema_melanopygia,False,False,,,
66,637,Nyctibatrachus_indraneili,Indraneil's Night Frog,Anura,Nyctibatrachidae,CR,19.8638371661433,4.57918135221875,20.998475836936,4.5455822472924,0.971186270333442,0.0593405896925517,21.10755754567,1.0,1,1000,direct,Nyctibatrachus_indraneili,False,False,,,
67,664,Crotaphatrema_lamottei,Mount Oku Caecilian,Gymnophiona,Scolecomorphidae,CR,19.8622620877398,26.8841909061351,20.7154049783755,28.1130710900296,0.970745606407777,0.0598926808444872,8.07997536076751,0.856,1,1000,direct,Crotaphatrema_lamottei,False,False,,,
68,683,Eleutherodactylus_fowleri,Khaki Bromeliad Frog,Anura,Eleutherodactylidae,CR,19.4704751268901,12.9701690466118,20.4801288934695,13.8888653910347,0.968997032027082,0.0622631260597929,8.55371776718287,0.882,1,1000,direct,Eleutherodactylus_fowleri,False,False,,,
69,682,Eleutherodactylus_glanduliferoides,La Selle Grassfrog,Anura,Eleutherodactylidae,CR,19.444652558846,7.85536878274665,20.4863022879358,7.76342603646541,0.969739566411864,0.0633665002348377,18.0673251598266,0.871,1,1000,direct,Eleutherodactylus_glanduliferoides,False,False,,,
70,652,Eleutherodactylus_lamprotes,Hispaniolan Orange-legged Frog,Anura,Eleutherodactylidae,CR,19.4086107982841,13.3514036055038,20.8440104356808,14.2189331365765,0.969024925451606,0.0618336886493249,8.4990080868864,0.83,1,1000,direct,Eleutherodactylus_lamprotes,False,False,,,
71,701,Anodonthyla_vallani,,Anura,Microhylidae,CR,19.1665174858491,6.4930208141497,20.2177841624546,6.73497093004424,0.969075507372485,0.0644596352706827,19.040817346797,0.996,1,1000,direct,Anodonthyla_vallani,False,False,,,
72,736,Eleutherodactylus_albipes,Turquino White-footed Frog,Anura,Eleutherodactylidae,CR,18.9554979015293,5.32863439451739,19.9452845289286,5.24413915693135,0.969559868386247,0.0634540376721056,17.4211267534936,0.896,1,1000,direct,Eleutherodactylus_albipes,False,False,,,
73,107,Mercurana_myristicapalustris,Myristica Lowland Tree Frog,Anura,Rhacophoridae,EN,18.7353587013827,11.5916819867935,39.625841015,9.0871393675,0.481672497261972,0.281581360621586,38.983407405889,0.987,1,1000,direct,Mercurana_myristicapalustris,False,False,,,
74,774,Wolterstorffina_parvipalmata,Cameroon Wolterstorff Toad,Anura,Bufonidae,CR,18.6713451904887,6.2897317060998,19.6030209802667,6.29694473104263,0.970930053687783,0.062309165641676,8.71724996003295,0.995,1,1000,direct,Wolterstorffina_parvipalmata,False,False,,,
75,110,Rhombophryne_minuta,Tiny Digging Frog,Anura,Microhylidae,EN,18.6253062419357,11.2596994703536,39.3743338420715,9.88244536043518,0.485739595692911,0.294754957599731,29.5246321356402,0.992,1,1000,direct,Rhombophryne_minuta,False,False,,,
76,118,Megastomatohyla_mixomaculata,Variegated Treefrog,Anura,Hylidae,EN,18.362641903285,11.104687439845,38.3946505368162,8.20900813235046,0.49314630222302,0.273195444862979,10.5785425172053,1.0,1,1000,direct,Megastomatohyla_mixomaculata,False,False,,,
77,796,Strabomantis_necerus,Mindo Robber Frog,Anura,Strabomantidae,CR,18.3142239018728,13.3194253179004,19.2810126076705,14.1522568618658,0.970789464393482,0.0613919994256327,14.3157111826691,0.832,1,1000,direct,Strabomantis_necerus,False,False,,,
78,81,Praslinia_cooperi,Cooper's Black Caecilian,Gymnophiona,Indotyphlidae,EN,18.3115990329721,14.1210953568831,42.5332801105641,24.2440315217607,0.484511096913433,0.282437532984826,34.4906652960797,0.924,1,1000,direct,Praslinia_cooperi,False,False,,,
79,783,Phrynobatrachus_intermedius,Intermediate Puddle Frog,Anura,Phrynobatrachidae,CR,18.3024138533291,9.30466789518728,19.4445272049272,9.85958572756193,0.972675212241516,0.0541255609604868,17.1672595930105,0.86,1,1000,direct,Phrynobatrachus_intermedius,False,False,,,
80,819,Chiropterotriton_lavae,Pigmy Splayfoot Salamander,Caudata,Plethodontidae,CR,18.2909125719654,4.7632177546043,19.1122289101636,4.69058005255161,0.969050511606955,0.0603451225036006,16.2218283275121,0.999,1,1000,direct,Chiropterotriton_lavae,False,False,,,
81,803,Leiopelma_archeyi,Archey's Frog,Anura,Leiopelmatidae,CR,18.2899886140034,6.63552679298211,19.2360340081103,6.88064594409932,0.971553678703325,0.0567411320632665,17.305075004,0.993,1,1000,direct,Leiopelma_archeyi,False,False,,,
82,795,Aromobates_nocturnus,Skunk Frog,Anura,Dendrobatidae,CR,18.2247957671665,5.94142524176094,19.2816723028897,5.92003134229671,0.968161711892706,0.067482776084596,11.7664883575949,0.912,1,1000,direct,Aromobates_nocturnus,False,False,,,
83,146,Batrachophrynus_brachydactylus,Junín Riparian Frog,Anura,Telmatobiidae,EN,18.1552431915846,11.8157043183675,36.0648512156787,17.7787871451631,0.494777066349466,0.289288427112362,16.2154718275174,1.0,1,1000,GBIF_accepted,Telmatobius_brachydactylus,False,False,,,
84,14,Boulengerula_fischeri,,Gymnophiona,Herpelidae,VU,18.0484549901136,5.8642442449822,75.5723547619074,13.8632116239798,0.242833172355425,0.0755388631482331,66.1993616061581,1.0,1,1000,direct,Boulengerula_fischeri,False,False,,,
85,849,Andinophryne_atelopoides,Western Andes Toad,Anura,Bufonidae,CR,18.0352755406412,14.1760959201399,18.8912813762956,14.7724214822223,0.97038162961448,0.0625673258498765,8.5818170819223,0.861,1,1000,GBIF_accepted,Rhaebo_atelopoides,False,False,,,
86,814,Churamiti_maridadi,Beautiful Metallic Toad,Anura,Bufonidae,CR,18.0294622637771,10.6678556255158,19.1351423804668,11.1009340486904,0.970651698949087,0.0596296524434576,15.7740749477417,0.767,1,1000,direct,Churamiti_maridadi,False,False,,,
87,140,Batrachophrynus_macrostomus,Lake Junin Frog,Anura,Telmatobiidae,EN,18.0072477595153,11.7678543099246,36.5577747550586,17.7499671633354,0.494777066349466,0.289288427112362,16.2154718275174,1.0,1,1000,GBIF_accepted,Telmatobius_macrostomus,False,False,,,
88,837,Cynops_glaucus,,Caudata,Salamandridae,CR,17.9969313376776,4.52261550581741,18.9851959932731,4.53559177102073,0.96773570081658,0.0638480019045867,16.9280584853752,1.0,1,1000,GBIF_iucn_link,Cynops_glaucus,False,False,,,
89,861,Rhombophryne_matavy,,Anura,Microhylidae,CR,17.9782420454767,16.1385894157217,18.8064319757723,16.7368049248651,0.969516383153851,0.0643754720008819,15.0834190480063,0.85,1,1000,direct,Rhombophryne_matavy,False,False,,,
90,825,Wolterstorffina_chirioi,,Anura,Bufonidae,CR,17.9581048812571,6.99618178352709,19.0587363716886,7.21088159974516,0.971046491143967,0.0623155166903388,7.42617836094998,0.998,1,1000,direct,Wolterstorffina_chirioi,False,False,,,
91,827,Eleutherodactylus_ventrilineatus,Macaya Dusky Frog,Anura,Eleutherodactylidae,CR,17.9491494357618,11.2948554021534,19.0564487049385,11.9724086553439,0.969927275728374,0.0624501476105776,9.410048669901,0.862,1,1000,direct,Eleutherodactylus_ventrilineatus,False,False,,,
92,832,Eleutherodactylus_brevirostris,Short-nosed Green Frog,Anura,Eleutherodactylidae,CR,17.9291342360809,10.9585716209636,19.0267577998028,11.495204834722,0.969844242361926,0.0625132444774216,9.38703109389325,0.862,1,1000,direct,Eleutherodactylus_brevirostris,False,False,,,
93,135,Anodonthyla_jeanbai,,Anura,Microhylidae,EN,17.838503391825,9.94959038586584,36.8557719974752,8.13481617152085,0.480497294600884,0.280851212680451,37.32631043897,1.0,1,1000,direct,Anodonthyla_jeanbai,False,False,,,
94,153,Barbourula_kalimantanensis,,Anura,Bombinatoridae,EN,17.8031335807636,9.92644745222443,35.5820684922376,10.0583630460938,0.4940777310538,0.285819098471767,29.73142951,1.0,1,1000,direct,Barbourula_kalimantanensis,False,False,,,
95,116,Phrynobatrachus_krefftii,Krefft's Puddle Frog,Anura,Phrynobatrachidae,EN,17.7498874103289,17.1892799910315,38.7465809171552,31.6421690731025,0.503548048865993,0.273361536751627,32.3817369794533,0.874,1,1000,direct,Phrynobatrachus_krefftii,False,False,,,
96,98,Eleutherodactylus_richmondi,Richmond's Coqui,Anura,Eleutherodactylidae,EN,17.7150155369876,11.6378778167456,40.3839986172706,16.2762028870976,0.48225770977199,0.261185318950814,20.7518687568032,0.94,1,1000,direct,Eleutherodactylus_richmondi,False,False,,,
97,871,Paratelmatobius_lutzii,Lutz's Rapids Frog,Anura,Leptodactylidae,CR,17.7120642192145,18.8554674339874,18.6608942897549,19.6741223632296,0.971022851990672,0.0591539269262114,15.7850007336645,0.764,1,1000,direct,Paratelmatobius_lutzii,False,False,,,
98,138,Anodonthyla_emilei,,Anura,Microhylidae,EN,17.6887628745113,9.74172942026502,36.6024512425338,9.45655437405457,0.481273530837235,0.281329933904516,35.93396106698,1.0,1,1000,direct,Anodonthyla_emilei,False,False,,,
99,134,Ranodon_sibiricus,Semirechensk Salamander,Caudata,Hynobiidae,EN,17.6352953305306,9.96260842898473,36.8823917210069,5.67044939346472,0.476232337503651,0.284176836401456,36.69891104686,1.0,1,1000,direct,Ranodon_sibiricus,False,False,,,
100,101,Phytotriades_auratus,Golden Treefrog,Anura,Hylidae,EN,17.5692190844258,11.9609778269947,40.189245045,17.2858468033958,0.490215568361252,0.272211124459166,35.8328073529215,0.94,1,1000,direct,Phytotriades_auratus,False,False,,,
102,891,Thorius_lunaris,Crescent-nostriled Thorius,Caudata,Plethodontidae,CR,17.5042033843886,5.6159574710654,18.4550473459457,5.71179950268851,0.96895625367467,0.0599587821357352,4.68012713250103,0.864,1,1000,direct,Thorius_lunaris,False,False,,,
103,896,Gastrotheca_cornuta,Horned Marsupial Frog,Anura,Hemiphractidae,CR,17.4410224533072,7.78712962568793,18.4365191078175,8.12194007469513,0.968811159469949,0.0673374782027483,13.4692884112595,0.891,1,1000,direct,Gastrotheca_cornuta,False,False,,,
104,889,Thorius_munificus,McDiarmid Thorius,Caudata,Plethodontidae,CR,17.4407089878301,5.67955434016672,18.4672537727105,5.83268074828944,0.96895625367467,0.0599587821357352,4.7023876937442,0.858,1,1000,direct,Thorius_munificus,False,False,,,
105,898,Eleutherodactylus_sciagraphus,La Hotte Striped-legged Frog,Anura,Eleutherodactylidae,CR,17.4361262280786,11.646237506825,18.4222802046345,12.1919208452389,0.970002158209904,0.0624673422213518,2.14734864034051,0.801,1,1000,direct,Eleutherodactylus_sciagraphus,False,False,,,
106,879,Eleutherodactylus_glandulifer,La Hotte Glanded Frog,Anura,Eleutherodactylidae,CR,17.4337279582186,11.5606925496592,18.5796062631139,12.0839620253747,0.970002158209904,0.0619348744688397,2.12372503347946,0.802,1,1000,direct,Eleutherodactylus_glandulifer,False,False,,,
107,897,Andinophryne_olallai,Tandayapa Andes Toad,Anura,Bufonidae,CR,17.3422366835549,14.1644504837682,18.4343460779591,14.4536127871507,0.970168698415343,0.0625654709628727,7.68920868187867,0.854,1,1000,GBIF_accepted,Rhaebo_olallai,False,False,,,
108,933,Noblella_coloma,,Anura,Strabomantidae,CR,17.3148330257426,20.2926203815589,18.140076409863,21.1174476811567,0.971256721251837,0.0609188582941099,17.2841547919624,0.74,1,1000,GBIF_iucn_link,Noblella_coloma,False,False,,,
109,917,Eleutherodactylus_gryllus,Cricket Coqui,Anura,Eleutherodactylidae,CR,17.3129810247828,4.80916778201891,18.2616124673012,4.83755436782321,0.969495275255735,0.0613675649556911,16.0679977375353,0.876,1,1000,direct,Eleutherodactylus_gryllus,False,False,,,
110,148,Plethodon_neomexicanus,Jemez Mountains Salamander,Caudata,Plethodontidae,EN,17.2523525505487,9.90929837349381,35.9152556231686,7.10220104102891,0.472144151579227,0.299148716348232,36.12428896786,1.0,1,1000,direct,Plethodon_neomexicanus,False,False,,,
111,117,Eleutherodactylus_zeus,Cuban Giant Frog,Anura,Eleutherodactylidae,EN,17.150138645824,11.4983546342128,38.5028165749797,10.4103715167553,0.484043740245677,0.263407383323571,10.2700661923799,0.923,1,1000,direct,Eleutherodactylus_zeus,False,False,,,
112,18,Andrias_japonicus,Japanese Giant Salamander,Caudata,Cryptobranchidae,VU,17.1418528934271,5.92229842271425,71.5300654904192,12.1784827053782,0.240370635133984,0.0788079516661554,8.816265655,1.0,1,1000,direct,Andrias_japonicus,False,False,,,
113,941,Euparkerella_robusta,Izecksohn's Guanabara Frog,Anura,Strabomantidae,CR,17.1306233127477,6.10778053513738,18.0493773458238,6.33419936046071,0.971256721251837,0.0598445632849638,18.536588923734,0.988,1,1000,direct,Euparkerella_robusta,False,False,,,
114,956,Raorchestes_marki,Mark's Bush Frog,Anura,Rhacophoridae,CR,17.0838816856567,8.17316846066656,17.9184740803802,8.75094169953657,0.968980421301922,0.0597534974330568,16.0070737402473,0.839,1,1000,direct,Raorchestes_marki,False,False,,,
115,964,Werneria_bambutensis,Bamboutos Smalltongue Toad,Anura,Bufonidae,CR,17.0083925723848,7.19955400297853,17.8789297997837,7.53437900344355,0.971046491143967,0.0621596551475353,9.21211605440317,0.946,1,1000,direct,Werneria_bambutensis,False,False,,,
116,987,Leptodactylodon_erythrogaster,Redbelly Egg Frog,Anura,Arthroleptidae,CR,16.7888592836118,17.7224492691069,17.6456540654409,18.5113395553836,0.970276869063308,0.066981954892957,15.650966067961,0.784,1,1000,direct,Leptodactylodon_erythrogaster,False,False,,,
117,982,Pseudophilautus_stellatus,,Anura,Rhacophoridae,CR,16.6822634611562,9.85458792820764,17.6680544321356,10.2479236473482,0.969741509090079,0.0596944629743805,12.5785120743567,0.838,1,1000,direct,Pseudophilautus_stellatus,False,False,,,
118,1006,Leptolalax_bidoupensis,Bidoup Litter Toad,Anura,Megophryidae,CR,16.6642931790214,12.3527920317713,17.5046612967147,12.450241742284,0.970492114096124,0.0593653042651152,12.9119576014461,0.775,1,1000,GBIF_accepted,Leptobrachella_bidoupensis,False,False,,,
119,1009,Stumpffia_analamaina,,Anura,Microhylidae,CR,16.6380028673798,14.5215093259888,17.4911578202883,15.4514370586515,0.970356921865497,0.0639393968607673,15.3857849608974,0.801,1,1000,direct,Stumpffia_analamaina,False,False,,,
120,1020,Leptodactylodon_wildi,,Anura,Arthroleptidae,CR,16.5984863197476,16.8700773148002,17.4113856397951,17.7215616722972,0.970276869063308,0.0671421636403633,14.9537337595277,0.762,1,1000,direct,Leptodactylodon_wildi,False,False,,,
121,992,Bufoides_meghalayanus,Khasi Hill Rock Toad,Anura,Bufonidae,CR,16.5852044350557,19.9999952406649,17.6137693332199,21.1850255295895,0.970267930434586,0.0616861339004459,19.4788155047148,0.739,1,1000,direct,Bufoides_meghalayanus,False,False,,,
122,1008,Allobates_chalcopis,Martinique Volcano Frog,Anura,Dendrobatidae,CR,16.5784542704144,10.4007859160853,17.4922108848933,10.7774758444603,0.969155670035643,0.0646260905812246,15.0140151229163,0.778,1,1000,direct,Allobates_chalcopis,False,False,,,
123,191,Allophryne_relicta,,Anura,Allophrynidae,EN,16.5591158975499,9.11123981988864,33.057530685012,11.0393221322345,0.495654159942475,0.272872831782871,33.869827441,1.0,1,1000,direct,Allophryne_relicta,False,False,,,
124,1026,Ecnomiohyla_rabborum,Rabb’s Fringe-limbed Treefrog,Anura,Hylidae,CR,16.365766642458,16.7665156954581,17.3816685235501,17.5755568204455,0.971848607971157,0.0599520361696835,13.1195242663527,0.751,1,1000,direct,Ecnomiohyla_rabborum,False,False,,,
125,1036,Werneria_iboundji,,Anura,Bufonidae,CR,16.2846053936165,6.82529403668741,17.310582353424,7.14976689223647,0.971046491143967,0.0622346424097715,7.98117813085167,0.958,1,1000,direct,Werneria_iboundji,False,False,,,
126,1104,Nannophryne_apolobambica,,Anura,Bufonidae,CR,16.2624438139151,24.3821703380179,16.7388609920379,25.7056372074007,0.970732182770476,0.0613028105561847,10.4424730494481,0.681,1,1000,direct,Nannophryne_apolobambica,False,False,,,
127,183,Bradytriton_silus,Finca Chiblac Salamander,Caudata,Plethodontidae,EN,16.0462931433023,9.07613744842626,33.298784475,7.3049462575,0.477050243744744,0.28735330066226,33.32438049391,1.0,1,1000,direct,Bradytriton_silus,False,False,,,
128,1091,Craugastor_tabasarae,Tabasara Rainfrog,Anura,Craugastoridae,CR,16.0207738351941,7.88318823780484,16.8334760598475,8.09571559550933,0.970155487653445,0.0594836293472083,13.993487047295,0.877,1,1000,direct,Craugastor_tabasarae,False,False,,,
129,1102,Werneria_mertensiana,Mertens' Smalltongue Toad,Anura,Bufonidae,CR,15.9333083191644,6.3695528592722,16.756723488047,6.72983688826856,0.970953998653753,0.0622877323757799,1.20327648936275,0.919,1,1000,direct,Werneria_mertensiana,False,False,,,
130,1103,Chiropterotriton_terrestris,Terrestrial Splayfoot Salamander,Caudata,Plethodontidae,CR,15.9216161009904,4.20569789438369,16.751614197071,4.30479890018907,0.969450859192444,0.0603451225036006,13.8165901191374,0.999,1,1000,direct,Chiropterotriton_terrestris,False,False,,,
131,1085,Werneria_tandyi,Tandy's Smalltongue Toad,Anura,Bufonidae,CR,15.8641064406716,6.4780085861347,16.8612193787364,6.61916907572139,0.970953998653753,0.0622346424097715,1.20121512364922,0.911,1,1000,direct,Werneria_tandyi,False,False,,,
133,1158,Leptodactylus_silvanimbus,Honduras White-lipped Frog,Anura,Leptodactylidae,CR,15.6822306480848,21.0069550634416,16.3520096080824,21.576341196382,0.970605427818649,0.0592157272743306,16.6284666351483,0.676,1,1000,direct,Leptodactylus_silvanimbus,False,False,,,
134,1109,Aromobates_molinarii,Molinari's Rocket Frog,Anura,Dendrobatidae,CR,15.6273360677076,8.35729421232529,16.7263242536028,8.59382461920867,0.968961966062382,0.0675661563749548,9.22078058626921,0.788,1,1000,direct,Aromobates_molinarii,False,False,,,
135,1131,Eleutherodactylus_rivularis,Short-legged Streamside Frog,Anura,Eleutherodactylidae,CR,15.5942328245448,4.11804731800311,16.554571868939,4.31660476676749,0.969828716318601,0.0631739543248715,14.6188411783465,0.899,1,1000,direct,Eleutherodactylus_rivularis,False,False,,,
136,1170,Anodonthyla_theoi,,Anura,Microhylidae,CR,15.472163030437,5.99977380016433,16.310519384148,6.08649446908914,0.969176528229033,0.0642752642939285,7.206465061068,0.976,1,1000,direct,Anodonthyla_theoi,False,False,,,
137,1195,Ptychohyla_dendrophasma,Phantom Treefrog,Anura,Hylidae,CR,15.4503899946791,7.58452250079967,16.1471583497284,7.93004982399884,0.971400287179017,0.0598810039811394,12.1396753917432,0.868,1,1000,direct,Ptychohyla_dendrophasma,False,False,,,
138,1182,Callulina_dawida,Taita Hills Warty Frog,Anura,Brevicipitidae,CR,15.4372687454909,4.61823925316526,16.2422934397978,4.9506518850948,0.970756411784619,0.0551841547490513,14.2156677453998,0.973,1,1000,direct,Callulina_dawida,False,False,,,
139,235,Scolecomorphus_uluguruensis,Nyingwa Caecilian,Gymnophiona,Scolecomorphidae,EN,15.3933308041959,10.7450927077299,31.3879276012353,15.6163710969818,0.488651009367663,0.27307780881308,30.1891532263285,0.945,1,1000,direct,Scolecomorphus_uluguruensis,False,False,,,
140,149,Allobates_juanii,,Anura,Dendrobatidae,EN,15.3880000045742,11.6351167336888,35.8613174374286,19.977457429862,0.48154342133153,0.277152203112169,27.3150188546905,0.935,1,1000,direct,Allobates_juanii,False,False,,,
141,1207,Aromobates_serranus,Sierra Rocket Frog,Anura,Dendrobatidae,CR,15.3807933546718,9.45718085767771,16.0732210099073,9.78438373164988,0.967665741498136,0.067482776084596,9.1394818626154,0.818,1,1000,direct,Aromobates_serranus,False,False,,,
142,1227,Psychrophrynella_harveyi,,Anura,Strabomantidae,CR,15.2300390848069,12.985008320171,15.9591909751904,13.4816910377067,0.971386574396051,0.0603885990262667,11.4043535267404,0.783,1,1000,GBIF_accepted,Microkayla_harveyi,False,False,,,
143,227,Anodonthyla_rouxae,Madagascar Climbing Frog,Anura,Microhylidae,EN,15.2167022312921,8.34432150589812,31.5571575379975,8.61631164741378,0.480497294600884,0.28099958526274,29.52709094297,1.0,1,1000,direct,Anodonthyla_rouxae,False,False,,,
144,1230,Aromobates_duranti,,Anura,Dendrobatidae,CR,15.2138861781332,8.95640144331596,15.9449135536011,9.6267314352631,0.968161711892706,0.0674152253916975,8.40824194850402,0.815,1,1000,direct,Aromobates_duranti,False,False,,,
145,1228,Kalophrynus_yongi,Cameron Highland Sticky Frog,Anura,Microhylidae,CR,15.107873641296,14.0323436275153,15.9522451886091,14.5546142039567,0.96997946382861,0.063446095499452,15.2801392413318,0.724,1,1000,direct,Kalophrynus_yongi,False,False,,,
146,213,Platypelis_tsaratananaensis,Tsaratanana Giant Treefrog,Anura,Microhylidae,EN,14.9556672453325,8.82238192126346,32.0902339498022,10.9259068634587,0.479958255146201,0.281462509229383,28.1657500104458,0.982,1,1000,direct,Platypelis_tsaratananaensis,False,False,,,
147,26,Hypodactylus_dolops,,Anura,Strabomantidae,VU,14.906519689149,6.42707570767263,65.7513384423555,12.7887420816659,0.243190083530075,0.07958456949961,56.4071466223606,0.929,1,1000,GBIF_accepted,Niceforonia_dolops,False,False,,,
148,1286,Philoria_frosti,Baw Baw Frog,Anura,Myobatrachidae,CR,14.885391688146,13.1623906802254,15.5956014208767,14.2838357250845,0.970271955044897,0.0618562846192148,12.9455563225434,0.795,1,1000,direct,Philoria_frosti,False,False,,,
149,243,Rhombophryne_serratopalpebrosa,Guibé's Digging Frog,Anura,Microhylidae,EN,14.880311152759,8.85997377304957,30.8941980814878,10.0710479962117,0.48701700482296,0.284408511569909,29.274702143683,0.998,1,1000,direct,Rhombophryne_serratopalpebrosa,False,False,,,
150,230,Rhinatrema_shiv,Two-lined Caecilian,Gymnophiona,Rhinatrematidae,EN,14.8395025239464,12.1584308296261,31.479853270878,22.3259432437801,0.493208600286555,0.273641858039428,31.1061854576484,0.913,1,1000,direct,Rhinatrema_shiv,False,False,,,
151,1337,Psychrophrynella_ankohuma,,Anura,Strabomantidae,CR,14.7494761584512,13.7251114171641,15.3909229826379,14.5990508457427,0.971386574396051,0.0604217416365819,11.2416351489717,0.755,1,1000,GBIF_accepted,Microkayla_ankohuma,False,False,,,
152,1295,Arthroleptis_nikeae,Nike's Squeaker,Anura,Arthroleptidae,CR,14.6871092965282,7.59722013291415,15.5635757418176,8.03225468435758,0.970746166591785,0.0644028531135253,14.535974203968,0.831,1,1000,direct,Arthroleptis_nikeae,False,False,,,
153,1313,Pseudohynobius_shuichengensis,Shuicheng Salamander,Caudata,Hynobiidae,CR,14.6835425948919,3.9426253268961,15.4891986020719,3.81967846752073,0.969301624680844,0.0616927508823685,13.776221550114,0.999,1,1000,direct,Pseudohynobius_shuichengensis,False,False,,,
154,1341,Ixalotriton_parvus,Dwarf False Brook Salamander,Caudata,Plethodontidae,CR,14.6301107009313,5.26933278189564,15.3728607142661,5.61325154108938,0.971849524102678,0.0575916780377251,6.517796794659,0.975,1,1000,direct,Ixalotriton_parvus,False,False,,,
155,278,Geobatrachus_walkeri,Walker's Sierra Frog,Anura,Strabomantidae,EN,14.6176214715011,13.6192190259125,29.3979361290158,23.8389150518706,0.48951979905574,0.287604057308079,31.716007786622,0.944,1,1000,direct,Geobatrachus_walkeri,False,False,,,
156,248,Nothophryne_broadleyi,Mongrel Frog,Anura,Pyxicephalidae,EN,14.6136406687325,15.4606579837501,30.7257717639622,26.7879404209333,0.498084258852925,0.270944939907645,30.1868973447191,0.932,1,1000,direct,Nothophryne_broadleyi,False,False,,,
157,1372,Strabomantis_cadenai,Nutibara Robber Frog,Anura,Strabomantidae,CR,14.5839743127575,13.9345386348825,15.2260443747198,14.676894738814,0.970614916471869,0.0613919994256327,12.6061291136806,0.732,1,1000,direct,Strabomantis_cadenai,False,False,,,
158,1331,Psychrophrynella_pinguis,,Anura,Strabomantidae,CR,14.5839123285357,12.1844808623946,15.4143639480178,12.4393355697689,0.971386574396051,0.0603885990262667,11.1353883908429,0.769,1,1000,GBIF_accepted,Microkayla_pinguis,False,False,,,
159,1317,Aromobates_meridensis,Merida Rocket Frog,Anura,Dendrobatidae,CR,14.5569064841645,4.71053203736418,15.4663221831928,4.73390124655677,0.969155670035643,0.067422067633459,11.3314923090701,0.875,1,1000,direct,Aromobates_meridensis,False,False,,,
160,1375,Eleutherodactylus_apostates,La Hotte Big-legged Frog,Anura,Eleutherodactylidae,CR,14.5005403530544,4.70229665751062,15.2123086930768,4.86256774730361,0.970155487653445,0.0619348744688397,9.398096489409,0.905,1,1000,direct,Eleutherodactylus_apostates,False,False,,,
161,185,Arthroleptis_tanneri,Tanzania Screeching Frog,Anura,Arthroleptidae,EN,14.4953663726885,12.7307413277407,33.2364324755267,22.2592585571736,0.489263638850027,0.277465695522134,26.6424833631141,0.883,1,1000,direct,Arthroleptis_tanneri,False,False,,,
162,249,Eleutherodactylus_minutus,Hispaniolan Wheeping Frog,Anura,Eleutherodactylidae,EN,14.4266681421735,8.1981654626049,30.6812504815472,9.97634809230452,0.479542773697369,0.257045760316543,24.4867462755984,0.988,1,1000,direct,Eleutherodactylus_minutus,False,False,,,
163,1371,Echinotriton_chinhaiensis,Chinhai Spiny Newt,Caudata,Salamandridae,CR,14.4034761446866,4.00578040529739,15.2303569952777,4.08070687847263,0.96773570081658,0.0642084956393643,13.528489475883,0.999,1,1000,direct,Echinotriton_chinhaiensis,False,False,,,
164,1369,Thoropa_lutzi,Lutz's River Frog,Anura,Cycloramphidae,CR,14.3860226436603,20.3350847387782,15.2456504998503,21.4823492148473,0.972449791247461,0.060422435037392,16.6667009563118,0.674,1,1000,direct,Thoropa_lutzi,False,False,,,
165,270,Cacosternum_platys,Flat Dainty Frog,Anura,Pyxicephalidae,EN,14.3851572559041,9.3550713546117,29.6946797156474,11.0612005928269,0.500388700492035,0.264042472879232,18.1579293218802,0.982,1,1000,direct,Cacosternum_platys,False,False,,,
166,269,Microbatrachella_capensis,Cape Flats Frog,Anura,Pyxicephalidae,EN,14.378218587909,8.95279769586113,29.722471437112,11.0822820363256,0.500388700492035,0.264290595675036,17.7892247925925,0.948,1,1000,direct,Microbatrachella_capensis,False,False,,,
167,1409,Eleutherodactylus_oxyrhyncus,Hispaniolan Sharp-nosed Frog,Anura,Eleutherodactylidae,CR,14.3643536284206,5.0456366677181,15.0837075951887,5.10052262656458,0.969927275728374,0.0625132444774216,9.00071396276856,0.885,1,1000,direct,Eleutherodactylus_oxyrhyncus,False,False,,,
168,1396,Psychrophrynella_kallawaya,,Anura,Strabomantidae,CR,14.3601122963846,12.3173138948509,15.1377689729057,13.1165823962112,0.971256721251837,0.060694682596068,10.7143794939501,0.753,1,1000,GBIF_accepted,Microkayla_kallawaya,False,False,,,
169,272,Nyctibatrachus_anamallaiensis,Anamallai Night Frog,Anura,Nyctibatrachidae,EN,14.3455125634756,7.74044220128617,29.4762956796291,6.61018314607837,0.486257155922044,0.280552169849906,25.43658643677,1.0,1,1000,direct,Nyctibatrachus_anamallaiensis,False,False,,,
170,1411,Gastrotheca_litonedis,Azuay Marsupial Frog,Anura,Hemiphractidae,CR,14.2933948362562,4.8273910228428,15.0774983891772,4.92231401748038,0.967952023714962,0.0649010425668808,13.7265830009042,0.919,1,1000,direct,Gastrotheca_litonedis,False,False,,,
171,1406,Phrynobatrachus_steindachneri,Steindachner's River Frog,Anura,Phrynobatrachidae,CR,14.2769598616246,5.87570010407873,15.0949074250259,6.01555100336691,0.972675212241516,0.0538312671169106,13.3273729483933,0.867,1,1000,direct,Phrynobatrachus_steindachneri,False,False,,,
172,1428,Psychrophrynella_guillei,,Anura,Strabomantidae,CR,14.2696995241604,12.8658106614147,15.0212045862112,13.6735118399304,0.971227982755603,0.0609963461383245,10.7682436642974,0.747,1,1000,GBIF_accepted,Microkayla_guillei,False,False,,,
173,239,Theloderma_palliatum,Cloaked Moss Frog,Anura,Rhacophoridae,EN,14.2643293556351,9.5150836328127,31.045998525,11.8957001152741,0.478007086558279,0.283473315058954,27.4170434959638,0.94,1,1000,direct,Theloderma_palliatum,False,False,,,
174,1361,Aromobates_alboguttatus,White-dotted Rocket Frog,Anura,Dendrobatidae,CR,14.258651935765,9.66351300355303,15.2779150561604,10.1034327597478,0.968811159469949,0.0680774719972165,8.264614478104,0.795,1,1000,direct,Aromobates_alboguttatus,False,False,,,
175,275,Nyctibatrachus_beddomii,Beddome's Night Frog,Anura,Nyctibatrachidae,EN,14.2500932141281,7.948201977999,29.4179356213556,6.36217812797932,0.486943780212767,0.280552169849906,25.43658643677,1.0,1,1000,direct,Nyctibatrachus_beddomii,False,False,,,
176,1391,Eleutherodactylus_parapelates,Macaya Burrowing Frog,Anura,Eleutherodactylidae,CR,14.2465831358907,7.59997631386323,15.1506419291981,7.79253191458618,0.969503445472258,0.0615655773214168,10.5161361161087,0.793,1,1000,direct,Eleutherodactylus_parapelates,False,False,,,
177,1470,Cycloramphus_granulosus,Granular Button Frog,Anura,Cycloramphidae,CR,14.1284689398551,15.9701685761015,14.8124830761512,16.7145143292799,0.972620092595286,0.0604485055732765,13.8802800465022,0.709,1,1000,direct,Cycloramphus_granulosus,False,False,,,
178,1436,Eleutherodactylus_bartonsmithi,Boca de Yumuri Frog,Anura,Eleutherodactylidae,CR,14.1223365748822,4.59610323822789,14.9727842464157,4.7663097559245,0.968945935112456,0.0618913537698396,11.7888563748307,0.883,1,1000,direct,Eleutherodactylus_bartonsmithi,False,False,,,
179,251,Leptolalax_firthi,,Anura,Megophryidae,EN,14.0509948137373,16.6651577261938,30.633665027841,33.2126364531347,0.489249515567248,0.280058612512379,23.8532137415698,0.793,1,1000,GBIF_accepted,Leptobrachella_firthi,False,False,,,
180,1501,Pseudophilautus_ocularis,,Anura,Rhacophoridae,CR,14.0315104755681,8.13175365000221,14.6850244710245,8.27946650469417,0.970306243611442,0.0586101207878716,11.0433583686021,0.768,1,1000,direct,Pseudophilautus_ocularis,False,False,,,
181,1503,Strabomantis_helonotus,Rio Pitzara Robber Frog,Anura,Strabomantidae,CR,14.0081271373759,13.2529513251908,14.6726294819542,14.0338525985791,0.970981199003241,0.0624786519331019,11.9853330597647,0.734,1,1000,direct,Strabomantis_helonotus,False,False,,,
182,263,Platypelis_alticola,Madagascar Giant Treefrog,Anura,Microhylidae,EN,13.9900783638108,8.68097397496769,30.0040588686184,10.8486591784081,0.481273530837235,0.284887573810721,26.3563255434263,0.963,1,1000,direct,Platypelis_alticola,False,False,,,
183,1476,Eleutherodactylus_furcyensis,La Selle Red-legged Frog,Anura,Eleutherodactylidae,CR,13.983759252102,5.37891717238674,14.7601907173229,5.38148919784134,0.970155487653445,0.0619409081313302,9.9176542611111,0.921,1,1000,direct,Eleutherodactylus_furcyensis,False,False,,,
184,1563,Phrynobatrachus_breviceps,Short-headed Puddle Frog,Anura,Phrynobatrachidae,CR,13.9569294476974,16.2611927116893,14.4253298685426,17.2882199823984,0.972675212241516,0.0541648872695172,16.260753798355,0.688,1,1000,direct,Phrynobatrachus_breviceps,False,False,,,
185,1589,Occidozyga_tompotika,,Anura,Dicroglossidae,CR,13.9257484351382,18.9856110959012,14.3575814134502,20.0234864233833,0.971663747059022,0.0587221835669797,17.4089053977487,0.669,1,1000,direct,Occidozyga_tompotika,False,False,,,
186,1522,Telmatobius_vellardi,Vellard's Water Frog,Anura,Telmatobiidae,CR,13.9218634597535,11.9366682291928,14.575492178756,12.0324676125198,0.971668131832441,0.0609341171031737,9.32420614989645,0.731,1,1000,direct,Telmatobius_vellardi,False,False,,,
187,260,Boophis_sambirano,,Anura,Mantellidae,EN,13.9217761244616,8.699923419572,30.0768897784112,10.6107011053984,0.475060464888952,0.289234583203449,16.5116168251646,0.976,1,1000,direct,Boophis_sambirano,False,False,,,
188,1514,Strabomantis_cerastes,Palma Real Robber Frog,Anura,Strabomantidae,CR,13.8984329469048,12.7851433124618,14.6423289897439,13.4671640693086,0.970789464393482,0.0617815961632187,11.4620410559123,0.728,1,1000,direct,Strabomantis_cerastes,False,False,,,
189,1570,Phrynobatrachus_jimzimkusi,Jim Zimkus' Puddle Frog,Anura,Phrynobatrachidae,CR,13.8693932005026,18.159058492359,14.4044038547332,18.7693122378309,0.972675212241516,0.0542219229106979,16.3026695050364,0.666,1,1000,direct,Phrynobatrachus_jimzimkusi,False,False,,,
190,1540,Phrynobatrachus_irangi,Irangi Puddle Frog,Anura,Phrynobatrachidae,CR,13.8692497774426,19.0434955819724,14.5161853675501,19.6809390001402,0.973097884635374,0.0542697067949903,16.5704836537806,0.683,1,1000,direct,Phrynobatrachus_irangi,False,False,,,
191,296,Rhombophryne_testudo,Nosy Be Burrowing Frog,Anura,Microhylidae,EN,13.8340274587547,7.96260891374052,28.6900209232431,8.87663088225742,0.48701700482296,0.288601309747475,25.8354314582888,0.996,1,1000,direct,Rhombophryne_testudo,False,False,,,
192,1559,Dendrotriton_chujorum,,Caudata,Plethodontidae,CR,13.8254674379881,3.12489851253161,14.4569461610009,3.03143378225003,0.968430021200651,0.0603389763945651,5.42998116402,0.996,1,1000,direct,Dendrotriton_chujorum,False,False,,,
193,1531,Dendrotriton_cuchumatanus,Forest Bromeliad Salamander,Caudata,Plethodontidae,CR,13.7988872620002,3.10362320568875,14.5425357121743,3.1481912053381,0.968326577709174,0.0602661875408077,5.42998116402,0.994,1,1000,direct,Dendrotriton_cuchumatanus,False,False,,,
194,1529,Phrynobatrachus_njiomock,Lake Oku Puddle Frog,Anura,Phrynobatrachidae,CR,13.7969783313073,18.4877079254675,14.5476568391637,19.0554137700298,0.972993594650964,0.05400717963997,15.5899430556467,0.682,1,1000,direct,Phrynobatrachus_njiomock,False,False,,,
195,1596,Aromobates_leopardalis,Mucubají Skunk Frog,Anura,Dendrobatidae,CR,13.7900570741841,8.42866594935269,14.3263789843299,8.98299472194716,0.968811159469949,0.0675389517569697,9.79772120973694,0.808,1,1000,direct,Aromobates_leopardalis,False,False,,,
196,1523,Eleutherodactylus_jugans,La Selle Dusky Frog,Anura,Eleutherodactylidae,CR,13.7741259886971,3.88598053769398,14.568540610231,3.76598371398053,0.969844242361926,0.0634298793073226,13.391078743745,0.948,1,1000,direct,Eleutherodactylus_jugans,False,False,,,
197,1534,Cryptotriton_monzoni,,Caudata,Plethodontidae,CR,13.748432476481,6.86814153036455,14.5342286385546,7.26959250817259,0.968826454284256,0.0599229082369125,7.28738301977487,0.867,1,1000,direct,Cryptotriton_monzoni,False,False,,,
198,1495,Centrolene_geckoideum,,Anura,Centrolenidae,CR,13.7345786756846,10.5529885775904,14.6974930612906,11.1195943972821,0.971738933508614,0.0523672170331771,10.6553465491346,0.703,1,1000,GBIF_iucn_link,Centrolene_geckoideum,False,False,,,
199,1561,Cycloramphus_catarinensis,Santa Catarina Button Frog,Anura,Cycloramphidae,CR,13.7230877995909,15.6301625505077,14.4338194813853,16.6076269030716,0.971668131832441,0.0610608388577915,13.7151881060849,0.707,1,1000,direct,Cycloramphus_catarinensis,False,False,,,
200,284,Taudactylus_eungellensis,Eungella Torrent Frog,Anura,Myobatrachidae,EN,13.6893867612436,13.3354511947696,29.2324212836775,27.4826083517211,0.473934003899485,0.288446029693979,15.4320680692235,0.889,1,1000,direct,Taudactylus_eungellensis,False,False,,,
201,265,Noblella_lochites,,Anura,Strabomantidae,EN,13.6771201498549,10.0903423350111,29.9503929205115,16.1545707245969,0.491271518907565,0.288272046161485,24.9771330565809,0.902,1,1000,GBIF_iucn_link,Noblella_lochites,False,False,,,
202,1648,Thoropa_petropolitana,Petropolis River Frog,Anura,Cycloramphidae,CR,13.6695953859362,20.7308692867329,14.1569958643679,21.5864949170063,0.972449791247461,0.0603191859947401,16.2440855816334,0.642,1,1000,direct,Thoropa_petropolitana,False,False,,,
203,1595,Dendrotriton_rabbi,Guatemalan Bromeliad Salamander,Caudata,Plethodontidae,CR,13.6686515053038,3.07219610583167,14.3340335959625,3.06441909320444,0.968326577709174,0.0604781603693011,2.1278919386491,0.995,1,1000,direct,Dendrotriton_rabbi,False,False,,,
204,247,Arthroleptis_xenodactylus,Amani Screeching Frog,Anura,Arthroleptidae,EN,13.6619979315811,13.1731499462181,30.727445446503,22.3136545495955,0.486966444695952,0.280732456015565,24.6953294294531,0.861,1,1000,direct,Arthroleptis_xenodactylus,False,False,,,
205,1617,Psychrophrynella_bagrecito,,Anura,Strabomantidae,CR,13.6142968040002,12.8895796174978,14.2561373022908,13.4350196055955,0.971279520602085,0.0603885990262667,10.624348879193,0.725,1,1000,GBIF_iucn_link,Psychrophrynella_bagrecito,False,False,,,
206,1603,Cryptotriton_veraepacis,Baja Verapaz Salamander,Caudata,Plethodontidae,CR,13.6088554595209,5.17395703821039,14.3162100357405,5.46420378606385,0.968826454284256,0.0599587821357352,5.31537309332699,0.913,1,1000,direct,Cryptotriton_veraepacis,False,False,,,
207,1580,Dendrotriton_kekchiorum,,Caudata,Plethodontidae,CR,13.6035446615534,3.01569240482428,14.3809716814448,3.10503779432173,0.968160572821104,0.0604781603693011,2.1278919386491,0.993,1,1000,direct,Dendrotriton_kekchiorum,False,False,,,
208,1621,Cryptotriton_sierraminensis,Sierra de las Minas Hidden Salamander,Caudata,Plethodontidae,CR,13.5958442456099,5.29726015970301,14.2431846096855,5.38979863616129,0.968826454284256,0.0597952022395443,5.41338748501742,0.906,1,1000,direct,Cryptotriton_sierraminensis,False,False,,,
209,1594,Psychrophrynella_boettgeri,,Anura,Strabomantidae,CR,13.5507396708159,12.845621901616,14.3377398295756,13.5117403413973,0.971279520602085,0.0605420167284694,10.3887114129642,0.734,1,1000,GBIF_accepted,Microkayla_boettgeri,False,False,,,
210,257,Hypogeophis_rostratus,Sharp-nosed Caecilian,Gymnophiona,Indotyphlidae,EN,13.53064289912,10.1523979936262,30.2683958826928,15.9840110430506,0.484511096913433,0.284424711385814,24.5290451993868,0.887,1,1000,direct,Hypogeophis_rostratus,False,False,,,
211,1646,Cycloramphus_diringshofeni,Sao Bento Button Frog,Anura,Cycloramphidae,CR,13.5083873317706,16.5682624262387,14.1622084411949,17.1697589925143,0.971668131832441,0.0617610172786885,13.4001977364013,0.675,1,1000,direct,Cycloramphus_diringshofeni,False,False,,,
212,1606,Boophis_baetkei,,Anura,Mantellidae,CR,13.4833699969244,4.95303737772873,14.3026088847096,5.18940416031866,0.967610996740023,0.0619851483903884,11.7469990792358,0.914,1,1000,direct,Boophis_baetkei,False,False,,,
213,1657,Cycloramphus_stejnegeri,Stejneger's Button Frog,Anura,Cycloramphidae,CR,13.4771072873454,15.8729260472333,14.1099953922884,16.5144489825936,0.972538535530356,0.0607168938901617,12.9662581759994,0.676,1,1000,direct,Cycloramphus_stejnegeri,False,False,,,
214,1624,Eleutherodactylus_turquinensis,Turquino Streamfrog,Anura,Eleutherodactylidae,CR,13.4280710349487,4.42302071545784,14.2352216284969,4.83564101797552,0.969742675065188,0.0626523278448939,13.4797315674741,0.934,1,1000,direct,Eleutherodactylus_turquinensis,False,False,,,
215,370,Lynchius_simmonsi,Simmons' Big-headed Frog,Anura,Strabomantidae,EN,13.4192873344795,7.4186965253442,26.5921513729289,9.87918616874732,0.488647395703453,0.27526114105601,24.8663506226,1.0,1,1000,direct,Lynchius_simmonsi,False,False,,,
217,1676,Cycloramphus_semipalmatus,Campo Grande Button Frog,Anura,Cycloramphidae,CR,13.3748365708645,14.2585694967535,14.0183692711088,14.7712785008072,0.972058535642637,0.0609341171031737,12.6210633859181,0.686,1,1000,direct,Cycloramphus_semipalmatus,False,False,,,
219,1653,Aromobates_walterarpi,Arp's Rocket Frog,Anura,Dendrobatidae,CR,13.3331548673079,9.31569614353388,14.137125849299,9.63809129928663,0.968811159469949,0.0671476175082734,8.0756089449747,0.75,1,1000,direct,Aromobates_walterarpi,False,False,,,
220,1643,Aromobates_orostoma,Tachira Rocket Frog,Anura,Dendrobatidae,CR,13.3274543650784,8.68706985697002,14.1751790928342,9.19168817705255,0.968811159469949,0.0672711366502018,6.44310305722125,0.769,1,1000,direct,Aromobates_orostoma,False,False,,,
221,325,Paradactylodon_mustersi,Paghman Mountain Salamander,Caudata,Hynobiidae,EN,13.301137864543,7.63014002533698,27.6562273714391,4.35812640948718,0.476922943673634,0.285935957256704,26.72948556426,1.0,1,1000,direct,Paradactylodon_mustersi,False,False,,,
222,1685,Callulina_kanga,Kanga Warty Frog,Anura,Brevicipitidae,CR,13.2615237670821,4.40570861276194,13.9858647998156,4.46398298682225,0.970756411784619,0.0549272980011022,11.8757959803306,0.948,1,1000,direct,Callulina_kanga,False,False,,,
223,1683,Arthroleptis_anotis,Earless Squeaker,Anura,Arthroleptidae,CR,13.2570508122063,15.6092815874029,13.9905420292608,16.5069524887425,0.970276869063308,0.0671829617930511,12.9085459564879,0.658,1,1000,direct,Arthroleptis_anotis,False,False,,,
224,39,Hoplophryne_uluguruensis,African Banana Frog,Anura,Microhylidae,VU,13.2265143143358,5.20239439345512,56.460452492656,16.6084511427894,0.240927727265389,0.0808468948395432,30.4823625318068,1.0,1,1000,direct,Hoplophryne_uluguruensis,False,False,,,
225,1665,Cycloramphus_cedrensis,Cedros Button Frog,Anura,Cycloramphidae,CR,13.2220649679207,16.2406095503189,14.0680232062986,16.888032574152,0.971770423574178,0.0615177379897531,13.5720619883134,0.682,1,1000,direct,Cycloramphus_cedrensis,False,False,,,
226,1715,Telmatobius_niger,Black Water Frog,Anura,Telmatobiidae,CR,13.1843290617756,11.1823249146519,13.8480475133089,11.6100433968893,0.971571870843833,0.0611714626344805,8.64591924362427,0.724,1,1000,direct,Telmatobius_niger,False,False,,,
227,1708,Atelopus_petersi,,Anura,Bufonidae,CR,13.181699103981,11.5516080480407,13.8854635353014,11.7371534014149,0.971423688428519,0.0608114207663014,7.60987282826272,0.733,1,1000,direct,Atelopus_petersi,False,False,,,
228,1748,Oreobates_zongoensis,,Anura,Strabomantidae,CR,13.0518593733106,10.2586465758217,13.7037872146845,10.6815235904679,0.970572507072339,0.0593052462374607,12.2412614559458,0.719,1,1000,direct,Oreobates_zongoensis,False,False,,,
229,1763,Atelopus_erythropus,Carabaya Stubfoot Toad,Anura,Bufonidae,CR,13.0429136562961,10.5370555743983,13.6619323327224,11.1617249051434,0.970953998653753,0.0617865902584413,6.28537978241061,0.758,1,1000,direct,Atelopus_erythropus,False,False,,,
230,1711,Arthroleptis_stridens,Strident Squeaker,Anura,Arthroleptidae,CR,12.9992038563401,15.7656763824383,13.8732528703069,16.267549084383,0.971044818432786,0.0655035966740276,14.5718038045952,0.668,1,1000,direct,Arthroleptis_stridens,False,False,,,
231,349,Plethodontohyla_fonetana,,Anura,Microhylidae,EN,12.9729093923651,7.50152199887932,27.0038450261519,8.67558664788643,0.481273530837235,0.284558645098767,21.4422520802287,0.978,1,1000,direct,Plethodontohyla_fonetana,False,False,,,
232,354,Wolterstorffina_mirei,Mount Okou Wolterstorff Toad,Anura,Bufonidae,EN,12.9553703378185,7.09446973893521,26.9570928233537,4.99137041856706,0.491029620967453,0.281101825055696,7.87853338752293,1.0,1,1000,direct,Wolterstorffina_mirei,False,False,,,
233,1773,Arthroleptella_rugosa,Rough Moss Frog,Anura,Pyxicephalidae,CR,12.9518487143209,5.92726809369883,13.6156956618873,6.17566879402109,0.972560706395817,0.0536265881494815,13.920596561517,0.849,1,1000,direct,Arthroleptella_rugosa,False,False,,,
234,1764,Craugastor_angelicus,Angel Robber Frog,Anura,Craugastoridae,CR,12.9145342916413,5.22388426972628,13.6594471176546,5.54033605782789,0.969739566411864,0.0606311608418736,10.6672232357218,0.809,1,1000,direct,Craugastor_angelicus,False,False,,,
235,1796,Dendrotriton_sanctibarbarus,,Caudata,Plethodontidae,CR,12.8579484374085,3.01817622204708,13.5097816161509,2.97412190681905,0.968160572821104,0.0604781603693011,12.128823148503,0.991,1,1000,direct,Dendrotriton_sanctibarbarus,False,False,,,
236,1816,Telmatobius_vilamensis,,Anura,Telmatobiidae,CR,12.8155505767828,10.6910043853961,13.4429999159255,10.9864594805269,0.971279520602085,0.0612056851254192,4.48937607605951,0.711,1,1000,direct,Telmatobius_vilamensis,False,False,,,
237,337,Tachycnemis_seychellensis,Seychelles Island Frog,Anura,Hyperoliidae,EN,12.8117602870017,8.04106048064878,27.2866583885109,8.24291395520155,0.488142216751955,0.276954447125633,24.8527841640439,0.922,1,1000,direct,Tachycnemis_seychellensis,False,False,,,
238,1803,Telmatobius_dankoi,,Anura,Telmatobiidae,CR,12.8092288378505,10.6556635753976,13.479598493206,11.148667392209,0.971256721251837,0.0615610593720665,4.35383153440005,0.705,1,1000,direct,Telmatobius_dankoi,False,False,,,
239,1774,Eleutherodactylus_leberi,Oriente Yellow-bellied Frog,Anura,Eleutherodactylidae,CR,12.7669518186708,6.05723436543368,13.6156205219724,6.07060336539068,0.96872523854305,0.0620207299375407,8.81547635697068,0.775,1,1000,direct,Eleutherodactylus_leberi,False,False,,,
240,1823,Osornophryne_cofanorum,Cofan Plump Toad,Anura,Bufonidae,CR,12.7553566904773,3.40207533130546,13.4129864558262,3.31215598050057,0.971827178280924,0.0589207439551852,12.5948161086349,0.907,1,1000,direct,Osornophryne_cofanorum,False,False,,,
241,1828,Strabomantis_anomalus,Choco Robber Frog,Anura,Strabomantidae,CR,12.7343570481413,8.18616289657591,13.3866113815654,8.30326647819713,0.970502902653168,0.0610715155385591,9.534553252881,0.773,1,1000,direct,Strabomantis_anomalus,False,False,,,
242,1799,Hyloxalus_delatorreae,,Anura,Dendrobatidae,CR,12.7136822076736,5.23804479072083,13.499500240808,5.51663205235863,0.967744721841013,0.0656269791875388,10.5898943649449,0.808,1,1000,direct,Hyloxalus_delatorreae,False,False,,,
243,364,Andinophryne_colomai,Carchi Andes Toad,Anura,Bufonidae,EN,12.7133651095815,11.1127717970019,26.6854768544808,18.7812701090099,0.487158164690312,0.287907314236971,7.69888550966257,0.933,1,1000,GBIF_accepted,Rhaebo_colomai,False,False,,,
244,1804,Psychrophrynella_saltator,,Anura,Strabomantidae,CR,12.7035195892991,12.2112408117515,13.4781691331569,12.8005240325733,0.971386574396051,0.0605420167284694,10.1051770204339,0.712,1,1000,GBIF_accepted,Microkayla_saltator,False,False,,,
245,1882,Cycloramphus_ohausi,Wandolleck's Button Frog,Anura,Cycloramphidae,CR,12.6777583044207,15.1597534812843,13.1644746408197,16.183925656602,0.972538535530356,0.0606230281814535,13.1700919079808,0.667,1,1000,direct,Cycloramphus_ohausi,False,False,,,
246,1852,Chiropterotriton_mosaueri,Cave Splayfoot Salamander,Caudata,Plethodontidae,CR,12.6712362911424,6.74051383313339,13.2799811027029,7.14492039465986,0.969270431794705,0.060514721677967,6.39376682630936,0.778,1,1000,direct,Chiropterotriton_mosaueri,False,False,,,
247,1841,Atelopus_epikeisthos,,Anura,Bufonidae,CR,12.6552501262457,11.9660012089953,13.3247010861143,12.4894974067402,0.970953998653753,0.0612961045338892,6.6833897196708,0.678,1,1000,direct,Atelopus_epikeisthos,False,False,,,
248,1893,Telmatobius_simonsi,Sucre Water Frog,Anura,Telmatobiidae,CR,12.6468715760517,10.0709075484721,13.1397962397376,10.6494444310985,0.970614916471869,0.0604785788078961,10.0099767807505,0.71,1,1000,direct,Telmatobius_simonsi,False,False,,,
249,1860,Mucubatrachus_thyellus,,Anura,Strabomantidae,CR,12.596045964488,14.821517313923,13.2512516919863,15.4150988526959,0.970789464393482,0.062189166238486,12.9095011646347,0.671,1,1000,GBIF_accepted,Pristimantis_thyellus,False,False,,,
250,1881,Craugastor_saltuarius,,Anura,Craugastoridae,CR,12.5897446873106,13.6335364928299,13.1663954389164,14.1736876749787,0.969927275728374,0.0603962216646273,11.1663393092031,0.671,1,1000,direct,Craugastor_saltuarius,False,False,,,
251,411,Xenopus_largeni,Largen's Clawed Frog,Anura,Pipidae,EN,12.5787112786097,6.93383491207178,25.5501774320261,8.45830996164355,0.489249515567248,0.28072867645296,22.42467216156,1.0,1,1000,direct,Xenopus_largeni,False,False,,,
252,360,Spinomantis_microtis,Guibe's Bright-eyed Frog,Anura,Mantellidae,EN,12.5664123728011,7.47576596914248,26.8136287613272,7.63810026354681,0.469153019948741,0.28413884649755,24.1512393145824,0.978,1,1000,direct,Spinomantis_microtis,False,False,,,
253,389,Plethodontohyla_guentheri,,Anura,Microhylidae,EN,12.5601317301834,7.95840049930623,26.2236714667044,9.54836354806157,0.481903738536527,0.285200364248505,20.1076402665515,0.951,1,1000,direct,Plethodontohyla_guentheri,False,False,,,
254,352,Platypelis_milloti,Nosy Be Giant Treefrog,Anura,Microhylidae,EN,12.5034404361772,7.44598036594963,26.9789450905547,9.07613437193181,0.480497294600884,0.282229488111793,24.6473227750502,0.974,1,1000,direct,Platypelis_milloti,False,False,,,
255,1858,Atelopus_gigas,,Anura,Bufonidae,CR,12.5004206995403,10.9905579772047,13.2519194795388,11.7013698371163,0.970732182770476,0.0626475548683987,5.76784463510808,0.696,1,1000,direct,Atelopus_gigas,False,False,,,
256,1883,Cycloramphus_valae,Gruta Button Frog,Anura,Cycloramphidae,CR,12.4935522398199,15.2387322577746,13.1644491158737,16.1885802720437,0.971872714526008,0.0612056851254192,12.6086560376193,0.655,1,1000,direct,Cycloramphus_valae,False,False,,,
257,1879,Craugastor_punctariolus,Bob's Robber Frog,Anura,Craugastoridae,CR,12.446179809567,7.58820354121507,13.1696694559075,7.91126471634239,0.969927275728374,0.060410187120104,5.98030304228786,0.735,1,1000,direct,Craugastor_punctariolus,False,False,,,
258,1927,Holoaden_bradei,Itatiaia Highland Frog,Anura,Strabomantidae,CR,12.4367050612825,9.04897125304248,13.0029568675928,9.23464454542484,0.971571870843833,0.0593099461876316,11.7533399616053,0.711,1,1000,direct,Holoaden_bradei,False,False,,,
259,1843,Atelopus_nocturnus,Nocturnal Harlequin Toad,Anura,Bufonidae,CR,12.4110646955755,10.8388183594858,13.3174391794101,11.2263088813806,0.970953998653753,0.0626181823409978,8.01340734204936,0.713,1,1000,direct,Atelopus_nocturnus,False,False,,,
260,47,Rupirana_cardosoi,,Anura,Leptodactylidae,VU,12.4051866656408,4.50152174228613,52.34846863066,11.5163532501512,0.244451580040976,0.0777691410389693,52.30694875179,1.0,1,1000,direct,Rupirana_cardosoi,False,False,,,
261,1958,Craugastor_pozo,Poza Turipache Rainfrog,Anura,Craugastoridae,CR,12.3979949610168,12.1852402687859,12.9268413192133,12.6984410922501,0.969844242361926,0.0609224594254572,10.1114414013399,0.674,1,1000,direct,Craugastor_pozo,False,False,,,
262,1968,Eleutherodactylus_jasperi,Golden Coqui,Anura,Eleutherodactylidae,CR,12.3561440206984,16.1636897236292,12.9127027499943,17.0264537008328,0.969024925451606,0.0619284466297194,7.74498829274771,0.637,1,1000,direct,Eleutherodactylus_jasperi,False,False,,,
263,469,Oreobates_lundbergi,,Anura,Strabomantidae,EN,12.3422191259096,13.5394396475496,23.8740791789925,30.2964400137719,0.488255129749814,0.275350322511612,25.285938395536,0.884,1,1000,direct,Oreobates_lundbergi,False,False,,,
264,1943,Atelopus_marinkellei,,Anura,Bufonidae,CR,12.3358010334311,10.9228398203658,12.9596511484939,11.7007607723932,0.970732182770476,0.0616262772301459,5.36165964834468,0.7,1,1000,direct,Atelopus_marinkellei,False,False,,,
265,1954,Incilius_fastidiosus,Pico Blanco Toad,Anura,Bufonidae,CR,12.3209606896954,3.25506509479462,12.9399336419799,3.30845910468376,0.972673719101376,0.057984850845657,9.67407247652746,0.917,1,1000,direct,Incilius_fastidiosus,False,False,,,
266,1950,Pseudohynobius_kuankuoshuiensis,Kuankuoshui Salamander,Caudata,Hynobiidae,CR,12.3209103838094,5.03698899073952,12.9490570844211,5.2802318045913,0.969301624680844,0.0616927508823685,10.723219342103,0.93,1,1000,direct,Pseudohynobius_kuankuoshuiensis,False,False,,,
267,1960,Chiropterotriton_arboreus,Arboreal Splayfoot Salamander,Caudata,Plethodontidae,CR,12.2727462254171,3.58393210062838,12.9231967775998,3.6051768409685,0.969270431794705,0.0601753964983741,10.2523232645592,0.931,1,1000,direct,Chiropterotriton_arboreus,False,False,,,
268,421,Craugastor_daryi,Dary's Frog,Anura,Craugastoridae,EN,12.2664265965098,12.7464216244966,25.1978946058625,20.0571032118039,0.483998942665454,0.264594985605074,16.1891544806438,0.902,1,1000,direct,Craugastor_daryi,False,False,,,
269,1907,Aromobates_zippeli,Mucuchíes’ Frog,Anura,Dendrobatidae,CR,12.2454495540824,9.58463942913719,13.0876647892351,9.96472362948498,0.967682911044549,0.0674152253916975,8.25524640694488,0.731,1,1000,direct,Aromobates_zippeli,False,False,,,
270,1948,Craugastor_obesus,,Anura,Craugastoridae,CR,12.2439857990881,7.44322610563281,12.9527736083466,7.71018946969286,0.969927275728374,0.060410187120104,5.96509155131051,0.744,1,1000,direct,Craugastor_obesus,False,False,,,
271,1996,Eleutherodactylus_acmonis,Cuban Red-rumped Frog,Anura,Eleutherodactylidae,CR,12.2001216792399,4.16201950184744,12.8079319964791,4.21890538036115,0.969739566411864,0.0635648767197019,9.51253402332778,0.836,1,1000,direct,Eleutherodactylus_acmonis,False,False,,,
272,1974,Boophis_williamsi,Williams' Bright-eyed Frog,Anura,Mantellidae,CR,12.1959680789502,4.61247151381386,12.9022973713054,5.05439139111345,0.967388571698943,0.062350371314481,12.2464495698447,0.84,1,1000,direct,Boophis_williamsi,False,False,,,
273,418,Arthroleptis_kidogo,Tiny Squeaker Frog,Anura,Arthroleptidae,EN,12.1841689947032,10.7289069968312,25.2575100538837,19.453141663945,0.486560910828293,0.278926969273617,16.7511130500681,0.883,1,1000,direct,Arthroleptis_kidogo,False,False,,,
274,403,Arthroleptis_fichika,Hidden Squeaker Frog,Anura,Arthroleptidae,EN,12.173797198578,10.6958416992249,25.7348313390814,18.7885632848262,0.486560910828293,0.278926969273617,17.7341495446571,0.906,1,1000,direct,Arthroleptis_fichika,False,False,,,
275,2008,Atelopus_ebenoides,Huila Stubfoot Toad,Anura,Bufonidae,CR,12.1609983110348,14.1939643615484,12.7816951369964,15.3312429475926,0.970732182770476,0.0625673258498765,10.1926200432425,0.654,1,1000,direct,Atelopus_ebenoides,False,False,,,
276,416,Anodonthyla_hutchisoni,,Anura,Microhylidae,EN,12.1450431634401,7.16963604700381,25.2950129504623,6.75748519333959,0.480497294600884,0.280537356423712,24.5707824095,1.0,1,1000,direct,Anodonthyla_hutchisoni,False,False,,,
277,377,Phrynobatrachus_pintoi,,Anura,Phrynobatrachidae,EN,12.1348535173913,7.8279164253055,26.4951473319002,9.06237494372719,0.502422854710614,0.269813005229727,22.7737484999201,0.927,1,1000,direct,Phrynobatrachus_pintoi,False,False,,,
278,2056,Isthmohyla_graceae,Continental Divide Treefrog,Anura,Hylidae,CR,12.1227324407621,11.2831827040933,12.6037321217945,11.8062481329048,0.971400287179017,0.0582125360613279,8.72645311434039,0.669,1,1000,direct,Isthmohyla_graceae,False,False,,,
279,2068,Atelopus_certus,Darien Stubfoot Toad,Anura,Bufonidae,CR,12.0935340169627,11.3995081472331,12.557667387231,11.9544313768591,0.970925260099311,0.0627276388781718,7.21247487857458,0.655,1,1000,direct,Atelopus_certus,False,False,,,
280,2022,Aromobates_haydeeae,,Anura,Dendrobatidae,CR,12.0720843563291,9.30669102544685,12.7307951752925,9.81148669451039,0.968811159469949,0.0680774719972165,7.29135466328766,0.699,1,1000,direct,Aromobates_haydeeae,False,False,,,
281,2067,Atelopus_pachydermus,Schmidt's Stubfoot Toad,Anura,Bufonidae,CR,12.0319799431929,10.7481722856309,12.5623200391626,11.3298426523274,0.970732182770476,0.0624329020990428,7.35942943502324,0.7,1,1000,direct,Atelopus_pachydermus,False,False,,,
282,2041,Astylosternus_nganhanus,Nganha Night Frog,Anura,Arthroleptidae,CR,12.0173164948995,15.069947434946,12.6746025440673,15.9065885667079,0.970821470106045,0.0655082449914418,13.9538189621666,0.631,1,1000,direct,Astylosternus_nganhanus,False,False,,,
283,451,Boulengerula_niedeni,Sagalla Caecilian,Gymnophiona,Herpelidae,EN,12.0001863049906,6.87182818014915,24.316087669949,6.71873537598641,0.486092813656229,0.27245075332344,17.3874588765189,1.0,1,1000,direct,Boulengerula_niedeni,False,False,,,
284,2032,Guibemantis_punctatus,Dotted Madagascar Frog,Anura,Mantellidae,CR,11.996259730596,3.06820922665904,12.6930693669585,3.04982357789758,0.966909784458137,0.0640941985645194,12.5298973062713,0.932,1,1000,direct,Guibemantis_punctatus,False,False,,,
285,449,Boulengerula_taitana,Taita Hills Caecilian,Gymnophiona,Herpelidae,EN,11.9945006846602,6.8455169247854,24.3377181745621,6.87302572210879,0.485200669387928,0.272189129210425,17.4627076942441,1.0,1,1000,direct,Boulengerula_taitana,False,False,,,
286,362,Sabahphrynus_maculatus,Spotted Asian Tree Toad,Anura,Bufonidae,EN,11.9910594724593,7.50828960756893,26.7617020474747,6.94303119490223,0.491978787974214,0.282161956692772,23.942336738178,0.882,1,1000,direct,Sabahphrynus_maculatus,False,False,,,
287,2047,Atelopus_farci,Forest Stubfoot Toad,Anura,Bufonidae,CR,11.9418632195602,11.2261478263048,12.6302897533746,11.6519236478328,0.970953998653753,0.0611866479967152,6.5018441632991,0.711,1,1000,direct,Atelopus_farci,False,False,,,
288,2031,Atelopus_mindoensis,Mindo Harlequin Frog,Anura,Bufonidae,CR,11.9290250584196,11.0073978796172,12.6937250354405,11.6352381784653,0.970534320595524,0.061499211307254,7.12532110547746,0.724,1,1000,direct,Atelopus_mindoensis,False,False,,,
289,2079,Thorius_magnipes,Big-footed Thorius,Caudata,Plethodontidae,CR,11.9277980171159,2.75713919122885,12.5117247222745,2.83511395011679,0.968826454284256,0.0597952022395443,6.6313084980012,0.952,1,1000,direct,Thorius_magnipes,False,False,,,
290,412,Gephyromantis_webbi,Webb's Madagascar Frog,Anura,Mantellidae,EN,11.8851821502582,7.5034243321532,25.5492499391945,7.93734783285138,0.465734260787695,0.291987350035056,23.5799940648727,0.989,1,1000,direct,Gephyromantis_webbi,False,False,,,
291,2093,Thorius_schmidti,Schmidt's Pigmy Salamander,Caudata,Plethodontidae,CR,11.8688788828895,2.79291349797497,12.4745205462057,2.88686990220988,0.968601158516273,0.0599247412967233,6.832981874168,0.953,1,1000,direct,Thorius_schmidti,False,False,,,
292,2081,Oedipina_gephyra,La Fortuna Worm Salamander,Caudata,Plethodontidae,CR,11.8217695186882,6.55663381279308,12.5043969045879,7.01990225191388,0.968826454284256,0.059888859318182,7.05356576376005,0.755,1,1000,direct,Oedipina_gephyra,False,False,,,
293,445,Anodonthyla_pollicaris,,Anura,Microhylidae,EN,11.8182394784381,6.76872932339334,24.4583518367869,6.39755492441616,0.481273530837235,0.280851212680451,7.206465061068,1.0,1,1000,direct,Anodonthyla_pollicaris,False,False,,,
294,2104,Telmatobius_hockingi,Hocking's Water Frog,Anura,Telmatobiidae,CR,11.8090426424152,10.5052224749172,12.4344879300888,11.1637145114776,0.970614916471869,0.0607921365394921,8.44716161637362,0.648,1,1000,direct,Telmatobius_hockingi,False,False,,,
295,2099,Eleutherodactylus_jamaicensis,Jamaican Bromeliad Frog,Anura,Eleutherodactylidae,CR,11.7763833951085,2.56935074297046,12.4442453894972,2.63930499386139,0.96916047556183,0.0639228581218904,11.7793015274262,0.93,1,1000,direct,Eleutherodactylus_jamaicensis,False,False,,,
296,2162,Atelopus_lynchi,Lynch's Glassfrog,Anura,Bufonidae,CR,11.7630308986377,10.0462435803164,12.2260169405755,10.4375793930517,0.971046491143967,0.0613212800168609,6.63083336034667,0.681,1,1000,direct,Atelopus_lynchi,False,False,,,
297,54,Boehmantis_microtympanum,Angel's Madagascar Frog,Anura,Mantellidae,VU,11.7488397126167,3.88698985182054,49.183400395,8.58602392750001,0.237335060129336,0.0783467590074948,49.75409478957,1.0,1,1000,direct,Boehmantis_microtympanum,False,False,,,
298,2131,Atelopus_eusebianus,Malvasa Stubfoot Toad,Anura,Bufonidae,CR,11.7247960072583,11.1339227755498,12.2993873518515,11.6402724219787,0.971046491143967,0.0627528143611434,5.53299277152067,0.678,1,1000,direct,Atelopus_eusebianus,False,False,,,
299,428,Peltophryne_lemur,Puerto Rican Crested Toad,Anura,Bufonidae,EN,11.7240200931306,7.23387368148451,24.925446746598,6.35232132341962,0.499025187829883,0.273859846589832,18.7040927291196,0.926,1,1000,direct,Peltophryne_lemur,False,False,,,
300,455,Oreobates_remotus,,Anura,Strabomantidae,EN,11.7072201712067,6.48611980167327,24.1924870025552,5.06631497401199,0.488647395703453,0.275321660844604,22.0249058606075,1.0,1,1000,direct,Oreobates_remotus,False,False,,,
301,2124,Telmatobius_sibiricus,,Anura,Telmatobiidae,CR,11.6811577947481,8.82265339246779,12.3370417359553,9.2854793998496,0.970502902653168,0.0602957331809739,8.50934467347858,0.683,1,1000,direct,Telmatobius_sibiricus,False,False,,,
302,2171,Hylodes_vanzolinii,Vanzolini's Tree Toad,Anura,Hylodidae,CR,11.6796233713535,13.0066105509919,12.2057596668499,13.8234920613491,0.972538535530356,0.0565236324211604,11.501379698883,0.596,1,1000,direct,Hylodes_vanzolinii,False,False,,,
303,2123,Telmatobius_pefauri,Arica Water Frog,Anura,Telmatobiidae,CR,11.6675999134393,10.5720333900537,12.3394526762659,11.1798094416787,0.971770423574178,0.0612056851254192,8.23533412437126,0.653,1,1000,direct,Telmatobius_pefauri,False,False,,,
304,2125,Oedipina_tomasi,,Caudata,Plethodontidae,CR,11.6620703944489,7.1693615965705,12.3213505551538,7.3681034566941,0.968574785344751,0.0600691325504031,6.46622756748832,0.717,1,1000,direct,Oedipina_tomasi,False,False,,,
305,2153,Hyloxalus_maquipucuna,,Anura,Dendrobatidae,CR,11.6450540545303,15.1412680734887,12.2522841486821,15.9384750204289,0.967682911044549,0.0646355007833982,12.1659665375515,0.605,1,1000,direct,Hyloxalus_maquipucuna,False,False,,,
306,2175,Chiropterotriton_chiropterus,,Caudata,Plethodontidae,CR,11.6328693469436,7.87154193017774,12.2020023433291,8.17710009044273,0.969450859192444,0.0603027488494736,7.55674042152562,0.693,1,1000,direct,Chiropterotriton_chiropterus,False,False,,,
307,485,Nyctibatrachus_deccanensis,Anamallai Night Frog,Anura,Nyctibatrachidae,EN,11.5725376582109,6.50938672219593,23.6088177922147,5.59051287904082,0.485334204442527,0.281092371360587,18.512084505481,1.0,1,1000,direct,Nyctibatrachus_deccanensis,False,False,,,
308,2207,Atelopus_nicefori,Niceforo's Stubfoot Toad,Anura,Bufonidae,CR,11.5677661133214,11.6781955967966,12.107791698237,12.124560096494,0.971733674384307,0.0599224109709949,6.47324637657367,0.637,1,1000,direct,Atelopus_nicefori,False,False,,,
309,2170,Telmatobius_espadai,,Anura,Telmatobiidae,CR,11.5483604255083,9.66393887749947,12.2139827392755,10.2254335766285,0.971668131832441,0.0609341171031737,9.07009976366637,0.669,1,1000,direct,Telmatobius_espadai,False,False,,,
310,2177,Craugastor_gulosus,,Anura,Craugastoridae,CR,11.5396143085341,12.4727904052866,12.1996325427584,13.0002001899581,0.969844242361926,0.0602552983930734,10.3720096270169,0.627,1,1000,direct,Craugastor_gulosus,False,False,,,
311,2227,Craugastor_catalinae,,Anura,Craugastoridae,CR,11.5389424108905,12.8523876547292,12.0613551641009,13.4476099083059,0.969844242361926,0.060784406454927,10.4142587008629,0.627,1,1000,direct,Craugastor_catalinae,False,False,,,
312,427,Gephyromantis_klemmeri,Klemmer's Madagascar Frog,Anura,Mantellidae,EN,11.5259635537296,7.51789670581756,24.992185054387,6.21079170614716,0.465597953354821,0.292368758566586,23.7424816510728,0.949,1,1000,direct,Gephyromantis_klemmeri,False,False,,,
313,2182,Atelopus_pictiventris,Painted Stubfoot Toad,Anura,Bufonidae,CR,11.5191493961566,11.7202215155806,12.1807574161514,12.2469956815304,0.971301110815761,0.0612937052171937,6.36573908948912,0.641,1,1000,direct,Atelopus_pictiventris,False,False,,,
314,2181,Atelopus_boulengeri,Boulenger's Stubfoot Toad,Anura,Bufonidae,CR,11.5142094089111,11.4558578719977,12.1807636644576,11.9202596934149,0.971046491143967,0.0627276388781718,5.75022019663851,0.663,1,1000,direct,Atelopus_boulengeri,False,False,,,
315,2179,Isthmohyla_pictipes,Pico Blanco Treefrog,Anura,Hylidae,CR,11.5095078644896,11.11894274453,12.1867983391328,11.5789353731473,0.971400287179017,0.058495678052061,8.8711193801753,0.649,1,1000,direct,Isthmohyla_pictipes,False,False,,,
316,2229,Telmatobius_mendelsoni,,Anura,Telmatobiidae,CR,11.502718028843,10.7271355279521,12.0565167520989,11.1908893892007,0.971227982755603,0.0613919994256327,8.5993356790974,0.649,1,1000,direct,Telmatobius_mendelsoni,False,False,,,
317,2258,Atelopus_arsyecue,Starry Night Harlequin Toad,Anura,Bufonidae,CR,11.4775657406922,12.5215713835708,11.9830525275317,12.9002298067354,0.971423688428519,0.0606290765922548,7.17322576353724,0.647,1,1000,direct,Atelopus_arsyecue,False,False,,,
318,2230,Atelopus_pedimarmoratus,San Isidro Stubfoot Toad,Anura,Bufonidae,CR,11.47654585929,11.4046470652171,12.0558233752067,11.9184724635729,0.971423688428519,0.06129193853874,7.52034415026975,0.664,1,1000,direct,Atelopus_pedimarmoratus,False,False,,,
319,462,Paradoxophyla_tiarano,,Anura,Microhylidae,EN,11.4699641412069,7.15364716156809,24.0181515551668,9.74712621590595,0.478938218301335,0.281399502009105,23.194255554603,0.998,1,1000,direct,Paradoxophyla_tiarano,False,False,,,
320,2198,Atelopus_eusebiodiazi,,Anura,Bufonidae,CR,11.4662362710622,11.1494552976315,12.1314319765493,11.3895473697492,0.970925260099311,0.0609068538659859,6.51801042799531,0.638,1,1000,direct,Atelopus_eusebiodiazi,False,False,,,
321,544,Conraua_goliath,Giant Slippery Frog,Anura,Conrauidae,EN,11.4359406056512,8.40810975702626,22.5335849145131,13.5194001989966,0.503904109051115,0.265445210157721,21.877059653499,0.925,1,1000,direct,Conraua_goliath,False,False,,,
322,2249,Arthroleptis_kutogundua,Overlooked Squeaker Frog,Anura,Arthroleptidae,CR,11.4128416268586,13.7017447987732,11.994965649688,14.5288200714297,0.971044818432786,0.0655082449914418,12.1871166431018,0.62,1,1000,direct,Arthroleptis_kutogundua,False,False,,,
323,2203,Hyloxalus_abditaurantius,Bello Rocket Frog,Anura,Dendrobatidae,CR,11.4083360150862,12.3500091790457,12.1155218433274,13.4033578453115,0.968318623716859,0.0651449248959283,8.85442697641613,0.629,1,1000,direct,Hyloxalus_abditaurantius,False,False,,,
324,480,Nyctibatrachus_minor,Small Wrinkled Frog,Anura,Nyctibatrachidae,EN,11.4026676988567,6.85583257543044,23.6912640297679,5.35679860423576,0.486943780212767,0.282477382652432,18.512084505481,1.0,1,1000,direct,Nyctibatrachus_minor,False,False,,,
325,494,Grandisonia_sechellensis,,Gymnophiona,Indotyphlidae,EN,11.380314473898,6.40715721737469,23.4246191079761,6.84964528582889,0.484511096913433,0.282437532984826,18.509532431447,1.0,1,1000,GBIF_iucn_link,Grandisonia_sechellensis,False,False,,,
326,2277,Telmatobius_fronteriensis,,Anura,Telmatobiidae,CR,11.3748238581628,11.2219210827891,11.930946905336,11.7365630373401,0.971502394538485,0.0612056851254192,8.2984350163371,0.634,1,1000,direct,Telmatobius_fronteriensis,False,False,,,
327,2240,Eleutherodactylus_mariposa,Cuban Butterfly-marked Frog,Anura,Eleutherodactylidae,CR,11.3713563906543,3.57151905602516,12.0163776313456,3.58294854352821,0.968997032027082,0.0614069820632828,10.5180300706535,0.842,1,1000,direct,Eleutherodactylus_mariposa,False,False,,,
328,521,Ixalotriton_niger,Jumping Salamander,Caudata,Plethodontidae,EN,11.366859052855,6.26680614166791,22.9019373571412,6.10192822525291,0.496280021924162,0.292348134258359,6.517796794659,1.0,1,1000,direct,Ixalotriton_niger,False,False,,,
329,2278,Isthmohyla_angustilineata,Narrow-lined Treefrog,Anura,Hylidae,CR,11.3558843282318,12.043081093037,11.9307909473485,12.5043294451021,0.971348387062748,0.0582125360613279,8.88591417586314,0.627,1,1000,direct,Isthmohyla_angustilineata,False,False,,,
330,2315,Ischnocnema_karst,,Anura,Brachycephalidae,CR,11.3395098307104,14.7294927855757,11.840214908687,15.6037480860874,0.968707079805619,0.0620207299375407,13.1134545568548,0.596,1,1000,direct,Ischnocnema_karst,False,False,,,
331,2292,Isthmohyla_debilis,Isla Bonita Treefrog,Anura,Hylidae,CR,11.325777412024,11.5127098312565,11.9103670107003,11.9316693882498,0.971400287179017,0.0584547311505154,8.69949122222694,0.628,1,1000,direct,Isthmohyla_debilis,False,False,,,
332,2259,Telmatobius_edaphonastes,,Anura,Telmatobiidae,CR,11.3242483004981,10.6909392681142,11.9826028531746,11.5658543515677,0.970981199003241,0.0609613763621656,8.81310177592767,0.64,1,1000,direct,Telmatobius_edaphonastes,False,False,,,
333,2263,Hyloxalus_exasperatus,Yapitya Rocket Frog,Anura,Dendrobatidae,CR,11.3198869184743,13.8117210260219,11.9739403614007,14.4815977958014,0.967744721841013,0.0662981227538091,8.9638875248373,0.619,1,1000,direct,Hyloxalus_exasperatus,False,False,,,
334,2246,Craugastor_cruzi,Cruz Robber Frog,Anura,Craugastoridae,CR,11.3143771280408,12.2069386181679,11.9987403993024,12.6251567013126,0.970002158209904,0.0596594772343149,9.84232639142628,0.625,1,1000,direct,Craugastor_cruzi,False,False,,,
335,2265,Allobates_caribe,Caribbean Nurse Frog,Anura,Dendrobatidae,CR,11.3118828236281,14.0115849549089,11.9714163823515,15.2056077527344,0.969540590054367,0.0652070892991468,10.9298272752464,0.599,1,1000,direct,Allobates_caribe,False,False,,,
336,2283,Atelopus_sonsonensis,,Anura,Bufonidae,CR,11.3049028370458,13.1520469356469,11.9209238986195,13.9771839853,0.970925260099311,0.0627276388781718,6.17398746056221,0.643,1,1000,direct,Atelopus_sonsonensis,False,False,,,
337,2247,Atelopus_muisca,La Arboleda Stubfoot Toad,Anura,Bufonidae,CR,11.2939816759192,11.4774221249043,11.9973535188114,12.2460218800903,0.971733674384307,0.0607858829524071,5.04023878141995,0.653,1,1000,direct,Atelopus_muisca,False,False,,,
338,2268,Atelopus_tricolor,Bolivian Stubfoot Toad,Anura,Bufonidae,CR,11.2889492615906,6.03278188275259,11.9673870632596,6.39294318433961,0.970732182770476,0.0625673258498765,5.42994148082301,0.724,1,1000,direct,Atelopus_tricolor,False,False,,,
339,471,Eleutherodactylus_pituinus,Hispaniolan Melodius Frog,Anura,Eleutherodactylidae,EN,11.2829665057792,6.28485530518844,23.8328617348218,5.74221008661456,0.479619044770598,0.257045760316543,22.5433900848765,0.977,1,1000,direct,Eleutherodactylus_pituinus,False,False,,,
340,2334,Telmatobius_laticeps,Tucuman Water Fro,Anura,Telmatobiidae,CR,11.2425136671496,10.213598246086,11.7978685356316,10.7116335976944,0.971204554701777,0.0612771835726629,8.2022408808717,0.631,1,1000,direct,Telmatobius_laticeps,False,False,,,
341,2362,Atelopus_guanujo,,Anura,Bufonidae,CR,11.2241647034616,13.65584901173,11.7078242088823,14.3251024125548,0.971423688428519,0.0610414858861316,6.56489476442357,0.613,1,1000,direct,Atelopus_guanujo,False,False,,,
342,2361,Atelopus_pyrodactylus,,Anura,Bufonidae,CR,11.1940124978414,10.3668724992872,11.7177048266898,10.8192338884183,0.971589141955709,0.061187903852695,5.24233068419622,0.657,1,1000,direct,Atelopus_pyrodactylus,False,False,,,
343,2310,Hyloxalus_edwardsi,Edwards' Rocket Frog,Anura,Dendrobatidae,CR,11.1844702017912,12.0763095863651,11.8513736278553,12.7465466890605,0.96721562322057,0.0656830960214105,10.8764698424569,0.64,1,1000,direct,Hyloxalus_edwardsi,False,False,,,
344,2378,Isthmohyla_tica,Starrett's Treefrog,Anura,Hylidae,CR,11.177074498485,8.48160460109706,11.6767992264532,8.81734675395926,0.971293105700482,0.0585250787357109,5.19928730287524,0.653,1,1000,direct,Isthmohyla_tica,False,False,,,
345,487,Boophis_elenae,,Anura,Mantellidae,EN,11.1757052515808,6.34567093149269,23.5809325440997,6.71284119050877,0.475060464888952,0.290940362615139,20.6744053906958,0.998,1,1000,direct,Boophis_elenae,False,False,,,
346,2417,Atelopus_minutulus,Colombian Stubfoot Toad,Anura,Bufonidae,CR,11.15973052258,10.6588701370938,11.5956484690829,11.1537629203947,0.971046491143967,0.0617865902584413,5.54726214828315,0.654,1,1000,direct,Atelopus_minutulus,False,False,,,
347,2364,Callulina_meteora,Nguru Warty Frog,Anura,Brevicipitidae,CR,11.1585328083724,8.54916454834013,11.7062674088255,8.64578020513216,0.970856592988386,0.0549272980011022,8.25751395474003,0.651,1,1000,direct,Callulina_meteora,False,False,,,
348,2399,Telmatobius_philippii,,Anura,Telmatobiidae,CR,11.1387025158596,9.96136845741043,11.6353230218072,10.7096791715188,0.970502902653168,0.0603451173678119,8.32824343105286,0.627,1,1000,direct,Telmatobius_philippii,False,False,,,
349,2330,Hylodes_glaber,Itatiaia Tree Toad,Anura,Hylodidae,CR,11.133386656215,12.4941027426957,11.8069588974224,12.8459766136756,0.972620092595286,0.0579566918577137,11.380956947782,0.615,1,1000,direct,Hylodes_glaber,False,False,,,
351,2342,Atelopus_palmatus,,Anura,Bufonidae,CR,11.1267861167081,9.47652205228492,11.7756536872233,10.0612574156163,0.970732182770476,0.0625423586362168,5.78469381811355,0.653,1,1000,direct,Atelopus_palmatus,False,False,,,
352,2374,Eleutherodactylus_sisyphodemus,Leaf Mimic Frog,Anura,Eleutherodactylidae,CR,11.0995096611698,3.95642903489238,11.6895526719503,3.94755074898543,0.969031333205242,0.0635790752943765,9.02971119582062,0.802,1,1000,direct,Eleutherodactylus_sisyphodemus,False,False,,,
353,2391,Altiphrynoides_osgoodi,Osgood's Ethiopian Toad,Anura,Bufonidae,CR,11.0961761482807,9.72876802199653,11.6523704990333,10.2587318966444,0.97290473996383,0.0584074157136344,7.03468158242605,0.66,1,1000,direct,Altiphrynoides_osgoodi,False,False,,,
354,2348,Craugastor_rhyacobatrachus,,Anura,Craugastoridae,CR,11.0941706847447,12.0466054065743,11.7580186796878,12.4501233957051,0.970177365336603,0.0607464958845131,9.87696956138356,0.599,1,1000,direct,Craugastor_rhyacobatrachus,False,False,,,
355,481,Gephyromantis_atsingy,,Anura,Mantellidae,EN,11.0902643764059,6.22009923569349,23.6513453522728,6.04880642352841,0.465734260787695,0.293502612314816,22.8948192287929,0.998,1,1000,direct,Gephyromantis_atsingy,False,False,,,
356,2338,Leptolalax_botsfordi,Botsford's Leaf-litter Frog,Anura,Megophryidae,CR,11.0828504660985,14.5160491850307,11.7888197292632,15.4114950301241,0.970492114096124,0.0587665690920907,12.7720257058968,0.607,1,1000,GBIF_accepted,Leptobrachella_botsfordi,False,False,,,
357,2384,Telmatobius_cirrhacelis,Loja Water Frog,Anura,Telmatobiidae,CR,11.0720329768744,10.3599276984848,11.6681105467604,11.0660417517223,0.971157029031428,0.0610266163668527,8.59138873104518,0.63,1,1000,direct,Telmatobius_cirrhacelis,False,False,,,
358,450,Odorrana_ishikawae,Okinawa Ishikawa's Frog,Anura,Ranidae,EN,11.0605951957308,10.3164612543281,24.3273082559204,18.1479954649246,0.495465611178415,0.298282397564495,18.2940750406879,0.841,1,1000,direct,Odorrana_ishikawae,False,False,,,
359,2382,Craugastor_olanchano,,Anura,Craugastoridae,CR,11.0506989716421,14.8895203811645,11.6702059082778,15.4907558535901,0.970306862514629,0.0605193624323205,12.0774375496862,0.607,1,1000,direct,Craugastor_olanchano,False,False,,,
360,2425,Atelopus_coynei,Rio Faisanes Stubfoot Toad,Anura,Bufonidae,CR,11.0433587077323,11.4127402434491,11.5795313788671,11.8986151268177,0.970953998653753,0.0617865902584413,6.32037996864894,0.623,1,1000,direct,Atelopus_coynei,False,False,,,
361,2413,Atelopus_pinangoi,Green and Red Venter Harlequin Toad,Anura,Bufonidae,CR,11.013077175653,10.7271478510134,11.6087527663159,11.1384729955613,0.970953998653753,0.0612776350732131,5.20446727327207,0.645,1,1000,direct,Atelopus_pinangoi,False,False,,,
362,2407,Pristimantis_thymalopsoides,Greater Pilalo Robber Frog,Anura,Strabomantidae,CR,11.0119864739624,5.02465591296454,11.6207464481486,5.30591818842055,0.970306862514629,0.0596433966784758,10.2150012952453,0.731,1,1000,direct,Pristimantis_thymalopsoides,False,False,,,
363,562,Micrixalus_thampii,Thampi's Torrent Frog,Anura,Petropedetidae,EN,11.0030866589375,12.4766735092289,22.2802058872153,23.6921117755656,0.503212905819051,0.265990063279384,22.4015216688736,0.846,1,1000,direct,Micrixalus_thampii,False,False,,,
364,2379,Atelopus_tamaensis,Tamá Harlequin Frog,Anura,Bufonidae,CR,10.9665010337158,9.90359688481474,11.6761310803764,10.4599965152002,0.970732182770476,0.0617865902584413,5.92289379782682,0.634,1,1000,GBIF_accepted,Atelopus_tamaense,False,False,,,
365,611,Micrixalus_nudis,Naked Dancing Frog,Anura,Petropedetidae,EN,10.955176585841,13.9702998316267,21.423012220305,26.4880152073321,0.503457773870065,0.26807788543227,23.4503214093489,0.839,1,1000,direct,Micrixalus_nudis,False,False,,,
366,2489,Hylodes_mertensi,Mertens' Tree Toad,Anura,Hylodidae,CR,10.943907682617,12.9118004167281,11.4011573944627,13.6170803769297,0.972682417642686,0.0579566918577137,11.308340113394,0.586,1,1000,direct,Hylodes_mertensi,False,False,,,
367,2534,Ischnocnema_epipeda,Santa Teresa Robber Frog,Anura,Brachycephalidae,CR,10.934342346431,13.5997465881336,11.2917420475051,14.3657960525507,0.968707079805619,0.0615912925270727,12.6156638176792,0.586,1,1000,direct,Ischnocnema_epipeda,False,False,,,
368,577,Micrixalus_silvaticus,Forest Dancing Frog,Anura,Petropedetidae,EN,10.9236923960695,12.938850511783,21.9831972837142,25.9010578634898,0.503904109051115,0.267263665129818,22.8776708016906,0.835,1,1000,direct,Micrixalus_silvaticus,False,False,,,
370,2468,Craugastor_epochthidius,,Anura,Craugastoridae,CR,10.8991717448953,11.9469731455559,11.4576709231302,12.3812617447373,0.970306862514629,0.0607464958845131,10.8667567151058,0.597,1,1000,direct,Craugastor_epochthidius,False,False,,,
371,2465,Telmatobius_ceiorum,,Anura,Telmatobiidae,CR,10.8732017706959,10.2328299462637,11.4623147425428,10.8859018593937,0.970364555771099,0.0604639258472222,8.67119500931679,0.617,1,1000,direct,Telmatobius_ceiorum,False,False,,,
372,2410,Hyloxalus_marmoreoventris,Rio Negro Rocket Frog,Anura,Dendrobatidae,CR,10.8651126831947,12.1104953494709,11.616873717055,12.7691732589757,0.96740548127805,0.065085606462486,9.1151909639536,0.617,1,1000,direct,Hyloxalus_marmoreoventris,False,False,,,
373,2552,Hyloxalus_ruizi,Ruiz's Rocket Frog,Anura,Dendrobatidae,CR,10.8417515705013,14.0658840954558,11.2484193895075,14.9660646339239,0.96740548127805,0.0653215807175931,8.93439746225512,0.58,1,1000,direct,Hyloxalus_ruizi,False,False,,,
374,2478,Capensibufo_rosei,Rose’s Mountain Toadlet,Anura,Bufonidae,CR,10.8394137033752,3.97624623753246,11.427694787694,4.07639538608636,0.970953998653753,0.0625360984354718,10.438259784854,0.783,1,1000,direct,Capensibufo_rosei,False,False,,,
375,2460,Cardioglossa_trifasciata,,Anura,Arthroleptidae,CR,10.8392012844554,11.7006109318653,11.4703101074886,12.4794548456115,0.970821470106045,0.0647425534547907,13.0233590355831,0.611,1,1000,direct,Cardioglossa_trifasciata,False,False,,,
376,65,Epicrionops_parkeri,Parker's Caecilian,Gymnophiona,Rhinatrematidae,VU,10.8354501963774,12.955340278408,46.8414631716114,53.3674459611765,0.245063551619103,0.0760847681615822,46.6541708506127,0.932,1,1000,direct,Epicrionops_parkeri,False,False,,,
377,2429,Craugastor_milesi,Miles' Robber Frog,Anura,Craugastoridae,CR,10.8074203520871,13.4651707160231,11.567014787075,14.3949953227753,0.970002158209904,0.0608769813352208,11.5561056993405,0.607,1,1000,direct,Craugastor_milesi,False,False,,,
378,2502,Atelopus_sanjosei,Anori Stubfoot Toad,Anura,Bufonidae,CR,10.8064721559223,10.4474116039745,11.3730442650193,10.9520410261987,0.970925260099311,0.0627570114055727,7.027970290613,0.616,1,1000,direct,Atelopus_sanjosei,False,False,,,
379,2499,Atelopus_peruensis,Peru Stubfoot Toad,Anura,Bufonidae,CR,10.8030284817186,4.04988242739237,11.3773200650923,4.09332466667008,0.970732182770476,0.0611357915055939,5.62618065666298,0.77,1,1000,direct,Atelopus_peruensis,False,False,,,
380,2472,Atelopus_carbonerensis,La Carbonera Stubfoot Toad,Anura,Bufonidae,CR,10.7925878709228,11.2830341233385,11.4508036111605,12.1785490836669,0.970496380151356,0.0626481242097554,4.79429840419833,0.623,1,1000,direct,Atelopus_carbonerensis,False,False,,,
381,2492,Atelopus_patazensis,,Anura,Bufonidae,CR,10.7878200209584,10.4209559363846,11.3974975745554,10.8727355735067,0.970925260099311,0.0627276388781718,4.99346166031371,0.628,1,1000,direct,Atelopus_patazensis,False,False,,,
382,435,Hyloscirtus_tapichalaca,Tapichalaca Treefrog,Anura,Hylidae,EN,10.7693029371117,8.78255136727126,24.6534941206535,14.925300220359,0.496083821431109,0.282324586932972,19.3362426728763,0.854,1,1000,direct,Hyloscirtus_tapichalaca,False,False,,,
383,2509,Atelopus_arthuri,Arthur's Stubfoot Toad,Anura,Bufonidae,CR,10.7527269251514,12.8377233860379,11.3379273893629,13.3441367398283,0.970953998653753,0.0618117657414129,5.54585747684971,0.602,1,1000,direct,Atelopus_arthuri,False,False,,,
384,473,Aromobates_ornatissimus,Ornate Cloud Frog,Anura,Dendrobatidae,EN,10.7431503257054,7.3241066666604,23.79506452164,13.7951954122769,0.477873992604072,0.277377566494308,11.4596856449801,0.897,1,1000,direct,Aromobates_ornatissimus,False,False,,,
385,2539,Craugastor_inachus,,Anura,Craugastoridae,CR,10.7391846552024,11.9207747055832,11.2818243472307,12.512444031026,0.970157322019685,0.0601970426425468,8.63575901064906,0.583,1,1000,direct,Craugastor_inachus,False,False,,,
386,2562,Stumpffia_hara,,Anura,Microhylidae,CR,10.7387471347306,5.80281155988025,11.2264115014777,6.10163219658899,0.970761297771254,0.0629373698909369,8.6035100512872,0.696,1,1000,direct,Stumpffia_hara,False,False,,,
387,2591,Hyloxalus_fallax,Cotopaxi Rocket Frog,Anura,Dendrobatidae,CR,10.6954131110313,13.5386538600016,11.1483255340461,14.164254119305,0.967901633665167,0.0667522438451254,10.1188255729227,0.604,1,1000,direct,Hyloxalus_fallax,False,False,,,
388,2612,Craugastor_phasma,Ghost Flesh-bellied Frog,Anura,Craugastoridae,CR,10.6862388330398,11.5740193472236,11.1008443880148,12.0649820608631,0.970306862514629,0.0591815928660451,9.73343999799021,0.585,1,1000,direct,Craugastor_phasma,False,False,,,
389,592,Cryptotriton_alvarezdeltoroi,Alvarez del Toro's Salamander,Caudata,Plethodontidae,EN,10.6719221912155,5.99591527966594,21.7757092973815,6.29257347651741,0.479019760385486,0.290814291753277,13.5071461373362,1.0,1,1000,direct,Cryptotriton_alvarezdeltoroi,False,False,,,
391,2561,Telmatobius_sanborni,Sanborn's Water Frog,Anura,Telmatobiidae,CR,10.6601395084446,8.4494414605179,11.2272029204822,8.8649383883375,0.971668131832441,0.0609341171031737,6.75044510622731,0.613,1,1000,direct,Telmatobius_sanborni,False,False,,,
392,2587,Atelopus_angelito,,Anura,Bufonidae,CR,10.6464587328091,12.251586168887,11.1580363893113,13.0638129488529,0.970925260099311,0.0626181823409978,7.09002467962898,0.61,1,1000,direct,Atelopus_angelito,False,False,,,
393,2586,Bolitoglossa_decora,,Caudata,Plethodontidae,CR,10.6302579654176,3.39274077048777,11.1595873906749,3.58220846726612,0.971358133083185,0.0577723072403311,8.65446408104421,0.777,1,1000,direct,Bolitoglossa_decora,False,False,,,
394,553,Hyloscirtus_colymba,La Loma Treefrog,Anura,Hylidae,EN,10.6117738854843,8.78171483201819,22.3966023607057,16.1439309700339,0.493025181414307,0.280567991020374,17.4641665389322,0.878,1,1000,direct,Hyloscirtus_colymba,False,False,,,
395,2568,Gastrotheca_antomia,,Anura,Hemiphractidae,CR,10.605798934301,11.0287174167893,11.2017746974167,11.7642102699161,0.968961966062382,0.0669879225243544,10.3507118649988,0.58,1,1000,direct,Gastrotheca_antomia,False,False,,,
396,2600,Craugastor_campbelli,,Anura,Craugastoridae,CR,10.5998375356283,11.0533960100128,11.1279466680083,11.2961629069091,0.970424412930613,0.0591879196820095,9.48858074509014,0.589,1,1000,direct,Craugastor_campbelli,False,False,,,
397,2675,Plectrohyla_chrysopleura,,Anura,Hylidae,CR,10.5855465524412,6.62769435173303,10.9801206071718,6.9738393735142,0.971400287179017,0.0603261539772679,6.95497816971741,0.64,1,1000,direct,Plectrohyla_chrysopleura,False,False,,,
398,2678,Petropedetes_dutoiti,Du Toit's Torrent Frog,Anura,Petropedetidae,CR,10.5835076195747,9.46321348206159,10.9716598059147,9.73144638453555,0.97287333268871,0.0547516636137224,12.6730300865045,0.631,1,1000,GBIF_accepted,Arthroleptides_dutoiti,False,False,,,
399,2629,Atelopus_chrysocorallus,Red and Yellow Stubfoot Toad,Anura,Bufonidae,CR,10.5763322161141,10.837657006459,11.0740922181699,11.6102031722917,0.970496380151356,0.0626699867613592,6.42743356632679,0.611,1,1000,direct,Atelopus_chrysocorallus,False,False,,,
400,2662,Boophis_tsilomaro,,Anura,Mantellidae,CR,10.5726496732194,11.0259029901155,11.0029904571861,11.7065958288199,0.967518866204957,0.0623048890993526,11.2825083538224,0.595,1,1000,direct,Boophis_tsilomaro,False,False,,,
401,762,Beddomixalus_bijui,Montane Foam-nest Tree Frog,Anura,Rhacophoridae,EN,10.5716738719437,17.4002935187506,19.7366426617289,37.1276693643834,0.481658751632949,0.289204813304965,24.9541540822563,0.699,1,1000,direct,Beddomixalus_bijui,False,False,,,
402,610,Chiropterotriton_magnipes,Bigfoot Splayfoot Salamander,Caudata,Plethodontidae,EN,10.5478208320329,5.98916365980963,21.4502313425492,5.14393324659525,0.47982601258545,0.29319005902942,18.5748722384097,1.0,1,1000,direct,Chiropterotriton_magnipes,False,False,,,
403,2632,Dendrotriton_bromeliacius,Volcan Tajumulco Bromeliad Salamander,Caudata,Plethodontidae,CR,10.5072892699537,2.59367993796512,11.0634049290512,2.62527071603317,0.968518631431662,0.0604781603693011,9.693141546832,0.887,1,1000,direct,Dendrotriton_bromeliacius,False,False,,,
404,2691,Hyloscirtus_chlorosteus,Parjacti Treefrog,Anura,Hylidae,CR,10.5060967646859,10.4059474037709,10.936747851906,10.9218528776663,0.971062385276017,0.0574281549765697,9.64474345151292,0.601,1,1000,direct,Hyloscirtus_chlorosteus,False,False,,,
405,2686,Atelopus_sernai,,Anura,Bufonidae,CR,10.5034091673324,11.0295740331404,10.9496168733861,11.4709009324622,0.970534320595524,0.0616771337212673,5.80553806244541,0.594,1,1000,direct,Atelopus_sernai,False,False,,,
406,613,Chiropterotriton_chondrostega,Gristle-headed Splayfoot Salamander,Caudata,Plethodontidae,EN,10.4616573990985,5.88641121901246,21.3704441491482,5.27160353475613,0.480134827860534,0.293499901846414,18.7233065931862,1.0,1,1000,direct,Chiropterotriton_chondrostega,False,False,,,
407,2685,Oscaecilia_equatorialis,Equatorial Caecilian,Gymnophiona,Caeciliidae,CR,10.4097301673761,13.0724907020922,10.9524446301728,13.8401538203207,0.969919920704256,0.0621112477713055,12.5716294421089,0.564,1,1000,direct,Oscaecilia_equatorialis,False,False,,,
408,2680,Eleutherodactylus_lucioi,Pallid Rockfrog,Anura,Eleutherodactylidae,CR,10.4042987458537,9.4742113100742,10.9650844865639,10.1310013611989,0.969559868386247,0.0631567597140973,8.06850685551468,0.605,1,1000,direct,Eleutherodactylus_lucioi,False,False,,,
409,2721,Leptodactylus_fallax,Mountain Chicken,Anura,Leptodactylidae,CR,10.3831339242827,5.30998831924609,10.8557632515119,5.51406310236759,0.970903392170865,0.0588294279594723,9.96681159778451,0.652,1,1000,direct,Leptodactylus_fallax,False,False,,,
410,2694,Atelopus_glyphus,Pirri Range Stubfoot Toad,Anura,Bufonidae,CR,10.3806312673046,8.24250093932654,10.9293426891065,8.76989640858888,0.971423688428519,0.0613188807001653,5.42711378237747,0.616,1,1000,direct,Atelopus_glyphus,False,False,,,
411,2567,Telmatobius_timens,Tojologue Water Frog,Anura,Telmatobiidae,CR,10.3674409340221,11.2287210411427,11.2120313349397,11.7155834124056,0.971087434938767,0.0609832949845394,8.11774557017579,0.599,1,1000,direct,Telmatobius_timens,False,False,,,
412,2748,Crossodactylodes_itambe,Itambe's Bromeliad Frog,Anura,Leptodactylidae,CR,10.3456562364676,10.6502049528057,10.8006381529623,11.2585699022856,0.971022851990672,0.0595804431623716,10.7007454414208,0.574,1,1000,direct,Crossodactylodes_itambe,False,False,,,
413,73,Phrynobatrachus_kinangopensis,Kinangop River Frog,Anura,Phrynobatrachidae,VU,10.3362360423022,6.05595959150173,44.3495013939611,22.6794539421603,0.247197059332174,0.0724197553136663,34.6703192146177,0.946,1,1000,direct,Phrynobatrachus_kinangopensis,False,False,,,
414,2737,Ptychohyla_acrochorda,Warty Mountain Stream Frog,Anura,Hylidae,CR,10.328983764705,9.68374077498977,10.8289856747907,10.2549107778428,0.971499098176558,0.0602399598793691,8.267598070583,0.61,1,1000,GBIF_accepted,Quilticohyla_acrochorda,False,False,,,
415,603,Eleutherodactylus_toa,Oriente Pallid Frog,Anura,Eleutherodactylidae,EN,10.3284407594139,5.78933338355968,21.5733417261564,3.9066431166193,0.479690237020728,0.263810755986041,20.941619865408,0.984,1,1000,direct,Eleutherodactylus_toa,False,False,,,
416,2646,Hyloxalus_peculiaris,Funny Rocket Frog,Anura,Dendrobatidae,CR,10.3278408106091,11.7538161558964,11.0354229075049,12.6407776088722,0.967575510453126,0.0662981227538091,9.58331005661392,0.591,1,1000,direct,Hyloxalus_peculiaris,False,False,,,
417,554,Leptolalax_melicus,Musical leaf-litter toad,Anura,Megophryidae,EN,10.3160157707565,8.18703936043453,22.3805124754875,11.715644162328,0.488139597624705,0.281500320424613,16.853991348017,0.872,1,1000,GBIF_accepted,Leptobrachella_melica,False,False,,,
418,2735,Craugastor_nefrens,,Anura,Craugastoridae,CR,10.3118599309997,11.1774224215961,10.8296874374891,11.7370919829154,0.969820635378184,0.0606311608418736,8.93491890534712,0.603,1,1000,direct,Craugastor_nefrens,False,False,,,
419,2731,Craugastor_stadelmani,North-Central Honduran Montane Streamside Frog,Anura,Craugastoridae,CR,10.2831221554932,9.90634291180451,10.8318394057842,10.4210224902778,0.969927275728374,0.060718541454401,9.46633429869341,0.591,1,1000,direct,Craugastor_stadelmani,False,False,,,
420,2828,Craugastor_coffeus,Coffee Rain Frog,Anura,Craugastoridae,CR,10.2804823690558,10.9376543425743,10.6013707259404,11.6115684917481,0.97003454897232,0.0609456749065936,9.53076888212341,0.576,1,1000,direct,Craugastor_coffeus,False,False,,,
422,2738,Phrynopus_heimorum,,Anura,Strabomantidae,CR,10.2765353577391,12.1057191560368,10.8287560788761,12.8327413256497,0.970644253816215,0.059315030048069,8.84602305622687,0.572,1,1000,direct,Phrynopus_heimorum,False,False,,,
423,561,Allobates_brunneus,,Anura,Dendrobatidae,EN,10.2746718718307,6.91910579241632,22.2889083961661,8.83878898157645,0.481056921408359,0.279695951052487,20.2959636839517,0.927,1,1000,direct,Allobates_brunneus,False,False,,,
424,2752,Atelopus_cruciger,Veragua Stubfoot Toad,Anura,Bufonidae,CR,10.2644478101639,9.92907614709903,10.7974630701469,10.3963531698261,0.970732182770476,0.0626475548683987,4.99812541858435,0.593,1,1000,direct,Atelopus_cruciger,False,False,,,
425,2728,Pseudophilautus_simba,,Anura,Rhacophoridae,CR,10.2584841022605,5.12040363070971,10.8359656118883,5.45207092437587,0.970306243611442,0.0586125766825662,7.16204059967815,0.657,1,1000,direct,Pseudophilautus_simba,False,False,,,
426,2682,Craugastor_taylori,Taylor's Robber Frog,Anura,Craugastoridae,CR,10.2554796941903,10.6263183456695,10.9633195525183,10.9144381423304,0.969927275728374,0.0602552983930734,9.77349548865165,0.579,1,1000,direct,Craugastor_taylori,False,False,,,
428,2727,Telmatobius_verrucosus,Chaco Water Frog,Anura,Telmatobiidae,CR,10.2544973461026,9.07360099782006,10.8390347133685,9.19901102751637,0.971571870843833,0.0610608388577915,6.7368317399021,0.611,1,1000,direct,Telmatobius_verrucosus,False,False,,,
429,2729,Craugastor_chrysozetetes,McCranie's Robber Frog,Anura,Craugastoridae,CR,10.2272587736785,10.9709100942212,10.8358667944682,11.5532092824605,0.970002158209904,0.0608769813352208,8.59782885274237,0.572,1,1000,direct,Craugastor_chrysozetetes,False,False,,,
430,2722,Telmatobius_bolivianus,,Anura,Telmatobiidae,CR,10.2159252099205,8.49674722127095,10.8491236609314,8.86247945496921,0.970401161189311,0.0604639258472222,5.85851260092296,0.608,1,1000,direct,Telmatobius_bolivianus,False,False,,,
431,635,Stumpffia_roseifemoralis,,Anura,Microhylidae,EN,10.2090024396311,6.07728031878409,21.0147119930633,6.0557739309933,0.48701700482296,0.285163629385964,19.5462267062035,0.984,1,1000,direct,Stumpffia_roseifemoralis,False,False,,,
432,2777,Atelopus_subornatus,Bogota Stubfoot Toad,Anura,Bufonidae,CR,10.1798004568587,8.95516280803504,10.7337353873137,9.63486486174426,0.970953998653753,0.0618117657414129,5.3437811208065,0.624,1,1000,direct,Atelopus_subornatus,False,False,,,
433,2853,Isthmohyla_calypsa,,Anura,Hylidae,CR,10.1743379690382,10.8689583162739,10.5313644996434,11.3680269232997,0.971293105700482,0.0582181411932365,8.36215145294687,0.554,1,1000,direct,Isthmohyla_calypsa,False,False,,,
434,80,Pachyhynobius_shangchengensis,Shangcheng Salamander,Caudata,Hynobiidae,VU,10.1707270613636,3.42906866041696,42.6319334134462,5.71653810041769,0.239858205969232,0.0788076190655276,42.90088977098,1.0,1,1000,direct,Pachyhynobius_shangchengensis,False,False,,,
435,2785,Atelopus_monohernandezii,,Anura,Bufonidae,CR,10.1599008829134,8.46793375061611,10.7101451049994,8.82920126234892,0.970953998653753,0.0612961045338892,5.6183916975324,0.598,1,1000,direct,Atelopus_monohernandezii,False,False,,,
436,2775,Ecnomiohyla_valancifer,Lichenose Fringe-limbed Treefrog,Anura,Hylidae,CR,10.1526466331704,13.5454618684553,10.7350579187571,14.1832462646802,0.971643508298513,0.0604493551148847,9.57156152870436,0.557,1,1000,direct,Ecnomiohyla_valancifer,False,False,,,
437,2826,Plectrohyla_glandulosa,Forest Spikethumb Frog,Anura,Hylidae,CR,10.1321701605256,5.13527691030315,10.6027525488822,5.55984201841515,0.971348387062748,0.0601167587417524,8.44188901387486,0.659,1,1000,direct,Plectrohyla_glandulosa,False,False,,,
438,2802,Peltophryne_longinasus,Western Cuba Long-nosed Toad,Anura,Bufonidae,CR,10.1082384054704,3.10795890483043,10.6741077478999,3.1726644586545,0.972029088893885,0.0603886169083324,8.72201225029909,0.71,1,1000,direct,Peltophryne_longinasus,False,False,,,
439,2831,Cynops_chenggongensis,,Caudata,Salamandridae,CR,10.0915927242713,7.75107444269806,10.5910138649006,8.11694519637028,0.96773570081658,0.0636012024464087,7.14986954996029,0.587,1,1000,GBIF_iucn_link,Cynops_chenggongensis,False,False,,,
440,2846,Hylodes_regius,Royal Tree Toad,Anura,Hylodidae,CR,10.0854082497984,12.3758358410158,10.5461405363081,12.7689096675013,0.972870684438172,0.0557699083023051,10.6302819302083,0.547,1,1000,direct,Hylodes_regius,False,False,,,
441,2840,Craugastor_escoces,Heredia Robber Frog,Anura,Craugastoridae,CR,10.0620106861636,12.3863657745523,10.554938789353,12.9966800580421,0.970298304017728,0.0615721500559641,9.62971123634152,0.565,1,1000,direct,Craugastor_escoces,False,False,,,
443,2833,Thorius_dubitus,Acultzingo Pigmy Salamander,Caudata,Plethodontidae,CR,10.0406535012988,2.72781026906348,10.5867110236306,2.77857576774065,0.968973604622216,0.0599150282657315,7.51173173622444,0.744,1,1000,direct,Thorius_dubitus,False,False,,,
444,568,Arthroleptis_langeri,,Anura,Arthroleptidae,EN,10.0342704473058,8.08974957090109,22.1625594621701,13.1226552217145,0.491024336535873,0.279110604708637,18.344905413458,0.832,1,1000,direct,Arthroleptis_langeri,False,False,,,
445,2783,Ecnomiohyla_echinata,Oaxacan Fringe-limbed Treefrog,Anura,Hylidae,CR,10.034116320494,13.5842691711108,10.7197249845024,14.1099054635512,0.971757660443925,0.0599105101775894,10.1565714158265,0.555,1,1000,direct,Ecnomiohyla_echinata,False,False,,,
446,700,Micrixalus_fuscus,Kalakkad Dancing Frog,Anura,Petropedetidae,EN,10.0295094411584,7.91892733149646,20.2199202672265,13.7126277912284,0.504413434298673,0.268064981308638,18.9886104014756,0.888,1,1000,direct,Micrixalus_fuscus,False,False,,,
447,690,Pipa_myersi,,Anura,Pipidae,EN,10.0168826459065,14.8543034432262,20.3732666586691,28.8511278171838,0.489249515567248,0.28072867645296,27.2912305370872,0.762,1,1000,direct,Pipa_myersi,False,False,,,
448,663,Eleutherodactylus_maestrensis,Sierra Maestra Long-legged Frog,Anura,Eleutherodactylidae,EN,10.0085000742485,5.87570779486105,20.7231510609113,4.93992896001146,0.483998942665454,0.264688731428071,18.6276739754839,0.96,1,1000,direct,Eleutherodactylus_maestrensis,False,False,,,
449,2850,Craugastor_fleischmanni,Fleischmann's Robber Frog,Anura,Craugastoridae,CR,9.98697005125056,4.43394261889148,10.54136942928,4.49266186695949,0.969739566411864,0.0606093661421846,8.76310845373797,0.667,1,1000,direct,Craugastor_fleischmanni,False,False,,,
450,2904,Pseudoeurycea_unguidentis,Claw-toothed Salamander,Caudata,Plethodontidae,CR,9.98355751197375,3.77113445635817,10.4179257581367,3.94245216050731,0.971806545602935,0.0575924323668041,5.98451793006621,0.641,1,1000,direct,Pseudoeurycea_unguidentis,False,False,,,
451,2925,Crossodactylus_grandis,Rio Spinythumb Frog,Anura,Hylodidae,CR,9.97183819188668,12.4472252291886,10.3768751133604,12.8841692549387,0.972538535530356,0.057184197338034,10.8307396714315,0.554,1,1000,direct,Crossodactylus_grandis,False,False,,,
453,2844,Brachycephalus_bufonoides,,Anura,Brachycephalidae,CR,9.95809499995833,15.5013281403019,10.5482800578228,16.4808376080297,0.968479370765202,0.0641911844883426,12.7378007440207,0.549,1,1000,direct,Brachycephalus_bufonoides,False,False,,,
454,2919,Craugastor_merendonensis,San Pedro Robber Frog,Anura,Craugastoridae,CR,9.94511165939904,10.7116051912219,10.3925179999913,11.6198394134245,0.970424412930613,0.0601001422743486,9.59290550190584,0.57,1,1000,direct,Craugastor_merendonensis,False,False,,,
455,2823,Telmatobius_yuracare,Sehuencas Water Frog,Anura,Telmatobiidae,CR,9.94250610361551,8.24875229955887,10.6082057970517,8.8764879805518,0.970502902653168,0.0603451173678119,5.55321554218121,0.586,1,1000,direct,Telmatobius_yuracare,False,False,,,
456,2832,Atelopus_mucubajiensis,,Anura,Bufonidae,CR,9.94170889019487,8.33946583573414,10.589447693727,8.93282697126315,0.970732182770476,0.061499211307254,5.40175443192853,0.602,1,1000,direct,Atelopus_mucubajiensis,False,False,,,
457,2891,Eleutherodactylus_warreni,Tortue Frog,Anura,Eleutherodactylidae,CR,9.93668543842963,8.6436376857747,10.4369753808447,8.94801052147379,0.968997032027082,0.0614069820632828,7.5434054671992,0.573,1,1000,direct,Eleutherodactylus_warreni,False,False,,,
458,628,Gastrotheca_dendronastes,Rio Calima Marsupial Frog,Anura,Hemiphractidae,EN,9.87698257173037,7.09286942040351,21.1952819919548,12.7940915232621,0.478023799306367,0.266776537914129,13.1166818950645,0.898,1,1000,direct,Gastrotheca_dendronastes,False,False,,,
459,2922,Pristimantis_phoxocephalus,Cotopaxi Robber Frog,Anura,Strabomantidae,CR,9.87205705352921,3.00188173735627,10.3892234007981,3.19430784171242,0.9683266415573,0.0607112977932602,10.0316104770574,0.713,1,1000,direct,Pristimantis_phoxocephalus,False,False,,,
460,87,Nyctanolis_pernix,Nimble Long-limbed Salamander,Caudata,Plethodontidae,VU,9.87161787836985,3.34316803528836,41.8740974609165,8.73901183222252,0.240136664098163,0.078977738300977,41.34504313729,1.0,1,1000,direct,Nyctanolis_pernix,False,False,,,
461,582,Leptolalax_pluvialis,,Anura,Megophryidae,EN,9.86629114704755,6.49052117221948,21.8960905932934,9.64975108826097,0.488139597624705,0.27901747167135,18.1245059448172,0.852,1,1000,GBIF_accepted,Leptobrachella_pluvialis,False,False,,,
462,661,Werneria_preussi,Buea Smalltongue Toad,Anura,Bufonidae,EN,9.86529064317194,5.91292797872985,20.7411049345877,6.55950952989117,0.490481686609364,0.280943940261184,6.63522418145427,0.994,1,1000,direct,Werneria_preussi,False,False,,,
463,2898,Eleutherodactylus_bresslerae,Maisi Frog,Anura,Eleutherodactylidae,CR,9.86517542907739,3.69452813991001,10.4257173551495,3.75316019227303,0.969559868386247,0.0635648767197019,7.25997525288486,0.676,1,1000,direct,Eleutherodactylus_bresslerae,False,False,,,
464,88,Calyptocephalella_gayi,Helmeted Water Toad,Anura,Calyptocephalellidae,VU,9.85862742640825,3.58703882861633,41.6887209054311,11.6446729630354,0.239073129597006,0.0805260350996505,41.174346266,1.0,1,1000,direct,Calyptocephalella_gayi,False,False,,,
465,2946,Eleutherodactylus_michaelschmidi,Sierra Maestra Blotched Frog,Anura,Eleutherodactylidae,CR,9.84685751530115,10.2862545935989,10.323632431305,10.7665191253935,0.969686252151199,0.0623777886277374,7.72006240430738,0.577,1,1000,direct,Eleutherodactylus_michaelschmidi,False,False,,,
466,711,Stumpffia_pygmaea,Andoany Stump-toed Frog,Anura,Microhylidae,EN,9.83627010159011,6.03660104141352,20.1313513918318,6.89444795781605,0.489792641636414,0.287769924415652,13.6555729603171,0.991,1,1000,direct,Stumpffia_pygmaea,False,False,,,
467,2895,Pristimantis_caprifer,La Palma Robber Frog,Anura,Strabomantidae,CR,9.83566422421843,17.8313185957776,10.4313943866087,18.2587104764753,0.970628530126721,0.059422242688539,11.0279539515866,0.54,1,1000,direct,Pristimantis_caprifer,False,False,,,
468,2984,Craugastor_adamastus,,Anura,Craugastoridae,CR,9.8319561736335,11.416821882827,10.2538805257518,12.078563766325,0.970572507072339,0.0591918070432953,9.28808888153045,0.549,1,1000,direct,Craugastor_adamastus,False,False,,,
469,2958,Bolitoglossa_longissima,,Caudata,Plethodontidae,CR,9.82011340074666,3.03392957227511,10.3034119473085,2.96718615658179,0.971358133083185,0.0578667609745006,7.78822301283842,0.703,1,1000,direct,Bolitoglossa_longissima,False,False,,,
470,2907,Atelopus_petriruizi,Painted Stubfoot Toad,Anura,Bufonidae,CR,9.7994477532681,11.1424459768819,10.4094455852347,11.7754069260011,0.970925260099311,0.0617865902584413,5.73214104782003,0.55,1,1000,direct,Atelopus_petriruizi,False,False,,,
471,730,Stumpffia_madagascariensis,,Anura,Microhylidae,EN,9.79899740541722,5.72754013771777,19.9955569316767,7.45852993692033,0.489592049924455,0.286294431659893,13.1499391401283,0.984,1,1000,direct,Stumpffia_madagascariensis,False,False,,,
472,654,Werneria_submontana,,Anura,Bufonidae,EN,9.78645020036688,5.7266994833881,20.8126625592442,7.15495968737976,0.490481686609364,0.280982310985938,7.71850046427806,0.995,1,1000,direct,Werneria_submontana,False,False,,,
473,2964,Eleutherodactylus_karlschmidti,Webbed-footed Coqui,Anura,Eleutherodactylidae,CR,9.7840147042859,8.42406010558776,10.2904134083071,8.80718491485711,0.969024925451606,0.0612259004595315,7.66465288972985,0.566,1,1000,direct,Eleutherodactylus_karlschmidti,False,False,,,
474,2916,Eleutherodactylus_limbensis,Haitian Streamside Frog,Anura,Eleutherodactylidae,CR,9.76810804796812,8.58230723734588,10.3947421693715,8.82896082213729,0.969024925451606,0.0617084312976384,7.27024512031301,0.581,1,1000,direct,Eleutherodactylus_limbensis,False,False,,,
476,2971,Hyloscirtus_charazani,,Anura,Hylidae,CR,9.75557604266984,4.59747656460577,10.279741198224,4.80696413648118,0.971253958910612,0.0571039731791767,7.7185179035114,0.619,1,1000,direct,Hyloscirtus_charazani,False,False,,,
477,2977,Eleutherodactylus_bothroboans,Cordillera Central Frog,Anura,Eleutherodactylidae,CR,9.7394938433463,5.44044405673806,10.2637802613789,5.8065048213298,0.969503445472258,0.0616012450526653,1.57820775054213,0.602,1,1000,direct,Eleutherodactylus_bothroboans,False,False,,,
478,712,Noblella_personina,,Anura,Strabomantidae,EN,9.70145606248279,11.5392749911691,20.1218998193004,21.1748420655377,0.49160983145814,0.287604057308079,18.6342356979304,0.777,1,1000,GBIF_iucn_link,Noblella_personina,False,False,,,
479,2959,Pristimantis_duellmani,Duellman's Robber Frog,Anura,Strabomantidae,CR,9.69908468083252,4.46423497801422,10.3031659849089,4.67103337033651,0.970467133748192,0.0591599442267681,8.40678994186043,0.633,1,1000,direct,Pristimantis_duellmani,False,False,,,
481,2935,Leptophryne_cruentata,Bleeding Toad,Anura,Bufonidae,CR,9.68599678402562,12.9771600930268,10.3614671657417,13.5657863964619,0.970953998653753,0.0621596551475353,11.1175151952493,0.537,1,1000,direct,Leptophryne_cruentata,False,False,,,
482,2980,Atelopus_simulatus,,Anura,Bufonidae,CR,9.67616098317047,8.77617099505047,10.2597414065821,9.251467883434,0.970953998653753,0.0624329020990428,5.59873031190991,0.566,1,1000,direct,Atelopus_simulatus,False,False,,,
483,3004,Ansonia_guibei,Mesilau Stream Toad,Anura,Bufonidae,CR,9.65907509320752,4.36257164386199,10.2192910489085,4.60892900268319,0.971577769050741,0.0603300688604224,8.66999213891375,0.639,1,1000,direct,Ansonia_guibei,False,False,,,
484,3074,Atelopus_quimbaya,,Anura,Bufonidae,CR,9.65072621572545,10.3068273333098,10.0519760121985,10.379560389364,0.970337072830097,0.0626699867613592,6.08541663513242,0.554,1,1000,direct,Atelopus_quimbaya,False,False,,,
485,703,Stumpffia_psologlossa,Madagascar Stump-toed Frog,Anura,Microhylidae,EN,9.63422036843991,5.91846602737945,20.1916422594047,6.44952867287537,0.489592049924455,0.285977309741855,18.2573542280353,0.958,1,1000,direct,Stumpffia_psologlossa,False,False,,,
486,3000,Hyloscirtus_pantostictus,Rio Chingual Valley Treefrog,Anura,Hylidae,CR,9.62116619564306,3.08588320220936,10.2223572910232,3.06393629492454,0.971137109086393,0.0570701067422819,9.3043819403611,0.648,1,1000,direct,Hyloscirtus_pantostictus,False,False,,,
487,3119,Craugastor_fecundus,Nombre de Dios Streamside Frog,Anura,Craugastoridae,CR,9.6083894230236,11.491049548048,9.95881641188102,12.0745463129728,0.970298304017728,0.0615148855473034,9.19030399593268,0.543,1,1000,direct,Craugastor_fecundus,False,False,,,
488,3015,Mantidactylus_pauliani,Madagascar Frog,Anura,Mantellidae,CR,9.60722793104105,3.2920169796558,10.1847769392136,3.51896130743413,0.965867481827517,0.0655856188214822,9.8176674688822,0.638,1,1000,direct,Mantidactylus_pauliani,False,False,,,
489,3032,Nototriton_tomamorum,,Caudata,Plethodontidae,CR,9.60476690979124,2.390000985052,10.1376378512591,2.46812977034846,0.968326577709174,0.0601999222738814,9.49829797270519,0.706,1,1000,direct,Nototriton_tomamorum,False,False,,,
490,3137,Atelopus_famelicus,,Anura,Bufonidae,CR,9.59345595200738,9.98182413324914,9.92181306463078,10.2496012427815,0.971733674384307,0.0599224109709949,5.26053646800547,0.543,1,1000,direct,Atelopus_famelicus,False,False,,,
491,657,Arthroleptis_perreti,Perret's Squeaker Frog,Anura,Arthroleptidae,EN,9.56600593815462,6.97166539492297,20.8025871696677,10.5652814992213,0.489702867340526,0.278551903489237,18.5510643507394,0.867,1,1000,direct,Arthroleptis_perreti,False,False,,,
492,3070,Leptolalax_khasiorum,,Anura,Megophryidae,CR,9.5648813859415,10.6195096891203,10.057464760339,11.0974984117191,0.970858065271934,0.0596242299297793,9.65809660181134,0.545,1,1000,GBIF_accepted,Leptobrachella_khasiorum,False,False,,,
493,3039,Atelopus_chocoensis,,Anura,Bufonidae,CR,9.56477612868001,8.86649379117943,10.1189534920798,9.12780862076895,0.970953998653753,0.061499211307254,4.94020956943553,0.555,1,1000,direct,Atelopus_chocoensis,False,False,,,
494,748,Rhombophryne_guentherpetersi,Tsaratanana Digging Frog,Anura,Microhylidae,EN,9.55569578983926,9.3971056880757,19.8413443611267,15.9330251529403,0.48701700482296,0.293242953448215,16.2545293683347,0.839,1,1000,direct,Rhombophryne_guentherpetersi,False,False,,,
495,3155,Atelopus_balios,Rio Pescado Stubfoot Toad,Anura,Bufonidae,CR,9.54181080966975,8.90900513692957,9.89374967091481,9.61225121738528,0.970732182770476,0.0626475548683987,5.6036059779894,0.545,1,1000,direct,Atelopus_balios,False,False,,,
496,3012,Eleutherodactylus_juanariveroi,Plains Coqui,Anura,Eleutherodactylidae,CR,9.54088342918573,8.62372404900116,10.1944074928446,8.92403193108475,0.969031333205242,0.0616951572963472,6.97691062181779,0.561,1,1000,direct,Eleutherodactylus_juanariveroi,False,False,,,
497,3069,Leptodactylodon_axillaris,,Anura,Arthroleptidae,CR,9.52574253784195,7.20121934551722,10.0624190337496,7.59138256004142,0.970171164025908,0.0679892591538126,4.6131004660158,0.556,1,1000,direct,Leptodactylodon_axillaris,False,False,,,
499,3100,Eleutherodactylus_bakeri,La Hotte Bush Frog,Anura,Eleutherodactylidae,CR,9.49029915165622,2.30324211796382,10.0070060902509,2.38797657608331,0.970002158209904,0.0630348709573991,8.25917179474683,0.688,1,1000,direct,Eleutherodactylus_bakeri,False,False,,,
500,3093,Ptychohyla_panchoi,Guatemala Stream Frog,Anura,Hylidae,CR,9.47165110948153,10.3481479818948,10.0226418833044,10.9194496762408,0.971400287179017,0.0599105101775894,8.29008242641044,0.55,1,1000,GBIF_accepted,Atlantihyla_panchoi,False,False,,,
501,797,Cryptotriton_nasalis,Cortes Salamander,Caudata,Plethodontidae,EN,9.46996139930363,5.53407221663895,19.2576392706676,7.30764429938135,0.479019760385486,0.286676439976762,7.47960881491967,0.987,1,1000,direct,Cryptotriton_nasalis,False,False,,,
502,3182,Plectrohyla_charadricola,Puebla Treefrog,Anura,Hylidae,CR,9.44635172775832,7.55245598634781,9.83042633501907,7.79467882368997,0.971499098176558,0.0607209005017037,6.59025501871789,0.55,1,1000,GBIF_accepted,Sarcohyla_charadricola,False,False,,,
503,705,Euproctus_platycephalus,Sardinian Brook Salamander,Caudata,Salamandridae,EN,9.42611759568229,5.80613527122019,20.1811599535451,5.68244475785167,0.473343850481507,0.292811238613839,18.813757189182,1.0,1,1000,direct,Euproctus_platycephalus,False,False,,,
504,856,Babina_subaspera,Amamioshima Frog,Anura,Ranidae,EN,9.42579080042427,6.05811311031027,18.8519692556455,8.53709964181873,0.494750215186082,0.2951843020583,5.0482929028034,0.975,1,1000,direct,Babina_subaspera,False,False,,,
505,3098,Crossodactylus_dispar,Rio Spinythumb Frog,Anura,Hylodidae,CR,9.42058223623352,13.8355788326955,10.0113844532192,14.5019008711015,0.972620092595286,0.057892095044091,11.2587095883788,0.528,1,1000,direct,Crossodactylus_dispar,False,False,,,
506,811,Arlequinus_krebsi,Mebebque Frog,Anura,Hyperoliidae,EN,9.41603295627412,13.3149548360529,19.1493406419226,25.033072261785,0.488411217654925,0.269042799238564,21.4139226779216,0.731,1,1000,direct,Arlequinus_krebsi,False,False,,,
507,3193,Atelopus_oxyrhynchus,,Anura,Bufonidae,CR,9.39561849545551,10.2342010625693,9.81810518407939,10.8964594219343,0.971423688428519,0.0605631005249532,4.13445309645294,0.532,1,1000,direct,Atelopus_oxyrhynchus,False,False,,,
508,3133,Hyloxalus_shuar,Santiago Rocket Frog,Anura,Dendrobatidae,CR,9.39497503472941,10.876673902905,9.93008392582626,11.2111949251745,0.968669742040103,0.0656269791875388,7.49474028603069,0.534,1,1000,direct,Hyloxalus_shuar,False,False,,,
509,855,Babina_holsti,Holst's Frog,Anura,Ranidae,EN,9.38714891030821,6.12519362709898,18.869034388178,9.17238035988561,0.494356370754968,0.2951843020583,5.0857007577861,0.977,1,1000,direct,Babina_holsti,False,False,,,
510,3142,Eleutherodactylus_eneidae,Eneida's Coqui,Anura,Eleutherodactylidae,CR,9.36758567964565,4.65965385680896,9.91410116759722,4.87653270448841,0.969031333205242,0.0619151726284283,6.10378462353652,0.585,1,1000,direct,Eleutherodactylus_eneidae,False,False,,,
512,3187,Gastrotheca_angustifrons,Pacific Marsupial Frog,Anura,Hemiphractidae,CR,9.3596963619657,11.2229741639504,9.82463029947743,11.5330290388975,0.968707079805619,0.0646955875567666,9.94972244329126,0.539,1,1000,direct,Gastrotheca_angustifrons,False,False,,,
513,745,Ptychohyla_spinipollex,Ceiba Stream Frog,Anura,Hylidae,EN,9.35890646973969,7.93249334864034,19.8551936675518,14.2570669060817,0.492832936069451,0.272520328824018,14.4979176785717,0.857,1,1000,GBIF_accepted,Atlantihyla_spinipollex,False,False,,,
514,3254,Cophixalus_timidus,,Anura,Microhylidae,CR,9.34957255548955,14.021868395166,9.67922051762356,14.9821319670299,0.970406339189167,0.0624960261106595,11.3214119623233,0.52,1,1000,direct,Cophixalus_timidus,False,False,,,
515,3211,Pseudophilautus_bambaradeniyai,Bambaradeniya’s Shrub Frog,Anura,Rhacophoridae,CR,9.32196776188746,7.09734143127984,9.76375729739956,7.35989677380927,0.970491820931908,0.0586125766825662,6.80937932977038,0.551,1,1000,direct,Pseudophilautus_bambaradeniyai,False,False,,,
516,805,Telmatobius_chusmisensis,,Anura,Telmatobiidae,EN,9.31716561897211,9.1933350964894,19.2148527991135,17.2107523274431,0.488500207163901,0.281515085687036,14.8949956628696,0.81,1,1000,direct,Telmatobius_chusmisensis,False,False,,,
517,760,Gephyromantis_corvus,,Anura,Mantellidae,EN,9.31676183348808,5.49776527470998,19.7490121580322,5.16124021718371,0.465597953354821,0.293803819303928,15.213482671182,0.995,1,1000,direct,Gephyromantis_corvus,False,False,,,
518,3159,Atelopus_ardila,,Anura,Bufonidae,CR,9.31511157998772,8.08122963672058,9.87534344937487,8.41795011032137,0.970925260099311,0.0618117657414129,4.39541610263765,0.541,1,1000,direct,Atelopus_ardila,False,False,,,
519,852,Oreobates_ayacucho,,Anura,Strabomantidae,EN,9.30675505617284,4.94038003447187,18.8759251512812,5.96650119953073,0.488498447285739,0.276409462582485,10.876787522324,1.0,1,1000,direct,Oreobates_ayacucho,False,False,,,
520,816,Noblella_lynchi,,Anura,Strabomantidae,EN,9.30470620756496,11.5869730361333,19.127091716802,22.3184550938123,0.491969547632719,0.288052700800284,17.9077722381101,0.768,1,1000,GBIF_iucn_link,Noblella_lynchi,False,False,,,
521,877,Cryptotriton_wakei,Cortes Salamander,Caudata,Plethodontidae,EN,9.28106102930854,5.6602980384398,18.5928655048663,7.51613909032484,0.479327680576968,0.292176330346925,7.34765768694151,0.986,1,1000,GBIF_accepted,Cryptotriton_nasalis,False,False,,,
522,3286,Leptolalax_lateralis,Nagaland Asian Toad,Anura,Megophryidae,CR,9.27487293866975,11.0894367676553,9.60918016442675,11.6714242514768,0.970654517744999,0.0596242299297793,9.67639728177077,0.522,1,1000,GBIF_accepted,Leptobrachella_lateralis,False,False,,,
523,763,Platypelis_tetra,Four-spotted Tree Cophyline Frog,Anura,Microhylidae,EN,9.26474620807564,5.87116954147802,19.7277869472878,7.88905398122125,0.479958255146201,0.282229488111793,18.1806892754715,0.956,1,1000,direct,Platypelis_tetra,False,False,,,
524,115,Nyctibatrachus_minimus,Miniature Night Frog,Anura,Nyctibatrachidae,VU,9.2602708007284,3.19937790224381,38.7724486050098,7.52459890248521,0.243160096597661,0.0767595828872939,39.10683873955,1.0,1,1000,direct,Nyctibatrachus_minimus,False,False,,,
525,3216,Atelopus_longirostris,Longnose Stubfoot Toad,Anura,Bufonidae,CR,9.23805583406378,3.64342659183549,9.75445394279295,3.65569143116855,0.970953998653753,0.0624329020990428,5.31743672998611,0.578,1,1000,direct,Atelopus_longirostris,False,False,,,
526,3218,Atelopus_pastuso,,Anura,Bufonidae,CR,9.22946726552217,9.17511261426733,9.75237446141255,9.59524512602512,0.970953998653753,0.0611866479967152,3.83913146380081,0.546,1,1000,direct,Atelopus_pastuso,False,False,,,
527,835,Telmatobufo_bullocki,Bullock’s Mountains False Toad,Anura,Calyptocephalellidae,EN,9.21527755035116,5.52645784796798,18.9960827189598,6.90056629000569,0.472632903561996,0.289241956106093,18.443441808,0.995,1,1000,direct,Telmatobufo_bullocki,False,False,,,
528,3324,Crossodactylus_dantei,Murici Spinythumb Frog,Anura,Hylodidae,CR,9.20707975233014,11.7948447106913,9.53212465909977,12.2892587797984,0.972682417642686,0.057184197338034,10.2480493447915,0.517,1,1000,direct,Crossodactylus_dantei,False,False,,,
529,772,Gephyromantis_zavona,,Anura,Mantellidae,EN,9.2045518931778,5.30930532331204,19.6074550479326,4.49709631401062,0.466624755698088,0.285567958976078,19.537414492964,0.999,1,1000,direct,Gephyromantis_zavona,False,False,,,
530,3262,Hydromantes_sarrabusensis,Sette Fratelli Cave Salamander,Caudata,Plethodontidae,CR,9.20348562529221,2.75042842472905,9.6576277266445,2.85686589061267,0.96780342014873,0.0606363284253388,9.305187133976,0.59,1,1000,GBIF_accepted,Speleomantes_sarrabusensis,False,False,,,
531,864,Batrachuperus_yenyuanensis,,Caudata,Hynobiidae,EN,9.17945748418072,4.98324247708472,18.7494958072884,3.60526406405726,0.481399728517854,0.284876408802073,18.81801025446,1.0,1,1000,direct,Batrachuperus_yenyuanensis,False,False,,,
532,850,Oreobates_pereger,Ayacucho Andes Frog,Anura,Strabomantidae,EN,9.17514240563417,4.96967769278731,18.8821647053402,5.86314488841046,0.488498447285739,0.276574170596834,10.894995151087,1.0,1,1000,direct,Oreobates_pereger,False,False,,,
533,776,Gephyromantis_azzurrae,,Anura,Mantellidae,EN,9.17169272372012,5.21173206224951,19.5814383779101,5.27631752241572,0.465597953354821,0.293803819303928,14.8668004408414,0.994,1,1000,direct,Gephyromantis_azzurrae,False,False,,,
534,862,Paratelmatobius_pictiventris,Gaige's Rapids Frog,Anura,Leptodactylidae,EN,9.16915678653291,10.0104801265152,18.7794553746271,18.6482952735405,0.488069592440244,0.288024845884317,15.0760118391884,0.779,1,1000,GBIF_accepted,Paratelmatobius_gaigeae,False,False,,,
535,3206,Atelopus_nepiozomus,Gualecenita Stubfoot Toad,Anura,Bufonidae,CR,9.16076002764976,11.5049883076525,9.7783444803323,11.8284786370458,0.971589141955709,0.0611049118085105,3.40348929122693,0.513,1,1000,direct,Atelopus_nepiozomus,False,False,,,
536,794,Boophis_lilianae,,Anura,Mantellidae,EN,9.15822310909395,5.56006824108891,19.3129087880716,5.87632061718375,0.473513272061105,0.29000120703275,18.520492187797,0.981,1,1000,direct,Boophis_lilianae,False,False,,,
537,3302,Pseudophilautus_jagathgunawardanai,Jagath Gunawardana’s Shrub Frog,Anura,Rhacophoridae,CR,9.14439061349908,7.64931488525143,9.5759252696074,7.98652635774957,0.969691928165126,0.0592859822572527,6.37946511528407,0.525,1,1000,direct,Pseudophilautus_jagathgunawardanai,False,False,,,
538,3300,Cynops_fudingensis,,Caudata,Salamandridae,CR,9.14095528885737,4.88453443638926,9.58679480649673,5.04590230957948,0.96773570081658,0.0641904906879879,7.0572681779387,0.546,1,1000,GBIF_iucn_link,Cynops_fudingensis,False,False,,,
539,3317,Philautus_kempiae,,Anura,Rhacophoridae,CR,9.09388796630826,11.0146940547543,9.54729923643314,11.868970822742,0.968703788482747,0.0614491569047227,10.4236183164685,0.518,1,1000,GBIF_iucn_link,Philautus_kempiae,False,False,,,
540,3325,Thorius_papaloae,Papalo Minute Salamander,Caudata,Plethodontidae,CR,9.09362565138587,2.5079355692022,9.53206775499809,2.57802447877057,0.968636299517605,0.0597952022395443,8.53511634173186,0.594,1,1000,direct,Thorius_papaloae,False,False,,,
541,3327,Plectrohyla_siopela,Voiceless Treefrog,Anura,Hylidae,CR,9.08948616472997,6.07047861003861,9.52865432608169,6.405032337598,0.971848607971157,0.0607504066981537,7.05798867548474,0.526,1,1000,GBIF_accepted,Sarcohyla_siopela,False,False,,,
542,900,Anodonthyla_nigrigularis,Black-throated Climbing Frog,Anura,Microhylidae,EN,9.07941330719987,5.45722228738378,18.3937838441769,5.84653096310435,0.480497294600884,0.281791437941336,9.055895329272,0.997,1,1000,direct,Anodonthyla_nigrigularis,False,False,,,
543,812,Eleutherodactylus_rufifemoralis,Baoruco Red-legged Frog,Anura,Eleutherodactylidae,EN,9.05624670504535,5.79068366628843,19.145133353857,5.82044980964152,0.48587585238337,0.265610316629393,9.7476857880425,0.918,1,1000,direct,Eleutherodactylus_rufifemoralis,False,False,,,
544,3326,Phrynobatrachus_manengoubensis,Manengouba River Frog,Anura,Phrynobatrachidae,CR,9.04172771149481,4.71581582077756,9.52962606444599,4.86113967900554,0.972675212241516,0.0540940023784533,9.1852686920683,0.527,1,1000,direct,Phrynobatrachus_manengoubensis,False,False,,,
545,688,Rhacophorus_calcaneus,Vietnam Flying Frog,Anura,Rhacophoridae,EN,9.04091178863401,7.62013019048022,20.3957690951086,14.614555891659,0.495927425814087,0.279105125434014,17.1206069843189,0.785,1,1000,direct,Rhacophorus_calcaneus,False,False,,,
546,839,Platypelis_mavomavo,Yellowish Tree Cophyline Frog,Anura,Microhylidae,EN,9.0367975940391,5.66330568109487,18.9714718448704,7.15237203326591,0.480497294600884,0.281767984074973,17.2428336080349,0.93,1,1000,direct,Platypelis_mavomavo,False,False,,,
547,792,Incilius_tacanensis,,Anura,Bufonidae,EN,9.03541417481808,5.32580396506206,19.3510673622582,4.06697035619149,0.501016967705638,0.273272943817256,17.0943843997915,0.931,1,1000,direct,Incilius_tacanensis,False,False,,,
548,901,Anodonthyla_moramora,,Anura,Microhylidae,EN,9.03284764855094,5.35539894596697,18.3935154149709,6.28917060321561,0.480497294600884,0.28145713909602,9.055895329272,0.995,1,1000,direct,Anodonthyla_moramora,False,False,,,
549,3401,Eleutherodactylus_diplasius,Patternless Whistling Frog,Anura,Eleutherodactylidae,CR,9.03133865886808,7.8631829213723,9.42395714608971,8.18528351504869,0.969559868386247,0.0637264153964698,6.42265579019036,0.517,1,1000,direct,Eleutherodactylus_diplasius,False,False,,,
550,3391,Arthroleptella_subvoce,Northern Moss Frog,Anura,Pyxicephalidae,CR,9.02820299144497,4.07215471375515,9.44351686616118,4.25246478704463,0.972675212241516,0.0534349830982455,8.409872540445,0.53,1,1000,direct,Arthroleptella_subvoce,False,False,,,
551,3374,Atelopus_planispina,Flat-spined Atelopus,Anura,Bufonidae,CR,9.01439500110424,10.643911886814,9.46851222782914,11.2633699648971,0.971423688428519,0.0606290765922548,5.507632340353,0.513,1,1000,direct,Atelopus_planispina,False,False,,,
552,3336,Hyloxalus_pumilus,San Vicente Rocket Fro,Anura,Dendrobatidae,CR,9.00965673851485,11.1855659285854,9.52140094996382,11.3581955531224,0.96721562322057,0.0652921634588661,9.58910584589453,0.513,1,1000,direct,Hyloxalus_pumilus,False,False,,,
554,3376,Hydromantes_ambrosii,Ambrosi's Cave Salamander,Caudata,Plethodontidae,CR,8.98931732840255,3.40717914451233,9.46823579381003,3.57406900604189,0.96773570081658,0.0608850246798984,4.340355372271,0.536,1,1000,GBIF_accepted,Speleomantes_ambrosii,False,False,,,
555,3442,Eleutherodactylus_cavernicola,Portland Ridge Frog,Anura,Eleutherodactylidae,CR,8.96925624158937,3.81977590511143,9.35154835201792,4.02606566010767,0.969031333205242,0.0638589764999739,5.4036566360138,0.53,1,1000,direct,Eleutherodactylus_cavernicola,False,False,,,
556,3404,Thorius_insperatus,Surprise Thorius,Caudata,Plethodontidae,CR,8.96046581917494,2.43585788295146,9.41894033695909,2.59677765071543,0.968952721984465,0.0604382887324502,6.86046885976114,0.56,1,1000,direct,Thorius_insperatus,False,False,,,
557,859,Eleutherodactylus_ruthae,Eastern Burrowing Frog,Anura,Eleutherodactylidae,EN,8.95921296611846,5.79157520230735,18.8147574077939,8.02654835643787,0.48154342133153,0.261626089223275,1.60808880694355,0.921,1,1000,direct,Eleutherodactylus_ruthae,False,False,,,
558,874,Excidobates_mysteriosus,,Anura,Dendrobatidae,EN,8.94281623598492,5.18016728857535,18.6418550253434,4.32807836103573,0.476041466934143,0.290020594509764,13.018314437696,1.0,1,1000,direct,Excidobates_mysteriosus,False,False,,,
559,3367,Pristimantis_simonbolivari,Simon's Robber Frog,Anura,Strabomantidae,CR,8.91834156915338,6.15131954563894,9.47533067622907,6.33358020005964,0.968651578893822,0.0603829285300643,6.23085358309965,0.52,1,1000,direct,Pristimantis_simonbolivari,False,False,,,
560,3380,Spinomantis_nussbaumi,,Anura,Mantellidae,CR,8.88531936337428,9.8803334866571,9.46071623864735,10.4340574573659,0.966911057167071,0.0652397377367309,9.36754940219142,0.518,1,1000,direct,Spinomantis_nussbaumi,False,False,,,
561,3470,Onychodactylus_tsukubaensis,Tsukuba Clawed Salamander,Caudata,Hynobiidae,CR,8.87359915411647,11.198883617358,9.31314258645469,11.7272771695128,0.968719688075947,0.0630439023798286,13.7466223396456,0.504,1,1000,direct,Onychodactylus_tsukubaensis,False,False,,,
562,885,Ansonia_latidisca,Bornean Rainbow Toad,Anura,Bufonidae,EN,8.87340721979082,8.56764914355894,18.5073634382805,17.8445200990766,0.490340567076978,0.27918114199349,16.0033004850732,0.787,1,1000,direct,Ansonia_latidisca,False,False,,,
563,3447,Pseudophilautus_stuarti,Stuart's Shrub Frog,Anura,Rhacophoridae,CR,8.86139147661751,5.26839802595849,9.34282007129067,5.4648541992351,0.970400467883124,0.0587816221612939,5.85714557831984,0.523,1,1000,direct,Pseudophilautus_stuarti,False,False,,,
564,3511,Cophixalus_mcdonaldi,Mcdonald’s Frog,Anura,Microhylidae,CR,8.85076384036998,12.572592876498,9.24059661194381,13.3850311627193,0.971567389470605,0.0582377910996552,11.3637329387718,0.501,1,1000,direct,Cophixalus_mcdonaldi,False,False,,,
565,902,Anhydrophryne_ngongoniensis,Mistbelt Chirping Frog,Anura,Pyxicephalidae,EN,8.84135052705163,10.4665790742156,18.3855249854111,19.8396142876476,0.497076692493722,0.272618753338374,16.5522903152996,0.784,1,1000,direct,Anhydrophryne_ngongoniensis,False,False,,,
566,3567,Andinobates_abditus,Collins' Poison Frog,Anura,Dendrobatidae,CR,8.83737976112637,9.49720113311938,9.14325193126079,9.88511313166584,0.967744721841013,0.0663195004926933,9.87810129634782,0.506,1,1000,direct,Andinobates_abditus,False,False,,,
567,912,Leptolalax_applebyi,Appleby's Leaf-litter Toad,Anura,Megophryidae,EN,8.8315061419505,8.58351071426668,18.2981633637313,14.6343655715723,0.487791671980498,0.281727141782949,12.5060944148472,0.806,1,1000,GBIF_accepted,Leptobrachella_applebyi,False,False,,,
569,3460,Eleutherodactylus_semipalmatus,Tiburon Streamfrog,Anura,Eleutherodactylidae,CR,8.82332924224868,8.65889373044602,9.32324708294464,9.3046176810019,0.96916047556183,0.061671435705337,8.1854360322321,0.509,1,1000,direct,Eleutherodactylus_semipalmatus,False,False,,,
570,3499,Hynobius_glacialis,Nanhu Salamander,Caudata,Hynobiidae,CR,8.82138654713954,2.48464584478165,9.2561968089153,2.57970390393165,0.969301624680844,0.0614765184377637,7.9093136196288,0.5,1,1000,direct,Hynobius_glacialis,False,False,,,
571,3448,Plectrohyla_pachyderma,Semiaquatic Treefrog,Anura,Hylidae,CR,8.81508175735054,8.16220477629706,9.3386858038003,8.5259825457604,0.971643508298513,0.0603261539772679,6.13369084684344,0.508,1,1000,GBIF_accepted,Sarcohyla_pachyderma,False,False,,,
574,3462,Pristimantis_cosnipatae,Rio Cosnipata Robber Frog,Anura,Strabomantidae,CR,8.80849590208612,10.0559972104877,9.32205241228937,10.3389696230493,0.970572507072339,0.0591579807170599,9.89286582770559,0.506,1,1000,direct,Pristimantis_cosnipatae,False,False,,,
575,935,Laotriton_laoensis,,Caudata,Salamandridae,EN,8.80570827860145,5.03250251790754,18.089268724021,4.37310722261152,0.473112265919271,0.288268611963482,18.47448438267,1.0,1,1000,direct,Laotriton_laoensis,False,False,,,
576,3445,Ambystoma_taylori,Taylor's Salamander,Caudata,Ambystomatidae,CR,8.79941192927509,11.4950667156445,9.34539764620954,12.0032454815677,0.966697737901859,0.0641038384243533,11.0233823785439,0.503,1,1000,direct,Ambystoma_taylori,False,False,,,
577,3539,Eleutherodactylus_thorectes,Macaya Breast-spotted Frog,Anura,Eleutherodactylidae,CR,8.79229054455635,2.3270196270308,9.18731580498473,2.43419108871311,0.969844242361926,0.0634052842753607,7.5846108355826,0.516,1,1000,direct,Eleutherodactylus_thorectes,False,False,,,
579,1018,Celsiella_vozmedianoi,,Anura,Centrolenidae,EN,8.78395676648034,5.12171777985925,17.4216781413741,7.17388558642204,0.484485213694232,0.283147313221937,15.127621712961,0.991,1,1000,direct,Celsiella_vozmedianoi,False,False,,,
580,880,Excidobates_condor,Cóndor Poison Frog,Anura,Dendrobatidae,EN,8.77500456726046,5.33953506412495,18.5722309157642,4.51286022354201,0.47783018018803,0.289562901763003,13.018314437696,1.0,1,1000,direct,Excidobates_condor,False,False,,,
582,883,Heleophryne_rosei,Table Mountain Ghost Frog,Anura,Heleophrynidae,EN,8.76825669879862,11.5611970380946,18.539254504502,23.0395997377339,0.484953541499449,0.285963171241086,20.1518756744062,0.72,1,1000,direct,Heleophryne_rosei,False,False,,,
583,725,Craugastor_sandersoni,Sanderson's Streamfrog,Anura,Craugastoridae,EN,8.72664896721504,6.94129424220519,20.0355075428506,11.6331530087671,0.48459245354929,0.266618352545738,13.3856578157777,0.836,1,1000,direct,Craugastor_sandersoni,False,False,,,
584,947,Osteopilus_marianae,,Anura,Hylidae,EN,8.72474040541532,5.35070288180564,17.9711305444659,6.55624873721187,0.492429487736857,0.269812058510699,17.0610558636646,0.97,1,1000,direct,Osteopilus_marianae,False,False,,,
586,3590,Allobates_mcdiarmidi,,Anura,Dendrobatidae,CR,8.7019619722654,10.5433636412766,9.11779194904159,11.3246376852203,0.96927947375845,0.0647398629504241,10.2368278707713,0.502,1,1000,direct,Allobates_mcdiarmidi,False,False,,,
587,940,Leptodactylodon_mertensi,Mertens' Egg Frog,Anura,Arthroleptidae,EN,8.70157406207487,10.5086891697553,18.0542845655775,19.5540056441654,0.486560910828293,0.278383049976799,15.7041701961203,0.786,1,1000,direct,Leptodactylodon_mertensi,False,False,,,
591,3537,Pristimantis_xylochobates,,Anura,Strabomantidae,CR,8.68932783888898,8.65246911646446,9.1996334536238,8.84958084569993,0.970935414641676,0.059513046014156,8.81992630105496,0.503,1,1000,direct,Pristimantis_xylochobates,False,False,,,
593,858,Hylarana_aurantiaca,Boulenger's Golden-backed Frog,Anura,Ranidae,EN,8.65446590893593,7.83292003135162,18.8247823097542,14.3860207661532,0.500253798764943,0.287994716152539,14.6541802852123,0.779,1,1000,direct,Hylarana_aurantiaca,False,False,,,
598,963,Leptodactylodon_albiventris,Whitebelly Egg Frog,Anura,Arthroleptidae,EN,8.58380234567921,9.66548656544748,17.8848368578171,18.7504360035372,0.485165489710369,0.282052720465187,15.2840512955646,0.778,1,1000,direct,Leptodactylodon_albiventris,False,False,,,
600,113,Gastrotheca_walkeri,,Anura,Hemiphractidae,VU,8.5548151483532,6.82673937511241,39.0169674499862,25.7329850421411,0.239768456431963,0.0771873729624786,27.9043225774313,0.883,1,1000,direct,Gastrotheca_walkeri,False,False,,,
601,1015,Anhydrophryne_rattrayi,Rattray's Chirping Frog,Anura,Pyxicephalidae,EN,8.55458168505438,9.90130406954397,17.4393459978887,19.7441913753712,0.497076692493722,0.272618753338374,15.5032570052223,0.74,1,1000,direct,Anhydrophryne_rattrayi,False,False,,,
602,1078,Psychrophrynella_adenopleura,,Anura,Strabomantidae,EN,8.54303289734732,7.95621416968034,16.9247723119288,15.2786449871537,0.492109714050523,0.285823076375188,11.8922123933009,0.792,1,1000,GBIF_accepted,Microkayla_adenopleura,False,False,,,
605,968,Leptodactylodon_stevarti,,Anura,Arthroleptidae,EN,8.52905278277185,9.98728357151622,17.8599034834419,19.6230460741535,0.486966444695952,0.280068519040356,16.0056832480699,0.783,1,1000,direct,Leptodactylodon_stevarti,False,False,,,
608,972,Hynobius_hidamontanus,,Caudata,Hynobiidae,EN,8.51469897770762,5.03296667958926,17.8541328921289,2.52649502374472,0.479019760385486,0.284176836401456,17.4324143128738,0.973,1,1000,direct,Hynobius_hidamontanus,False,False,,,
611,1029,Philoria_pughi,Pugh's Frog,Anura,Myobatrachidae,EN,8.48325759771172,7.08958287462966,17.3583869848941,12.8250084803564,0.485625151739336,0.287141286948893,11.8921259866978,0.844,1,1000,direct,Philoria_pughi,False,False,,,
614,1059,Philoria_loveridgei,Loveridge’s Frog,Anura,Myobatrachidae,EN,8.46405899458028,7.65730960642598,17.1239026154572,13.4552510243295,0.486091640229072,0.28784517488337,12.3675723907018,0.823,1,1000,direct,Philoria_loveridgei,False,False,,,
616,1004,Plethodon_asupak,Scott Bar Salamander,Caudata,Plethodontidae,EN,8.45088416507689,5.01535250660486,17.5313200200898,5.01617523145939,0.472144151579227,0.299677207914719,16.2600958311279,0.995,1,1000,direct,Plethodon_asupak,False,False,,,
620,831,Raorchestes_chotta,Small Bushfrog,Anura,Rhacophoridae,EN,8.43755335872924,6.15616695965194,19.0498547372838,8.48940746033801,0.48326944765462,0.282197389963086,15.210608483942,0.848,1,1000,direct,Raorchestes_chotta,False,False,,,
621,1088,Indirana_phrynoderma,Kerala Indian Frog,Anura,Ranixalidae,EN,8.42280548449578,11.9997657373659,16.8511072476084,23.8790179942106,0.492735187929686,0.28320414583299,20.7846751912514,0.717,1,1000,GBIF_accepted,Walkerana_phrynoderma,False,False,,,
622,922,Heleophryne_hewitti,Hewitt’s Ghost Frog,Anura,Heleophrynidae,EN,8.41352464477753,12.1745023137147,18.2081600499226,23.4985597825359,0.486091640229072,0.286299047707312,19.8455660009163,0.713,1,1000,direct,Heleophryne_hewitti,False,False,,,
625,1011,Rhacophorus_vampyrus,,Anura,Rhacophoridae,EN,8.3891819660855,9.55075315481465,17.4885757886149,18.7390442873402,0.478399781310686,0.283473315058954,14.9502043404695,0.759,1,1000,GBIF_iucn_link,Rhacophorus_vampyrus,False,False,,,
628,164,Ceuthomantis_smaragdinus,,Anura,Ceuthomantidae,VU,8.38137063765412,9.56259689966543,34.540394550875,40.854045514134,0.240274218140376,0.0755666714626524,37.1174318206591,0.904,1,1000,direct,Ceuthomantis_smaragdinus,False,False,,,
632,1040,Altiphrynoides_malcolmi,Malcolm's Ethiopia Toad,Anura,Bufonidae,EN,8.3595261823593,7.78486119694521,17.289444119001,14.3071415778332,0.501227380278383,0.274168004482481,7.03468158242605,0.828,1,1000,direct,Altiphrynoides_malcolmi,False,False,,,
634,923,Ctenophryne_aequatorialis,Cuenca Nelson Frog,Anura,Microhylidae,EN,8.34259434827088,7.82566897017655,18.1932448678838,16.0282729009721,0.480497294600884,0.282167342814361,14.8702522415939,0.771,1,1000,direct,Ctenophryne_aequatorialis,False,False,,,
638,958,Eleutherodactylus_hypostenor,Baoruco Burrowing Frog,Anura,Eleutherodactylidae,EN,8.31994507457219,5.98073125929406,17.9137885664768,10.9267677976965,0.48225770977199,0.261626089223275,10.8833675782921,0.858,1,1000,direct,Eleutherodactylus_hypostenor,False,False,,,
641,1014,Leptodactylodon_bueanus,,Anura,Arthroleptidae,EN,8.28772106838206,9.60268583428523,17.4530104211166,18.4056338116541,0.486966444695952,0.279109494322805,15.1193275559158,0.772,1,1000,direct,Leptodactylodon_bueanus,False,False,,,
642,951,Pristimantis_rhodoplichus,Canchaque Robber Frog,Anura,Strabomantidae,EN,8.28372679175889,8.38297026079356,17.9620804803235,16.7420004306977,0.473756760775691,0.282445308953356,14.5157319424975,0.739,1,1000,direct,Pristimantis_rhodoplichus,False,False,,,
643,905,Eleutherodactylus_haitianus,Montane Cricket Frog,Anura,Eleutherodactylidae,EN,8.27937214348013,5.13442540807195,18.3507462687214,4.73300357523194,0.479619044770598,0.257045760316543,16.3789737879272,0.914,1,1000,direct,Eleutherodactylus_haitianus,False,False,,,
645,1021,Stumpffia_miery,,Anura,Microhylidae,EN,8.27609566964823,9.96839716486972,17.3981309331163,17.6632125869394,0.487398791112181,0.285108294908798,13.6721344027053,0.757,1,1000,direct,Stumpffia_miery,False,False,,,
647,1075,Leptobrachium_xanthospilum,Yellow-spotted Spadefood Toad,Anura,Megophryidae,EN,8.25182768039118,4.45012045066413,16.94813529006,3.34896544317798,0.485671762313081,0.279879839215745,17.059157154875,0.995,1,1000,direct,Leptobrachium_xanthospilum,False,False,,,
648,1092,Philoria_richmondensis,Richmond Frog,Anura,Myobatrachidae,EN,8.2488286612402,7.18075357002351,16.808415089054,12.9978727506293,0.486091640229072,0.287598876576416,11.7872271510664,0.841,1,1000,direct,Philoria_richmondensis,False,False,,,
650,1097,Leptodactylodon_blanci,,Anura,Arthroleptidae,EN,8.24481831391177,9.75463879612711,16.7834936212208,18.6298380597345,0.485961412789215,0.281823627636122,15.0609924196822,0.769,1,1000,direct,Leptodactylodon_blanci,False,False,,,
656,1095,Philoria_kundagungan,Red And Yellow Mountain Frog,Anura,Myobatrachidae,EN,8.21894369375293,7.28712353889054,16.7855024778855,12.375765245325,0.485625151739336,0.287552263248365,11.3527983505039,0.836,1,1000,direct,Philoria_kundagungan,False,False,,,
657,1108,Nannophryne_corynetes,Abra Malaga Toad,Anura,Bufonidae,EN,8.19105236120159,11.1050918545058,16.7266833508631,23.2999135642206,0.488034627054486,0.289669861235614,12.2619704275657,0.702,1,1000,direct,Nannophryne_corynetes,False,False,,,
658,1160,Isthmohyla_rivularis,American Cinchona Plantation Treefrog,Anura,Hylidae,EN,8.18466275866541,7.95667610865451,16.339162953262,16.8381009451941,0.492500497418529,0.272245707608234,5.25149397231353,0.732,1,1000,direct,Isthmohyla_rivularis,False,False,,,
659,163,Ceuthomantis_aracamuni,Cerro Aracamuni Emerald-barred Frog,Anura,Ceuthomantidae,VU,8.18128053601456,10.375741129276,34.6241953181158,41.7869400313101,0.239984738046568,0.0754729341430322,37.8805170012061,0.906,1,1000,direct,Ceuthomantis_aracamuni,False,False,,,
660,1098,Leptodactylodon_ornatus,Ornate Egg Frog,Anura,Arthroleptidae,EN,8.17594618578509,9.43970089636056,16.7692592102964,18.8244623723121,0.486560910828293,0.281244489206813,14.5547322457257,0.762,1,1000,direct,Leptodactylodon_ornatus,False,False,,,
664,1055,Platypelis_ravus,,Anura,Microhylidae,EN,8.15523694900196,7.47291000106728,17.1374542662985,13.040319907167,0.479958255146201,0.285164571514337,13.9593883426144,0.82,1,1000,direct,Platypelis_ravus,False,False,,,
666,1106,Myersiohyla_kanaima,Kanaima Treefrog,Anura,Hylidae,EN,8.15204190094913,10.8472906749907,16.7337986956422,20.6559231127713,0.496083821431109,0.2817962967758,15.0392563744054,0.704,1,1000,GBIF_accepted,Nesorohyla_kanaima,False,False,,,
667,169,Anodonthyla_montana,Mountain Climbing Frog,Anura,Microhylidae,VU,8.1316812678467,3.0448174641956,34.3124982629394,8.99199313050077,0.241355524269544,0.0780500996325498,29.52709094297,1.0,1,1000,direct,Anodonthyla_montana,False,False,,,
668,983,Pristimantis_ardalonychus,Río Cerranayacu Rain Frog,Anura,Strabomantidae,EN,8.12665379905375,6.44843524270532,17.6611734344471,10.6053544072972,0.473166815814561,0.279581455778678,14.8466180537641,0.817,1,1000,direct,Pristimantis_ardalonychus,False,False,,,
669,1169,Leptobrachium_promustache,Primary Moustache Toad,Anura,Megophryidae,EN,8.12518157333085,4.56557383294441,16.3111008745321,3.88645498326973,0.481338610398241,0.282646618823356,16.746410109895,0.999,1,1000,direct,Leptobrachium_promustache,False,False,,,
671,1053,Hynobius_boulengeri,Odaigahara Salamander,Caudata,Hynobiidae,EN,8.1094414062014,4.85698501019951,17.138993024589,3.9655720196132,0.476232337503651,0.284176836401456,16.1382011454544,0.962,1,1000,direct,Hynobius_boulengeri,False,False,,,
675,1263,Lynchius_nebulanastes,Canchaque Andes Frog,Anura,Strabomantidae,EN,8.07517788056236,5.36099525697133,15.7733833600744,8.44431896668088,0.488579048739054,0.275350322511612,11.659225315069,0.934,1,1000,direct,Lynchius_nebulanastes,False,False,,,
678,1146,Boulengerula_changamwensis,Changamwensis African Caecilian,Gymnophiona,Herpelidae,EN,8.06479158173622,4.57336108067239,16.4613456105511,5.02519607957849,0.485076094350555,0.27245075332344,14.9656483442656,0.989,1,1000,direct,Boulengerula_changamwensis,False,False,,,
680,1127,Hylodes_dactylocinus,,Anura,Hylodidae,EN,8.03376817884308,8.60855731765726,16.5932464052764,16.5915288183527,0.501176214370965,0.290559259132794,14.0628838278691,0.718,1,1000,direct,Hylodes_dactylocinus,False,False,,,
687,1128,Hynobius_katoi,,Caudata,Hynobiidae,EN,7.97552825996126,4.61233212728556,16.5800702842139,2.63049647354099,0.478092197065844,0.283610756628407,16.3306392048585,0.984,1,1000,direct,Hynobius_katoi,False,False,,,
690,1105,Ansonia_siamensis,Siamese Stream Toad,Anura,Bufonidae,EN,7.96068569684416,4.50463058287568,16.7387421337298,4.21034884619179,0.490481686609364,0.27767451300666,16.42636020718,0.983,1,1000,direct,Ansonia_siamensis,False,False,,,
692,1220,Xenopus_gilli,Cape Platanna,Anura,Pipidae,EN,7.94508020084489,4.52078897015865,16.0163845859005,4.42069080086479,0.489249515567248,0.281641679965013,16.370463554929,0.997,1,1000,direct,Xenopus_gilli,False,False,,,
697,1074,Gastrotheca_psychrophila,,Anura,Hemiphractidae,EN,7.91142572512196,5.25918432176198,16.9609425415986,5.90696543819328,0.477781329749926,0.267389214711678,13.4948367160536,0.884,1,1000,direct,Gastrotheca_psychrophila,False,False,,,
699,1145,Pristimantis_cremnobates,,Anura,Strabomantidae,EN,7.88051025282947,8.80721860343366,16.4735011015803,16.8638603211433,0.483947265841738,0.289920752856837,13.0962664900993,0.754,1,1000,direct,Pristimantis_cremnobates,False,False,,,
701,1178,Hynobius_okiensis,,Caudata,Hynobiidae,EN,7.87468050028168,4.66335028505,16.2651677261752,3.08639763240369,0.479309049644457,0.286154057159409,16.0904673792053,0.976,1,1000,direct,Hynobius_okiensis,False,False,,,
702,1113,Hynobius_abei,,Caudata,Hynobiidae,EN,7.87272088041773,4.5833476457977,16.6968944049899,2.98993168221449,0.476922943673634,0.28429767796426,16.2703958246585,0.967,1,1000,direct,Hynobius_abei,False,False,,,
703,199,Ikakogi_tayrona,Magdalena Giant Glass Frog,Anura,Centrolenidae,VU,7.86233547744288,3.21107314712968,32.65784586,10.31087791,0.245653704618362,0.0735387688753539,33.74795739428,1.0,1,1000,direct,Ikakogi_tayrona,False,False,,,
707,1356,Hylodes_nasus,Santa Catarina Tree Toad,Anura,Hylodidae,EN,7.80419404738252,8.69604307010254,15.3002531850058,16.8354043595943,0.502403925870179,0.290420021707844,14.0000224803059,0.708,1,1000,direct,Hylodes_nasus,False,False,,,
710,1090,Amolops_hainanensis,Hainan Sucker Frog,Anura,Ranidae,EN,7.76757040664693,7.21480363984462,16.8384737482548,13.1046994869644,0.496921535740819,0.297203796296829,13.3628726519571,0.732,1,1000,direct,Amolops_hainanensis,False,False,,,
714,1063,Gastrotheca_stictopleura,,Anura,Hemiphractidae,EN,7.72774541376475,5.21172654953356,17.0902696527232,6.09173141996698,0.473289496818087,0.26636428896751,13.2527606713055,0.875,1,1000,direct,Gastrotheca_stictopleura,False,False,,,
716,1274,Psychrophrynella_illimani,,Anura,Strabomantidae,EN,7.69287245933038,7.76958791424041,15.680177838542,14.5078293922312,0.492281920017614,0.286100193507172,10.454430988083,0.763,1,1000,GBIF_accepted,Microkayla_illimani,False,False,,,
717,193,Limnonectes_fragilis,,Anura,Dicroglossidae,VU,7.69025920367101,3.23872307742063,33.008391800886,9.09790799740418,0.246124997597564,0.0800283523301159,30.743726190047,0.96,1,1000,direct,Limnonectes_fragilis,False,False,,,
720,1151,Platypelis_olgae,,Anura,Microhylidae,EN,7.66976796808489,7.27892202730609,16.4232723242313,13.0058977593583,0.480497294600884,0.28107222263564,12.6416196242544,0.785,1,1000,direct,Platypelis_olgae,False,False,,,
723,1086,Hypsiboas_ericae,,Anura,Hylidae,EN,7.64094258685392,7.29639070548765,16.8549744521342,14.2564685924903,0.4899722100299,0.286890048462763,14.6095064380189,0.713,1,1000,GBIF_accepted,Boana_ericae,False,False,,,
724,1065,Eleutherodactylus_melacara,Dark-faced Bromeliad Frog,Anura,Eleutherodactylidae,EN,7.63142977960138,5.25976566763,17.0852944248762,8.58747588168658,0.478023799306367,0.257153297791421,9.07230139389352,0.826,1,1000,direct,Eleutherodactylus_melacara,False,False,,,
725,1112,Craugastor_bocourti,,Anura,Craugastoridae,EN,7.62317160884245,5.68060503024795,16.7160048976389,9.83715350308222,0.485010383861242,0.268288038776561,12.7724696149964,0.822,1,1000,direct,Craugastor_bocourti,False,False,,,
734,1318,Strabomantis_cheiroplethus,Rio Calles Robber Frog,Anura,Strabomantidae,EN,7.55324805857875,7.78258864903348,15.4637490035695,14.3190068252662,0.49102043798268,0.291425026830215,12.0819518510931,0.751,1,1000,direct,Strabomantis_cheiroplethus,False,False,,,
735,1338,Caudacaecilia_weberi,Malatgan River Caecilian,Gymnophiona,Ichthyophiidae,EN,7.54929575126206,10.6266696969757,15.3865094877158,20.177062249452,0.493208600286555,0.274027480414723,17.1297451460457,0.695,1,1000,GBIF_accepted,Ichthyophis_weberi,False,False,,,
737,1352,Nyctibatrachus_major,Malabar Night Frog,Anura,Nyctibatrachidae,EN,7.54391105269859,4.26018125035265,15.3089435038441,3.790195801238,0.490888022932035,0.283095882241969,15.032321280207,0.996,1,1000,direct,Nyctibatrachus_major,False,False,,,
738,1415,Strabomantis_bufoniformis,Rusty Robber Frog,Anura,Strabomantidae,EN,7.54027345214839,7.15894508329536,15.0708947601018,11.8222237496573,0.487269663482239,0.290716362164916,9.22015645244226,0.783,1,1000,direct,Strabomantis_bufoniformis,False,False,,,
739,1180,Duellmanohyla_soralia,Copan Brook Frog,Anura,Hylidae,EN,7.53819102834723,7.20180710942289,16.251650072211,15.4101700431941,0.492832936069451,0.272520328824018,11.7305634396589,0.735,1,1000,direct,Duellmanohyla_soralia,False,False,,,
740,1143,Craugastor_spatulatus,,Anura,Craugastoridae,EN,7.53389998229604,5.64122691353791,16.4777873165263,9.77762195522834,0.48459245354929,0.265486074105732,11.6188308029919,0.79,1,1000,direct,Craugastor_spatulatus,False,False,,,
741,1367,Psychrophrynella_chacaltaya,,Anura,Strabomantidae,EN,7.52324545576379,7.6451007477863,15.257829405158,13.8511903765052,0.492281920017614,0.286377452100356,10.2977991992679,0.754,1,1000,GBIF_accepted,Microkayla_chacaltaya,False,False,,,
743,1482,Grandisonia_larvata,,Gymnophiona,Indotyphlidae,EN,7.48691458035598,4.88378292425812,14.7487267564201,7.47646045982544,0.484511096913433,0.282437532984826,1.7501957092093,0.921,1,1000,GBIF_iucn_link,Grandisonia_larvata,False,False,,,
749,1382,Rana_omiltemana,Guerreran Leopard Frog,Anura,Ranidae,EN,7.45353271081366,4.059431541645,15.184012445,2.95189816999997,0.500253798764943,0.290312199805617,15.020787045634,1.0,1,1000,GBIF_accepted,Lithobates_omiltemanus,False,False,,,
751,1370,Stumpffia_be,,Anura,Microhylidae,EN,7.44795794399019,4.64495721415956,15.2392054728017,6.92323464222419,0.488375327673198,0.284444994208985,12.1741668733148,0.919,1,1000,direct,Stumpffia_be,False,False,,,
753,1586,Cryptobatrachus_ruthveni,,Anura,Hemiphractidae,EN,7.43900149965872,9.42236728867262,14.3640487401714,18.8583061069827,0.478567228635719,0.27024129230626,15.8367840666841,0.684,1,1000,direct,Cryptobatrachus_ruthveni,False,False,,,
755,252,Conraua_robusta,Cameroon Slippery Frog,Anura,Conrauidae,VU,7.43442041886922,4.21461319275728,30.6021109994085,14.9370597528232,0.247554237551884,0.0718590926481705,29.5747524162875,0.963,1,1000,direct,Conraua_robusta,False,False,,,
756,1427,Psychrophrynella_kempffi,,Anura,Strabomantidae,EN,7.43038236427809,8.27048638821183,15.0212566876857,14.566436708373,0.492281920017614,0.286100193507172,10.6140123041256,0.738,1,1000,GBIF_accepted,Microkayla_kempffi,False,False,,,
759,1304,Xanthophryne_tigerina,,Anura,Bufonidae,EN,7.4259831722317,4.60790135579978,15.5245425074023,6.59175220344651,0.488714422745519,0.271922078167866,6.09463342061714,0.944,1,1000,GBIF_iucn_link,Xanthophryne_tigerina,False,False,,,
764,1164,Mannophryne_caquetio,Churuguara Collared Frog,Anura,Dendrobatidae,EN,7.39741061993693,5.05121707579575,16.319808587484,6.66828424306656,0.479358354701894,0.276585351229336,11.9839573378518,0.84,1,1000,direct,Mannophryne_caquetio,False,False,,,
767,1492,Grandisonia_alternans,,Gymnophiona,Indotyphlidae,EN,7.37335240312097,4.88748402430735,14.7050151936792,8.1039790322751,0.484550798282824,0.284575190627792,1.7501957092093,0.92,1,1000,GBIF_iucn_link,Grandisonia_alternans,False,False,,,
768,1329,Ingerana_mariae,Palawan Eastern Frog,Anura,Dicroglossidae,EN,7.37205802958953,10.9527525670921,15.4259185639971,21.3818902449913,0.493824129494104,0.285212576434748,18.4338267879055,0.683,1,1000,GBIF_accepted,Alcalus_mariae,False,False,,,
769,1297,Xanthophryne_koynayensis,,Anura,Bufonidae,EN,7.37057727634917,4.53955851693406,15.5591258938101,7.18311873231032,0.488714422745519,0.271682172441463,6.09463342061714,0.94,1,1000,GBIF_iucn_link,Xanthophryne_koynayensis,False,False,,,
771,1281,Mantidactylus_noralottae,,Anura,Mantellidae,EN,7.36080886091404,4.3830717953136,15.6164563814544,3.37159957465261,0.464887244091879,0.285649619076461,15.5305954496067,0.973,1,1000,direct,Mantidactylus_noralottae,False,False,,,
775,1260,Rhacophorus_chuyangsinensis,Vietnam Flying Frog,Anura,Rhacophoridae,EN,7.334934435417,5.82819880077548,15.7845198965237,9.81471710696064,0.495927425814087,0.281735456498629,13.6845793752876,0.759,1,1000,GBIF_accepted,Rhacophorus_calcaneus,False,False,,,
776,1298,Strabomantis_cornutus,Rio Suno Robber Frog,Anura,Strabomantidae,EN,7.32312220756388,7.72850278675026,15.5544715268602,14.4533078681297,0.488500207163901,0.290793434747224,12.493243211043,0.756,1,1000,direct,Strabomantis_cornutus,False,False,,,
782,1426,Cardioglossa_pulchra,Black Long-fingered Frog,Anura,Arthroleptidae,EN,7.28449498179522,5.27479980884855,15.0226204571919,8.75651872486306,0.488201560556592,0.281332341322196,11.7590440698712,0.829,1,1000,direct,Cardioglossa_pulchra,False,False,,,
786,222,Eleutherodactylus_greyi,Cuban Gray Frog,Anura,Eleutherodactylidae,VU,7.25758761512993,3.29706525963853,31.71049395,8.72277960644655,0.242056540793805,0.075266199613191,28.1456070826335,0.926,1,1000,direct,Eleutherodactylus_greyi,False,False,,,
787,1325,Boophis_laurenti,Andinrgitra Bright-eyed Frog,Anura,Mantellidae,EN,7.25720829931656,4.81713890230346,15.4421231010986,4.95197138253384,0.472051599209105,0.29000120703275,13.3321679868532,0.942,1,1000,direct,Boophis_laurenti,False,False,,,
788,1576,Mucubatrachus_briceni,,Anura,Strabomantidae,EN,7.25473916840535,8.03873014159638,14.3892179530044,15.1350502509601,0.48951979905574,0.287886414785338,13.1119402661167,0.721,1,1000,GBIF_accepted,Pristimantis_briceni,False,False,,,
790,1265,Aromobates_mayorgai,Mayorga Rocket Frog,Anura,Dendrobatidae,EN,7.23504981381955,6.65394636053175,15.7567493916312,11.1339030421453,0.475264491404689,0.276481222973009,7.87764709039,0.784,1,1000,direct,Aromobates_mayorgai,False,False,,,
799,1442,Psychrophrynella_quimsacruzis,,Anura,Strabomantidae,EN,7.17284264961587,7.59673600421429,14.9494955205742,13.4117841112125,0.493064951807891,0.286145140129599,10.3482403333506,0.752,1,1000,GBIF_accepted,Microkayla_quimsacruzis,False,False,,,
801,1419,Hynobius_amjiensis,,Caudata,Hynobiidae,EN,7.16142750924695,4.15565861380816,15.0482370136549,2.65127337284307,0.478092197065844,0.284176836401456,14.6637602472822,0.969,1,1000,direct,Hynobius_amjiensis,False,False,,,
802,1487,Nannophrys_marmorata,Marbled Streamlined Frog,Anura,Dicroglossidae,EN,7.16112289149634,4.26487370145922,14.7235740629142,5.65149791304384,0.495176663692848,0.290304735134138,8.82599298979412,0.906,1,1000,direct,Nannophrys_marmorata,False,False,,,
803,1678,Hydromantes_strinatii,French Cave Salamander,Caudata,Plethodontidae,EN,7.15564234327481,4.15349370722133,14.008383184323,4.23378907105841,0.472144151579227,0.298729674643027,7.874016632218,0.982,1,1000,GBIF_accepted,Speleomantes_strinatii,False,False,,,
805,1363,Pseudophilautus_tanu,Sri Lanka Petite Shrub-frog,Anura,Rhacophoridae,EN,7.14818596284301,6.17672595305441,15.2756800838596,11.5808546835117,0.486131950263181,0.282714476518265,9.17817102902578,0.748,1,1000,direct,Pseudophilautus_tanu,False,False,,,
807,1454,Charadrahyla_nephila,Oaxacan Cloud-forest Treefrog,Anura,Hylidae,EN,7.14536922537866,6.20855366353353,14.8595846627048,12.3581472059993,0.492500497418529,0.270908930486042,12.1806089931182,0.734,1,1000,direct,Charadrahyla_nephila,False,False,,,
808,1354,Mantidactylus_albofrenatus,Eastern Madagascar Frog,Anura,Mantellidae,EN,7.14264900299768,4.29967153426809,15.3039004546078,4.09558570678563,0.465352730472314,0.285573406076167,14.8558218030342,0.955,1,1000,direct,Mantidactylus_albofrenatus,False,False,,,
810,1469,Mucubatrachus_culatensis,La Culata’s Paramo Frog,Anura,Strabomantidae,EN,7.13943193500563,8.05879664182143,14.8145441017455,15.2776504317642,0.48951979905574,0.287886414785338,12.9772542692818,0.704,1,1000,GBIF_accepted,Pristimantis_culatensis,False,False,,,
811,1460,Leptobrachium_xanthops,,Anura,Megophryidae,EN,7.13861426827556,3.98175973091383,14.8347204719045,3.08744481443492,0.483361129606498,0.279906281168939,14.7997025849099,0.985,1,1000,direct,Leptobrachium_xanthops,False,False,,,
815,1565,Cryptobatrachus_pedroruizi,,Anura,Hemiphractidae,EN,7.11650505389792,9.70968918586481,14.4199391988888,18.1435577330887,0.478567228635719,0.27081882583176,15.6176306500628,0.701,1,1000,direct,Cryptobatrachus_pedroruizi,False,False,,,
817,1521,Ghatixalus_variabilis,Green Tree Frog,Anura,Rhacophoridae,EN,7.0969651869373,4.29343789587279,14.5755087808168,4.75924754669773,0.487266487211265,0.283103800093952,11.631165749955,0.947,1,1000,direct,Ghatixalus_variabilis,False,False,,,
820,1422,Quasipaa_shini,Spiny-flanked Frog,Anura,Dicroglossidae,EN,7.08543495634807,4.9561877906081,15.0259900124679,4.55874273045694,0.494750215186082,0.288754619653628,13.5614392238317,0.875,1,1000,direct,Quasipaa_shini,False,False,,,
821,1485,Eleutherodactylus_emiliae,Trinidad Groin-spotted Frog,Anura,Eleutherodactylidae,EN,7.08525195738124,4.01445280781032,14.7384052055917,3.94407743793177,0.483998942665454,0.264407457157822,13.6053733459897,0.952,1,1000,direct,Eleutherodactylus_emiliae,False,False,,,
826,256,Boophis_blommersae,,Anura,Mantellidae,VU,7.05732067393256,2.91645314091948,30.3010174942635,8.11169297853663,0.240154443668652,0.0791945534278342,27.4368160726271,0.974,1,1000,direct,Boophis_blommersae,False,False,,,
827,1541,Paratelmatobius_gaigeae,Gaige's Rapids Frog,Anura,Leptodactylidae,EN,7.05446178447296,4.41523029790293,14.4998727592076,6.11307990657891,0.490890241210987,0.287926927857761,13.1746885680994,0.88,1,1000,direct,Paratelmatobius_gaigeae,False,False,,,
828,1489,Pristimantis_petrobardus,Huambos Robber Frog,Anura,Strabomantidae,EN,7.04931169447974,7.7029164104823,14.7174960116012,16.2061088406704,0.473166815814561,0.282513516383292,12.8924343008582,0.688,1,1000,direct,Pristimantis_petrobardus,False,False,,,
829,1638,Cophixalus_sphagnicola,Morobe Rainforest Frog,Anura,Microhylidae,EN,7.04632096141318,9.27600617089251,14.1880282552104,18.4907931776725,0.497843028231248,0.271280891610892,14.7005924200587,0.642,1,1000,direct,Cophixalus_sphagnicola,False,False,,,
831,1662,Leptodactylodon_perreti,Perret's Egg Frog,Anura,Arthroleptidae,EN,7.0304940518032,6.62270443092801,14.0917130635733,13.2046376077839,0.486148968162752,0.280823978238755,4.50623364608574,0.729,1,1000,direct,Leptodactylodon_perreti,False,False,,,
832,1458,Boophis_burgeri,,Anura,Mantellidae,EN,7.02565241492251,4.53477516548379,14.8524550390332,5.7330266247492,0.473513272061105,0.289733602324932,14.3987633373934,0.92,1,1000,direct,Boophis_burgeri,False,False,,,
834,1590,Strabomantis_ruizi,,Anura,Strabomantidae,EN,7.00878123556223,7.5332867267325,14.3556673866484,14.8561874500923,0.487855125611742,0.292747710491631,11.4972690039756,0.724,1,1000,direct,Strabomantis_ruizi,False,False,,,
835,1630,Rana_vibicaria,Rancho Redondo Frog,Anura,Ranidae,EN,7.00679030592957,4.70378271554309,14.2165096350662,5.82226809207115,0.49718890097283,0.293230671358214,12.8185071438153,0.853,1,1000,GBIF_accepted,Lithobates_vibicarius,False,False,,,
836,1593,Hemiphractus_johnsoni,Johnson's Horned Treefrogs,Anura,Hemiphractidae,EN,6.99758165267043,7.61101492861097,14.3418359392911,14.4629599158284,0.476159503298112,0.266769510812383,15.5171994549323,0.73,1,1000,direct,Hemiphractus_johnsoni,False,False,,,
841,1519,Eleutherodactylus_zugi,Rosario Red-legged Frog,Anura,Eleutherodactylidae,EN,6.9591964953585,6.39606063805297,14.5936871338687,11.3377442062064,0.483998942665454,0.26431251686162,0.97747386210323,0.759,1,1000,direct,Eleutherodactylus_zugi,False,False,,,
842,1499,Hynobius_naevius,Blotched Salamander,Caudata,Hynobiidae,EN,6.95891269382299,4.12665832539827,14.687470602412,2.95861348006065,0.476922943673634,0.283489915065603,14.073932120355,0.963,1,1000,direct,Hynobius_naevius,False,False,,,
843,1701,Cynops_orphicus,,Caudata,Salamandridae,EN,6.95279417929567,4.24577338846667,13.930139053835,5.13113792247943,0.473112265919271,0.287919169600689,10.6313611903209,0.982,1,1000,GBIF_iucn_link,Cynops_orphicus,False,False,,,
845,1496,Phrynobatrachus_danko,Danko Puddle Frog,Anura,Phrynobatrachidae,EN,6.94227781866069,4.76271188655583,14.691998763555,6.05388756782645,0.502422854710614,0.268059214561335,13.1471230351989,0.822,1,1000,direct,Phrynobatrachus_danko,False,False,,,
846,1634,Cycloramphus_brasiliensis,Brazilian Button Frog,Anura,Cycloramphidae,EN,6.93828941248909,9.38870799883337,14.1994774598861,16.6759170917764,0.498824368427745,0.288868849614154,13.1462210850721,0.685,1,1000,direct,Cycloramphus_brasiliensis,False,False,,,
847,1512,Eleutherodactylus_klinikowskii,Barred Rockfrog,Anura,Eleutherodactylidae,EN,6.92367177038013,6.45820950013745,14.6515196537914,11.6965719487583,0.483998942665454,0.26431251686162,0.98067518421423,0.762,1,1000,direct,Eleutherodactylus_klinikowskii,False,False,,,
849,1480,Eleutherodactylus_tetajulia,Cuban Stripeless Leaf-litter Frog,Anura,Eleutherodactylidae,EN,6.91578961750561,6.93336584134611,14.7497902798347,13.0500384654589,0.483260189679077,0.262892493849287,9.86022591045577,0.732,1,1000,direct,Eleutherodactylus_tetajulia,False,False,,,
850,1547,Niceforonia_adenobrachia,,Anura,Strabomantidae,EN,6.91092891137575,8.59153886241873,14.4811426081628,15.8263531889418,0.491271518907565,0.288052700800284,13.2879657662028,0.692,1,1000,direct,Niceforonia_adenobrachia,False,False,,,
852,1719,Cycloramphus_izecksohni,Izecksohn's Button Frog,Anura,Cycloramphidae,EN,6.90232435632525,8.63480736772105,13.8350690790792,15.9086557366594,0.494188460465325,0.289560482654717,12.9390065733049,0.668,1,1000,direct,Cycloramphus_izecksohni,False,False,,,
854,1459,Atelopus_laetissimus,,Anura,Bufonidae,EN,6.89393605512269,7.54965166022197,14.8457623643789,13.4150751809727,0.494293984180757,0.290629700389948,6.76079387547246,0.722,1,1000,direct,Atelopus_laetissimus,False,False,,,
855,1600,Eleutherodactylus_wightmanae,Melodius Coqui,Anura,Eleutherodactylidae,EN,6.88861727241562,3.97643524895169,14.3202151189487,4.79563778103612,0.482213169737514,0.261728902111659,13.5469376142489,0.927,1,1000,direct,Eleutherodactylus_wightmanae,False,False,,,
856,1513,Ctenophryne_carpish,,Anura,Microhylidae,EN,6.88618853913445,9.22375296599538,14.6469055383893,17.2028523308626,0.479958255146201,0.283147885142945,14.6909215235572,0.689,1,1000,direct,Ctenophryne_carpish,False,False,,,
857,1560,Ctenophryne_barbatula,,Anura,Microhylidae,EN,6.87772611240836,9.14710521039875,14.4371868164737,16.8570326668938,0.479958255146201,0.28252749057668,14.6410097621665,0.681,1,1000,direct,Ctenophryne_barbatula,False,False,,,
858,1710,Taruga_eques,Montane Hour-glass Tree-frog,Anura,Rhacophoridae,EN,6.86984753116818,4.28450962354255,13.8777731896389,6.69532489876936,0.489995106155579,0.282631035165383,7.467963347538,0.855,1,1000,direct,Taruga_eques,False,False,,,
860,1410,Eleutherodactylus_parabates,Neiba Whistling Frog,Anura,Eleutherodactylidae,EN,6.84953192489049,4.50063313997486,15.0786861173029,5.44751473899413,0.479690237020728,0.259241519148893,12.8592886712958,0.824,1,1000,direct,Eleutherodactylus_parabates,False,False,,,
862,1554,Pristimantis_spinosus,Spiny Robber Frog,Anura,Strabomantidae,EN,6.83890433391856,5.27638274314339,14.4741933919852,9.0737855651237,0.473756760775691,0.281792488356044,13.0244978000889,0.764,1,1000,direct,Pristimantis_spinosus,False,False,,,
864,1744,Alytes_maurus,Moroccan Midwife Toad,Anura,Alytidae,EN,6.83381090581695,3.89149666771002,13.7243001328788,4.38770071467719,0.492891637199818,0.286507189818043,12.362379821,0.939,1,1000,direct,Alytes_maurus,False,False,,,
867,1211,Ameerega_silverstonei,Silverstone's Poison Frog,Anura,Dendrobatidae,EN,6.79845434208216,5.76676908580112,16.0511514592508,8.66431778904705,0.481009455661493,0.283495311155926,11.6034634241129,0.755,1,1000,direct,Ameerega_silverstonei,False,False,,,
869,1783,Nannophrys_naeyakai,Sri Lanka Tribal Rock-frog,Anura,Dicroglossidae,EN,6.79380412989799,5.65983941092141,13.5810447414482,9.10600025522397,0.497076692493722,0.290298285136579,8.99748369755822,0.793,1,1000,direct,Nannophrys_naeyakai,False,False,,,
870,1703,Hydromantes_italicus,Italian Cave Salamander,Caudata,Plethodontidae,EN,6.78811900619001,4.15457362761419,13.9142992203612,4.37648471482823,0.472144151579227,0.299071773970454,4.340355372271,0.975,1,1000,GBIF_accepted,Speleomantes_italicus,False,False,,,
871,1532,Oedipina_leptopoda,Narrow-footed Worm Salamander,Caudata,Plethodontidae,EN,6.78794672727651,4.26521662188258,14.5397162224952,4.54101511405248,0.477050243744744,0.289213084635635,9.49665680499407,0.897,1,1000,direct,Oedipina_leptopoda,False,False,,,
874,1509,Adenomera_lutzi,Lutz's Tropical Bullfrog,Anura,Leptodactylidae,EN,6.76966222988846,7.90097143677465,14.6609194713877,16.3053591445113,0.490890241210987,0.289883259057672,14.0516339037865,0.629,1,1000,direct,Adenomera_lutzi,False,False,,,
875,1687,Crossodactylodes_izecksohni,Izecksohn's Bromeliad Frog,Anura,Leptodactylidae,EN,6.76572874275749,5.03752114639497,13.973249366658,8.71014733307359,0.492083655544921,0.288153579491731,11.1830738584414,0.761,1,1000,direct,Crossodactylodes_izecksohni,False,False,,,
877,1622,Craugastor_saltator,,Anura,Craugastoridae,EN,6.74068294456985,4.27960599603953,14.2429046300865,7.04400800821873,0.48459245354929,0.273236926759751,11.1126331935078,0.822,1,1000,direct,Craugastor_saltator,False,False,,,
879,1380,Raorchestes_coonoorensis,,Anura,Rhacophoridae,EN,6.7340783655225,5.29762415945649,15.1874288513191,7.07671508094744,0.481658751632949,0.288872147549139,13.3276714647675,0.802,1,1000,direct,Raorchestes_coonoorensis,False,False,,,
880,1637,Pristimantis_orestes,Urdaneta Robber Frog,Anura,Strabomantidae,EN,6.72279162843406,5.9047927016044,14.1931463116777,10.6626535498579,0.477735844221756,0.280582347568776,9.6660005255056,0.73,1,1000,direct,Pristimantis_orestes,False,False,,,
881,282,Aglyptodactylus_laticeps,,Anura,Mantellidae,VU,6.71809347609013,3.40007357699235,29.2734143029647,11.6948887556652,0.238481760883011,0.0787416874081874,27.62386012,0.997,1,1000,direct,Aglyptodactylus_laticeps,False,False,,,
882,1798,Probreviceps_uluguruensis,Uluguru Forest Frog,Anura,Brevicipitidae,EN,6.70678949663878,4.32610879969361,13.506201207759,5.24829525473917,0.490890241210987,0.265753047069928,11.1904093229796,0.887,1,1000,direct,Probreviceps_uluguruensis,False,False,,,
883,1836,Petropedetes_euskircheni,,Anura,Petropedetidae,EN,6.68771000732453,3.63684434742792,13.3446039392726,4.1554726908848,0.502422854710614,0.265990063279384,11.5347276268079,0.927,1,1000,direct,Petropedetes_euskircheni,False,False,,,
886,316,Assa_darlingtoni,Pouched Frog,Anura,Myobatrachidae,VU,6.67056366455218,2.64064579906218,27.9221249453925,8.70002832142603,0.239120935540162,0.081046539874071,28.31107654238,1.0,1,1000,direct,Assa_darlingtoni,False,False,,,
889,1784,Salamandrina_perspicillata,Northern Spectacled Salamander,Caudata,Salamandridae,EN,6.65365790191932,4.08856637281676,13.5712400291823,5.33592802563414,0.471222188353563,0.297953037071755,11.017253784,0.893,1,1000,direct,Salamandrina_perspicillata,False,False,,,
890,1629,Gastrotheca_helenae,Helena's Marsupial Frog,Anura,Hemiphractidae,EN,6.65196029983035,4.66266378004209,14.2270944725082,6.9645981512701,0.477873992604072,0.268105780814274,12.2762988973894,0.803,1,1000,direct,Gastrotheca_helenae,False,False,,,
891,1802,Atelopus_oxapampae,,Anura,Bufonidae,EN,6.64902413619486,5.72473259845205,13.486456891753,9.97951454833961,0.487816086382669,0.287966150699618,5.33070144185511,0.74,1,1000,direct,Atelopus_oxapampae,False,False,,,
892,2012,Lynchius_parkeri,Parker’s Andes Frog,Anura,Strabomantidae,EN,6.64775718521506,5.64855126000679,12.7656257541503,10.1475422907448,0.488670182987714,0.275572884849053,8.061263797014,0.769,1,1000,direct,Lynchius_parkeri,False,False,,,
893,1829,Vitreorana_castroviejoi,,Anura,Centrolenidae,EN,6.64287542360667,4.55632626068277,13.3810000262531,6.75362465912464,0.494694578125788,0.2730765222256,12.5569062131333,0.821,1,1000,direct,Vitreorana_castroviejoi,False,False,,,
894,1726,Chrysobatrachus_cupreonitens,Itombwe Golden Frog,Anura,Hyperoliidae,EN,6.62926007627726,9.69288285035631,13.8128982545791,17.1904626265547,0.487704390287669,0.268574259684057,16.1505382971393,0.662,1,1000,direct,Chrysobatrachus_cupreonitens,False,False,,,
895,1626,Cardioglossa_oreas,Mount Okou Long-fingered Frog,Anura,Arthroleptidae,EN,6.62544811210425,5.90674466486347,14.232725881846,9.40226869164557,0.487339447307544,0.280549930966377,3.30734980447089,0.741,1,1000,direct,Cardioglossa_oreas,False,False,,,
897,1557,Eleutherodactylus_adelus,Cuban Dwarf Grassfrog,Anura,Eleutherodactylidae,EN,6.61294325463591,4.16818535678898,14.4607014594417,5.15269962126761,0.479690237020728,0.263690836263993,11.4701291091845,0.883,1,1000,direct,Eleutherodactylus_adelus,False,False,,,
899,1555,Eleutherodactylus_cooki,Cave Coqui,Anura,Eleutherodactylidae,EN,6.61180996826289,4.60587535778123,14.4700752425944,6.3303435052384,0.480412608069097,0.261817120836867,9.60457295744578,0.82,1,1000,direct,Eleutherodactylus_cooki,False,False,,,
900,1815,Arthroleptis_nguruensis,Nguru Squeaker,Anura,Arthroleptidae,EN,6.60235889208251,8.71362352301181,13.4466682670628,16.666385855166,0.488201560556592,0.277740262072298,13.1191613432391,0.647,1,1000,direct,Arthroleptis_nguruensis,False,False,,,
901,2058,Hyloxalus_pinguis,Malvasa Rocket Frog,Anura,Dendrobatidae,EN,6.58810691528096,8.11672007376534,12.5982953282,15.781464860323,0.47783018018803,0.284301614456144,11.6880821758261,0.655,1,1000,direct,Hyloxalus_pinguis,False,False,,,
902,1797,Ichthyophis_orthoplicatus,Pattipola Caecilia,Gymnophiona,Ichthyophiidae,EN,6.5860181391121,6.06978547898576,13.5070959316938,10.9679957117568,0.494880871160539,0.27482910414576,11.6852104899056,0.716,1,1000,direct,Ichthyophis_orthoplicatus,False,False,,,
903,1695,Eleutherodactylus_luteolus,Jamaican Masked Frog,Anura,Eleutherodactylidae,EN,6.57928035010947,3.66750053727499,13.9514710679046,2.70270390763949,0.483568946362771,0.268007646796013,13.4041172400178,0.958,1,1000,direct,Eleutherodactylus_luteolus,False,False,,,
904,255,Didynamipus_sjostedti,Four-digit Toad,Anura,Bufonidae,VU,6.57485314812357,3.80399297545582,30.4092392106964,13.453903481055,0.244149009477822,0.0777778293809196,19.0402173199187,0.902,1,1000,direct,Didynamipus_sjostedti,False,False,,,
905,1746,Guibemantis_wattersoni,Watterson’s Tree Frog,Anura,Mantellidae,EN,6.57278039950366,3.89129262220064,13.7151142272727,3.18520027844055,0.469138657749689,0.283149239117041,13.5590330766475,0.963,1,1000,direct,Guibemantis_wattersoni,False,False,,,
906,1855,Pelobates_varaldii,Varaldi’s Spadefoot Toad,Anura,Pelobatidae,EN,6.57188497225451,4.02122410254434,13.2706675938731,5.44281701326377,0.486915887287705,0.285771255232528,11.020920728,0.907,1,1000,direct,Pelobates_varaldii,False,False,,,
908,292,Hemiphractus_fasciatus,Banded Horned Treefrog,Anura,Hemiphractidae,VU,6.55125675873124,2.70439382840291,28.8688346919626,8.26836840298891,0.241081713717168,0.0776514080608778,26.3290813697623,0.999,1,1000,direct,Hemiphractus_fasciatus,False,False,,,
909,1890,Atelopus_longibrachius,El Tambo Stubfoot Toad,Anura,Bufonidae,EN,6.54755693249786,7.12979146662167,13.1473906951266,14.5901585902743,0.490312360283627,0.289429840310019,7.50889889275648,0.68,1,1000,direct,Atelopus_longibrachius,False,False,,,
911,2006,Cardioglossa_venusta,Highland Long-fingered Frog,Anura,Arthroleptidae,EN,6.52567459658046,7.06310509695004,12.7893184336669,13.4893095873082,0.489263638850027,0.279998250820266,14.1409255058799,0.665,1,1000,direct,Cardioglossa_venusta,False,False,,,
912,1837,Aromobates_ericksonae,,Anura,Dendrobatidae,EN,6.50922709933696,3.77359482736994,13.3413859355176,4.42189527633647,0.479358354701894,0.279441682477951,9.08659894957849,0.893,1,1000,direct,Aromobates_ericksonae,False,False,,,
915,1741,Boophis_jaegeri,Jaeger's Bright-eyed Frog,Anura,Mantellidae,EN,6.49896487339889,3.76301235250086,13.7349078059422,4.02175998450396,0.477513791456705,0.289472153656105,13.3631409330121,0.928,1,1000,direct,Boophis_jaegeri,False,False,,,
917,1873,Nyctibatrachus_dattatreyaensis,Dattatreya Night Frog,Anura,Nyctibatrachidae,EN,6.49481622494684,3.59747154046855,13.2085856052737,3.28388123641049,0.489112485267875,0.282831987130637,13.095139470758,0.969,1,1000,direct,Nyctibatrachus_dattatreyaensis,False,False,,,
919,1973,Petropedetes_juliawurstnerae,,Anura,Petropedetidae,EN,6.48470801213933,3.39106021784297,12.9034602890054,4.10252649653194,0.501131079429359,0.265083579247108,4.7170563208383,0.907,1,1000,direct,Petropedetes_juliawurstnerae,False,False,,,
920,1896,Astylosternus_perreti,Perret's Night Frog,Anura,Arthroleptidae,EN,6.47662682462399,8.86070469118966,13.1351549916866,17.1538814072599,0.487339447307544,0.281256336627506,14.1424497785284,0.626,1,1000,direct,Astylosternus_perreti,False,False,,,
922,2002,Hyloxalus_azureiventris,Sky Blue Poison Dart Frog,Anura,Dendrobatidae,EN,6.46169237627975,4.6282981612144,12.7984676616854,6.31274747732663,0.476041466934143,0.286582888520378,9.72399019204518,0.856,1,1000,direct,Hyloxalus_azureiventris,False,False,,,
923,1740,Eleutherodactylus_leoncei,Southern Pastel Frog,Anura,Eleutherodactylidae,EN,6.46061600088283,3.89776836292818,13.7351543036229,4.42049824614481,0.48225770977199,0.263128336819753,3.47069911609587,0.851,1,1000,direct,Eleutherodactylus_leoncei,False,False,,,
926,1825,Pseudoeurycea_ruficauda,Orange-tailed Agile Salamander,Caudata,Plethodontidae,EN,6.45161921129324,3.67166244005638,13.3916389728766,4.37406077288546,0.49505329220262,0.290826354341569,6.35572300099731,0.867,1,1000,direct,Pseudoeurycea_ruficauda,False,False,,,
927,1809,Stefania_roraimae,,Anura,Hemiphractidae,EN,6.45026513107286,5.38499048094087,13.4685291192002,8.23703413232336,0.482213169737514,0.268082429335232,11.1534627116291,0.784,1,1000,direct,Stefania_roraimae,False,False,,,
928,1813,Lyciasalamandra_luschani,Luschan's Salamander,Caudata,Salamandridae,EN,6.44595155106243,4.33160789863524,13.4516978950435,5.01033044783862,0.480273846992487,0.290805426910915,11.9373598930652,0.877,1,1000,direct,Lyciasalamandra_luschani,False,False,,,
929,1751,Pseudophilautus_limbus,Haycock Shrub Frog,Anura,Rhacophoridae,EN,6.4448606020355,4.90861588410655,13.6999187482185,8.1930014393397,0.487985643363969,0.283180586926251,8.27705104432524,0.747,1,1000,direct,Pseudophilautus_limbus,False,False,,,
931,1771,Scaphiophryne_gottlebei,Malagasy rainbow frog,Anura,Microhylidae,EN,6.43926359767626,4.1284722595365,13.6218152908583,5.48686388159529,0.479958255146201,0.280628467591544,13.294349374849,0.868,1,1000,direct,Scaphiophryne_gottlebei,False,False,,,
932,1957,Arthroleptis_nlonakoensis,,Anura,Arthroleptidae,EN,6.42834885024909,7.98465985738859,12.9306180538808,15.7376210377942,0.486148968162752,0.278383049976799,13.5306059896021,0.638,1,1000,direct,Arthroleptis_nlonakoensis,False,False,,,
934,2013,Astylosternus_laurenti,Laurent's Night Frog,Anura,Arthroleptidae,EN,6.38354897169289,8.70906393679683,12.7633127757021,17.4858666960786,0.486966444695952,0.280703480481598,14.4735500482155,0.621,1,1000,direct,Astylosternus_laurenti,False,False,,,
938,1755,Eleutherodactylus_locustus,Locust Coqui,Anura,Eleutherodactylidae,EN,6.36185294645437,4.46752502583221,13.6831604907394,7.47635055682866,0.479690237020728,0.261817120836867,6.26243236487437,0.777,1,1000,direct,Eleutherodactylus_locustus,False,False,,,
940,1709,Eleutherodactylus_probolaeus,Boca de Yuma Frog,Anura,Eleutherodactylidae,EN,6.3540475993335,3.64473544254123,13.8843442236254,4.38467561789563,0.482566466455683,0.267050535326899,12.6137417568555,0.889,1,1000,direct,Eleutherodactylus_probolaeus,False,False,,,
941,369,Mantella_bernhardi,Bernhard's Mantella,Anura,Mantellidae,VU,6.34391681778512,2.28878611002567,26.6025006952331,5.49312803318231,0.237108943626153,0.0788756647070317,27.04564572831,1.0,1,1000,direct,Mantella_bernhardi,False,False,,,
942,1824,Boophis_arcanus,,Anura,Mantellidae,EN,6.33966015678228,4.08806665816144,13.4067632037567,4.45056986514321,0.471512264581218,0.286602950693507,9.87252915212423,0.913,1,1000,direct,Boophis_arcanus,False,False,,,
943,2004,Isthmohyla_insolita,,Anura,Hylidae,EN,6.33817294111443,6.92008110065443,12.7963622066412,12.3065754809322,0.492500497418529,0.271865894397968,9.56677706279458,0.68,1,1000,GBIF_iucn_link,Isthmohyla_insolita,False,False,,,
945,1853,Boophis_feonnyala,,Anura,Mantellidae,EN,6.33125204888782,4.03724063653032,13.2793372557105,4.64253057042437,0.471799977215062,0.288691330132335,9.79518459007543,0.91,1,1000,direct,Boophis_feonnyala,False,False,,,
949,381,Buergeria_oxycephala,Red-headed Flying Frog,Anura,Rhacophoridae,VU,6.31864710505574,3.09268350931205,26.3692795705665,10.7145162276228,0.245814517063555,0.0763060443982973,25.95486203284,0.949,1,1000,direct,Buergeria_oxycephala,False,False,,,
950,1633,Eleutherodactylus_pezopetrus,Eastern Cuba Rockfrog,Anura,Eleutherodactylidae,EN,6.31806837649487,4.34469544448699,14.2025210005563,6.04271597930177,0.479690237020728,0.263595895967791,9.79921318057541,0.806,1,1000,direct,Eleutherodactylus_pezopetrus,False,False,,,
953,397,Parvimolge_townsendi,Townsend's Salamander,Caudata,Plethodontidae,VU,6.257899093493,2.24282709551844,26.0036501259521,6.30670666815527,0.245722624728999,0.0778456205638124,21.90846906366,1.0,1,1000,direct,Parvimolge_townsendi,True,False,,,
954,1696,Pristimantis_jorgevelosai,,Anura,Strabomantidae,EN,6.24394021291276,6.0724499566282,13.9480394653027,11.6639288338626,0.472397014874066,0.286598674291631,10.7427696729732,0.661,1,1000,direct,Pristimantis_jorgevelosai,False,False,,,
955,1995,Pseudoeurycea_juarezi,Sierra Juarez False Brook Salamander,Caudata,Plethodontidae,EN,6.22895388048566,3.68639786402657,12.8079367887289,4.36505443215654,0.49589498109926,0.292556080376688,0.684698903390207,0.85,1,1000,direct,Pseudoeurycea_juarezi,False,False,,,
958,1835,Mantidactylus_paidroa,,Anura,Mantellidae,EN,6.19935934449401,3.85555478983169,13.3462581460672,4.09426875312715,0.465734260787695,0.288019549999425,12.9082267717781,0.897,1,1000,direct,Mantidactylus_paidroa,False,False,,,
959,2071,Craugastor_laevissimus,,Anura,Craugastoridae,EN,6.19684149782462,6.59271303118363,12.5447152531077,12.3447713897274,0.486731325124605,0.271816528739255,10.2011019789191,0.647,1,1000,direct,Craugastor_laevissimus,False,False,,,
960,2021,Callulina_hanseni,Hansen's Warty Frog,Anura,Brevicipitidae,EN,6.18895391514906,5.7837027085873,12.7339272134676,9.27546494893626,0.494293984180757,0.265311012365212,9.50951639657203,0.691,1,1000,direct,Callulina_hanseni,False,False,,,
961,2016,Astylosternus_ranoides,Central Night Frog,Anura,Arthroleptidae,EN,6.1855837026363,8.71731320009342,12.7563071993649,16.7467062350848,0.489263638850027,0.280709521005484,13.9120507996531,0.623,1,1000,direct,Astylosternus_ranoides,False,False,,,
963,1951,Pseudoeurycea_orchileucos,Sierra de Juárez Worm Salamander,Caudata,Plethodontidae,EN,6.17774422710563,3.56080056444236,12.9486186346995,4.05143903932926,0.49589498109926,0.292348134258359,10.2086539997507,0.828,1,1000,direct,Pseudoeurycea_orchileucos,False,False,,,
964,2001,Hyloxalus_cevallosi,Palanda Rocket Frog,Anura,Dendrobatidae,EN,6.1715594949615,6.65769729666905,12.8002225642629,13.6571091178048,0.473934003899485,0.284989943862092,10.7893592388374,0.648,1,1000,direct,Hyloxalus_cevallosi,False,False,,,
966,2114,Hyloxalus_chocoensis,Choco Rocket Frog,Anura,Dendrobatidae,EN,6.15767465036956,6.42737051592424,12.3896811973218,12.0761260238893,0.471502642023012,0.275868326671405,9.39418439335766,0.665,1,1000,direct,Hyloxalus_chocoensis,False,False,,,
967,1834,Eleutherodactylus_grabhami,Jamaican Pallid Frog,Anura,Eleutherodactylidae,EN,6.15731658788859,3.99347238012492,13.3525966615189,5.44367406761604,0.479724149359584,0.266134668248506,5.29074338372001,0.81,1,1000,direct,Eleutherodactylus_grabhami,False,False,,,
968,359,Rhacophorus_lateralis,Small Tree Frog,Anura,Rhacophoridae,VU,6.13256639768691,3.18394509375928,26.8329697390796,10.5656771507518,0.245396906232817,0.076456615075312,24.0386877475479,0.883,1,1000,direct,Rhacophorus_lateralis,False,False,,,
969,2036,Hyloxalus_whymperi,Tanti Rocket Frog,Anura,Dendrobatidae,EN,6.12907900131198,6.77252439719984,12.681812908461,12.4530759150314,0.472010500962283,0.275868326671405,9.62144093310721,0.666,1,1000,GBIF_accepted,Paruwrobates_whymperi,False,False,,,
973,2222,Telmatobius_platycephalus,Flat-headed Water Frog,Anura,Telmatobiidae,EN,6.08778612804519,6.18208733150289,12.0663270563415,11.4081535846607,0.492418670624126,0.295147504790903,8.46332505378745,0.654,1,1000,direct,Telmatobius_platycephalus,False,False,,,
974,2180,Charadrahyla_trux,Spine-fingered Treefrog,Anura,Hylidae,EN,6.08574948324047,6.58252036186795,12.1829796041921,11.933935240037,0.491916408029508,0.270168348276622,11.4961125995782,0.672,1,1000,direct,Charadrahyla_trux,False,False,,,
975,1961,Limnonectes_microtympanum,Sulawesi Wart Frog,Anura,Dicroglossidae,EN,6.08135210145163,3.95840274836255,12.9214464297019,3.8887850425003,0.49186204244088,0.291921234373578,11.5700741259756,0.86,1,1000,direct,Limnonectes_microtympanum,False,False,,,
977,2048,Plethodon_stormi,Siskiyou Mountains Salamander,Caudata,Plethodontidae,EN,6.06999050663183,3.56095988287758,12.6270470180815,4.01575838890438,0.470561428573681,0.299537731339222,11.879935112951,0.881,1,1000,direct,Plethodon_stormi,False,False,,,
979,2156,Telmatobius_stephani,Stephan's Water Frog,Anura,Telmatobiidae,EN,6.05119696642935,6.33407330358302,12.2474010126691,10.8590042430511,0.493064951807891,0.288861124120834,8.49424679574233,0.669,1,1000,direct,Telmatobius_stephani,False,False,,,
982,2215,Craugastor_greggi,Gregg's Stream Frog,Anura,Craugastoridae,EN,6.02825697868997,6.90859543742213,12.0833476743411,12.3003053045647,0.485010383861242,0.268129136905476,10.0373327216835,0.641,1,1000,direct,Craugastor_greggi,False,False,,,
983,399,Boophis_andohahela,,Anura,Mantellidae,VU,6.01641659179157,2.43566147507367,25.8580108237703,7.02311691588326,0.238941129047433,0.0793886536136297,20.3914723901999,0.987,1,1000,direct,Boophis_andohahela,False,False,,,
985,2141,Hyloxalus_mystax,Cloud Forest Rocket Frog,Anura,Dendrobatidae,EN,6.01115416180424,7.09118392439271,12.2749841428039,13.4867074773532,0.473934003899485,0.284989943862092,9.5971582022019,0.629,1,1000,direct,Hyloxalus_mystax,False,False,,,
986,2060,Cophyla_berara,,Anura,Microhylidae,EN,6.01043219977622,4.28344776320227,12.5945492734112,6.5844651801912,0.484884653647371,0.293705877414857,11.5363893133428,0.76,1,1000,direct,Cophyla_berara,False,False,,,
987,1898,Amolops_hongkongensis,,Anura,Ranidae,EN,6.00421355496272,4.85792948953336,13.1207856962148,7.39340996261712,0.495147979251896,0.29626920770672,10.876703602871,0.736,1,1000,direct,Amolops_hongkongensis,False,False,,,
990,2107,Telmatobius_marmoratus,Marbled Water Frog,Anura,Telmatobiidae,EN,5.99701288978836,5.19739089995979,12.4205010300717,9.03260528155098,0.492109714050523,0.288566795759107,10.0995181082218,0.702,1,1000,direct,Telmatobius_marmoratus,False,False,,,
992,2271,Telmatobius_punctatus,Huánuco Water Frog,Anura,Telmatobiidae,EN,5.99223859386528,6.11151948712739,11.9475484728714,11.0610251350619,0.492281920017614,0.29467999922655,8.17290026756282,0.659,1,1000,direct,Telmatobius_punctatus,False,False,,,
993,2130,Lyciasalamandra_atifi,Atif's Salamander,Caudata,Salamandridae,EN,5.98675849970484,3.77430520116186,12.3075457741836,4.28760242134037,0.479309049644457,0.289397541528674,11.3910397667839,0.856,1,1000,direct,Lyciasalamandra_atifi,False,False,,,
994,2206,Ptychadena_newtoni,Newton's Grassland Frog,Anura,Ptychadenidae,EN,5.98591389870616,4.94391641768708,12.1117424009145,8.9446104364187,0.505094019834415,0.275379696450399,11.5076076237151,0.673,1,1000,direct,Ptychadena_newtoni,False,False,,,
997,2210,Craugastor_emleni,,Anura,Craugastoridae,EN,5.96302859974539,6.96533780566697,12.097430013246,12.4145910411975,0.488255129749814,0.271890254840599,10.0344044103369,0.639,1,1000,direct,Craugastor_emleni,False,False,,,
998,1911,Eleutherodactylus_glamyrus,Turquino Fern Frog,Anura,Eleutherodactylidae,EN,5.96174026910527,3.70695447633478,13.0658765835279,4.42565727093459,0.478118147545573,0.257864255463242,12.1371390676191,0.858,1,1000,direct,Eleutherodactylus_glamyrus,False,False,,,
999,2345,Telmatobius_hauthali,Calientes Water Frog,Anura,Telmatobiidae,EN,5.96108764866732,6.70527188524829,11.7713841205927,11.4399502147086,0.492109714050523,0.292747710491631,8.46125025346395,0.625,1,1000,direct,Telmatobius_hauthali,False,False,,,
1000,1966,Pristimantis_ashkapara,,Anura,Strabomantidae,EN,5.95970742629199,4.22346004643588,12.9146085758292,6.11153479963631,0.487855125611742,0.292747710491631,10.9768328580568,0.766,1,1000,GBIF_accepted,Yunganastes_ashkapara,False,False,,,
1001,2389,Bryophryne_cophites,Cusco Andes Frog,Anura,Strabomantidae,EN,5.95357349154865,8.24033793065408,11.6593281240287,16.9383947723639,0.492109714050523,0.28676719876972,13.6799169205768,0.598,1,1000,direct,Bryophryne_cophites,False,False,,,
1002,2154,Craugastor_aphanus,,Anura,Craugastoridae,EN,5.95007163858738,6.2612802595529,12.2482059659513,11.1049274496971,0.48459245354929,0.264039104621399,10.2962107567829,0.645,1,1000,direct,Craugastor_aphanus,False,False,,,
1003,2297,Telmatobius_pinguiculus,Medanitos Water Frog,Anura,Telmatobiidae,EN,5.94442629913856,6.44215149497826,11.9003816712435,12.0223077626168,0.487855125611742,0.282573676948305,8.2363547078554,0.626,1,1000,direct,Telmatobius_pinguiculus,False,False,,,
1004,2300,Taruga_fastigo,,Anura,Rhacophoridae,EN,5.93630374127589,4.08829538380681,11.8818992959464,6.26775856282404,0.489995106155579,0.28272159902281,4.061763217308,0.755,1,1000,direct,Taruga_fastigo,False,False,,,
1005,2282,Telmatobius_hypselocephalus,Jujuy Water Frog,Anura,Telmatobiidae,EN,5.93544060534892,6.66656894174712,11.9213243421792,12.0218333450222,0.490642348072393,0.286549731564707,9.01856232168087,0.639,1,1000,direct,Telmatobius_hypselocephalus,False,False,,,
1006,2459,Telmatobius_carrillae,Ancash Water Frog,Anura,Telmatobiidae,EN,5.9270308751404,6.3415830265671,11.470816841895,11.4717749076024,0.492281920017614,0.288566795759107,8.27153505332509,0.63,1,1000,direct,Telmatobius_carrillae,False,False,,,
1007,2236,Taruga_longinasus,Long-snouted Tree-frog,Anura,Rhacophoridae,EN,5.91463283226207,3.9589659549064,12.0294260000219,6.3210772131165,0.489995106155579,0.283278463160205,4.061763217308,0.755,1,1000,direct,Taruga_longinasus,False,False,,,
1008,2262,Telmatobius_pisanoi,,Anura,Telmatobiidae,EN,5.89459603704543,6.25660490656072,11.9744835470401,11.3744360129063,0.487060542764019,0.28277503413737,8.36325351475371,0.639,1,1000,direct,Telmatobius_pisanoi,False,False,,,
1009,431,Indirana_leptodactyla,Boulenger's Indian Frog,Anura,Ranixalidae,VU,5.85793309922329,3.93230971053627,24.7521466339998,14.1117780328864,0.244810345816329,0.0767894917497083,22.1477002456279,0.911,1,1000,GBIF_accepted,Walkerana_leptodactyla,False,False,,,
1012,459,Petropedetes_palmipes,Efulen Water Frog,Anura,Petropedetidae,VU,5.84382977081458,2.39370156354067,24.104477031425,7.50458616724781,0.247771617574897,0.0727875008630829,22.8399327738785,1.0,1,1000,direct,Petropedetes_palmipes,False,False,,,
1013,2214,Telmatobius_brevirostris,Shortsnout Water Frog,Anura,Telmatobiidae,EN,5.84104146487201,6.0191135478724,12.0905760361467,11.183296136284,0.492418670624126,0.288861124120834,8.31330328389841,0.648,1,1000,direct,Telmatobius_brevirostris,False,False,,,
1014,2231,Telmatobius_intermedius,Allipaca Water Frog,Anura,Telmatobiidae,EN,5.83696252652471,6.13879193432788,12.0509422842959,11.6912852834421,0.490642348072393,0.287287221297288,8.15829129768336,0.623,1,1000,direct,Telmatobius_intermedius,False,False,,,
1015,2211,Craugastor_guerreroensis,Guerreran Robber Frog,Anura,Craugastoridae,EN,5.82617472047057,7.02989600980113,12.0972590572203,13.6700773621509,0.48459245354929,0.264722417359551,9.88938689906105,0.611,1,1000,direct,Craugastor_guerreroensis,False,False,,,
1016,2322,Craugastor_vulcani,Volcan San Martin Rainfrog,Anura,Craugastoridae,EN,5.82240815369894,6.61779864830534,11.8150255860106,12.4860694475529,0.485886293214259,0.264271864674576,9.93202367589162,0.638,1,1000,direct,Craugastor_vulcani,False,False,,,
1017,2424,Craugastor_monnichorum,Dunn's Robber Frog,Anura,Craugastoridae,EN,5.81690413321342,5.59084517729461,11.579932457844,10.3037226176065,0.484129930733264,0.269439693492156,9.85865172887746,0.64,1,1000,direct,Craugastor_monnichorum,False,False,,,
1018,2308,Craugastor_matudai,,Anura,Craugastoridae,EN,5.81602729985312,6.45477272027865,11.8593146962462,12.9963509991564,0.484129930733264,0.267975618448339,9.00556240930302,0.593,1,1000,direct,Craugastor_matudai,False,False,,,
1019,2050,Kalophrynus_palmatissimus,Lowland Grainy Frog,Anura,Microhylidae,EN,5.81345000496166,5.98840841941281,12.6199510814911,10.6491828291221,0.483772291346153,0.280841558177013,12.0731384210401,0.658,1,1000,direct,Kalophrynus_palmatissimus,False,False,,,
1020,1963,Hyperolius_cystocandicans,Tigoni Reed Frog,Anura,Hyperoliidae,EN,5.80483534728477,5.7301911603968,12.9212886844701,10.1147603141116,0.492824666571706,0.273375176343441,10.6249567584879,0.635,1,1000,direct,Hyperolius_cystocandicans,False,False,,,
1021,452,Excidobates_captivus,Rio Santiago Poison Frog,Anura,Dendrobatidae,VU,5.80261303267637,2.04850345307611,24.2904908154909,5.35535288310523,0.239731502591289,0.0804147065517316,18.439596306502,1.0,1,1000,direct,Excidobates_captivus,False,False,,,
1022,2091,Craugastor_cyanochthebius,,Anura,Craugastoridae,EN,5.7956101902909,7.06365178312592,12.4777954443449,12.8418987417658,0.485998767903069,0.272660562238731,10.1242495106348,0.639,1,1000,direct,Craugastor_cyanochthebius,False,False,,,
1027,2191,Pristimantis_mindo,Mindo Rainfrog,Anura,Strabomantidae,EN,5.76202626838939,6.5250003294446,12.1478207891182,13.1134748938146,0.476972310302321,0.290195675994627,11.0484622873679,0.61,1,1000,direct,Pristimantis_mindo,False,False,,,
1028,2248,Telmatobius_latirostris,Cajamarca Water Frog,Anura,Telmatobiidae,EN,5.76148744073174,6.13077494607453,11.9972576548591,11.6410286754643,0.488500207163901,0.28538580202479,8.50395856654792,0.644,1,1000,direct,Telmatobius_latirostris,False,False,,,
1029,2121,Eleutherodactylus_melatrigonum,Cordillera Central Telegraph Frog,Anura,Eleutherodactylidae,EN,5.75245305587895,5.51513454330843,12.3460330773354,10.7816733310583,0.483551718262877,0.263815854684572,7.39413178234764,0.649,1,1000,direct,Eleutherodactylus_melatrigonum,False,False,,,
1032,2393,Pseudoeurycea_conanti,,Caudata,Plethodontidae,EN,5.72546845882617,3.37009447344812,11.6485132784282,3.01069853031557,0.495628986648866,0.29273761600602,9.58903396314325,0.88,1,1000,direct,Pseudoeurycea_conanti,False,False,,,
1034,2296,Cardioglossa_alsco,,Anura,Arthroleptidae,EN,5.71788718106574,7.4289053000611,11.9066383674314,14.121815269631,0.489263638850027,0.279215840464446,12.8731182797915,0.61,1,1000,direct,Cardioglossa_alsco,False,False,,,
1035,2280,Eleutherodactylus_portoricensis,Mountain Coqui,Anura,Eleutherodactylidae,EN,5.70992427020507,3.49503111627688,11.9284927706383,5.148854739797,0.479724149359584,0.261772326743189,10.8937454680929,0.787,1,1000,direct,Eleutherodactylus_portoricensis,False,False,,,
1036,2404,Pseudophilautus_procax,,Anura,Rhacophoridae,EN,5.70878011052828,5.08426504634628,11.6266736195726,8.93977467629016,0.487789885160026,0.282483614864575,8.38182416384796,0.64,1,1000,GBIF_iucn_link,Pseudophilautus_procax,False,False,,,
1037,2261,Thorius_troglodytes,Taylor's Pigmy Salamander,Caudata,Plethodontidae,EN,5.70725880808768,3.24314165647209,11.9806534755293,2.95752153213295,0.479309049644457,0.288774979813439,8.13028317301005,0.886,1,1000,direct,Thorius_troglodytes,False,False,,,
1038,2540,Hylodes_magalhaesi,Sao Paulo Tree Toad,Anura,Hylodidae,EN,5.70506225106222,7.33865897528484,11.2790658132226,14.0410503127192,0.498824368427745,0.291461348579235,10.9619838465101,0.58,1,1000,direct,Hylodes_magalhaesi,False,False,,,
1039,2467,Telmatobius_contrerasi,Contreras' Water Frog,Anura,Telmatobiidae,EN,5.70450867146733,6.38994206845232,11.4612308972068,11.0689674648697,0.492418670624126,0.289459953472584,8.3652626270948,0.627,1,1000,direct,Telmatobius_contrerasi,False,False,,,
1040,2276,Atelopus_elegans,,Anura,Bufonidae,EN,5.70421088259737,6.21199099833793,11.9341247182233,11.6098802484575,0.487816086382669,0.287966150699618,6.48413358059334,0.622,1,1000,direct,Atelopus_elegans,False,False,,,
1041,2511,Telmatobius_atacamensis,Atacama Water Frog,Anura,Telmatobiidae,EN,5.70399394664073,5.84063679972509,11.3353415410945,11.0095864463103,0.494188460465325,0.289288427112362,8.65595740180087,0.616,1,1000,direct,Telmatobius_atacamensis,False,False,,,
1042,2436,Callulina_shengena,Shengena Warty Frog,Anura,Brevicipitidae,EN,5.70169480674508,3.46546149226944,11.5371260871814,4.69787502654648,0.489908869761647,0.265514044698786,5.78664549476261,0.767,1,1000,direct,Callulina_shengena,False,False,,,
1043,2372,Telmatobius_mayoloi,,Anura,Telmatobiidae,EN,5.69923397009431,6.37091552613392,11.6926030936068,11.8492883111335,0.492109714050523,0.29467999922655,8.49481248043545,0.629,1,1000,direct,Telmatobius_mayoloi,False,False,,,
1044,2313,Telmatobius_ignavus,Piura Water Frog,Anura,Telmatobiidae,EN,5.68378779108074,6.04266747164283,11.8408103938842,11.5769598373233,0.492281920017614,0.289920752856837,8.12029243937019,0.627,1,1000,direct,Telmatobius_ignavus,False,False,,,
1045,2473,Craugastor_montanus,,Anura,Craugastoridae,EN,5.67571782841959,7.14882539270787,11.4498585016133,13.3108043854596,0.48587585238337,0.264178034292383,10.0814472343536,0.599,1,1000,direct,Craugastor_montanus,False,False,,,
1046,430,Litoria_andiirrmalin,Cape Melville Treefrog,Anura,Hylidae,VU,5.673074765664,3.85905656427119,24.7710126437598,15.1532033057116,0.247549303978891,0.0747284990640532,20.8252992092096,0.84,1,1000,direct,Litoria_andiirrmalin,False,False,,,
1047,2320,Oedipina_stenopodia,,Caudata,Plethodontidae,EN,5.67251959616451,3.27054302804431,11.8194002741006,3.79738114229909,0.476595696441385,0.286728638158698,8.3968652822686,0.834,1,1000,direct,Oedipina_stenopodia,False,False,,,
1050,2357,Bolitoglossa_porrasorum,,Caudata,Plethodontidae,EN,5.66090507915941,3.77457694150548,11.7247912413786,3.48643141932868,0.492891637199818,0.29270508095696,8.0927691704469,0.83,1,1000,direct,Bolitoglossa_porrasorum,False,False,,,
1051,2458,Hyloxalus_sylvaticus,Forest Rocket Frog,Anura,Dendrobatidae,EN,5.65807464936027,4.24886051564571,11.4735066240079,7.14524440780732,0.473934003899485,0.284740126813738,7.53746190486604,0.681,1,1000,direct,Hyloxalus_sylvaticus,False,False,,,
1052,2097,Aromobates_saltuensis,Forest Rocket Frog,Anura,Dendrobatidae,EN,5.65415001583089,4.12936005989401,12.4508816336523,5.98530494777497,0.478567228635719,0.278473969120477,3.88566056366567,0.749,1,1000,direct,Aromobates_saltuensis,False,False,,,
1053,2452,Pristimantis_shrevei,Saint Vincent Frog,Anura,Strabomantidae,EN,5.65266860192643,6.89315831950885,11.4902619631086,14.3515774226282,0.488498447285739,0.276323381575044,5.16215680018535,0.622,1,1000,direct,Pristimantis_shrevei,False,False,,,
1054,2371,Pristimantis_percultus,Zamora Robber Frog,Anura,Strabomantidae,EN,5.64769353256857,6.57195630737732,11.6948193924783,12.0559424758654,0.489254562913954,0.277069036667956,11.0553233713285,0.615,1,1000,direct,Pristimantis_percultus,False,False,,,
1058,2394,Callulina_laphami,Lapham's Warty Frog,Anura,Brevicipitidae,EN,5.62537040819604,3.47432911564664,11.6468945087367,4.43442725200071,0.490183656289765,0.265758831085558,5.86056583442204,0.769,1,1000,direct,Callulina_laphami,False,False,,,
1059,2293,Eleutherodactylus_montanus,Hispaniolan Montane Frog,Anura,Eleutherodactylidae,EN,5.62513569376247,3.62374271994991,11.9087193820341,4.48383698478432,0.47927360635653,0.259873321034946,8.64970875271026,0.791,1,1000,direct,Eleutherodactylus_montanus,False,False,,,
1060,2380,Pristimantis_pycnodermis,Thickskin Robber Frog,Anura,Strabomantidae,EN,5.61549303253784,6.11485175872611,11.6727718102071,11.9222008283822,0.47788403338645,0.2897001970923,10.2081843644646,0.608,1,1000,direct,Pristimantis_pycnodermis,False,False,,,
1061,2390,Charadrahyla_altipotens,Yellow-bellied Voiceless Treefrog,Anura,Hylidae,EN,5.61381670910176,5.24504445471336,11.656394785993,9.50543437288684,0.491916408029508,0.270168348276622,10.053333382803,0.647,1,1000,direct,Charadrahyla_altipotens,False,False,,,
1063,467,Osteopilus_vastus,Hispaniolan Giant Treefrog,Anura,Hylidae,VU,5.6086741617027,3.46703662759491,23.9319260416952,13.689051718657,0.24457111446312,0.0747021813457534,21.5400543817876,0.858,1,1000,direct,Osteopilus_vastus,False,False,,,
1064,2447,Isthmohyla_infucata,,Anura,Hylidae,EN,5.60254297700836,6.46200066687977,11.5077681397053,12.0044513252317,0.492500497418529,0.271033184255866,8.29817898797392,0.614,1,1000,direct,Isthmohyla_infucata,False,False,,,
1067,2589,Crossodactylus_cyclospinus,,Anura,Hylodidae,EN,5.58786355902262,7.73747031921106,11.1562317761852,14.3781138732036,0.501176214370965,0.290898660542747,11.4736042540915,0.598,1,1000,direct,Crossodactylus_cyclospinus,False,False,,,
1068,2367,Pseudophilautus_femoralis,Leaf-nesting Shrub Frog,Anura,Rhacophoridae,EN,5.5873341489845,5.16152985114567,11.6977644335101,10.1196114852756,0.484542170398244,0.284337662291317,0.519525328937757,0.62,1,1000,direct,Pseudophilautus_femoralis,False,False,,,
1069,2173,Ischnocnema_manezinho,,Anura,Brachycephalidae,EN,5.58130430904388,8.03122119385946,12.2039773705362,15.9955574393508,0.47927360635653,0.255896853651007,13.4972168108553,0.603,1,1000,direct,Ischnocnema_manezinho,False,False,,,
1071,2533,Craugastor_megalotympanum,,Anura,Craugastoridae,EN,5.56292936564299,6.59442376462386,11.2929912981926,11.9132651034077,0.487404728628316,0.272244350598477,9.13620489169472,0.588,1,1000,direct,Craugastor_megalotympanum,False,False,,,
1073,2605,Atelopus_mittermeieri,,Anura,Bufonidae,EN,5.55347811903459,5.7348188254125,11.1196508273381,9.87401732147334,0.488034627054486,0.287088320511764,5.32031882080677,0.617,1,1000,direct,Atelopus_mittermeieri,False,False,,,
1076,2441,Corythomantis_galeata,,Anura,Hylidae,EN,5.55006291070464,6.15453078264549,11.527003768772,11.8404379105626,0.497691060440486,0.271167966724165,11.7173533248034,0.612,1,1000,GBIF_iucn_link,Corythomantis_galeata,False,False,,,
1077,2640,Hylodes_perere,,Anura,Hylodidae,EN,5.54001995488,6.93009887602861,11.0473728165529,13.6536017576033,0.500246720035104,0.290898660542747,10.9750486505499,0.57,1,1000,direct,Hylodes_perere,False,False,,,
1078,2563,Craugastor_pechorum,,Anura,Craugastoridae,EN,5.53124074181872,6.32497665628149,11.2248718880819,11.4384446816952,0.488255129749814,0.271813697360609,11.000289890393,0.597,1,1000,direct,Craugastor_pechorum,False,False,,,
1079,2577,Alytes_dickhilleni,Betic Midwife Toad,Anura,Alytidae,EN,5.52782310655129,3.17063132134158,11.1874250775881,4.17484277081284,0.492589425852095,0.286228131392986,7.083467972,0.752,1,1000,direct,Alytes_dickhilleni,False,False,,,
1080,2363,Oedipina_taylori,Taylor's Worm Salamander,Caudata,Plethodontidae,EN,5.52582816378773,3.369866647746,11.7077826914804,4.11494004036167,0.477050243744744,0.287114544798959,7.81573037798214,0.798,1,1000,direct,Oedipina_taylori,False,False,,,
1081,2430,Ptychohyla_sanctaecrucis,Chinamococh Stream Frog,Anura,Hylidae,EN,5.51429625384995,6.01407570601417,11.5646935628818,12.2275149641068,0.49314630222302,0.272768029960174,9.11106113962241,0.608,1,1000,GBIF_accepted,Quilticohyla_sanctaecrucis,False,False,,,
1082,2471,Bolitoglossa_engelhardti,Engelhardt's Mushroomtongue Salamander,Caudata,Plethodontidae,EN,5.51178504683547,3.34505255557248,11.4515321398562,4.00082944597212,0.494045527859013,0.292928560358674,10.4790006032472,0.767,1,1000,direct,Bolitoglossa_engelhardti,False,False,,,
1083,2303,Gastrotheca_nebulanastes,,Anura,Hemiphractidae,EN,5.51076564076844,3.70202491405969,11.8669326212671,4.85644562022231,0.474184508711511,0.264845179199032,10.8149217429265,0.769,1,1000,direct,Gastrotheca_nebulanastes,False,False,,,
1084,2504,Ecnomiohyla_salvaje,,Anura,Hylidae,EN,5.50693605473011,7.83443075896901,11.3649273528454,15.4236735972297,0.493745558122167,0.273515312279701,8.49666162639215,0.595,1,1000,direct,Ecnomiohyla_salvaje,False,False,,,
1085,2451,Eleutherodactylus_armstrongi,Baoruco Hammer Frog,Anura,Eleutherodactylidae,EN,5.50446516879334,3.28661740453877,11.4905495418228,3.96860052389019,0.483260189679077,0.262892493849287,10.9689903566651,0.8,1,1000,direct,Eleutherodactylus_armstrongi,False,False,,,
1086,2512,Ptychadena_nana,Somali Grassland Frog,Anura,Ptychadenidae,EN,5.50331481066862,4.17253778797345,11.3333516141569,6.92137760831174,0.505305196850946,0.274606896324667,10.1114336764884,0.645,1,1000,direct,Ptychadena_nana,False,False,,,
1087,511,Gephyromantis_silvanus,,Anura,Mantellidae,VU,5.50254713335316,2.06827865841392,23.0413082667273,5.65191714663234,0.23643389204933,0.0803421223311167,21.7263414305682,0.992,1,1000,direct,Gephyromantis_silvanus,False,False,,,
1089,508,Gephyromantis_rivicola,,Anura,Mantellidae,VU,5.49004388460618,2.03574159498953,23.1009010814177,5.39283364445555,0.236355445532561,0.0807806811851553,21.834589686282,0.994,1,1000,direct,Gephyromantis_rivicola,False,False,,,
1090,515,Micrixalus_phyllophilus,Nilgiri Dancing Frog,Anura,Petropedetidae,VU,5.48501781004172,6.84668642413613,22.9468753055404,27.9778942305231,0.248099750019701,0.0723462706850674,23.74143958968,0.86,1,1000,direct,Micrixalus_phyllophilus,False,False,,,
1092,2414,Duellmanohyla_salvavida,Honduran Brook Frog,Anura,Hylidae,EN,5.4780068424748,5.9634790654172,11.6004740840061,10.5830269888673,0.49314630222302,0.273443145999136,9.37162494564274,0.623,1,1000,direct,Duellmanohyla_salvavida,False,False,,,
1093,2650,Craugastor_azueroensis,Azuero Robber Frog,Anura,Craugastoridae,EN,5.47178008424702,6.34920630581599,11.0315833480794,12.5097505134321,0.485010383861242,0.26542100261684,9.1667471026757,0.588,1,1000,direct,Craugastor_azueroensis,False,False,,,
1094,2513,Ischnocnema_gualteri,Organ Mountains Robber Frog,Anura,Brachycephalidae,EN,5.47051534274772,7.11714960905597,11.3310133699259,13.6397778444766,0.479619044770598,0.254416621900099,12.105071555816,0.584,1,1000,direct,Ischnocnema_gualteri,False,False,,,
1095,2421,Telmatobius_scrocchii,Andalgala Water Frog,Anura,Telmatobiidae,EN,5.4535763146561,6.24394255994502,11.5874961465645,11.7597251110737,0.487855125611742,0.280895197164233,8.26646286880566,0.607,1,1000,direct,Telmatobius_scrocchii,False,False,,,
1096,2496,Pristimantis_bambu,Bamboo Rain-Peeper,Anura,Strabomantidae,EN,5.44917462438434,5.73882858992715,11.3895566580865,11.1465835028443,0.478037261656992,0.280582347568776,6.0144562912281,0.605,1,1000,direct,Pristimantis_bambu,False,False,,,
1099,2543,Alytes_muletensis,Mallorcan Midwife Toad,Anura,Alytidae,EN,5.43710913697743,3.37172214699373,11.2641176770953,3.93715053951696,0.492589425852095,0.286228131392986,7.083467972,0.763,1,1000,direct,Alytes_muletensis,False,False,,,
1101,2655,Atelopus_carrikeri,Guajira Stubfoot Toad,Anura,Bufonidae,EN,5.43333061419514,5.68503732404579,11.0217355918184,10.0725431306351,0.493289449274799,0.292648110666037,4.90306385048395,0.609,1,1000,direct,Atelopus_carrikeri,False,False,,,
1102,2556,Hypodactylus_brunneus,Carchi Andes Frog,Anura,Strabomantidae,EN,5.42633783958118,5.35453768894016,11.2437484454142,9.74838886036217,0.486482824829846,0.290716362164916,10.0000754847353,0.622,1,1000,GBIF_accepted,Niceforonia_brunnea,False,False,,,
1104,489,Allobates_undulatus,,Anura,Dendrobatidae,VU,5.42129948745237,5.1074605347871,23.5041833590382,21.1448522677606,0.24164509364401,0.0780457075818998,14.2647389917441,0.874,1,1000,direct,Allobates_undulatus,False,False,,,
1105,2400,Allobates_mandelorum,,Anura,Dendrobatidae,EN,5.41743417805196,7.23610687360713,11.6320367256231,13.5477522508485,0.481056921408359,0.278699562321406,12.1128512301009,0.595,1,1000,direct,Allobates_mandelorum,False,False,,,
1106,2745,Oreobates_lehri,,Anura,Strabomantidae,EN,5.41435391895305,3.27591543741269,10.810392922251,4.63470761395912,0.487404728628316,0.276274742218933,10.905137281418,0.735,1,1000,direct,Oreobates_lehri,False,False,,,
1107,2598,Duellmanohyla_lythrodes,Savage's Brook Frog,Anura,Hylidae,EN,5.40734671809388,5.39963368820943,11.1320138365564,10.3504183692411,0.49314630222302,0.272768029960174,7.67451567564466,0.601,1,1000,direct,Duellmanohyla_lythrodes,False,False,,,
1108,2418,Eleutherodactylus_patriciae,Hispaniola Cordillera Frog,Anura,Eleutherodactylidae,EN,5.40370421331232,3.46132920414284,11.5913303955872,4.81153749096394,0.47927360635653,0.259873321034946,8.28944289832938,0.744,1,1000,direct,Eleutherodactylus_patriciae,False,False,,,
1109,505,Hypsiboas_heilprini,Hispaniolan Green Treefrog,Anura,Hylidae,VU,5.40249923089754,6.5971016800983,23.1669160671226,27.4597972136938,0.245556812923264,0.0769840494102657,21.4908385235896,0.722,1,1000,GBIF_accepted,Boana_heilprini,False,False,,,
1110,2474,Raorchestes_chlorosomma,Green Eyed Bushfrog,Anura,Rhacophoridae,EN,5.40176503238914,3.31654757333526,11.4444263706724,4.11458220678505,0.478835414125139,0.285922124590172,11.0459735380392,0.757,1,1000,direct,Raorchestes_chlorosomma,False,False,,,
1111,510,Rhacophorus_monticola,,Anura,Rhacophoridae,VU,5.39836648537341,3.73616189799155,23.0662366316674,14.9902492834556,0.245892150272242,0.0767716049140286,20.5071439199526,0.842,1,1000,direct,Rhacophorus_monticola,False,False,,,
1114,2764,Hyloscirtus_sarampiona,Western Andes Treefrog,Anura,Hylidae,EN,5.37974632905208,6.36513409039403,10.7638974065666,12.1883371463988,0.493025181414307,0.280089237659967,9.7869141111054,0.57,1,1000,direct,Hyloscirtus_sarampiona,False,False,,,
1115,2627,Craugastor_galacticorhinus,White-snouted Robber Frog,Anura,Craugastoridae,EN,5.36228770634572,6.99774018117783,11.0775161587452,13.0104306656916,0.48459245354929,0.263678318038239,10.4800941376704,0.578,1,1000,direct,Craugastor_galacticorhinus,False,False,,,
1116,549,Micrixalus_swamianus,Kottigehar Bubble-nest Frog,Anura,Petropedetidae,VU,5.36127326532141,6.39298289975514,22.4709259109073,25.3673937653164,0.248099750019701,0.0726958467237502,22.0182143171238,0.847,1,1000,GBIF_accepted,Micrixalus_kottigeharensis,False,False,,,
1117,2883,Boophis_miadana,,Anura,Mantellidae,EN,5.35785170335418,6.14053008741984,10.4548302415227,13.1879658375538,0.470594194186837,0.285041563472071,9.93753188755859,0.567,1,1000,direct,Boophis_miadana,False,False,,,
1119,513,Gastrotheca_ovifera,,Anura,Hemiphractidae,VU,5.33485374810161,2.36559728367119,22.9943308984423,7.47695686207549,0.240349567901195,0.0759447170299619,20.1397689438457,0.924,1,1000,direct,Gastrotheca_ovifera,False,False,,,
1120,525,Boophis_andreonei,,Anura,Mantellidae,VU,5.33249792585181,1.91340102890723,22.812167569951,5.60160127870026,0.240224519122209,0.0790358733762336,22.64195756602,0.999,1,1000,direct,Boophis_andreonei,False,False,,,
1121,2596,Odorrana_anlungensis,Lungtou Frog,Anura,Ranidae,EN,5.32705998438932,3.60945651545689,11.1343883006064,4.17325950601498,0.495465611178415,0.29626920770672,10.0371821768721,0.738,1,1000,direct,Odorrana_anlungensis,False,False,,,
1123,2699,Thorius_macdougalli,MacDougall's Pigmy Salamander,Caudata,Plethodontidae,EN,5.31683137232211,3.10121916395416,10.9202787162555,3.06950396367546,0.477338974802817,0.282693240160637,6.7140752491871,0.813,1,1000,direct,Thorius_macdougalli,False,False,,,
1124,2641,Pristimantis_affinis,Cundinamarca Robber Frog,Anura,Strabomantidae,EN,5.30259209962618,3.56170294863201,11.0442508352704,4.73359721956574,0.488670182987714,0.277059693191882,9.94648429908959,0.711,1,1000,direct,Pristimantis_affinis,False,False,,,
1126,2819,Boophis_piperatus,,Anura,Mantellidae,EN,5.29434155828813,5.9518008709394,10.6215973763162,11.3677748973162,0.475060464888952,0.291693969481026,9.74089313582764,0.574,1,1000,direct,Boophis_piperatus,False,False,,,
1127,2772,Hydromantes_supramontis,Supramonte Cave Salamander,Caudata,Plethodontidae,EN,5.29399504796862,2.96541852991758,10.7453473264146,2.85101801455797,0.473112265919271,0.295996592053903,9.018190367336,0.792,1,1000,GBIF_accepted,Speleomantes_supramontis,False,False,,,
1128,2830,Oreophryne_monticola,Lombok Cross Frog,Anura,Microhylidae,EN,5.29349536549983,8.14777091060358,10.5960272467455,15.6190330442779,0.497416228974328,0.280182960609094,9.93656786255135,0.549,1,1000,direct,Oreophryne_monticola,False,False,,,
1129,2953,Pristimantis_lividus,Bruised Robber Frog,Anura,Strabomantidae,EN,5.29029717096287,7.13337233565752,10.3100735410152,14.1135354671076,0.479590231752292,0.289162451968642,12.0568393323566,0.549,1,1000,direct,Pristimantis_lividus,False,False,,,
1130,2651,Centrolene_condor,El Cóndor Glass Frog,Anura,Centrolenidae,EN,5.28867083574705,3.91980244925841,11.0281831432083,5.88226945183431,0.495212920336705,0.274532213179832,9.73514873120879,0.677,1,1000,direct,Centrolene_condor,False,False,,,
1131,2749,Atelognathus_praebasalticus,Zapala Frog,Anura,Batrachylidae,EN,5.28451694692594,6.81377701390128,10.7999183718382,12.7314287599854,0.498824368427745,0.293385440202795,10.8056841059273,0.58,1,1000,direct,Atelognathus_praebasalticus,False,False,,,
1132,2804,Alsodes_vanzolinii,Vanzolini's Spiny-chest Frog,Anura,Alsodidae,EN,5.27822077431579,3.39676633109825,10.6666777759765,4.55633584209626,0.502990666189135,0.291371025498673,9.77046857323335,0.662,1,1000,direct,Alsodes_vanzolinii,False,False,,,
1133,616,Micrixalus_elegans,Elegant Torrent Frog,Anura,Petropedetidae,VU,5.27621024817996,6.03568935455141,21.3500814656647,24.7563759268209,0.248099750019701,0.0724743604702095,21.347203252363,0.842,1,1000,direct,Micrixalus_elegans,False,False,,,
1134,2645,Craugastor_taurus,Golfito Robber Frog,Anura,Craugastoridae,EN,5.26678135164352,6.5342392212733,11.0377951947761,11.6939866079221,0.486731325124605,0.267900631409567,10.6512269332642,0.575,1,1000,direct,Craugastor_taurus,False,False,,,
1135,583,Micrixalus_narainensis,Kottigehar Bubble-nest Frog,Anura,Petropedetidae,VU,5.26386815353863,6.5712316795863,21.8957611022561,24.299888627735,0.247771617574897,0.0724008612142338,21.9621579592831,0.839,1,1000,GBIF_accepted,Micrixalus_kottigeharensis,False,False,,,
1136,2526,Pristimantis_acerus,Papallacta Robber Frog,Anura,Strabomantidae,EN,5.26181684778138,3.63292103573555,11.3047488098744,4.67467717905281,0.473166815814561,0.288236854869079,8.42062451347622,0.719,1,1000,direct,Pristimantis_acerus,False,False,,,
1137,2788,Hydromantes_flavus,Mount Albo's Cave Salamander,Caudata,Plethodontidae,EN,5.25389525048624,3.15486878527588,10.7086514741379,2.8232844040697,0.472813360979353,0.296981384960332,9.018190367336,0.792,1,1000,GBIF_accepted,Speleomantes_flavus,False,False,,,
1138,2941,Pseudophilautus_semiruber,,Anura,Rhacophoridae,EN,5.24817845382158,4.84401354807448,10.3363438763451,9.8310719400789,0.487789885160026,0.283707925745815,6.22260313183089,0.573,1,1000,direct,Pseudophilautus_semiruber,False,False,,,
1139,2862,Pseudoeurycea_werleri,Werler's Salamander,Caudata,Plethodontidae,EN,5.23413008837212,2.93940786748274,10.5102705955293,2.69638208931814,0.495628986648866,0.29273761600602,8.4025508992658,0.769,1,1000,direct,Pseudoeurycea_werleri,False,False,,,
1141,590,Micrixalus_gadgili,Gadgil's Torrent Frog,Anura,Petropedetidae,VU,5.22840067730096,6.06335873158709,21.7840542043778,24.7803739931248,0.247771617574897,0.0723149033481376,21.1522723362882,0.836,1,1000,direct,Micrixalus_gadgili,False,False,,,
1142,2711,Theloderma_nebulosum,Misty Moss Frog,Anura,Rhacophoridae,EN,5.2256247977022,3.2036246379765,10.8834169469591,4.93235181766484,0.472051599209105,0.281128786251028,10.3827578257354,0.681,1,1000,direct,Theloderma_nebulosum,False,False,,,
1144,2611,Eleutherodactylus_cubanus,Turquino Red-armed Frog,Anura,Eleutherodactylidae,EN,5.20911836599778,3.18448408383824,11.101015798199,3.04626344114196,0.480412608069097,0.258752935215016,10.8400698807719,0.822,1,1000,direct,Eleutherodactylus_cubanus,False,False,,,
1146,2876,Pseudophilautus_macropus,Bigfoot Shrub Frog,Anura,Rhacophoridae,EN,5.19039438588543,5.46814507433466,10.4742903746152,9.72743887140103,0.487266487211265,0.283320632322118,8.41129521648958,0.569,1,1000,direct,Pseudophilautus_macropus,False,False,,,
1147,2839,Rugosa_susurra,,Anura,Ranidae,EN,5.18487022688447,5.88355805882973,10.5550637154633,10.9191615366775,0.500253798764943,0.289449126604459,10.1302700821639,0.567,1,1000,GBIF_accepted,Glandirana_susurra,False,False,,,
1148,2763,Craugastor_rayo,Sabana Robber Frog,Anura,Craugastoridae,EN,5.17719869307639,5.81716237924352,10.7697888568458,11.5373649104942,0.48459245354929,0.267462386045214,9.3056589493324,0.56,1,1000,direct,Craugastor_rayo,False,False,,,
1149,2877,Telmatobius_zapahuirensis,Zapahuira Water Frog,Anura,Telmatobiidae,EN,5.17630437540995,4.46818662680637,10.4728150535896,7.34946344372892,0.492281920017614,0.292747710491631,9.42607837760528,0.607,1,1000,direct,Telmatobius_zapahuirensis,False,False,,,
1150,2808,Stereocyclops_palmipes,,Anura,Microhylidae,EN,5.17338748090226,7.87821405441198,10.6605793495578,16.4763207186645,0.479863238706463,0.283238021895991,13.884343734974,0.549,1,1000,direct,Stereocyclops_palmipes,False,False,,,
1151,2893,Boophis_sandrae,,Anura,Mantellidae,EN,5.16662898095666,5.75207834424112,10.4339797821056,10.8539487104668,0.471095560800427,0.285478182027353,9.67094711413611,0.567,1,1000,direct,Boophis_sandrae,False,False,,,
1152,2797,Pleurodeles_poireti,Edough Ribbed Newt,Caudata,Salamandridae,EN,5.16549628835933,3.11532270140839,10.6946686280291,3.52110228702639,0.471222188353563,0.297790706088696,10.599654091512,0.717,1,1000,direct,Pleurodeles_poireti,False,False,,,
1153,2930,Nyctibatrachus_danieli,Daniel's Night Frog,Anura,Nyctibatrachidae,EN,5.16265487429117,2.92544883023194,10.3709086804592,3.09764268699367,0.49186204244088,0.284905088288895,10.600667078456,0.705,1,1000,direct,Nyctibatrachus_danieli,False,False,,,
1154,2852,Ptychohyla_legleri,,Anura,Hylidae,EN,5.16018458877393,5.03665890481938,10.5316894562916,9.94670303954663,0.493745558122167,0.272852495512282,8.09564838561227,0.581,1,1000,GBIF_iucn_link,Ptychohyla_legleri,False,False,,,
1155,2817,Duellmanohyla_chamulae,Chamula Mountain Brook Frog,Anura,Hylidae,EN,5.14868929621333,5.54108994547347,10.6312807503055,9.82730243320368,0.492500497418529,0.272520328824018,8.55383064466213,0.582,1,1000,direct,Duellmanohyla_chamulae,False,False,,,
1156,608,Stumpffia_staffordi,,Anura,Microhylidae,VU,5.14449198507536,2.20231299656997,21.4785265303324,6.67638431967884,0.243813709664193,0.0787293927728256,19.299944821575,0.977,1,1000,direct,Stumpffia_staffordi,False,False,,,
1157,2937,Pristimantis_satagius,,Anura,Strabomantidae,EN,5.14150987588125,5.56361473777588,10.3553262647737,10.8303183700871,0.473756760775691,0.282445308953356,8.56934573842467,0.561,1,1000,direct,Pristimantis_satagius,False,False,,,
1159,2756,Pseudoeurycea_lineola,Veracruz Worm Salamander,Caudata,Plethodontidae,EN,5.13843504952886,3.49953157715197,10.7891651794881,4.28882163034819,0.49589498109926,0.292348134258359,8.32357923938895,0.699,1,1000,direct,Pseudoeurycea_lineola,False,False,,,
1160,2827,Gephyromantis_thelenae,,Anura,Mantellidae,EN,5.13539227716589,2.99448079980662,10.6025383116391,3.70244315762787,0.46863574988585,0.293297226935471,6.1529218937212,0.708,1,1000,direct,Gephyromantis_thelenae,False,False,,,
1161,3033,Allobates_alessandroi,,Anura,Dendrobatidae,EN,5.13292874581654,6.74817215733383,10.1336733870424,13.3957079532793,0.482459668558332,0.280594052187608,9.67604113045369,0.551,1,1000,GBIF_iucn_link,Allobates_alessandroi,False,False,,,
1162,645,Myersiohyla_aromatica,,Anura,Hylidae,VU,5.13014864126899,7.34652241767689,20.9047837443598,31.396434834479,0.245776599272284,0.0762207165655126,17.4210469880233,0.773,1,1000,direct,Myersiohyla_aromatica,False,False,,,
1164,552,Oreolalax_rhodostigmatus,,Anura,Megophryidae,VU,5.12788545670164,3.26876474620221,22.4222280427746,12.3122572978982,0.24317165544529,0.0769406047037054,18.3807722660729,0.88,1,1000,direct,Oreolalax_rhodostigmatus,False,False,,,
1165,639,Celsiella_revocata,El Tovar Glass Frog,Anura,Centrolenidae,VU,5.11647259481029,2.26798792191438,20.9839371855539,8.23157663265578,0.242342888365872,0.0769547255440731,15.127621712961,1.0,1,1000,direct,Celsiella_revocata,False,False,,,
1167,2849,Craugastor_glaucus,,Anura,Craugastoridae,EN,5.11194656272575,5.94714125849051,10.5416025322307,11.1323222739423,0.487404728628316,0.271813697360609,9.24599366925304,0.573,1,1000,direct,Craugastor_glaucus,False,False,,,
1168,2821,Allobates_ignotus,Nurse Frog of the Serranía de Perijá,Anura,Dendrobatidae,EN,5.10881461305095,6.03422926163496,10.6200872890464,10.8621725570617,0.481745380117872,0.282115649659256,9.49027725266955,0.563,1,1000,direct,Allobates_ignotus,False,False,,,
1169,2962,Brachycephalus_margaritatus,,Anura,Brachycephalidae,EN,5.10796993816677,8.30899989493682,10.2944206490186,16.2690426137582,0.477781329749926,0.263653379835022,12.665469914669,0.554,1,1000,direct,Brachycephalus_margaritatus,False,False,,,
1171,2746,Raorchestes_tinniens,Spotted Bush Frog,Anura,Rhacophoridae,EN,5.1002846631356,3.5739854747476,10.809475706222,4.57199772123266,0.478664825137116,0.28342953103228,7.41467327972822,0.691,1,1000,direct,Raorchestes_tinniens,False,False,,,
1172,2485,Peltophryne_cataulaciceps,Cuban Pine Toad,Anura,Bufonidae,EN,5.09765772497921,3.71772088615137,11.4109112961736,5.07864837231518,0.494929850793169,0.274248430605883,8.0943600461745,0.713,1,1000,direct,Peltophryne_cataulaciceps,False,False,,,
1173,2767,Pristimantis_quantus,,Anura,Strabomantidae,EN,5.09754387916762,4.32949367852961,10.7556131739418,7.55797830529717,0.486120002136562,0.281348543730797,9.67385961005875,0.601,1,1000,direct,Pristimantis_quantus,False,False,,,
1174,2725,Raorchestes_signatus,Cross-backed Bush Frog,Anura,Rhacophoridae,EN,5.09534667898998,3.52988569782096,10.8416738739588,4.4607690686857,0.478835414125139,0.284438091928022,7.7300606266805,0.709,1,1000,direct,Raorchestes_signatus,False,False,,,
1175,627,Pleurodema_marmoratum,Marbled Four-eyed Frog,Anura,Leptodactylidae,VU,5.08980521762694,2.15969462875007,21.1958335441762,7.46773418817981,0.24475592016402,0.0767489196061615,21.571086325962,0.992,1,1000,direct,Pleurodema_marmoratum,False,False,,,
1177,2816,Gephyromantis_eiselti,Eiselt's Madagascar Frog,Anura,Mantellidae,EN,5.08573520307314,3.00663563707983,10.6323695926469,3.67509928106859,0.46863574988585,0.293221013935176,4.6110739811642,0.694,1,1000,direct,Gephyromantis_eiselti,False,False,,,
1178,2709,Thorius_pennatulus,Veracruz Pigmy Salamander,Caudata,Plethodontidae,EN,5.08354348768195,2.86153467825243,10.8895218855552,3.02785513597362,0.479309049644457,0.290814291753277,5.51499516075235,0.76,1,1000,direct,Thorius_pennatulus,False,False,,,
1180,2986,Probreviceps_rhodesianus,Forest Rain Frog,Anura,Brevicipitidae,EN,5.07872910361921,5.27091983907819,10.251259029435,9.95256856183626,0.490890241210987,0.266118549058707,10.9055890015676,0.567,1,1000,direct,Probreviceps_rhodesianus,False,False,,,
1181,3040,Heleioporus_australiacus,Eastern Owl Frog,Anura,Myobatrachidae,EN,5.07496201277844,7.72278722537984,10.1164820992261,15.9570422347588,0.48324233593914,0.286503163745603,13.4952235636699,0.536,1,1000,direct,Heleioporus_australiacus,False,False,,,
1182,2957,Colostethus_ucumari,,Anura,Dendrobatidae,EN,5.07362742999553,6.28598701802929,10.3035256955282,11.9489951814962,0.482904011072377,0.283244951623188,9.83870161925569,0.551,1,1000,direct,Colostethus_ucumari,False,False,,,
1183,2914,Pseudoeurycea_mystax,Mustache False Brook Salamander,Caudata,Plethodontidae,EN,5.07024036751897,2.87357512197847,10.4037840507945,2.78234478052765,0.49589498109926,0.29273761600602,6.8125132778837,0.743,1,1000,direct,Pseudoeurycea_mystax,False,False,,,
1185,3003,Nyctibatrachus_sanctipalustris,Coorg Night Frog,Anura,Nyctibatrachidae,EN,5.0564258118797,2.63292733618169,10.2193004719919,2.95982247065298,0.492735187929686,0.283806650382103,8.202068750358,0.693,1,1000,direct,Nyctibatrachus_sanctipalustris,False,False,,,
1187,3018,Nyctibatrachus_karnatakaensis,Giant Wrinkled Frog,Anura,Nyctibatrachidae,EN,5.04789117328611,2.81461710435353,10.1759689932129,2.82615442912366,0.49186204244088,0.28330317359696,8.202068750358,0.696,1,1000,direct,Nyctibatrachus_karnatakaensis,False,False,,,
1188,2956,Atelopus_nahumae,,Anura,Bufonidae,EN,5.04612409606423,4.97476863262339,10.3048058840704,8.61624508322204,0.490312360283627,0.290073840525915,5.22349900368456,0.579,1,1000,direct,Atelopus_nahumae,False,False,,,
1189,3087,Pseudophilautus_silus,,Anura,Rhacophoridae,EN,5.04604176274169,4.26502761432723,10.0278045976707,8.17163356051187,0.485799540234085,0.282588400313072,6.97838666956092,0.556,1,1000,GBIF_iucn_link,Pseudophilautus_silus,False,False,,,
1190,2742,Eleutherodactylus_sommeri,Massif du Nord Whistling Frog,Anura,Eleutherodactylidae,EN,5.04361907625365,2.95776643491601,10.815529479576,4.22989314377627,0.478023799306367,0.255790446756624,6.678826518134,0.701,1,1000,direct,Eleutherodactylus_sommeri,False,False,,,
1191,2792,Oreolalax_multipunctatus,,Anura,Megophryidae,EN,5.04230242671447,3.11061346297148,10.6986408185742,3.62789246916887,0.486284962216194,0.279600187700761,10.1312918423848,0.714,1,1000,direct,Oreolalax_multipunctatus,False,False,,,
1192,2966,Odorrana_supranarina,Greater Tip-nosed Frog,Anura,Ranidae,EN,5.03531960518874,2.96112010848759,10.2856471634333,2.96647938617195,0.496217463674415,0.295095160725581,8.8076766930332,0.707,1,1000,direct,Odorrana_supranarina,False,False,,,
1193,3053,Adenomus_dasi,,Anura,Bufonidae,EN,5.03427534121153,4.37387903187685,10.0880327074434,7.41463822329039,0.490340567076978,0.273242534711798,7.58851615172879,0.555,1,1000,GBIF_accepted,Adenomus_kandianus,False,False,,,
1194,597,Quasipaa_yei,Ye's Spiny-vented Frog,Anura,Dicroglossidae,VU,5.02822706411228,2.20201312391931,21.6355197422407,5.68233169902158,0.245394082208774,0.0785443930714144,20.3683067835466,0.962,1,1000,direct,Quasipaa_yei,False,False,,,
1195,2719,Eleutherodactylus_tychathrous,Vallejuelo Burrowing Frog,Anura,Eleutherodactylidae,EN,5.02578860430747,5.07772557814833,10.8597375331899,8.75518275956169,0.479724149359584,0.261424071694522,7.5740731423152,0.585,1,1000,direct,Eleutherodactylus_tychathrous,False,False,,,
1196,2841,Caecilia_abitaguae,Abitagua Caecilian,Gymnophiona,Caeciliidae,EN,5.02340856899721,6.90433840389425,10.5538509120777,14.5192666711444,0.484550798282824,0.276868627295389,12.0422009884609,0.552,1,1000,direct,Caecilia_abitaguae,False,False,,,
1197,3128,Osornophryne_simpsoni,Simpson’s Plumb Toad,Anura,Bufonidae,EN,5.0206097010327,2.81060138438398,9.94906510541515,2.56945667157363,0.496123372566916,0.291326878215937,9.645679953825,0.666,1,1000,direct,Osornophryne_simpsoni,False,False,,,
1198,2920,Boophis_solomaso,,Anura,Mantellidae,EN,5.0117495941631,5.72353960185203,10.3914728522972,10.5527813972164,0.473513272061105,0.290839715722949,10.3254001252412,0.569,1,1000,direct,Boophis_solomaso,False,False,,,
1200,2909,Pristimantis_myops,,Anura,Strabomantidae,EN,5.00119402762058,3.48567130066303,10.407953526582,5.27114140759864,0.486731325124605,0.281248681732042,9.65175963863045,0.646,1,1000,direct,Pristimantis_myops,False,False,,,
1203,2760,Bolitoglossa_meliana,,Caudata,Plethodontidae,EN,4.99108359885114,3.2754739861968,10.7798203288527,3.66584877633178,0.492589425852095,0.291315951495114,8.8163385341089,0.717,1,1000,direct,Bolitoglossa_meliana,False,False,,,
1204,2996,Boophis_andrangoloaka,,Anura,Mantellidae,EN,4.99008157368141,3.445173184505,10.2330813418905,4.68150302437961,0.473513272061105,0.290224302315575,3.77035436772505,0.609,1,1000,direct,Boophis_andrangoloaka,False,False,,,
1205,3196,Boophis_haingana,,Anura,Mantellidae,EN,4.98318516476288,5.92402966385287,9.81347439361434,11.3665388479726,0.475060464888952,0.291477875834344,9.29264990815354,0.54,1,1000,direct,Boophis_haingana,False,False,,,
1206,602,Boophis_ulftunni,,Anura,Mantellidae,VU,4.98128450448179,2.12850479318282,21.5955408644235,6.35122151328877,0.238481760883011,0.0782903422692299,12.0181632598162,0.976,1,1000,direct,Boophis_ulftunni,False,False,,,
1209,587,Haddadus_aramunha,,Anura,Craugastoridae,VU,4.96104366838531,2.80313282718126,21.8320891661761,10.5294535227606,0.242804742248917,0.0752858773299648,17.6830264123028,0.918,1,1000,direct,Haddadus_aramunha,False,False,,,
1210,2837,Pseudophilautus_sarasinorum,Müller's Shrub Frog,Anura,Rhacophoridae,EN,4.95767768590244,3.28031081176118,10.5738674664411,4.1665273202703,0.486727872494886,0.284164266688734,8.0674176838805,0.667,1,1000,direct,Pseudophilautus_sarasinorum,False,False,,,
1211,3289,Pseudophilautus_nemus,,Anura,Rhacophoridae,EN,4.95689227583871,4.8954392198954,9.60102258297949,8.41522974167776,0.483561831072175,0.28332087062217,7.31925879912003,0.533,1,1000,direct,Pseudophilautus_nemus,False,False,,,
1212,2908,Pseudophilautus_alto,Horton Plains Shrub Frog,Anura,Rhacophoridae,EN,4.94481755486507,3.1426112435791,10.4087353154549,4.68582834060689,0.487789885160026,0.284061532925138,6.93463993982351,0.635,1,1000,direct,Pseudophilautus_alto,False,False,,,
1213,3052,Lyciasalamandra_flavimembris,Marmraris Lycia Salamander,Caudata,Salamandridae,EN,4.93315414725607,3.09645089622646,10.0881498093701,3.40594419838191,0.480273846992487,0.289614602810047,8.82904488605435,0.656,1,1000,direct,Lyciasalamandra_flavimembris,False,False,,,
1215,3030,Boophis_rhodoscelis,Betsileo Bright-eyed Frog,Anura,Mantellidae,EN,4.91983412393041,3.36070486347121,10.1387897637529,4.71964354613378,0.472051599209105,0.29000120703275,3.7031452341831,0.611,1,1000,direct,Boophis_rhodoscelis,False,False,,,
1216,646,Boophis_miniatus,Tiny Bright-eyed Frog,Anura,Mantellidae,VU,4.9079173210615,1.91988951058995,20.8948314150234,6.15210790023838,0.238180343994695,0.0784116627361409,20.1548734075855,0.987,1,1000,direct,Boophis_miniatus,False,False,,,
1217,2972,Silverstoneia_punctiventris,,Anura,Dendrobatidae,EN,4.90663732551702,5.40243860877866,10.2779636146957,9.94762528339712,0.481056921408359,0.280594052187608,9.12891931488871,0.557,1,1000,direct,Silverstoneia_punctiventris,False,False,,,
1218,2943,Afrixalus_knysnae,Knysna Leaf-folding Frog,Anura,Hyperoliidae,EN,4.89255650551391,5.30094717073416,10.3357446239341,10.2991127477392,0.488884130876556,0.276096932798904,9.59206225673915,0.546,1,1000,direct,Afrixalus_knysnae,False,False,,,
1219,3229,Engystomops_coloradorum,Colorado Dwarf Frog,Anura,Leptodactylidae,EN,4.89222800406058,2.87370397214976,9.72301400163272,2.94130886920312,0.490183656289765,0.285017573879723,9.07242334664,0.594,1,1000,direct,Engystomops_coloradorum,False,False,,,
1220,2843,Gastrotheca_espeletia,North Shore Marsupial Frog,Anura,Hemiphractidae,EN,4.89089337287031,6.20855815413697,10.55196958121,11.2773538762629,0.476159503298112,0.267013040560895,9.67725771335903,0.558,1,1000,direct,Gastrotheca_espeletia,False,False,,,
1221,2954,Thorius_minydemus,,Caudata,Plethodontidae,EN,4.89002474688008,2.88929109911148,10.3066501555157,2.94724790959502,0.479019760385486,0.288774979813439,1.64353736478773,0.709,1,1000,direct,Thorius_minydemus,False,False,,,
1222,2944,Plectrohyla_ameibothalame,Mixteca Alta Treefrog,Anura,Hylidae,EN,4.88337404349261,3.9178862405482,10.3345796750426,6.33511431346265,0.49532741591327,0.272578089251908,6.44169219692949,0.595,1,1000,GBIF_accepted,Sarcohyla_ameibothalame,False,False,,,
1224,3051,Lyciasalamandra_billae,Bille's Salamander,Caudata,Salamandridae,EN,4.86831181984228,2.88571968948606,10.0895736377601,3.2778992447743,0.480273846992487,0.293070401579996,9.31265014407355,0.644,1,1000,direct,Lyciasalamandra_billae,False,False,,,
1225,3081,Pseudohynobius_jinfo,Jinfo Salamander,Caudata,Hynobiidae,EN,4.86751716137824,3.0041348159886,10.0369278776258,3.55903596831614,0.481399728517854,0.284815567463089,6.0990093458165,0.629,1,1000,direct,Pseudohynobius_jinfo,False,False,,,
1226,3138,Eleutherodactylus_notidodes,Neiba Telegraph Frog,Anura,Eleutherodactylidae,EN,4.86435828394195,4.78369679733995,9.92107715138478,8.73487838682686,0.479724149359584,0.261772326743189,8.57015432380559,0.545,1,1000,direct,Eleutherodactylus_notidodes,False,False,,,
1227,3123,Leptobrachium_ngoclinhense,,Anura,Megophryidae,EN,4.86261159951799,2.73797706207893,9.95617358500398,2.80688579287067,0.485671762313081,0.279879839215745,8.485540344833,0.665,1,1000,direct,Leptobrachium_ngoclinhense,False,False,,,
1228,3068,Hyloxalus_fuliginosus,,Anura,Dendrobatidae,EN,4.86078757676388,6.82376263268195,10.0668408469163,12.5619581872717,0.473934003899485,0.284301614456144,8.31584402197321,0.532,1,1000,direct,Hyloxalus_fuliginosus,False,False,,,
1229,3026,Lyciasalamandra_fazilae,Fazila's Salamander,Caudata,Salamandridae,EN,4.85964346949079,3.03381039436417,10.1576925654967,3.33437011187194,0.479309049644457,0.289397541528674,8.94825901307062,0.649,1,1000,direct,Lyciasalamandra_fazilae,False,False,,,
1230,3375,Amolops_monticola,Mountain Cascade Frog,Anura,Ranidae,EN,4.85647684173748,7.09266816738858,9.46824151985507,12.7850979264868,0.497076692493722,0.297208655101213,12.8075145924021,0.511,1,1000,direct,Amolops_monticola,False,False,,,
1231,3077,Oedipina_carablanca,Los Diamantes Worm Salamander,Caudata,Plethodontidae,EN,4.85623632170475,3.391506483137,10.0432143482987,4.71068746613976,0.477050243744744,0.29118004966733,8.20541459400124,0.586,1,1000,direct,Oedipina_carablanca,False,False,,,
1232,3115,Leptobrachium_buchardi,Buchard’s Spadefoot Toad,Anura,Megophryidae,EN,4.85485729979172,2.69564283308737,9.96429724929633,2.76415333927125,0.485671762313081,0.2784898757962,8.531940672323,0.663,1,1000,direct,Leptobrachium_buchardi,False,False,,,
1233,3111,Plectrohyla_lacertosa,,Anura,Hylidae,EN,4.83788309671557,4.80797744905846,9.97688896801692,8.87050295794813,0.49314630222302,0.271490630799793,6.81067690558975,0.547,1,1000,direct,Plectrohyla_lacertosa,False,False,,,
1235,2890,Pristimantis_dissimulatus,Bright-colored Cutin,Anura,Strabomantidae,EN,4.83249144533824,4.7282334226245,10.438170565375,9.43902959317766,0.483947265841738,0.288226735896906,8.72445071389585,0.545,1,1000,direct,Pristimantis_dissimulatus,False,False,,,
1236,3005,Desmognathus_planiceps,Flat-headed Salamander,Caudata,Plethodontidae,EN,4.83142261825837,2.96287030253596,10.2185204709624,3.5697826291984,0.468023357455445,0.297434558971454,10.0127076346325,0.66,1,1000,direct,Desmognathus_planiceps,False,False,,,
1239,3146,Truebella_tothastes,,Anura,Bufonidae,EN,4.8253391437518,7.57493116961907,9.90866853064625,15.2779168519465,0.499365004132973,0.274292783041598,6.73953320042064,0.539,1,1000,direct,Truebella_tothastes,False,False,,,
1240,689,Echinotriton_andersoni,,Caudata,Salamandridae,VU,4.8223285848796,1.74706289034932,20.3852363941388,4.66925247548944,0.238588165724441,0.0800880119541196,13.528489475883,1.0,1,1000,direct,Echinotriton_andersoni,False,False,,,
1241,3078,Bolitoglossa_zapoteca,Zapotec Salamander,Caudata,Plethodontidae,EN,4.81470516499448,3.19990528995807,10.0414711121632,3.74249943002622,0.49589498109926,0.290005147908254,9.2534207905471,0.622,1,1000,direct,Bolitoglossa_zapoteca,False,False,,,
1244,3173,Platymantis_spelaeus,Cave Wrinkled Ground Frog,Anura,Ceratobatrachidae,EN,4.80984180282922,6.85075536943395,9.84736304464107,13.0231163452371,0.497307899702545,0.280053635832681,11.4622816657322,0.528,1,1000,direct,Platymantis_spelaeus,False,False,,,
1246,3225,Cophixalus_hosmeri,Pipping Nursery-Frog,Anura,Microhylidae,EN,4.80455901754053,6.89390422617752,9.73506213332035,13.190896203592,0.497416228974328,0.268562769943508,11.1840557759074,0.525,1,1000,direct,Cophixalus_hosmeri,False,False,,,
1247,3258,Platymantis_diesmosi,,Anura,Ceratobatrachidae,EN,4.80188446428047,6.78605141006106,9.66228463339676,12.7097479931586,0.498411802408894,0.280479238950686,11.1814069250445,0.515,1,1000,direct,Platymantis_diesmosi,False,False,,,
1248,3335,Platymantis_lawtoni,Lawton's Wrinkled Ground Frog,Anura,Ceratobatrachidae,EN,4.79845735712625,6.85792402271083,9.52231928694444,13.4298909252936,0.487898983171352,0.279410905693925,11.2135856168887,0.516,1,1000,direct,Platymantis_lawtoni,False,False,,,
1249,3476,Ingerana_sariba,Saribau Eastern Frog,Anura,Ceratobatrachidae,EN,4.79291782901799,6.78555918900195,9.30002381793336,13.3987511030047,0.49785401545795,0.275978103266717,12.709946369591,0.509,1,1000,GBIF_accepted,Alcalus_sariba,False,False,,,
1250,3103,Thorius_narisovalis,Cerro San Felipe Pigmy Salamander,Caudata,Plethodontidae,EN,4.7797630711411,2.75202380108105,10.0032521520212,2.70837060226449,0.477656767235656,0.288575336099227,6.2279100010152,0.688,1,1000,direct,Thorius_narisovalis,False,False,,,
1251,3062,Leptolalax_sabahmontanus,,Anura,Megophryidae,EN,4.77574553316865,3.15795406946597,10.0758317245182,4.28001085524532,0.489249515567248,0.282743034338752,9.034033262058,0.602,1,1000,GBIF_accepted,Leptobrachella_sabahmontana,False,False,,,
1252,685,Osteopilus_crucialis,,Anura,Hylidae,VU,4.77138430861321,2.14506690584824,20.4296669982497,6.55953416612412,0.24457111446312,0.0744206746567023,19.6655659724336,0.944,1,1000,direct,Osteopilus_crucialis,False,False,,,
1253,2936,Mannophryne_riveroi,,Anura,Dendrobatidae,EN,4.76964555980791,3.00657273171459,10.3613699965493,4.40871384142477,0.475264491404689,0.26900036399392,7.92203709752263,0.625,1,1000,direct,Mannophryne_riveroi,False,False,,,
1255,3227,Hyloscirtus_piceigularis,Rio Luisito Treefrog,Anura,Hylidae,EN,4.75746286088758,6.80626598979836,9.72753141013989,13.2295774969595,0.493392193319404,0.280534978519978,9.35690638968407,0.528,1,1000,direct,Hyloscirtus_piceigularis,False,False,,,
1256,3222,Ambystoma_lermaense,Lake Lerma Salamander,Caudata,Ambystomatidae,EN,4.7513121836141,6.68078130459229,9.74256014583416,12.6701730468136,0.467900330713624,0.296503757322965,10.6577630816288,0.517,1,1000,direct,Ambystoma_lermaense,False,False,,,
1259,698,Cynops_cyanurus,,Caudata,Salamandridae,VU,4.74332610383182,1.76089893111418,20.2346617952212,4.81792327229343,0.238888060242728,0.0792187397551221,17.1870022970752,1.0,1,1000,GBIF_iucn_link,Cynops_cyanurus,False,False,,,
1260,3295,Ptychohyla_erythromma,Guerreran Stream Frog,Anura,Hylidae,EN,4.7397583411447,5.36567427669406,9.59143650242887,9.93363812607167,0.49314630222302,0.272041933722285,7.56741465771563,0.52,1,1000,GBIF_accepted,Quilticohyla_erythromma,False,False,,,
1261,3242,Pristimantis_renjiforum,,Anura,Strabomantidae,EN,4.73830259184982,5.50239356443031,9.69287404804677,10.4062835673547,0.487060542764019,0.288837894832462,8.4052890764199,0.522,1,1000,direct,Pristimantis_renjiforum,False,False,,,
1262,3312,Plectrohyla_thorectes,,Anura,Hylidae,EN,4.72786908343469,4.75751567624238,9.55987795619663,8.87804216700097,0.49314630222302,0.273056484353641,5.6849309094175,0.519,1,1000,GBIF_accepted,Sarcohyla_thorectes,False,False,,,
1263,3161,Incilius_chompipe,,Anura,Bufonidae,EN,4.72376070772474,2.72066055707388,9.87291250364365,2.92134432197976,0.501016967705638,0.273909851599919,9.3604905626858,0.635,1,1000,direct,Incilius_chompipe,False,False,,,
1265,3290,Pseudophilautus_fulvus,Knuckles Shrub Frog,Anura,Rhacophoridae,EN,4.71989682067252,4.2926454163209,9.5985552412094,7.33795661028512,0.483288348252963,0.28332087062217,7.05376681195319,0.522,1,1000,direct,Pseudophilautus_fulvus,False,False,,,
1266,3157,Eleutherodactylus_erythroproctus,Camarones Red-legged Frog,Anura,Eleutherodactylidae,EN,4.7196948905802,4.99451062000285,9.88888316814914,9.45839669988623,0.48154342133153,0.261626089223275,6.30946561636925,0.535,1,1000,direct,Eleutherodactylus_erythroproctus,False,False,,,
1268,3046,Brachycephalus_pulex,Flea Toad,Anura,Brachycephalidae,EN,4.69924984230416,7.84481433464444,10.0964596403772,15.3222956350816,0.476851610225868,0.263465368856675,11.5323017614966,0.539,1,1000,direct,Brachycephalus_pulex,False,False,,,
1269,3298,Colostethus_ramirezi,,Anura,Dendrobatidae,EN,4.69872652397102,6.17105991179315,9.58859508945472,13.3126892169076,0.479310888955027,0.277049953817277,10.2452641047782,0.521,1,1000,GBIF_accepted,Leucostethus_ramirezi,False,False,,,
1271,3186,Eleutherodactylus_hedricki,Hedrick's Coqui,Anura,Eleutherodactylidae,EN,4.68189215612253,2.75542035374523,9.82684189548125,3.28107767820688,0.48154342133153,0.261372163142437,9.4762100060004,0.603,1,1000,direct,Eleutherodactylus_hedricki,False,False,,,
1272,3355,Limnonectes_namiyei,,Anura,Dicroglossidae,EN,4.68187617195065,3.32326054583587,9.48864085451812,5.07785895932502,0.497076692493722,0.292299538190207,8.64664266315404,0.54,1,1000,direct,Limnonectes_namiyei,False,False,,,
1274,3377,Pseudophilautus_cuspis,Sharp-snouted Shrub Frog,Anura,Rhacophoridae,EN,4.67165463408079,4.50172712258319,9.46774644673375,8.4736023247969,0.486727872494886,0.281473959800318,6.9589811119228,0.527,1,1000,direct,Pseudophilautus_cuspis,False,False,,,
1276,2903,Hyloxalus_ramosi,Ramos' Rocket Frog,Anura,Dendrobatidae,EN,4.67041059729019,6.02264312317123,10.4193463510101,10.6115215273241,0.478205861842951,0.287908226046712,7.00033884835295,0.55,1,1000,direct,Hyloxalus_ramosi,False,False,,,
1277,3273,Ambystoma_rivulare,Michoacan Stream Salamander,Caudata,Ambystomatidae,EN,4.67028257760788,6.85270715561756,9.64201668371284,13.3534032335068,0.468981847956093,0.297743744852332,11.7890174030595,0.524,1,1000,direct,Ambystoma_rivulare,False,False,,,
1278,3342,Silverstoneia_dalyi,,Anura,Dendrobatidae,EN,4.66849843936376,5.45232213826799,9.51311431806793,10.618765561203,0.483345061909206,0.283305211970726,9.54940880935086,0.511,1,1000,direct,Silverstoneia_dalyi,False,False,,,
1279,737,Hylarana_macrops,,Anura,Ranidae,VU,4.65272326564129,7.35141503655225,19.9209311378366,31.9986022627865,0.246378321381226,0.077139914188891,20.6375435581813,0.757,1,1000,GBIF_accepted,Chalcorana_macrops,False,False,,,
1283,3260,Plectrohyla_pokomchi,Rio Sananja Spikethumb Frog,Anura,Hylidae,EN,4.63303346218069,4.66504232415826,9.65951735372384,8.12627430435299,0.49532741591327,0.273056484353641,6.26143119808202,0.536,1,1000,direct,Plectrohyla_pokomchi,False,False,,,
1284,3309,Rhacophorus_helenae,Helen’s Flying Treefrog,Anura,Rhacophoridae,EN,4.63291922739364,3.29358787167323,9.5645736571108,5.28699353451058,0.495927425814087,0.28212138779514,9.15736964853149,0.549,1,1000,direct,Rhacophorus_helenae,False,False,,,
1285,3151,Plectrohyla_psiloderma,,Anura,Hylidae,EN,4.63245056023667,5.02502698067145,9.90273149999144,9.0369805704178,0.49462695674353,0.273697077116008,6.86153370009866,0.529,1,1000,direct,Plectrohyla_psiloderma,False,False,,,
1286,3494,Philautus_erythrophthalmus,,Anura,Rhacophoridae,EN,4.62943534374444,6.85174854123595,9.26521765645605,13.0631033284356,0.486727872494886,0.288084328677661,10.0404785814756,0.504,1,1000,direct,Philautus_erythrophthalmus,False,False,,,
1287,3354,Phrynobatrachus_pakenhami,Pakenham's River Frog,Anura,Phrynobatrachidae,EN,4.62589724003667,3.3199499861855,9.48951274323839,5.51720900337047,0.501131079429359,0.269813005229727,8.60228171736193,0.526,1,1000,direct,Phrynobatrachus_pakenhami,False,False,,,
1289,735,Craugastor_uno,Savage's Robber Frog,Anura,Craugastoridae,VU,4.62366734518952,3.14827415907916,19.9649273762183,11.7094756834907,0.242767200832033,0.0754262543779286,14.1341606780478,0.832,1,1000,direct,Craugastor_uno,False,False,,,
1290,3358,Batrachoseps_regius,Kings River Slender Salamander,Caudata,Plethodontidae,EN,4.61302210937043,2.70701198919709,9.48162502935169,2.89062027660017,0.47522909821409,0.293847870705823,9.2746873578085,0.565,1,1000,direct,Batrachoseps_regius,False,False,,,
1291,704,Pristimantis_simonsii,Paramo Andes Frog,Anura,Strabomantidae,VU,4.61273022967773,4.18379569668843,20.1840077020352,18.0954538754959,0.239446375814276,0.0777113545092411,16.1096320348954,0.77,1,1000,direct,Pristimantis_simonsii,False,False,,,
1292,3170,Pachytriton_moi,Mo's Stout Newt,Caudata,Salamandridae,EN,4.61146216831126,2.71253594339926,9.85385910493422,2.931796775317,0.473112265919271,0.287932490058617,8.90934754609655,0.63,1,1000,direct,Pachytriton_moi,False,False,,,
1295,674,Eleutherodactylus_ricordii,Oriente Yellow-mottled Frog,Anura,Eleutherodactylidae,VU,4.59867443921896,2.62423393509045,20.6260376520241,10.0535747328058,0.242193826954269,0.0752761133984122,6.69386107754636,0.844,1,1000,direct,Eleutherodactylus_ricordii,False,False,,,
1296,3329,Probreviceps_macrodactylus,Usambara Big-fingered Frog,Anura,Brevicipitidae,EN,4.59369309770917,3.32354116571001,9.52809629978487,4.7254232324512,0.490890241210987,0.265715043944842,3.66513484049739,0.532,1,1000,direct,Probreviceps_macrodactylus,False,False,,,
1297,3538,Philautus_cornutus,Horned Bubble-nest Frog,Anura,Rhacophoridae,EN,4.58330719042107,5.76884397652787,9.18825855941328,11.3721692260063,0.485799540234085,0.289266867990559,9.63557787135884,0.508,1,1000,direct,Philautus_cornutus,False,False,,,
1298,3478,Probreviceps_loveridgei,,Anura,Brevicipitidae,EN,4.58221963486344,3.20359434238205,9.29835898960927,4.88485050933962,0.490183656289765,0.266334468741752,3.5798372317393,0.513,1,1000,direct,Probreviceps_loveridgei,False,False,,,
1299,3127,Eleutherodactylus_grandis,Great Peeping Frog,Anura,Eleutherodactylidae,EN,4.5817344741458,4.85291811454298,9.94916506564442,8.44421058892581,0.479619044770598,0.259835567847252,7.30233004275753,0.546,1,1000,direct,Eleutherodactylus_grandis,False,False,,,
1301,809,Leptobrachium_leucops,,Anura,Megophryidae,VU,4.57576775174145,1.53383061296003,19.1643492153824,3.84038106808698,0.241997975163127,0.0767778415145129,19.321353062329,0.994,1,1000,direct,Leptobrachium_leucops,False,False,,,
1302,3276,Gephyromantis_ranjomavo,,Anura,Mantellidae,EN,4.57401487434115,5.84316313521118,9.62961066985879,11.5538700019335,0.466624755698088,0.285582939899159,8.08154059163386,0.518,1,1000,direct,Gephyromantis_ranjomavo,False,False,,,
1303,822,Hydromantes_genei,Gené's Cave Salamander,Caudata,Plethodontidae,VU,4.57388635113866,1.65110145406491,19.0787498395268,4.08026445827068,0.238815345054374,0.0795601066665979,19.19211782685,1.0,1,1000,GBIF_accepted,Speleomantes_genei,False,False,,,
1304,751,Pristimantis_suetus,,Anura,Strabomantidae,VU,4.57300418115374,5.56676033993561,19.8370981774849,23.3897836690543,0.241987420349941,0.0784684727986354,17.1988709795308,0.734,1,1000,direct,Pristimantis_suetus,False,False,,,
1305,3027,Eleutherodactylus_glaphycompus,Ball Bearing Frog,Anura,Eleutherodactylidae,EN,4.56900088099782,2.98974021511061,10.1505803574974,3.76135774786587,0.484129930733264,0.264407457157822,5.57726743830301,0.644,1,1000,direct,Eleutherodactylus_glaphycompus,False,False,,,
1306,770,Tlalocohyla_godmani,Godman's Treefrog,Anura,Hylidae,VU,4.56662163309457,1.93248664910965,19.6158025170225,7.14342798550505,0.245249101443619,0.0748239964229434,18.906110996079,1.0,1,1000,direct,Tlalocohyla_godmani,False,False,,,
1307,777,Philoria_sphagnicolus,,Anura,Myobatrachidae,VU,4.56567823279987,3.31861138381123,19.5718248273508,13.1541357553505,0.242833428762558,0.0785959936994675,12.3164131667405,0.91,1,1000,GBIF_iucn_link,Philoria_sphagnicolus,False,False,,,
1308,3415,Plectrohyla_acanthodes,Thorny Spikethumb Frog,Anura,Hylidae,EN,4.56361480533919,4.34632823930478,9.39883864199551,8.23998083887309,0.49314630222302,0.272768029960174,6.54582036830878,0.513,1,1000,direct,Plectrohyla_acanthodes,False,False,,,
1309,3281,Boophis_anjanaharibeensis,,Anura,Mantellidae,EN,4.55936031327659,2.71872481371289,9.62245014657039,3.72865725012001,0.47739613781312,0.28930434322351,9.2784137403816,0.572,1,1000,direct,Boophis_anjanaharibeensis,False,False,,,
1310,3253,Batrachuperus_londongensis,,Caudata,Hynobiidae,EN,4.55508565008085,2.67480404605211,9.67932700985617,2.26547540415609,0.481165974919447,0.284815567463089,8.224155623807,0.613,1,1000,direct,Batrachuperus_londongensis,False,False,,,
1311,3595,Plectrohyla_avia,Greater Spikethumb Frog,Anura,Hylidae,EN,4.55275430486484,4.82841093909065,9.11193400439018,8.70567036760211,0.493745558122167,0.271969025901526,5.93028873471847,0.5,1,1000,direct,Plectrohyla_avia,False,False,,,
1313,3347,Anomaloglossus_confusus,Confusing Rocket Frog,Anura,Dendrobatidae,EN,4.54434719248012,5.03912428742372,9.49816372760292,9.17036595840567,0.48154342133153,0.27810541247606,8.5549037594053,0.512,1,1000,GBIF_accepted,Ectopoglossus_confusus,False,False,,,
1314,3333,Anaxyrus_californicus,Arroyo Toad,Anura,Bufonidae,EN,4.5441275723142,2.67265790776619,9.52376529490518,3.34910635723626,0.498055232774251,0.27321131133581,9.2246137858933,0.547,1,1000,direct,Anaxyrus_californicus,False,False,,,
1315,3557,Microhyla_karunaratnei,Karunaratne's Narrow-mouth Frog,Anura,Microhylidae,EN,4.54049302676175,5.93706500361888,9.16006274527628,11.2934955466607,0.497843028231248,0.269395085847581,10.696848410494,0.5,1,1000,direct,Microhyla_karunaratnei,False,False,,,
1316,793,Gephyromantis_ambohitra,,Anura,Mantellidae,VU,4.53965187801632,1.91750498128227,19.3143807969206,5.65767379743315,0.237401606134825,0.0805108907755742,19.5585741989,1.0,1,1000,direct,Gephyromantis_ambohitra,False,False,,,
1317,3221,Hyperolius_chelaensis,Chela Mountain Reed Frog,Anura,Hyperoliidae,EN,4.53902115864719,4.24839620163722,9.74645920609331,7.14859858862575,0.492177154066678,0.272953095526861,8.66366631622106,0.552,1,1000,direct,Hyperolius_chelaensis,False,False,,,
1318,3486,Pseudophilautus_puranappu,Puran Appu’s Shrub Frog,Anura,Rhacophoridae,EN,4.53259877296793,4.2658267010333,9.29078135457525,7.54404114513888,0.481672497261972,0.281948650084115,6.14453807612951,0.502,1,1000,direct,Pseudophilautus_puranappu,False,False,,,
1319,3346,Silverstoneia_erasmios,,Anura,Dendrobatidae,EN,4.53126049027667,4.76789628006793,9.50332995357911,9.16054031846438,0.482904011072377,0.28308857195423,8.54388916398546,0.517,1,1000,direct,Silverstoneia_erasmios,False,False,,,
1320,3518,Hypodactylus_peraccai,Peracca's Andes Frog,Anura,Strabomantidae,EN,4.5278211580269,5.08236795844256,9.22849899566635,9.24854989209673,0.487269663482239,0.292195208439787,9.26913876056463,0.508,1,1000,GBIF_accepted,Niceforonia_peraccai,False,False,,,
1321,3387,Eleutherodactylus_andrewsi,Jamaican Rump-spotted Frog,Anura,Eleutherodactylidae,EN,4.5226942562203,2.63594764453743,9.44852010849425,2.21269229248324,0.484506263061704,0.26872823201214,7.764012091998,0.592,1,1000,direct,Eleutherodactylus_andrewsi,False,False,,,
1325,3411,Brachycephalus_tridactylus,,Anura,Brachycephalidae,EN,4.50493191968731,8.23952865441537,9.40696946339162,18.0446811562694,0.475379590476348,0.263623956947435,13.2612242326595,0.513,1,1000,direct,Brachycephalus_tridactylus,False,False,,,
1326,3509,Plectrohyla_hartwegi,Hartweg's Spikethumb Frog,Anura,Hylidae,EN,4.50350636984932,5.23394834302382,9.24443475200275,9.81348866696587,0.49314630222302,0.272768029960174,5.68253077315227,0.502,1,1000,direct,Plectrohyla_hartwegi,False,False,,,
1327,3117,Bolitoglossa_flaviventris,Yellowbelly Mushroomtongue Salamander,Caudata,Plethodontidae,EN,4.50123459370791,3.31424268151118,9.96020154012874,5.1755627667309,0.486083145585845,0.292153410199992,8.53149084672794,0.582,1,1000,direct,Bolitoglossa_flaviventris,False,False,,,
1329,3534,Pristimantis_vidua,Mountain Crest Robber Frog,Anura,Strabomantidae,EN,4.49711095355361,4.28201191467624,9.20166745144289,7.67439587994084,0.487060542764019,0.291177161549169,7.95661575253706,0.502,1,1000,direct,Pristimantis_vidua,False,False,,,
1335,3251,Pelophylax_cretensis,Cretan Frog,Anura,Ranidae,EN,4.47826622460081,3.16533156291492,9.68054726370904,4.80839702349056,0.497897419964513,0.288040708619499,9.0266716427873,0.553,1,1000,direct,Pelophylax_cretensis,False,False,,,
1337,3390,Eleutherodactylus_griphus,Cockpit Frog,Anura,Eleutherodactylidae,EN,4.47396292529592,2.67900243501732,9.44415456478997,2.18011280610804,0.484043740245677,0.268007646796013,7.75048695011011,0.574,1,1000,direct,Eleutherodactylus_griphus,False,False,,,
1338,3397,Pseudophilautus_hypomelas,,Anura,Rhacophoridae,EN,4.45918646958663,3.9141699941523,9.4273308071028,6.95144393763802,0.487266487211265,0.280347698348135,6.65246165145715,0.512,1,1000,direct,Pseudophilautus_hypomelas,False,False,,,
1339,846,Osteopilus_wilderi,,Anura,Hylidae,VU,4.4539336435476,1.99857554698963,18.9009259394531,6.75536616244312,0.244721134453123,0.0743371415555398,17.052720590382,0.969,1,1000,direct,Osteopilus_wilderi,False,False,,,
1340,3584,Cophixalus_aenigma,Tapping Nursery-frog,Anura,Microhylidae,EN,4.45353431280056,6.97827169050599,9.12171679278289,13.4229248676669,0.497416228974328,0.279736120634923,10.7345472879801,0.501,1,1000,direct,Cophixalus_aenigma,False,False,,,
1343,3275,Plectrohyla_ephemera,Mixe Streamside Treefrog,Anura,Hylidae,EN,4.44757551738799,4.71877702062932,9.6353454768238,8.67189848447054,0.493745558122167,0.271969025901526,6.0583743928146,0.524,1,1000,GBIF_accepted,Sarcohyla_labeculata,False,False,,,
1345,3466,Oedipina_poelzi,Quarry Worm Salamander,Caudata,Plethodontidae,EN,4.43506002310519,2.8478572659549,9.31525271466647,3.86588784583626,0.476595696441385,0.289451840498937,6.95941140867447,0.513,1,1000,direct,Oedipina_poelzi,False,False,,,
1346,3304,Eleutherodactylus_barlagnei,Guadeloupe Streamfrog,Anura,Eleutherodactylidae,EN,4.43403748726996,3.7150684381523,9.57237608738397,6.963463969919,0.479724149359584,0.26145663892138,2.94451374962266,0.529,1,1000,direct,Eleutherodactylus_barlagnei,False,False,,,
1347,3479,Pristimantis_pinguis,,Anura,Strabomantidae,EN,4.43081737651746,5.06378530582169,9.29626222425144,8.89607941822139,0.492310371985713,0.281192919607171,8.67753394617328,0.511,1,1000,direct,Pristimantis_pinguis,False,False,,,
1348,3136,Incilius_pisinnus,Michoacan Toad,Anura,Bufonidae,EN,4.41696019024246,3.33597989390775,9.92431616274697,5.6474232192038,0.501016967705638,0.273909851599919,8.55849109968769,0.557,1,1000,direct,Incilius_pisinnus,False,False,,,
1349,3311,Eleutherodactylus_pinchoni,Guadeloupe Forest Frog,Anura,Eleutherodactylidae,EN,4.41630787403138,3.95209721178399,9.56069163740233,6.71736270076391,0.479724149359584,0.261424071694522,2.77630788694558,0.54,1,1000,direct,Eleutherodactylus_pinchoni,False,False,,,
1354,3512,Pristimantis_ignicolor,Fire Robber Frog,Anura,Strabomantidae,EN,4.39602138381346,4.74327410526206,9.2389987872447,8.97831588061925,0.479973720368688,0.288767986847996,9.134526535775,0.502,1,1000,direct,Pristimantis_ignicolor,False,False,,,
1359,950,Hylarana_temporalis,Günther's Golden-backed Frog,Anura,Ranidae,VU,4.39185043502878,5.04316198345254,17.964355040715,20.8974818658688,0.246378321381226,0.077139914188891,13.5714780294451,0.745,1,1000,direct,Hylarana_temporalis,False,False,,,
1360,829,Craugastor_stuarti,Stuart's Robber Frog,Anura,Craugastoridae,VU,4.38177768150035,2.90082917190767,19.0515863893643,12.026510314797,0.242193826954269,0.0749319748856504,13.8626505262497,0.842,1,1000,direct,Craugastor_stuarti,False,False,,,
1361,3388,Oedipina_grandis,Cerro Pando Worm Salamander,Caudata,Plethodontidae,EN,4.3744811684314,3.26540588522787,9.44745479963325,4.06711904283793,0.476595696441385,0.289451840498937,6.81951145650176,0.53,1,1000,direct,Oedipina_grandis,False,False,,,
1369,921,Cynops_ensicauda,,Caudata,Salamandridae,VU,4.34808285892246,1.48287263307412,18.2276180195232,4.33355791059172,0.238774330077721,0.0794549395614408,13.4061682027647,1.0,1,1000,direct,Cynops_ensicauda,False,False,,,
1374,847,Raorchestes_nerostagona,Kalpatta Yellow Bush Frog,Anura,Rhacophoridae,VU,4.33915918203322,2.46601700496499,18.9004207733956,8.54023573702635,0.240601479377669,0.0782549244336544,15.9899091649411,0.845,1,1000,direct,Raorchestes_nerostagona,False,False,,,
1376,3587,Rhacophorus_arvalis,Farmland Green Treefrog,Anura,Rhacophoridae,EN,4.32903753508367,6.92635240124849,9.11993619428691,13.982824910009,0.489935227418487,0.283278463160205,11.5303474547328,0.5,1,1000,GBIF_accepted,Zhangixalus_arvalis,False,False,,,
1378,914,Leptodactylodon_polyacanthus,African Egg Frog,Anura,Arthroleptidae,VU,4.3181043067522,4.63683472642618,18.2760482084699,18.9143510256413,0.242975788672422,0.0794223569244753,15.5599877593874,0.795,1,1000,direct,Leptodactylodon_polyacanthus,False,False,,,
1383,3422,Eleutherodactylus_nubicola,Jamaican Red-eyed Frog,Anura,Eleutherodactylidae,EN,4.29712062661099,2.5053438898557,9.3888853312062,2.34407263140793,0.48587585238337,0.270119456198695,5.7163946007919,0.566,1,1000,direct,Eleutherodactylus_nubicola,False,False,,,
1397,969,Parapelophryne_scalpta,,Anura,Bufonidae,VU,4.26901084981841,4.20701839920693,17.8570596064534,18.1001819222947,0.247391850607525,0.0751250288574219,18.5239307060617,0.805,1,1000,direct,Parapelophryne_scalpta,False,False,,,
1399,886,Microhyla_annectens,,Anura,Microhylidae,VU,4.26426798085297,2.96818248779205,18.498810760948,11.6456382827535,0.246276546227442,0.0734505837052986,16.3417242857347,0.81,1,1000,GBIF_iucn_link,Microhyla_annectens,False,False,,,
1400,967,Plethodon_welleri,Weller's Salamander,Caudata,Plethodontidae,VU,4.26396442762367,1.4275534023539,17.8615856596565,3.83169795070714,0.237951193754772,0.0804450719023846,17.1625370113967,1.0,1,1000,direct,Plethodon_welleri,False,False,,,
1403,919,Cycloramphus_bandeirensis,Bandeira Button Frog,Anura,Cycloramphidae,VU,4.25806754484851,3.84147448808328,18.2475528311127,15.5890048218073,0.247097726439702,0.0791280017744901,14.3935131411123,0.798,1,1000,direct,Cycloramphus_bandeirensis,False,False,,,
1412,981,Eleutherodactylus_gundlachi,Turquino Spiny Frog,Anura,Eleutherodactylidae,VU,4.23728558606344,1.41957929488077,17.6685593974793,3.61855423491012,0.240876811501169,0.0752508009209494,17.161350063571,0.996,1,1000,direct,Eleutherodactylus_gundlachi,False,False,,,
1416,907,Nannophrys_ceylonensis,,Anura,Dicroglossidae,VU,4.2305836910204,2.23535107414746,18.3456797679055,8.1342545955174,0.245800467521086,0.0785282063965554,8.86796091624361,0.948,1,1000,direct,Nannophrys_ceylonensis,False,False,,,
1420,959,Leptodactylodon_ventrimarmoratus,Speckled Egg Frog,Anura,Arthroleptidae,VU,4.21733069128294,5.1166140811907,17.913109895042,20.7617090871895,0.243098515287213,0.078758217337189,15.9031404325458,0.795,1,1000,direct,Leptodactylodon_ventrimarmoratus,False,False,,,
1421,1025,Chiropterotriton_orculus,Cope's Flat-footed Salamander,Caudata,Plethodontidae,VU,4.21570594184747,1.50980813795225,17.3864874805464,4.33600947665831,0.240908316495956,0.0788888764003907,13.5125706172578,1.0,1,1000,direct,Chiropterotriton_orculus,False,False,,,
1423,3361,Colostethus_imbricolus,Silverstone's Rocket Frog,Anura,Dendrobatidae,EN,4.20344146811767,3.48047751196667,9.48095975952519,5.81698078585191,0.472852874059887,0.274947235886577,7.65634546960954,0.523,1,1000,direct,Colostethus_imbricolus,False,False,,,
1424,1028,Chiropterotriton_dimidiatus,Dwarf Splayfoot Salamander,Caudata,Plethodontidae,VU,4.194190564259,1.51420440547647,17.3592314701708,4.24838486184322,0.240754046602858,0.0787706070651587,13.1783821890914,1.0,1,1000,direct,Chiropterotriton_dimidiatus,False,False,,,
1438,1064,Niceforonia_nana,Santander Andes Frog,Anura,Strabomantidae,VU,4.15101745507814,4.1985174380733,17.0875006381828,16.709485907651,0.244381868320472,0.0789515548405495,12.2609461107915,0.785,1,1000,direct,Niceforonia_nana,False,False,,,
1444,997,Isthmohyla_zeteki,Zetek's Treefrog,Anura,Hylidae,VU,4.12891268369079,3.40894284854265,17.5777481491783,13.9522381895746,0.244838873762501,0.0746657571112698,10.4660832307037,0.782,1,1000,direct,Isthmohyla_zeteki,False,False,,,
1445,1007,Cardioglossa_schioetzi,Acha Tugi Long-fingered Frog,Anura,Arthroleptidae,VU,4.12166906858546,2.79000955312723,17.5041761821638,10.0205366202705,0.243918279101649,0.0779886275070716,14.3577820158681,0.862,1,1000,direct,Cardioglossa_schioetzi,False,False,,,
1447,1003,Boophis_vittatus,,Anura,Mantellidae,VU,4.11960180587155,1.59789010768236,17.5329268724527,4.88976302215322,0.238402484424973,0.0782706520735396,16.253435479146,0.983,1,1000,direct,Boophis_vittatus,False,False,,,
1448,1024,Gephyromantis_horridus,Boettger's Grainy Frog,Anura,Mantellidae,VU,4.11471155240559,1.63757529960705,17.3866443923727,5.41573552409615,0.23643389204933,0.080906463323125,17.528665594049,0.987,1,1000,direct,Gephyromantis_horridus,False,False,,,
1449,984,Cardioglossa_melanogaster,Amiet's Long-fingered Frog,Anura,Arthroleptidae,VU,4.11430783974288,2.7363465547049,17.6561892778409,10.7930264044133,0.24378749565102,0.0778652350944962,13.9690087044258,0.837,1,1000,direct,Cardioglossa_melanogaster,False,False,,,
1450,1067,Liua_tsinpaensis,Tsinpa Salamander,Caudata,Hynobiidae,VU,4.11277651549097,1.50211289802782,17.0432163343041,3.56063483973526,0.241564513206409,0.0780150483360078,16.192204197605,1.0,1,1000,direct,Liua_tsinpaensis,False,False,,,
1456,953,Litoria_dayi,Australian Lace-lid,Anura,Hylidae,VU,4.10172707879727,4.50325761929578,17.955392690091,18.9482755558505,0.247997457519313,0.0760237383188112,15.0581594198761,0.683,1,1000,direct,Litoria_dayi,False,False,,,
1464,1017,Rhombophryne_mangabensis,,Anura,Microhylidae,VU,4.07410785835703,3.50327125937709,17.4366056702109,14.2017799609372,0.24293833784475,0.0805600436709048,13.2026204668506,0.797,1,1000,direct,Rhombophryne_mangabensis,False,False,,,
1465,938,Pristimantis_orcesi,Bolivar Robber Frog,Anura,Strabomantidae,VU,4.07308834133764,3.95899914495044,18.0713424170152,16.7009823437922,0.240453772542693,0.07960437554272,14.4609571441626,0.696,1,1000,direct,Pristimantis_orcesi,False,False,,,
1483,1139,Phrynobatrachus_sulfureogularis,Central River Frog,Anura,Phrynobatrachidae,VU,4.00189725748737,4.64274921970371,16.4870626839901,18.8319356023739,0.247197059332174,0.0722353741980871,18.7072419099955,0.724,1,1000,direct,Phrynobatrachus_sulfureogularis,False,False,,,
1485,1073,Osteopilus_pulchrilineatus,Hispaniolan Yellow Treefrog,Anura,Hylidae,VU,3.99976921097946,1.93314512524907,16.9926434742995,6.77948583396631,0.244827992009563,0.0745427886299954,16.0838064670136,0.897,1,1000,direct,Osteopilus_pulchrilineatus,False,False,,,
1494,1130,Pelobates_cultripes,Western Spadefoot,Anura,Pelobatidae,VU,3.96705769370294,1.66706550513716,16.5713702636237,6.04162471004421,0.242833428762558,0.0778884895394008,11.020920728,0.985,1,1000,direct,Pelobates_cultripes,False,False,,,
1513,1038,Rhacophorus_taipeianus,Taipei Flying Frog,Anura,Rhacophoridae,VU,3.92390075723781,4.80268614419026,17.2998065992174,19.4948033826072,0.240466319612991,0.0776593985229,11.5170974981075,0.712,1,1000,GBIF_accepted,Zhangixalus_taipeianus,False,False,,,
1523,1156,Phrynobatrachus_asper,Itombwe River Frog,Anura,Phrynobatrachidae,VU,3.87331048397455,4.84310735327467,16.392804176742,18.6602117988769,0.247197059332174,0.0736894613075405,16.5095631369049,0.712,1,1000,direct,Phrynobatrachus_asper,False,False,,,
1535,1183,Leptobrachium_mangyanorum,Mindoro Litter Frog,Anura,Megophryidae,VU,3.83966184650136,1.59627639105896,16.2354003788973,4.82288535661597,0.24317165544529,0.0767605902094818,8.26027224537547,0.916,1,1000,direct,Leptobrachium_mangyanorum,False,False,,,
1536,1218,Psychrophrynella_condoriri,,Anura,Strabomantidae,VU,3.83671039350749,3.47945833114186,16.0216871384811,13.6407794410234,0.244586713990883,0.0778926074725122,10.9326726498745,0.792,1,1000,GBIF_accepted,Microkayla_condoriri,False,False,,,
1537,1111,Eleutherodactylus_audanti,South Island Telegraphic Frog,Anura,Eleutherodactylidae,VU,3.83528132711838,1.71797596503698,16.722437959117,4.74690245211327,0.240844276539244,0.0738986274892262,14.0147072577802,0.894,1,1000,direct,Eleutherodactylus_audanti,False,False,,,
1540,1213,Hylarana_faber,Smith's Frog,Anura,Ranidae,VU,3.82959777279388,2.02144081648262,16.0489300290354,7.03805566857286,0.246633823022279,0.077139914188891,14.8181270465202,0.842,1,1000,direct,Hylarana_faber,False,False,,,
1541,1247,Psychrophrynella_illampu,,Anura,Strabomantidae,VU,3.82955508947305,3.66477872815816,15.8340047187232,14.6677657293842,0.245109598500848,0.0779251909345306,11.1942370074953,0.786,1,1000,GBIF_accepted,Microkayla_illampu,False,False,,,
1552,1163,Pristimantis_ceuthospilus,Wild's Robber Frog,Anura,Strabomantidae,VU,3.78709333828774,2.76419332629358,16.3233796998142,11.9940631399678,0.238930154715663,0.0772484213768518,13.4374293407952,0.766,1,1000,direct,Pristimantis_ceuthospilus,False,False,,,
1556,1258,Oophaga_granulifera,Granular Poison Frog,Anura,Dendrobatidae,VU,3.77099486321532,1.3528166248474,15.7893224457177,3.71652741204084,0.238664461976719,0.0805447371639384,14.3632298733373,1.0,1,1000,direct,Oophaga_granulifera,False,False,,,
1557,1157,Leptobrachium_tagbanorum,Palawan Litter Frog,Anura,Megophryidae,VU,3.76803228840202,1.67813930593352,16.3627488909168,4.95922903447993,0.24308325849024,0.0767605902094818,7.83007832831519,0.894,1,1000,direct,Leptobrachium_tagbanorum,False,False,,,
1558,1184,Hyloxalus_vertebralis,Boulenger's Rocket Frog,Anura,Dendrobatidae,VU,3.76553219381837,2.96216040328389,16.2326204558146,13.062710351063,0.239731502591289,0.0792982733336828,11.944942965216,0.776,1,1000,direct,Hyloxalus_vertebralis,False,False,,,
1560,1262,Ichthyophis_pseudangularis,Taylor's Caecilian,Gymnophiona,Ichthyophiidae,VU,3.75358110620324,5.01278952833093,15.7743248735749,21.2957833030571,0.24564386518509,0.0758351880878935,18.4817092903455,0.699,1,1000,direct,Ichthyophis_pseudangularis,False,False,,,
1562,1191,Ingerana_xizangensis,Xizang Eastern Frog,Anura,Dicroglossidae,VU,3.74730921078283,5.00312442993988,16.159737655344,20.4313843141661,0.245126598584322,0.0772229063833505,18.1750585901574,0.713,1,1000,GBIF_accepted,Liurana_xizangensis,False,False,,,
1571,1237,Mucubatrachus_rhigophilus,,Anura,Strabomantidae,VU,3.73197464469403,3.87532373910166,15.9006894861849,15.607403695073,0.24430793292187,0.0790140964829553,13.1899308691436,0.734,1,1000,GBIF_accepted,Pristimantis_rhigophilus,False,False,,,
1575,1193,Cycloramphus_organensis,,Anura,Cycloramphidae,VU,3.71942090775199,3.20159083374075,16.1549159970496,13.2461254013473,0.246093975489911,0.07855541554742,13.0446719682457,0.751,1,1000,direct,Cycloramphus_organensis,False,False,,,
1577,1239,Aromobates_tokuko,Perija’s Nurse Frog,Anura,Dendrobatidae,VU,3.71041315878204,2.2085894361402,15.8972087856017,7.77936679624662,0.240518220671084,0.0788085859354708,6.33316479074695,0.847,1,1000,direct,Aromobates_tokuko,False,False,,,
1579,1229,Gastrophrynoides_immaculatus,Tung's Narrow-mouthed Frog,Anura,Microhylidae,VU,3.70502886376296,4.654641945601,15.950805234313,19.0278897809228,0.246200807888503,0.072741798175139,17.6004114243628,0.722,1,1000,direct,Gastrophrynoides_immaculatus,False,False,,,
1598,1330,Mucubatrachus_lancinii,,Anura,Strabomantidae,VU,3.64042164147706,3.52742237675066,15.4225605097711,14.3952918588964,0.243559751920546,0.0787790406724821,12.986504286512,0.76,1,1000,GBIF_accepted,Pristimantis_lancinii,False,False,,,
1605,1364,Leiopelma_hamiltoni,Hamilton's Frog,Anura,Leiopelmatidae,VU,3.6138090053685,1.44570718715182,15.2714243155884,4.91551597316855,0.245327564809874,0.0763315247941996,2.466805,0.986,1,1000,direct,Leiopelma_hamiltoni,False,False,,,
1606,1312,Cryptobatrachus_remotus,Perijá Backpacker Frog,Anura,Hemiphractidae,VU,3.61266916384651,3.96808600004578,15.4965202479495,16.4144678188422,0.24030300449005,0.077005809785359,14.9336091594528,0.745,1,1000,direct,Cryptobatrachus_remotus,False,False,,,
1607,1347,Strabomantis_necopinus,,Anura,Strabomantidae,VU,3.60979506028129,3.56197874069877,15.3388434847593,14.7515621144067,0.243863042334212,0.0790140964829553,11.8167558149486,0.732,1,1000,direct,Strabomantis_necopinus,False,False,,,
1608,1399,Leiopelma_pakeka,Maud Island Frog,Anura,Leiopelmatidae,VU,3.60750206743821,1.45475407494803,15.1241367915737,4.76105656720505,0.245327564809874,0.0763315247941996,2.466805,0.984,1,1000,direct,Leiopelma_pakeka,False,False,,,
1609,1368,Strabomantis_ingeri,Inger's Robber Frog,Anura,Strabomantidae,VU,3.60676466473006,3.46497768723227,15.2565197898541,13.9474484175785,0.243559751920546,0.0789510626655053,12.1435679342734,0.747,1,1000,direct,Strabomantis_ingeri,False,False,,,
1610,1385,Ansonia_jeetsukumarani,Jeet Sukumaran’s Torrent-Dwelling Toad,Anura,Bufonidae,VU,3.6049791645939,2.23683222252286,15.1781282049419,9.2735562262888,0.244149009477822,0.076762670424526,8.15660105900097,0.869,1,1000,direct,Ansonia_jeetsukumarani,False,False,,,
1614,1339,Eleutherodactylus_wetmorei,Tiburon Whistling Frog,Anura,Eleutherodactylidae,VU,3.59984819405784,1.7599380543169,15.3771040709636,6.25610233627628,0.240274218140376,0.073502187609567,6.5005724409295,0.898,1,1000,direct,Eleutherodactylus_wetmorei,False,False,,,
1615,1506,Mucubatrachus_flabellidiscus,Los Aranguren Paramo Frog,Anura,Strabomantidae,VU,3.58731299685157,3.62878536135448,14.6636153176282,14.6462425881277,0.243863042334212,0.0786972901096731,12.2797306075784,0.724,1,1000,GBIF_accepted,Pristimantis_flabellidiscus,False,False,,,
1619,1445,Notophthalmus_meridionalis,Black-spotted Newt,Caudata,Salamandridae,VU,3.57819875654184,1.42271968198536,14.9299151371893,4.11589139442408,0.238888060242728,0.0803697732265732,15.057786428323,0.991,1,1000,direct,Notophthalmus_meridionalis,False,False,,,
1621,1417,Cryptobatrachus_boulengeri,Boulenger's Backpack Frog,Anura,Hemiphractidae,VU,3.56861066497013,4.00022150121464,15.0687076597265,16.3340576336148,0.24030300449005,0.0766738956818199,14.2666932104446,0.723,1,1000,direct,Cryptobatrachus_boulengeri,False,False,,,
1623,1316,Spinomantis_guibei,Guibe's Madagascar Frog,Anura,Mantellidae,VU,3.56036728031878,1.64592864138383,15.4668446501561,5.53856611090555,0.237108943626153,0.0792438546177704,13.2527329034884,0.925,1,1000,direct,Spinomantis_guibei,False,False,,,
1631,1553,Rhacophorus_calcadensis,Kalakkad Tree Frog,Anura,Rhacophoridae,VU,3.54372373913037,6.84825297294028,14.4752736025731,26.9399282630896,0.244004990099897,0.0769684587606337,20.7186859390794,0.665,1,1000,direct,Rhacophorus_calcadensis,False,False,,,
1633,1290,Psychrophrynella_katantika,,Anura,Strabomantidae,VU,3.53801425696832,3.40947155418499,15.5865493190754,14.0033016155022,0.244895713733866,0.0779668971578924,10.2419864733756,0.742,1,1000,GBIF_accepted,Microkayla_katantika,False,False,,,
1636,1355,Pseudophilautus_folicola,Leaf-dwelling Shrub Frog,Anura,Rhacophoridae,VU,3.5324890352965,2.18943909544898,15.3026005937302,8.57384452289334,0.243188963492623,0.076294319110566,11.2738401059591,0.79,1,1000,direct,Pseudophilautus_folicola,False,False,,,
1640,1387,Duellmanohyla_uranochroa,Costa Rica Brook Frog,Anura,Hylidae,VU,3.51370336653474,2.21656832991228,15.166063261532,8.48352729155913,0.24510385778109,0.0753897119085333,11.8880723389975,0.823,1,1000,direct,Duellmanohyla_uranochroa,False,False,,,
1641,1449,Strabomantis_anatipes,Anatipes Robber Frog,Anura,Strabomantidae,VU,3.51356115646566,3.38041793844521,14.8977907217316,14.1302871566701,0.243863042334212,0.0793600981845809,11.2761137610663,0.733,1,1000,direct,Strabomantis_anatipes,False,False,,,
1645,1444,Hemiphractus_bubalus,Ecuador Horned Treefrog,Anura,Hemiphractidae,VU,3.50757061883956,1.47741958670294,14.9302891466573,4.97167691829653,0.240518220671084,0.0777369928322887,13.4644637143118,0.943,1,1000,direct,Hemiphractus_bubalus,False,False,,,
1652,1568,Xenohyla_truncata,Izecksohn's Brazilian Treefrog,Anura,Hylidae,VU,3.48046765750134,3.81384210415698,14.4103894896332,16.2496576368036,0.242614532618893,0.0750374385102788,15.7236017759945,0.711,1,1000,direct,Xenohyla_truncata,False,False,,,
1654,1403,Quasipaa_jiulongensis,Jiulong Spiny Frog,Anura,Dicroglossidae,VU,3.47670413165498,1.82990208795634,15.1154130897257,5.90066259681414,0.245516772328093,0.0782456492371928,12.6510479962878,0.833,1,1000,direct,Quasipaa_jiulongensis,False,False,,,
1655,1446,Eleutherodactylus_auriculatoides,Northern Hammer Frog,Anura,Eleutherodactylidae,VU,3.47654485051194,1.71695779496878,14.9201333589043,5.68391946422394,0.240518744138533,0.0742549448282639,11.1924104003381,0.917,1,1000,direct,Eleutherodactylus_auriculatoides,False,False,,,
1665,1466,Ichthyophis_glutinosus,Ceylon Caecilian,Gymnophiona,Ichthyophiidae,VU,3.45301957396437,3.26658891234741,14.8229017770436,13.3504179963776,0.245176269902484,0.075960970090025,11.5998413042067,0.738,1,1000,direct,Ichthyophis_glutinosus,False,False,,,
1666,1484,Vitreorana_antisthenesi,,Anura,Centrolenidae,VU,3.452917699212,2.0562261326828,14.7416892398146,7.50789815624857,0.245526990386018,0.0723676862376806,12.7168859284006,0.876,1,1000,direct,Vitreorana_antisthenesi,False,False,,,
1669,1641,Pseudohynobius_flavomaculatus,Yellow-spotted Salamander,Caudata,Hynobiidae,VU,3.43894943982766,1.6361742346671,14.1840716723053,5.917067915731,0.241394454759597,0.0780855061331617,6.0990093458165,0.943,1,1000,direct,Pseudohynobius_flavomaculatus,False,False,,,
1673,1474,Philautus_ingeri,,Anura,Rhacophoridae,VU,3.43183692744431,2.56735558390034,14.7679575430621,9.92559629562118,0.240344351687238,0.0777016627071892,12.7672193189207,0.74,1,1000,direct,Philautus_ingeri,False,False,,,
1677,1524,Boophis_fayi,,Anura,Mantellidae,VU,3.42987423541425,1.46837311771278,14.562153073985,4.59871185069614,0.239923051103132,0.0793464107313241,14.1686911528878,0.93,1,1000,direct,Boophis_fayi,False,False,,,
1681,1439,Telmatobius_truebae,Trueb's Water Frog,Anura,Telmatobiidae,VU,3.42577503533574,3.37869038401498,14.9564953496708,13.6888558003888,0.24523202326016,0.0786324221084572,11.1701649179487,0.738,1,1000,direct,Telmatobius_truebae,False,False,,,
1683,1698,Oreobates_choristolemma,,Anura,Strabomantidae,VU,3.42153869283919,1.36192014019853,13.9396509523763,4.49354504891362,0.243559229434568,0.075967653546468,14.550958951402,0.971,1,1000,direct,Oreobates_choristolemma,False,False,,,
1695,1581,Rana_sauteri,Kanshirei Village Frog,Anura,Ranidae,VU,3.39176649080812,1.79893819807081,14.3781142626515,6.80010290549573,0.244475317333715,0.0794154799421435,11.8768526409975,0.867,1,1000,direct,Rana_sauteri,False,False,,,
1697,1693,Occidozyga_floresiana,Flores Oriental Frog,Anura,Dicroglossidae,VU,3.38963000414144,4.84287507281206,13.9558020309847,20.2504987424226,0.245516772328093,0.0776144300912819,16.8117161070013,0.645,1,1000,direct,Occidozyga_floresiana,False,False,,,
1699,1613,Psychrophrynella_iatamasi,,Anura,Strabomantidae,VU,3.37962438572856,2.63561347045661,14.2802703859857,9.95164357279409,0.244906090278108,0.0778204778379677,9.47668803716742,0.766,1,1000,GBIF_accepted,Microkayla_iatamasi,False,False,,,
1700,1558,Charadrahyla_taeniopus,Porthole Treefrog,Anura,Hylidae,VU,3.37604318502248,2.76449404570091,14.458937233939,10.3342966725295,0.24457111446312,0.0750358398721882,10.6030656932774,0.768,1,1000,direct,Charadrahyla_taeniopus,False,False,,,
1702,1727,Arthroleptella_bicolor,Bainskloof Moss Frog,Anura,Pyxicephalidae,VU,3.3683228545788,1.48678806659992,13.810938694881,5.03045629418151,0.246991028366865,0.0718630382388381,8.409872540445,0.912,1,1000,direct,Arthroleptella_bicolor,False,False,,,
1707,1566,Psychrophrynella_wettsteini,Wettstein's Andes Frog,Anura,Strabomantidae,VU,3.36111093454299,2.2637818596226,14.4175466320831,8.65114499720839,0.244627741986313,0.0778926074725122,9.61330401754454,0.797,1,1000,GBIF_accepted,Microkayla_wettsteini,False,False,,,
1719,1473,Philautus_refugii,Lanjak Bush Frog,Anura,Rhacophoridae,VU,3.3349101382541,3.93835987771374,14.770154567834,16.5077633215566,0.24147348860263,0.0781387181428259,12.200940129141,0.642,1,1000,direct,Philautus_refugii,False,False,,,
1721,1452,Hyloxalus_insulatus,,Anura,Dendrobatidae,VU,3.32564316519234,1.86467090170391,14.875132110402,6.00319194090052,0.239073129597006,0.0798262136780334,9.56379205505873,0.831,1,1000,direct,Hyloxalus_insulatus,False,False,,,
1722,1679,Paramophrynella_boconoensis,Guaramacal Robber Frog,Anura,Strabomantidae,VU,3.31678846587597,3.26205605772179,14.0058009132522,14.1989425580435,0.242952034537889,0.0788393692532965,13.3778989138704,0.695,1,1000,GBIF_accepted,Pristimantis_boconoensis,False,False,,,
1723,1757,Dendrotriton_megarhinus,Longnose Bromeliad Salamander,Caudata,Plethodontidae,VU,3.31644070299374,1.18593032054549,13.6686830208752,3.35046608212355,0.239905205694364,0.0788554556065408,7.039266237566,0.992,1,1000,direct,Dendrotriton_megarhinus,False,False,,,
1724,1735,Ingerana_charlesdarwini,Charles Darwin's Frog,Anura,Dicroglossidae,VU,3.312633843285,4.62873299866059,13.7628841405166,19.375442358082,0.244975093305856,0.0768467453193754,16.2625664546002,0.652,1,1000,direct,Ingerana_charlesdarwini,False,False,,,
1731,1717,Hynobius_quelpaertensis,Cheju Salamander,Caudata,Hynobiidae,VU,3.29366425449383,1.10040880769383,13.8410171852813,2.81243580893511,0.241046588382263,0.078994611374682,13.63596836742,0.978,1,1000,direct,Hynobius_quelpaertensis,False,False,,,
1732,1675,Pseudophilautus_schneideri,,Anura,Rhacophoridae,VU,3.29335731155003,2.29014763200474,14.0215798430061,9.60976903581196,0.243346707133113,0.0767729609193266,7.6314531120973,0.75,1,1000,direct,Pseudophilautus_schneideri,False,False,,,
1736,1723,Astylosternus_fallax,Fopouanga Night Frog,Anura,Arthroleptidae,VU,3.27810946097457,4.48875933991999,13.8192552319693,18.2033415416398,0.24325791141928,0.0789370593309656,14.3205830629101,0.649,1,1000,direct,Astylosternus_fallax,False,False,,,
1737,1716,Cycloramphus_faustoi,,Anura,Cycloramphidae,VU,3.27208613247184,4.19942524984261,13.8433589446024,16.9435478849243,0.246951304961479,0.0789771266060498,13.1553354602283,0.658,1,1000,direct,Cycloramphus_faustoi,False,False,,,
1742,1655,Limnonectes_arathooni,Djikoro Wart Frog,Anura,Dicroglossidae,VU,3.25848590418885,1.47529140280904,14.1188653176608,4.54264912530752,0.244810345816329,0.0790205818661879,11.2894806805017,0.852,1,1000,direct,Limnonectes_arathooni,False,False,,,
1747,1767,Paramophrynella_jabonensis,Jabon Paramo Frog,Anura,Strabomantidae,VU,3.25235651849917,3.43703682138974,13.6466649657487,13.8730597512771,0.243126933960429,0.0789510626655053,13.2630135472867,0.684,1,1000,GBIF_accepted,Pristimantis_jabonensis,False,False,,,
1750,1730,Dendrotriton_xolocalcae,Xolocalca Bromeliad Salamander,Caudata,Plethodontidae,VU,3.24696137733391,1.21872059153708,13.7871935835544,3.41010882655948,0.239478583532272,0.0788554556065408,7.039266237566,0.986,1,1000,direct,Dendrotriton_xolocalcae,False,False,,,
1753,1706,Paramophrynella_ginesi,,Anura,Strabomantidae,VU,3.24021622532478,3.49835666493862,13.9069186785523,14.4943143556716,0.243126933960429,0.0788393692532965,13.6361657899913,0.689,1,1000,GBIF_accepted,Pristimantis_ginesi,False,False,,,
1754,1702,Allobates_bromelicola,,Anura,Dendrobatidae,VU,3.23807284888873,4.34799298785915,13.9290986041993,18.3327497192552,0.241720971821586,0.0781591917954089,13.5974181734316,0.625,1,1000,direct,Allobates_bromelicola,False,False,,,
1755,1821,Allobates_fratisenescus,Mera Rocket Frog,Anura,Dendrobatidae,VU,3.23767857844962,4.12706910740415,13.4231481398521,17.3012952364917,0.240854246184275,0.0788783172430256,12.6966951718916,0.663,1,1000,direct,Allobates_fratisenescus,False,False,,,
1759,1642,Fejervarya_keralensis,Kerala Warty Frog,Anura,Dicroglossidae,VU,3.2192161465364,3.07313020931177,14.1783795212511,12.6073921091059,0.246124997597564,0.0792433472908952,12.8683582853002,0.654,1,1000,GBIF_accepted,Minervarya_keralensis,False,False,,,
1762,1793,Eleutherodactylus_etheridgei,Oriente Coastal Frog,Anura,Eleutherodactylidae,VU,3.20808614573381,1.30669717718316,13.5455009239935,4.39111193470958,0.241089585935809,0.0743870153793303,12.5648922910275,0.877,1,1000,direct,Eleutherodactylus_etheridgei,False,False,,,
1763,1800,Craugastor_palenque,,Anura,Craugastoridae,VU,3.1998312909295,3.56182804117667,13.4961926783162,15.2500074756792,0.242503703495307,0.0759401298347984,11.074722365185,0.677,1,1000,direct,Craugastor_palenque,False,False,,,
1770,1812,Hylodes_sazimai,,Anura,Hylodidae,VU,3.18454553314231,2.50244503762235,13.4572517075165,9.82387219925232,0.246951304961479,0.0773923836866372,11.2376662695085,0.699,1,1000,direct,Hylodes_sazimai,False,False,,,
1771,1733,Oreophrynella_macconnelli,,Anura,Bufonidae,VU,3.18093433450852,2.2571373304402,13.7721687470044,8.67753514387229,0.245262480154485,0.0782533615613833,12.4088335425876,0.734,1,1000,direct,Oreophrynella_macconnelli,False,False,,,
1773,1922,Rana_tarahumarae,Tarahumara Frog,Anura,Ranidae,VU,3.17850246843934,1.13685033872845,13.0242733914683,3.31877484824833,0.247318922776503,0.0778586318966062,12.2628828971184,0.949,1,1000,GBIF_accepted,Lithobates_tarahumarae,False,False,,,
1776,1891,Crossodactylodes_septentrionalis,,Anura,Leptodactylidae,VU,3.17076832774506,3.09678537030994,13.1459990250005,12.2204983212717,0.244269261480445,0.0780845692620515,10.8061198270916,0.683,1,1000,direct,Crossodactylodes_septentrionalis,False,False,,,
1779,1714,Raorchestes_chromasynchysi,Confusing Green Bushfrog,Anura,Rhacophoridae,VU,3.16367185803355,1.84077904240231,13.8531157594431,6.53566767531944,0.240793998821969,0.0773842037715002,11.0780788085691,0.797,1,1000,direct,Raorchestes_chromasynchysi,False,False,,,
1797,1920,Callixalus_pictus,,Anura,Hyperoliidae,VU,3.12413349077177,3.7081774515396,13.0369749122,15.2020483670088,0.243195860374204,0.0738958151323371,14.1016456066234,0.653,1,1000,direct,Callixalus_pictus,False,False,,,
1798,1866,Plethodon_sherando,Big Levels Salamander,Caudata,Plethodontidae,VU,3.12170217072148,1.2035801313277,13.2340139361155,4.2737227151422,0.238011688541746,0.080710360844467,12.883531787146,0.923,1,1000,direct,Plethodon_sherando,False,False,,,
1806,1910,Oedipina_quadra,Honduran Lowland Worm Salamander,Caudata,Plethodontidae,VU,3.08929552046931,1.80039236710057,13.0666742448361,6.76659697765457,0.240136664098163,0.0791730443946997,9.77649705670679,0.768,1,1000,direct,Oedipina_quadra,False,False,,,
1807,1845,Hyperolius_torrentis,Ukami Reed Frog,Anura,Hyperoliidae,VU,3.08819864574039,2.44934049811682,13.3107506025334,10.2731716959407,0.245036159814798,0.0772746674980673,11.5615632154046,0.688,1,1000,direct,Hyperolius_torrentis,False,False,,,
1811,1786,Pseudophilautus_zorro,Gannoruwa Shrub Frog,Anura,Rhacophoridae,VU,3.0740393727759,2.28372034801767,13.5678377812664,9.03345511421492,0.243346707133113,0.076461993268763,9.38853425248979,0.698,1,1000,direct,Pseudophilautus_zorro,False,False,,,
1813,1992,Micrixalus_kottigeharensis,Kottigehar Bubble-nest Frog,Anura,Petropedetidae,VU,3.06276430884111,2.34143403656579,12.8181448350662,9.07215214011166,0.247838743363773,0.0723149033481376,12.3148982232991,0.723,1,1000,direct,Micrixalus_kottigeharensis,False,False,,,
1815,2069,Hyloxalus_fascianigrus,,Anura,Dendrobatidae,VU,3.06033657789272,3.28493240199882,12.5504888538176,13.1747586192336,0.238829381678611,0.0798262136780334,10.6373105366648,0.667,1,1000,direct,Hyloxalus_fascianigrus,False,False,,,
1821,1924,Hylodes_uai,,Anura,Hylodidae,VU,3.0517986147301,3.66607581093214,13.020350709962,14.8097274684409,0.247209872626704,0.0780468390300371,11.6995679130349,0.628,1,1000,direct,Hylodes_uai,False,False,,,
1831,1967,Gephyromantis_salegy,,Anura,Mantellidae,VU,3.03072584080887,1.21636338036652,12.9132480439839,3.91454247526016,0.236206362092824,0.0789779629674384,12.2968842781979,0.921,1,1000,direct,Gephyromantis_salegy,False,False,,,
1834,1991,Hynobius_tokyoensis,,Caudata,Hynobiidae,VU,3.02548653191851,1.13001878247397,12.8305960269015,2.82063119609413,0.239858205969232,0.0784135630274514,12.4940537449329,0.946,1,1000,direct,Hynobius_tokyoensis,False,False,,,
1836,1953,Charadrahyla_chaneque,Fairy Treefrog,Anura,Hylidae,VU,3.0196740013765,2.38627682701272,12.9442651877889,9.65531063924734,0.244653701337996,0.0752144776974126,9.59310868738838,0.728,1,1000,direct,Charadrahyla_chaneque,False,False,,,
1839,1768,Oreobates_amarakaeri,,Anura,Strabomantidae,VU,3.0189884272912,4.18681640598575,13.633512996523,16.7749015197613,0.243559229434568,0.0759020555184494,8.41594885040876,0.628,1,1000,direct,Oreobates_amarakaeri,False,False,,,
1843,2045,Adenomus_kelaartii,Kelaart's Toad,Anura,Bufonidae,VU,3.01114847702515,1.8036399967844,12.6343151030132,6.74489499495654,0.244075979836707,0.075465483513072,7.21167483800626,0.79,1,1000,direct,Adenomus_kelaartii,False,False,,,
1852,1983,Quasipaa_spinosa,Chinese Spiny Frog,Anura,Dicroglossidae,VU,2.99218146039086,1.49873581178733,12.8603577775517,4.12009261732579,0.245480195981677,0.0786978798839501,12.037548406275,0.851,1,1000,direct,Quasipaa_spinosa,False,False,,,
1863,2039,Craugastor_xucanebi,Xucaneb Robber Frog,Anura,Craugastoridae,VU,2.97740496139666,3.25662210404377,12.6758349253822,13.451544078049,0.242193826954269,0.0747659642910979,11.0955574241318,0.637,1,1000,direct,Craugastor_xucanebi,False,False,,,
1866,1888,Pristimantis_eriphus,Moss Robber Frog,Anura,Strabomantidae,VU,2.97255004086739,3.54111399137706,13.1554798212179,15.0341849407405,0.241331365060014,0.0766230692613972,10.4645858694443,0.613,1,1000,direct,Pristimantis_eriphus,False,False,,,
1876,2049,Cophyla_occultans,Island Giant Treefrog,Anura,Microhylidae,VU,2.95715149737121,3.14036072676535,12.6204763386202,12.4113643162603,0.242465086114623,0.0808358525340986,12.8716173413804,0.686,1,1000,direct,Cophyla_occultans,False,False,,,
1879,1875,Pristimantis_celator,La Delicia Robber Frog,Anura,Strabomantidae,VU,2.95119361778264,2.23514410940695,13.2010179582513,8.86819113542278,0.243610593131727,0.0776177660446922,10.1767469438187,0.681,1,1000,direct,Pristimantis_celator,False,False,,,
1880,2105,Hylodes_ornatus,Ornate Tree Toad,Anura,Hylodidae,VU,2.95071965347123,2.66572149859187,12.424476136629,11.0669871244364,0.246792085121797,0.0779828292303666,10.2995563268778,0.651,1,1000,direct,Hylodes_ornatus,False,False,,,
1881,2112,Cacosternum_capense,Cape Dainty Frog,Anura,Pyxicephalidae,VU,2.9504510325304,1.77769983403097,12.4010988200763,6.01206045776396,0.247197059332174,0.0726883295468439,12.0620118694721,0.778,1,1000,direct,Cacosternum_capense,False,False,,,
1882,2029,Ischnocnema_paranaensis,,Anura,Brachycephalidae,VU,2.94754001555421,3.85137292751697,12.6991091423377,15.5716497832512,0.240820664356607,0.0729462918328563,13.3920314528935,0.629,1,1000,direct,Ischnocnema_paranaensis,False,False,,,
1888,1984,Hyloxalus_bocagei,Bocage's Rocket Frog,Anura,Dendrobatidae,VU,2.93521099806731,1.60323413559117,12.8575859202527,5.05005557123511,0.23861971544081,0.0792395113855925,10.886942649273,0.776,1,1000,direct,Hyloxalus_bocagei,False,False,,,
1892,2120,Oreophryne_variabilis,,Anura,Microhylidae,VU,2.92201255532866,3.69754601538142,12.3530027507093,15.5281039221006,0.244103042497636,0.0761498918365378,13.1284684635826,0.635,1,1000,direct,Oreophryne_variabilis,False,False,,,
1893,2101,Pristimantis_quinquagesimus,Zapadores Robber Frog,Anura,Strabomantidae,VU,2.91990344538141,1.63178546118015,12.437315763582,6.62511667743783,0.243027441156682,0.0770314845569085,9.1588617371306,0.74,1,1000,direct,Pristimantis_quinquagesimus,False,False,,,
1897,2100,Litoria_olongburensis,Wallum Sedgefrog,Anura,Hylidae,VU,2.91167214243835,1.87463891786777,12.4424332569019,7.29557768895931,0.246119373824057,0.0757775293640531,11.3362278783954,0.717,1,1000,direct,Litoria_olongburensis,False,False,,,
1899,2140,Osornophryne_guacamayo,Guacamayo Plump Toad,Anura,Bufonidae,VU,2.90788319143325,1.03107804912393,12.2772671098946,2.45725069023604,0.245887556410479,0.0779597724811777,11.717215176849,0.945,1,1000,direct,Osornophryne_guacamayo,False,False,,,
1906,2145,Telmatobius_brevipes,Huahachuco Water Frog,Anura,Telmatobiidae,VU,2.89772365678251,2.78393122847347,12.2672161261426,10.8236261422628,0.244678095630784,0.07958456949961,8.359935421983,0.655,1,1000,direct,Telmatobius_brevipes,False,False,,,
1907,2169,Odorrana_wuchuanensis,Wuchuan Frog,Anura,Ranidae,VU,2.89589070060334,1.30835077719436,12.2140936403909,3.91196952113119,0.246124997597564,0.0798606791271248,11.6323700777461,0.851,1,1000,direct,Odorrana_wuchuanensis,False,False,,,
1909,2035,Pristimantis_calcarulatus,Spurred Robber Frog,Anura,Strabomantidae,VU,2.89286900178253,1.9317447528141,12.6851456612312,7.78981172131252,0.241808489657217,0.078782199495921,10.3335901981799,0.705,1,1000,direct,Pristimantis_calcarulatus,False,False,,,
1919,2176,Craugastor_rostralis,Snouted Robber Frog,Anura,Craugastoridae,VU,2.8770928483058,2.98793379527688,12.2003497471507,12.393312790164,0.243012692275067,0.0747659642910979,11.2409097128755,0.639,1,1000,direct,Craugastor_rostralis,False,False,,,
1921,2143,Ceratophrys_stolzmanni,Pacific Horned Frog,Anura,Ceratophryidae,VU,2.87038699203572,3.87287537432406,12.2721691977183,15.9391886689468,0.244678095630784,0.0773208686325929,13.6919418671844,0.616,1,1000,direct,Ceratophrys_stolzmanni,False,False,,,
1923,2194,Micryletta_steinegeri,Stejneger's Paddy Frog,Anura,Microhylidae,VU,2.86645744300404,1.42068779643307,12.1440012730256,5.12883308301018,0.245913439180371,0.0730921657185489,9.241147108277,0.791,1,1000,direct,Micryletta_steinegeri,False,False,,,
1924,2201,Craugastor_chingopetaca,,Anura,Craugastoridae,VU,2.86621114767042,2.98969184845278,12.1242020967259,12.235599961221,0.242503703495307,0.0760120401814595,11.0355260300079,0.64,1,1000,direct,Craugastor_chingopetaca,False,False,,,
1925,2289,Telmatobius_atahualpai,Amazonas Water Frog,Anura,Telmatobiidae,VU,2.86494550026709,2.71716530938474,11.9131310577454,10.7529637229721,0.244678095630784,0.0796699179451839,8.39794206998391,0.631,1,1000,direct,Telmatobius_atahualpai,False,False,,,
1932,2160,Craugastor_brocchi,,Anura,Craugastoridae,VU,2.84645232597362,3.33782967712989,12.2308418348196,13.2434101155361,0.243027441156682,0.0749990965014926,10.3584353020667,0.625,1,1000,direct,Craugastor_brocchi,False,False,,,
1938,2290,Craugastor_rivulus,,Anura,Craugastoridae,VU,2.83841675716495,3.27531799746558,11.9128048425212,12.9594346506919,0.243027441156682,0.0754262543779286,9.40030145036379,0.605,1,1000,direct,Craugastor_rivulus,False,False,,,
1945,2323,Limnonectes_megastomias,,Anura,Dicroglossidae,VU,2.82821405569419,1.31596087054155,11.8139180451595,3.90961488341397,0.246124997597564,0.0797474665229742,11.2444976867643,0.805,1,1000,direct,Limnonectes_megastomias,False,False,,,
1946,2147,Odorrana_geminata,Geminated Cascade Frog,Anura,Ranidae,VU,2.8270753971639,1.73705682157339,12.2618199701033,6.67529819136612,0.246289827124708,0.080067080609627,10.7205445501494,0.691,1,1000,direct,Odorrana_geminata,False,False,,,
1948,2284,Eleutherodactylus_maurus,Dusky Chirping Frog,Anura,Eleutherodactylidae,VU,2.82577176916303,3.14398691804296,11.9205847390918,13.0726871664477,0.242503703495307,0.0758568220164471,9.58678688349141,0.617,1,1000,direct,Eleutherodactylus_maurus,False,False,,,
1949,2196,Telmatobius_peruvianus,Peru Water Frog,Anura,Telmatobiidae,VU,2.82548747423162,2.95484483995203,12.1351871124013,11.6547004656207,0.243366011810171,0.0772203773081669,7.82721154036077,0.622,1,1000,direct,Telmatobius_peruvianus,False,False,,,
1951,2136,Colostethus_fugax,Pastaza Rocket Frog,Anura,Dendrobatidae,VU,2.81681238980641,2.15517804298929,12.2846981766381,8.83011792864214,0.241288103249052,0.0786572397694212,9.49202751615221,0.667,1,1000,GBIF_accepted,Leucostethus_fugax,False,False,,,
1952,2212,Leptolalax_bourreti,Bourret's Asian Toad,Anura,Megophryidae,VU,2.81114795109882,1.70313188214191,12.0950498420433,6.19304424711197,0.243451698984066,0.0760301138517016,10.2141713931097,0.719,1,1000,GBIF_accepted,Leptobrachella_bourreti,False,False,,,
1957,2333,Telmatobius_oxycephalus,Red-headed Water Frog,Anura,Telmatobiidae,VU,2.80157508014012,2.59167497805808,11.8012987459261,10.5400444650268,0.245582639988742,0.07855541554742,8.03267657289099,0.633,1,1000,direct,Telmatobius_oxycephalus,False,False,,,
1965,2304,Telmatobius_rimac,Rimac Water Frog,Anura,Telmatobiidae,VU,2.78440676042892,2.98274621620477,11.8641457412782,11.3174348128991,0.244196443635872,0.0782390976030674,8.36065298120576,0.634,1,1000,direct,Telmatobius_rimac,False,False,,,
1972,2398,Rana_asiatica,Asian Frog,Anura,Ranidae,VU,2.77021546107096,0.970286818166996,11.6354848192934,2.3190147698074,0.244475317333715,0.0786553395473874,11.3898870489689,0.925,1,1000,direct,Rana_asiatica,False,False,,,
1983,2366,Boophis_englaenderi,,Anura,Mantellidae,VU,2.75338631299838,1.20685167965855,11.7027988580044,3.91874436299746,0.240191044102981,0.0789722755650342,11.3020393523753,0.804,1,1000,direct,Boophis_englaenderi,False,False,,,
1987,2252,Craugastor_amniscola,Rivulet Rainfrog,Anura,Craugastoridae,VU,2.74664992828472,2.88196934890467,11.9919808254834,11.683322755992,0.242559250805884,0.0758569422867005,10.3145489618089,0.628,1,1000,direct,Craugastor_amniscola,False,False,,,
1996,2450,Hyloscirtus_antioquia,,Anura,Hylidae,VU,2.73875513714705,3.27683198000394,11.4914095573893,14.0162645024654,0.245776599272284,0.0759730681264408,11.2097691084896,0.603,1,1000,direct,Hyloscirtus_antioquia,False,False,,,
2005,2272,Stefania_riveroi,,Anura,Hemiphractidae,VU,2.72622703568434,1.37834969562777,11.9452866192866,5.21633495356166,0.239768456431963,0.0773030961440616,10.956944361078,0.754,1,1000,direct,Stefania_riveroi,False,False,,,
2008,2501,Litoria_raniformis,Green and Gold Frog,Anura,Hylidae,VU,2.72000380949795,2.07007610423448,11.3751912993094,7.89902098858769,0.247498706335,0.0762814822972317,10.0868584583464,0.647,1,1000,direct,Litoria_raniformis,False,False,,,
2009,2448,Gastrotheca_riobambae,,Anura,Hemiphractidae,VU,2.71841376936698,1.21454796848748,11.5023924834492,4.16222493090279,0.240349567901195,0.0759278083006048,10.9154384646105,0.807,1,1000,direct,Gastrotheca_riobambae,False,False,,,
2010,2663,Ecnomiohyla_fimbrimembra,Heredia Treefrog,Anura,Hylidae,VU,2.71217568934997,3.38865999670244,11.0027388349749,14.6606670143851,0.24510385778109,0.0758989281743303,10.353095045883,0.574,1,1000,direct,Ecnomiohyla_fimbrimembra,False,False,,,
2011,2549,Boophis_majori,Ambohimitombo Bright-eyed Frog,Anura,Mantellidae,VU,2.71033132709903,1.23352271761109,11.2547585505615,4.78259921002736,0.238402484424973,0.0780588824987448,5.4729139577793,0.744,1,1000,direct,Boophis_majori,False,False,,,
2012,2411,Mannophryne_olmonae,Bloody Bay Poison Frog,Anura,Dendrobatidae,VU,2.70962636268278,1.53906288213764,11.6123412650642,5.92058940203934,0.24030300449005,0.07650343198234,7.60059856202781,0.719,1,1000,direct,Mannophryne_olmonae,False,False,,,
2013,2476,Pristimantis_calcaratus,San Antonio Robber Frog,Anura,Strabomantidae,VU,2.70816899419531,3.0128348976152,11.4288573277163,12.2338042432045,0.242177976493637,0.0785911547461652,5.79747750157601,0.59,1,1000,direct,Pristimantis_calcaratus,False,False,,,
2015,2483,Nyctibatrachus_aliciae,Alicia's Night Frog,Anura,Nyctibatrachidae,VU,2.7049904929817,1.03595020668115,11.4122649176945,3.27320195802816,0.243160096597661,0.077354685779885,9.962802198312,0.848,1,1000,direct,Nyctibatrachus_aliciae,False,False,,,
2016,2375,Bolitoglossa_alvaradoi,Moravia de Chirripo Salamander,Caudata,Plethodontidae,VU,2.70231767385608,1.58888540383182,11.6889569236402,5.90195089894154,0.244855979103722,0.0779249392755075,9.69093441801215,0.691,1,1000,direct,Bolitoglossa_alvaradoi,False,False,,,
2023,2542,Hyalinobatrachium_orientale,Eastern Glass Frog,Anura,Centrolenidae,VU,2.68373173751893,1.4661401823131,11.2711268683286,5.18630736186747,0.242741061435803,0.0765635463672182,10.6523468263676,0.719,1,1000,direct,Hyalinobatrachium_orientale,False,False,,,
2024,2616,Hylodes_otavioi,Otavio Tree Toad,Anura,Hylodidae,VU,2.68231218144133,3.38091914545217,11.0915780525766,13.8956650792373,0.247549303978891,0.0768746219073533,11.1200369159277,0.584,1,1000,direct,Hylodes_otavioi,False,False,,,
2025,2522,Rhacophorus_dorsoviridis,Green-back Treefrog,Anura,Rhacophoridae,VU,2.68104658102239,1.37743322959513,11.3159693046322,4.82926191776988,0.245071315411868,0.0764116244288758,10.7198425880602,0.749,1,1000,GBIF_accepted,Zhangixalus_dorsoviridis,False,False,,,
2029,2546,Sachatamia_punctulata,,Anura,Centrolenidae,VU,2.67740624516081,1.35351269151138,11.2573923384885,4.85865798182668,0.245526990386018,0.076296743652148,11.588677212625,0.731,1,1000,direct,Sachatamia_punctulata,False,False,,,
2031,2506,Allobates_cepedai,,Anura,Dendrobatidae,VU,2.67687541311486,2.99747642430569,11.3584071873582,12.7814727896829,0.240854246184275,0.0785838047754214,11.2231930012943,0.598,1,1000,GBIF_iucn_link,Allobates_cepedai,False,False,,,
2034,2613,Rhacophorus_pseudomalabaricus,Anaimalai Flying Frog,Anura,Rhacophoridae,VU,2.67313217455198,1.67363345387574,11.0999953888947,6.05926037036608,0.246175541196291,0.0761668633451034,9.91130730553738,0.677,1,1000,direct,Rhacophorus_pseudomalabaricus,False,False,,,
2035,2652,Atelognathus_nitoi,,Anura,Batrachylidae,VU,2.66933285545978,3.29050981099523,11.0228494873009,12.627612886562,0.247097726439702,0.0788838420001843,11.2088823169923,0.576,1,1000,direct,Atelognathus_nitoi,False,False,,,
2036,2527,Morerella_cyanophthalma,,Anura,Hyperoliidae,VU,2.66381375288688,3.30886700691295,11.3010752432588,13.3917398870073,0.243674501931548,0.0740482454985169,12.4152855624168,0.58,1,1000,direct,Morerella_cyanophthalma,False,False,,,
2037,2822,Amolops_torrentis,,Anura,Ranidae,VU,2.66272300596786,3.85404949433009,10.6147761484393,16.1456557173708,0.24601531831274,0.080358380391774,10.5053380983274,0.539,1,1000,direct,Amolops_torrentis,False,False,,,
2038,2566,Batrachuperus_pinchonii,,Caudata,Hynobiidae,VU,2.66149536380221,0.950934004849416,11.2144458100825,2.74234042546704,0.241394454759597,0.0780150483360078,8.224155623807,0.855,1,1000,direct,Batrachuperus_pinchonii,False,False,,,
2040,2812,Eleutherodactylus_teretistes,,Anura,Eleutherodactylidae,VU,2.66127559518547,2.45892207852598,10.6490906537177,10.1913832679937,0.241438704112126,0.0755259263118693,7.8015244469589,0.609,1,1000,direct,Eleutherodactylus_teretistes,False,False,,,
2041,2431,Stefania_breweri,Brewer's Carrying Frog,Anura,Hemiphractidae,VU,2.65981537580543,3.20728474898931,11.5629804500943,13.6077433010781,0.241081713717168,0.0771036021189013,13.1764628685207,0.599,1,1000,direct,Stefania_breweri,False,False,,,
2043,2494,Eleutherodactylus_monensis,Mona Coqui,Anura,Eleutherodactylidae,VU,2.65334905292511,1.11702315183641,11.3959651259459,3.73709161294433,0.241753729260541,0.0756410471883384,10.9522499045511,0.781,1,1000,direct,Eleutherodactylus_monensis,False,False,,,
2045,2639,Rhaebo_andinophrynoides,,Anura,Bufonidae,VU,2.64866272018232,2.63644271934069,11.049052937344,10.1398793956942,0.243275771160828,0.0785906833976452,11.076078020413,0.608,1,1000,direct,Rhaebo_andinophrynoides,False,False,,,
2046,2437,Telmatobius_schreiteri,La Rioja Water Frog,Anura,Telmatobiidae,VU,2.64427282680641,2.84508280576216,11.5368370547965,11.9339714582213,0.243366011810171,0.0772203773081669,8.29822154817757,0.623,1,1000,direct,Telmatobius_schreiteri,False,False,,,
2047,2356,Taricha_rivularis,Redbelly Newt,Caudata,Salamandridae,VU,2.64190740450336,1.37814309911502,11.7275377291638,4.8019170244271,0.238976379667861,0.0803697732265732,10.6546226800931,0.733,1,1000,direct,Taricha_rivularis,False,False,,,
2048,2449,Pseudophilautus_pleurotaenia,Side-striped Shrub Frog,Anura,Rhacophoridae,VU,2.64054103854617,1.71381934736614,11.4972046637047,6.37181966570284,0.243188963492623,0.076579960630297,8.21543013813756,0.674,1,1000,direct,Pseudophilautus_pleurotaenia,False,False,,,
2049,2538,Cacosternum_aggestum,Klipheuwel Dainty Frog,Anura,Pyxicephalidae,VU,2.64018690674508,1.39423269251397,11.2878897980878,4.8571560180177,0.247197059332174,0.0723861865598079,9.957921897428,0.716,1,1000,direct,Cacosternum_aggestum,False,False,,,
2050,2713,Probreviceps_rungwensis,Rungwe Snouted Forest Frog,Anura,Brevicipitidae,VU,2.63870517816341,1.16626428801709,10.8789695793655,4.22386889309835,0.244269261480445,0.0724861649780135,8.0277923820585,0.735,1,1000,direct,Probreviceps_rungwensis,False,False,,,
2052,2554,Boophis_popi,,Anura,Mantellidae,VU,2.63636919926025,1.19491962416999,11.2454713185957,3.99698666007289,0.239425617519377,0.0793250659548838,10.8610328605209,0.744,1,1000,direct,Boophis_popi,False,False,,,
2053,2571,Pseudophilautus_popularis,Common Shrub Frog,Anura,Rhacophoridae,VU,2.63194295348834,1.42076938824497,11.1970272250189,5.52086682343671,0.243026381514641,0.0768370572279092,7.2827964916046,0.694,1,1000,direct,Pseudophilautus_popularis,False,False,,,
2054,2428,Pseudophilautus_cavirostris,Tubercle Shrub Frog,Anura,Rhacophoridae,VU,2.63112945065033,1.39268576935342,11.5690892778328,5.10470736212476,0.243346707133113,0.0768824862093124,7.49847740789366,0.701,1,1000,direct,Pseudophilautus_cavirostris,False,False,,,
2056,2602,Plethodontohyla_brevipes,Betsileo Digging Frog,Anura,Microhylidae,VU,2.6289088377376,1.27427951558205,11.1224168463562,4.91788691823166,0.24293833784475,0.0804326751187725,10.2502987194482,0.719,1,1000,direct,Plethodontohyla_brevipes,False,False,,,
2057,2690,Probreviceps_durirostris,Snouted Forest Frog,Anura,Brevicipitidae,VU,2.62688620545037,1.24636573008642,10.9375403977779,4.06081594982885,0.244269261480445,0.0725795344463901,7.99403061419584,0.741,1,1000,direct,Probreviceps_durirostris,False,False,,,
2059,2701,Cophixalus_amabilis,,Anura,Microhylidae,VU,2.62112003427183,3.26054097876333,10.9121943889708,14.3912981338397,0.243815279424788,0.076045618361571,12.5659815026568,0.576,1,1000,direct,Cophixalus_amabilis,False,False,,,
2061,2593,Eleutherodactylus_olibrus,Pinar del Rio Bromeliad Frog,Anura,Eleutherodactylidae,VU,2.61914533980247,2.56299276825398,11.1443394646722,10.9161480324688,0.241658798250019,0.0740967645915733,7.94758750724542,0.612,1,1000,direct,Eleutherodactylus_olibrus,False,False,,,
2063,2768,Rana_capito,,Anura,Ranidae,VU,2.61433862083322,1.05838210606967,10.7548375351745,3.22976546383379,0.245563089925484,0.0783148972524426,2.51315886450906,0.757,1,1000,GBIF_accepted,Lithobates_capito,False,False,,,
2072,2614,Raorchestes_griet,Griet Bush Frog,Anura,Rhacophoridae,VU,2.59929901028351,1.1443591361001,11.0953103061027,4.18604422325938,0.241969921832624,0.078667863602705,10.6110255580468,0.736,1,1000,direct,Raorchestes_griet,False,False,,,
2074,2789,Atelognathus_reverberii,Laguna Raimunda Frog,Anura,Batrachylidae,VU,2.59842841479547,3.16111077045499,10.7071071780221,12.5559339924038,0.247209872626704,0.0788082751697904,11.0989276925646,0.573,1,1000,direct,Atelognathus_reverberii,False,False,,,
2076,2649,Allobates_amissibilis,,Anura,Dendrobatidae,VU,2.59670892590998,3.04902179032279,11.0332796381859,12.8178143709049,0.241081713717168,0.0775945801074178,10.5735991542969,0.573,1,1000,direct,Allobates_amissibilis,False,False,,,
2086,2753,Engystomops_guayaco,Guayaco Dwarf Frog,Anura,Leptodactylidae,VU,2.58781125790359,1.03148909793667,10.7940591103933,3.44371539858958,0.244269261480445,0.078054076152846,9.07242334664,0.758,1,1000,direct,Engystomops_guayaco,False,False,,,
2088,2669,Gastrotheca_phelloderma,,Anura,Hemiphractidae,VU,2.58213485294333,2.87957872777046,10.9949765495023,12.5444344999675,0.240349567901195,0.0768400869169658,9.94850817918939,0.582,1,1000,direct,Gastrotheca_phelloderma,False,False,,,
2089,2695,Pristimantis_fraudator,Cochabamba Robber Frog,Anura,Strabomantidae,VU,2.5818798909576,1.95808964547226,10.9290763232915,7.8579642782894,0.243126933960429,0.0788614918397714,8.49669264648735,0.628,1,1000,GBIF_accepted,Yunganastes_fraudator,False,False,,,
2090,2618,Andinobates_dorisswansonae,,Anura,Dendrobatidae,VU,2.58005948146746,1.21296527865918,11.0905729793205,4.14718079472785,0.238664461976719,0.0799449284166227,8.65492821872868,0.733,1,1000,direct,Andinobates_dorisswansonae,False,False,,,
2094,2703,Craugastor_pelorus,Monstrous Rainfrog,Anura,Craugastoridae,VU,2.574050831424,2.65302946270744,10.9046058909914,10.3600406930064,0.243012692275067,0.0741567515524813,9.23916683069625,0.587,1,1000,direct,Craugastor_pelorus,False,False,,,
2109,2656,Hyloscirtus_jahni,Jahn's Stream Frog,Anura,Hylidae,VU,2.5456900509065,3.43933394602757,11.0193727342009,14.0886057999959,0.245001479022259,0.0757609504438164,9.47832488220746,0.574,1,1000,direct,Hyloscirtus_jahni,False,False,,,
2110,2684,Craugastor_charadra,,Anura,Craugastoridae,VU,2.54434015192042,3.40926050821445,10.9589139496039,14.1686566481304,0.243027441156682,0.075752047682599,9.7956200412244,0.568,1,1000,direct,Craugastor_charadra,False,False,,,
2117,2723,Spinomantis_massi,,Anura,Mantellidae,VU,2.53521582277436,2.91595153645278,10.8434613442769,12.0658516245054,0.236761557662488,0.0790945682789764,11.4777291219203,0.572,1,1000,direct,Spinomantis_massi,False,False,,,
2122,2754,Gephyromantis_spiniferus,Greater Spiny Madagascar Frog,Anura,Mantellidae,VU,2.52499679134876,2.62129505975122,10.7924825822885,10.6598512625408,0.236761557662488,0.0792217023046741,9.41268033732185,0.57,1,1000,direct,Gephyromantis_spiniferus,False,False,,,
2123,2932,Pseudophilautus_mittermeieri,Mittermeier's Shrub Frog,Anura,Rhacophoridae,VU,2.52430866173518,2.41571724774135,10.3655019172038,10.6060340390614,0.243026381514641,0.0762964007955471,3.46819882899951,0.575,1,1000,direct,Pseudophilautus_mittermeieri,False,False,,,
2126,2736,Hyloxalus_vergeli,Hellmich's Rocket Frog,Anura,Dendrobatidae,VU,2.51962091354337,2.90409908818391,10.8296077465956,11.6664952720082,0.239731502591289,0.0792330389660318,10.0747766825725,0.577,1,1000,direct,Hyloxalus_vergeli,False,False,,,
2129,2716,Pristimantis_crenunguis,Spring Robber Frog,Anura,Strabomantidae,VU,2.5170259210068,1.59197114353564,10.8614348975316,5.98735154735168,0.242177976493637,0.0786905692603136,9.62107668807461,0.658,1,1000,direct,Pristimantis_crenunguis,False,False,,,
2131,2863,Chiropterotriton_cracens,Graceful Splayfoot Salamander,Caudata,Plethodontidae,VU,2.51253960094762,1.28027174007096,10.5099461019987,4.67069683966568,0.241271502539226,0.0789743370515402,2.04557835685236,0.674,1,1000,direct,Chiropterotriton_cracens,False,False,,,
2135,2681,Hyperolius_minutissimus,,Anura,Hyperoliidae,VU,2.50908825307458,2.09041280640166,10.9647090907039,8.08764343113264,0.244647472992592,0.0773841866301206,8.90186991399374,0.611,1,1000,direct,Hyperolius_minutissimus,False,False,,,
2139,2782,Tylototriton_wenxianensis,Wenxian Knobby Salamander,Caudata,Salamandridae,VU,2.50329087727439,1.0523595957468,10.721394907653,3.37570380080405,0.238220240543184,0.0803697732265732,7.4734940638066,0.728,1,1000,direct,Tylototriton_wenxianensis,False,False,,,
2140,2708,Hyloscirtus_callipeza,Sardinata Treefrog,Anura,Hylidae,VU,2.50318384127564,3.14349493249518,10.8901316710099,13.5279517657507,0.245797657275528,0.0759169750618075,11.0651390164866,0.566,1,1000,direct,Hyloscirtus_callipeza,False,False,,,
2141,2838,Pristimantis_muchimuk,,Anura,Strabomantidae,VU,2.49869686007502,3.03448343833726,10.5681308089804,12.4063478887627,0.242952034537889,0.0785827696969629,11.2585820832425,0.561,1,1000,direct,Pristimantis_muchimuk,False,False,,,
2142,2855,Pristimantis_schultei,Schulte's Robber Frog,Anura,Strabomantidae,VU,2.49724996104233,2.49000169116038,10.5268622737755,10.7741926641361,0.237588809412778,0.0793947109317293,9.6143686403316,0.587,1,1000,direct,Pristimantis_schultei,False,False,,,
2143,2544,Duttaphrynus_crocus,Burmese Golden Toad,Anura,Bufonidae,VU,2.49493472152345,2.20799056573536,11.262707746577,8.56973110079447,0.244107282596253,0.0752997178930053,9.41101280601675,0.579,1,1000,direct,Duttaphrynus_crocus,False,False,,,
2150,2976,Liuixalus_hainanus,,Anura,Rhacophoridae,VU,2.48071322625188,1.26509470426526,10.2663459125917,4.27753805666789,0.246091136198321,0.0758792832706703,6.822996851877,0.645,1,1000,direct,Liuixalus_hainanus,False,False,,,
2151,2872,Ptychohyla_hypomykter,Copan Stream Frog,Anura,Hylidae,VU,2.48049139728286,1.37554099992421,10.4813017087478,4.70757555073849,0.24493003806581,0.0755434227317848,8.89362039703741,0.671,1,1000,direct,Ptychohyla_hypomykter,False,False,,,
2164,2871,Plectrohyla_sagorum,Arcane Spikethumb Frog,Anura,Hylidae,VU,2.45601354405871,2.14039910734111,10.4813831822786,8.44873846914447,0.24493003806581,0.0757779291316544,7.21878288625273,0.577,1,1000,direct,Plectrohyla_sagorum,False,False,,,
2167,2814,Eleutherodactylus_nivicolimae,,Anura,Eleutherodactylidae,VU,2.45129250983308,2.89317588138917,10.6428224640397,11.9856405095893,0.240820664356607,0.0741013883478282,7.42279836279057,0.564,1,1000,GBIF_accepted,Eleutherodactylus_rufescens,False,False,,,
2168,2929,Pristimantis_cryophilius,San Vicente Robber Frog,Anura,Strabomantidae,VU,2.44987349407897,2.88773927154375,10.3711653741178,12.2596033187002,0.239446375814276,0.0774926109722696,9.43239169631804,0.542,1,1000,direct,Pristimantis_cryophilius,False,False,,,
2172,2851,Bolitoglossa_hartwegi,Hartweg's Mushroomtongue Salamander,Caudata,Plethodontidae,VU,2.44409378672302,1.55578630751214,10.5344606902645,5.60149989772214,0.242989497838326,0.0788758504516333,7.873066788141,0.624,1,1000,direct,Bolitoglossa_hartwegi,False,False,,,
2175,2931,Atelognathus_jeinimenensis,,Anura,Batrachylidae,VU,2.44130713564855,2.97146816038409,10.3662499926836,11.7828224382107,0.247097726439702,0.0787172360879156,2.27425211608921,0.539,1,1000,GBIF_accepted,Atelognathus_nitoi,False,False,,,
2185,3054,Bolitoglossa_stuarti,Stuart's Mushroomtongue Salamander,Caudata,Plethodontidae,VU,2.42258813072556,1.21425876931617,10.0879047330859,4.1284411381106,0.242705673116188,0.0785103854512454,7.46327781260635,0.62,1,1000,direct,Bolitoglossa_stuarti,False,False,,,
2187,3066,Platymantis_nexipus,Baining Wrinkled Ground Frog,Anura,Ceratobatrachidae,VU,2.42235115191494,3.21772235590481,10.0728220878412,13.0711520256289,0.246437068943769,0.0748513028765391,11.548662964811,0.536,1,1000,GBIF_accepted,Cornufer_nexipus,False,False,,,
2189,2951,Gephyromantis_schilfi,,Anura,Mantellidae,VU,2.42118105138846,0.982097254428137,10.3126370828918,3.17553294442238,0.236477482828949,0.0792918375163094,8.96274721231081,0.688,1,1000,direct,Gephyromantis_schilfi,False,False,,,
2192,3038,Craugastor_aurilegulus,,Anura,Craugastoridae,VU,2.41587179222615,3.1828522621742,10.1194744207226,13.108106280775,0.243486318535151,0.0751181500334444,10.0659313965188,0.554,1,1000,direct,Craugastor_aurilegulus,False,False,,,
2194,2845,Raorchestes_gryllus,,Anura,Rhacophoridae,VU,2.41418969856132,1.49851559982295,10.5465868290808,5.71963093161741,0.240793998821969,0.0773842037715002,9.04042862758207,0.623,1,1000,direct,Raorchestes_gryllus,False,False,,,
2198,2801,Nanorana_yunnanensis,Yunnan Spiny Frog,Anura,Dicroglossidae,VU,2.40604878051805,1.80896986091663,10.6743166070023,6.92058700846057,0.245280594234777,0.0785443930714144,9.16936276311364,0.621,1,1000,direct,Nanorana_yunnanensis,False,False,,,
2200,3084,Phyllomedusa_ecuatoriana,Agua Rica Leaf Frog,Anura,Hylidae,VU,2.40379608314915,1.04897958857832,10.0303039920484,2.84807887543525,0.248458521683314,0.0765424761818551,6.8537435684942,0.646,1,1000,GBIF_accepted,Callimedusa_ecuatoriana,False,False,,,
2203,3064,Eleutherodactylus_heminota,Half-striped Bromeliad Frog,Anura,Eleutherodactylidae,VU,2.39681130578269,1.2383139752483,10.0749616705617,4.63210459666931,0.242375704150734,0.0753890367481749,7.6423134463378,0.611,1,1000,direct,Eleutherodactylus_heminota,False,False,,,
2206,2988,Gephyromantis_tandroka,,Anura,Mantellidae,VU,2.38975083224766,0.980045319238341,10.2507985234789,3.17814845307406,0.236477482828949,0.0792918375163094,8.9264243424959,0.684,1,1000,direct,Gephyromantis_tandroka,False,False,,,
2209,3029,Ghatophryne_ornata,Malabar Torrent Toad,Anura,Bufonidae,VU,2.38678926026978,1.92789466299355,10.1398589322277,7.74680128120463,0.244107282596253,0.0774189512646576,8.73618753087389,0.578,1,1000,direct,Ghatophryne_ornata,False,False,,,
2211,3079,Onychodactylus_kinneburi,Shikoku Clawed Salamander,Caudata,Hynobiidae,VU,2.38275480859539,3.84035890111756,10.0399987437114,15.3906761432125,0.240007098407194,0.0786871051162023,14.7691669243762,0.543,1,1000,direct,Onychodactylus_kinneburi,False,False,,,
2213,3031,Hyloscirtus_estevesi,,Anura,Hylidae,VU,2.37833790711361,2.96728866820803,10.1387163431437,12.0162919372129,0.245332713996574,0.07580812241067,8.65581398168024,0.541,1,1000,GBIF_iucn_link,Hyloscirtus_estevesi,False,False,,,
2218,3104,Batrachuperus_tibetanus,Alpine Stream Salamander,Caudata,Hynobiidae,VU,2.3700473330621,0.875392243032288,10.001849479358,2.25996587847619,0.241394454759597,0.0780150483360078,8.436156197087,0.697,1,1000,direct,Batrachuperus_tibetanus,False,False,,,
2220,3114,Batrachuperus_karlschmidti,Chiala Mountain Salamander,Caudata,Hynobiidae,VU,2.3674838318069,0.878204415299423,9.96876357051384,2.31261061335518,0.241322365333508,0.0780855061331617,8.436156197087,0.685,1,1000,direct,Batrachuperus_karlschmidti,False,False,,,
2226,3168,Xenophrys_nankiangensis,,Anura,Megophryidae,VU,2.35397059438855,1.80108871294206,9.85518204329495,7.43875582307026,0.241570813312289,0.0777113269374283,9.0348167823307,0.551,1,1000,GBIF_accepted,Megophrys_nankiangensis,False,False,,,
2227,3024,Stefania_ayangannae,,Anura,Hemiphractidae,VU,2.35319525554887,1.23019694578049,10.1613386808313,4.29202602295842,0.24030300449005,0.0777369928322887,9.1829502133459,0.623,1,1000,direct,Stefania_ayangannae,False,False,,,
2228,3238,Salamandra_algira,North African Fire Salamander,Caudata,Salamandridae,VU,2.35246977796639,0.988644434722951,9.70419309436693,3.20117278112678,0.240658621022341,0.0783729257804834,10.03834007926,0.599,1,1000,direct,Salamandra_algira,False,False,,,
2230,3049,Stefania_coxi,,Anura,Hemiphractidae,VU,2.34662468099563,1.21447103168991,10.0933604819478,3.995417628686,0.240518220671084,0.0776514080608778,9.13016843619432,0.626,1,1000,direct,Stefania_coxi,False,False,,,
2231,3217,Rana_ulma,,Anura,Ranidae,VU,2.34381163400372,1.06602224602028,9.75353543199842,3.57386394760022,0.245280594234777,0.0800408234942811,9.369529602373,0.584,1,1000,direct,Rana_ulma,False,False,,,
2234,3162,Hyloscirtus_platydactylus,Merida Andes Treefrog,Anura,Hylidae,VU,2.33899723126672,2.85076985678763,9.87211521993504,11.4779821549167,0.244827992009563,0.0757465148254203,9.53181457292431,0.542,1,1000,direct,Hyloscirtus_platydactylus,False,False,,,
2235,3028,Plectrohyla_hazelae,Hazel's Treefrog,Anura,Hylidae,VU,2.33792390570573,2.02191756562724,10.1440061549782,8.35896946383706,0.24510385778109,0.0755946246776983,6.44561519722349,0.56,1,1000,GBIF_accepted,Sarcohyla_hazelae,False,False,,,
2242,3332,Pristimantis_supernatis,El Carmelo Robber Frog,Anura,Strabomantidae,VU,2.32213949008013,1.55844464952323,9.52469793713088,6.44803204843997,0.24243125146131,0.0769068438706185,8.05276834415977,0.548,1,1000,direct,Pristimantis_supernatis,False,False,,,
2244,3435,Pristimantis_museosus,,Anura,Strabomantidae,VU,2.31987888186485,2.33333055146476,9.3711252327754,10.500505643235,0.242952034537889,0.0783842076013259,7.19504988941393,0.513,1,1000,direct,Pristimantis_museosus,False,False,,,
2247,2989,Tylototriton_taliangensis,Taliang Knobby Newt,Caudata,Salamandridae,VU,2.31894691231072,1.1082108695023,10.2495003668824,3.89352988589622,0.238220240543184,0.0800772948982715,8.8771980620744,0.638,1,1000,direct,Tylototriton_taliangensis,False,False,,,
2248,3154,Ameerega_pongoensis,,Anura,Dendrobatidae,VU,2.31402096591043,1.10949623429816,9.89521162091558,3.21075126990808,0.240914091079007,0.0778558000915628,8.6107015240355,0.634,1,1000,direct,Ameerega_pongoensis,False,False,,,
2249,3145,Cophixalus_clapporum,,Anura,Microhylidae,VU,2.31345904857445,3.27600730923417,9.90879421628945,13.5330120798269,0.243199023414841,0.0779802636946134,11.1185909957764,0.53,1,1000,direct,Cophixalus_clapporum,False,False,,,
2250,3249,Guibemantis_tasifotsy,White-flanked Malagasy Tree Frog,Anura,Mantellidae,VU,2.31209072931654,1.01004002167568,9.6805965544934,3.03841055325598,0.237791604364075,0.07868306124009,9.5429120896775,0.593,1,1000,direct,Guibemantis_tasifotsy,False,False,,,
2253,3285,Stefania_oculosa,,Anura,Hemiphractidae,VU,2.30858887964258,2.66867836781658,9.60969444903878,10.9675730705871,0.24164509364401,0.077243821002936,11.105338810786,0.526,1,1000,direct,Stefania_oculosa,False,False,,,
2255,3269,Xenophrys_auralensis,,Anura,Megophryidae,VU,2.304632441396,3.05522225656702,9.65112791882386,12.2703310229375,0.241570813312289,0.0777113269374283,10.4225017345421,0.529,1,1000,GBIF_accepted,Megophrys_auralensis,False,False,,,
2262,3200,Pseudophilautus_sordidus,Grubby Shrub Frog,Anura,Rhacophoridae,VU,2.29572141437373,1.96495681235163,9.80320528055563,7.62726396426156,0.243346707133113,0.076461993268763,6.73296040258937,0.554,1,1000,direct,Pseudophilautus_sordidus,False,False,,,
2267,3215,Pristimantis_myersi,Myers' Robber Frog,Anura,Strabomantidae,VU,2.28653728407652,2.35174617941678,9.75512872307834,9.69460709475639,0.24378494367206,0.0759951538329657,7.85061186378924,0.525,1,1000,direct,Pristimantis_myersi,False,False,,,
2270,3382,Platymantis_hazelae,Hazel's Wrinkled Ground Frog,Anura,Ceratobatrachidae,VU,2.27724351761607,2.01746249908783,9.45413347546474,8.12139212991924,0.246279587503323,0.0753817760456774,8.77132570984103,0.526,1,1000,direct,Platymantis_hazelae,False,False,,,
2273,3310,Stefania_ackawaio,,Anura,Hemiphractidae,VU,2.27402792213074,2.56589462330888,9.56181583341685,11.3383897445399,0.24164509364401,0.0771036021189013,10.5775721652395,0.521,1,1000,direct,Stefania_ackawaio,False,False,,,
2275,3320,Scaphiophryne_marmorata,Marbled Rain Frog,Anura,Microhylidae,VU,2.2655237928514,1.14991262864156,9.53659543154975,3.97939523100733,0.240949249438684,0.0782558955907679,9.5756974020022,0.544,1,1000,direct,Scaphiophryne_marmorata,False,False,,,
2278,3299,Oreophryne_brevirostris,,Anura,Microhylidae,VU,2.26275925951345,3.17775596685643,9.58770695200184,12.4803373174119,0.245994717665212,0.0763010595447542,10.7607228852893,0.516,1,1000,direct,Oreophryne_brevirostris,False,False,,,
2279,3364,Platymantis_montanus,,Anura,Ceratobatrachidae,VU,2.25797447107362,1.93833280068247,9.47828335330984,8.01804195376707,0.246617789504482,0.0753817760456774,8.29930151625097,0.52,1,1000,direct,Platymantis_montanus,False,False,,,
2280,3337,Odorrana_hainanensis,,Anura,Ranidae,VU,2.25613898105891,1.0611103821943,9.51809940049606,3.45145334296745,0.245599666271901,0.0795093699341511,9.0025582535544,0.554,1,1000,direct,Odorrana_hainanensis,False,False,,,
2283,3315,Raorchestes_dubois,Koadaikanal Bush Frog,Anura,Rhacophoridae,VU,2.24975593817171,1.07066214712762,9.55501287785074,3.37859707280844,0.240601479377669,0.0776710627098232,9.00749455951529,0.569,1,1000,direct,Raorchestes_dubois,False,False,,,
2284,3270,Pristimantis_pluvicanorus,,Anura,Strabomantidae,VU,2.24429063537006,2.30960564532192,9.64869918250368,9.76849046142923,0.243126933960429,0.0788393692532965,7.90346484326842,0.525,1,1000,GBIF_accepted,Yunganastes_pluvicanorus,False,False,,,
2286,3365,Platymantis_sierramadrensis,,Anura,Ceratobatrachidae,VU,2.24171277125403,2.68743053903018,9.47819989002993,11.3933542018808,0.246059419333368,0.0760095297879781,10.3754096057357,0.51,1,1000,direct,Platymantis_sierramadrensis,False,False,,,
2288,3492,Pseudophilautus_hoipolloi,,Anura,Rhacophoridae,VU,2.2396890137709,1.9801123360257,9.27140352915789,7.96214281628714,0.24234130114472,0.0772893342635632,6.86871600037368,0.505,1,1000,GBIF_iucn_link,Pseudophilautus_hoipolloi,False,False,,,
2290,3419,Rana_latastei,Italian Agile Frog,Anura,Ranidae,VU,2.23789117613508,0.869597049023296,9.39410815746572,2.82385229226169,0.245280594234777,0.0793396324705927,9.0743770294585,0.536,1,1000,direct,Rana_latastei,False,False,,,
2295,3180,Afrixalus_sylvaticus,Forest Banana Frog,Anura,Hyperoliidae,VU,2.23185234688514,3.06953748554659,9.83588267005643,12.9534015554899,0.243452033672191,0.0775633074071928,11.094072768844,0.524,1,1000,direct,Afrixalus_sylvaticus,False,False,,,
2297,3318,Hyloxalus_infraguttatus,Chimbo Rocket Frog,Anura,Dendrobatidae,VU,2.23067344680198,1.04761360608737,9.54281365322802,3.35653903843086,0.239731502591289,0.0794322103928021,7.90913694201546,0.565,1,1000,direct,Hyloxalus_infraguttatus,False,False,,,
2301,3402,Hyperolius_spinigularis,Spiny-throated Reed Frog,Anura,Hyperoliidae,VU,2.22214727406434,1.98534116293849,9.42295012222217,7.82148870147809,0.244006553375715,0.0771370841819771,5.0961052339861,0.521,1,1000,direct,Hyperolius_spinigularis,False,False,,,
2302,3459,Eleutherodactylus_rufescens,,Anura,Eleutherodactylidae,VU,2.2213846208821,1.9650718845119,9.32524533248557,7.51820653466873,0.241438704112126,0.0744217029588929,7.37740767435485,0.505,1,1000,direct,Eleutherodactylus_rufescens,False,False,,,
2303,3613,Platymantis_desticans,,Anura,Ceratobatrachidae,VU,2.22094670930701,2.75440140936551,9.08696505329046,11.548167330474,0.24503719306721,0.0763476093127109,10.3763117511686,0.5,1,1000,GBIF_accepted,Cornufer_desticans,False,False,,,
2313,3438,Proceratophrys_cururu,Toad-like Ground Frog,Anura,Odontophrynidae,VU,2.211057600057,2.28446687943247,9.36011011664362,9.51192819258993,0.246503480724283,0.0760379902096663,8.54938426986232,0.512,1,1000,direct,Proceratophrys_cururu,False,False,,,
2314,3263,Stefania_percristata,,Anura,Hemiphractidae,VU,2.21038795381173,2.79086885649153,9.6565607755486,11.4883360647349,0.241438704112126,0.0766738956818199,10.3823353534936,0.522,1,1000,direct,Stefania_percristata,False,False,,,
2316,3359,Pristimantis_racemus,Las Hermosas Robber Frog,Anura,Strabomantidae,VU,2.20938464817704,2.53992222753316,9.48140181052564,10.3291959686499,0.239446375814276,0.0772704588365974,8.50365964620419,0.504,1,1000,direct,Pristimantis_racemus,False,False,,,
2322,3425,Lyciasalamandra_helverseni,Karpathos Salamander,Caudata,Salamandridae,VU,2.19881425917144,1.05848355901225,9.38716684905858,3.05033038494645,0.241388668532157,0.0794804075030147,8.0405207836198,0.527,1,1000,direct,Lyciasalamandra_helverseni,False,False,,,
2323,3443,Mixophyes_balbus,,Anura,Myobatrachidae,VU,2.19714039981847,1.38407792237845,9.34882892499864,5.0472438026358,0.241528370279806,0.0796390803920495,8.62843599401415,0.516,1,1000,direct,Mixophyes_balbus,False,False,,,
2330,3487,Hypodactylus_latens,Boqueron Robber Frog,Anura,Strabomantidae,VU,2.19075782396607,2.1779665858277,9.28680447740414,9.18435780435403,0.243190083530075,0.0789843779515854,8.0395382804187,0.504,1,1000,GBIF_accepted,Niceforonia_latens,False,False,,,
2331,3608,Pseudophilautus_flaviventris,Malabar Bubble-nest Frog,Anura,Rhacophoridae,VU,2.18983174178715,1.83616346338686,9.08991902168125,7.00978923214507,0.243188963492623,0.0769202180445377,5.94717647293704,0.5,1,1000,GBIF_accepted,Raorchestes_flaviventris,False,False,,,
2336,3433,Ptychohyla_macrotympanum,Pine Forest Stream Frog,Anura,Hylidae,VU,2.18479578744077,2.26333381257923,9.37270782841607,9.06960753196395,0.244838873762501,0.075654661754277,7.37493419644154,0.511,1,1000,direct,Ptychohyla_macrotympanum,False,False,,,
2345,3446,Pristimantis_appendiculatus,Pinocchio Rainfrog,Anura,Strabomantidae,VU,2.16698185597223,3.00630145892478,9.3449244275937,13.9233741609614,0.241808489657217,0.0788445159944621,9.33448200307985,0.5,1,1000,direct,Pristimantis_appendiculatus,False,False,,,
2346,3513,Anomaloglossus_lacrimosus,Lowland Rocket Frog,Anura,Dendrobatidae,VU,2.16191964068875,2.48371683820184,9.23643340268603,10.321352955897,0.239731502591289,0.0785614531944326,8.48928323372543,0.504,1,1000,GBIF_accepted,Ectopoglossus_lacrimosus,False,False,,,
2351,3596,Ambystoma_californiense,California Tiger Salamander,Caudata,Ambystomatidae,VU,2.15335175755995,1.09484615267799,9.11050251429404,3.68049484539568,0.237246394443537,0.0804703499295173,8.02638717121532,0.509,1,1000,direct,Ambystoma_californiense,False,False,,,
2352,3467,Boophis_spinophis,,Anura,Mantellidae,VU,2.15298533703219,2.47328886116019,9.31482920034957,10.0615503409462,0.239923051103132,0.0795443656739097,8.99355033005017,0.502,1,1000,direct,Boophis_spinophis,False,False,,,
2358,3484,Bolitoglossa_zacapensis,Zacapa Salamander,Caudata,Plethodontidae,VU,2.14297540971453,1.4006433789323,9.29316299711505,5.42859020173938,0.244871522803606,0.0782121830533385,7.75553715443459,0.501,1,1000,direct,Bolitoglossa_zacapensis,False,False,,,
2359,3504,Tylototriton_panhai,Panha's Knobby Newt,Caudata,Salamandridae,VU,2.14278028159774,0.889008492965849,9.24865893642329,2.87587744019849,0.238588165724441,0.0806435089251239,8.3303339728288,0.513,1,1000,direct,Tylototriton_panhai,False,False,,,
2362,3429,Mannophryne_cordilleriana,,Anura,Dendrobatidae,VU,2.1386665782158,0.995623097960863,9.37711655291562,3.32727450476035,0.241081713717168,0.0778936952421002,8.0677485738729,0.529,1,1000,direct,Mannophryne_cordilleriana,False,False,,,
