EDGErank,EDrank,species,common_name,order,family,RLcat,EDGEmed,EDGEiqr,EDmed,EDiqr,pextmed,pextiqr,TBLmn,isEDGEsp_frac,is_EDGE_species,n_trees,match,matched_IUCN_name,on_vgp_list,has_vgp_genome,vgp_placement_tier,vgp_name,vgp_accession
216,10,Crotaphatrema_bornmuelleri,Bornmüller's Caecilian,Gymnophiona,Scolecomorphidae,DD,13.4002570302944,31.1840277956069,81.9322246589975,70.4277429646884,0.161023668593255,0.584902584176814,52.1449452369825,0.0,0,1000,direct,Crotaphatrema_bornmuelleri,False,False,,,
218,13,Crotaphatrema_tchabalmbaboensis,,Gymnophiona,Scolecomorphidae,DD,13.3626345991534,28.6933422353882,76.9766097396177,72.1796083304461,0.159788236873952,0.58517311279183,8.03875639161563,0.0,0,1000,direct,Crotaphatrema_tchabalmbaboensis,False,False,,,
421,32,Epicrionops_marmoratus,Marbled Caecilian,Gymnophiona,Rhinatrematidae,DD,10.2775427242186,25.709823709951,61.2351011777857,66.4137142758633,0.157327803208045,0.560101775494629,55.8389880981238,0.0,0,1000,direct,Epicrionops_marmoratus,False,False,,,
590,53,Epicrionops_lativittatus,Eastern Caecilian,Gymnophiona,Rhinatrematidae,DD,8.69392449612508,20.6936257503986,49.349508054903,53.0574351371036,0.157765974936778,0.559670438250392,49.5843765007832,0.0,0,1000,direct,Epicrionops_lativittatus,False,False,,,
670,58,Epicrionops_peruvianus,Marcapata Valley Caecilian,Gymnophiona,Rhinatrematidae,DD,8.11433027048099,20.6444476666668,48.1191128945393,52.2409476564386,0.157327803208045,0.559759687665476,48.8018223462057,0.0,0,1000,direct,Epicrionops_peruvianus,False,False,,,
770,90,Herpele_multiplicata,Victoria Caecilian,Gymnophiona,Herpelidae,DD,7.36644831342067,15.984123840993,41.6292448233566,46.6283056106657,0.159001205764598,0.592357027615442,42.698590973725,0.0,0,1000,direct,Herpele_multiplicata,False,False,,,
978,105,Phrynobatrachus_rainerguentheri,,Anura,Phrynobatrachidae,DD,6.06922372162417,16.4254157941945,39.7596500844141,23.3777303941508,0.183232404712714,0.635459045511742,31.9262627031153,0.0,0,1000,direct,Phrynobatrachus_rainerguentheri,False,False,,,
853,128,Phrynomedusa_bokermanni,Bokermann's Leaf Frog,Anura,Hylidae,DD,6.90050408933175,21.7171039853797,37.5503033073936,7.69236678846828,0.180859327457414,0.580932424931736,11.0437693881479,0.0,0,1000,direct,Phrynomedusa_bokermanni,False,False,,,
1113,152,Noblella_bilineata,,Anura,Strabomantidae,NM,5.38572322250658,13.8241385821512,35.614369480302,33.1293486099399,0.184476500337859,0.605914888859217,29.9747668487218,0.0,0,1000,no_RedList_match,,False,False,,,
936,154,Chikila_darlong,Darlong Chikila,Gymnophiona,Chikilidae,DD,6.36943023856492,15.0194307933275,35.5340200998213,45.6441403096877,0.159788236873952,0.588727657012423,40.1418152984895,0.0,0,1000,direct,Chikila_darlong,False,False,,,
951,160,Wakea_madinika,,Anura,Mantellidae,DD,6.28264006855958,17.3636250540421,34.9272185000441,7.24794186000048,0.167474492415617,0.544695646294861,35.34634841045,0.0,0,1000,direct,Wakea_madinika,False,False,,,
1208,168,Gegeneophis_krishni,Gurupur Caecilian,Gymnophiona,Indotyphlidae,DD,4.9762962672947,15.6638497727433,34.3531137790587,10.1617336756306,0.159001205764598,0.565564617218751,29.9309559402339,0.0,0,1000,direct,Gegeneophis_krishni,False,False,,,
1097,234,Idiocranium_russeli,Makamunu Assumbo Caecilian,Gymnophiona,Indotyphlidae,DD,5.44872462635277,13.5865573068268,31.4026966375702,23.0937418337243,0.158652640391634,0.560177944393612,28.9382684570273,0.0,0,1000,direct,Idiocranium_russeli,False,False,,,
1199,244,Noblella_peruviana,Peru Andes Frog,Anura,Strabomantidae,DD,5.00248377354607,11.9770960750898,30.8580595214233,26.58621353699,0.180102745531761,0.555075024538819,25.4582611537371,0.0,0,1000,direct,Noblella_peruviana,False,False,,,
1254,245,Gegeneophis_carnosus,Periah Peak Caecilian,Gymnophiona,Indotyphlidae,DD,4.75772811188479,14.5399714338743,30.8500373631267,9.38046892768655,0.159716956191857,0.565509875480451,27.1395589188971,0.0,0,1000,direct,Gegeneophis_carnosus,False,False,,,
1245,259,Phrynobatrachus_kakamikro,,Anura,Phrynobatrachidae,DD,4.80868411716329,12.1216267275763,30.1186219207267,14.1069466135494,0.179548637407013,0.635704842635232,25.2050951480368,0.0,0,1000,direct,Phrynobatrachus_kakamikro,False,False,,,
1294,317,Ischnocnema_nanahallux,,Anura,Brachycephalidae,DD,4.60437773196143,12.3986430409373,27.8771680904817,12.409122701823,0.185658833062118,0.647342102101141,23.4791238018968,0.0,0,1000,direct,Ischnocnema_nanahallux,False,False,,,
1267,328,Xenopus_ruwenzoriensis,,Anura,Pipidae,DD,4.71339456963462,12.8877669213572,27.5823425210977,6.77872144378334,0.165986041475851,0.466886003602632,22.42467216156,0.0,0,1000,direct,Xenopus_ruwenzoriensis,False,False,,,
1364,338,Gastrotheca_galeata,Helmeted Marsupial Frog,Anura,Hemiphractidae,DD,4.36450280383385,12.8917895830576,27.2756300577093,13.7765565743409,0.190074876861224,0.681590338840482,22.067841235541,0.0,0,1000,direct,Gastrotheca_galeata,False,False,,,
1333,342,Geotrypetes_pseudoangeli,False Angel's Caecilian,Gymnophiona,Dermophiidae,DD,4.4858177597261,10.3056323286838,27.1911628265415,32.8548793270293,0.158234030360422,0.559591136188145,27.1322851517972,0.0,0,1000,direct,Geotrypetes_pseudoangeli,False,False,,,
1418,356,Allobates_ornatus,,Anura,Dendrobatidae,DD,4.22375504981645,11.9281634466881,26.8801702812228,7.11981238804292,0.167631955243657,0.572957976511808,23.3314732977602,0.0,0,1000,direct,Allobates_ornatus,False,False,,,
1477,373,Gegeneophis_madhavai,Mudur Caecilian,Gymnophiona,Indotyphlidae,DD,4.03444656602842,10.8708849796578,26.5328232436685,8.25893967907537,0.159001205764598,0.565801594746955,23.4777760775649,0.0,0,1000,direct,Gegeneophis_madhavai,False,False,,,
1125,374,Indotyphlus_battersbyi,Battersby's Caecilian,Gymnophiona,Indotyphlidae,DD,5.29506945991894,14.8004207346257,26.5313009722544,17.1428943277731,0.158652640391634,0.564985581615989,19.54215261495,0.0,0,1000,direct,Indotyphlus_battersbyi,False,False,,,
1112,379,Indotyphlus_maharashtraensis,Humbarli Caecilian,Gymnophiona,Indotyphlidae,DD,5.39721267315402,14.3366807001885,26.4098442040538,16.6868765754955,0.158652640391634,0.564985581615989,19.54215261495,0.0,0,1000,direct,Indotyphlus_maharashtraensis,False,False,,,
1367,384,Geotrypetes_angeli,Angel's Caecilian,Gymnophiona,Dermophiidae,DD,4.35424711658961,11.5325555711056,26.267308599217,32.3740637531468,0.157926559779375,0.552179941852455,26.3405570690363,0.0,0,1000,direct,Geotrypetes_angeli,False,False,,,
1334,409,Uraeotyphlus_gansi,Gansi Caecilian,Gymnophiona,Ichthyophiidae,DD,4.48312833492948,10.0092588266272,25.5760386435634,26.3693410514321,0.159788236873952,0.588727657012423,22.5960601560954,0.0,0,1000,direct,Uraeotyphlus_gansi,False,False,,,
1446,414,Allobates_peruvianus,Peru Rocket Frog,Anura,Dendrobatidae,DD,4.12103262034044,10.2701391654729,25.3391772928592,8.39310014135286,0.168526352986209,0.573145656413546,22.5786369168745,0.0,0,1000,direct,Allobates_peruvianus,False,False,,,
1410,422,Hymenochirus_feae,,Anura,Pipidae,DD,4.24235860255072,10.3189484124434,25.1939934765868,32.7453254365678,0.166983128137592,0.502152167346277,27.6393894356738,0.0,0,1000,direct,Hymenochirus_feae,False,False,,,
1520,444,Hylophorbus_rufescens,,Anura,Microhylidae,DD,3.89366523156676,10.8405327487703,24.4616237305169,10.2043804810278,0.193196560688065,0.647486906713245,22.4708243700854,0.0,0,1000,direct,Hylophorbus_rufescens,False,False,,,
1489,460,Caecilita_iwokramae,,Gymnophiona,Siphonopidae,DD,3.99234325509919,9.50228231226187,24.0419203677202,26.8938555957833,0.159716956191857,0.564478075472769,27.3222185691382,0.0,0,1000,GBIF_accepted,Microcaecilia_iwokramae,False,False,,,
1234,478,Metamagnusia_marani,,Anura,Microhylidae,DD,4.83415639813712,13.4510933809431,23.7226681625038,6.92835228888058,0.193196560688065,0.646639486440366,21.20089606348,0.0,0,1000,GBIF_accepted,Asterophrys_marani,False,False,,,
1258,479,Oninia_senglaubi,,Anura,Microhylidae,DD,4.74573538272814,13.9668157293641,23.6915355662701,7.02357097315375,0.193740177077535,0.650402755114959,21.20089606348,0.0,0,1000,direct,Oninia_senglaubi,False,False,,,
1371,496,Hymenochirus_boulengeri,,Anura,Pipidae,DD,4.34715222859303,9.88066183660056,23.4110707823644,32.6306147824967,0.166983128137592,0.501911762188936,26.4796243949772,0.0,0,1000,direct,Hymenochirus_boulengeri,False,False,,,
1589,540,Hyloxalus_craspedoceps,,Anura,Dendrobatidae,DD,3.6674347735966,8.41029227738262,22.548249841769,11.8301950875054,0.168214593645909,0.59381791177991,16.9655669847392,0.0,0,1000,direct,Hyloxalus_craspedoceps,False,False,,,
1668,595,Phrynobatrachus_maculiventris,,Anura,Phrynobatrachidae,NM,3.43991753116687,9.54079995152852,21.6638409860889,10.9464771053277,0.179042431178678,0.638631985321276,18.6949099685457,0.0,0,1000,no_RedList_match,,False,False,,,
1474,604,Hyperolius_lupiroensis,Lupiro Long Reed Frog,Anura,Hyperoliidae,DD,4.0368109741488,9.29042263816095,21.5573152317587,40.579915788009,0.173503458183883,0.484330834813613,23.8499214115743,0.0,0,1000,direct,Hyperolius_lupiroensis,False,False,,,
1601,651,Gracilixalus_carinensis,,Anura,Rhacophoridae,NM,3.62988147874695,10.1980488379153,20.8477168894597,6.4169396730261,0.165389535956814,0.536779763970453,20.2609165626027,0.0,0,1000,no_RedList_match,,False,False,,,
1502,666,Hemisus_wittei,De Witte’s Snout-burrower,Anura,Hemisotidae,DD,3.94231339179977,9.27563374500264,20.6962341665518,29.4713693749669,0.173431851346135,0.482201886343718,26.0893082218934,0.0,0,1000,direct,Hemisus_wittei,False,False,,,
1644,673,Paratelmatobius_yepiranga,,Anura,Leptodactylidae,DD,3.50997317697663,7.63481598416122,20.6588808843228,20.3521346097419,0.177214341813134,0.553276999682585,15.718075214877,0.0,0,1000,direct,Paratelmatobius_yepiranga,False,False,,,
1676,677,Rugosa_tiantaiensis,,Anura,Ranidae,NM,3.43004778249336,8.74762880044309,20.5856569906952,5.92751564688796,0.164276558945935,0.441533754911427,18.8506387142749,0.0,0,1000,no_RedList_match,,False,False,,,
1727,695,Phrynobatrachus_ruthbeateae,Ruth Beate's Puddle Frog,Anura,Phrynobatrachidae,DD,3.30051724452857,9.35437347466796,20.2969658752926,8.74060480412724,0.180547109845956,0.638133558950068,17.8877932035776,0.0,0,1000,direct,Phrynobatrachus_ruthbeateae,False,False,,,
1751,746,Uraeotyphlus_oommeni,Oommen's Caecilian,Gymnophiona,Ichthyophiidae,DD,3.24601760131637,8.06021553780714,19.8445117061623,22.1551676744968,0.161023668593255,0.58899818562744,17.4021248654068,0.0,0,1000,direct,Uraeotyphlus_oommeni,False,False,,,
1650,756,Chthonerpeton_onorei,El Reventador Caecilian,Gymnophiona,Typhlonectidae,DD,3.48502018509454,8.26687005468592,19.771509405058,24.9258192365052,0.158652640391634,0.592574176693249,22.1756679380485,0.0,0,1000,direct,Chthonerpeton_onorei,False,False,,,
1638,761,Uraeotyphlus_malabaricus,Malabar Caecilian,Gymnophiona,Ichthyophiidae,DD,3.52740284488208,8.13976105044534,19.7371893340534,22.8310482888715,0.161023668593255,0.597432660289167,18.6066550515981,0.0,0,1000,direct,Uraeotyphlus_malabaricus,False,False,,,
1658,779,Chthonerpeton_perissodus,Minas Gerais Caecilian,Gymnophiona,Typhlonectidae,DD,3.47317421145478,8.3777741235462,19.5351301260976,24.026360703995,0.158652640391634,0.592574176693249,20.9639643308402,0.0,0,1000,direct,Chthonerpeton_perissodus,False,False,,,
1568,780,Dendrobatorana_dorsalis,,Anura,Rhacophoridae,NM,3.73924910132382,8.16087125355761,19.4957980184169,16.4910618226414,0.166762954451852,0.502337670891555,21.263709036108,0.0,0,1000,no_RedList_match,,False,False,,,
1620,785,Noblella_duellmani,,Anura,Strabomantidae,DD,3.57173498294759,8.50140343045933,19.4157392966165,22.8881143830366,0.184347989215724,0.596050683041422,17.562902125413,0.0,0,1000,direct,Noblella_duellmani,False,False,,,
1758,786,Pristimantis_wiensi,,Anura,Strabomantidae,DD,3.22598214284337,9.01285553468995,19.4132096479458,7.94858331565534,0.184852399085686,0.639442278309137,15.6375861638756,0.0,0,1000,direct,Pristimantis_wiensi,False,False,,,
1805,807,Pseudohynobius_guizhouensis,,Caudata,Hynobiidae,DD,3.08964010802054,10.8461769509977,19.1843246720874,3.50907751048498,0.158234030360422,0.559591136188145,10.723219342103,0.0,0,1000,direct,Pseudohynobius_guizhouensis,False,False,,,
1741,844,Chthonerpeton_braestrupi,Braestrup's Caecilian,Gymnophiona,Typhlonectidae,DD,3.25925132197442,7.57652423396595,18.919689825478,25.8646655160863,0.157926559779375,0.582557303996661,21.3309000865028,0.0,0,1000,direct,Chthonerpeton_braestrupi,False,False,,,
1617,860,Uraeotyphlus_interruptus,Chengalam Caecilian,Gymnophiona,Ichthyophiidae,DD,3.5844431220795,7.97296810198464,18.8077742466618,23.7944602965949,0.159788236873952,0.588727657012423,18.7825734162024,0.0,0,1000,direct,Uraeotyphlus_interruptus,False,False,,,
1766,873,Chthonerpeton_exile,Bahia Caecilian,Gymnophiona,Typhlonectidae,DD,3.19036108617492,7.69198702294625,18.6554352057624,24.480736656529,0.158234030360422,0.585411640169751,21.0965475365894,0.0,0,1000,direct,Chthonerpeton_exile,False,False,,,
1712,882,Uraeotyphlus_menoni,Kerala Caecilian,Gymnophiona,Ichthyophiidae,DD,3.34312254504871,8.07267531788774,18.5413885843188,21.9386186537002,0.159788236873952,0.584902584176814,17.8055833915531,0.0,0,1000,direct,Uraeotyphlus_menoni,False,False,,,
1717,884,Adelophryne_patamona,,Anura,Eleutherodactylidae,DD,3.33915185065486,9.24517054994388,18.5309232326944,8.28138563700756,0.180298561878804,0.624332675327188,17.7584748357553,0.0,0,1000,direct,Adelophryne_patamona,False,False,,,
1648,887,Phrynobatrachus_pygmaeus,,Anura,Phrynobatrachidae,DD,3.49340704578726,8.73392111465591,18.4870220956706,19.4031165958144,0.181703501084761,0.635704842635232,18.4522044691235,0.0,0,1000,direct,Phrynobatrachus_pygmaeus,False,False,,,
1688,894,Mimosiphonops_vermiculatus,Worm-patterned Caecilian,Gymnophiona,Siphonopidae,DD,3.4033543282616,8.24413013764286,18.448569154421,21.1081209524066,0.161023668593255,0.568111393654681,14.2634504968326,0.0,0,1000,direct,Mimosiphonops_vermiculatus,False,False,,,
1705,909,Uraeotyphlus_oxyurus,Red Caecilian,Gymnophiona,Ichthyophiidae,DD,3.36488041243359,8.01291832419684,18.338914656394,20.8066070265651,0.161023668593255,0.584902584176814,17.4768621395995,0.0,0,1000,direct,Uraeotyphlus_oxyurus,False,False,,,
1708,918,Mimosiphonops_reinhardti,Reinhardt's Caecilian,Gymnophiona,Siphonopidae,DD,3.35697834933021,8.51988691755881,18.2525069467123,21.440602286387,0.160382768814393,0.565564617218751,14.2634504968326,0.0,0,1000,direct,Mimosiphonops_reinhardti,False,False,,,
2006,920,Dendrophryniscus_oreites,,Anura,Bufonidae,DD,2.72461753044816,6.67129793341601,18.2377058778454,8.20487989418662,0.182554764337875,0.579288860625902,14.3524182031585,0.0,0,1000,direct,Dendrophryniscus_oreites,False,False,,,
1794,936,Craugastor_cuaquero,Puntarenas Robber Frog,Anura,Craugastoridae,DD,3.12932669148702,7.93232964922058,18.0870377670149,11.2359825243455,0.180298561878804,0.668070407541907,5.85578096644803,0.0,0,1000,direct,Craugastor_cuaquero,False,False,,,
1760,937,Ichthyophis_elongatus,Elongated Caecilian,Gymnophiona,Ichthyophiidae,DD,3.21809854511989,8.34960869761505,18.0774642884771,20.8634588600276,0.161023668593255,0.588727657012423,18.2093137612098,0.0,0,1000,direct,Ichthyophis_elongatus,False,False,,,
1696,949,Plethodontohyla_angulifera,,Anura,Microhylidae,NM,3.38967312726932,7.87764024342875,17.9689908095766,15.7513291124226,0.180474730371037,0.55503888376483,13.8469156590091,0.0,0,1000,no_RedList_match,,False,False,,,
1950,961,Paedophryne_oyatabu,,Anura,Microhylidae,DD,2.82364756500203,7.70514718639298,17.8967961723605,15.4510269959643,0.187352290787223,0.657857439496671,12.9346908603796,0.0,0,1000,direct,Paedophryne_oyatabu,False,False,,,
1943,990,Caudacaecilia_larutensis,Larut Hills Caecilian,Gymnophiona,Ichthyophiidae,DD,2.83056439451058,7.2338351079679,17.6256827176476,17.7684656659081,0.157327803208045,0.552136720295456,15.8721949325695,0.0,0,1000,GBIF_accepted,Ichthyophis_larutensis,False,False,,,
1844,995,Ichthyophis_garoensis,Garo Hills Caecilian,Gymnophiona,Ichthyophiidae,DD,3.00566108201656,7.78292360762614,17.5954361892195,21.7104272511523,0.157327803208045,0.564715053000972,18.8306393141082,0.0,0,1000,direct,Ichthyophis_garoensis,False,False,,,
1929,1010,Gegeneophis_mhadeiensis,Mhadei Caecilian,Gymnophiona,Indotyphlidae,DD,2.85207728078704,8.23923319864723,17.4910306554215,5.54081437858986,0.158652640391634,0.564715053000972,16.147734280866,0.0,0,1000,direct,Gegeneophis_mhadeiensis,False,False,,,
1733,1013,Indirana_longicrus,Kempholey Bubble-nest Frog,Anura,Ranixalidae,DD,3.29099745524978,8.91659918937278,17.4534143339888,20.8635697708279,0.172388211540444,0.582616261673593,20.7930167098815,0.0,0,1000,direct,Indirana_longicrus,False,False,,,
1738,1023,Lynchius_flavomaculatus,Yellow-spotted Andes Frog,Anura,Strabomantidae,DD,3.27076072523139,9.74751392358055,17.3921767180637,6.84900638488079,0.185785744229175,0.672910279290414,8.061263797014,0.0,0,1000,direct,Lynchius_flavomaculatus,False,False,,,
1838,1027,Philautus_kakipanjang,,Anura,Rhacophoridae,NM,3.01939867230477,6.4273300858904,17.3627973621373,19.1705683610068,0.165757839263197,0.535994598834991,13.0884192917236,0.0,0,1000,no_RedList_match,,False,False,,,
1956,1039,Hyloxalus_idiomelus,,Anura,Dendrobatidae,DD,2.80206023188175,7.73532256626265,17.2942517690408,7.95345019658505,0.168409901470264,0.600060822606491,12.7060499691252,0.0,0,1000,direct,Hyloxalus_idiomelus,False,False,,,
1808,1048,Ichthyophis_singaporensis,Singapore Caecilian,Gymnophiona,Ichthyophiidae,DD,3.08711174277139,8.63144968856432,17.1879338981852,20.5417038188756,0.157765974936778,0.565509875480451,19.3547864773786,0.0,0,1000,direct,Ichthyophis_singaporensis,False,False,,,
1671,1050,Phrynobatrachus_nanus,,Anura,Phrynobatrachidae,DD,3.43690748723257,8.26058429079892,17.147351478904,20.1602002846975,0.179548637407013,0.637610621202389,18.4502626029723,0.0,0,1000,direct,Phrynobatrachus_nanus,False,False,,,
1903,1054,Pedostibes_kempi,Kemp's Asian Tree Toad,Anura,Bufonidae,DD,2.90276144722128,7.49276139333413,17.1386367920163,11.4361654798153,0.168804327640178,0.581136996964794,12.2105359787087,0.0,0,1000,GBIF_accepted,Bufoides_kempi,False,False,,,
1817,1058,Gastrotheca_guentheri,Gunther's Marsupial Frog,Anura,Hemiphractidae,DD,3.05838858542006,9.88435020431204,17.1320104056943,7.13397619391647,0.179352246942142,0.655922421202258,15.2740614181452,0.0,0,1000,direct,Gastrotheca_guentheri,False,False,,,
1902,1066,Ichthyophis_husaini,Garo Hills Caecilian,Gymnophiona,Ichthyophiidae,DD,2.90348020260273,7.74366889517498,17.0556196960816,20.9916061940185,0.159788236873952,0.58517311279183,18.3332749254447,0.0,0,1000,GBIF_accepted,Ichthyophis_garoensis,False,False,,,
1826,1069,Platypelis_cowanii,Betsileo Giant Treefrog,Anura,Microhylidae,DD,3.03926373530102,7.8810552064299,17.0383472126593,12.0283759733521,0.180474730371037,0.554939903511033,12.4609149334967,0.0,0,1000,direct,Platypelis_cowanii,False,False,,,
1999,1083,Gegeneophis_orientalis,Eastern Geg,Gymnophiona,Indotyphlidae,DD,2.7348950426582,6.82350076878096,16.8716983431073,17.2662623398394,0.158652640391634,0.564715053000972,15.2842935773036,0.0,0,1000,direct,Gegeneophis_orientalis,False,False,,,
1847,1093,Ichthyophis_laosensis,Upper Laos Caecilian,Gymnophiona,Ichthyophiidae,DD,3.00112463788639,7.65903546747145,16.7985493505745,22.2765723714602,0.157765974936778,0.560177944393612,18.7000387033397,0.0,0,1000,direct,Ichthyophis_laosensis,False,False,,,
1917,1110,Phrynobatrachus_hieroglyphicus,,Anura,Phrynobatrachidae,DD,2.88127880440137,7.82462415422415,16.7256339628004,19.9489822803144,0.182814367944735,0.637502410674995,17.2672178981531,0.0,0,1000,direct,Phrynobatrachus_hieroglyphicus,False,False,,,
1757,1119,Ichthyophis_monochrous,Black Caecilian,Gymnophiona,Ichthyophiidae,DD,3.22834351518479,7.98297219291975,16.6469051574329,21.8492275313099,0.161023668593255,0.58843593774592,18.7428942413472,0.0,0,1000,direct,Ichthyophis_monochrous,False,False,,,
1832,1120,Ichthyophis_atricollaris,Long Bloee Caecilian,Gymnophiona,Ichthyophiidae,DD,3.03068904616984,7.32421276186056,16.6468631270804,20.792150569061,0.157327803208045,0.560177944393612,17.6748593422195,0.0,0,1000,direct,Ichthyophis_atricollaris,False,False,,,
1857,1123,Stumpffia_megsoni,,Anura,Microhylidae,DD,2.98415458648146,8.52635517304948,16.625320281743,6.06299660103093,0.180474730371037,0.557204946399341,8.41843267474604,0.0,0,1000,direct,Stumpffia_megsoni,False,False,,,
1835,1126,Caudacaecilia_paucidentula,Kapahiang Caecilian,Gymnophiona,Ichthyophiidae,DD,3.02238141077477,8.26049524633437,16.5963010855328,19.2333671369191,0.159001205764598,0.572557012967129,18.2429794177537,0.0,0,1000,GBIF_accepted,Ichthyophis_paucidentulus,False,False,,,
1803,1137,Aromobates_capurinensis,Capurí Rocket Frog,Anura,Dendrobatidae,DD,3.10045909424446,7.17079112593295,16.5012777009449,9.12749476516857,0.17236485768129,0.619561958756573,7.51001319686186,0.0,0,1000,direct,Aromobates_capurinensis,False,False,,,
1830,1142,Ichthyophis_dulitensis,Mount Dulit Caecilian,Gymnophiona,Ichthyophiidae,DD,3.0319766519406,7.63781849462489,16.4789785568931,22.5428608804152,0.159788236873952,0.575930015045418,19.1650790503519,0.0,0,1000,direct,Ichthyophis_dulitensis,False,False,,,
1870,1148,Gastrotheca_zeugocystis,,Anura,Hemiphractidae,DD,2.96496603888202,9.04201110525451,16.4574287465828,4.58966362343779,0.183576810700091,0.676711073963956,14.9864638885264,0.0,0,1000,direct,Gastrotheca_zeugocystis,False,False,,,
2000,1152,Truebella_skoptes,,Anura,Bufonidae,DD,2.7341693296603,7.11188259396287,16.4208824173348,16.6992191824448,0.183744619005032,0.59352077500386,6.73953320042064,0.0,0,1000,direct,Truebella_skoptes,False,False,,,
1706,1153,Indirana_tenuilingua,,Anura,Ranixalidae,NM,3.36293572340697,8.40394047112133,16.4052370617169,23.4198456805071,0.17465091641944,0.582496426462962,20.5684070247871,0.0,0,1000,no_RedList_match,,False,False,,,
1851,1172,Ichthyophis_javanicus,Java Caecilian,Gymnophiona,Ichthyophiidae,DD,2.99222173896412,7.67787822270542,16.3035372538198,20.5867250814787,0.159001205764598,0.575984756783718,18.0116533066534,0.0,0,1000,direct,Ichthyophis_javanicus,False,False,,,
1889,1173,Ichthyophis_kohtaoensis,Koa Tao Island Caecilian,Gymnophiona,Ichthyophiidae,DD,2.93273924414915,7.69513692052167,16.2958061513229,19.3989300091708,0.159788236873952,0.575930015045418,17.8450684392995,0.0,0,1000,direct,Ichthyophis_kohtaoensis,False,False,,,
2179,1179,Hylarana_miopus,,Anura,Ranidae,NM,2.43070712019622,6.02035794541599,16.2555232415062,7.30695703859639,0.164473653464944,0.451678934238136,13.8385933042799,0.0,0,1000,no_RedList_match,,False,False,,,
1958,1212,Oreobates_machiguenga,,Anura,Strabomantidae,DD,2.80152384793705,8.40345358443255,16.0494724474259,5.17912237587925,0.184476500337859,0.663856057549815,12.5678966781016,0.0,0,1000,direct,Oreobates_machiguenga,False,False,,,
1884,1214,Ichthyophis_acuminatus,Me Wang Valley Caecilian,Gymnophiona,Ichthyophiidae,DD,2.94108703360599,7.50451921331209,16.0364892988551,20.14085741321,0.161023668593255,0.588727657012423,17.5596422864841,0.0,0,1000,direct,Ichthyophis_acuminatus,False,False,,,
1940,1215,Aromobates_inflexus,,Anura,Dendrobatidae,NM,2.83549750049892,8.24851042626653,16.0364833618151,9.16903285914119,0.170163016139896,0.608602697666575,9.50948527820346,0.0,0,1000,no_RedList_match,,False,False,,,
1767,1224,Caudacaecilia_nigroflava,Kuala Lumpur Caecilian,Gymnophiona,Ichthyophiidae,DD,3.18629811699319,7.39723971810849,15.9937414600122,22.4131052749076,0.159788236873952,0.575930015045418,18.4160896591899,0.0,0,1000,GBIF_accepted,Ichthyophis_nigroflavus,False,False,,,
2073,1248,Ansonia_latirostra,,Anura,Bufonidae,DD,2.59917151372437,6.22495824086481,15.8321203500369,6.83986023686564,0.17020488043982,0.576347018562084,13.7488612389007,0.0,0,1000,direct,Ansonia_latirostra,False,False,,,
2002,1252,Gegeneophis_primus,Malabar Cardamom Geg,Gymnophiona,Indotyphlidae,DD,2.72815178129383,6.57081373585759,15.8121735647511,16.1363819925233,0.159001205764598,0.565564617218751,14.599341095942,0.0,0,1000,direct,Gegeneophis_primus,False,False,,,
2190,1282,Philautus_petersi,Peters' Bubble-nest Frog,Anura,Rhacophoridae,DD,2.41741128713534,5.55534146736235,15.6097630081505,15.7158332486855,0.165757839263197,0.527995315202436,12.5216748707,0.0,0,1000,direct,Philautus_petersi,False,False,,,
2020,1291,Gegeneophis_pareshi,Paresh's Gegeneophis,Gymnophiona,Indotyphlidae,DD,2.6937467594914,6.37103271042413,15.5700827107884,17.4310785348108,0.159716956191857,0.565564617218751,14.6401241776352,0.0,0,1000,direct,Gegeneophis_pareshi,False,False,,,
2120,1292,Cynops_orientalis,,Caudata,Salamandridae,NM,2.52677043426519,8.70226748272787,15.5700066600402,3.68691457958729,0.158652640391634,0.559040408487927,7.3217557516758,0.0,0,1000,no_RedList_match,,False,False,,,
2182,1301,Caudacaecilia_asplenia,Boven Mahakkam Caecilian,Gymnophiona,Ichthyophiidae,DD,2.42432627406432,6.0308483090027,15.5380071645981,13.6856398402717,0.156900428987954,0.564715053000972,13.9398891057118,0.0,0,1000,GBIF_accepted,Ichthyophis_asplenius,False,False,,,
2121,1315,Hyloxalus_chlorocraspedus,,Anura,Dendrobatidae,DD,2.52547426931992,6.65788945520539,15.4709735517805,8.78609276977532,0.168409901470264,0.59381791177991,7.64922755987748,0.0,0,1000,direct,Hyloxalus_chlorocraspedus,False,False,,,
1853,1320,Ichthyophis_humphreyi,Humphrey's Caecilian,Gymnophiona,Ichthyophiidae,DD,2.99163506915189,7.51000253389129,15.4540844589831,20.695920239214,0.161735431936298,0.59716213167415,17.1290575379339,0.0,0,1000,direct,Ichthyophis_humphreyi,False,False,,,
2107,1321,Gracixalus_guyeti,,Anura,Rhacophoridae,NM,2.54950420335316,7.89932289886145,15.4537316782715,4.49891477878952,0.165605638882113,0.536314408936688,15.472099851316,0.0,0,1000,no_RedList_match,,False,False,,,
1872,1323,Ichthyophis_glandulosus,Abungabung Caecilian,Gymnophiona,Ichthyophiidae,DD,2.96197664003115,6.72297347961075,15.4502173680588,19.2719325438766,0.157327803208045,0.564715053000972,17.2988172602477,0.0,0,1000,direct,Ichthyophis_glandulosus,False,False,,,
1848,1334,Niceforonia_columbiana,,Anura,Strabomantidae,NM,3.00105272182187,7.32744326833438,15.4092734596618,14.1304216227596,0.184347989215724,0.591880640023148,12.5356818514667,0.0,0,1000,no_RedList_match,,False,False,,,
1895,1349,Ichthyophis_sendenyu,Sendenyu Striped Ichthyophis,Gymnophiona,Ichthyophiidae,DD,2.91271525946775,7.11671079014534,15.3208485587852,19.7130050798826,0.158117822924439,0.568111393654681,16.8912579663674,0.0,0,1000,direct,Ichthyophis_sendenyu,False,False,,,
1920,1353,Ichthyophis_bernisi,Indonesia Caecilian,Gymnophiona,Ichthyophiidae,DD,2.87587157015673,7.13276625804806,15.3058689545523,20.3816506113117,0.156900428987954,0.560177944393612,18.5216112510513,0.0,0,1000,direct,Ichthyophis_bernisi,False,False,,,
1774,1365,Phrynobatrachus_dalcqi,,Anura,Phrynobatrachidae,DD,3.17395698537164,7.47572864189868,15.2709125708313,20.0545605516931,0.179042431178678,0.638133558950068,16.9230001620104,0.0,0,1000,direct,Phrynobatrachus_dalcqi,False,False,,,
1970,1374,Ichthyophis_sumatranus,Sumatra Caecilian,Gymnophiona,Ichthyophiidae,DD,2.77137201146939,7.80424763193907,15.2162351834717,19.9552974797534,0.157765974936778,0.564478075472769,17.3964668279848,0.0,0,1000,direct,Ichthyophis_sumatranus,False,False,,,
2104,1389,Gracixalus_jinxiuensis,Jinxiu Bubble-nest Frog,Anura,Rhacophoridae,DD,2.55245288503526,7.51727462406072,15.1568264747722,5.35751558652453,0.16521604822198,0.535343879898972,14.759210609125,0.0,0,1000,direct,Gracixalus_jinxiuensis,False,False,,,
1978,1393,Ichthyophis_youngorum,Chang Mai Caecilian,Gymnophiona,Ichthyophiidae,DD,2.76072443513936,7.64085427552017,15.1488974854796,19.1906057459782,0.159788236873952,0.58899818562744,17.4849290731442,0.0,0,1000,direct,Ichthyophis_youngorum,False,False,,,
1947,1398,Ichthyophis_billitonensis,Billiton Island Caecilian,Gymnophiona,Ichthyophiidae,DD,2.82673532392195,7.26285897976167,15.1283730438157,20.5294521282437,0.157327803208045,0.565564617218751,17.2133319469458,0.0,0,1000,direct,Ichthyophis_billitonensis,False,False,,,
1810,1404,Phrynobatrachus_sternfeldi,,Anura,Phrynobatrachidae,DD,3.07590845546082,7.37843148824628,15.1061241386012,18.6131271917011,0.179042431178678,0.638133558950068,14.9609652986591,0.0,0,1000,direct,Phrynobatrachus_sternfeldi,False,False,,,
1854,1413,Psychrophrynella_iani,,Anura,Strabomantidae,DD,2.9895689044,6.64816941303475,15.0748807336521,12.8755496563821,0.17731467635847,0.538970149031396,10.6068124178024,0.0,0,1000,GBIF_accepted,Microkayla_iani,False,False,,,
1954,1414,Ichthyophis_moustakius,Manipur Moustached Ichthyophis,Gymnophiona,Ichthyophiidae,DD,2.80326921701786,7.53610702844946,15.0746030557412,21.7621513857817,0.156900428987954,0.560177944393612,17.4125602645385,0.0,0,1000,direct,Ichthyophis_moustakius,False,False,,,
2055,1434,Gastrotheca_antoniiochoai,,Anura,Hemiphractidae,DD,2.63025351444367,6.98568752502317,14.9999084539562,5.38292370035027,0.190074876861224,0.675198603345178,13.4384170854822,0.0,0,1000,direct,Gastrotheca_antoniiochoai,False,False,,,
1995,1438,Ichthyophis_daribokensis,Daribok's Striped Caecilian,Gymnophiona,Ichthyophiidae,DD,2.74048169369904,6.7763776285951,14.9692123806193,21.409090726745,0.157765974936778,0.564478075472769,17.1283452783071,0.0,0,1000,direct,Ichthyophis_daribokensis,False,False,,,
1985,1450,Phrynobatrachus_brongersmai,,Anura,Phrynobatrachidae,DD,2.74848610066101,7.18656363957015,14.8921003077076,17.7790191717076,0.180547109845956,0.628128300112339,15.2005517030308,0.0,0,1000,direct,Phrynobatrachus_brongersmai,False,False,,,
1971,1479,Phrynobatrachus_cryptotis,,Anura,Phrynobatrachidae,DD,2.77133590209431,6.28846337518433,14.7529078931856,17.3471162745906,0.180547109845956,0.637610621202389,14.6286830519953,0.0,0,1000,direct,Phrynobatrachus_cryptotis,False,False,,,
1976,1483,Ctenophryne_minor,Colombian Egg Frog,Anura,Microhylidae,DD,2.76202903223601,6.30771039221504,14.7437475515971,15.344181230798,0.173503458183883,0.532033856083332,13.5571042928917,0.0,0,1000,direct,Ctenophryne_minor,False,False,,,
1926,1488,Ichthyophis_khumhzi,Khumhzi Striped Ichthyophis,Gymnophiona,Ichthyophiidae,DD,2.86363154067477,7.2025795838296,14.7222708700459,19.6344557945453,0.157765974936778,0.565801594746955,16.6229786686324,0.0,0,1000,direct,Ichthyophis_khumhzi,False,False,,,
1875,1490,Mucubatrachus_peramerus,,Anura,Strabomantidae,NM,2.95838779363199,6.91341999869248,14.7172960152324,14.9889132718085,0.184347989215724,0.583146907839951,12.5544482113299,0.0,0,1000,no_RedList_match,,False,False,,,
2217,1497,Onychodactylus_zhangyapingi,Jilin Clawed Salamander,Caudata,Hynobiidae,DD,2.37017551028715,6.90400789299855,14.6915732354385,4.0871043739015,0.157926559779375,0.564996798609268,13.0784877509938,0.0,0,1000,direct,Onychodactylus_zhangyapingi,False,False,,,
2039,1498,Ingerana_reticulata,,Anura,Dicroglossidae,DD,2.6613531723079,7.01754441429025,14.6901564827951,20.61427031488,0.171009862162587,0.571698565746269,17.7016058469503,0.0,0,1000,direct,Ingerana_reticulata,False,False,,,
2065,1500,Stefania_woodleyi,Woodley's Stefania,Anura,Hemiphractidae,DD,2.60996446857879,6.07662381065512,14.6865825895351,11.9731826132233,0.175382381556231,0.643887832424244,9.93991357757919,0.0,0,1000,direct,Stefania_woodleyi,False,False,,,
2019,1502,Ichthyophis_alfredii,Alfred's Striped Caecilian,Gymnophiona,Ichthyophiidae,DD,2.69896008414538,6.68240231060367,14.6782050317955,20.6371379523389,0.156900428987954,0.564985581615989,17.4420285518484,0.0,0,1000,GBIF_accepted,Ichthyophis_alfredi,False,False,,,
2004,1518,Phrynobatrachus_ogoensis,Ogowe River Frog,Anura,Phrynobatrachidae,DD,2.72733263822867,5.96554988626445,14.5937217690047,17.1565719112937,0.178541398339759,0.635459045511742,15.3382774322102,0.0,0,1000,direct,Phrynobatrachus_ogoensis,False,False,,,
2176,1520,Litoria_spartacus,,Anura,Hylidae,DD,2.43690375134385,5.60547332714313,14.5805857037252,14.4589184674659,0.187664990530121,0.635273823931595,12.5968764860365,0.0,0,1000,direct,Litoria_spartacus,False,False,,,
1896,1526,Cryptobatrachus_nicefori,Colombian Backpack Frog,Anura,Hemiphractidae,DD,2.9125796365371,7.18316942471556,14.552371761211,16.0527903848423,0.174006546284342,0.636553758238596,14.0466845142824,0.0,0,1000,GBIF_accepted,Hyla_nicefori,False,False,,,
1910,1543,Phrynobatrachus_giorgii,,Anura,Phrynobatrachidae,DD,2.88952403338187,7.79927208485053,14.4903002761302,17.8185985916318,0.182279456381909,0.634721396734602,15.3700865548304,0.0,0,1000,direct,Phrynobatrachus_giorgii,False,False,,,
1905,1545,Strabomantis_laticorpus,,Anura,Strabomantidae,DD,2.90017856411886,7.42629544690032,14.484003318378,15.5666967494466,0.183918432151188,0.583368789941795,11.6962190120812,0.0,0,1000,direct,Strabomantis_laticorpus,False,False,,,
1819,1549,Cryptobatrachus_conditus,,Anura,Hemiphractidae,DD,3.05431327793565,7.45588867006347,14.4798373829271,17.1562117017327,0.17236485768129,0.631708631631536,14.845636467485,0.0,0,1000,direct,Cryptobatrachus_conditus,False,False,,,
2160,1552,Barygenys_flavigularis,Yellow-throated Papua Frogs,Anura,Microhylidae,DD,2.46358685914329,6.46909764035738,14.4763372642514,17.9133468930312,0.17672088535038,0.61008451804336,13.9754616577601,0.0,0,1000,direct,Barygenys_flavigularis,False,False,,,
1992,1562,Arthroleptis_phrynoides,,Anura,Arthroleptidae,DD,2.7436821798782,6.38646111879165,14.4295582145281,15.5462428438771,0.175556332017394,0.54252027904336,13.9855366993148,0.0,0,1000,direct,Arthroleptis_phrynoides,False,False,,,
2114,1572,Atelopus_walkeri,Walker's Stubfoot Toad,Anura,Bufonidae,DD,2.53742515987237,6.07973879342086,14.4021146044978,13.7101263974888,0.177214341813134,0.57200156200349,6.51382574695443,0.0,0,1000,direct,Atelopus_walkeri,False,False,,,
1967,1574,Cycloramphus_asper,Werner's Button Frog,Anura,Cycloramphidae,DD,2.77752821230831,7.41613364310493,14.3982137440932,16.3898672177949,0.181037179303071,0.559054400527037,13.4307136793559,0.0,0,1000,direct,Cycloramphus_asper,False,False,,,
1944,1575,Hyloxalus_sordidatus,,Anura,Dendrobatidae,DD,2.82920869222259,7.02834721500929,14.3979515770226,8.35156251607577,0.166193890040608,0.574598946269857,9.1915072809495,0.0,0,1000,direct,Hyloxalus_sordidatus,False,False,,,
1994,1577,Atelopus_chirripoensis,,Anura,Bufonidae,DD,2.74192175908456,6.42720106726875,14.3869530924166,12.1809735516141,0.178163851179345,0.577015506382191,6.00005265540887,0.0,0,1000,direct,Atelopus_chirripoensis,False,False,,,
2103,1584,Ichthyophis_supachaii,Nakon Si Thammarat Caecilian,Gymnophiona,Ichthyophiidae,DD,2.55777765584265,7.53080162384657,14.3732510928261,18.899911284193,0.157765974936778,0.568111393654681,17.0566019954637,0.0,0,1000,direct,Ichthyophis_supachaii,False,False,,,
2134,1588,Hyla_femoralis,,Anura,Hylidae,NM,2.50925054342246,7.18305379515506,14.3608035884675,4.28081473151186,0.174022630227271,0.57592484995474,13.3834918658433,0.0,0,1000,no_RedList_match,,False,False,,,
2111,1598,Ptychadena_arnei,,Anura,Ptychadenidae,DD,2.54076909556906,6.90150343680313,14.3245583555842,19.0000182320112,0.178541398339759,0.623569590516639,17.7713702484204,0.0,0,1000,direct,Ptychadena_arnei,False,False,,,
2077,1608,Bryophryne_flammiventris,,Anura,Strabomantidae,DD,2.59622322387204,6.39333137224601,14.2970406151351,16.9788851755421,0.183068879014153,0.583788937788686,15.1488783782014,0.0,0,1000,GBIF_iucn_link,Bryophryne_flammiventris,False,False,,,
2021,1611,Cycloramphus_duseni,Ypiranga Button Frog,Anura,Cycloramphidae,DD,2.68729876828332,6.74095679033023,14.2888456695464,17.0346874908992,0.183918432151188,0.570165605283556,12.4339080101604,0.0,0,1000,direct,Cycloramphus_duseni,False,False,,,
1984,1619,Ichthyophis_nokrekensis,Nokrek's Striped Caecilian,Gymnophiona,Ichthyophiidae,DD,2.75097139737404,7.25700935818008,14.2504344861768,18.9299971916078,0.157765974936778,0.560177944393612,16.8332434842632,0.0,0,1000,direct,Ichthyophis_nokrekensis,False,False,,,
1729,1625,Pristimantis_rozei,,Anura,Strabomantidae,DD,3.29750338388488,6.88375045389403,14.2346782367286,32.1040085327125,0.185044092885353,0.634993896857468,19.1900937205053,0.0,0,1000,direct,Pristimantis_rozei,False,False,,,
2082,1635,Hyloxalus_spilotogaster,,Anura,Dendrobatidae,DD,2.59093287610904,6.34004744221466,14.1987875366241,12.9881777740249,0.168081285979574,0.58655429402797,10.9909517105497,0.0,0,1000,direct,Hyloxalus_spilotogaster,False,False,,,
1820,1658,Haddadus_plicifer,Iguarasse Robber Frog,Anura,Craugastoridae,DD,3.05307053923576,7.31712510244057,14.1088270149806,14.5188331549108,0.184476500337859,0.650272091716789,16.6260147369184,0.0,0,1000,direct,Haddadus_plicifer,False,False,,,
1963,1661,Arthroleptis_loveridgei,,Anura,Arthroleptidae,DD,2.78756688023434,6.57405881237845,14.0991447201777,14.1186914857926,0.176139257685053,0.550163022288547,13.5346892617544,0.0,0,1000,direct,Arthroleptis_loveridgei,False,False,,,
2064,1669,Cryptothylax_minutus,,Anura,Hyperoliidae,DD,2.61336244145774,6.7825589340158,14.0343808883481,15.7756928935863,0.17041261974261,0.46955559241157,15.2126727168872,0.0,0,1000,direct,Cryptothylax_minutus,False,False,,,
2044,1680,Hyloxalus_leucophaeus,,Anura,Dendrobatidae,DD,2.65122811125855,7.34173281432044,14.0018642212596,8.86268926976111,0.166193890040608,0.578852987371907,9.34143327809506,0.0,0,1000,direct,Hyloxalus_leucophaeus,False,False,,,
2080,1686,Phrynobatrachus_brevipalmatus,Ahl's Screeching Frog,Anura,Phrynobatrachidae,DD,2.59343975297985,7.5668677470336,13.9735852438478,17.8758761514779,0.179042431178678,0.635459045511742,15.6016882671444,0.0,0,1000,direct,Phrynobatrachus_brevipalmatus,False,False,,,
1981,1688,Phrynobatrachus_anotis,,Anura,Phrynobatrachidae,DD,2.7553581355613,6.70304925476903,13.9709863687739,18.7176181779063,0.183232404712714,0.628128300112339,14.9241221972914,0.0,0,1000,direct,Phrynobatrachus_anotis,False,False,,,
2101,1690,Ichthyophis_davidi,,Gymnophiona,Ichthyophiidae,DD,2.5596342340905,6.26099756331452,13.9640277102184,17.7247485342595,0.157327803208045,0.55186619168044,15.8465834528958,0.0,0,1000,direct,Ichthyophis_davidi,False,False,,,
2070,1718,Arthroleptis_vercammeni,,Anura,Arthroleptidae,DD,2.60145988131048,6.52167926193048,13.8366397298008,16.5878540926778,0.175556332017394,0.549735365062804,14.0476235599998,0.0,0,1000,direct,Arthroleptis_vercammeni,False,False,,,
2099,1720,Bryophryne_abramalagae,,Anura,Strabomantidae,DD,2.56309467601932,6.1266979537626,13.8344961987041,17.5805769921884,0.181037179303071,0.562910350976412,14.9653095932227,0.0,0,1000,direct,Bryophryne_abramalagae,False,False,,,
2343,1729,Gegeneophis_goaensis,Goa Caecilian,Gymnophiona,Indotyphlidae,DD,2.1678966904303,6.02196175290419,13.7977457226466,4.50217984964214,0.158652640391634,0.564715053000972,12.6202904641605,0.0,0,1000,direct,Gegeneophis_goaensis,False,False,,,
2229,1732,Rana_maoershanensis,,Anura,Ranidae,NM,2.35104631668465,5.77308054355918,13.7765902274431,5.13948125079917,0.159744284855819,0.420404619135805,12.0439177679274,0.0,0,1000,no_RedList_match,,False,False,,,
2119,1738,Phrynobatrachus_gastoni,,Anura,Phrynobatrachidae,DD,2.52842048677413,7.12199564719459,13.7436687307264,16.8384145031047,0.179548637407013,0.637945763280793,13.7340730675491,0.0,0,1000,direct,Phrynobatrachus_gastoni,False,False,,,
2385,1742,Hyperolius_jackie,Jackie's Reed Frog,Anura,Hyperoliidae,DD,2.10863249444296,4.84012206069706,13.7321637610605,14.2298070089614,0.168560701239223,0.490233868027857,11.5061882024593,0.0,0,1000,direct,Hyperolius_jackie,False,False,,,
2137,1750,Phrynobatrachus_taiensis,,Anura,Phrynobatrachidae,DD,2.50659750137729,6.74692054252784,13.7005216879259,15.9060242679979,0.178541398339759,0.628128300112339,13.2807817672989,0.0,0,1000,direct,Phrynobatrachus_taiensis,False,False,,,
2017,1760,Ptychadena_pujoli,,Anura,Ptychadenidae,DD,2.69983213213959,6.62302334241558,13.6642667724071,19.6038559550596,0.179548637407013,0.623658636441171,17.4205463891394,0.0,0,1000,direct,Ptychadena_pujoli,False,False,,,
2003,1772,Ptychadena_harenna,Harenna Forest Grass Frog,Anura,Ptychadenidae,DD,2.72811278687273,7.55594942605937,13.6217561312471,19.4301985822643,0.178541398339759,0.628245122567212,17.9189143626056,0.0,0,1000,direct,Ptychadena_harenna,False,False,,,
2042,1775,Ptychadena_submascareniensis,,Anura,Ptychadenidae,DD,2.65523854548148,6.70091302011494,13.6155897861169,17.9361691684,0.178541398339759,0.628245122567212,16.7458136012819,0.0,0,1000,direct,Ptychadena_submascareniensis,False,False,,,
2028,1781,Ptychadena_filwoha,Hot Springs Grass Frog,Anura,Ptychadenidae,DD,2.6778201742282,6.65739517095602,13.5831944113722,19.1780301209063,0.177750996161262,0.628374097235829,17.8643590612823,0.0,0,1000,direct,Ptychadena_filwoha,False,False,,,
2116,1789,Phrynobatrachus_congicus,,Anura,Phrynobatrachidae,DD,2.53665009667873,6.68598675528151,13.558646285846,19.2098801428448,0.180547109845956,0.638133558950068,15.4793225494491,0.0,0,1000,direct,Phrynobatrachus_congicus,False,False,,,
2166,1794,Phrynobatrachus_elberti,,Anura,Phrynobatrachidae,DD,2.45530052936324,6.65161989097251,13.5384007356985,17.5590918470156,0.180547109845956,0.635459045511742,14.7106151410192,0.0,0,1000,direct,Phrynobatrachus_elberti,False,False,,,
2127,1801,Ptychadena_wadei,,Anura,Ptychadenidae,DD,2.51904487655014,6.91108970890362,13.4923715962259,17.0431135823032,0.178541398339759,0.628245122567212,16.4903495307002,0.0,0,1000,direct,Ptychadena_wadei,False,False,,,
2204,1808,Gastrotheca_prasina,,Anura,Hemiphractidae,DD,2.39171962768139,6.93543585039575,13.4705476014624,4.51277844747871,0.178162589748789,0.649255569411286,12.2894651708577,0.0,0,1000,direct,Gastrotheca_prasina,False,False,,,
2058,1827,Atelopus_mandingues,,Anura,Bufonidae,DD,2.62471905083908,5.58653851572483,13.388213714882,13.1685231485639,0.176194133429583,0.571443827676033,5.77778649444926,0.0,0,1000,direct,Atelopus_mandingues,False,False,,,
2130,1847,Petropedetes_parkeri,Parker's Water Frog,Anura,Petropedetidae,DD,2.51279276558293,7.29529888184839,13.2984711347768,4.85354681515772,0.181703501084761,0.614789078468588,12.6469735257225,0.0,0,1000,direct,Petropedetes_parkeri,False,False,,,
2147,1850,Arthroleptis_zimmeri,,Anura,Arthroleptidae,DD,2.48778230850906,5.92763006078681,13.2857796170898,16.7381626166265,0.175556332017394,0.550163022288547,13.3188033878825,0.0,0,1000,direct,Arthroleptis_zimmeri,False,False,,,
2136,1857,Anomaloglossus_tepuyensis,,Anura,Dendrobatidae,DD,2.50800814603931,5.90646211758338,13.2578043326375,16.4019089370747,0.171161541835892,0.585673554282709,12.7542622297041,0.0,0,1000,direct,Anomaloglossus_tepuyensis,False,False,,,
2169,1863,Ecnomiohyla_phantasmagoria,,Anura,Hylidae,DD,2.44953719197075,6.11508621084941,13.2417768234934,18.1115679697083,0.182301474906387,0.597483690516825,9.93332365326747,0.0,0,1000,direct,Ecnomiohyla_phantasmagoria,False,False,,,
2156,1867,Hyloxalus_betancuri,,Anura,Dendrobatidae,DD,2.46851702823945,5.8491301332995,13.2274730445577,15.279122815363,0.166820222881355,0.58108493861481,10.1425874109416,0.0,0,1000,direct,Hyloxalus_betancuri,False,False,,,
2238,1892,Arthroleptis_spinalis,,Anura,Arthroleptidae,DD,2.33169665953967,5.76325945433341,13.145336784719,14.6538281812846,0.175556332017394,0.54252027904336,12.6221665798957,0.0,0,1000,direct,Arthroleptis_spinalis,False,False,,,
2154,1894,Arthroleptis_tuberosus,Rainforest Screeching Frog,Anura,Arthroleptidae,DD,2.47163505514936,6.07578158884451,13.138226382123,15.3325630299582,0.175556332017394,0.542672515881462,12.4287722971071,0.0,0,1000,direct,Arthroleptis_tuberosus,False,False,,,
2214,1901,Atelopus_siranus,,Anura,Bufonidae,DD,2.37772082330308,5.59259297308248,13.1085299873741,11.2304982776583,0.177513548684819,0.572232123815454,6.48299278185684,0.0,0,1000,direct,Atelopus_siranus,False,False,,,
2149,1916,Ptychadena_ingeri,,Anura,Ptychadenidae,DD,2.48137922404365,6.38094199584685,13.0485029249531,19.2285046806838,0.177750996161262,0.635793888559764,16.9674885995859,0.0,0,1000,direct,Ptychadena_ingeri,False,False,,,
2177,1929,Atelopus_galactogaster,Antado Stubfoot Toad,Anura,Bufonidae,DD,2.43479061069995,5.5206952743758,12.9979037803811,11.2395106893292,0.177513548684819,0.571438756251679,5.46183647931609,0.0,0,1000,direct,Atelopus_galactogaster,False,False,,,
2163,1934,Crossodactylodes_pintoi,Brown Bromeliad Frog,Anura,Leptodactylidae,DD,2.46038133273954,5.50286190600272,12.9876014091271,11.8127034004254,0.177214341813134,0.553914893752333,11.5191879367722,0.0,0,1000,direct,Crossodactylodes_pintoi,False,False,,,
2030,1942,Charadrahyla_tecuani,,Anura,Hylidae,DD,2.67733390017217,5.97390484446447,12.9622210370536,10.2756715698123,0.174022630227271,0.576028538351192,10.8853989627229,0.0,0,1000,direct,Charadrahyla_tecuani,False,False,,,
2307,1944,Hyloxalus_pulcherrimus,,Anura,Dendrobatidae,DD,2.21673574009197,6.07915215544207,12.9571748170574,8.25780394968527,0.168081285979574,0.586497505415327,8.49492511155398,0.0,0,1000,direct,Hyloxalus_pulcherrimus,False,False,,,
2124,1964,Phrynobatrachus_albomarginatus,,Anura,Phrynobatrachidae,DD,2.52424828755078,6.52515231039331,12.9200186682638,18.5837166499658,0.178541398339759,0.635459045511742,14.4852965553538,0.0,0,1000,direct,Phrynobatrachus_albomarginatus,False,False,,,
2162,1980,Telmatobius_degener,,Anura,Telmatobiidae,DD,2.4606706765212,5.13911756105022,12.8651930811774,11.8419476360679,0.180102745531761,0.554790806265044,8.88280193584907,0.0,0,1000,direct,Telmatobius_degener,False,False,,,
2202,1982,Hyloxalus_faciopunctulatus,Puerto Narino Rocket Frog,Anura,Dendrobatidae,DD,2.40251380291768,5.86843343685564,12.861864573699,12.902410039195,0.16862062868109,0.600060822606491,9.30366128933209,0.0,0,1000,direct,Hyloxalus_faciopunctulatus,False,False,,,
2128,1985,Hyloxalus_saltuarius,,Anura,Dendrobatidae,DD,2.51853629785947,5.24096923267982,12.8557910245164,12.655562370836,0.167638820677351,0.594581815060392,9.86454022223015,0.0,0,1000,direct,Hyloxalus_saltuarius,False,False,,,
2324,1997,Arthroleptis_bivittatus,,Anura,Arthroleptidae,DD,2.19692517462529,5.48192997984951,12.8074723190841,15.613781252209,0.17891924770033,0.550163022288547,12.0589096808335,0.0,0,1000,direct,Arthroleptis_bivittatus,False,False,,,
2264,2017,Arthroleptis_hematogaster,,Anura,Arthroleptidae,DD,2.2908302803765,5.84807572696196,12.7488248630346,15.6845064756883,0.175556332017394,0.550704735260563,12.6065394358642,0.0,0,1000,direct,Arthroleptis_hematogaster,False,False,,,
2207,2043,Bryophryne_zonalis,,Anura,Strabomantidae,DD,2.3889522626398,6.38124059360294,12.6467551668408,16.9463886710505,0.181954847200058,0.583788937788686,13.9113670417024,0.0,0,1000,direct,Bryophryne_zonalis,False,False,,,
2106,2046,Phrynobatrachus_rouxi,,Anura,Phrynobatrachidae,DD,2.54995710961498,7.01155631743296,12.6334124121028,20.0238151809384,0.182814367944735,0.634721396734602,15.5480694879095,0.0,0,1000,direct,Phrynobatrachus_rouxi,False,False,,,
2404,2077,Microcaecilia_iyob,,Gymnophiona,Siphonopidae,NM,2.08201575509271,5.31126449665188,12.5183171225331,16.0859193502576,0.159001205764598,0.564985581615989,14.3382770599279,0.0,0,1000,no_RedList_match,,False,False,,,
2223,2085,Colostethus_poecilonotus,Amazonas Rocket Frog,Anura,Dendrobatidae,DD,2.36147715991485,5.35503993596666,12.4979781628042,14.0132687501384,0.165820428278736,0.575564733317999,12.6050832298185,0.0,0,1000,direct,Colostethus_poecilonotus,False,False,,,
2265,2086,Hyloxalus_excisus,,Anura,Dendrobatidae,DD,2.28786821475998,5.59455927087808,12.4933958933674,12.4228230528383,0.168409901470264,0.600124629227948,10.3669346662026,0.0,0,1000,direct,Hyloxalus_excisus,False,False,,,
2173,2089,Laurentophryne_parkeri,,Anura,Bufonidae,DD,2.44333549745167,5.859122677665,12.4855749779492,17.432296065896,0.17491815318784,0.55665129130527,16.2080192044544,0.0,0,1000,direct,Laurentophryne_parkeri,False,False,,,
2334,2106,Holoaden_pholeter,,Anura,Strabomantidae,DD,2.18551220520719,5.12692301375216,12.4219202438657,12.6536055137608,0.174486955891696,0.539059733265667,11.7963781374315,0.0,0,1000,direct,Holoaden_pholeter,False,False,,,
2298,2111,Oscaecilia_koepckeorum,Quisto Cocha Caecilian,Gymnophiona,Caeciliidae,DD,2.2265199462765,5.11477986813924,12.4086406244588,16.4628885329947,0.158234030360422,0.548000628537276,13.5728110277488,0.0,0,1000,direct,Oscaecilia_koepckeorum,False,False,,,
2356,2149,Ecnomiohyla_thysanota,Cerro Mali Treefrog,Anura,Hylidae,DD,2.14680123804943,5.77915629224091,12.2604709637028,14.6494734978247,0.179465345243834,0.582133986582143,10.7789763065916,0.0,0,1000,direct,Ecnomiohyla_thysanota,False,False,,,
2355,2197,Microcaecilia_grandis,,Gymnophiona,Siphonopidae,DD,2.14805034166662,5.36099499533681,12.1315047663517,15.0574885611996,0.160382768814393,0.568166135392981,14.1553768615053,0.0,0,1000,direct,Microcaecilia_grandis,False,False,,,
2381,2204,Microcaecilia_rabei,Tiny Venezuelan Caecilian,Gymnophiona,Siphonopidae,DD,2.11465850910286,5.11800311515011,12.1136630073784,16.0786665087767,0.161023668593255,0.568166135392981,14.1113961121227,0.0,0,1000,direct,Microcaecilia_rabei,False,False,,,
2365,2223,Rugosa_emelianjovi,,Anura,Ranidae,NM,2.13470306727085,5.09460886579587,12.0653099200965,5.0008810264434,0.164276558945935,0.451478535416201,10.8529579046379,0.0,0,1000,no_RedList_match,,False,False,,,
2260,2233,Arthroleptis_mossoensis,,Anura,Arthroleptidae,DD,2.29814956715899,5.42408214176489,12.0390761172579,16.1053937945924,0.177513548684819,0.550407222438261,12.0173581731574,0.0,0,1000,direct,Arthroleptis_mossoensis,False,False,,,
2241,2235,Platymantis_wuenscheorum,,Anura,Ceratobatrachidae,DD,2.32241203399147,5.4293931564425,12.033369358202,15.5176721145551,0.180547109845956,0.596204031019047,12.2276109194697,0.0,0,1000,GBIF_accepted,Cornufer_wuenscheorum,False,False,,,
2183,2238,Telmatobius_colanensis,Colan Water Frog,Anura,Telmatobiidae,DD,2.42291790562906,5.1504434475885,12.021875389795,11.6522985530104,0.182495744503181,0.559550815170351,8.39390842867267,0.0,0,1000,direct,Telmatobius_colanensis,False,False,,,
2398,2245,Oscaecilia_hypereumeces,Joinville Caecilian,Gymnophiona,Caeciliidae,DD,2.08778869015808,5.13128700432524,11.9989914028809,16.2609807203197,0.158234030360422,0.548011845530555,12.8781545626378,0.0,0,1000,direct,Oscaecilia_hypereumeces,False,False,,,
2383,2264,Oscaecilia_zweifeli,Tributary Caecilian,Gymnophiona,Caeciliidae,DD,2.11131474515053,5.07043056140206,11.9727898104379,16.8302730776737,0.158234030360422,0.548000628537276,12.8995013727994,0.0,0,1000,direct,Oscaecilia_zweifeli,False,False,,,
2337,2274,Craugastor_batrachylus,,Anura,Craugastoridae,DD,2.18337399063485,5.65485841350681,11.9375896006225,11.7082165116629,0.182049713057435,0.664632360375589,10.6824970998682,0.0,0,1000,direct,Craugastor_batrachylus,False,False,,,
2239,2287,Ischnocnema_pusilla,Rio Mombucaba Robber Frog,Anura,Brachycephalidae,DD,2.32656631764218,5.68961603674805,11.9141157656733,14.9367315514894,0.181350140272025,0.634967696760073,13.065824489797,0.0,0,1000,direct,Ischnocnema_pusilla,False,False,,,
2146,2295,Atelopus_reticulatus,,Anura,Bufonidae,DD,2.48791466313104,5.47048010091878,11.9074466415326,14.0537497088374,0.177513548684819,0.571869254421457,7.02194871745994,0.0,0,1000,direct,Atelopus_reticulatus,False,False,,,
2420,2302,Microcaecilia_supernumeraria,Tiny Brazilian Caecilian,Gymnophiona,Siphonopidae,DD,2.05958870755964,5.68665659445427,11.8689418078411,15.4304480165449,0.161023668593255,0.568111393654681,13.7962113211935,0.0,0,1000,direct,Microcaecilia_supernumeraria,False,False,,,
2219,2325,Atelopus_carauta,Rio Carauta Stubfoot Toad,Anura,Bufonidae,DD,2.36878895989021,5.71883971098766,11.8128617822155,12.6860420158864,0.177513548684819,0.573483057842891,5.77571147252524,0.0,0,1000,direct,Atelopus_carauta,False,False,,,
2246,2332,Telmatobius_thompsoni,Thompson's Water Frog,Anura,Telmatobiidae,DD,2.31895118015619,5.41890917555843,11.8042732613982,10.8771410125801,0.181037179303071,0.554790806265044,8.22226959831155,0.0,0,1000,direct,Telmatobius_thompsoni,False,False,,,
2312,2335,Oscaecilia_elongata,Yavisa Caecilian,Gymnophiona,Caeciliidae,DD,2.21122438202696,5.15013242786927,11.7923049794922,16.3570747136924,0.158234030360422,0.548011845530555,12.8465631344633,0.0,0,1000,direct,Oscaecilia_elongata,False,False,,,
2505,2340,Oreophryne_unicolor,,Anura,Microhylidae,DD,1.94668341239102,4.95714959073026,11.783537891502,11.68744649356,0.183407470861438,0.636661230423367,10.7022783483473,0.0,0,1000,direct,Oreophryne_unicolor,False,False,,,
2328,2351,Isthmohyla_xanthosticta,South Fork Treefrog,Anura,Hylidae,DD,2.1949053524231,4.94463656452539,11.7514309513654,12.5715649507058,0.177380171543981,0.563095168794226,8.54901629370396,0.0,0,1000,direct,Isthmohyla_xanthosticta,False,False,,,
2473,2353,Dermophis_gracilior,,Gymnophiona,Dermophiidae,DD,1.9898303337445,4.93871606453722,11.7384711879276,13.4123825980368,0.158652640391634,0.564996798609268,13.024536739095,0.0,0,1000,direct,Dermophis_gracilior,False,False,,,
2349,2368,Hyloxalus_parcus,Gualaceo Rocket Frog,Anura,Dendrobatidae,DD,2.15594565246116,5.21764295340057,11.6974951814233,15.8528107844434,0.168409901470264,0.59381791177991,9.62284576802323,0.0,0,1000,direct,Hyloxalus_parcus,False,False,,,
2294,2395,Scaphiophryne_obscura,Grandidier's Rain Frog,Anura,Microhylidae,DD,2.23538300185521,5.314855385011,11.6447612819341,13.9332934094065,0.174250467837342,0.519463393166807,14.3770987215404,0.0,0,1000,direct,Scaphiophryne_obscura,False,False,,,
2263,2420,Telmatobius_necopinus,Wiens' Water Frog,Anura,Telmatobiidae,DD,2.2910098885287,5.1903563737645,11.5878050519352,11.5736772669734,0.174050584456884,0.541151013403966,8.43902377836779,0.0,0,1000,direct,Telmatobius_necopinus,False,False,,,
2212,2454,Edalorhina_nasuta,Common Snouted Frog,Anura,Leptodactylidae,DD,2.37847441044333,5.66338890251948,11.483851261639,14.5058317436578,0.178735888288564,0.553914893752333,13.0489957607085,0.0,0,1000,direct,Edalorhina_nasuta,False,False,,,
2401,2461,Hyloxalus_mittermeieri,,Anura,Dendrobatidae,DD,2.08263562807109,4.93928871049864,11.4684511789812,12.2060841031683,0.168214593645909,0.593761123167268,8.95398940368699,0.0,0,1000,direct,Hyloxalus_mittermeieri,False,False,,,
2272,2470,Platymantis_bimaculatus,,Anura,Ceratobatrachidae,DD,2.27451507020202,5.67425397071623,11.4553730985083,15.1666723527712,0.179548637407013,0.586361523825125,12.8553248564208,0.0,0,1000,GBIF_accepted,Cornufer_bimaculatus,False,False,,,
2254,2500,Telmatobius_halli,Hall's Water Frog,Anura,Telmatobiidae,DD,2.30499485615418,5.74969007542213,11.3767404825973,11.2927807706741,0.184513414993001,0.587231481388947,8.37502640161321,0.0,0,1000,direct,Telmatobius_halli,False,False,,,
2436,2519,Hyloxalus_borjai,,Anura,Dendrobatidae,DD,2.03517657118841,5.27844996878666,11.3198012563875,10.4460226156689,0.165820428278736,0.574598946269857,9.40625803791201,0.0,0,1000,direct,Hyloxalus_borjai,False,False,,,
2428,2525,Microcaecilia_savagei,,Gymnophiona,Siphonopidae,NM,2.04978543599265,4.95846199342277,11.3112462404211,15.6087474780502,0.159716956191857,0.565801594746955,13.6502026665506,0.0,0,1000,no_RedList_match,,False,False,,,
2296,2537,Gastrotheca_flamma,,Anura,Hemiphractidae,DD,2.23075319418335,5.48507399598071,11.2902655787862,12.9786214462963,0.179352246942142,0.649255569411286,11.4048882766027,0.0,0,1000,direct,Gastrotheca_flamma,False,False,,,
2698,2547,Hynobius_chinensis,Chinese Hynobiid,Caudata,Hynobiidae,DD,1.72062202320013,5.84473926251879,11.2558792760095,2.73020468949221,0.159716956191857,0.567205515959631,6.7705560023415,0.0,0,1000,direct,Hynobius_chinensis,False,False,,,
2369,2551,Atelognathus_solitarius,Las Bayas Frog,Anura,Batrachylidae,DD,2.13085469631206,5.26150911798218,11.250408902162,12.4495052746744,0.184347989215724,0.559167312779677,11.001109676965,0.0,0,1000,direct,Atelognathus_solitarius,False,False,,,
2488,2558,Pristimantis_pleurostriatus,Side-striped Robber Frog,Anura,Strabomantidae,DD,1.96873413978065,4.97289845294945,11.234148173109,6.35813389471913,0.187662999398214,0.670116705870119,9.36288022917891,0.0,0,1000,direct,Pristimantis_pleurostriatus,False,False,,,
2333,2570,Craugastor_silvicola,Forest Robber Frog,Anura,Craugastoridae,DD,2.18579269512907,5.6691399022523,11.1976026458646,12.1114621509701,0.183068879014153,0.650684000221127,9.96436901458059,0.0,0,1000,direct,Craugastor_silvicola,False,False,,,
2456,2574,Ceratophrys_testudo,Ecuadorian Horned Frog,Anura,Ceratophryidae,DD,2.00947139558807,4.88030530217334,11.1944157807459,13.9741567844672,0.17247349204989,0.517469229034548,13.0630272002716,0.0,0,1000,direct,Ceratophrys_testudo,False,False,,,
2433,2580,Dermophis_costaricense,,Gymnophiona,Dermophiidae,DD,2.04019914248525,4.92942252663078,11.1712932065157,14.1068813399628,0.158652640391634,0.564996798609268,12.9857167673018,0.0,0,1000,direct,Dermophis_costaricense,False,False,,,
2363,2590,Atelopus_dimorphus,,Anura,Bufonidae,DD,2.13829578600961,4.99230048722223,11.1491563144548,10.6864611632992,0.176194133429583,0.560360690764577,5.28169321171717,0.0,0,1000,direct,Atelopus_dimorphus,False,False,,,
2317,2630,Hyloxalus_aeruginosus,,Anura,Dendrobatidae,DD,2.20914930547037,4.67562863510945,11.0706047862547,13.0297308035101,0.165986041475851,0.578089084091425,9.68823699108496,0.0,0,1000,direct,Hyloxalus_aeruginosus,False,False,,,
2448,2631,Arthroleptis_formosus,Beautiful Squeaker,Anura,Arthroleptidae,DD,2.01909656727004,5.02715427807705,11.0686986216726,6.38644694523406,0.176139257685053,0.550407222438261,8.7276208127056,0.0,0,1000,direct,Arthroleptis_formosus,False,False,,,
2373,2635,Anomaloglossus_astralogaster,,Anura,Dendrobatidae,DD,2.12357914467713,4.69094083548816,11.0563031449533,11.5999364510553,0.170651225400104,0.585673554282709,11.0218589234796,0.0,0,1000,GBIF_accepted,Ectopoglossus_astralogaster,False,False,,,
2557,2648,Leptolalax_nyx,Midnight Litter Toad,Anura,Megophryidae,DD,1.87264008733306,4.7084088185432,11.0338148388303,13.6784549098735,0.166574720106958,0.470136767463949,9.73768279877192,0.0,0,1000,GBIF_accepted,Leptobrachella_nyx,False,False,,,
2281,2668,Scaphiophryne_verrucosa,,Anura,Microhylidae,NM,2.250989150436,5.16286359686135,10.9954002680505,12.8980153787377,0.175709862409522,0.536829813839565,13.0518866539736,0.0,0,1000,no_RedList_match,,False,False,,,
2471,2677,Hyloxalus_patitae,,Anura,Dendrobatidae,DD,1.99039749093313,5.35667287629745,10.9752076513517,12.4234822008653,0.168081285979574,0.58643369879387,9.22008342847902,0.0,0,1000,direct,Hyloxalus_patitae,False,False,,,
2268,2687,Pristimantis_amydrotus,,Anura,Strabomantidae,DD,2.28595557648217,4.91861552387589,10.9461966656704,12.3349228822665,0.187043744980449,0.671950748157625,10.2292559976632,0.0,0,1000,direct,Pristimantis_amydrotus,False,False,,,
2475,2705,Kalophrynus_menglienicus,,Anura,Microhylidae,DD,1.98513108893791,5.59453356419832,10.8998307347042,13.8809796668824,0.183407470861438,0.558915857981457,12.8264787343577,0.0,0,1000,GBIF_iucn_link,Kalophrynus_menglienicus,False,False,,,
2411,2759,Hyloxalus_utcubambensis,,Anura,Dendrobatidae,DD,2.07037059052945,4.99115564993255,10.7823482854702,14.6922268698983,0.167638820677351,0.584474078561987,10.6671756422271,0.0,0,1000,direct,Hyloxalus_utcubambensis,False,False,,,
2461,2770,Oreophryne_terrestris,,Anura,Microhylidae,DD,2.0039188106571,5.33669272029695,10.7464669889292,12.3858337643603,0.190780908650772,0.573742578790367,10.9906324247761,0.0,0,1000,direct,Oreophryne_terrestris,False,False,,,
2490,2776,Silverstoneia_gutturalis,,Anura,Dendrobatidae,DD,1.96651852994797,4.35722827626821,10.7343297443301,10.1394426991445,0.165986041475851,0.552710125134926,9.26104381453044,0.0,0,1000,direct,Silverstoneia_gutturalis,False,False,,,
2310,2784,Gastrotheca_phalarosa,,Anura,Hemiphractidae,DD,2.21408624046857,5.5150530738889,10.7138177513226,12.5396557297058,0.180298561878804,0.655749600131937,10.9039904000223,0.0,0,1000,direct,Gastrotheca_phalarosa,False,False,,,
2463,2787,Atelopus_guitarraensis,,Anura,Bufonidae,DD,1.99990410893422,5.1434192417037,10.7092910490965,11.4080752772145,0.177214341813134,0.571443827676033,5.18032784602032,0.0,0,1000,direct,Atelopus_guitarraensis,False,False,,,
2426,2794,Atelognathus_ceii,,Anura,Batrachylidae,DD,2.05115237482732,4.98936723239237,10.6966562230645,12.2541882644285,0.184347989215724,0.551918899817562,10.8895740283924,0.0,0,1000,direct,Atelognathus_ceii,False,False,,,
2512,2806,Kalophrynus_bunguranus,Indonesian Grainy Frog,Anura,Microhylidae,DD,1.93827524494308,5.10660101477307,10.6626991693903,13.2712891211304,0.181579758791239,0.557204946399341,12.4622927440236,0.0,0,1000,direct,Kalophrynus_bunguranus,False,False,,,
2548,2807,Cophixalus_tridactylus,,Anura,Microhylidae,DD,1.88436919453404,4.73590900552574,10.6619838626117,10.2016294156525,0.183407470861438,0.639625141887594,10.1415458899431,0.0,0,1000,direct,Cophixalus_tridactylus,False,False,,,
2472,2811,Cacosternum_leleupi,Katanga Metal Frog,Anura,Pyxicephalidae,DD,1.98994370727302,5.50722662790292,10.6588065187449,4.53659817240035,0.179548637407013,0.623404817248843,9.9117393602326,0.0,0,1000,direct,Cacosternum_leleupi,False,False,,,
2443,2860,Gastrotheca_williamsoni,,Anura,Hemiphractidae,DD,2.02389834114568,5.21909003174399,10.5118361276311,10.9403482007092,0.19191815927489,0.685098879071134,9.48799581900271,0.0,0,1000,direct,Gastrotheca_williamsoni,False,False,,,
2556,2874,Mantophryne_infulata,Arau Archipelago Frog,Anura,Microhylidae,DD,1.87381002441963,5.59365278210789,10.4776761681523,13.033862854552,0.193196560688065,0.647463120175169,11.7414350188354,0.0,0,1000,GBIF_accepted,Hylophorbus_infulatus,False,False,,,
2429,2905,Kalophrynus_robinsoni,Robinson's Grainy Frog,Anura,Microhylidae,DD,2.04768737568795,5.48689405608027,10.4156228319329,13.0399962922967,0.18403234180357,0.560361017383153,12.6756151529588,0.0,0,1000,direct,Kalophrynus_robinsoni,False,False,,,
2425,2917,Austrochaperina_brevipes,Victoria Land Frog,Anura,Microhylidae,DD,2.05121726448584,5.27243381033819,10.3944828237018,12.1357903707793,0.17672088535038,0.6273906513352,11.4803319145974,0.0,0,1000,direct,Austrochaperina_brevipes,False,False,,,
2679,2921,Hylarana_grisea,Went Mountains Frog,Anura,Ranidae,DD,1.74340194713944,4.06011264962516,10.3913158002374,12.8626989566927,0.166107999318212,0.466005933449091,11.3781802252927,0.0,0,1000,GBIF_accepted,Papurana_grisea,False,False,,,
2534,2934,Kalophrynus_eok,,Anura,Microhylidae,DD,1.90456291118295,5.44627140365443,10.3627288521749,13.5773453869222,0.18403234180357,0.560210994725899,12.9431048316969,0.0,0,1000,direct,Kalophrynus_eok,False,False,,,
2338,2942,Gastrotheca_ossilaginis,,Anura,Hemiphractidae,DD,2.18243343571822,5.19528593045024,10.3363265422058,12.6292021592069,0.190557514208792,0.673833646364706,10.2652168823936,0.0,0,1000,direct,Gastrotheca_ossilaginis,False,False,,,
2639,2975,Caecilia_crassisquama,Normandia Caecilian,Gymnophiona,Caeciliidae,DD,1.78161620015491,4.40130949083171,10.2688211625722,12.5632829884446,0.159716956191857,0.568403112921184,11.4710394294016,0.0,0,1000,direct,Caecilia_crassisquama,False,False,,,
2592,2978,Caecilia_inca,Fundo Sinchona Caecilian,Gymnophiona,Caeciliidae,DD,1.83795313853414,4.69011168910267,10.2634544802906,13.7975106044125,0.159001205764598,0.568673641536201,11.7914384868729,0.0,0,1000,direct,Caecilia_inca,False,False,,,
2527,2981,Stefania_tamacuarina,,Anura,Hemiphractidae,DD,1.91311727136431,5.64821515527736,10.2581490642165,10.6347594226564,0.178162589748789,0.649255569411286,10.8632040620292,0.0,0,1000,direct,Stefania_tamacuarina,False,False,,,
2532,2987,Leptobrachella_natunae,Natuna Borneo Frog,Anura,Megophryidae,DD,1.90548373510599,4.86411780828879,10.2511075936866,11.7229991882522,0.168021209122516,0.521577031095735,10.6918328252736,0.0,0,1000,direct,Leptobrachella_natunae,False,False,,,
2546,3009,Phrynobatrachus_petropedetoides,Ruwenzori River Frog,Anura,Phrynobatrachidae,DD,1.88795791769215,5.28415341639605,10.1986995444108,5.59952342047899,0.181703501084761,0.638386188197786,9.61407682488189,0.0,0,1000,direct,Phrynobatrachus_petropedetoides,False,False,,,
2542,3011,Cophixalus_montanus,Mountain Rainforest Frog,Anura,Microhylidae,DD,1.89377257730504,5.46191399537957,10.1946391290006,12.6891358539331,0.189474846542019,0.657649681568439,11.6726963259913,0.0,0,1000,direct,Cophixalus_montanus,False,False,,,
2285,3043,Eleutherodactylus_verruculatus,,Anura,Eleutherodactylidae,DD,2.24379589063011,5.61277155740433,10.106684246019,13.0162109614143,0.17769796903592,0.653295908229667,8.16306862725681,0.0,0,1000,direct,Eleutherodactylus_verruculatus,False,False,,,
2667,3060,Xenorhina_varia,,Anura,Microhylidae,DD,1.75126952132354,4.38637178568423,10.0761903361045,9.60237719588336,0.190099351652933,0.581739634722216,9.66653353565299,0.0,0,1000,direct,Xenorhina_varia,False,False,,,
2579,3083,Hylarana_humeralis,,Anura,Ranidae,NM,1.85330870212052,4.0526732633918,10.0338609099442,13.0816486508829,0.166762954451852,0.465029282864858,11.8437291850395,0.0,0,1000,no_RedList_match,,False,False,,,
2587,3085,Ambystoma_silvense,Pine Woods Salamander,Caudata,Ambystomatidae,DD,1.84157395667047,4.47228300602818,10.0299056400828,12.3534676797266,0.165895918788839,0.569718244961255,11.3733888043459,0.0,0,1000,direct,Ambystoma_silvense,False,False,,,
2530,3088,Xenophrys_shuichengensis,,Anura,Megophryidae,DD,1.90708851611646,4.27260210659018,10.027506019614,12.9850934868618,0.166358832682754,0.470457058273755,11.6791818978254,0.0,0,1000,GBIF_accepted,Megophrys_shuichengensis,False,False,,,
2596,3089,Caecilia_subterminalis,Taylor's Ecuador Caecilian,Gymnophiona,Caeciliidae,DD,1.83433850267843,4.50022472324252,10.0273177047991,13.0119296762926,0.158234030360422,0.566083340355251,11.6604257930215,0.0,0,1000,direct,Caecilia_subterminalis,False,False,,,
2851,3092,Phrynopus_bufoides,,Anura,Strabomantidae,DD,1.58492863842202,4.04986596861155,10.0229531505285,6.78932459841881,0.184823094322055,0.663856057549815,7.36324359138648,0.0,0,1000,direct,Phrynopus_bufoides,False,False,,,
2713,3095,Caecilia_corpulenta,Solid Caecilian,Gymnophiona,Caeciliidae,DD,1.70197369216368,4.52284999342836,10.0203001412783,13.0751486263896,0.157765974936778,0.548000628537276,11.4676035485302,0.0,0,1000,direct,Caecilia_corpulenta,False,False,,,
2502,3096,Oreophryne_kampeni,Moroka Cross Frog,Anura,Microhylidae,DD,1.94835290372448,4.5460905659325,10.0197188973043,12.3483803943159,0.185905841420832,0.563519497492648,10.886086366628,0.0,0,1000,direct,Oreophryne_kampeni,False,False,,,
2507,3097,Leptolalax_tamdil,,Anura,Megophryidae,DD,1.94423624201122,4.3439879536399,10.011985447231,12.7936938928416,0.168021209122516,0.499317063297603,10.4662036668,0.0,0,1000,GBIF_accepted,Leptobrachella_tamdil,False,False,,,
2469,3108,Xenorhina_adisca,,Anura,Microhylidae,DD,1.99311129159253,4.44388199989182,9.9958214363772,11.4733669972499,0.190780908650772,0.603553204412064,11.1991793839479,0.0,0,1000,direct,Xenorhina_adisca,False,False,,,
2494,3109,Caecilia_tenuissima,Guayaquil Caecilian,Gymnophiona,Caeciliidae,DD,1.9607542321861,4.2799592293082,9.98574752988941,13.097219955296,0.158652640391634,0.564985581615989,11.2573379133599,0.0,0,1000,direct,Caecilia_tenuissima,False,False,,,
2581,3129,Pristimantis_coronatus,,Anura,Strabomantidae,DD,1.85134638246268,4.47552261551089,9.94640454614171,10.9744787863384,0.183068879014153,0.650661133260114,7.85640315572991,0.0,0,1000,direct,Pristimantis_coronatus,False,False,,,
2623,3141,Leptolalax_zhangyapingi,,Anura,Megophryidae,NM,1.80087624352821,4.33415873128941,9.91573642336406,13.3160101741675,0.167849067051439,0.49880777162931,9.14997971190285,0.0,0,1000,no_RedList_match,,False,False,,,
2741,3156,Quasipaa_courtoisi,,Anura,Dicroglossidae,DD,1.68337752525022,4.1604756502857,9.88998999309104,8.68125520728975,0.172383613722401,0.567959964668907,9.64911295373383,0.0,0,1000,direct,Quasipaa_courtoisi,False,False,,,
2458,3158,Phrynopus_bracki,Brack's Andes Frog,Anura,Strabomantidae,DD,2.00536155429988,4.55292093829866,9.88391326668319,11.5336441550616,0.184823094322055,0.663667323935985,8.75899337880839,0.0,0,1000,direct,Phrynopus_bracki,False,False,,,
2589,3160,Chiromantis_punctatus,,Anura,Rhacophoridae,DD,1.84025756998083,4.91908233568925,9.8730679384212,13.2073417611512,0.166762954451852,0.504218952426803,12.1286202911541,0.0,0,1000,GBIF_iucn_link,Chiromantis_punctatus,False,False,,,
2522,3165,Cophixalus_monosyllabus,,Anura,Microhylidae,DD,1.91731065002911,4.67766864878738,9.86438893018848,13.0671124637465,0.190780908650772,0.659798615979618,11.1406382794204,0.0,0,1000,direct,Cophixalus_monosyllabus,False,False,,,
2462,3172,Anomaloglossus_triunfo,,Anura,Dendrobatidae,DD,2.00194598680021,4.88638019955153,9.84847779540102,11.7585166313173,0.171161541835892,0.583432376101136,10.4625224225848,0.0,0,1000,direct,Anomaloglossus_triunfo,False,False,,,
2602,3179,Hylarana_chitwanensis,Chitwan Frog,Anura,Ranidae,DD,1.82723207427828,4.35564438816439,9.83925474884236,12.7914985357341,0.165442603596593,0.466005933449091,10.4395339471534,0.0,0,1000,direct,Hylarana_chitwanensis,False,False,,,
2627,3181,Hyloxalus_eleutherodactylus,,Anura,Dendrobatidae,DD,1.79777147866456,4.34679522732602,9.83423530414994,13.1543949117655,0.166193890040608,0.578250046807015,9.28200137789311,0.0,0,1000,direct,Hyloxalus_eleutherodactylus,False,False,,,
2647,3183,Pseudophilautus_manipurensis,Leimatak's Bush Frog,Anura,Rhacophoridae,DD,1.76991921624985,4.45299933519384,9.82995938448118,8.26806783650814,0.165991491034188,0.501605725939104,6.31350005520761,0.0,0,1000,GBIF_accepted,Raorchestes_manipurensis,False,False,,,
2655,3188,Oreophryne_alticola,,Anura,Microhylidae,DD,1.76524090678502,4.56003670799282,9.82410649390813,12.464338723421,0.17772849736262,0.622097129420749,11.5021147424786,0.0,0,1000,direct,Oreophryne_alticola,False,False,,,
2606,3190,Rhacophorus_turpes,Htingnan Flying Frog,Anura,Rhacophoridae,DD,1.82344253152133,4.51456368817076,9.82023355590576,13.494402836836,0.166762954451852,0.50510661860387,12.1426813940999,0.0,0,1000,direct,Rhacophorus_turpes,False,False,,,
2878,3204,Oreophryne_wapoga,,Anura,Microhylidae,DD,1.56747832135378,4.21867754801976,9.79002194283266,9.68418543212821,0.183407470861438,0.640646054118353,8.41676835415526,0.0,0,1000,direct,Oreophryne_wapoga,False,False,,,
2677,3220,Caecilia_caribea,Pensilvania Caecilian,Gymnophiona,Caeciliidae,DD,1.74438046982136,4.39214033001369,9.74803166559644,13.247016886014,0.158234030360422,0.568912168914121,11.2559038324188,0.0,0,1000,direct,Caecilia_caribea,False,False,,,
2595,3223,Microhyla_maculifera,Spotted Narrow-mouthed Frog,Anura,Microhylidae,DD,1.83475166226307,4.44843861316091,9.74096628003253,10.892859710023,0.174070030175688,0.571372951312964,10.6726803045167,0.0,0,1000,direct,Microhyla_maculifera,False,False,,,
2547,3224,Copiula_major,,Anura,Microhylidae,DD,1.8853853184633,5.23641351474463,9.74082777210404,15.2120988198198,0.185905841420832,0.563845657917256,12.8564877222272,0.0,0,1000,direct,Copiula_major,False,False,,,
2681,3235,Mantidactylus_ambohimitombi,Ambohimitombi Madagascar Frog,Anura,Mantellidae,DD,1.74023904291905,4.53656756202148,9.7150124564992,11.3647635151876,0.164564993611017,0.539461600605198,10.89486488512,0.0,0,1000,direct,Mantidactylus_ambohimitombi,False,False,,,
2481,3237,Gastrotheca_dysprosita,,Anura,Hemiphractidae,DD,1.97528516674776,4.66411236840048,9.71123425437301,9.68268742640214,0.183576810700091,0.665726353550596,9.25852521418076,0.0,0,1000,direct,Gastrotheca_dysprosita,False,False,,,
2786,3244,Ambystoma_bombypellum,Delicateskin Salamander,Caudata,Ambystomatidae,DD,1.65073324621554,4.70934132121862,9.68960185668318,11.7653821349599,0.166343016175021,0.569897808970514,10.9995936146487,0.0,0,1000,direct,Ambystoma_bombypellum,False,False,,,
2816,3246,Caecilia_armata,Armored Caecilian,Gymnophiona,Caeciliidae,DD,1.62590693687759,4.26065080978279,9.68633301699874,13.1199817675142,0.157926559779375,0.574038782504007,11.4525007776314,0.0,0,1000,direct,Caecilia_armata,False,False,,,
2662,3248,Oreophryne_clamata,Noisy Cross Frog,Anura,Microhylidae,DD,1.75715854888733,4.77906028793441,9.68081733419567,6.2603118928074,0.18403234180357,0.637159524225386,7.69826488613529,0.0,0,1000,direct,Oreophryne_clamata,False,False,,,
2718,3271,Leptolalax_croceus,Orange-bellied leaf-litter toad,Anura,Megophryidae,DD,1.69911457028316,4.28218517227669,9.64794355435481,10.5084027413032,0.166574720106958,0.487273403423005,10.1476383063782,0.0,0,1000,GBIF_accepted,Leptobrachella_crocea,False,False,,,
2740,3280,Hylarana_persimilis,Sumatra Frog,Anura,Ranidae,DD,1.68392176940991,3.93580242117549,9.62260768088171,10.3406008762793,0.168240206966831,0.466681544202017,9.56657652576954,0.0,0,1000,direct,Hylarana_persimilis,False,False,,,
2831,3287,Caecilia_degenerata,Garagoa Caecilian,Gymnophiona,Caeciliidae,DD,1.60310780264128,4.21227938071176,9.60281500763238,13.8160724118066,0.157926559779375,0.56976506056523,11.1285957890545,0.0,0,1000,direct,Caecilia_degenerata,False,False,,,
2696,3291,Caecilia_antioquiaensis,Antioquia Caecilian,Gymnophiona,Caeciliidae,DD,1.72450982834264,4.83740923161122,9.5983622573733,13.6809351029242,0.158652640391634,0.55186619168044,10.996324917817,0.0,0,1000,direct,Caecilia_antioquiaensis,False,False,,,
2497,3308,Cophixalus_peninsularis,Cape York Frog,Anura,Microhylidae,DD,1.95353424274974,4.87054786600004,9.56670902803494,13.4189236798774,0.187912423989923,0.56806675849104,10.8042482071065,0.0,0,1000,direct,Cophixalus_peninsularis,False,False,,,
2545,3339,Amolops_kohimaensis,Kohima Spiny Torrent Frog,Anura,Ranidae,DD,1.8884295044609,4.68608949395082,9.5163969930753,12.2580743592928,0.16938745097696,0.467209060596847,11.7586172101785,0.0,0,1000,direct,Amolops_kohimaensis,False,False,,,
2854,3348,Bolitoglossa_nigrescens,Black Web-fotted Salamander,Caudata,Plethodontidae,DD,1.5814282228842,4.55380306658344,9.49642859830096,3.16222972578345,0.166358832682754,0.556779328991094,8.57523456235214,0.0,0,1000,direct,Bolitoglossa_nigrescens,False,False,,,
2758,3349,Pristimantis_cuneirostris,,Anura,Strabomantidae,DD,1.67081616727917,3.94902935838392,9.49622061867557,9.73449918799865,0.186442509462294,0.655723177533264,8.9328992041498,0.0,0,1000,direct,Pristimantis_cuneirostris,False,False,,,
2750,3368,Caecilia_attenuata,Santa Rosa Caecilian,Gymnophiona,Caeciliidae,DD,1.67666037126093,4.27085328844019,9.4746367834773,12.4452348692092,0.158652640391634,0.56868485852948,10.8667444752461,0.0,0,1000,direct,Caecilia_attenuata,False,False,,,
2672,3371,Gracixalus_medogensis,,Anura,Rhacophoridae,DD,1.74950681898077,4.11700231083084,9.47132930021876,8.87057378278481,0.164882393362033,0.52703191060291,9.56878156723218,0.0,0,1000,direct,Gracixalus_medogensis,False,False,,,
2781,3373,Copiula_obsti,,Anura,Microhylidae,DD,1.65326225744765,4.18609087676391,9.46915511839588,13.3224474478357,0.17772849736262,0.627442581356524,10.1340101458557,0.0,0,1000,direct,Copiula_obsti,False,False,,,
2683,3395,Colostethus_furviventris,,Anura,Dendrobatidae,DD,1.73949773641914,4.07716604353651,9.42962112075837,10.6578641594413,0.165820428278736,0.574598946269857,9.53711225832529,0.0,0,1000,direct,Colostethus_furviventris,False,False,,,
2731,3406,Leptolalax_platycephalus,White-headed Litter Frog,Anura,Megophryidae,DD,1.69026235209062,4.67249699009627,9.41719327218727,11.3987892604241,0.167466678606274,0.499604789260545,9.84315993752743,0.0,0,1000,GBIF_accepted,Leptobrachella_platycephala,False,False,,,
2722,3409,Philautus_tytthus,Triangle Bubble-nest Frog,Anura,Rhacophoridae,DD,1.69601661847741,3.97613186973843,9.40832464386219,9.90025001262235,0.165605638882113,0.53455871476351,9.00557394294912,0.0,0,1000,direct,Philautus_tytthus,False,False,,,
2910,3410,Hynobius_turkestanicus,,Caudata,Hynobiidae,DD,1.53866624317221,4.14480090415127,9.40758541305563,8.05527749031131,0.159001205764598,0.567442493487835,8.6492318858036,0.0,0,1000,direct,Hynobius_turkestanicus,False,False,,,
2578,3413,Colostethus_dysprosium,,Anura,Dendrobatidae,DD,1.85746819199088,4.49723690502949,9.40278830817742,8.61240500314125,0.166193890040608,0.577968488857325,8.42791277416014,0.0,0,1000,GBIF_iucn_link,Colostethus_dysprosium,False,False,,,
2402,3414,Pristimantis_mondolfii,,Anura,Strabomantidae,DD,2.08242133844494,5.490114565913,9.40257641738962,14.4720340218387,0.184852399085686,0.669105812775034,7.58355033703156,0.0,0,1000,direct,Pristimantis_mondolfii,False,False,,,
2723,3436,Caecilia_flavopunctata,Yellow-spotted Caecilian,Gymnophiona,Caeciliidae,DD,1.69470395170354,4.33072204470423,9.36914104823551,13.0802744466354,0.159001205764598,0.568403112921184,11.2200410870892,0.0,0,1000,direct,Caecilia_flavopunctata,False,False,,,
2597,3437,Colostethus_alacris,,Anura,Dendrobatidae,DD,1.83412430913364,4.33722582638953,9.36820795600299,9.78364235206708,0.165737847995845,0.569250178222885,8.84643106950587,0.0,0,1000,GBIF_iucn_link,Colostethus_alacris,False,False,,,
2692,3439,Cophixalus_pulchellus,,Anura,Microhylidae,DD,1.72722073469229,5.09748399042333,9.35845344438764,12.3124259676181,0.18403234180357,0.652882538216991,10.4761138752906,0.0,0,1000,direct,Cophixalus_pulchellus,False,False,,,
2691,3453,Platymantis_adiastolus,,Anura,Ceratobatrachidae,DD,1.72753121998788,4.86339180221454,9.32970572318816,12.7754217642051,0.176938095184123,0.578087421680538,10.3165832788802,0.0,0,1000,GBIF_accepted,Cornufer_adiastolus,False,False,,,
2762,3457,Xenophrys_pachyproctus,Convex-vented Horned Toad,Anura,Megophryidae,DD,1.66842282405014,3.73943907300606,9.32867080015009,11.2247148806202,0.165986041475851,0.46556093507068,9.55641327437309,0.0,0,1000,GBIF_accepted,Megophrys_pachyproctus,False,False,,,
2630,3465,Oreophryne_mertoni,,Anura,Microhylidae,DD,1.79239338041646,4.61164734232793,9.31527652559641,12.3743614620505,0.190780908650772,0.573742578790367,10.2781512823796,0.0,0,1000,direct,Oreophryne_mertoni,False,False,,,
2644,3473,Caecilia_albiventris,Whitebelly Caecilian,Gymnophiona,Caeciliidae,DD,1.77994419935753,4.11484711728896,9.30938993927038,14.2108782707825,0.157926559779375,0.569593163191559,11.4901885000167,0.0,0,1000,direct,Caecilia_albiventris,False,False,,,
2727,3485,Hypodactylus_adercus,,Anura,Strabomantidae,DD,1.69396734923937,4.41017531866733,9.2922982623146,9.90090194697843,0.185044092885353,0.595206387557076,8.01371322771876,0.0,0,1000,GBIF_accepted,Niceforonia_aderca,False,False,,,
2650,3522,Pristimantis_conservatio,Conservation Landfrog,Anura,Strabomantidae,DD,1.76942317763033,4.67367716465684,9.21940473796725,5.49334386844112,0.188371595048236,0.673269932257878,7.08379220264625,0.0,0,1000,direct,Pristimantis_conservatio,False,False,,,
2656,3523,Pristimantis_educatoris,,Anura,Strabomantidae,NM,1.76272745104587,3.93068783087363,9.21875918198351,8.79036372678566,0.185440348058406,0.663269601948324,6.96599474766653,0.0,0,1000,no_RedList_match,,False,False,,,
2645,3530,Oreophryne_wolterstorffi,Wolterstorff's Cross Frog,Anura,Microhylidae,DD,1.77623163162053,4.27044071213085,9.20634909625642,12.9441273512076,0.180647392278266,0.622638074637335,10.8650933979129,0.0,0,1000,direct,Oreophryne_wolterstorffi,False,False,,,
2779,3542,Hylarana_garoensis,Garo Hills Frog,Anura,Ranidae,DD,1.65744328469164,4.49628926102346,9.18240758825312,13.8118207778427,0.167096574834081,0.465029282864858,11.5512711232436,0.0,0,1000,direct,Hylarana_garoensis,False,False,,,
3023,3549,Xenophrys_parva,Concave-crowned Horned Toad,Anura,Megophryidae,DD,1.45875738065032,3.31079862429418,9.17471047010941,5.1233252537368,0.165820428278736,0.501539199708574,8.43613267443142,0.0,0,1000,GBIF_accepted,Megophrys_parva,False,False,,,
2668,3552,Austrochaperina_minutissima,Pygmy Land Frog,Anura,Microhylidae,DD,1.75078291151434,4.25460928075164,9.16628881945443,11.467123739801,0.183112582707948,0.6273906513352,10.203634839229,0.0,0,1000,direct,Austrochaperina_minutissima,False,False,,,
2601,3560,Cophixalus_tagulensis,Tagula Rainforest Frog,Anura,Microhylidae,DD,1.82759545923695,4.70231322815523,9.15506324907945,14.415809857731,0.185043695292369,0.560361017383153,11.4834619375813,0.0,0,1000,direct,Cophixalus_tagulensis,False,False,,,
2716,3563,Pristimantis_phalaroinguinis,,Anura,Strabomantidae,DD,1.70109110051794,4.25018848835043,9.14868182049772,9.05113758884,0.187662999398214,0.676128840768637,7.57172415186134,0.0,0,1000,direct,Pristimantis_phalaroinguinis,False,False,,,
2708,3568,Platymantis_mimicus,Numundo Wrinkled Ground Frog,Anura,Ceratobatrachidae,DD,1.70628288595873,4.31126052316696,9.14300263209753,12.3907090111787,0.176938095184123,0.577974342802501,10.3202097154099,0.0,0,1000,GBIF_accepted,Cornufer_mimicus,False,False,,,
2526,3574,Phrynopus_badius,,Anura,Strabomantidae,DD,1.9134695121974,4.85558851861701,9.13071617554582,10.996609484746,0.185440348058406,0.663568109559279,8.99127041164275,0.0,0,1000,direct,Phrynopus_badius,False,False,,,
2628,3575,Rhacophorus_subansiriensis,Subansiri Bush Frog,Anura,Rhacophoridae,DD,1.79557734283241,4.24895103663835,9.13057337249544,12.142244691304,0.166341651089203,0.499377361516353,11.7035476962084,0.0,0,1000,direct,Rhacophorus_subansiriensis,False,False,,,
3009,3586,Leptolalax_fritinniens,Twittering Litter Frog,Anura,Megophryidae,DD,1.46731817431574,3.32660574948265,9.12042176818278,4.64529854355948,0.167466678606274,0.499604789260545,7.90669788538594,0.0,0,1000,GBIF_accepted,Leptobrachella_fritinniens,False,False,,,
2706,3589,Pristimantis_bustamante,,Anura,Strabomantidae,DD,1.70884669924046,4.90199807050156,9.11872533375013,10.8507050366949,0.184347989215724,0.657335661610459,9.75703701997277,0.0,0,1000,direct,Pristimantis_bustamante,False,False,,,
2689,3591,Oreobates_discoidalis,,Anura,Strabomantidae,DD,1.72875192423747,4.7942507042085,9.11597965464249,4.31226134722638,0.184347989215724,0.666509180852935,8.9512702408596,0.0,0,1000,direct,Oreobates_discoidalis,False,False,,,
2843,3599,Leptobrachella_mjobergi,Mjoberg's Dwarf Litter Frog,Anura,Megophryidae,DD,1.59352266426059,4.37704905461787,9.10831236901729,11.0272558234597,0.168021209122516,0.521577031095735,9.88734553822878,0.0,0,1000,direct,Leptobrachella_mjobergi,False,False,,,
2635,3634,Liophryne_similis,,Anura,Microhylidae,DD,1.78624723242277,4.44337724711209,9.05124721415901,11.435309571699,0.183112582707948,0.637159524225386,10.6725730586523,0.0,0,1000,GBIF_accepted,Sphenophryne_similis,False,False,,,
2774,3648,Microhyla_picta,Painted Rice Frog,Anura,Microhylidae,DD,1.66261137794826,4.31999486481066,9.03238067132237,11.7231527867277,0.174070030175688,0.577236694025362,10.9601880710583,0.0,0,1000,direct,Microhyla_picta,False,False,,,
2657,3651,Xenorhina_subcrocea,Lae Fanged Frog,Anura,Microhylidae,DD,1.75999709198416,4.52644385006773,9.02071493849813,11.2553470953578,0.192788309468692,0.610867606169733,10.1475580936303,0.0,0,1000,direct,Xenorhina_subcrocea,False,False,,,
2652,3656,Mixophyes_hihihorlo,Namosado Barred Frog,Anura,Myobatrachidae,DD,1.7677133296715,4.61170784106646,9.01126897210558,16.3848227575956,0.165820428278736,0.517874215801638,13.3713146464446,0.0,0,1000,direct,Mixophyes_hihihorlo,False,False,,,
2736,3674,Platymantis_sulcatus,,Anura,Ceratobatrachidae,DD,1.68767919402146,4.48733123177821,8.97226305646064,11.3367651002736,0.17672088535038,0.569983199497356,10.2172136099284,0.0,0,1000,GBIF_accepted,Cornufer_sulcatus,False,False,,,
3005,3678,Oedipina_collaris,Collared Worm Salamander,Caudata,Plethodontidae,DD,1.47008443774928,3.68809750068975,8.96337455596353,3.05324155780815,0.165576997411446,0.517973961587334,7.50947621695576,0.0,0,1000,direct,Oedipina_collaris,False,False,,,
2785,3692,Caecilia_dunni,Dunn's Caecilian,Gymnophiona,Caeciliidae,DD,1.65127537849677,3.95148713406411,8.94546207851457,12.6963421464427,0.158652640391634,0.566083340355251,10.7732993801515,0.0,0,1000,direct,Caecilia_dunni,False,False,,,
2859,3694,Platymantis_bufonulus,,Anura,Ceratobatrachidae,DD,1.58075803788688,4.32910654608418,8.94339810231483,12.610173497304,0.17672088535038,0.578203295007442,10.4097890603123,0.0,0,1000,GBIF_accepted,Cornufer_bufonulus,False,False,,,
2482,3700,Gastrotheca_abdita,Cordillera Colan Marsupial Frog,Anura,Hemiphractidae,DD,1.97452941693032,4.54926426133217,8.93705483509656,11.9035698868193,0.190074876861224,0.681590338840482,9.02984252455241,0.0,0,1000,direct,Gastrotheca_abdita,False,False,,,
2904,3722,Siphonops_leucoderus,Salvador Caecilian,Gymnophiona,Siphonopidae,DD,1.54143938351535,4.09247505599008,8.91124497159737,11.8656402246906,0.160382768814393,0.565564617218751,11.2081958357611,0.0,0,1000,direct,Siphonops_leucoderus,False,False,,,
2812,3723,Oreophryne_frontifasciata,Horst's Cross Frog,Anura,Microhylidae,DD,1.62860772894296,4.28326707357004,8.91104168221842,11.8069250079245,0.17772849736262,0.621914645910884,9.49113062253689,0.0,0,1000,direct,Oreophryne_frontifasciata,False,False,,,
2664,3727,Gastrotheca_splendens,Schmidt's Marsupial Frog,Anura,Hemiphractidae,DD,1.75658715191371,4.5877979924934,8.90091004591871,11.5462402172128,0.183576810700091,0.665726353550596,9.61026928099088,0.0,0,1000,direct,Gastrotheca_splendens,False,False,,,
2986,3738,Hylarana_melanomenta,Papahag Frog,Anura,Ranidae,DD,1.48580803890777,3.57238308802814,8.87918506256118,4.09839656155382,0.166107999318212,0.465948512464486,8.36948396239814,0.0,0,1000,GBIF_accepted,Pulchrana_melanomenta,False,False,,,
2730,3745,Philautus_vittiger,,Anura,Rhacophoridae,NM,1.69176184093614,4.06042259436878,8.85699487334323,10.5059971376435,0.165757839263197,0.535994598834991,8.85722619280453,0.0,0,1000,no_RedList_match,,False,False,,,
2735,3763,Dendrobates_nubeculosus,,Anura,Dendrobatidae,DD,1.68820320739127,3.99196074074152,8.83461037641244,11.2859377264481,0.167466678606274,0.550824747574505,11.0723152116154,0.0,0,1000,direct,Dendrobates_nubeculosus,False,False,,,
2734,3766,Pristimantis_loujosti,,Anura,Strabomantidae,DD,1.68863908641021,4.11903438605572,8.83195635310542,11.8338541379421,0.185440348058406,0.610503961094954,9.8716722971737,0.0,0,1000,direct,Pristimantis_loujosti,False,False,,,
2921,3768,Rhaebo_lynchi,,Anura,Bufonidae,DD,1.52949642921007,4.1696307171251,8.82211691676846,12.3482365022326,0.17491815318784,0.573926575692915,9.83137957000949,0.0,0,1000,direct,Rhaebo_lynchi,False,False,,,
2931,3771,Oreophryne_sibilans,,Anura,Microhylidae,DD,1.52193877198009,4.21180711763874,8.81976971156481,15.2948593706802,0.18403234180357,0.649593936407477,9.55782096067397,0.0,0,1000,direct,Oreophryne_sibilans,False,False,,,
2600,3778,Plectrohyla_miahuatlanensis,Sierra Miahuatlan Spikethumb Frog,Anura,Hylidae,DD,1.82845667563763,3.75685759561301,8.81117216959747,9.49765016102571,0.179465345243834,0.605644639553402,7.38535400514483,0.0,0,1000,GBIF_accepted,Sarcohyla_miahuatlanensis,False,False,,,
2897,3780,Breviceps_branchi,Branch's Rain Frog,Anura,Brevicipitidae,DD,1.54514750665202,3.64732321114797,8.80868793663887,5.1701230698456,0.171722280025171,0.478027414154254,8.55538557707514,0.0,0,1000,direct,Breviceps_branchi,False,False,,,
2766,3793,Xenorhina_gigantea,Giant Fanged Frog,Anura,Microhylidae,DD,1.66595550861711,4.1129137874671,8.78606419743516,12.7052839429671,0.19194599014717,0.646892974298821,9.56763070001429,0.0,0,1000,direct,Xenorhina_gigantea,False,False,,,
2739,3819,Cophixalus_bewaniensis,,Anura,Microhylidae,DD,1.6843901826215,4.23463625399407,8.74519051128736,11.0852612836288,0.18403234180357,0.560361017383153,9.76855509721993,0.0,0,1000,direct,Cophixalus_bewaniensis,False,False,,,
2888,3835,Amolops_mengyangensis,,Anura,Ranidae,DD,1.55917710913062,3.77383681102678,8.71255904435321,12.0509670521398,0.166107999318212,0.467125561870652,9.90090325563354,0.0,0,1000,direct,Amolops_mengyangensis,False,False,,,
2653,3838,Pristimantis_meridionalis,,Anura,Strabomantidae,DD,1.76571500936841,4.47101217095422,8.70964358753981,9.54975241600469,0.187043744980449,0.672121977081869,7.71695818236611,0.0,0,1000,direct,Pristimantis_meridionalis,False,False,,,
3024,3844,Phrynopus_pesantesi,,Anura,Strabomantidae,DD,1.45873984906093,3.82038111419569,8.69841518383792,3.70460878857698,0.184476500337859,0.663667323935985,7.15896410842629,0.0,0,1000,direct,Phrynopus_pesantesi,False,False,,,
2787,3845,Austrochaperina_polysticta,Morobe Land Frog,Anura,Microhylidae,DD,1.64940261789739,4.39445653552508,8.69703528862976,10.4287182192373,0.17672088535038,0.627244522589548,9.37399688867866,0.0,0,1000,direct,Austrochaperina_polysticta,False,False,,,
2611,3850,Oreophryne_brevicrus,Lake Habbema Cross Frog,Anura,Microhylidae,DD,1.82101757719598,4.78682406606632,8.68495477376052,11.5718185050725,0.194585498174555,0.647486906713245,10.439322610162,0.0,0,1000,direct,Oreophryne_brevicrus,False,False,,,
2846,3857,Colostethus_lynchi,,Anura,Dendrobatidae,DD,1.58848088256518,3.71503515166579,8.67566496613076,10.0140975037942,0.165737847995845,0.569308992133808,8.20423398356938,0.0,0,1000,direct,Colostethus_lynchi,False,False,,,
2720,3859,Hypodactylus_fallaciosus,,Anura,Strabomantidae,DD,1.69644148453805,3.92379056951248,8.67288523668412,8.69142902460447,0.184513414993001,0.595314549683932,9.07947677719297,0.0,0,1000,GBIF_accepted,Niceforonia_fallaciosa,False,False,,,
2659,3887,Xenorhina_huon,Morobe Fanged Frog,Anura,Microhylidae,DD,1.75957573645684,4.50602493987505,8.6301560512964,10.813753921749,0.192788309468692,0.637398846644018,9.1746181859096,0.0,0,1000,direct,Xenorhina_huon,False,False,,,
2675,3894,Oreophryne_parkeri,Parker's Cross Frog,Anura,Microhylidae,DD,1.74744274636462,4.68091914814891,8.62355918230926,11.9763058362399,0.18403234180357,0.640099808752673,10.0272582727386,0.0,0,1000,GBIF_accepted,Aphantophryne_parkeri,False,False,,,
2773,3895,Colostethus_yaguara,,Anura,Dendrobatidae,DD,1.66275558791512,4.46924122606527,8.6211374750842,11.4922963088818,0.166193890040608,0.573668074657547,9.34119308513719,0.0,0,1000,GBIF_iucn_link,Colostethus_yaguara,False,False,,,
2943,3900,Theloderma_nagalandense,Nagaland Treefrog,Anura,Rhacophoridae,DD,1.515453863973,3.82962099778753,8.61645169988325,10.116284036078,0.165389535956814,0.496084169296267,9.68999539688262,0.0,0,1000,direct,Theloderma_nagalandense,False,False,,,
2908,3911,Oreolalax_weigoldi,,Anura,Megophryidae,DD,1.53931375052863,3.38831962767569,8.60188021992968,11.2287788558491,0.168409901470264,0.539366974636815,8.79462804933724,0.0,0,1000,direct,Oreolalax_weigoldi,False,False,,,
2778,3938,Oreophryne_geminus,,Anura,Microhylidae,DD,1.65759259267794,4.28379258782467,8.5731275210366,11.1833372798443,0.189237056180909,0.56838468055834,8.92179538604714,0.0,0,1000,direct,Oreophryne_geminus,False,False,,,
2840,3941,Leptolalax_nahangensis,,Anura,Megophryidae,DD,1.59531995177815,3.39788948229429,8.56990765573118,10.8930897790285,0.168021209122516,0.503709789610134,8.23362710949508,0.0,0,1000,GBIF_accepted,Leptobrachella_nahangensis,False,False,,,
2836,3944,Platymantis_caesiops,,Anura,Ceratobatrachidae,DD,1.59864278723359,4.32699059031606,8.56426499232012,12.6728120140262,0.180547109845956,0.595723110060813,10.3672767918902,0.0,0,1000,GBIF_accepted,Cornufer_caesiops,False,False,,,
2838,3945,Philautus_nianeae,,Anura,Rhacophoridae,NM,1.59840205199201,4.0803442922993,8.56060305118758,9.8142462881257,0.165605638882113,0.5346152535059,10.0828926019438,0.0,0,1000,no_RedList_match,,False,False,,,
2845,3946,Austrochaperina_kosarek,,Anura,Microhylidae,DD,1.59117425898238,4.09568515128847,8.56023299944537,11.5156930799925,0.17672088535038,0.627442581356524,9.4149644844995,0.0,0,1000,direct,Austrochaperina_kosarek,False,False,,,
2844,3968,Allobates_sanmartini,,Anura,Dendrobatidae,DD,1.59201270084666,4.15360184473022,8.52294987870655,11.647419171149,0.168526352986209,0.578536419135002,8.881688106484,0.0,0,1000,direct,Allobates_sanmartini,False,False,,,
2590,3974,Phrynopus_kotosh,,Anura,Strabomantidae,DD,1.84025077320358,4.66360621115395,8.50621393140946,9.76488075109938,0.186454106274433,0.6661424307851,8.36201340997434,0.0,0,1000,direct,Phrynopus_kotosh,False,False,,,
2807,3978,Austrochaperina_parkeri,,Anura,Microhylidae,DD,1.63139621618419,4.21352416597602,8.50045266089143,11.329643066679,0.183407470861438,0.627442581356524,9.63990845192866,0.0,0,1000,direct,Austrochaperina_parkeri,False,False,,,
2711,3979,Kaloula_aureata,Golden Burrowing Frog,Anura,Microhylidae,DD,1.70234901328029,4.5516318151755,8.49465301448178,13.1908294381135,0.17672088535038,0.605379215408702,11.8800439314495,0.0,0,1000,direct,Kaloula_aureata,False,False,,,
2966,4000,Xenorhina_eiponis,Eipomek Snouted Frog,Anura,Microhylidae,DD,1.49869218136906,3.82992372812222,8.46656590304917,10.7756266769381,0.189237056180909,0.596255651226824,9.10046816764414,0.0,0,1000,direct,Xenorhina_eiponis,False,False,,,
2933,4011,Hylarana_aurata,,Anura,Ranidae,DD,1.5210612974618,3.70130467897979,8.45511146200062,10.7734402145182,0.167096574834081,0.466681544202017,9.9699099803997,0.0,0,1000,GBIF_accepted,Papurana_aurata,False,False,,,
2744,4017,Barygenys_cheesmanae,Cheesman's Papua Frog,Anura,Microhylidae,DD,1.67913065978354,3.98368498144692,8.44805724690914,12.0915520087466,0.189237056180909,0.56806675849104,9.63106806787779,0.0,0,1000,direct,Barygenys_cheesmanae,False,False,,,
2830,4026,Copiula_exspectata,,Anura,Microhylidae,DD,1.60417307752106,3.98654251544371,8.43730493682946,10.3868144971371,0.18403234180357,0.634773326755927,9.51023660849238,0.0,0,1000,direct,Copiula_exspectata,False,False,,,
2968,4027,Rana_palustris,,Anura,Ranidae,NM,1.49799280912713,3.44774310763397,8.43713949225812,3.07925638155717,0.164473653464944,0.441734153733361,8.06876785724547,0.0,0,1000,no_RedList_match,,False,False,,,
2970,4047,Oreophryne_waira,,Anura,Microhylidae,DD,1.49673885851807,4.2188349890144,8.40380075557315,7.92347006818287,0.183407470861438,0.63457526798895,6.77130312613118,0.0,0,1000,direct,Oreophryne_waira,False,False,,,
2937,4051,Pristimantis_caliginosus,Huanuco Robber Frog,Anura,Strabomantidae,DD,1.5196250267209,3.92859829361964,8.39534707994569,9.22497157440888,0.187662999398214,0.654435639323772,7.69819460247245,0.0,0,1000,GBIF_accepted,Pristimantis_nebulosus,False,False,,,
2738,4056,Pristimantis_stictoboubonus,,Anura,Strabomantidae,DD,1.6862679695146,4.09036751895055,8.39000590861709,11.2952431278649,0.184347989215724,0.582543301969622,10.0536989729657,0.0,0,1000,direct,Pristimantis_stictoboubonus,False,False,,,
2907,4057,Odorrana_monjerai,Mount Jerai Frog,Anura,Ranidae,DD,1.54059836911674,4.5076544865142,8.38956770654827,13.3212847036507,0.164473653464944,0.491745886479465,9.8615056846863,0.0,0,1000,direct,Odorrana_monjerai,False,False,,,
2928,4068,Pseudophilautus_sahai,Sahai Bush Frog,Anura,Rhacophoridae,DD,1.52254174886851,3.4803825461459,8.37889330768688,7.63083529523428,0.166762954451852,0.485667644855303,6.07712294994107,0.0,0,1000,GBIF_accepted,Raorchestes_sahai,False,False,,,
2863,4075,Pristimantis_tanyrhynchus,,Anura,Strabomantidae,DD,1.57910463336925,3.74654964903509,8.36979515662026,11.4747430744086,0.185440348058406,0.624310153678853,9.02460434239079,0.0,0,1000,direct,Pristimantis_tanyrhynchus,False,False,,,
2832,4077,Microhyla_nanapollexa,,Anura,Microhylidae,DD,1.60300209584914,4.43394439914763,8.36846228162498,11.8883566890758,0.174070030175688,0.570850013565285,10.4429250658097,0.0,0,1000,GBIF_iucn_link,Microhyla_nanapollexa,False,False,,,
2835,4084,Pelophylax_grafi,,Anura,Ranidae,NM,1.60035997154353,3.95697245020634,8.36111660828685,11.3386753962065,0.166341651089203,0.465905675785966,10.4506546614638,0.0,0,1000,no_RedList_match,,False,False,,,
2809,4109,Leptodactylus_rhodostima,,Anura,Leptodactylidae,NM,1.63044203681443,3.89399734351634,8.32627616816444,11.5981552503776,0.177513548684819,0.553019783469838,9.42824276820211,0.0,0,1000,no_RedList_match,,False,False,,,
2925,4116,Arthroleptis_brevipes,,Anura,Arthroleptidae,DD,1.52375376904235,3.86965887882907,8.31417770009312,4.67329065585896,0.178221496166975,0.550921900185047,5.91970394619702,0.0,0,1000,direct,Arthroleptis_brevipes,False,False,,,
2825,4121,Xenorhina_lanthanites,,Anura,Microhylidae,DD,1.61040390244193,3.9579189956503,8.30797202689969,14.2026169763885,0.185905841420832,0.574128894695288,10.1678119445955,0.0,0,1000,direct,Xenorhina_lanthanites,False,False,,,
2808,4123,Cophixalus_pictus,,Anura,Microhylidae,DD,1.63103728177859,4.19572463529838,8.30719672733347,12.3237352957806,0.18403234180357,0.649947231065299,9.72480698024159,0.0,0,1000,direct,Cophixalus_pictus,False,False,,,
2811,4128,Xenorhina_anorbis,Fly River Fanged Frog,Anura,Microhylidae,DD,1.62979519059344,4.06997014249859,8.30121012314718,10.401185318137,0.192788309468692,0.646892974298821,9.3735685784004,0.0,0,1000,direct,Xenorhina_anorbis,False,False,,,
2916,4134,Platymantis_bayani,,Anura,Ceratobatrachidae,DD,1.53382145080329,4.37035191003747,8.29716891379305,12.1514258160056,0.181703501084761,0.598436703373134,9.72022835223071,0.0,0,1000,direct,Platymantis_bayani,False,False,,,
2941,4141,Anomaloglossus_parimae,,Anura,Dendrobatidae,DD,1.51654064507282,4.17943201830025,8.27144410946878,8.88934327486597,0.170651225400104,0.592987218400071,8.75909093129983,0.0,0,1000,direct,Anomaloglossus_parimae,False,False,,,
2979,4146,Albericus_variegatus,Common Rainforest Frog,Anura,Microhylidae,DD,1.49230984609614,3.92535029008263,8.26308575334682,9.95463917429081,0.172507494163167,0.606311337754156,7.93605736384425,0.0,0,1000,GBIF_accepted,Choerophryne_variegata,False,False,,,
2973,4172,Choerophryne_nigrescens,,Anura,Microhylidae,DD,1.49620246717087,4.03725806465618,8.2261777638884,11.1850040936788,0.175827105608337,0.614102234670929,9.22024944790429,0.0,0,1000,direct,Choerophryne_nigrescens,False,False,,,
2905,4175,Cophixalus_daymani,Dayman Rainforest Frog,Anura,Microhylidae,DD,1.54122485774991,4.05623816625213,8.22162974144885,11.5197291356888,0.175827105608337,0.610267001553225,9.03358945070374,0.0,0,1000,direct,Cophixalus_daymani,False,False,,,
2874,4176,Bokermannohyla_langei,Marumbi Treefrog,Anura,Hylidae,DD,1.56937115408106,4.30657581978328,8.22014606970914,11.3738355543022,0.187803958302717,0.571963559762917,8.22711831603464,0.0,0,1000,direct,Bokermannohyla_langei,False,False,,,
2783,4181,Kaloula_nonggangensis,Nonggang narrow-mouthed frog,Anura,Microhylidae,DD,1.65224834113031,3.99530208670334,8.21460858381472,11.8491600017222,0.175827105608337,0.585797388051787,10.71502709691,0.0,0,1000,direct,Kaloula_nonggangensis,False,False,,,
2891,4183,Batrachylodes_gigas,Bougainville Sticky-toed Frog,Anura,Ceratobatrachidae,DD,1.5545706312467,3.5284104065058,8.20941587788192,10.7349049009543,0.180547109845956,0.596164299726519,10.2451101466431,0.0,0,1000,GBIF_accepted,Cornufer_gigas,False,False,,,
2992,4194,Arthroleptis_nimbaensis,,Anura,Arthroleptidae,DD,1.47760443213405,3.57187094444442,8.19905417988728,4.58210139977348,0.177513548684819,0.54252027904336,6.39135446880711,0.0,0,1000,direct,Arthroleptis_nimbaensis,False,False,,,
2847,4195,Dendropsophus_rhea,,Anura,Hylidae,DD,1.58769762409096,3.67202460312098,8.19762919919767,9.67809649420041,0.184336811190649,0.557711374082286,8.88171343405605,0.0,0,1000,direct,Dendropsophus_rhea,False,False,,,
2699,4209,Anomaloglossus_parkerae,,Anura,Dendrobatidae,DD,1.71901396411872,4.27260075342705,8.17495480932617,11.076085967112,0.169849818928791,0.583432376101136,9.25838949808305,0.0,0,1000,direct,Anomaloglossus_parkerae,False,False,,,
2775,4216,Oreophryne_flava,Irian Jaya Cross Frog,Anura,Microhylidae,DD,1.66213938902245,4.06908677170232,8.17000925749708,11.1861622153823,0.18403234180357,0.640453103410495,9.40006087854633,0.0,0,1000,direct,Oreophryne_flava,False,False,,,
3135,4234,Stefania_evansi,Evan’s Stefania,Anura,Hemiphractidae,DD,1.37710075937831,3.4415164290372,8.13472402669838,4.38639461634842,0.175382381556231,0.643497578462281,7.13490561452994,0.0,0,1000,direct,Stefania_evansi,False,False,,,
3073,4241,Phyllomedusa_duellmani,Purple and Orange Leaf Frog,Anura,Hylidae,DD,1.42739012145076,4.08423587987772,8.12975556475159,3.33793337676919,0.180859327457414,0.613612097052214,3.60493924467404,0.0,0,1000,GBIF_accepted,Callimedusa_duellmani,False,False,,,
2985,4249,Choerophryne_amomani,Amoman Choerophryne,Anura,Microhylidae,DD,1.4864529078957,3.94487018267307,8.11623906264273,11.3631430523554,0.175827105608337,0.62258614461601,9.12744587094293,0.0,0,1000,direct,Choerophryne_amomani,False,False,,,
2958,4254,Silverstoneia_minima,,Anura,Dendrobatidae,DD,1.50306730310279,3.76866814203396,8.11285191806603,9.31391730047194,0.165986041475851,0.561777096042122,7.28763257796521,0.0,0,1000,direct,Silverstoneia_minima,False,False,,,
2994,4258,Oreophryne_atrigularis,Black-throated Cross Frog,Anura,Microhylidae,DD,1.47703083784773,3.64475575304226,8.10590780743836,10.1053854993642,0.183112582707948,0.636977040715521,7.90582257230014,0.0,0,1000,direct,Oreophryne_atrigularis,False,False,,,
3094,4267,Xenopus_fraseri,Fraser's Clawed Frog,Anura,Pipidae,DD,1.41437393045911,3.51291721726313,8.08875473457033,3.86611276696171,0.166193890040608,0.489359779442726,7.701211919175,0.0,0,1000,direct,Xenopus_fraseri,False,False,,,
3007,4270,Philautus_kempii,Kemp's Bush Frog,Anura,Rhacophoridae,DD,1.46951367032142,3.60229896229839,8.08277418321617,13.3302142040211,0.165757839263197,0.527995315202436,9.564471312167,0.0,0,1000,direct,Philautus_kempii,False,False,,,
2669,4295,Pristimantis_reticulatus,,Anura,Strabomantidae,DD,1.75018979393956,4.59472147483995,8.05027450139517,8.76127227954575,0.186442509462294,0.662601275612754,10.2598668054981,0.0,0,1000,direct,Pristimantis_reticulatus,False,False,,,
2918,4299,Dendrophryniscus_skuki,,Anura,Bufonidae,DD,1.53185898399961,4.31110288251689,8.04640914858233,10.4043703847413,0.184336811190649,0.584428398249718,10.9530211913899,0.0,0,1000,direct,Dendrophryniscus_skuki,False,False,,,
2965,4314,Hyperolius_kibarae,Shaba Reed Frog,Anura,Hyperoliidae,DD,1.49873573293222,3.79248004090603,8.01808386995142,11.1176129897538,0.17041261974261,0.491213890983791,9.83576147487819,0.0,0,1000,direct,Hyperolius_kibarae,False,False,,,
2864,4325,Fejervarya_altilabris,,Anura,Dicroglossidae,NM,1.57883182971368,4.16475889782028,8.01186639757391,10.1976168337397,0.168471820934825,0.583504940096398,10.0004861095071,0.0,0,1000,no_RedList_match,,False,False,,,
3050,4331,Hylarana_debussyi,Battak Frog,Anura,Ranidae,DD,1.43954513647335,3.86317314741765,7.99825934434703,10.3336583657383,0.167602450460526,0.466681544202017,9.92984966757507,0.0,0,1000,GBIF_accepted,Pulchrana_debussyi,False,False,,,
2984,4333,Hyperolius_brachiofasciatus,,Anura,Hyperoliidae,DD,1.48742101913292,3.61725327267852,7.99152444922658,10.6319304824113,0.168560701239223,0.457248304816192,9.35907697606818,0.0,0,1000,direct,Hyperolius_brachiofasciatus,False,False,,,
3015,4339,Hyperolius_quadratomaculatus,,Anura,Hyperoliidae,DD,1.4614224328264,3.37499793595899,7.97767720091734,9.58957925440664,0.168560701239223,0.486386403076801,8.8128664793008,0.0,0,1000,direct,Hyperolius_quadratomaculatus,False,False,,,
3044,4342,Hyperolius_albofrenatus,,Anura,Hyperoliidae,DD,1.44376655326659,3.44973507373793,7.96847952580943,10.6765998306904,0.16796220068355,0.484311094437288,8.90335444287565,0.0,0,1000,direct,Hyperolius_albofrenatus,False,False,,,
3003,4351,Oreophryne_loriae,,Anura,Microhylidae,DD,1.47163813837828,3.90328815898341,7.95851960215055,10.5138659581488,0.185043695292369,0.563695635260002,8.94249431561718,0.0,0,1000,direct,Oreophryne_loriae,False,False,,,
3048,4377,Hyperolius_atrigularis,,Anura,Hyperoliidae,DD,1.44177372627196,3.6040136704809,7.93647520945074,10.1674301572592,0.168202196853499,0.491612741256193,9.02639370137509,0.0,0,1000,direct,Hyperolius_atrigularis,False,False,,,
2967,4382,Physalaemus_insperatus,,Anura,Leptodactylidae,DD,1.49819881705609,3.83360963768006,7.92723671085334,11.0446115328426,0.176040603037455,0.555124574788534,9.9117530409075,0.0,0,1000,direct,Physalaemus_insperatus,False,False,,,
2795,4386,Rhacophorus_depressus,,Anura,Rhacophoridae,NM,1.64143767852005,3.85206458146145,7.92209690319568,11.9162902151964,0.167474492415617,0.527160363939215,9.55320779748999,0.0,0,1000,no_RedList_match,,False,False,,,
2867,4399,Rhacophorus_pseudacutirostris,Sumatran Sharp-nosed Tree Frog,Anura,Rhacophoridae,DD,1.5753880661447,3.74284444387449,7.89997680259306,13.3772457884414,0.165605638882113,0.494827481632585,8.9620153717298,0.0,0,1000,GBIF_accepted,Leptomantis_pseudacutirostris,False,False,,,
3084,4411,Sphaerotheca_strachani,Pakistan Bullfrog,Anura,Dicroglossidae,DD,1.42220392988885,3.78503616286491,7.87678149547598,10.2955547037281,0.168471820934825,0.588460462523588,9.75454536153697,0.0,0,1000,direct,Sphaerotheca_strachani,False,False,,,
2956,4413,Austrochaperina_archboldi,,Anura,Microhylidae,DD,1.50463402105103,4.38315877393621,7.87590397044874,11.1316887222874,0.189237056180909,0.56806675849104,8.77709840043217,0.0,0,1000,direct,Austrochaperina_archboldi,False,False,,,
2865,4431,Oreophryne_habbemensis,,Anura,Microhylidae,DD,1.5787248039137,4.20960409538318,7.86008232557656,11.0110071173334,0.18403234180357,0.6273906513352,9.32347078831297,0.0,0,1000,direct,Oreophryne_habbemensis,False,False,,,
2850,4444,Pristimantis_chimu,,Anura,Strabomantidae,DD,1.58507556158462,3.93159533109096,7.84035408609875,7.52484510661606,0.187662999398214,0.669789865178298,6.87704728369461,0.0,0,1000,direct,Pristimantis_chimu,False,False,,,
2893,4450,Litoria_vagabunda,,Anura,Hylidae,DD,1.54750567657383,3.87163934823969,7.83661787966277,10.0939491665313,0.182932911459228,0.606724087618019,8.56091470342335,0.0,0,1000,direct,Litoria_vagabunda,False,False,,,
2922,4451,Megaelosia_bocainensis,,Anura,Hylodidae,DD,1.52795260261228,3.47507966867145,7.83549059219973,9.44931486066783,0.181037179303071,0.545681748483609,7.91973292251414,0.0,0,1000,GBIF_iucn_link,Megaelosia_bocainensis,False,False,,,
2981,4452,Hypsiboas_jaguariaiventris,,Anura,Hylidae,NM,1.49073572152161,3.74464385076585,7.83126958592848,10.5921049621147,0.191657551337719,0.606909031287844,9.55807750142817,0.0,0,1000,no_RedList_match,,False,False,,,
2725,4464,Phrynopus_paucari,,Anura,Strabomantidae,DD,1.69418979918574,4.45845886204776,7.81557324020595,10.1825817192239,0.184476500337859,0.65690920172947,7.26660352912977,0.0,0,1000,direct,Phrynopus_paucari,False,False,,,
3077,4467,Hyperolius_acuticephalus,,Anura,Hyperoliidae,DD,1.42490496686456,3.46099508208563,7.81282995824688,10.4963525352254,0.169079260384171,0.499144353778298,9.30608555163132,0.0,0,1000,direct,Hyperolius_acuticephalus,False,False,,,
2745,4475,Pristimantis_turik,,Anura,Strabomantidae,DD,1.67896938469928,3.87178912013233,7.80405193412925,9.83128302980997,0.19175002521382,0.721643800571903,8.11981883946932,0.0,0,1000,direct,Pristimantis_turik,False,False,,,
3315,4481,Rhinella_yunga,,Anura,Bufonidae,DD,1.26202408361055,3.03929458849382,7.79451309601076,8.41547725969809,0.186212836295837,0.59352077500386,7.13259449802027,0.0,0,1000,GBIF_iucn_link,Rhinella_yunga,False,False,,,
2920,4482,Scinax_baumgardneri,,Anura,Hylidae,DD,1.53157109487116,3.66230696391716,7.79238051972011,9.46808590961509,0.168804327640178,0.558211056736256,9.53752385536168,0.0,0,1000,direct,Scinax_baumgardneri,False,False,,,
2714,4485,Liophryne_rubra,,Anura,Microhylidae,DD,1.70132542419086,4.37201393986787,7.79065294198347,11.0428546463096,0.183112582707948,0.636307935765545,9.6666481956561,0.0,0,1000,GBIF_accepted,Sphenophryne_rubra,False,False,,,
3001,4497,Leptopelis_brevipes,,Anura,Arthroleptidae,DD,1.47249234510885,3.64332426729596,7.77838135485698,10.4686130916622,0.179293662991265,0.542911194031668,9.31409517943142,0.0,0,1000,direct,Leptopelis_brevipes,False,False,,,
2946,4498,Melanophryniscus_estebani,,Anura,Bufonidae,DD,1.51373519882255,3.74166692334166,7.77813123398347,9.37986860951132,0.182301474906387,0.585254262094847,7.67819360412426,0.0,0,1000,direct,Melanophryniscus_estebani,False,False,,,
3125,4499,Hyperolius_sheldricki,Sheldrick's Reed Frog,Anura,Hyperoliidae,DD,1.38746574959484,3.73010941920962,7.776537841656,10.5581218746482,0.173503458183883,0.486130332525261,9.52759340372555,0.0,0,1000,direct,Hyperolius_sheldricki,False,False,,,
3016,4531,Afrixalus_schneideri,Schneider's Banana Frog,Anura,Hyperoliidae,DD,1.4602380513547,3.87333149078313,7.7442624166776,10.7040441826053,0.17041261974261,0.520498664674339,9.1148460337136,0.0,0,1000,direct,Afrixalus_schneideri,False,False,,,
3193,4536,Physalaemus_irroratus,,Anura,Leptodactylidae,DD,1.34652324058003,3.55932576235067,7.74031870823711,10.518560072396,0.177214341813134,0.550343980549963,9.17434431478727,0.0,0,1000,direct,Physalaemus_irroratus,False,False,,,
3212,4540,Limnonectes_mawlyndipi,Mawlindip Frog,Anura,Dicroglossidae,DD,1.33399060843228,3.84619968511884,7.73197108856182,9.06723361555266,0.172383613722401,0.535695202556173,8.70534093857684,0.0,0,1000,direct,Limnonectes_mawlyndipi,False,False,,,
3097,4546,Leptopelis_bequaerti,,Anura,Arthroleptidae,DD,1.41222475225978,3.47514089637521,7.72122670364806,9.82053823838657,0.175709862409522,0.539516899867375,9.13715580359258,0.0,0,1000,direct,Leptopelis_bequaerti,False,False,,,
2842,4549,Megaelosia_jordanensis,,Anura,Hylodidae,DD,1.59419862871356,3.74411706171319,7.71717107277682,9.06375712327809,0.179015570899546,0.545533090213127,8.13240154836907,0.0,0,1000,GBIF_iucn_link,Megaelosia_jordanensis,False,False,,,
3022,4556,Pristimantis_ventriguttatus,,Anura,Strabomantidae,DD,1.45883534777563,3.43082311602936,7.70024507567652,8.00865154844816,0.185440348058406,0.635633670790823,6.59790641906673,0.0,0,1000,direct,Pristimantis_ventriguttatus,False,False,,,
3051,4565,Callulops_glandulosus,Warty Callulops Frog,Anura,Microhylidae,DD,1.43935953205566,3.71458789536553,7.68123012877671,10.0728852580461,0.193196560688065,0.637992779058441,8.79376979162413,0.0,0,1000,direct,Callulops_glandulosus,False,False,,,
3002,4585,Pristimantis_leucorrhinus,,Anura,Strabomantidae,DD,1.47219274567009,3.85022669022471,7.65297624429982,9.00802525602658,0.1847344135563,0.625556172118535,7.26043714330483,0.0,0,1000,direct,Pristimantis_leucorrhinus,False,False,,,
3252,4597,Amolops_longimanus,Kambaiti Sucker Frog,Anura,Ranidae,DD,1.30274881060625,3.69230565608307,7.63171006033424,13.8585528469268,0.164611655022202,0.469893631405474,9.46344017330841,0.0,0,1000,direct,Amolops_longimanus,False,False,,,
2991,4602,Pristimantis_melanoproctus,,Anura,Strabomantidae,DD,1.48070562455001,3.51999541325629,7.62460429530152,9.85544313840179,0.185044092885353,0.635907244149826,7.89799518306149,0.0,0,1000,direct,Pristimantis_melanoproctus,False,False,,,
3333,4615,Afrixalus_upembae,Upemba Spiny Reed Frog,Anura,Hyperoliidae,DD,1.25042660322331,3.6965774571939,7.60863430474857,10.6356992493674,0.174705122815102,0.538727506450521,8.66949264994149,0.0,0,1000,direct,Afrixalus_upembae,False,False,,,
3107,4619,Rhacophorus_laoshan,Laoshan Treefrog,Anura,Rhacophoridae,DD,1.40055185989392,3.15721666448395,7.6048538465912,10.5407860532123,0.165389535956814,0.466307638603743,8.85613066811701,0.0,0,1000,direct,Rhacophorus_laoshan,False,False,,,
2954,4623,Hyperolius_fuscigula,Brown-throated Reed Frog,Anura,Hyperoliidae,DD,1.50734429604814,3.57558755211322,7.59904732187281,10.7317867885696,0.171722280025171,0.481743437705722,9.29056785313279,0.0,0,1000,direct,Hyperolius_fuscigula,False,False,,,
3021,4626,Hyperolius_houyi,,Anura,Hyperoliidae,DD,1.4589332865117,4.00247242606871,7.59562876612565,10.5754843023181,0.173503458183883,0.4911001900448,9.37380046137673,0.0,0,1000,direct,Hyperolius_houyi,False,False,,,
3265,4630,Hyperolius_stenodactylus,,Anura,Hyperoliidae,DD,1.29244128788724,3.29271620631643,7.58959807675143,9.66347411100885,0.167706200065932,0.480338758961581,8.47650823184451,0.0,0,1000,direct,Hyperolius_stenodactylus,False,False,,,
2949,4631,Leptopelis_cynnamomeus,Cinnamon Tree Frog,Anura,Arthroleptidae,DD,1.51140572349867,3.54906706132414,7.5894412871836,10.5344321085871,0.176835213194532,0.544253119805283,9.64107412483896,0.0,0,1000,direct,Leptopelis_cynnamomeus,False,False,,,
2969,4636,Xenorhina_ophiodon,Hatam Fanged Frog,Anura,Microhylidae,DD,1.49776889930485,3.77812053692152,7.58207017859266,10.638177589481,0.192788309468692,0.630959964495459,8.29453173736891,0.0,0,1000,direct,Xenorhina_ophiodon,False,False,,,
3133,4639,Hylarana_oatesii,,Anura,Ranidae,NM,1.37797303218016,3.07375969618688,7.57581671941259,9.74110352883261,0.165605638882113,0.465029282864858,9.19394775144352,0.0,0,1000,no_RedList_match,,False,False,,,
3459,4645,Amolops_akhaorum,Akha Torrent Frog,Anura,Ranidae,DD,1.15820522140691,2.85053433301316,7.56892036032744,3.21192378951643,0.165168265399699,0.465953447424512,6.32073661507125,0.0,0,1000,direct,Amolops_akhaorum,False,False,,,
3243,4646,Rana_lemosespinali,Lemos-Espinal's Leopard Frog,Anura,Ranidae,DD,1.31074358846779,2.97441280863339,7.56848028100971,7.02632838904716,0.160184590972307,0.428298085670589,7.56614943431246,0.0,0,1000,GBIF_accepted,Lithobates_lemosespinali,False,False,,,
2871,4652,Leptodactylus_pascoensis,,Anura,Leptodactylidae,DD,1.57103124761363,3.75995161443383,7.56354773798349,11.5623295377188,0.176194133429583,0.556441419991092,8.90671505909152,0.0,0,1000,direct,Leptodactylus_pascoensis,False,False,,,
3178,4659,Hyperolius_diaphanus,,Anura,Hyperoliidae,DD,1.35156062658952,3.32948404933205,7.55714965583866,10.6168711808132,0.17041261974261,0.481743437705722,8.98488108297565,0.0,0,1000,direct,Hyperolius_diaphanus,False,False,,,
2982,4660,Tomopterna_monticola,,Anura,Pyxicephalidae,DD,1.49000132730855,3.83362983220966,7.55695475232211,9.84041129278225,0.182814367944735,0.622536371687169,9.87782978035748,0.0,0,1000,direct,Tomopterna_monticola,False,False,,,
3275,4661,Sphaerotheca_leucorhynchus,Rao's Burrowing Frog,Anura,Dicroglossidae,DD,1.28585378761744,3.67468810670076,7.55693241698298,9.90881110658303,0.168595465815175,0.588460462523588,8.94906286460668,0.0,0,1000,direct,Sphaerotheca_leucorhynchus,False,False,,,
2999,4665,Amietophrynus_vittatus,,Anura,Bufonidae,DD,1.47579291325305,3.10827546404031,7.55478544197534,9.01637811539426,0.177214341813134,0.580600776184715,8.59082243739286,0.0,0,1000,GBIF_accepted,Sclerophrys_vittata,False,False,,,
3106,4669,Philautus_maosonensis,Maoson Shrub Frog,Anura,Rhacophoridae,DD,1.40217373915676,3.66873588143605,7.55335183360827,8.0323145932536,0.165605638882113,0.525894294221661,7.16320527109844,0.0,0,1000,direct,Philautus_maosonensis,False,False,,,
3246,4670,Hyperolius_robustus,,Anura,Hyperoliidae,DD,1.30967241174869,3.19916882516202,7.55286714374132,8.86849318847099,0.168202196853499,0.484564767580794,7.99426552785493,0.0,0,1000,GBIF_iucn_link,Hyperolius_robustus,False,False,,,
3122,4680,Xenophrys_kempii,Kemp's Bush Frog,Anura,Megophryidae,DD,1.38802835639376,3.86393831874992,7.54596746147467,9.78542478340943,0.165986041475851,0.500519182533514,8.77027702513006,0.0,0,1000,GBIF_accepted,Philautus_kempii,False,False,,,
3035,4681,Hyperolius_rhizophilus,African Reed Frog,Anura,Hyperoliidae,DD,1.44904453807066,3.25713576458763,7.54467980264614,9.64472341887537,0.171722280025171,0.477975877724505,8.48502523037476,0.0,0,1000,direct,Hyperolius_rhizophilus,False,False,,,
3103,4683,Hyperolius_ferrugineus,,Anura,Hyperoliidae,DD,1.40601868096896,3.63952010862323,7.5436267767155,10.4693803563765,0.168560701239223,0.478234035511947,8.66927431595025,0.0,0,1000,direct,Hyperolius_ferrugineus,False,False,,,
2862,4688,Gastrotheca_carinaceps,,Anura,Hemiphractidae,DD,1.57943263941333,3.84789507668006,7.53642010214082,9.28358127173785,0.179352246942142,0.649428390481607,7.65179560676736,0.0,0,1000,direct,Gastrotheca_carinaceps,False,False,,,
3155,4694,Nectophrynoides_frontierei,,Anura,Bufonidae,DD,1.36641799671068,3.49461158110229,7.52795508286597,6.06942075661675,0.168126125483349,0.570799770814078,5.52878270920891,0.0,0,1000,direct,Nectophrynoides_frontierei,False,False,,,
2790,4696,Pristimantis_anemerus,,Anura,Strabomantidae,DD,1.64653339997145,3.69916359689957,7.52548999802276,9.27530659923604,0.190405080920532,0.715496385673787,8.76371402635122,0.0,0,1000,direct,Pristimantis_anemerus,False,False,,,
2988,4698,Leptopelis_marginatus,Quissange Forest Tree Frog,Anura,Arthroleptidae,DD,1.48495554014274,3.57404296706966,7.52305442910258,9.71995327000056,0.179293662991265,0.54302569237247,9.34346204520833,0.0,0,1000,direct,Leptopelis_marginatus,False,False,,,
2818,4702,Pristimantis_memorans,,Anura,Strabomantidae,DD,1.62525008482199,3.93726897284388,7.51936047778054,10.8288273689806,0.186442509462294,0.645543282208935,7.85700422664329,0.0,0,1000,direct,Pristimantis_memorans,False,False,,,
3108,4713,Leptopelis_fenestratus,,Anura,Arthroleptidae,DD,1.40049001072823,4.02595286554954,7.51032492975793,9.23395361716006,0.175709862409522,0.537008421531937,8.97272698891457,0.0,0,1000,direct,Leptopelis_fenestratus,False,False,,,
3074,4719,Callulops_fojaensis,,Anura,Microhylidae,DD,1.42735654874701,3.57683469430498,7.49184023742709,10.1803508716118,0.193196560688065,0.631277886562759,8.55543583502484,0.0,0,1000,direct,Callulops_fojaensis,False,False,,,
2953,4720,Leptodactylus_lauramiriamae,,Anura,Leptodactylidae,DD,1.5078276839502,3.2202692611716,7.49096488213175,9.67789198236515,0.178735888288564,0.555571079376981,8.80637822736965,0.0,0,1000,direct,Leptodactylus_lauramiriamae,False,False,,,
2960,4721,Xenorhina_brachyrhyncha,,Anura,Microhylidae,DD,1.50258579601663,3.52303498569467,7.48987699452665,9.95606034568159,0.189237056180909,0.573976543466008,8.1496859075325,0.0,0,1000,direct,Xenorhina_brachyrhyncha,False,False,,,
3014,4722,Sphaenorhynchus_palustris,Linhares Lime Treefrog,Anura,Hylidae,DD,1.46186473935024,3.49306422022354,7.48867768305446,9.99053161367532,0.169534794301079,0.558211056736256,9.21757642528177,0.0,0,1000,direct,Sphaenorhynchus_palustris,False,False,,,
3119,4723,Andinobates_altobueyensis,Alto de Buey Poison Frog,Anura,Dendrobatidae,DD,1.39024076114286,3.36219210734132,7.48817742704139,9.23103425140635,0.166193890040608,0.572085180541871,7.66254185589808,0.0,0,1000,direct,Andinobates_altobueyensis,False,False,,,
3206,4740,Polypedates_hecticus,Samara Flying Frog,Anura,Rhacophoridae,DD,1.33666423721618,3.12180553842846,7.46933870050301,7.72674191069618,0.165757839263197,0.501137481484465,8.22248623656995,0.0,0,1000,direct,Polypedates_hecticus,False,False,,,
3248,4748,Mertensophryne_schmidti,,Anura,Bufonidae,DD,1.30621345901834,3.44755368905517,7.46068729245466,8.7250683705648,0.168746743867614,0.579689158911954,7.75139824062408,0.0,0,1000,direct,Mertensophryne_schmidti,False,False,,,
3221,4754,Hyperolius_lucani,Landana Reed Frog,Anura,Hyperoliidae,DD,1.32713217678671,3.46436021080936,7.45374843578042,10.1790327170237,0.168097432707767,0.486386403076801,8.90679299183651,0.0,0,1000,direct,Hyperolius_lucani,False,False,,,
3057,4760,Dryaderces_pearsoni,Pearson's Slender-legged Treefrog,Anura,Hylidae,DD,1.4365822816611,3.6312843418817,7.44955249135315,9.98099054009541,0.176321516849534,0.558431281450491,9.12480660565791,0.0,0,1000,direct,Dryaderces_pearsoni,False,False,,,
3208,4764,Leptodactylus_hylodes,,Anura,Leptodactylidae,DD,1.33629023690929,3.39599083014074,7.4428693127232,8.87491962508849,0.176194133429583,0.563580201541718,8.3923303255495,0.0,0,1000,direct,Leptodactylus_hylodes,False,False,,,
2940,4768,Chiasmocleis_centralis,Central Humming Frog,Anura,Microhylidae,DD,1.51735322205201,3.39489133806655,7.43848342329585,10.5980091430251,0.175709862409522,0.531557360315854,9.75515654900594,0.0,0,1000,direct,Chiasmocleis_centralis,False,False,,,
3114,4774,Pristimantis_floridus,,Anura,Strabomantidae,DD,1.39524716486221,3.61591452296389,7.43183374222369,8.65175779900034,0.188371595048236,0.672525874803374,6.81685276150833,0.0,0,1000,direct,Pristimantis_floridus,False,False,,,
3183,4788,Philautus_garo,,Anura,Rhacophoridae,DD,1.35006404701586,3.56694303936615,7.41386474824136,10.6210821111688,0.166762954451852,0.528347766448222,8.44117693555934,0.0,0,1000,GBIF_iucn_link,Philautus_garo,False,False,,,
3123,4791,Fejervarya_brama,,Anura,Dicroglossidae,NM,1.38751793499678,3.35221838575732,7.40871118406515,8.8280654592344,0.168471820934825,0.588460462523588,8.40748661735518,0.0,0,1000,no_RedList_match,,False,False,,,
2855,4810,Phrynopus_interstinctus,,Anura,Strabomantidae,DD,1.58125247762975,4.23877930589148,7.38543830262993,10.2355604875779,0.185785744229175,0.663568109559279,7.63637200233289,0.0,0,1000,direct,Phrynopus_interstinctus,False,False,,,
3082,4819,Xenophrys_wawuensis,,Anura,Megophryidae,DD,1.42309291461054,3.78174047660357,7.37687732076294,9.99054770826083,0.166193890040608,0.499807081639265,8.98782394730076,0.0,0,1000,GBIF_accepted,Megophrys_wawuensis,False,False,,,
3142,4824,Pristimantis_stipa,,Anura,Strabomantidae,DD,1.37093727908384,3.33086378971099,7.37259959086723,7.19600043242643,0.185785744229175,0.638994381842522,6.49462038283359,0.0,0,1000,direct,Pristimantis_stipa,False,False,,,
3273,4826,Rana_jiemuxiensis,Jiemuxi Brown Frog,Anura,Ranidae,DD,1.28780151612155,2.82942515242037,7.37053366298347,6.94986793871155,0.164473653464944,0.465367800594686,7.54032193606469,0.0,0,1000,direct,Rana_jiemuxiensis,False,False,,,
3347,4832,Phrynopus_tautzorum,,Anura,Strabomantidae,DD,1.24358100325572,3.60644894235441,7.3641105179442,3.63336696266943,0.184476500337859,0.663856057549815,6.14347679788525,0.0,0,1000,direct,Phrynopus_tautzorum,False,False,,,
3039,4860,Pristimantis_kirklandi,,Anura,Strabomantidae,DD,1.44714657027292,3.47491964291058,7.33327185061936,9.30668828264711,0.185044092885353,0.635799082022971,8.81158527130557,0.0,0,1000,direct,Pristimantis_kirklandi,False,False,,,
3102,4861,Hyla_zhaopingensis,Zhaoping treefrog,Anura,Hylidae,DD,1.40607954056081,3.60582387349039,7.33268052030928,9.4035872050122,0.179232617678806,0.571556137594752,9.22975090232698,0.0,0,1000,direct,Hyla_zhaopingensis,False,False,,,
3285,4872,Scinax_jureia,Jureia Snouted Treefrog,Anura,Hylidae,DD,1.28068105191993,3.52559985789578,7.31799791278175,8.77016265368578,0.179232617678806,0.573592793231428,8.19581105859829,0.0,0,1000,GBIF_accepted,Ololygon_jureia,False,False,,,
3223,4878,Dendropsophus_cerradensis,,Anura,Hylidae,DD,1.32635112191141,3.24664603512222,7.31498684406809,9.42087642896776,0.180639228092253,0.549820776600051,8.40140412307903,0.0,0,1000,direct,Dendropsophus_cerradensis,False,False,,,
3145,4885,Choerophryne_allisoni,,Anura,Microhylidae,DD,1.37016795011871,3.71915015889951,7.30646331660852,9.86776951686134,0.174070030175688,0.622440015870358,8.25717473317077,0.0,0,1000,direct,Choerophryne_allisoni,False,False,,,
2919,4888,Phrynopus_auriculatus,,Anura,Strabomantidae,DD,1.53172584542808,3.88030350939571,7.29985951990403,7.04935347578331,0.186454106274433,0.673180031189491,6.00823241679128,0.0,0,1000,direct,Phrynopus_auriculatus,False,False,,,
3151,4897,Dendrophryniscus_stawiarskyi,,Anura,Bufonidae,DD,1.36746240276407,3.31820246930819,7.28806447942979,10.2752659495466,0.18548751961592,0.584428398249718,6.69898972679615,0.0,0,1000,direct,Dendrophryniscus_stawiarskyi,False,False,,,
3217,4901,Ameerega_maculata,Confusing Poison Frog,Anura,Dendrobatidae,DD,1.33099801137299,3.85846013767093,7.28593863434174,10.0603307818495,0.165986041475851,0.55413388791752,8.81760099085471,0.0,0,1000,GBIF_accepted,Epipedobates_maculatus,False,False,,,
3234,4902,Hyperolius_laticeps,,Anura,Hyperoliidae,NM,1.31835568137558,3.00274688664555,7.28516311475228,8.82308799907066,0.171722280025171,0.482201886343718,7.89098781093822,0.0,0,1000,no_RedList_match,,False,False,,,
2962,4909,Xenorhina_arndti,,Anura,Microhylidae,DD,1.50195998347546,4.17135928356717,7.27682831341322,10.8777354389944,0.19194599014717,0.623667007638742,9.14354046078809,0.0,0,1000,direct,Xenorhina_arndti,False,False,,,
2945,4911,Callulops_marmoratus,,Anura,Microhylidae,DD,1.51494504259147,3.79572793037797,7.27448930695147,9.44028809815051,0.193196560688065,0.630845466154656,8.47490496121835,0.0,0,1000,direct,Callulops_marmoratus,False,False,,,
3028,4912,Hylomantis_danieli,Antioquia Leaf Frog,Anura,Hylidae,DD,1.4561801854146,3.46374239910004,7.27424456665425,9.86444513342455,0.180859327457414,0.570263733564334,8.93407102572121,0.0,0,1000,GBIF_accepted,Agalychnis_danieli,False,False,,,
3026,4914,Phrynopus_oblivius,,Anura,Strabomantidae,DD,1.45784600723839,3.70725923883988,7.26758797195567,7.8619882000789,0.186454106274433,0.673208786901369,5.98652835882246,0.0,0,1000,direct,Phrynopus_oblivius,False,False,,,
3199,4924,Limnonectes_khammonensis,Khammouan Fanged Frog,Anura,Dicroglossidae,DD,1.34112159197311,3.05084887588255,7.25524562908195,7.46140438875512,0.171968786413411,0.546827937013454,7.96415385221544,0.0,0,1000,direct,Limnonectes_khammonensis,False,False,,,
3150,4928,Scinax_dolloi,Werner's Brazilian Treefro,Anura,Hylidae,DD,1.36771076034392,3.25921699666279,7.25093593229113,9.58844412337591,0.179232617678806,0.574043216742715,8.79193242623675,0.0,0,1000,direct,Scinax_dolloi,False,False,,,
3191,4931,Rhacophorus_tuberculatus,Warty Flying Frog,Anura,Rhacophoridae,DD,1.34777904201234,3.41930716104933,7.2464324187598,11.3234459223591,0.164564993611017,0.529333330405618,8.09585783595799,0.0,0,1000,direct,Rhacophorus_tuberculatus,False,False,,,
3080,4935,Phrynopus_miroslawae,,Anura,Strabomantidae,DD,1.42417609148738,3.77043424966759,7.24421177454784,7.66803248232998,0.184476500337859,0.663856057549815,6.43185118624621,0.0,0,1000,direct,Phrynopus_miroslawae,False,False,,,
3017,4944,Xenorhina_macrodisca,,Anura,Microhylidae,DD,1.45991006414701,3.62947252381098,7.23837461129997,10.2534920496318,0.187352290787223,0.581839507301985,8.55303557348289,0.0,0,1000,direct,Xenorhina_macrodisca,False,False,,,
3060,4951,Callulops_fuscus,Brown Callulops Frog,Anura,Microhylidae,DD,1.43555736947364,3.49308895117588,7.22759041949977,9.38753494114102,0.193740177077535,0.630845466154656,8.50696253155554,0.0,0,1000,direct,Callulops_fuscus,False,False,,,
3173,4952,Albericus_tuberculus,Warty Rainforest Frog,Anura,Microhylidae,DD,1.35627185355175,3.5593792935461,7.22751687343344,9.80634340881984,0.171197833880606,0.598507556330279,7.45573195429341,0.0,0,1000,GBIF_accepted,Choerophryne_tubercula,False,False,,,
2924,4964,Pristimantis_scitulus,,Anura,Strabomantidae,DD,1.52415272205249,3.55129288558741,7.21759041165044,7.9203581064598,0.186442509462294,0.663079105465727,7.14452824863981,0.0,0,1000,direct,Pristimantis_scitulus,False,False,,,
2883,4975,Leptopelis_jordani,Congulu Forest Treefrog,Anura,Arthroleptidae,DD,1.56414095352023,3.67232338859557,7.19967205651387,9.71892840000329,0.179293662991265,0.543443487019539,9.17958620276207,0.0,0,1000,direct,Leptopelis_jordani,False,False,,,
3061,4976,Callulops_dubius,Moluccan Callulops Frog,Anura,Microhylidae,DD,1.43519689623369,3.15530935998948,7.19830329721746,9.29111777399434,0.193740177077535,0.630959964495459,8.04120886899554,0.0,0,1000,direct,Callulops_dubius,False,False,,,
3067,4982,Leptodactylus_hallowelli,,Anura,Leptodactylidae,NM,1.43273666447622,3.47848673515575,7.19054521676443,10.2117380041828,0.176671916695783,0.553692639310464,8.63101622539524,0.0,0,1000,no_RedList_match,,False,False,,,
3164,4985,Albericus_rhenaurum,,Anura,Microhylidae,DD,1.36089726389108,3.71447560468534,7.18109166449303,9.66657852174767,0.175827105608337,0.62280085564547,7.96610837278425,0.0,0,1000,GBIF_accepted,Choerophryne_rhenaurum,False,False,,,
2914,4986,Pristimantis_bearsei,,Anura,Strabomantidae,DD,1.5351810387998,3.46905298642712,7.18078644138778,7.41626024733127,0.187043744980449,0.663079105465727,7.40115985412744,0.0,0,1000,direct,Pristimantis_bearsei,False,False,,,
3158,4998,Pristimantis_padrecarlosi,,Anura,Strabomantidae,DD,1.36514451253191,3.73215325544743,7.17068653114567,9.13582354836923,0.184852399085686,0.639267955201526,7.96942026465608,0.0,0,1000,GBIF_iucn_link,Pristimantis_padrecarlosi,False,False,,,
3210,5024,Litoria_umbonata,,Anura,Hylidae,DD,1.33608313491662,3.35288865169478,7.13927039447001,8.73677116506253,0.1847344135563,0.633995139920592,7.71798878746108,0.0,0,1000,direct,Litoria_umbonata,False,False,,,
3198,5027,Leptopelis_parvus,,Anura,Arthroleptidae,DD,1.34149434800017,3.62893035141017,7.13421462347051,10.1525317669411,0.178347210591111,0.548353352562848,8.75793252303982,0.0,0,1000,direct,Leptopelis_parvus,False,False,,,
3299,5029,Odorrana_rotadora,,Anura,Ranidae,NM,1.27392017472618,3.08816285836178,7.13016371467251,6.39976984706113,0.163530784100116,0.467901430286703,7.35023648329222,0.0,0,1000,no_RedList_match,,False,False,,,
2971,5037,Pristimantis_seorsus,,Anura,Strabomantidae,DD,1.49638476813364,3.67925534641103,7.12466686035598,6.96933038840369,0.187662999398214,0.670241203399852,6.80374342939589,0.0,0,1000,direct,Pristimantis_seorsus,False,False,,,
3271,5046,Odorrana_macrotympana,,Anura,Ranidae,DD,1.28886030671519,3.14403577716488,7.11612560298826,9.34527695071048,0.164276558945935,0.492489091874593,8.55196290341593,0.0,0,1000,direct,Odorrana_macrotympana,False,False,,,
3128,5050,Pristimantis_pataikos,,Anura,Strabomantidae,DD,1.38499802033852,3.45306559953608,7.11179540886351,8.66484906675298,0.185785744229175,0.662893289921699,7.5193930791676,0.0,0,1000,direct,Pristimantis_pataikos,False,False,,,
3288,5058,Hyperolius_polli,Tshimbulu Reed Frog,Anura,Hyperoliidae,DD,1.27989771670048,3.01108276063825,7.09962616145126,8.6209738034832,0.168560701239223,0.490233868027857,7.94442976940651,0.0,0,1000,direct,Hyperolius_polli,False,False,,,
3258,5060,Raorchestes_thodai,Thoda Bush Frog,Anura,Rhacophoridae,DD,1.2981463914486,2.98202972612849,7.09629159602428,5.79717559939026,0.165757839263197,0.521779369518009,5.68577012217069,0.0,0,1000,direct,Raorchestes_thodai,False,False,,,
3018,5062,Pristimantis_royi,,Anura,Strabomantidae,DD,1.45977361102958,2.99689371541419,7.09517928479442,7.8708333983792,0.185440348058406,0.636081567257437,7.52305468258444,0.0,0,1000,direct,Pristimantis_royi,False,False,,,
3453,5063,Amolops_archotaphus,Doi Inthanon Rock Frog,Anura,Ranidae,DD,1.16056466293073,2.94760370538051,7.09390016566222,3.15301067584791,0.166890912496761,0.467648545440189,5.38148741172094,0.0,0,1000,direct,Amolops_archotaphus,False,False,,,
3190,5077,Leptobrachium_nokrekensis,Nokrek's Spadefoot Toad,Anura,Megophryidae,DD,1.34819333026096,3.23588602275759,7.06567730603471,9.47357663858635,0.166820222881355,0.491749266285221,8.9322185676863,0.0,0,1000,GBIF_accepted,Leptobrachella_nokrekensis,False,False,,,
3171,5104,Pristimantis_mariaelenae,,Anura,Strabomantidae,DD,1.35788429104623,3.75024226669748,7.03309373314088,6.7404855033075,0.185785744229175,0.639267955201526,6.80545453070161,0.0,0,1000,direct,Pristimantis_mariaelenae,False,False,,,
3340,5118,Pelophylax_hispanicus,,Anura,Ranidae,NM,1.24719745901051,3.26762663900011,7.01708701426051,10.7152792006437,0.166341651089203,0.464986446186339,8.03883744063025,0.0,0,1000,no_RedList_match,,False,False,,,
3185,5129,Litoria_albolabris,Wandolleck's White-lipped Treefrog,Anura,Hylidae,DD,1.34946473384899,3.32786051001997,7.00727024610252,8.51996148602478,0.185044092885353,0.62684912956696,7.48528972620024,0.0,0,1000,direct,Litoria_albolabris,False,False,,,
3311,5141,Hyperolius_bicolor,Two-coloured Reed Frog,Anura,Hyperoliidae,DD,1.2641105894496,3.20265244231712,6.99428189840231,9.26951203697054,0.16796220068355,0.484311094437288,8.00036849569445,0.0,0,1000,direct,Hyperolius_bicolor,False,False,,,
3038,5151,Leptopelis_lebeaui,,Anura,Arthroleptidae,DD,1.44748601991453,3.45720741944866,6.98497412844322,9.46972325412859,0.178347210591111,0.538629861419778,8.54234399885258,0.0,0,1000,direct,Leptopelis_lebeaui,False,False,,,
3341,5152,Scinax_pombali,,Anura,Hylidae,DD,1.24665339155824,2.98942691567478,6.98467022365558,8.3315895355127,0.167936692693223,0.550152950104367,7.9833649420155,0.0,0,1000,GBIF_accepted,Ololygon_pombali,False,False,,,
3222,5154,Hyperolius_ghesquieri,,Anura,Hyperoliidae,DD,1.32644683896905,3.37436213424066,6.9799127115554,8.90166709697121,0.168560701239223,0.484588992601054,8.36831434415164,0.0,0,1000,direct,Hyperolius_ghesquieri,False,False,,,
3233,5159,Hyperolius_gularis,Loanda Reed Frog,Anura,Hyperoliidae,DD,1.31847920990909,3.30889303652218,6.97106734094354,10.8116414488264,0.173503458183883,0.484217133874622,8.9861268229504,0.0,0,1000,direct,Hyperolius_gularis,False,False,,,
3036,5160,Litoria_capitula,Samlakki Treefrog,Anura,Hylidae,DD,1.44830232186076,3.19141884109514,6.97009879996198,8.56101831100771,0.182932911459228,0.606724087618019,7.72798740953312,0.0,0,1000,direct,Litoria_capitula,False,False,,,
3232,5166,Leptodactylus_ochraceus,,Anura,Leptodactylidae,DD,1.31848015339565,3.39651680472228,6.96578565728868,8.34514054883916,0.178163851179345,0.553276999682585,7.80565547783106,0.0,0,1000,direct,Leptodactylus_ochraceus,False,False,,,
3215,5173,Hyperolius_tornieri,,Anura,Hyperoliidae,DD,1.33226625459019,3.21930713536038,6.94954318874797,8.05376240745852,0.16796220068355,0.486386403076801,7.93266785592437,0.0,0,1000,direct,Hyperolius_tornieri,False,False,,,
3020,5190,Cophixalus_tetzlaffi,,Anura,Microhylidae,DD,1.45939835957493,3.47146032502174,6.92096129075264,10.2470293186233,0.175827105608337,0.609961658459064,7.80010428509943,0.0,0,1000,direct,Cophixalus_tetzlaffi,False,False,,,
3380,5201,Oedipina_stuarti,Stuart's Worm Salamander,Caudata,Plethodontidae,DD,1.21139250088043,2.70325272398613,6.9018419201682,7.73510377374862,0.165182825261992,0.517973961587334,4.56374612748822,0.0,0,1000,direct,Oedipina_stuarti,False,False,,,
3350,5203,Kassina_wazae,,Anura,Hyperoliidae,DD,1.239086018569,3.18945979240181,6.89934812880136,9.85465043628741,0.174250467837342,0.478027414154254,8.244100194653,0.0,0,1000,direct,Kassina_wazae,False,False,,,
3272,5205,Dendropsophus_minimus,Taperinha Treefrog,Anura,Hylidae,DD,1.28845457634938,3.30708753626285,6.89471821358391,8.77160319678275,0.184861269413334,0.557711374082286,8.01446822785638,0.0,0,1000,direct,Dendropsophus_minimus,False,False,,,
3308,5220,Oreophryne_pseudasplenicola,Doppelgänger Cross Frog,Anura,Microhylidae,DD,1.26531377561858,3.2971614149415,6.87435535803235,5.18842379275557,0.18403234180357,0.649593936407477,6.32354926554194,0.0,0,1000,direct,Oreophryne_pseudasplenicola,False,False,,,
3307,5243,Afrixalus_lindholmi,Lindholm's Banana Frog,Anura,Hyperoliidae,DD,1.26590210366449,3.14873749198732,6.84002994825633,8.99369769949808,0.174705122815102,0.542970028703764,7.87360402984683,0.0,0,1000,direct,Afrixalus_lindholmi,False,False,,,
3197,5244,Pristimantis_ixalus,,Anura,Strabomantidae,DD,1.3416247766536,3.76908230186957,6.83577834386406,9.14346190428643,0.188955170440201,0.682094051541125,7.42740681454927,0.0,0,1000,direct,Pristimantis_ixalus,False,False,,,
3317,5245,Philautus_cinerascens,,Anura,Rhacophoridae,DD,1.26015164699309,3.08186110469515,6.83367914363206,9.46486158633246,0.165757839263197,0.528404305190611,7.16272426187541,0.0,0,1000,direct,Philautus_cinerascens,False,False,,,
3087,5247,Phrynopus_thompsoni,,Anura,Strabomantidae,DD,1.417586058654,3.54011098542381,6.83169677868749,6.04141519103846,0.185785744229175,0.666171186496977,5.20162532010737,0.0,0,1000,direct,Phrynopus_thompsoni,False,False,,,
3266,5272,Pristimantis_minutulus,,Anura,Strabomantidae,DD,1.29216574475237,3.11270657022725,6.79953694466953,7.66585142344073,0.184513414993001,0.63915979307467,6.8993055854215,0.0,0,1000,direct,Pristimantis_minutulus,False,False,,,
3457,5283,Oedipina_paucidentata,El Empalme Worm Salamander,Caudata,Plethodontidae,DD,1.1592211107393,2.90960890186402,6.78932571202574,6.47971437176888,0.165182825261992,0.518351443721596,5.54010797995155,0.0,0,1000,direct,Oedipina_paucidentata,False,False,,,
3324,5293,Nyctibatrachus_shiradi,Shiradi Night Frog,Anura,Nyctibatrachidae,DD,1.25777360692874,3.71168056729556,6.78010854214801,1.93641203748095,0.17465091641944,0.582274446959609,4.658313749937,0.0,0,1000,direct,Nyctibatrachus_shiradi,False,False,,,
3337,5301,Fejervarya_brevipalmata,Short-webbed Frog,Anura,Dicroglossidae,DD,1.24797602572417,3.35478865395252,6.76699148279135,8.85985308744237,0.171009862162587,0.566719850957678,8.40090871034345,0.0,0,1000,GBIF_accepted,Minervarya_brevipalmata,False,False,,,
3264,5306,Xenorhina_scheepstrai,Indonesian Fanged Frog,Anura,Microhylidae,DD,1.29450141172539,3.39126007913651,6.75899803560249,9.68470927478854,0.189237056180909,0.600643919259753,7.63932155637863,0.0,0,1000,direct,Xenorhina_scheepstrai,False,False,,,
3236,5316,Litoria_obtusirostris,Jobi Treefrog,Anura,Hylidae,DD,1.31713186772314,2.87499511526835,6.75281997460338,8.74369279359936,0.184513414993001,0.606724087618019,7.65775085932967,0.0,0,1000,direct,Litoria_obtusirostris,False,False,,,
3181,5323,Litoria_mareku,,Anura,Hylidae,DD,1.35071426072047,3.55602560177792,6.74187233911658,8.32210027752989,0.186792079296111,0.629903140772455,7.69357241888014,0.0,0,1000,direct,Litoria_mareku,False,False,,,
3075,5324,Phrynopus_nicoleae,,Anura,Strabomantidae,DD,1.42720647857995,3.67627975449537,6.73883916909769,8.14725207988169,0.184476500337859,0.65690920172947,6.73755163526733,0.0,0,1000,direct,Phrynopus_nicoleae,False,False,,,
3157,5332,Litoria_biakensis,,Anura,Hylidae,DD,1.36541585936511,3.366846737864,6.7279085514194,8.60379001503814,0.1847344135563,0.623774023064651,8.18649707813211,0.0,0,1000,direct,Litoria_biakensis,False,False,,,
3286,5340,Litoria_multicolor,,Anura,Hylidae,DD,1.28060099557985,3.27187978699204,6.7154688402879,9.77664972281716,0.19257226440059,0.628936497773842,7.47631583903051,0.0,0,1000,direct,Litoria_multicolor,False,False,,,
3290,5346,Scutiger_brevipes,,Anura,Megophryidae,DD,1.27909163609099,3.02819157695436,6.70567435770066,8.33914886290581,0.168764535054924,0.539049128973172,7.47087504731975,0.0,0,1000,direct,Scutiger_brevipes,False,False,,,
3506,5365,Bolitoglossa_epimela,Tapanti Mushroomtongue Salamander,Caudata,Plethodontidae,DD,1.12504898297586,2.82526741817329,6.68816022020071,2.45696521843419,0.166098001950029,0.563030693694289,5.9520042643044,0.0,0,1000,direct,Bolitoglossa_epimela,False,False,,,
3149,5373,Hyperolius_obscurus,,Anura,Hyperoliidae,DD,1.36773340561461,3.23097744887094,6.67320784757887,10.300001469609,0.168560701239223,0.478052274782877,8.40238441101075,0.0,0,1000,direct,Hyperolius_obscurus,False,False,,,
3231,5382,Leptopelis_crystallinoron,,Anura,Arthroleptidae,DD,1.32091336498838,3.21863433668853,6.65908473104134,10.5900486607228,0.178347210591111,0.538629861419778,9.08894512200802,0.0,0,1000,direct,Leptopelis_crystallinoron,False,False,,,
3356,5388,Tomopterna_milletihorsini,Mali Screeching Frog,Anura,Pyxicephalidae,DD,1.23197015020551,3.4603579458634,6.65115397203637,9.10360061284318,0.182279456381909,0.623059309434848,8.62074644496234,0.0,0,1000,direct,Tomopterna_milletihorsini,False,False,,,
3411,5391,Phrynobatrachus_inexpectatus,Largen's Dwarf Puddle Frog,Anura,Phrynobatrachidae,DD,1.19111935550889,3.37496971765684,6.64440709179061,3.32555174102622,0.179042431178678,0.614109423449229,6.44437008909105,0.0,0,1000,direct,Phrynobatrachus_inexpectatus,False,False,,,
3345,5393,Proceratophrys_phyllostomus,,Anura,Odontophrynidae,DD,1.24565284848932,2.98115263850349,6.6418570038214,8.7411908169511,0.183744619005032,0.615002051260435,7.51258027116035,0.0,0,1000,direct,Proceratophrys_phyllostomus,False,False,,,
3278,5407,Hyperolius_maestus,Cabinda Reed Frog,Anura,Hyperoliidae,DD,1.28369034856882,2.90293044384698,6.62848866486513,10.3132190821538,0.168690885744765,0.486386403076801,8.33388328796886,0.0,0,1000,direct,Hyperolius_maestus,False,False,,,
3373,5411,Hyperolius_raveni,Volcano Reed Frog,Anura,Hyperoliidae,DD,1.21855865534201,2.9397892235056,6.62224051725068,8.70129811884102,0.168690885744765,0.478234035511947,7.66785034562358,0.0,0,1000,direct,Hyperolius_raveni,False,False,,,
3437,5414,Hyperolius_pustulifer,,Anura,Hyperoliidae,DD,1.17418964813925,2.92418322902353,6.61773521737725,8.35502988371659,0.168690885744765,0.493751438239949,7.59550852368281,0.0,0,1000,direct,Hyperolius_pustulifer,False,False,,,
3667,5416,Bolitoglossa_splendida,Splendid Web-footed Salamander,Caudata,Plethodontidae,DD,1.03311661272371,2.38801075197284,6.61612618452219,2.62954958527737,0.166358832682754,0.556779328991094,5.7688773259084,0.0,0,1000,direct,Bolitoglossa_splendida,False,False,,,
3372,5425,Pristimantis_spectabilis,,Anura,Strabomantidae,DD,1.21869722597133,3.03764330875836,6.60437145308245,7.80021184712778,0.1847344135563,0.632587554077583,6.60209727907365,0.0,0,1000,direct,Pristimantis_spectabilis,False,False,,,
3182,5452,Pristimantis_tubernasus,Pregonero Robber Frog,Anura,Strabomantidae,DD,1.35033448565891,3.14671851955408,6.56445164533056,7.08994438577372,0.188955170440201,0.681318460248382,6.45293579261819,0.0,0,1000,direct,Pristimantis_tubernasus,False,False,,,
3339,5468,Litoria_axillaris,Kimberley Rocket Frog,Anura,Hylidae,DD,1.24739610127449,3.27316295570652,6.54631390965785,8.72308510705047,0.185044092885353,0.62684912956696,7.84542336955466,0.0,0,1000,direct,Litoria_axillaris,False,False,,,
2930,5470,Pseudocallulops_eurydactylus,Danowaria Callulops Frog,Anura,Microhylidae,DD,1.52235461102502,3.51608462837042,6.54461429714571,5.36925629421841,0.19194599014717,0.634229358976046,3.8980190550079,0.0,0,1000,GBIF_accepted,Asterophrys_eurydactyla,False,False,,,
3361,5472,Dendrophryniscus_organensis,,Anura,Bufonidae,DD,1.22830740986675,2.99071210248764,6.53967517262255,7.01872016692544,0.183168192728247,0.579079387474964,6.43532468971881,0.0,0,1000,direct,Dendrophryniscus_organensis,False,False,,,
2955,5481,Pseudocallulops_pullifer,,Anura,Microhylidae,DD,1.50590906633534,3.81474184447501,6.53215386711179,5.55665897375196,0.192788309468692,0.647076804270249,3.8980190550079,0.0,0,1000,GBIF_accepted,Asterophrys_pullifer,False,False,,,
3283,5484,Pristimantis_avius,,Anura,Strabomantidae,DD,1.28156686872273,2.89418102434522,6.52785242004427,8.67890364195916,0.1847344135563,0.594885266921214,6.67196314833671,0.0,0,1000,direct,Pristimantis_avius,False,False,,,
3495,5505,Proceratophrys_rondonae,,Anura,Odontophrynidae,DD,1.13740243127935,2.79620735070271,6.49654396793693,8.22403414158255,0.183168192728247,0.61532198064711,7.55989610960966,0.0,0,1000,direct,Proceratophrys_rondonae,False,False,,,
3289,5506,Callulops_kopsteini,Kopstein's Callulops Frog,Anura,Microhylidae,DD,1.27909705890252,3.0143509673184,6.49492972650644,8.9443194678251,0.193196560688065,0.631553896909882,7.90562373412601,0.0,0,1000,direct,Callulops_kopsteini,False,False,,,
3391,5510,Choerophryne_arndtorum,Arndt's Choerophryne,Anura,Microhylidae,DD,1.20351013608692,3.03438446400499,6.49450070638989,9.42630361203709,0.174070030175688,0.622440015870358,7.8517076330632,0.0,0,1000,direct,Choerophryne_arndtorum,False,False,,,
3429,5516,Hyperolius_xenorhinus,,Anura,Hyperoliidae,DD,1.17908955886304,2.90573138243426,6.48777766872543,8.70196318625434,0.168560701239223,0.490233868027857,7.49262328265086,0.0,0,1000,direct,Hyperolius_xenorhinus,False,False,,,
3211,5523,Hyperolius_inornatus,,Anura,Hyperoliidae,DD,1.33467274568235,2.89912376160547,6.47251004929436,8.82187938000085,0.174250467837342,0.483872386175617,7.53126568493164,0.0,0,1000,direct,Hyperolius_inornatus,False,False,,,
3346,5540,Hylarana_fonensis,Pic de Fon White-lipped Frog,Anura,Ranidae,DD,1.24441105271785,3.04523571013879,6.44954893040641,9.02837820253901,0.167602450460526,0.465948512464486,8.90037024760331,0.0,0,1000,direct,Hylarana_fonensis,False,False,,,
3254,5541,Callulops_sagittatus,,Anura,Microhylidae,DD,1.30084205041112,3.43555169760117,6.44865733066916,8.74055367442155,0.193196560688065,0.631530110371807,7.66537766088102,0.0,0,1000,direct,Callulops_sagittatus,False,False,,,
3247,5549,Litoria_quadrilineata,Lined Treefrog,Anura,Hylidae,DD,1.30769355173576,2.87495243085417,6.43836491275688,8.21730395360936,0.187664990530121,0.630431169561385,7.64808822241229,0.0,0,1000,direct,Litoria_quadrilineata,False,False,,,
3581,5558,Amolops_nidorbellus,Spotted Stinky Torrent Frog,Anura,Ranidae,DD,1.0766845075754,2.71959957870559,6.42515684486143,7.73669089175858,0.165168265399699,0.477124769077447,6.42059265896184,0.0,0,1000,direct,Amolops_nidorbellus,False,False,,,
3309,5564,Callulops_boettgeri,Boettger's Callulops Frog,Anura,Microhylidae,DD,1.2653069052317,3.3356186181383,6.4158795310056,9.82681843372439,0.193196560688065,0.623532915542871,8.05195455774623,0.0,0,1000,direct,Callulops_boettgeri,False,False,,,
3381,5575,Pristimantis_vilcabambae,,Anura,Strabomantidae,DD,1.21137389684509,3.44693073674794,6.40141106023683,8.9311876237239,0.186442509462294,0.665204352550452,7.13026442545252,0.0,0,1000,direct,Pristimantis_vilcabambae,False,False,,,
3401,5577,Gastrotheca_lauzuricae,La Siberia Marsupial Frog,Anura,Hemiphractidae,DD,1.19873219040982,3.55388674731403,6.40106719115849,2.24813283696591,0.181350140272025,0.662147784891835,3.49181267993056,0.0,0,1000,direct,Gastrotheca_lauzuricae,False,False,,,
3351,5583,Litoria_megalops,,Anura,Hylidae,DD,1.23478186381414,3.20592934850372,6.39186908783784,7.85713891673102,0.193718691941238,0.632412737124934,7.21804465078976,0.0,0,1000,direct,Litoria_megalops,False,False,,,
3163,5609,Pristimantis_atrabracus,,Anura,Strabomantidae,DD,1.3612546746215,2.98952859318558,6.35658370257625,7.51963243963986,0.185044092885353,0.645816855567939,6.79874984017059,0.0,0,1000,direct,Pristimantis_atrabracus,False,False,,,
3385,5610,Hyperolius_sankuruensis,Omaniundu Reed Frog,Anura,Hyperoliidae,DD,1.20779932742263,3.00638648996977,6.35572787785936,9.26514819613345,0.173503458183883,0.496975084576119,8.00951841038854,0.0,0,1000,direct,Hyperolius_sankuruensis,False,False,,,
3235,5618,Litoria_pratti,Pratt's Treefrog,Anura,Hylidae,DD,1.31823129371297,3.13805299748808,6.33824848549728,7.58232352438404,0.19439251570235,0.628520302829384,7.18562593387274,0.0,0,1000,direct,Litoria_pratti,False,False,,,
3480,5621,Fejervarya_assimilis,,Anura,Dicroglossidae,NM,1.14537955447272,3.20994915356589,6.3347558319053,8.94148675356805,0.168471820934825,0.57214383695109,8.34720437680434,0.0,0,1000,no_RedList_match,,False,False,,,
3902,5627,Nanorana_conaensis,Cona Paa Frog,Anura,Dicroglossidae,DD,0.89558178405615,2.31763206893158,6.32192015704629,5.69248719920524,0.17670128536528,0.588460462523588,5.62952550145505,0.0,0,1000,direct,Nanorana_conaensis,False,False,,,
3427,5630,Megophrys_ancrae,Namdapha Horned Toadfrog,Anura,Megophryidae,DD,1.18183430105088,2.94280579843993,6.31871900285647,7.10845489780763,0.166193890040608,0.465313652724493,6.46195062462029,0.0,0,1000,direct,Megophrys_ancrae,False,False,,,
3374,5638,Euphlyctis_ghoshi,,Anura,Dicroglossidae,DD,1.2177547837161,3.56819680172092,6.29545511064615,10.4927794483902,0.172769960546025,0.563108156657264,9.34059588501487,0.0,0,1000,GBIF_iucn_link,Euphlyctis_ghoshi,False,False,,,
3370,5640,Litoria_piperata,Peppered Tree Frog,Anura,Hylidae,DD,1.21969055123913,2.84697629080176,6.29121135138995,8.02682363352619,0.18573905888994,0.641487971361028,7.14037663030386,0.0,0,1000,direct,Litoria_piperata,False,False,,,
3547,5644,Limnonectes_micrixalus,,Anura,Dicroglossidae,DD,1.09754049987469,2.80786124993434,6.28036578634727,8.23824031160573,0.173861416492827,0.566719850957678,6.79061920966219,0.0,0,1000,direct,Limnonectes_micrixalus,False,False,,,
3475,5656,Oedipina_altura,Cartago Worm Salamander,Caudata,Plethodontidae,DD,1.15007324745062,2.68161497564368,6.2634575895904,5.98134142177746,0.164915917178012,0.529367018936255,5.01019662053926,0.0,0,1000,direct,Oedipina_altura,False,False,,,
3335,5657,Raorchestes_ravii,Ravi’s Bush Frog,Anura,Rhacophoridae,DD,1.24885991069828,3.61681748877884,6.25972854863978,8.34864506635972,0.166341651089203,0.525894294221661,8.23366889707686,0.0,0,1000,direct,Raorchestes_ravii,False,False,,,
3409,5672,Phrynopus_lechriorhynchus,,Anura,Strabomantidae,DD,1.19216625501186,3.32756208697372,6.2398252459218,5.00733132168953,0.184476500337859,0.65690920172947,4.38499930113765,0.0,0,1000,direct,Phrynopus_lechriorhynchus,False,False,,,
3481,5676,Philautus_sanctisilvaticus,,Anura,Rhacophoridae,NM,1.14301136862177,2.78052613690041,6.2328958516531,10.0792290395767,0.165605638882113,0.535994598834991,6.65995241541752,0.0,0,1000,no_RedList_match,,False,False,,,
3330,5692,Dendropsophus_limai,,Anura,Hylidae,DD,1.25394087635485,2.99749606441683,6.20366305549543,8.20232311128323,0.181883451503904,0.55363493472003,7.62581819972782,0.0,0,1000,direct,Dendropsophus_limai,False,False,,,
3447,5726,Polypedates_hui,,Anura,Rhacophoridae,NM,1.16662917261061,3.00895781805169,6.15297519731473,9.70054681051302,0.165757839263197,0.473668100171606,8.26330957724405,0.0,0,1000,no_RedList_match,,False,False,,,
3386,5738,Litoria_umarensis,,Anura,Hylidae,DD,1.2071032597119,3.07152050849492,6.13422987507025,7.9772673790159,0.186792079296111,0.629903140772455,7.54109445818853,0.0,0,1000,direct,Litoria_umarensis,False,False,,,
3310,5748,Hypsiboas_alemani,,Anura,Hylidae,DD,1.26505891773049,3.19416269032904,6.11653221137413,8.11375892005405,0.189386835157634,0.600435684815302,8.2370583347222,0.0,0,1000,GBIF_accepted,Boana_alemani,False,False,,,
3336,5750,Litoria_aruensis,,Anura,Hylidae,DD,1.24865075044243,3.34221127070338,6.11515348323498,8.64963077147226,0.185044092885353,0.626753351732633,7.38923837996674,0.0,0,1000,direct,Litoria_aruensis,False,False,,,
3552,5756,Scinax_atratus,Peixoto's Snouted Treefrog,Anura,Hylidae,DD,1.09210528894417,2.78716097345247,6.10050151506673,8.81471499055439,0.170397344971152,0.560656969487807,7.65474801212129,0.0,0,1000,GBIF_accepted,Ololygon_atrata,False,False,,,
3329,5773,Melanophryniscus_dorsalis,,Anura,Bufonidae,NM,1.25464542819543,2.97279388441261,6.06858688937188,8.1262096025701,0.183744619005032,0.604267678400303,7.23898096991724,0.0,0,1000,no_RedList_match,,False,False,,,
3419,5780,Dendropsophus_battersbyi,,Anura,Hylidae,DD,1.1878547159025,2.99414493906995,6.06103759202288,9.14799907367675,0.181203860843429,0.549656105028933,8.25301337285365,0.0,0,1000,direct,Dendropsophus_battersbyi,False,False,,,
3423,5785,Pristimantis_pecki,Peck's Robber Frog,Anura,Strabomantidae,DD,1.18358138655465,3.2716577718232,6.05188915502894,7.46859295622607,0.184347989215724,0.657335661610459,7.25726038997277,0.0,0,1000,direct,Pristimantis_pecki,False,False,,,
3661,5792,Hyperolius_friedemanni,Friedemanni's Long Reed Frog,Anura,Hyperoliidae,DD,1.03915885109858,2.47968455308725,6.04082013212013,2.72979948341262,0.168202196853499,0.484564767580794,5.74104309251292,0.0,0,1000,direct,Hyperolius_friedemanni,False,False,,,
3573,5798,Hyperolius_protchei,Rochebrune's Reed Frog,Anura,Hyperoliidae,DD,1.0805958584563,2.68359061017592,6.03160119095688,8.56187962163332,0.168202196853499,0.491315228433891,7.00843505970347,0.0,0,1000,direct,Hyperolius_protchei,False,False,,,
3563,5799,Hylarana_margariana,,Anura,Ranidae,DD,1.08607793939411,2.65828408676617,6.02578607572011,10.1065808324571,0.167096574834081,0.469366115010644,7.81945720687998,0.0,0,1000,GBIF_iucn_link,Hylarana_margariana,False,False,,,
3389,5805,Pristimantis_riveroi,,Anura,Strabomantidae,DD,1.20420382581777,2.96451402393822,6.01871879619339,8.16468148204423,0.185044092885353,0.635477961387108,6.245633040078,0.0,0,1000,direct,Pristimantis_riveroi,False,False,,,
3538,5809,Pristimantis_onorei,Onore's Robber Frog,Anura,Strabomantidae,DD,1.10285079066296,3.03438790134572,6.0134633168607,7.68516201026188,0.184852399085686,0.654718124558238,6.26111107045843,0.0,0,1000,direct,Pristimantis_onorei,False,False,,,
3354,5810,Litoria_mystax,Moaif Treefrog,Anura,Hylidae,DD,1.232949649495,3.06352536328351,6.01270732915273,8.25243425446297,0.1847344135563,0.633995139920592,7.97041911453584,0.0,0,1000,direct,Litoria_mystax,False,False,,,
3668,5814,Hyperolius_jacobseni,Jacobsen's Long Reed Frog,Anura,Hyperoliidae,DD,1.03287722561269,2.34471718648749,6.01118898782943,2.88015492250195,0.168560701239223,0.486386403076801,5.75017595964667,0.0,0,1000,direct,Hyperolius_jacobseni,False,False,,,
3499,5826,Nectophrynoides_laevis,,Anura,Bufonidae,DD,1.13267210249336,2.57421829544024,5.99512907197611,5.70038448934063,0.167691132088187,0.569330624655949,3.78478157879436,0.0,0,1000,direct,Nectophrynoides_laevis,False,False,,,
3558,5828,Fejervarya_frithi,,Anura,Dicroglossidae,NM,1.0893527514342,3.1588587554258,5.99253625160128,8.94754342179814,0.168783660283255,0.583504940096398,8.36476906909047,0.0,0,1000,no_RedList_match,,False,False,,,
3582,5840,Pristimantis_cabrerai,Valle Robber Frog,Anura,Strabomantidae,DD,1.07518288633512,2.963930673133,5.97629470513358,8.43522459589693,0.190405080920532,0.699441655002961,6.35101653119754,0.0,0,1000,direct,Pristimantis_cabrerai,False,False,,,
3378,5852,Litoria_longicrus,Wendessi Treefrog,Anura,Hylidae,DD,1.21167332595919,2.97118247999487,5.95911425753345,8.03097069875553,0.18573905888994,0.638005308200061,7.38965579510984,0.0,0,1000,direct,Litoria_longicrus,False,False,,,
3564,5859,Hyalinobatrachium_mesai,Sarisariñama Glass Frog,Anura,Centrolenidae,DD,1.08435236448321,2.43173455600238,5.94923751368545,6.97599086168766,0.176139257685053,0.553140619855742,6.85109641325493,0.0,0,1000,direct,Hyalinobatrachium_mesai,False,False,,,
3592,5862,Eurycea_robusta,Blanco Blind Salamander,Caudata,Plethodontidae,DD,1.0700211812201,2.54075294712935,5.93665951900868,6.48663251975913,0.166150984117996,0.550253581545569,6.68848762281853,0.0,0,1000,direct,Eurycea_robusta,False,False,,,
3338,5880,Litoria_fuscula,,Anura,Hylidae,DD,1.24773847270175,2.96770357883707,5.90782232222559,8.35259229960588,0.186792079296111,0.636616998997888,7.58140423984173,0.0,0,1000,direct,Litoria_fuscula,False,False,,,
3228,5887,Epipedobates_narinensis,,Anura,Dendrobatidae,DD,1.32123503575008,3.16184646736479,5.89618654450734,9.81172098819556,0.165986041475851,0.567762608818834,8.40257590199622,0.0,0,1000,direct,Epipedobates_narinensis,False,False,,,
3657,5889,Philautus_dubius,Darjeeling Bubble-nest Frog,Anura,Rhacophoridae,DD,1.04058768918793,2.79171048120447,5.88668782878402,9.71827415297878,0.165991491034188,0.535642147589205,6.60348815579254,0.0,0,1000,direct,Philautus_dubius,False,False,,,
3462,5894,Hyperolius_vilhenai,Luita River Reed Frog,Anura,Hyperoliidae,DD,1.15666557906408,2.55776478620037,5.88471216737452,7.80811723483107,0.168097432707767,0.486386403076801,7.09116861531727,0.0,0,1000,direct,Hyperolius_vilhenai,False,False,,,
3675,5896,Uperoleia_marmorata,Marbled Toadlet,Anura,Myobatrachidae,DD,1.02909383023533,2.60467985922221,5.88131837671161,7.78964077631859,0.165222135032615,0.518506131961468,7.19838628597709,0.0,0,1000,direct,Uperoleia_marmorata,False,False,,,
3434,5905,Dendropsophus_pauiniensis,Pauini Treefrog,Anura,Hylidae,DD,1.17669945716089,3.03278404933738,5.86700070996778,7.5786895057725,0.181883451503904,0.55363493472003,6.96235533801194,0.0,0,1000,direct,Dendropsophus_pauiniensis,False,False,,,
3578,5911,Hyperolius_thoracotuberculatus,,Anura,Hyperoliidae,NM,1.07708705120473,2.73252071637514,5.86098196393885,7.95535463111689,0.173503458183883,0.484217133874622,7.26449870401434,0.0,0,1000,no_RedList_match,,False,False,,,
3428,5920,Scutiger_wuguanfui,Wu's Lazy Toad,Anura,Megophryidae,DD,1.17956661413114,2.86971843649037,5.84585200566594,7.86692784698712,0.168081285979574,0.503709789610134,7.08913902025161,0.0,0,1000,direct,Scutiger_wuguanfui,False,False,,,
3628,5929,Ameerega_peruviridis,,Anura,Dendrobatidae,NM,1.05416849269168,2.70976615300258,5.838356083401,6.43949851771104,0.165986041475851,0.576328636598481,5.85413054690602,0.0,0,1000,no_RedList_match,,False,False,,,
3509,5932,Nyctimystes_eucavatus,,Anura,Hylidae,DD,1.12433176899092,2.68477217359143,5.83236266961057,7.11887793694673,0.18573905888994,0.638005308200061,6.65320902176076,0.0,0,1000,direct,Nyctimystes_eucavatus,False,False,,,
3673,5934,Ranitomeya_yavaricola,,Anura,Dendrobatidae,DD,1.02974863570213,2.42634544562579,5.83035847789249,6.9892171819113,0.166358832682754,0.577760812649627,6.32840351593482,0.0,0,1000,direct,Ranitomeya_yavaricola,False,False,,,
3720,5936,Bolitoglossa_robinsoni,Robinson’s Web-footed Salamander,Caudata,Plethodontidae,DD,0.99949911120438,2.27806180042973,5.82828741322585,2.5881355451376,0.167466678606274,0.504395954362447,5.40774065179496,0.0,0,1000,direct,Bolitoglossa_robinsoni,False,False,,,
3782,5951,Oreophryne_asplenicola,,Anura,Microhylidae,DD,0.964812993642448,2.56523790596263,5.79840426804928,6.42352568362025,0.18403234180357,0.640453103410495,5.11336856930952,0.0,0,1000,direct,Oreophryne_asplenicola,False,False,,,
3456,5963,Pristimantis_infraguttatus,,Anura,Strabomantidae,DD,1.16042224402408,2.83724221115746,5.78179469496498,6.53181508626643,0.185440348058406,0.638994381842522,6.0482019673557,0.0,0,1000,direct,Pristimantis_infraguttatus,False,False,,,
3519,5969,Dendropsophus_warreni,,Anura,Hylidae,NM,1.11595501693567,2.80535345446562,5.76781198249685,9.41501186723268,0.180639228092253,0.566748475858503,7.29544282025806,0.0,0,1000,no_RedList_match,,False,False,,,
3466,6001,Pristimantis_taciturnus,,Anura,Strabomantidae,DD,1.15432780153093,2.9492986714735,5.72065859087837,7.77437450436477,0.188371595048236,0.663753509340645,6.18905349802953,0.0,0,1000,direct,Pristimantis_taciturnus,False,False,,,
3619,6003,Uperoleia_orientalis,Alexandria Toadlet,Anura,Myobatrachidae,DD,1.05596788062807,2.8428694542774,5.71761779013078,9.13144903814268,0.165986041475851,0.54534007418928,8.1270370621437,0.0,0,1000,direct,Uperoleia_orientalis,False,False,,,
3644,6012,Polypedates_subansiriensis,Subansiri's Tree Frog,Anura,Rhacophoridae,DD,1.04659291307764,2.28969927874923,5.70344139219029,6.58628507438151,0.165389535956814,0.485624808176784,6.5520419431191,0.0,0,1000,direct,Polypedates_subansiriensis,False,False,,,
3636,6013,Duttaphrynus_scorteccii,Scortecci's Toad,Anura,Bufonidae,DD,1.05045318857725,2.49938582802525,5.70238358209634,6.26470118800667,0.176573262048185,0.573798336440478,5.97690357827814,0.0,0,1000,direct,Duttaphrynus_scorteccii,False,False,,,
3438,6033,Centrolene_azulae,Cordillera Azul Giant Glass Frog,Anura,Centrolenidae,DD,1.17395186142696,2.80421033576393,5.67228064195013,10.0751398658758,0.176139257685053,0.555782524069864,5.75368913091485,0.0,0,1000,direct,Centrolene_azulae,False,False,,,
3734,6034,Ameerega_labialis,,Anura,Dendrobatidae,NM,0.993654508034201,2.74003176223956,5.66913286453303,6.32502944759202,0.165986041475851,0.579456058261376,5.35070621755929,0.0,0,1000,no_RedList_match,,False,False,,,
3561,6054,Scinax_danae,,Anura,Hylidae,DD,1.08785621835779,2.6366927112541,5.62805212319916,8.13924706803128,0.168597979077863,0.558211056736256,7.26751784805267,0.0,0,1000,direct,Scinax_danae,False,False,,,
3762,6086,Amietophrynus_langanoensis,,Anura,Bufonidae,DD,0.978017530947784,2.6904397426538,5.57885356944072,8.0708534135445,0.178027940806408,0.580117669496877,6.55518248757128,0.0,0,1000,GBIF_accepted,Sclerophrys_langanoensis,False,False,,,
3662,6087,Meristogenys_macrophthalmus,Large-Eyed Torrent Frog,Anura,Ranidae,DD,1.03833277479471,2.6450818700766,5.5785715477253,6.57993405826794,0.170095144505866,0.498584020917048,6.6346654225581,0.0,0,1000,direct,Meristogenys_macrophthalmus,False,False,,,
3567,6092,Oxydactyla_coggeri,,Anura,Microhylidae,DD,1.08354678050324,2.67225843921934,5.57116577410799,8.10267767877417,0.187352290787223,0.567163882648416,7.21048830526315,0.0,0,1000,GBIF_accepted,Sphenophryne_coggeri,False,False,,,
3598,6096,Litoria_verae,,Anura,Hylidae,DD,1.06441160517298,2.99435754258984,5.56305683717359,7.24145921756194,0.193718691941238,0.628596569625807,7.43015671239979,0.0,0,1000,direct,Litoria_verae,False,False,,,
3860,6111,Bolitoglossa_madeira,Madeira Mushroomtongue Salamander,Caudata,Plethodontidae,DD,0.916896508937235,2.00105714509328,5.51426472656927,4.59943962908696,0.166193890040608,0.557213999788419,3.43936918879335,0.0,0,1000,direct,Bolitoglossa_madeira,False,False,,,
3723,6135,Dendropsophus_imitator,,Anura,Hylidae,NM,0.997467744110158,2.4843855865627,5.45809539569001,8.25254264758469,0.181203860843429,0.573107706959196,6.60477044827113,0.0,0,1000,no_RedList_match,,False,False,,,
3587,6138,Litoria_jeudii,Garman New Guinea Treefrog,Anura,Hylidae,DD,1.07296497795561,2.95181915990245,5.45042443021043,8.77400377066495,0.187308601474219,0.629825007345218,7.10340143328565,0.0,0,1000,direct,Litoria_jeudii,False,False,,,
3726,6144,Polypedates_chlorophthalmus,,Anura,Rhacophoridae,DD,0.996916128541952,2.61301238928368,5.43942438633911,7.68946366199378,0.165757839263197,0.484947410666731,6.63707182238343,0.0,0,1000,direct,Polypedates_chlorophthalmus,False,False,,,
3824,6147,Nanorana_rarica,Rara Paa Frog,Anura,Dicroglossidae,DD,0.940830660266852,2.66025739285263,5.42540213963771,6.08952552454507,0.177750996161262,0.588460462523588,6.17428100507118,0.0,0,1000,direct,Nanorana_rarica,False,False,,,
3659,6169,Mertensophryne_mocquardi,Mocquards Toad,Anura,Bufonidae,DD,1.03941851570846,2.53146690022963,5.37595650975412,5.52864781328176,0.168975948394515,0.579264299583529,5.13903183544307,0.0,0,1000,direct,Mertensophryne_mocquardi,False,False,,,
3674,6186,Dendropsophus_grandisonae,Mazaruni Treefrog,Anura,Hylidae,DD,1.02941409524507,2.54621068359,5.35117270366709,7.76181339836908,0.179232617678806,0.567220842643618,6.67545679620695,0.0,0,1000,direct,Dendropsophus_grandisonae,False,False,,,
3837,6191,Oedipina_nimaso,Nimaso Worm Salamander,Caudata,Plethodontidae,DD,0.932757741690847,2.29203003380278,5.34431537361274,5.1665450697727,0.164200112032119,0.503874942518942,4.04645018895763,0.0,0,1000,direct,Oedipina_nimaso,False,False,,,
3868,6201,Bolitoglossa_psephena,,Caudata,Plethodontidae,DD,0.91316939235485,2.36848410692644,5.33016921743636,5.13964249861968,0.167849067051439,0.530394844467991,4.63710980859518,0.0,0,1000,direct,Bolitoglossa_psephena,False,False,,,
3527,6202,Pelophylax_demarchii,,Anura,Ranidae,DD,1.10854201744866,2.62705986858676,5.32637525435174,6.26452456908445,0.166762954451852,0.491560183343498,6.50766048230544,0.0,0,1000,direct,Pelophylax_demarchii,False,False,,,
3830,6203,Pristimantis_caeruleonotus,,Anura,Strabomantidae,DD,0.937430402048864,2.49286710237,5.32543970458249,7.63692582830141,0.184513414993001,0.645708693441083,5.17239772404963,0.0,0,1000,direct,Pristimantis_caeruleonotus,False,False,,,
3910,6204,Nymphargus_vicenteruedai,,Anura,Centrolenidae,DD,0.88804798769207,2.22815430929711,5.32492476497941,3.88070311800644,0.169948846363448,0.48601663158627,3.8932247539276,0.0,0,1000,direct,Nymphargus_vicenteruedai,False,False,,,
3759,6214,Amietophrynus_reesi,,Anura,Bufonidae,DD,0.981432346588913,2.38859066650982,5.30426374589829,6.64152313529953,0.17491815318784,0.58939236482084,5.50658906490596,0.0,0,1000,GBIF_accepted,Sclerophrys_reesi,False,False,,,
3707,6218,Hypsiboas_hypselops,,Anura,Hylidae,NM,1.00936819529411,2.57142977993541,5.29698982332685,7.44068057781098,0.18706853260202,0.587768218832766,6.60946166848883,0.0,0,1000,no_RedList_match,,False,False,,,
3414,6224,Pristimantis_turpinorum,Tobago Long-legged Palmfrog,Anura,Strabomantidae,DD,1.18937382265536,3.12980588160614,5.28057516066008,8.52247762224472,0.190405080920532,0.678448144261898,6.27203061140028,0.0,0,1000,direct,Pristimantis_turpinorum,False,False,,,
3690,6234,Amietophrynus_turkanae,Lake Turkana Toad,Anura,Bufonidae,DD,1.02087548515841,2.65088336688576,5.25116770773275,9.21607810633,0.168975948394515,0.589664586093881,6.45989289646325,0.0,0,1000,GBIF_accepted,Sclerophrys_turkanae,False,False,,,
3680,6237,Scutiger_adungensis,Adung Lazy Toad,Anura,Megophryidae,DD,1.02569716407459,2.43737651438926,5.24694080567606,7.33811731823686,0.168257190075815,0.520551849504312,5.85811710107273,0.0,0,1000,direct,Scutiger_adungensis,False,False,,,
3589,6243,Nyctimystes_michaeltyleri,,Anura,Hylidae,NM,1.07193043075842,2.38816028691485,5.23614246674415,6.40594776077552,0.186792079296111,0.638005308200061,6.22771028090115,0.0,0,1000,no_RedList_match,,False,False,,,
3715,6244,Polypedates_zed,Narayanghat Whipping Frog,Anura,Rhacophoridae,DD,1.00512982611814,2.13940186364042,5.23551691845233,7.16556975737587,0.165757839263197,0.484947410666731,6.08188104370479,0.0,0,1000,direct,Polypedates_zed,False,False,,,
3883,6246,Epipedobates_espinosai,Turquoise-bellied Poison Frog,Anura,Dendrobatidae,DD,0.904867559307711,2.41656762333031,5.22974589383996,1.70835064772545,0.165986041475851,0.567826415440291,4.5582240855994,0.0,0,1000,direct,Epipedobates_espinosai,False,False,,,
3737,6247,Nymphargus_nephelophila,Florencia Cochran Frog,Anura,Centrolenidae,DD,0.990994273873426,2.22766001545839,5.22863494028091,5.22572706730879,0.172141007761791,0.48601663158627,4.58829384434434,0.0,0,1000,direct,Nymphargus_nephelophila,False,False,,,
3664,6249,Osteocephalus_duellmani,,Anura,Hylidae,DD,1.0369288880173,2.37840456763927,5.22588953596136,6.3181048566984,0.170344008566499,0.556145476016279,6.59443860464596,0.0,0,1000,direct,Osteocephalus_duellmani,False,False,,,
3608,6268,Scutiger_bhutanensis,Bhutan Snow Toad,Anura,Megophryidae,DD,1.05997392852391,2.32905272638149,5.18905202893946,7.32033306993424,0.16815615794634,0.50319999900449,6.27443037418211,0.0,0,1000,direct,Scutiger_bhutanensis,False,False,,,
3861,6272,Duttaphrynus_valhallae,Pulo Weh Toad,Anura,Bufonidae,DD,0.916632105669687,2.20939000858639,5.1739711897977,6.73846879117744,0.176573262048185,0.572825476952589,5.59336848651452,0.0,0,1000,direct,Duttaphrynus_valhallae,False,False,,,
3714,6276,Nanorana_mokokchungensis,Mokokchung Frog,Anura,Dicroglossidae,DD,1.00572154541149,2.62924231939578,5.15553256219446,6.19393931255257,0.17670128536528,0.584268211902269,6.27353037338983,0.0,0,1000,direct,Nanorana_mokokchungensis,False,False,,,
3706,6315,Rhinella_truebae,Trueb's Beaked Toad,Anura,Bufonidae,DD,1.00985139925827,2.5922627863512,5.06303870864039,6.71100052438465,0.182554764337875,0.574783230916626,6.38809633041283,0.0,0,1000,direct,Rhinella_truebae,False,False,,,
3718,6328,Phrynopus_curator,,Anura,Strabomantidae,DD,1.00215317835076,2.77454058019583,5.02912040076285,5.09923457199172,0.185785744229175,0.673180031189491,3.91806520792423,0.0,0,1000,direct,Phrynopus_curator,False,False,,,
3800,6338,Duttaphrynus_silentvalleyensis,,Anura,Bufonidae,DD,0.95797372823007,2.33120667168283,5.01430513929043,6.22510268025616,0.172138219820499,0.572825476952589,5.53367192201293,0.0,0,1000,direct,Duttaphrynus_silentvalleyensis,False,False,,,
3846,6343,Duttaphrynus_nagalandensis,Nagaland's Toad,Anura,Bufonidae,DD,0.927566377035517,2.25127690576762,5.00895910368544,6.38320899240242,0.16897905278174,0.573040524180659,5.46014647701846,0.0,0,1000,direct,Duttaphrynus_nagalandensis,False,False,,,
3936,6347,Bolitoglossa_digitigrada,Rio Santa Rosa Salamander,Caudata,Plethodontidae,DD,0.875385529431848,2.24942202111859,4.99778628416304,4.98513110185124,0.165182825261992,0.558837235909304,3.93826074621347,0.0,0,1000,direct,Bolitoglossa_digitigrada,False,False,,,
3683,6348,Litoria_rara,,Anura,Hylidae,DD,1.02381186407943,2.73947080435003,4.99745975191485,6.82308106874412,0.184513414993001,0.627085451736279,6.30612493548859,0.0,0,1000,direct,Litoria_rara,False,False,,,
3929,6349,Amietophrynus_danielae,Ivory Coast Toad,Anura,Bufonidae,DD,0.8790991239485,2.23847624264645,4.99649141381935,6.33612776701745,0.176573262048185,0.578724679338352,5.46632260706947,0.0,0,1000,GBIF_accepted,Sclerophrys_danielae,False,False,,,
3932,6356,Duttaphrynus_wokhaensis,Wokha's Toad,Anura,Bufonidae,DD,0.877829795124395,2.03157683853256,4.98202252148614,5.44093271086877,0.177631916742631,0.57303833778915,4.80084280805099,0.0,0,1000,direct,Duttaphrynus_wokhaensis,False,False,,,
3765,6379,Litoria_wisselensis,,Anura,Hylidae,DD,0.975660087671159,2.51872946450443,4.93642001261008,6.81514194352732,0.18573905888994,0.637155428600607,5.99736231507044,0.0,0,1000,direct,Litoria_wisselensis,False,False,,,
3966,6416,Plethodon_sequoyah,Sequoyah Slimy Salamander,Caudata,Plethodontidae,DD,0.858798392814015,2.47265886451257,4.84895135044643,1.60307371913112,0.166983128137592,0.57420738973611,4.794325049588,0.0,0,1000,direct,Plethodon_sequoyah,False,False,,,
3944,6420,Odorrana_sinica,,Anura,Ranidae,DD,0.872371326076394,1.93614518679368,4.84163003004385,5.94477559336397,0.164276558945935,0.496708825191868,4.9546791236359,0.0,0,1000,direct,Odorrana_sinica,False,False,,,
3622,6431,Centrolene_paezorum,Colombian Giant Glass Frog,Anura,Centrolenidae,DD,1.05551566601178,2.25554409552537,4.81760099120843,7.58198786085544,0.169308464911072,0.498006529198,5.19825606305693,0.0,0,1000,direct,Centrolene_paezorum,False,False,,,
3604,6454,Pristimantis_dendrobatoides,,Anura,Strabomantidae,DD,1.06146832197341,2.40861740275566,4.72006908812788,7.03642522806303,0.185440348058406,0.631867245123389,5.43286716302731,0.0,0,1000,direct,Pristimantis_dendrobatoides,False,False,,,
4048,6469,Amietophrynus_buchneri,Buchner's Toad,Anura,Bufonidae,DD,0.81241341998946,2.27776961253924,4.66080208662525,8.07880203512643,0.169308464911072,0.581324343996052,6.11616398501184,0.0,0,1000,GBIF_accepted,Sclerophrys_buchneri,False,False,,,
4012,6477,Bolitoglossa_silverstonei,Silverstone's Mushroomtongue Salamander,Caudata,Plethodontidae,DD,0.834690685259635,1.87349254472631,4.64725588517397,4.13133432485067,0.165986041475851,0.532124485975442,3.61510323794374,0.0,0,1000,direct,Bolitoglossa_silverstonei,False,False,,,
3982,6499,Rhinella_iserni,Rio Perene Toad,Anura,Bufonidae,DD,0.850062176551097,2.01093395353275,4.59189859077181,4.95649237142107,0.183744619005032,0.588666758206364,4.36214588191822,0.0,0,1000,direct,Rhinella_iserni,False,False,,,
3840,6501,Nyctimystes_kuduki,,Anura,Hylidae,DD,0.93229695408278,2.26363043270798,4.58819280191842,7.44626256700915,0.18573905888994,0.636616998997888,6.0466811060289,0.0,0,1000,direct,Nyctimystes_kuduki,False,False,,,
3926,6503,Rhinella_fissipes,Carabaya Toad,Anura,Bufonidae,DD,0.881767312099083,2.41491302669472,4.57732888861842,6.47531681448239,0.183744619005032,0.574989477278725,6.56288531785555,0.0,0,1000,direct,Rhinella_fissipes,False,False,,,
3836,6520,Oreophrynella_dendronastes,,Anura,Bufonidae,DD,0.932930863257557,2.27930809179862,4.54067259578686,5.43391311213724,0.17020488043982,0.552673523094463,5.23822473163688,0.0,0,1000,direct,Oreophrynella_dendronastes,False,False,,,
3853,6528,Litoria_wapogaensis,,Anura,Hylidae,DD,0.923454665014562,2.44921048895521,4.51770181998632,7.8835942470911,0.182932911459228,0.588373096430843,6.18763658480031,0.0,0,1000,direct,Litoria_wapogaensis,False,False,,,
4009,6530,Mertensophryne_nairobiensis,Nairobi Toad,Anura,Bufonidae,DD,0.835473257177796,2.12732792601286,4.51305479121782,6.07917114609464,0.168975948394515,0.579264299583529,4.92703143462925,0.0,0,1000,direct,Mertensophryne_nairobiensis,False,False,,,
3934,6542,Amolops_kaulbacki,Kaulback's Torrent Frog,Anura,Ranidae,DD,0.876486568056688,2.29726275157196,4.4888773699478,7.54966638524928,0.166107999318212,0.469721187365463,6.07348819290722,0.0,0,1000,direct,Amolops_kaulbacki,False,False,,,
3930,6573,Duttaphrynus_chandai,Nagaland Montane Torrent Toad,Anura,Bufonidae,DD,0.878506649046495,1.90314352631697,4.40591763074927,5.30930600657579,0.169743438536495,0.573040524180659,4.90551560702234,0.0,0,1000,direct,Duttaphrynus_chandai,False,False,,,
4044,6579,Cochranella_megista,,Anura,Centrolenidae,NM,0.815350247506059,1.93855964240321,4.38211292845726,5.34998498051853,0.176671916695783,0.552408220678141,4.63148322830166,0.0,0,1000,no_RedList_match,,False,False,,,
3917,6590,Centrolene_lemniscatum,,Anura,Centrolenidae,DD,0.884034769006447,2.35992857360793,4.34605508321772,5.3190134762455,0.173922185920503,0.546410747192671,4.74501008785351,0.0,0,1000,GBIF_iucn_link,Centrolene_lemniscatum,False,False,,,
3970,6594,Duttaphrynus_sumatranus,,Anura,Bufonidae,DD,0.854965928856541,1.93940559845133,4.33989915841108,6.23381585960222,0.177631916742631,0.573798336440478,4.81520252573984,0.0,0,1000,direct,Duttaphrynus_sumatranus,False,False,,,
4236,6597,Leptolalax_pelodytoides,Thao Asian Toad,Anura,Megophryidae,DD,0.737794871780456,1.87428582786906,4.33488052029236,2.59514642063387,0.166983128137592,0.483513473796089,3.94175084538311,0.0,0,1000,GBIF_accepted,Leptobrachella_pelodytoides,False,False,,,
4023,6603,Leptopelis_fiziensis,,Anura,Arthroleptidae,DD,0.829028686302864,1.9594759569341,4.32636972347801,3.29146526983867,0.177513548684819,0.540344940145363,3.79489499702672,0.0,0,1000,direct,Leptopelis_fiziensis,False,False,,,
3953,6608,Nyctimystes_obsoletus,Simbang Big-eyed Treefrog,Anura,Hylidae,DD,0.867226509410017,2.18656779293184,4.31389185611346,7.03218055161655,0.18573905888994,0.637772154400839,5.53781844732787,0.0,0,1000,direct,Nyctimystes_obsoletus,False,False,,,
4232,6613,Bolitoglossa_tica,Tico Salamander,Caudata,Plethodontidae,DD,0.738780272391376,1.90644232221425,4.3095522823187,1.71919898211707,0.166358832682754,0.56235904536876,3.97515426278568,0.0,0,1000,direct,Bolitoglossa_tica,False,False,,,
4263,6622,Rhinella_bernardoi,,Anura,Bufonidae,DD,0.727010585371849,1.89213810005359,4.28832621448603,4.96367863255158,0.182301474906387,0.574783230916626,4.18649989728075,0.0,0,1000,direct,Rhinella_bernardoi,False,False,,,
4199,6639,Bolitoglossa_obscura,,Caudata,Plethodontidae,DD,0.752123288964054,2.0292742011765,4.24864677074541,4.2825426890994,0.166098001950029,0.563532405088326,4.11564222599199,0.0,0,1000,direct,Bolitoglossa_obscura,False,False,,,
4301,6646,Centrolene_muelleri,,Anura,Centrolenidae,DD,0.718719817769403,1.92129728134768,4.21686471989823,2.27139320483719,0.169948846363448,0.497618374566782,4.09665048261466,0.0,0,1000,direct,Centrolene_muelleri,False,False,,,
4381,6657,Odorrana_mawphlangensis,Mawphlang Wart Frog,Anura,Ranidae,DD,0.685738283084105,1.73112021100457,4.19486737385292,4.97163872729624,0.163530784100116,0.491745886479465,4.63800999313484,0.0,0,1000,direct,Odorrana_mawphlangensis,False,False,,,
4252,6658,Duttaphrynus_kiphirensis,Kiphire's Toad,Anura,Bufonidae,DD,0.732319884304679,2.07477137430297,4.1933498165441,5.32666399259717,0.176573262048185,0.572429316714971,4.44659114565636,0.0,0,1000,direct,Duttaphrynus_kiphirensis,False,False,,,
4028,6662,Centrolene_acanthidiocephalum,Santander Giant Glass Frog,Anura,Centrolenidae,DD,0.824670985905481,2.03707571113361,4.18765587982014,5.95691252278394,0.174705122815102,0.547573175720481,4.95483810604294,0.0,0,1000,direct,Centrolene_acanthidiocephalum,False,False,,,
4216,6663,Nanorana_feae,Kakhien Paa Frog,Anura,Dicroglossidae,DD,0.74582385605589,2.13870908040287,4.18146719076958,5.33721497281218,0.17670128536528,0.584079676653373,5.30063475341385,0.0,0,1000,direct,Nanorana_feae,False,False,,,
4135,6665,Duttaphrynus_totol,,Anura,Bufonidae,DD,0.77330956096344,1.97818171754062,4.17785711032563,6.69123676125718,0.178445515735906,0.576116456750119,4.46303697358994,0.0,0,1000,direct,Duttaphrynus_totol,False,False,,,
4033,6668,Alsodes_vittatus,Malleco Spiny-chest Frog,Anura,Alsodidae,DD,0.821732425907477,2.18577938962908,4.16964439795052,6.1970989198402,0.181037179303071,0.549740797873562,5.41831552651933,0.0,0,1000,direct,Alsodes_vittatus,False,False,,,
4287,6685,Rhinella_multiverrucosa,,Anura,Bufonidae,DD,0.72049081785737,1.78226869988382,4.12298912211624,5.78640305696788,0.184336811190649,0.580307649596373,4.4427780024835,0.0,0,1000,direct,Rhinella_multiverrucosa,False,False,,,
4128,6689,Bufo_menglianus,,Anura,Bufonidae,DD,0.776929370883343,1.89680635778976,4.11279068020924,5.4236429024178,0.17020488043982,0.589931985066017,4.51370694012454,0.0,0,1000,direct,Bufo_menglianus,False,False,,,
3918,6693,Amietophrynus_djohongensis,,Anura,Bufonidae,DD,0.883366694570013,1.94128713954437,4.09769343328293,6.83442147105531,0.17020488043982,0.58105212272301,5.38728362061381,0.0,0,1000,GBIF_accepted,Sclerophrys_djohongensis,False,False,,,
4087,6694,Nyctimystes_montanus,Mountain Big-eyed Treefrog,Anura,Hylidae,DD,0.792393949802366,2.00983761749767,4.09172788247142,5.59143071739987,0.186792079296111,0.637772154400839,5.11548606671705,0.0,0,1000,direct,Nyctimystes_montanus,False,False,,,
4076,6706,Ameerega_ingeri,Niceforo's Poison Frog,Anura,Dendrobatidae,DD,0.800003105865358,1.91600296316547,4.02346314146138,4.8004002314516,0.166193890040608,0.569250178222885,4.07601036415858,0.0,0,1000,direct,Ameerega_ingeri,False,False,,,
4193,6710,Bufotes_shaartusiensis,,Anura,Bufonidae,NM,0.755121137183472,1.90565687924553,4.01884879842687,5.04563353745447,0.168804327640178,0.573363769941104,5.23382248660702,0.0,0,1000,no_RedList_match,,False,False,,,
4129,6711,Duttaphrynus_mamitensis,Mamit's Toad,Anura,Bufonidae,DD,0.776157731970812,1.94772626156711,4.01298349416572,4.50203968320463,0.16897905278174,0.573040524180659,4.1918988434792,0.0,0,1000,direct,Duttaphrynus_mamitensis,False,False,,,
4169,6730,Duttaphrynus_mizoramensis,Kolasib's Toad,Anura,Bufonidae,DD,0.762547732349173,1.81909654263491,3.94736395977331,5.21306195216939,0.169326825143835,0.573040524180659,4.69623302124553,0.0,0,1000,direct,Duttaphrynus_mizoramensis,False,False,,,
4435,6759,Bolitoglossa_jugivagans,Continental Divide Salamander,Caudata,Plethodontidae,DD,0.663970440817864,1.71815175288003,3.8201277470452,1.99974983698813,0.167466678606274,0.514114555856796,3.67641376080039,0.0,0,1000,direct,Bolitoglossa_jugivagans,False,False,,,
4329,6779,Duttaphrynus_manipurensis,Chandel's Toad,Anura,Bufonidae,DD,0.703721789401791,1.69461559052394,3.73565656103071,5.50061408141227,0.178445515735906,0.57303833778915,4.36695861582623,0.0,0,1000,direct,Duttaphrynus_manipurensis,False,False,,,
4631,6791,Oedipina_pseudouniformis,,Caudata,Plethodontidae,DD,0.606298221540357,1.39373843158375,3.67981369007713,1.975185929656,0.164774993994404,0.503494448607296,3.00288272744221,0.0,0,1000,direct,Oedipina_pseudouniformis,False,False,,,
4284,6793,Cochranella_phryxa,,Anura,Centrolenidae,DD,0.721019625884081,1.8425655418051,3.67795609331854,5.26604063253655,0.174250467837342,0.549105351593413,4.06418430680127,0.0,0,1000,direct,Cochranella_phryxa,False,False,,,
4370,6796,Trachycephalus_venulosus,,Anura,Hylidae,NM,0.689358397656776,1.58261487261784,3.66621683736915,2.44298033651485,0.168594882788728,0.550213688748985,3.76517484042612,0.0,0,1000,no_RedList_match,,False,False,,,
4489,6806,Rhinella_gnustae,,Anura,Bufonidae,DD,0.648173089284645,1.93587448482926,3.62270449757733,5.01141904049174,0.182989376203208,0.575511727940301,4.89855842306909,0.0,0,1000,direct,Rhinella_gnustae,False,False,,,
4546,6808,Plethodon_aureolus,Tellico Salamander,Caudata,Plethodontidae,DD,0.632554654751732,1.87958127272974,3.6161751167568,1.06266665095661,0.166574720106958,0.564206109554085,3.532790127084,0.0,0,1000,direct,Plethodon_aureolus,False,False,,,
4438,6846,Incilius_karenlipsae,,Anura,Bufonidae,DD,0.662187572044424,1.73615512213342,3.42706288764285,1.55905806634718,0.182301474906387,0.575997796252236,2.95688144917175,0.0,0,1000,direct,Incilius_karenlipsae,False,False,,,
4479,6852,Alsodes_monticola,Island Spiny-chest Frog,Anura,Alsodidae,DD,0.650792396821186,1.58730876653295,3.39431419971374,1.81786528800706,0.181037179303071,0.552394453076297,3.29462037710583,0.0,0,1000,direct,Alsodes_monticola,False,False,,,
4623,6879,Nymphargus_ocellatus,Spotted Cochran Frog,Anura,Centrolenidae,DD,0.609227626341944,1.38205925475238,3.27118306179093,1.70267997557418,0.171722280025171,0.486130332525261,2.65809555098664,0.0,0,1000,direct,Nymphargus_ocellatus,False,False,,,
4784,6882,Bolitoglossa_peruviana,Peru Mushroomtongue Salamander,Caudata,Plethodontidae,DD,0.565256434717929,1.39777419215423,3.2578786389172,1.90332432575841,0.166574720106958,0.520043130217694,2.94580783030296,0.0,0,1000,direct,Bolitoglossa_peruviana,False,False,,,
4974,6943,Amolops_iriodes,Iridescent Torrent Frog,Anura,Ranidae,DD,0.523089779449057,1.32071678969847,2.97538830974163,1.87478296820564,0.168595465815175,0.467209060596847,2.79448413159208,0.0,0,1000,direct,Amolops_iriodes,False,False,,,
5115,6986,Rhinella_amboroensis,Cochabamba Toad,Anura,Bufonidae,DD,0.486689460287942,1.24311090614022,2.71023413339881,2.55755803123837,0.184336811190649,0.578962841079247,2.33436180012479,0.0,0,1000,direct,Rhinella_amboroensis,False,False,,,
5046,6991,Centrolene_antioquiense,,Anura,Centrolenidae,NM,0.505304351832332,1.17037330260125,2.64081206145113,1.91186837882715,0.174250467837342,0.5378699122866,2.5082940035282,0.0,0,1000,no_RedList_match,,False,False,,,
5312,7016,Leptobrachium_kanowitense,,Anura,Megophryidae,DD,0.44820955509027,1.0414912498977,2.50450183393147,1.49783794113431,0.168257190075815,0.502972333981652,1.74141566537094,0.0,0,1000,direct,Leptobrachium_kanowitense,False,False,,,
5694,7035,Paramesotriton_maolanensis,Maolan Warty Newt,Caudata,Salamandridae,DD,0.393644586865087,1.2101340330336,2.38876478200281,1.02443424321346,0.158234030360422,0.557905750386925,1.01608457373113,0.0,0,1000,direct,Paramesotriton_maolanensis,False,False,,,
5759,7065,Alsodes_kaweshkari,,Anura,Alsodidae,DD,0.386459878010255,1.05272570259603,2.11144376562947,1.13834124301452,0.181037179303071,0.559740994319189,2.09081871775816,0.0,0,1000,direct,Alsodes_kaweshkari,False,False,,,
6237,7106,Rana_culaiensis,Culai Brown Frog,Anura,Ranidae,DD,0.329163297931739,0.793917131820535,1.86174055612229,1.59342935877364,0.159744284855819,0.428578090009251,1.6884022438158,0.0,0,1000,direct,Rana_culaiensis,False,False,,,
6489,7142,Dendrophryniscus_krausae,,Anura,Bufonidae,DD,0.293803515613477,0.705467543723241,1.56853827603872,1.0365952470913,0.184336811190649,0.584741175760356,1.19538140992277,0.0,0,1000,direct,Dendrophryniscus_krausae,False,False,,,
6643,7153,Odorrana_leporipes,,Anura,Ranidae,DD,0.26708933239861,0.708096301947226,1.47401233072585,0.985230164552652,0.164611655022202,0.495935633861343,1.43201032488342,0.0,0,1000,direct,Odorrana_leporipes,False,False,,,
6747,7168,Poyntonophrynus_damaranus,Damarland Pygmy Toad,Anura,Bufonidae,DD,0.247196173376451,0.605274932418108,1.33571889792871,1.13608091595634,0.168746743867614,0.578126344681328,1.21571031800885,0.0,0,1000,direct,Poyntonophrynus_damaranus,False,False,,,
6911,7193,Plethodon_savannah,Savannah Slimy Salamander,Caudata,Plethodontidae,DD,0.202776474771449,0.536326206671734,1.16149048336288,0.632565847663846,0.166983128137592,0.565224121378355,1.0807545153067,0.0,0,1000,direct,Plethodon_savannah,False,False,,,
6835,7213,Alsodes_australis,,Anura,Alsodidae,DD,0.222760101709974,0.513563366797547,1.03056748169314,1.38040089553992,0.181037179303071,0.549930977022401,0.459454366332084,0.0,0,1000,direct,Alsodes_australis,False,False,,,
6872,7216,Alsodes_coppingeri,,Anura,Alsodidae,DD,0.213860733783814,0.555817862597249,1.00217927484103,1.32700240579574,0.181037179303071,0.550263077026047,0.460433941417664,0.0,0,1000,direct,Alsodes_coppingeri,False,False,,,
7020,7220,Nanorana_arnoldi,Arnold's Paa Frog,Anura,Dicroglossidae,DD,0.164340042574061,0.428463659842946,0.960536044095206,0.758260065958031,0.17670128536528,0.584268211902269,0.916468366035649,0.0,0,1000,direct,Nanorana_arnoldi,False,False,,,
7008,7231,Mannophryne_larandina,Lara Andean Collared Frog,Anura,Dendrobatidae,DD,0.169376403311257,0.392761991736457,0.846477995954679,0.615118973159059,0.174006546284342,0.619437981417351,0.552889935853202,0.0,0,1000,direct,Mannophryne_larandina,False,False,,,
7135,7235,Phyllomedusa_neildi,,Anura,Hylidae,DD,0.104325607586977,0.260961454276056,0.567616348524332,0.341991410601517,0.179029317346247,0.606724087618019,0.48886939657416,0.0,0,1000,direct,Phyllomedusa_neildi,False,False,,,
