species,RLcat_old,RLcat,EDGErank_old,EDGErank,EDGEmed_old,EDGEmed,is_EDGE_old,is_EDGE_new,RL_changed
Burramys_parvus,CR,CR,1,1,24.4288352768582,24.4288352768582,1,1,False
Daubentonia_madagascariensis,EN,EN,2,2,20.0411644184954,20.0411644184954,1,1,False
Gymnobelideus_leadbeateri,CR,CR,3,3,19.5534365482907,19.5534365482907,1,1,False
Manis_culionensis,CR,CR,6,4,14.762869842737,14.6581245137164,1,1,False
Desmana_moschata,CR,CR,7,5,14.3347338126028,14.3347338126028,1,1,False
Manis_pentadactyla,CR,CR,8,6,14.2305190945144,14.0883040683408,1,1,False
Manis_javanica,CR,CR,9,7,14.1766755545633,14.0615461283675,1,1,False
Hydrodamalis_gigas,EX,EX,10,8,13.5226904480663,13.5226904480663,0,0,False
Varecia_variegata,CR,CR,11,9,12.0680147972203,12.0680147972203,1,1,False
Varecia_rubra,CR,CR,12,10,12.0536721476995,12.0536721476995,1,1,False
Nesophontes_zamicrus,EX,EX,13,11,11.697758902624,11.697758902624,0,0,False
Nesophontes_hypomicrus,EX,EX,14,12,11.646584183579,11.646584183579,0,0,False
Nesophontes_major,EX,EX,15,13,11.6329312238063,11.6329312238063,0,0,False
Nesophontes_edithae,EX,EX,16,14,11.6198477449682,11.6198477449682,0,0,False
Nesophontes_micrus,EX,EX,17,15,11.6063433444986,11.6063433444986,0,0,False
Nesophontes_paramicrus,EX,EX,18,16,11.5907267530676,11.5907267530676,0,0,False
Palaeopropithecus_ingens,EX,EX,19,17,11.3327497466917,11.3327497466917,0,0,False
Solisorex_pearsoni,EN,EN,20,18,11.2957921534854,11.2957921534854,1,1,False
Thylacinus_cynocephalus,EX,EX,4,19,16.4867158664922,11.2100902056409,0,0,False
Indri_indri,CR,CR,21,20,10.4777834411613,10.4777834411613,1,1,False
Manis_crassicaudata,EN,EN,22,21,10.3805169266787,10.3772075128562,1,1,False
Hypogeomys_antimena,CR,CR,23,22,10.3008976882293,10.3008976882293,1,1,False
Ailurus_fulgens,EN,EN,24,23,9.70857183717701,9.70857183717701,1,1,False
Mystacina_robusta,CR,CR,25,24,9.51965559243238,9.51965559243238,1,1,False
Macrotis_leucura,EX,EX,26,25,9.4783740406166,9.4783740406166,0,0,False
Pongo_abelii,CR,CR,28,26,9.07893809047151,9.07893809047151,1,1,False
Pongo_pygmaeus,CR,CR,29,27,9.07487390306284,9.07487390306284,1,1,False
Mirimiri_acrodonta,CR,CR,30,28,8.96216293455609,8.96215918825024,1,1,False
Lipotes_vexillifer,CR,CR,31,29,8.79674332645601,8.81018407830441,1,1,False
Galemys_pyrenaicus,EN,EN,32,30,8.59451777892427,8.59451777892427,1,1,False
Bradypus_torquatus,EN,EN,33,31,7.9187935569245,7.9187935569245,1,1,False
Cheirogaleus_sibreei,CR,CR,34,32,7.65581152986988,7.65581152986988,1,1,False
Dicerorhinus_sumatrensis,CR,CR,35,33,7.4559502653093,7.4559502653093,1,1,False
Bradypus_pygmaeus,CR,CR,36,34,7.35241334562432,7.35241334562432,1,1,False
Bunolagus_monticularis,CR,CR,37,35,7.35225982767196,7.35225982767196,1,1,False
Mystacina_tuberculata,VU,VU,38,36,7.22241031120793,7.22241031120793,1,1,False
Dromiciops_gliroides,NT,NT,39,37,7.16017635067581,7.16017635067581,0,0,False
Pseudoryx_nghetinhensis,CR,CR,40,38,6.90285015224545,6.90285015224545,1,1,False
Zaglossus_attenboroughi,CR,CR,41,39,6.84003522010026,6.84003522010026,1,1,False
Zaglossus_bruijnii,CR,CR,42,40,6.82206609992293,6.82206609992293,1,1,False
Phascolarctos_cinereus,VU,VU,43,41,6.70386612549364,6.70386612549364,1,1,False
Chaeropus_ecaudatus,EX,EX,44,42,6.55407089232203,6.55407089088285,0,0,False
Macrotis_lagotis,VU,VU,45,43,6.37241711038737,6.37241711038737,1,1,False
Macrotarsomys_ingens,EN,EN,46,44,6.29634559614022,6.29634559614022,1,1,False
Platanista_gangetica,EN,EN,47,45,6.25790843244763,6.25790843244763,1,1,False
Diceros_bicornis,CR,CR,48,46,6.19541410012036,6.19541410012036,1,1,False
Rhinoceros_sondaicus,CR,CR,49,47,5.87461090247561,5.87461090247561,1,1,False
Petauroides_volans,EN,EN,50,48,5.84962973624491,5.84962973624491,1,1,False
Callistomys_pictus,EN,EN,51,49,5.81357847858348,5.81357847858348,1,1,False
Tokudaia_muenninki,CR,CR,52,50,5.63935838480284,5.63935838480284,1,1,False
Hylomys_megalotis,DD,DD,53,51,5.61093594557428,5.61093550706814,0,0,False
Latidens_salimalii,EN,EN,54,52,5.60397188276529,5.60397188276529,1,1,False
Potorous_gilbertii,CR,CR,55,53,5.59442712551335,5.59444977229003,1,1,False
Potorous_platyops,EX,EX,56,54,5.58641443396428,5.586458192608,0,0,False
Allocebus_trichotis,EN,EN,57,55,5.51079508736354,5.51079508738109,1,1,False
Hippopotamus_lemerlei,EX,EX,58,56,5.50211014186379,5.50211014186379,0,0,False
Choeropsis_liberiensis,EN,EN,59,57,5.47898031187781,5.47898031187781,1,1,False
Propithecus_coquereli,CR,CR,60,58,5.45093422563003,5.45093422563003,1,1,False
Propithecus_tattersalli,CR,CR,61,59,5.4471726549211,5.4471726549211,1,1,False
Hippopotamus_guldbergi,EX,EX,62,60,5.44411314664372,5.44411314664372,0,0,False
Propithecus_deckenii,CR,CR,63,61,5.44403660374777,5.44403660374777,1,1,False
Propithecus_verreauxi,CR,CR,64,62,5.43536851700163,5.43536851700163,1,1,False
Pygathrix_cinerea,CR,CR,65,63,5.34719457050772,5.34719457050772,1,1,False
Pygathrix_nemaeus,CR,CR,66,64,5.31877239896014,5.31877239896014,1,1,False
Pygathrix_nigripes,CR,CR,67,65,5.30089101665198,5.30089101665198,1,1,False
Santamartamys_rufodorsalis,CR,CR,68,66,5.21449808793133,5.21449808793133,1,1,False
Parantechinus_apicalis,EN,EN,69,67,5.15434602724495,5.15434602829203,1,1,False
Gorilla_gorilla,CR,CR,70,68,5.08464781872611,5.08464781872611,1,1,False
Gorilla_beringei,CR,CR,71,69,5.07178757252691,5.07178757252691,1,1,False
Tapirus_indicus,EN,EN,72,70,5.06129277559993,5.06129277559993,1,1,False
Propithecus_candidus,CR,CR,73,71,5.02281487531583,5.02281487531583,1,1,False
Propithecus_coronatus,CR,CR,74,72,5.00115278077807,5.00115278077807,1,1,False
Okapia_johnstoni,EN,EN,75,73,4.62926618957885,4.62926618957885,1,1,False
Solenodon_marcanoi,EX,EX,76,74,4.54051757880209,4.54051757880209,0,0,False
Chaetomys_subspinosus,VU,VU,77,75,4.53836128716239,4.53836128716239,1,1,False
Dasyurus_hallucatus,EN,EN,78,76,4.41771717261734,4.41771717261734,1,1,False
Prolemur_simus,CR,CR,79,77,4.40926343722351,4.40926343722351,1,1,False
Platacanthomys_lasiurus,VU,VU,80,78,4.38764319858121,4.38764319858121,1,1,False
Xenothrix_mcgregori,EX,EX,81,79,4.37297497729905,4.37297497729905,0,0,False
Caloprymnus_campestris,EX,EX,82,80,4.34540271203526,4.34614379209728,0,0,False
Neohylomys_hainanensis,EN,VU,27,81,9.08741115835165,4.33194484170183,1,1,True
Propithecus_perrieri,CR,CR,83,82,4.25401265354573,4.25401265354573,1,1,False
Rhynchomeles_prattorum,EN,EN,84,83,4.24288680922552,4.24288680922552,1,1,False
Phyllomys_mantiqueirensis,CR,CR,85,84,4.24128716120243,4.24128716120243,1,1,False
Hippopotamus_amphibius,VU,VU,86,85,4.19482637079917,4.19482637079917,1,1,False
Boromys_offella,EX,EX,87,86,4.15649535340651,4.15649535340651,0,0,False
Plecotus_sardus,CR,CR,88,87,4.15176873291222,4.15176873291222,1,1,False
Boromys_torrei,EX,EX,89,88,4.14671352378542,4.14671352378542,0,0,False
Ornithorhynchus_anatinus,NT,NT,90,89,4.1411987991204,4.1411987991204,0,0,False
Craseonycteris_thonglongyai,NT,NT,92,90,4.11032396213619,4.11032396219009,0,0,False
Abrocoma_boliviensis,CR,CR,143,91,3.08992932104567,4.07656920083178,1,1,False
Neomonachus_tropicalis,EX,EX,94,92,4.05405346198362,4.05405346987511,0,0,False
Smutsia_gigantea,EN,EN,91,93,4.12004432540581,3.97109039045279,1,1,False
Propithecus_diadema,CR,CR,95,94,3.96220953013344,3.96220953013344,1,1,False
Cricetus_cricetus,CR,CR,93,95,4.07173239653932,3.95431887643229,1,1,False
Ailurops_melanotis,CR,CR,96,96,3.92607319263083,3.92607319263083,1,1,False
Orycteropus_afer,LC,LC,97,97,3.9136020424357,3.9136020424357,0,0,False
Prolagus_sardus,EX,EX,98,98,3.91296672685418,3.91296672685418,0,0,False
Pentalagus_furnessi,EN,EN,99,99,3.90242123396658,3.90242123396658,1,1,False
Simias_concolor,CR,CR,100,100,3.89576632285501,3.89576632285501,1,1,False
Delanymys_brooksi,VU,VU,101,101,3.88143849729195,3.88143849729195,1,1,False
Sarcophilus_harrisii,EN,EN,102,102,3.86793204237025,3.86793204237025,1,1,False
Oryctolagus_cuniculus,EN,EN,103,103,3.86784152587805,3.86784152587805,1,1,False
Peromyscus_mayensis,CR,CR,104,104,3.84131417436632,3.86345156818082,1,1,False
Suncus_dayi,EN,EN,105,105,3.83382954778733,3.83382954778733,1,1,False
Nothrotheriops_shastensis,DD,DD,106,106,3.77870746422344,3.77870746422344,0,0,False
Caprolagus_hispidus,EN,EN,107,107,3.77721191127624,3.77721191127624,1,1,False
Petaurus_abidi,CR,CR,108,108,3.75899593327083,3.75899593327083,1,1,False
Myrmecobius_fasciatus,EN,NT,5,109,14.9427440471831,3.73896510753741,1,0,True
Geocapromys_ingrahami,CR,CR,109,110,3.67217609599225,3.67217609599225,1,1,False
Geocapromys_thoracatus,EX,EX,110,111,3.66774735105931,3.66774735105931,0,0,False
Geocapromys_columbianus,EX,EX,111,112,3.6462527340159,3.6462527340159,0,0,False
Solenodon_cubanus,EN,EN,112,113,3.64338369600516,3.64338369600516,1,1,False
Akodon_latebricola,EN,EN,113,114,3.61050804668105,3.59730907184044,1,1,False
Isolobodon_portoricensis,EX,EX,114,115,3.58012820994975,3.58012820994975,0,0,False
Propithecus_edwardsi,EN,EN,115,116,3.57885597643301,3.57885597643301,1,1,False
Pipanacoctomys_aureus,CR,CR,116,117,3.56502198472012,3.56502198472012,1,1,False
Isolobodon_montanus,EX,EX,117,118,3.56332541709427,3.56332541709427,0,0,False
Pteronura_brasiliensis,EN,EN,118,119,3.54513319619018,3.54513319022551,1,1,False
Heteropsomys_insulans,EX,EX,119,120,3.50281065342544,3.50281065342544,0,0,False
Lepilemur_jamesorum,CR,CR,120,121,3.49381666795663,3.49381666795663,1,1,False
Priodontes_maximus,VU,VU,121,122,3.49224012772197,3.49224012772187,1,1,False
Mylodon_darwinii,DD,DD,122,123,3.4663190256083,3.4663190256083,0,0,False
Eupetaurus_cinereus,EN,EN,123,124,3.45423833434016,3.45423833434016,1,1,False
Cynogale_bennettii,EN,EN,124,125,3.45365348492484,3.45365348492484,1,1,False
Zygogeomys_trichopus,EN,EN,125,126,3.44203321202529,3.44203321202529,1,1,False
Brotomys_voratus,EX,EX,126,127,3.44077319102485,3.44077319102485,0,0,False
Lagostrophus_fasciatus,VU,VU,127,128,3.41254648766034,3.41254648766034,1,1,False
Oreonax_flavicauda,CR,CR,128,129,3.41007818484189,3.41007818484189,1,1,False
Megaladapis_edwardsi,DD,DD,129,130,3.35097786070835,3.35097786070835,0,0,False
Myrmecophaga_tridactyla,VU,VU,131,131,3.31859967863767,3.31859967863767,1,1,False
Spermophilus_suslicus,CR,CR,132,132,3.3162245963531,3.3162245963531,1,1,False
Equus_africanus,CR,CR,133,133,3.30156833069835,3.30156833069835,1,1,False
Eubalaena_glacialis,CR,CR,134,134,3.25205315687411,3.25205315687411,1,1,False
Trinomys_yonenagae,EN,EN,135,135,3.24816115899463,3.24815909493632,1,1,False
Pseudocheirus_occidentalis,CR,CR,136,136,3.2148413823408,3.2148413823408,1,1,False
Feroculus_feroculus,EN,EN,137,137,3.15512523088944,3.15512523088944,1,1,False
Calyptophractus_retusus,DD,DD,138,138,3.12609648180763,3.12609648180758,0,0,False
Phataginus_tricuspis,EN,EN,130,139,3.34496351775249,3.1089028079148,1,1,False
Megalomys_luciae,EX,EX,139,140,3.11367930444998,3.10369738106313,0,0,False
Cryptoprocta_spelea,EX,EX,140,141,3.09524705057251,3.0953803509768,0,0,False
Hapalemur_aureus,CR,CR,142,142,3.09186193654981,3.09186193654981,1,1,False
Megalomys_desmarestii,EX,EX,141,143,3.09260548125721,3.08699353197767,0,0,False
Nasalis_larvatus,EN,EN,144,144,3.08163358800421,3.08163358800421,1,1,False
Habromys_chinanteco,CR,CR,146,145,3.04955281253209,3.07810520501371,1,1,False
Habromys_simulatus,CR,CR,145,146,3.05063744110217,3.07537409986234,1,1,False
Chlamyphorus_truncatus,DD,DD,147,147,3.04751291391503,3.04751291391333,0,0,False
Tokudaia_tokunoshimensis,EN,EN,148,148,3.02862469965986,3.02862469965986,1,1,False
Tokudaia_osimensis,EN,EN,149,149,2.98615239368103,2.98615239368103,1,1,False
Rhinopithecus_avunculus,CR,CR,150,150,2.95356366285376,2.95356366285376,1,1,False
Zaglossus_bartoni,VU,VU,151,151,2.95097685251813,2.95097685251813,1,1,False
Macroderma_gigas,VU,VU,152,152,2.86987016613381,2.86987016613707,1,1,False
Rhinoceros_unicornis,VU,VU,153,153,2.85480002591774,2.85480002591774,1,1,False
Cryptochloris_wintoni,CR,CR,154,154,2.85059290572101,2.85059290572101,1,1,False
Congosorex_phillipsorum,CR,CR,155,155,2.83237487685116,2.83237487685116,1,1,False
Dipodomys_gravipes,CR,CR,156,156,2.82381592798149,2.82381592798149,1,1,False
Peroryctes_broadbenti,EN,EN,157,157,2.81449249764507,2.81449249764507,1,1,False
Rhinopithecus_brelichi,CR,CR,158,158,2.76382974220516,2.76382974220516,1,1,False
Pteralopex_flanneryi,CR,CR,159,159,2.76190289041534,2.76190505873567,1,1,False
Cryptonanus_ignitus,LC,EX,3312,160,0.14525950412427,2.75960521704941,0,0,True
Hexolobodon_phenax,EX,EX,161,161,2.74871516527529,2.74871516527529,0,0,False
Pteralopex_pulchra,CR,CR,162,162,2.74106019547056,2.74105746404407,1,1,False
Geocapromys_brownii,EN,EN,163,163,2.72842204511588,2.72842204511588,1,1,False
Carterodon_sulcidens,DD,DD,164,164,2.71525504523833,2.71525504523833,0,0,False
Brachyteles_arachnoides,CR,CR,165,165,2.70303640494834,2.70303640494834,1,1,False
Giraffa_camelopardalis,VU,VU,166,166,2.69750435982226,2.69750435982226,1,1,False
Brachyteles_hypoxanthus,CR,CR,167,167,2.6924114884103,2.6924114884103,1,1,False
Rousettus_bidens,VU,VU,168,168,2.68573476261324,2.68573476261324,1,1,False
Catagonus_wagneri,EN,EN,170,169,2.67768673520627,2.67768673520628,1,1,False
Chimarrogale_phaeura,EN,EN,171,170,2.66733825763479,2.66733825763479,1,1,False
Chalinolobus_tuberculatus,CR,CR,169,171,2.68073394376597,2.66716596840972,1,1,False
Lemur_catta,EN,EN,172,172,2.65809836608231,2.65809836608231,1,1,False
Presbytis_chrysomelas,CR,CR,173,173,2.65697859966299,2.65697859966299,1,1,False
Hipposideros_coxi,EN,EN,174,174,2.65259647035263,2.65259647035263,1,1,False
Lonchorhina_orinocensis,VU,VU,175,175,2.63921746242603,2.63921746242603,1,1,False
Smutsia_temminckii,VU,VU,160,176,2.76085252966831,2.62740117641987,1,1,False
Megaoryzomys_curioi,EX,EX,176,177,2.62580661481005,2.62580661481005,0,0,False
Beatragus_hunteri,CR,CR,177,178,2.62419342359856,2.62419342359856,1,1,False
Nomascus_hainanus,CR,CR,178,179,2.60599120730996,2.60599120730996,1,1,False
Onychogalea_lunata,EX,EX,179,180,2.60356446911031,2.60356446911031,0,0,False
Nomascus_nasutus,CR,CR,180,181,2.60018818577842,2.60018818577842,1,1,False
Lepilemur_septentrionalis,CR,CR,181,182,2.59630101985674,2.59630101985674,1,1,False
Chrotogale_owstoni,EN,EN,182,183,2.59267815230227,2.59267815230227,1,1,False
Ptilocercus_lowii,LC,LC,183,184,2.58977698585931,2.58977698585931,0,0,False
Sminthopsis_psammophila,VU,VU,184,185,2.57999226681025,2.57999226460682,1,1,False
Tapirus_bairdii,EN,EN,185,186,2.55564077651047,2.55564077651047,1,1,False
Lagorchestes_leporides,EX,EX,186,187,2.55155470386446,2.55155470386446,0,0,False
Dasyuroides_byrnei,VU,VU,187,188,2.5408030860788,2.54144041135999,1,1,False
Dendrolagus_mayri,CR,CR,188,189,2.54020097845226,2.54020097845226,1,1,False
Dendrolagus_scottae,CR,CR,189,190,2.53873888727773,2.53873888727773,1,1,False
Dugong_dugon,VU,VU,190,191,2.53736844646276,2.53736844646276,1,1,False
Elaphurus_davidianus,EW,EW,191,192,2.53489675133197,2.53489675133197,0,0,False
Dendrolagus_pulcherrimus,CR,CR,192,193,2.51162284503972,2.51162284503972,1,1,False
Tarsius_tarsier,VU,VU,193,194,2.50975151818091,2.50975151818091,1,1,False
Dendrogale_melanura,DD,DD,194,195,2.50525947283759,2.50525947283759,0,0,False
Dasycercus_cristicauda,NT,EX,1754,196,0.323381185837668,2.50449287166004,0,0,True
Enhydra_lutris,EN,EN,195,197,2.49442859190611,2.49442154752447,1,1,False
Aproteles_bulmerae,CR,CR,196,198,2.4889842903599,2.4889842903599,1,1,False
Eulemur_flavifrons,CR,CR,197,199,2.48471204301069,2.48471204301069,1,1,False
Anthops_ornatus,VU,VU,199,200,2.46810881135003,2.46810881135003,1,1,False
Microakodontomys_transitorius,EN,EN,198,201,2.47465000780027,2.46761483611857,1,1,False
Lagostomus_crassus,LC,EX,3454,202,0.135196356810462,2.45933474045262,0,0,True
Dusicyon_australis,EX,EX,200,203,2.4565557047284,2.45655570354108,0,0,False
Lagorchestes_asomatus,EX,EX,201,204,2.45332489845631,2.45332489845631,0,0,False
Dusicyon_avus,EX,EX,202,205,2.45304413965608,2.45304413697959,0,0,False
Rhinopithecus_strykeri,CR,CR,203,206,2.44332748423868,2.44332748423868,1,1,False
Phaner_furcifer,EN,EN,205,207,2.43276970459946,2.43276970459946,1,1,False
Phaner_parienti,EN,EN,206,208,2.39668224998441,2.39668224998441,1,1,False
Dendromus_kahuziensis,CR,CR,204,209,2.43578727338248,2.39651360804303,1,1,False
Pteromyscus_pulverulentus,EN,EN,207,210,2.39330787693669,2.39330787693669,1,1,False
Phataginus_tetradactyla,DD,VU,259,211,1.92020024887401,2.38612620559096,0,1,True
Phaner_pallescens,EN,EN,208,212,2.38421935325323,2.38421935325323,1,1,False
Perameles_eremiana,EX,EX,211,213,2.37296758665988,2.37296758665988,0,0,False
Macaca_sylvanus,EN,EN,212,214,2.35868665170692,2.35868665170692,1,1,False
Eudiscoderma_thongareeae,CR,CR,214,215,2.35226149673101,2.35226149673101,1,1,False
Noronhomys_vespuccii,EX,EX,213,216,2.3576469831434,2.35067281674455,0,0,False
Marmosops_handleyi,CR,CR,215,217,2.34203322112393,2.34203322112393,1,1,False
Xenomys_nelsoni,EN,EN,216,218,2.3308603207244,2.3308603207244,1,1,False
Phaner_electromontis,EN,EN,217,219,2.33031597046815,2.33031597046815,1,1,False
Loxodonta_africana,EN,EN,219,220,2.32402110346273,2.32402110346273,1,1,False
Pharotis_imogene,CR,CR,220,221,2.31784366213912,2.31784366213912,1,1,False
Pennatomys_nivalis,EX,EX,218,222,2.32538891049828,2.30923474191877,0,0,False
Hylomyscus_baeri,EN,EN,221,223,2.25956676220458,2.25956676220458,1,1,False
Romerolagus_diazi,EN,EN,222,224,2.21708135022071,2.21708135022071,1,1,False
Crocidura_zimmermanni,EN,EN,223,225,2.21692780998064,2.21692780998064,1,1,False
Sturnira_nana,EN,EN,224,226,2.20532173666192,2.20532173666192,1,1,False
Potorous_longipes,VU,VU,225,227,2.20196761041595,2.20199148273051,1,1,False
Cyclopes_didactylus,LC,LC,226,228,2.19062709692674,2.19062709692674,0,0,False
Nomascus_concolor,CR,CR,227,229,2.17568391672629,2.17568391672629,1,1,False
Spilocuscus_rufoniger,CR,CR,228,230,2.17433450764493,2.17433450764493,1,1,False
Bettongia_pusilla,EX,EX,298,231,1.72714003264769,2.15593368723728,0,0,False
Addax_nasomaculatus,CR,CR,229,232,2.14489802009317,2.14489802009317,1,1,False
Spilocuscus_wilsoni,CR,CR,230,233,2.12579677581859,2.12579677581859,1,1,False
Procolobus_pennantii,DD,CR,1998,234,0.278318637954365,2.10940939983608,0,1,True
Marmosa_rubra,DD,DD,231,235,2.10917766911335,2.10917766911331,0,0,False
Coelodonta_antiquitatis,DD,DD,232,236,2.10730000197202,2.10730000197202,0,0,False
Rhinopithecus_roxellana,EN,EN,233,237,2.09682233096582,2.09682233096582,1,1,False
Ailurops_ursinus,VU,VU,234,238,2.08808398320725,2.08808398320725,1,1,False
Caenolestes_convelatus,VU,VU,248,239,2.02634372256167,2.0826014735434,1,1,False
Myotis_yanbarensis,CR,CR,235,240,2.07447277234597,2.08159170908442,1,1,False
Procolobus_preussi,DD,CR,1991,241,0.279571111834218,2.07773498825734,0,1,True
Bubalus_mindorensis,CR,CR,236,242,2.07315145698918,2.07315145698918,1,1,False
Procolobus_rufomitratus,DD,CR,2148,243,0.259573683547471,2.06662500909829,0,1,True
Rhinopithecus_bieti,EN,EN,237,244,2.06458516532606,2.06458516532606,1,1,False
Chinchilla_chinchilla,EN,EN,238,245,2.06095564250491,2.05962765932008,1,1,False
Heteromys_nelsoni,EN,EN,239,246,2.05614944998517,2.05614944998517,1,1,False
Chinchilla_lanigera,EN,EN,240,247,2.05265142940271,2.05050302758208,1,1,False
Symphalangus_syndactylus,EN,EN,241,248,2.04825459017353,2.04825459017353,1,1,False
Ailuropoda_melanoleuca,VU,VU,242,249,2.04577034869208,2.04577034869208,1,1,False
Nycticebus_pygmaeus,EN,EN,243,250,2.04000455650308,2.04000455650308,1,1,False
Cryptochloris_zyli,EN,EN,244,251,2.03882586870629,2.03882586870629,1,1,False
Tarsius_tumpara,CR,CR,245,252,2.02933330493249,2.02933330493249,1,1,False
Physeter_macrocephalus,VU,VU,246,253,2.02862342350114,2.02862342350114,1,1,False
Eulemur_mongoz,CR,CR,247,254,2.02701353782129,2.02701353782129,1,1,False
Leptonycteris_nivalis,EN,EN,249,255,2.0143081124723,2.0143081124723,1,1,False
Monodelphis_unistriatus,DD,CR,1247,256,0.480784693433242,2.01391612331563,0,1,True
Biswamoyopterus_biswasi,CR,CR,250,257,2.00387076425674,2.00387076425674,1,1,False
Mystromys_albicaudatus,VU,VU,251,258,1.99202470159603,1.99202470159603,1,1,False
Porcula_salvania,EN,EN,252,259,1.98850812305713,1.9885102670971,1,1,False
Laonastes_aenigmamus,LC,LC,253,260,1.98585994108878,1.98585994108878,0,0,False
Lamottemys_okuensis,EN,EN,254,261,1.98263504721624,1.98263504721624,1,1,False
Cryptoprocta_ferox,VU,VU,255,262,1.93825910088572,1.9383065764941,1,1,False
Hemibelideus_lemuroides,NT,NT,256,263,1.933455022891,1.933455022891,0,0,False
Dendrolagus_matschiei,EN,EN,257,264,1.9318760796768,1.9318760796768,1,1,False
Cardiocranius_paradoxus,DD,DD,258,265,1.92080693514748,1.92080693514748,0,0,False
Lycaon_pictus,EN,EN,260,266,1.91897405137251,1.91897405075013,1,1,False
Pteralopex_atrata,EN,EN,261,267,1.91631530454599,1.91630968781273,1,1,False
Petrogale_persephone,EN,EN,262,268,1.90929392556777,1.90929392556777,1,1,False
Microgale_jenkinsae,EN,EN,263,269,1.89925442816844,1.89925442816844,1,1,False
Rhagomys_rufescens,VU,VU,264,270,1.88339492099777,1.88053373614542,1,1,False
Desmalopex_microleucopterus,DD,EN,832,271,0.723610313334258,1.87946828834521,0,1,True
Murina_harpioloides,EN,EN,265,272,1.87918806117386,1.87918806117386,1,1,False
Pteralopex_anceps,EN,EN,266,273,1.87438613801765,1.87438783523655,1,1,False
Nilopegamys_plumbeus,CR,CR,267,274,1.86949236833501,1.86949236833501,1,1,False
Microgale_jobihely,EN,EN,268,275,1.86286184921682,1.86286184921682,1,1,False
Bettongia_penicillata,NT,EX,2356,276,0.231738221777653,1.86246566340262,0,0,True
Ochotona_koslowi,EN,EN,269,277,1.85111304127915,1.85111304127915,1,1,False
Coryphomys_buehleri,EX,EX,270,278,1.85110113899999,1.85110113899999,0,0,False
Macrogalidia_musschenbroekii,VU,VU,271,279,1.85087798082165,1.85087798082165,1,1,False
Rheithrosciurus_macrotis,VU,VU,272,280,1.85055148187521,1.85055148187521,1,1,False
Marmosa_andersoni,DD,DD,273,281,1.8500408819798,1.85004088053401,0,0,False
Pipistrellus_subflavus,VU,VU,278,282,1.83937466567163,1.84931681668879,1,1,False
Myotis_pruinosus,EN,EN,276,283,1.84428899470573,1.84899339245286,1,1,False
Lepilemur_microdon,EN,EN,274,284,1.84797058856834,1.84797058856834,1,1,False
Ruwenzorisorex_suncoides,VU,VU,275,285,1.84640368589036,1.84640368589036,1,1,False
Amblysomus_marleyi,EN,EN,277,286,1.84041317719211,1.84041317719211,1,1,False
Pontoporia_blainvillei,VU,VU,286,287,1.78310490034051,1.83927584305583,1,1,False
Dasyurus_viverrinus,EN,EN,279,288,1.83209815287826,1.83209815287826,1,1,False
Mammut_americanum,DD,DD,280,289,1.82639520798716,1.82639520798716,0,0,False
Thylamys_karimii,VU,VU,281,290,1.81975595663368,1.82034070675219,1,1,False
Solenodon_paradoxus,LC,LC,282,291,1.80828546950376,1.80828546950376,0,0,False
Limnogale_mergulus,VU,VU,283,292,1.80148064895223,1.80148064895223,1,1,False
Phalanger_matanim,CR,CR,284,293,1.79552699121739,1.79552699121739,1,1,False
Bos_sauveli,CR,CR,285,294,1.79226607314133,1.79226607314133,1,1,False
Dorcopsis_atrata,CR,CR,287,295,1.77630464817192,1.77630464817192,1,1,False
Perameles_bougainville,VU,VU,288,296,1.76726353647683,1.76726353647683,1,1,False
Lepilemur_hollandorum,CR,CR,289,297,1.76542325998646,1.76542325998646,1,1,False
Nomascus_siki,CR,CR,290,298,1.75959216572787,1.75959216572787,1,1,False
Nomascus_leucogenys,CR,CR,292,299,1.75434857307549,1.75434857307549,1,1,False
Phalanger_lullulae,EN,EN,293,300,1.74184519755124,1.74184519755124,1,1,False
Anathana_ellioti,LC,LC,294,301,1.73750097090369,1.73750097090369,0,0,False
Lasiorhinus_krefftii,CR,CR,295,302,1.73661987582902,1.73661987582902,1,1,False
Chrysospalax_trevelyani,EN,EN,296,303,1.73562574126652,1.73562574126652,1,1,False
Crocidura_miya,EN,EN,297,304,1.73054935683375,1.73054935683375,1,1,False
Procolobus_badius,DD,EN,1509,305,0.390398929481064,1.72787495722685,0,1,True
Setonix_brachyurus,VU,VU,299,306,1.72467756496186,1.72467756496186,1,1,False
Redunca_fulvorufula,EN,EN,300,307,1.72383190961487,1.72383190961487,1,1,False
Dipodomys_ingens,EN,EN,301,308,1.72142947345131,1.72142947345131,1,1,False
Myosorex_eisentrauti,CR,CR,302,309,1.71853523000449,1.71853523000449,1,1,False
Aplodontia_rufa,LC,LC,303,310,1.71721165855911,1.71721165855911,0,0,False
Microcebus_gerpi,CR,CR,419,311,1.26887921549371,1.71655959217162,0,1,False
Microcebus_marohita,EN,CR,695,312,0.860043347042332,1.71642093600935,1,1,True
Eulemur_macaco,EN,EN,304,313,1.7133765085424,1.7133765085424,1,1,False
Lepilemur_leucopus,EN,EN,306,314,1.70973997284581,1.70973997284581,1,1,False
Trinomys_moojeni,EN,EN,307,315,1.70862979572509,1.70862979572508,1,1,False
Lepilemur_tymerlachsoni,CR,CR,308,316,1.70693869944644,1.70693869944644,1,1,False
Rhynchocyon_chrysopygus,EN,EN,309,317,1.70531047463675,1.70531047463675,1,1,False
Hylomys_parvus,VU,VU,305,318,1.71129870963191,1.70202923174822,1,1,False
Balantiopteryx_infusca,VU,VU,310,319,1.69467684559426,1.69467684559426,1,1,False
Hippotragus_leucophaeus,EX,EX,311,320,1.6921618833398,1.6921618833398,0,0,False
Odobenus_rosmarus,VU,VU,312,321,1.68654972999048,1.68654972999052,1,1,False
Muntiacus_vuquangensis,CR,CR,313,322,1.67512151406327,1.67512151406327,1,1,False
Cystophora_cristata,EN,EN,314,323,1.67438442417541,1.67438442417541,1,1,False
Arabitragus_jayakari,EN,EN,315,324,1.67385494973722,1.67385494973722,1,1,False
Hipposideros_pomona,EN,EN,316,325,1.66988187867399,1.66988187867399,1,1,False
Balantiopteryx_io,VU,VU,317,326,1.66642641025245,1.66642641025245,1,1,False
Crocidura_hikmiya,EN,EN,318,327,1.65884679439799,1.65884679439799,1,1,False
Emballonura_semicaudata,EN,EN,319,328,1.64674309858889,1.64674309858877,1,1,False
Lepilemur_ahmansonorum,CR,CR,320,329,1.64339182767816,1.64339182767816,0,0,False
Phyllonycteris_aphylla,CR,CR,322,330,1.63653356949126,1.63653356949126,0,0,False
Paracoelops_megalotis,DD,EN,927,331,0.6609970818033,1.63338838450906,0,1,True
Tarsipes_rostratus,LC,LC,323,332,1.63234010263605,1.63234010263605,0,0,False
Desmalopex_leucopterus,DD,VU,867,333,0.699220767830032,1.63221485965287,0,1,True
Lepilemur_ruficaudatus,CR,CR,324,334,1.62784564740365,1.62784564740365,0,0,False
Tarsius_bancanus,VU,VU,325,335,1.62297261532875,1.62297261532875,1,1,False
Tachyoryctes_macrocephalus,EN,EN,326,336,1.61802330839877,1.61802330839877,1,1,False
Presbytis_potenziani,CR,CR,327,337,1.61699010834987,1.61699010834987,0,0,False
Tolypeutes_tricinctus,VU,VU,328,338,1.61524470218249,1.61524470218225,1,1,False
Ceratotherium_simum,NT,NT,329,339,1.60455344893943,1.60455344893943,0,0,False
Rhinopoma_hadramauticum,EN,EN,344,340,1.52643759077167,1.60251309379073,1,1,False
Hipposideros_lamottei,CR,CR,330,341,1.60212296902105,1.60212296902105,0,0,False
Callimico_goeldii,VU,VU,291,342,1.7582794058053,1.59786462322061,1,1,False
Inia_geoffrensis,EN,EN,583,343,0.974334800832836,1.59604553002187,1,1,False
Liomys_spectabilis,EN,EN,331,344,1.59356733738811,1.59356733738811,1,1,False
Caenolestes_condorensis,VU,EN,784,345,0.761642718566686,1.59325687179393,1,1,True
Cheirogaleus_medius,VU,VU,332,346,1.58666387049683,1.58666387049684,1,1,False
Rousettus_spinalatus,VU,VU,334,347,1.57679461729642,1.57679461729642,1,1,False
Habromys_lepturus,CR,CR,209,348,2.37770279843804,1.57677856937403,1,0,False
Megadendromus_nikolausi,VU,VU,335,349,1.56257764318734,1.56257764318734,1,1,False
Cheirogaleus_lavasoensis,EN,EN,336,350,1.55999006663461,1.55999006663462,1,1,False
Reithrodontomys_raviventris,EN,EN,337,351,1.55991768329721,1.55977105917879,1,1,False
Eulemur_coronatus,EN,EN,338,352,1.54709769709434,1.54709769709434,1,1,False
Glironia_venusta,LC,LC,339,353,1.54328062650006,1.54328062650006,0,0,False
Fossa_fossana,VU,VU,340,354,1.5410296999182,1.54103248328986,1,1,False
Nilgiritragus_hylocrius,EN,EN,341,355,1.53687918859465,1.53688198783639,1,1,False
Eupleres_goudotii,VU,VU,342,356,1.53077698999789,1.53078078923212,1,1,False
Emballonura_serii,VU,VU,343,357,1.52655519306007,1.52655519305012,1,1,False
Panthera_tigris,EN,EN,345,358,1.51565773345254,1.51565773345254,1,1,False
Eubalaena_japonica,EN,EN,346,359,1.51296664649083,1.51296664649083,1,1,False
Neopteryx_frosti,EN,EN,347,360,1.51229209395257,1.51229209395257,1,1,False
Inia_boliviensis,NE,EN,1446,361,0.409555373329946,1.5083125166054,0,1,True
Megadontomys_cryophilus,EN,EN,350,362,1.49643454957289,1.49889317777515,1,1,False
Trachypithecus_geei,EN,EN,349,363,1.49804653462426,1.49804653462426,1,1,False
Calassomys_apicalis,NE,DD,348,364,1.49903758801171,1.49782221940892,0,0,True
Perodicticus_potto,NT,NT,351,365,1.49562389549351,1.49562389549351,0,0,False
Huetia_leucorhina,DD,DD,352,366,1.49055026553824,1.49055026553824,0,0,False
Hyladelphys_kalinowskii,LC,LC,353,367,1.48710930240588,1.48710930240588,0,0,False
Mirza_coquereli,EN,EN,354,368,1.48611598927143,1.48611598928167,1,1,False
Rhyncholestes_raphanurus,NT,NT,355,369,1.48361204630698,1.48362694866141,0,0,False
Orthogeomys_lanius,CR,CR,365,370,1.46585459369827,1.48217551813854,0,0,False
Xeronycteris_vieirai,DD,DD,357,371,1.48141495934188,1.48141495934188,0,0,False
Inia_araguaiaensis,NE,EN,1366,372,0.436180668324896,1.48119543826654,0,1,True
Coleura_seychellensis,CR,CR,356,373,1.48211953750262,1.48006622689577,0,0,False
Geogale_aurita,LC,LC,358,374,1.47948551023452,1.47948551023452,0,0,False
Mandrillus_leucophaeus,EN,EN,359,375,1.47762404322834,1.47762404322834,1,1,False
Micropotamogale_lamottei,VU,VU,360,376,1.47653817896355,1.47653817896355,1,1,False
Marmosa_xerophila,VU,VU,362,377,1.4698780471784,1.46987804717839,1,1,False
Gracilinanus_emiliae,DD,DD,363,378,1.46970246438912,1.46970246438912,0,0,False
Pseudantechinus_bilarni,NT,NT,364,379,1.46697242206303,1.46697242206303,0,0,False
Rucervus_eldii,EN,EN,366,380,1.46571144095753,1.46571144095753,1,1,False
Canis_rufus,CR,CR,367,381,1.4576940524751,1.45769405138292,0,0,False
Cercopithecus_hamlyni,VU,VU,368,382,1.45480594780524,1.45480594780524,1,1,False
Hipposideros_hypophyllus,CR,CR,369,383,1.43738410179062,1.43738410179062,0,0,False
Dendrolagus_mbaiso,EN,EN,370,384,1.43617772111249,1.43617772111249,1,1,False
Macropus_greyi,EX,EX,371,385,1.4293150259156,1.4293150259156,0,0,False
Crocidura_canariensis,EN,EN,372,386,1.42425210794889,1.42425210794889,1,1,False
Rangifer_tarandus,VU,VU,373,387,1.42217594770104,1.42217594770097,1,1,False
Pipistrellus_sturdeei,EX,EX,361,388,1.47385297810873,1.41598168396065,0,0,False
Oryzorictes_tetradactylus,DD,DD,374,389,1.41531733167909,1.41531733167909,0,0,False
Dendrolagus_notatus,EN,EN,375,390,1.41011904046874,1.41011904046874,1,1,False
Nomascus_gabriellae,EN,EN,376,391,1.4028047392582,1.4028047392582,1,1,False
Microcebus_berthae,CR,CR,377,392,1.39934578674562,1.39934806915292,0,0,False
Ateles_hybridus,CR,CR,378,393,1.39920411643037,1.39920411643037,0,0,False
Nesolagus_timminsi,EN,EN,379,394,1.3974428439887,1.3974428439887,1,1,False
Sciurillus_pusillus,LC,LC,380,395,1.3830991410449,1.3830991410449,0,0,False
Nomascus_annamensis,EN,EN,381,396,1.38294679811276,1.38294679811276,1,1,False
Dorcatragus_megalotis,VU,VU,382,397,1.37924884757251,1.37924884757251,1,1,False
Pan_paniscus,EN,EN,383,398,1.37702195007648,1.37702195007648,1,1,False
Pan_troglodytes,EN,EN,384,399,1.37287737048881,1.37287737048881,1,1,False
Pattonomys_occasius,DD,DD,385,400,1.37033866643109,1.37033866643109,0,0,False
Sicista_severtzovi,CR,CR,386,401,1.37012083382457,1.37012083382457,0,0,False
Macaca_pagensis,CR,CR,388,402,1.36070435860298,1.36070435860298,0,0,False
Megadontomys_thomasi,EN,EN,387,403,1.36602240707116,1.35967349092791,1,1,False
Monodelphis_gardneri,NE,DD,396,404,1.3380756212043,1.35752496675469,0,0,True
Lophiomys_imhausi,LC,LC,389,405,1.35738030570417,1.35738030570417,0,0,False
Murina_balaensis,CR,CR,390,406,1.35504285122174,1.35504285122174,0,0,False
Macaca_fascicularis,EN,EN,391,407,1.35341482133067,1.35341482133067,1,1,False
Megadontomys_nelsoni,EN,EN,392,408,1.3517202138611,1.35106051125943,1,1,False
Phyllomys_lundi,EN,EN,394,409,1.34631285071262,1.34631285071262,1,1,False
Hesperoptenus_tomesi,VU,VU,393,410,1.35008076124798,1.33750098207433,1,1,False
Pteropus_tokudae,EX,EX,395,411,1.3389008701954,1.33709516173771,0,0,False
Phocoena_sinus,CR,CR,397,412,1.33149504604171,1.33149504604171,0,0,False
Loris_tardigradus,EN,EN,398,413,1.32993951682847,1.32993951682847,1,1,False
Sicista_armenica,CR,CR,400,414,1.32322050304025,1.32322050304025,0,0,False
Phyllomys_unicolor,CR,CR,401,415,1.31999056630211,1.31999056630211,0,0,False
Lepilemur_sahamalazensis,CR,CR,402,416,1.31502712827002,1.31502712827002,0,0,False
Hypsiprymnodon_moschatus,LC,LC,403,417,1.31283648070018,1.31283648070018,0,0,False
Arctictis_binturong,VU,VU,405,418,1.31082252048219,1.31082252048219,1,1,False
Heterocephalus_glaber,LC,LC,406,419,1.31031413402265,1.31031413402265,0,0,False
Peropteryx_pallidoptera,DD,DD,407,420,1.30878548262457,1.30878548262457,0,0,False
Plagiodontia_ipnaeum,EX,EX,408,421,1.30685648202586,1.30685648202586,0,0,False
Crocidura_nicobarica,CR,CR,399,422,1.32925584774996,1.30653157038111,0,0,False
Pipistrellus_murrayi,DD,EX,1858,423,0.30214693685181,1.30577552286533,0,0,True
Tarsius_sangirensis,EN,EN,410,424,1.29010032187263,1.29010032187263,1,1,False
Myotis_capaccinii,VU,VU,414,425,1.28154744659844,1.28897965892434,1,1,False
Vormela_peregusna,VU,VU,411,426,1.2887702794204,1.2887702794204,1,1,False
Lonchorhina_fernandezi,EN,EN,412,427,1.28800804202486,1.28800804202486,1,1,False
Sundasciurus_fraterculus,VU,VU,413,428,1.28586485901108,1.28586485901108,1,1,False
Tupaia_nicobarica,EN,EN,415,429,1.27954229537598,1.27954229537598,1,1,False
Microtus_umbrosus,EN,EN,417,430,1.27432774865106,1.27690266291273,1,1,False
Hipposideros_turpis,EN,EN,418,431,1.2719503605827,1.2719503605827,1,1,False
Leontopithecus_chrysopygus,EN,EN,409,432,1.29226620484218,1.26803973497215,1,1,False
Cremnomys_elvira,CR,CR,420,433,1.26752940235922,1.26752940235922,0,0,False
Bettongia_tropica,EN,EN,964,434,0.631432664167241,1.26512093562399,0,1,False
Srilankamys_ohiensis,VU,VU,422,435,1.26247440555299,1.26247440555299,1,1,False
Peromyscus_melanocarpus,EN,EN,416,436,1.27887764295827,1.26222784250905,1,1,False
Pteralopex_taki,VU,VU,423,437,1.26129772832152,1.2612970366078,1,1,False
Suncus_fellowesgordoni,EN,EN,424,438,1.2591952341587,1.2591952341587,1,1,False
Condylura_cristata,LC,LC,425,439,1.25541135751144,1.25541135751144,0,0,False
Cercocebus_galeritus,CR,CR,426,440,1.25369611165626,1.25369611165626,0,0,False
Cryptotis_nelsoni,CR,CR,404,441,1.3118643386166,1.25235295995734,0,0,False
Macrotarsomys_petteri,DD,DD,427,442,1.25233327580649,1.25233327580649,0,0,False
Procolobus_kirkii,DD,EN,2098,443,0.265070460747084,1.24702760218815,0,1,True
Crocidura_andamanensis,CR,CR,428,444,1.24971808887963,1.24660149875017,0,0,False
Leontopithecus_caissara,EN,EN,421,445,1.26691856784915,1.2440821490896,1,1,False
Trachypithecus_vetulus,EN,EN,429,446,1.24099705576225,1.24099705576225,1,1,False
Cheirogaleus_major,VU,VU,430,447,1.23655129110292,1.23655129110293,1,1,False
Tarsius_pumilus,EN,EN,431,448,1.23287863310718,1.23287863310718,1,1,False
Presbytis_femoralis,CR,CR,432,449,1.23071085596633,1.23071085596633,0,0,False
Kunsia_fronto,CR,CR,433,450,1.22838325446903,1.22838325446903,0,0,False
Myosorex_kihaulei,EN,EN,434,451,1.22670043128409,1.22670043128409,1,1,False
Mirza_zaza,VU,VU,435,452,1.22425702477497,1.22425702478898,1,1,False
Dendrogale_murina,LC,LC,436,453,1.22355752064836,1.22355752064836,0,0,False
Leporillus_apicalis,EX,EX,437,454,1.22233411713315,1.22233411713315,0,0,False
Lepilemur_mustelinus,VU,VU,438,455,1.22228733499113,1.22228733499113,1,1,False
Tarsius_pelengensis,EN,EN,439,456,1.22197819775417,1.22197819775417,1,1,False
Saccopteryx_antioquensis,EN,EN,440,457,1.21867748024844,1.21867748024844,1,1,False
Myosorex_geata,EN,EN,441,458,1.21774272255175,1.21774272255175,1,1,False
Sapajus_xanthosternos,CR,CR,442,459,1.21711488156926,1.21711488156926,0,0,False
Dama_mesopotamica,EN,EN,443,460,1.21459087694232,1.21459087694232,1,1,False
Lepilemur_grewcockorum,CR,CR,444,461,1.21430677586279,1.21430677586279,0,0,False
Murina_tenebrosa,CR,CR,445,462,1.21004550135098,1.21004550135098,0,0,False
Crocidura_harenna,CR,CR,447,463,1.2094748278371,1.2094748278371,0,0,False
Microcebus_sambiranensis,EN,EN,448,464,1.20689022121169,1.20698388787356,1,1,False
Prionomys_batesi,DD,DD,449,465,1.20638825752584,1.20638825752584,0,0,False
Typhlomys_cinereus,LC,LC,450,466,1.20629081074648,1.20629081074648,0,0,False
Cephalophus_zebra,VU,VU,451,467,1.20320418466961,1.20320418466961,1,1,False
Conilurus_albipes,EX,EX,452,468,1.2019492787718,1.2019492787718,0,0,False
Chilonatalus_micropus,VU,VU,453,469,1.20003865354003,1.20003865352609,1,1,False
Nanger_dama,CR,CR,454,470,1.19920112202849,1.19920112203239,0,0,False
Microcebus_tanosi,EN,EN,455,471,1.19692616979248,1.19750435347802,1,1,False
Hylobates_pileatus,EN,EN,456,472,1.1956745132592,1.1956745132592,1,1,False
Dyacopterus_rickarti,EN,EN,457,473,1.19393706516034,1.19393706516034,1,1,False
Acerodon_jubatus,EN,EN,458,474,1.19381800748871,1.19381800748871,1,1,False
Podoxymys_roraimae,VU,VU,459,475,1.19345701316761,1.19234072584538,1,1,False
Rhogeessa_genowaysi,EN,EN,460,476,1.19207050668592,1.19207050668592,1,1,False
Camelus_bactrianus,NE,EN,1284,477,0.467746909510065,1.18556663060815,0,1,True
Microcebus_macarthurii,EN,EN,479,478,1.13679850156517,1.18437779396544,1,1,False
Sorex_sclateri,CR,CR,446,479,1.20975761662345,1.18241360392389,0,0,False
Tasmacetus_shepherdi,DD,DD,461,480,1.17872135244015,1.17872135244015,0,0,False
Camelus_ferus,EN,EN,796,481,0.752753969171326,1.17803476739072,0,1,False
Juscelinomys_candango,EX,EX,462,482,1.17691673327334,1.17691673327334,0,0,False
Habromys_ixtlani,CR,EN,210,483,2.37755903896026,1.17528260993662,1,1,True
Cuon_alpinus,EN,EN,463,484,1.17493361487733,1.17493357528837,1,1,False
Neurotrichus_gibbsii,LC,LC,464,485,1.17461188014831,1.17461188014831,0,0,False
Strigocuscus_celebensis,NT,NT,465,486,1.17288252784582,1.17288252784582,0,0,False
Tlacuatzin_canescens,LC,LC,466,487,1.17218348156422,1.17218348156422,0,0,False
Nycticebus_javanicus,CR,CR,467,488,1.17112579276196,1.17112579276196,0,0,False
Chrysospalax_villosus,VU,VU,468,489,1.16700204519689,1.16700204519689,1,1,False
Reithrodontomys_hirsutus,VU,VU,469,490,1.16526823630803,1.16279495300883,1,1,False
Distoechurus_pennatus,LC,LC,470,491,1.16259037052921,1.16259037052921,0,0,False
Sylvilagus_brasiliensis,EN,EN,517,492,1.07245602578594,1.16111263012592,1,1,False
Tomopeas_ravus,EN,EN,472,493,1.15695385137536,1.15695385137536,1,1,False
Pseudochirops_archeri,NT,NT,473,494,1.15618380691605,1.15618380691605,0,0,False
Dendroprionomys_rousseloti,DD,DD,474,495,1.15009395761982,1.15009395761982,0,0,False
Acrobates_pygmaeus,LC,LC,475,496,1.14701225611728,1.14701225611728,0,0,False
Monodelphis_iheringi,DD,DD,497,497,1.10393723801601,1.14442462552011,0,0,False
Sorex_alpinus,NT,NT,476,498,1.14003674995319,1.13959408112535,0,0,False
Potorous_tridactylus,NT,NT,477,499,1.13692334134508,1.13693609312581,0,0,False
Murexia_rothschildi,NT,NT,478,500,1.1368491304111,1.1368491304111,0,0,False
Nandinia_binotata,LC,LC,480,501,1.1331007280507,1.1331007280507,0,0,False
Murina_loreliae,DD,DD,482,502,1.12823237025984,1.12823237025984,0,0,False
Sorex_stizodon,CR,CR,471,503,1.1624718098276,1.12637681533207,0,0,False
Crocidura_trichura,EX,EX,483,504,1.12560784511066,1.12188379834148,0,0,False
Marmosops_pakaraimae,VU,VU,484,505,1.11996391753206,1.11996391753206,1,1,False
Diplogale_hosei,VU,VU,485,506,1.11680168000037,1.11680168000037,1,1,False
Mesocapromys_angelcabrerai,CR,CR,486,507,1.11549329718915,1.11549329718915,0,0,False
Uromys_imperator,CR,CR,488,508,1.11408770653379,1.11408770653379,0,0,False
Voalavo_antsahabensis,EN,EN,489,509,1.11279244023203,1.11279244023203,1,1,False
Anotomys_leander,EN,EN,493,510,1.10936712642286,1.11209598261098,1,1,False
Hipposideros_coronatus,DD,DD,491,511,1.11063382532136,1.11063382532136,0,0,False
Avahi_unicolor,CR,CR,492,512,1.10999388548789,1.10999388548789,0,0,False
Antechinus_arktos,EN,EN,487,513,1.11544828168745,1.10852539843038,1,1,False
Crocidura_jenkinsi,CR,CR,490,514,1.11084571471368,1.10740198984262,0,0,False
Uromys_emmae,CR,CR,494,515,1.10635740439428,1.10635740439428,0,0,False
Suncus_aequatorius,EN,EN,496,516,1.10451207307194,1.10451207307194,1,1,False
Murina_rozendaali,VU,VU,498,517,1.10321862659731,1.10321862659731,1,1,False
Peromyscus_slevini,CR,CR,481,518,1.13262748326135,1.10186930878067,0,0,False
Indopacetus_pacificus,LC,LC,499,519,1.10180681349786,1.10180681349786,0,0,False
Microtus_oaxacensis,EN,EN,500,520,1.09901572243906,1.09888977098478,1,1,False
Rucervus_schomburgki,EX,EX,501,521,1.0988580895146,1.0988580895146,0,0,False
Platalina_genovensium,NT,NT,502,522,1.09871002267107,1.09871002267107,0,0,False
Nesomys_lambertoni,EN,EN,503,523,1.09802197524747,1.09802197524747,1,1,False
Plecotus_teneriffae,CR,CR,504,524,1.09345756774291,1.09345756774289,0,0,False
Uromys_boeadii,CR,CR,505,525,1.09293774584412,1.09293774584412,0,0,False
Saguinus_bicolor,CR,CR,506,526,1.0911838548209,1.09118385490468,0,0,False
Dinaromys_bogdanovi,VU,VU,507,527,1.08817459842712,1.08817459842712,1,1,False
Neovison_macrodon,EX,EX,508,528,1.08630109683295,1.08630109683295,0,0,False
Potamogale_velox,LC,LC,509,529,1.08428313098208,1.08428313098208,0,0,False
Antechinus_argentus,NE,EN,1355,530,0.439312941789988,1.08345375539418,0,1,True
Peromyscus_guardia,CR,CR,495,531,1.10618352719422,1.08269406910566,0,0,False
Echymipera_davidi,EN,EN,510,532,1.08268960227486,1.08268960227486,1,1,False
Vampyrum_spectrum,NT,NT,511,533,1.08256650774232,1.08256650774232,0,0,False
Petromus_typicus,LC,LC,512,534,1.08157177368579,1.08157177368579,0,0,False
Diplothrix_legata,EN,EN,513,535,1.07959867181646,1.07959867181646,1,1,False
Wyulda_squamicaudata,NT,NT,514,536,1.07918122763745,1.07918122763745,0,0,False
Mindomys_hammondi,EN,EN,515,537,1.07862282632218,1.07862282632218,1,1,False
Reithrodontomys_tenuirostris,EN,EN,522,538,1.06907300274674,1.07392896313146,1,1,False
Myotis_scotti,VU,VU,519,539,1.07066739491814,1.07194495738854,1,1,False
Mesocapromys_nanus,CR,CR,520,540,1.07066330290752,1.07066330290752,0,0,False
Wilfredomys_oenax,EN,EN,524,541,1.06724685959269,1.06930099355755,1,1,False
Bubalus_arnee,EN,EN,523,542,1.06904402849502,1.06904402849502,1,1,False
Lepilemur_hubbardorum,EN,EN,525,543,1.06562785857781,1.06562785857781,1,1,False
Peromyscus_pseudocrinitus,LC,CR,4803,544,0.0599375815775464,1.06547168754592,0,0,True
Tachyglossus_aculeatus,LC,LC,526,545,1.06487082014736,1.06487082014736,0,0,False
Mesocapromys_sanfelipensis,CR,CR,527,546,1.06362467465359,1.06362467465359,0,0,False
Gracilinanus_peruanus,NE,DD,528,547,1.06257456018571,1.06257456018571,0,0,True
Murina_aenea,VU,VU,529,548,1.06161321047578,1.06161321047578,1,1,False
Sylvisorex_konganensis,DD,DD,530,549,1.05975541790513,1.05975541790513,0,0,False
Nesoryzomys_darwini,EX,EX,531,550,1.05823165753143,1.05823165753143,0,0,False
Kobus_megaceros,EN,EN,532,551,1.05480662918928,1.05480662918928,1,1,False
Uromys_porculus,CR,CR,533,552,1.05470274897552,1.05470274897552,0,0,False
Iomys_sipora,EN,EN,534,553,1.05459926974687,1.05459926974687,1,1,False
Peromyscus_interparietalis,LC,CR,4871,554,0.057326260515479,1.05431815132609,0,0,True
Peromyscus_bullatus,CR,CR,516,555,1.07568707435993,1.05320485550516,0,0,False
Dendrolagus_goodfellowi,EN,EN,535,556,1.05275218331501,1.05275218331501,1,1,False
Trachypithecus_poliocephalus,CR,CR,536,557,1.05170640832281,1.05170640832281,0,0,False
Octodon_pacificus,CR,CR,537,558,1.05110041811228,1.05110041811228,0,0,False
Lepilemur_aeeclis,EN,EN,538,559,1.0490646253047,1.0490646253047,1,1,False
Sylvilagus_mansuetus,LC,CR,4887,560,0.0567634201699775,1.04751996398666,0,0,True
Trachypithecus_delacouri,CR,CR,539,561,1.04743049925645,1.04743049925645,0,0,False
Orcaella_brevirostris,EN,EN,540,562,1.0458038684202,1.0458038684202,1,1,False
Liberiictis_kuhni,VU,VU,542,563,1.04088257508863,1.04088257508863,1,1,False
Peromyscus_mekisturus,CR,CR,521,564,1.06949235564889,1.03877701693786,0,0,False
Lavia_frons,LC,LC,543,565,1.03842284867684,1.03842284868255,0,0,False
Eulemur_cinereiceps,CR,CR,545,566,1.03553270543471,1.03553270543471,0,0,False
Lepilemur_randrianasoloi,EN,EN,546,567,1.03296748266914,1.03296748266914,1,1,False
Tylomys_tumbalensis,CR,CR,547,568,1.03275969700959,1.03275969700959,0,0,False
Nesoromys_ceramicus,EN,EN,549,569,1.02827873439949,1.03254330530973,1,1,False
Archaeolemur_majori,DD,DD,548,570,1.02846089160519,1.02846089160519,0,0,False
Monodelphis_reigi,VU,VU,556,571,1.02483393521821,1.02769806766744,1,1,False
Saccopteryx_gymnura,DD,DD,551,572,1.02763821455729,1.02763821455729,0,0,False
Tremarctos_ornatus,VU,VU,552,573,1.02699722509093,1.02699722509093,1,1,False
Oryzomys_nelsoni,EX,EX,553,574,1.02672253856798,1.02672253856798,0,0,False
Sminthopsis_archeri,DD,DD,554,575,1.02670911365659,1.02670911365659,0,0,False
Axis_kuhlii,CR,CR,555,576,1.02653775088976,1.02653775088976,0,0,False
Dactylopsila_tatei,EN,EN,557,577,1.02443174652879,1.02443174652879,1,1,False
Hapalemur_alaotrensis,CR,CR,558,578,1.02310871187677,1.02310871187677,0,0,False
Suncus_mertensi,EN,EN,560,579,1.02209347817947,1.02209347817947,1,1,False
Neotetracus_sinensis,LC,LC,559,580,1.02290789850537,1.02065164661929,0,0,False
Phaenomys_ferrugineus,EN,EN,561,581,1.02005103934077,1.0202005246785,1,1,False
Nesoryzomys_indefessus,EX,EX,563,582,1.01794819212624,1.01794819212624,0,0,False
Myosorex_longicaudatus,EN,EN,564,583,1.01741268527171,1.01741268527171,1,1,False
Murina_ryukyuana,EN,EN,565,584,1.0173058143935,1.0173058143935,1,1,False
Kadarsanomys_sodyi,EN,EN,566,585,1.01554144719592,1.01554144719592,1,1,False
Proedromys_bedfordi,VU,VU,562,586,1.01881261073871,1.01489994386626,1,1,False
Cephalophus_jentinki,EN,EN,568,587,1.00557027700765,1.00557027700765,1,1,False
Leontopithecus_chrysomelas,EN,EN,544,588,1.03705280481984,1.00415612282847,1,1,False
Hylobates_lar,EN,EN,570,589,1.00226026040605,1.00226026040605,1,1,False
Leontopithecus_rosalia,EN,EN,550,590,1.02765143309519,0.999400239326202,1,1,False
Myotragus_balearicus,DD,DD,571,591,0.997744713640028,0.997744713640028,0,0,False
Archaeolemur_edwardsi,NE,DD,572,592,0.996535398720199,0.996535398720199,0,0,True
Praomys_morio,EN,EN,573,593,0.993759846746047,0.993759846746047,1,1,False
Sylvisorex_morio,EN,EN,574,594,0.99334435034963,0.99334435034963,1,1,False
Tolypeutes_matacus,NT,NT,575,595,0.989551432792351,0.989551432792194,0,0,False
Antechinus_vandycki,EN,EN,567,596,1.00827844601869,0.988642996442719,1,1,False
Tetracerus_quadricornis,VU,VU,576,597,0.981864069546326,0.981864069546326,1,1,False
Tylomys_bullaris,CR,CR,577,598,0.980270105062028,0.980270105062028,0,0,False
Callorhinus_ursinus,VU,VU,578,599,0.979615192415381,0.979615192416411,1,1,False
Macaca_nigra,CR,CR,579,600,0.978365342851845,0.978365342851845,0,0,False
Scapanulus_oweni,LC,LC,580,601,0.978255955781279,0.978255955781279,0,0,False
Dinomys_branickii,LC,LC,581,602,0.977640392760144,0.977640891862374,0,0,False
Uranomys_ruddi,LC,LC,582,603,0.977482664062047,0.977482664062047,0,0,False
Peromyscus_pembertoni,EX,EX,569,604,1.00373784197311,0.975006458046724,0,0,False
Lepilemur_fleuretae,EN,EN,585,605,0.972193649669054,0.972193649669054,1,1,False
Rhinosciurus_laticaudatus,NT,NT,586,606,0.969259471317616,0.969259471317616,0,0,False
Lepilemur_wrightae,EN,EN,587,607,0.968812950095795,0.968812950095795,1,1,False
Neoromicia_roseveari,DD,EN,1525,608,0.386402999077179,0.965951889134627,0,1,True
Oryzomys_antillarum,EX,EX,589,609,0.96351825251665,0.96351825251665,0,0,False
Phocarctos_hookeri,EN,EN,590,610,0.961462370654962,0.961462371022624,1,1,False
Neophoca_cinerea,EN,EN,591,611,0.961160969971404,0.961160969999294,1,1,False
Microgale_dryas,VU,VU,592,612,0.960221849844446,0.960221849844446,1,1,False
Barbastella_beijingensis,DD,DD,593,613,0.956109145847429,0.956109145847429,0,0,False
Lepilemur_betsileo,EN,EN,594,614,0.955854493856834,0.955854493856834,1,1,False
Cercopithecus_preussi,EN,EN,595,615,0.955208429742216,0.955208429742216,1,1,False
Myosorex_gnoskei,EN,EN,596,616,0.952210433256612,0.952210433256612,1,1,False
Habromys_delicatulus,EN,EN,1272,617,0.470932961367817,0.948940292573438,0,1,False
Cercopithecus_diana,EN,EN,597,618,0.94806636755973,0.94806636755973,1,1,False
Salinomys_delicatus,DD,DD,598,619,0.947520066014366,0.947520066014366,0,0,False
Eliurus_penicillatus,EN,EN,599,620,0.94736123513352,0.94736123513352,1,1,False
Murina_chrysochaetes,DD,DD,600,621,0.94733090987045,0.94733090987045,0,0,False
Cavia_intermedia,CR,CR,601,622,0.946889472004963,0.946889472004963,0,0,False
Sylvisorex_lunaris,NT,NT,602,623,0.94640507229656,0.94640507229656,0,0,False
Ammotragus_lervia,VU,VU,603,624,0.944726237944314,0.944726237944314,1,1,False
Thylamys_velutinus,NT,NT,605,625,0.943434637075196,0.944544568041328,0,0,False
Peromyscus_sagax,DD,EN,1591,626,0.367284905598179,0.943768108122901,0,1,True
Cephalophus_adersi,VU,VU,604,627,0.943462708042041,0.943462708023317,1,1,False
Malpaisomys_insularis,DD,DD,606,628,0.942579803183531,0.942579803183531,0,0,False
Myosorex_rumpii,EN,EN,607,629,0.941971278928257,0.941971278928257,1,1,False
Elephas_maximus,EN,EN,608,630,0.941261988071983,0.941261988071983,1,1,False
Lepilemur_scottorum,EN,EN,610,631,0.939097485845925,0.939097485845925,1,1,False
Pteropus_pilosus,EX,EX,609,632,0.941182620663738,0.938585392127143,0,0,False
Hipposideros_alongensis,VU,VU,611,633,0.938534555458002,0.938534555458002,1,1,False
Marmosa_tyleriana,DD,DD,612,634,0.937604087077906,0.937603924172774,0,0,False
Notopteris_neocaledonica,EN,EN,613,635,0.937025046830419,0.937025046830419,1,1,False
Eidolon_dupreanum,VU,VU,614,636,0.936618267729785,0.936618267729785,1,1,False
Equus_grevyi,EN,EN,615,637,0.935607419363582,0.935607419363582,1,1,False
Amorphochilus_schnablii,VU,VU,616,638,0.935515611699864,0.935515611699864,1,1,False
Lepilemur_milanoii,EN,EN,617,639,0.934615390628738,0.934615390628738,1,1,False
Cheirogaleus_crossleyi,VU,VU,618,640,0.933713592224131,0.93371359222418,1,1,False
Lepilemur_edwardsi,EN,EN,620,641,0.932505122254328,0.932505122254328,1,1,False
Myotis_sicarius,VU,VU,622,642,0.93111208266767,0.932114109359567,1,1,False
Monachus_monachus,VU,VU,621,643,0.931986193130509,0.931986202655965,1,1,False
Neomonachus_schauinslandi,VU,VU,623,644,0.93070186694456,0.930701872281727,1,1,False
Lepilemur_petteri,EN,EN,625,645,0.928375998099435,0.928375998099435,1,1,False
Pteronotus_paraguanensis,EN,EN,626,646,0.928000670264462,0.928000670264462,1,1,False
Loris_lydekkerianus,NT,NT,627,647,0.92719041689613,0.92719041689613,0,0,False
Paulamys_naso,EN,EN,634,648,0.918951852614869,0.926405133190777,1,1,False
Suncus_zeylanicus,EN,EN,628,649,0.926179824153829,0.926179824153829,1,1,False
Mus_famulus,EN,EN,629,650,0.924255595169931,0.924255595169931,1,1,False
Scaptonyx_fusicaudus,LC,LC,630,651,0.924077317074808,0.924077317074808,0,0,False
Myomyscus_yemeni,DD,DD,631,652,0.924018474817181,0.924018474817181,0,0,False
Microgale_nasoloi,VU,VU,632,653,0.921245177820216,0.921245177820216,1,1,False
Macaca_siberu,EN,EN,633,654,0.920302203578062,0.920302203578062,1,1,False
Habromys_schmidlyi,CR,CR,637,655,0.91628298404659,0.92001195625377,0,0,False
Antechinus_bellus,VU,VU,619,656,0.933168022205356,0.91890901333762,1,1,False
Lepilemur_dorsalis,EN,EN,635,657,0.918663642880878,0.918663642880878,1,1,False
Dobsonia_chapmani,CR,CR,636,658,0.916617231974592,0.916617231974592,0,0,False
Petrogale_concinna,EN,EN,639,659,0.91569271035674,0.91569271035674,1,1,False
Eremitalpa_granti,LC,LC,640,660,0.913351073178081,0.913351073178081,0,0,False
Hipposideros_ridleyi,VU,VU,641,661,0.912361257008061,0.912361257008061,1,1,False
Myotis_atacamensis,EN,EN,645,662,0.907947660562922,0.91119935519407,1,1,False
Pseudochirops_corinnae,NT,NT,642,663,0.91014804884663,0.91014804884663,0,0,False
Cryptonanus_guahybae,DD,DD,864,664,0.701726602500385,0.909562572748115,0,0,False
Notomys_amplus,EX,EX,644,665,0.908563066266379,0.908563066266379,0,0,False
Lepilemur_otto,EN,EN,646,666,0.907086361908666,0.907086361908666,1,1,False
Dasypus_yepesi,DD,DD,647,667,0.905474299229792,0.905474299229792,0,0,False
Bubalus_quarlesi,EN,EN,648,668,0.905165196041345,0.905165196041345,1,1,False
Canis_simensis,EN,EN,649,669,0.903574780714336,0.903571960082279,1,1,False
Elephantulus_fuscipes,DD,DD,650,670,0.903196591093856,0.903196591093856,0,0,False
Isothrix_barbarabrownae,DD,DD,653,671,0.901542173621387,0.901542173621387,0,0,False
Rhinolophus_maclaudi,EN,EN,651,672,0.903113225705119,0.901255744952377,1,1,False
Ateles_geoffroyi,EN,EN,654,673,0.900631872396311,0.900631872396311,1,1,False
Bubalus_depressicornis,EN,EN,655,674,0.900326237574702,0.900326237574702,1,1,False
Pteropus_aruensis,CR,CR,643,675,0.9094580573807,0.900126375386457,0,0,False
Pantholops_hodgsonii,NT,NT,656,676,0.899921080395066,0.899921080395066,0,0,False
Rhinolophus_ruwenzorii,EN,EN,659,677,0.897018844403567,0.898553333832519,1,1,False
Ateles_fusciceps,EN,EN,658,678,0.897868825745407,0.897868825745407,1,1,False
Pteropus_howensis,CR,CR,652,679,0.902761849341231,0.897494130056165,0,0,False
Neamblysomus_gunningi,EN,EN,660,680,0.895709570402133,0.895709570402133,1,1,False
Hoolock_hoolock,EN,EN,661,681,0.8943442718109,0.8943442718109,1,1,False
Pteropus_argentatus,CR,CR,662,682,0.892185727287836,0.893378702841366,0,0,False
Reithrodontomys_bakeri,NE,EN,1665,683,0.347970425691713,0.892608432239818,0,1,True
Pelea_capreolus,NT,NT,663,684,0.890587035881562,0.890587035881562,0,0,False
Murina_peninsularis,NE,DD,664,685,0.88986489273158,0.88986489273158,0,0,True
Lophuromys_eisentrauti,CR,CR,665,686,0.889094948217446,0.889094948217446,0,0,False
Rusa_alfredi,EN,EN,667,687,0.88713828411669,0.88713828411669,1,1,False
Myosorex_tenuis,EN,EN,668,688,0.886909926461558,0.886909926461558,1,1,False
Notomys_mordax,EX,EX,669,689,0.886344135910301,0.886344135910301,0,0,False
Avahi_cleesei,CR,CR,670,690,0.885843514376335,0.885843514376335,0,0,False
Myosorex_blarina,EN,EN,671,691,0.885400095365531,0.885400095365531,1,1,False
Tenrec_ecaudatus,LC,LC,672,692,0.884924764027642,0.884924764027642,0,0,False
Pteropus_brunneus,EX,EX,666,693,0.888911659549074,0.883622072049343,0,0,False
Notomys_longicaudatus,EX,EX,673,694,0.883574124116379,0.883574123552933,0,0,False
Neamblysomus_julianae,EN,EN,674,695,0.882867484669805,0.882867484669805,1,1,False
Dasypus_pilosus,DD,DD,675,696,0.882824475623776,0.882824475623776,0,0,False
Budorcas_taxicolor,VU,VU,676,697,0.882462162833046,0.88246216285372,1,1,False
Crocidura_batakorum,DD,DD,677,698,0.881118887641152,0.881118887641152,0,0,False
Dolichotis_patagonum,NT,NT,678,699,0.880158299385167,0.880158299385167,0,0,False
Bos_javanicus,CR,CR,680,700,0.878727346084486,0.878727346084486,0,0,False
Pteropus_subniger,EX,EX,679,701,0.879555914204672,0.878575486035491,0,0,False
Styloctenium_mindorensis,DD,EN,1772,702,0.318561711876939,0.877994441583784,0,1,True
Niviventer_hinpoon,EN,EN,681,703,0.876600452345408,0.876600452345408,1,1,False
Rhinophylla_alethina,NT,NT,682,704,0.874731085454704,0.874731085454704,0,0,False
Tarsius_syrichta,NT,NT,683,705,0.873876412764017,0.873876412764017,0,0,False
Congosorex_polli,DD,DD,684,706,0.872367538685447,0.872367538685447,0,0,False
Presbytis_thomasi,VU,VU,685,707,0.872283742218973,0.872283742218973,1,1,False
Acerodon_humilis,EN,EN,686,708,0.870069069858966,0.870069069858966,1,1,False
Callicebus_olallae,CR,CR,694,709,0.860887643248586,0.868291299825709,0,0,False
Phalanger_alexandrae,EN,EN,687,710,0.867079260178383,0.867079260178383,1,1,False
Callicebus_vieirai,DD,CR,2870,711,0.179047517022037,0.865236474987065,0,0,True
Zyzomys_pedunculatus,CR,CR,688,712,0.865146436308826,0.865146436308826,0,0,False
Syntheosciurus_brochus,DD,DD,691,713,0.863493490385906,0.865029214825682,0,0,False
Tupaia_dorsalis,DD,DD,689,714,0.864421890808276,0.864421890808276,0,0,False
Lutra_sumatrana,EN,EN,690,715,0.864063105645501,0.863791845604343,1,1,False
Cansumys_canus,LC,LC,692,716,0.863016491895641,0.863016491895641,0,0,False
Otomys_burtoni,EN,EN,693,717,0.861887748109065,0.861887748109065,1,1,False
Elephantulus_fuscus,DD,DD,696,718,0.860028391436558,0.860028391436558,0,0,False
Balaenoptera_musculus,EN,EN,697,719,0.859186397019082,0.859186397019082,1,1,False
Nesolagus_netscheri,DD,DD,698,720,0.858718747329181,0.858718747329181,0,0,False
Elephantulus_revoilii,DD,DD,699,721,0.85841435362245,0.85841435362245,0,0,False
Macaca_munzala,EN,EN,700,722,0.858267189476292,0.858267189476292,1,1,False
Viverra_civettina,CR,CR,701,723,0.857741124784931,0.857741124784931,0,0,False
Sundasciurus_hippurus,NT,NT,702,724,0.857398781510126,0.857398781510126,0,0,False
Caenolestes_sangay,VU,VU,737,725,0.825305104999119,0.85728681595695,1,1,False
Sminthopsis_douglasi,NT,NT,704,726,0.854974290551423,0.854974290551423,0,0,False
Mesoplodon_perrini,EN,EN,706,727,0.853532362469405,0.854855829290042,1,1,False
Saguinus_oedipus,CR,CR,705,728,0.853889048285733,0.853889049388034,0,0,False
Spermophilopsis_leptodactylus,LC,LC,707,729,0.852896496837611,0.852896496837611,0,0,False
Axis_porcinus,EN,EN,708,730,0.852594059110301,0.852594059110301,0,0,False
Eliurus_petteri,EN,EN,709,731,0.851040012851867,0.851040012851867,1,1,False
Procolobus_verus,VU,VU,1415,732,0.420373048567735,0.850861225676707,1,1,False
Hylopetes_sipora,EN,EN,710,733,0.850579547339518,0.850579547339518,1,1,False
Zyzomys_palatalis,CR,CR,711,734,0.850432959060045,0.850432959060045,0,0,False
Hipposideros_marisae,VU,VU,712,735,0.847021782936853,0.847021782936853,1,1,False
Capra_walie,VU,CR,2496,736,0.213800916704272,0.846866681353046,0,0,True
Hippocamelus_bisulcus,EN,EN,713,737,0.846335096805875,0.845804119420933,1,1,False
Elephantulus_pilicaudus,DD,DD,715,738,0.84429531803132,0.84429531803132,0,0,False
Tonatia_bidens,DD,DD,588,739,0.968690615858301,0.844237103109188,0,0,False
Procyon_pygmaeus,CR,CR,716,740,0.844137086364269,0.844137086364284,0,0,False
Saiga_tatarica,NT,NT,717,741,0.843913108717312,0.843913108717318,0,0,False
Notomys_macrotis,EX,EX,718,742,0.842506515426583,0.842506515426583,0,0,False
Deomys_ferrugineus,LC,LC,719,743,0.842108781933144,0.842108781933144,0,0,False
Microgale_monticola,VU,VU,720,744,0.84143395724869,0.84143395724869,1,1,False
Callicebus_caquetensis,DD,CR,2850,745,0.180618504894138,0.839939005887068,0,0,True
Crateromys_schadenbergi,EN,EN,721,746,0.839632960089211,0.839632960089211,0,0,False
Biswamoyopterus_laoensis,DD,DD,722,747,0.839365219352786,0.839365219352786,0,0,False
Taphozous_hildegardeae,EN,EN,723,748,0.839250639106938,0.839250639106938,0,0,False
Meriones_dahli,CR,CR,657,749,0.898043477558275,0.838891723775602,0,0,False
Urocitellus_brunneus,EN,EN,724,750,0.838562411858861,0.838562411858861,0,0,False
Metachirus_nudicaudatus,LC,LC,726,751,0.836238385842328,0.836238385842328,0,0,False
Exilisciurus_exilis,DD,DD,727,752,0.8359303538457,0.8359303538457,0,0,False
Lophocebus_aterrimus,VU,VU,728,753,0.834488357187785,0.834488357187785,1,1,False
Archboldomys_luzonensis,VU,VU,729,754,0.832949209253331,0.832949209253331,1,1,False
Thylamys_tatei,DD,DD,751,755,0.809549316615706,0.830244232245644,0,0,False
Neotoma_nelsoni,CR,CR,730,756,0.828791946993916,0.828791946993916,0,0,False
Spalax_graecus,VU,VU,731,757,0.828632017804927,0.828632017804927,1,1,False
Colobus_vellerosus,CR,CR,733,758,0.828501067494403,0.828578761360149,0,0,False
Crateromys_australis,EN,EN,734,759,0.827199526678179,0.827199526678179,0,0,False
Lepilemur_ankaranensis,EN,EN,735,760,0.826708966264811,0.826708966264811,0,0,False
Miniopterus_schreibersii,VU,VU,714,761,0.846131024753472,0.826367212197912,1,1,False
Ratufa_macroura,NT,NT,736,762,0.825352344601135,0.825352344601135,0,0,False
Pseudomys_glaucus,EX,EX,732,763,0.828542825414753,0.823882151977509,0,0,False
Brachytarsomys_villosa,VU,VU,739,764,0.821783880646021,0.821783880646021,1,1,False
Molossops_aequatorianus,EN,EN,740,765,0.821533287302027,0.821533319174299,0,0,False
Callicebus_barbarabrownae,CR,CR,738,766,0.822482673195022,0.821340138805665,0,0,False
Zaedyus_pichiy,NT,NT,741,767,0.821358922535516,0.821094945698583,0,0,False
Crateromys_heaneyi,EN,EN,742,768,0.819706086153564,0.819706086153564,0,0,False
Spalax_zemni,EN,EN,743,769,0.819233965274336,0.819233965274336,0,0,False
Vampyressa_melissa,VU,VU,744,770,0.819027343104467,0.819027343104467,1,1,False
Macaca_nemestrina,EN,EN,745,771,0.815810277672647,0.815810277672647,0,0,False
Mandrillus_sphinx,VU,VU,746,772,0.815561994486295,0.815561994486295,1,1,False
Lepilemur_mittermeieri,EN,EN,747,773,0.811435363934354,0.811435363934354,0,0,False
Macaca_silenus,EN,EN,748,774,0.811074041133578,0.811074041133578,0,0,False
Dendrolagus_dorianus,VU,VU,749,775,0.810553022432109,0.810553022432109,1,1,False
Marmota_sibirica,EN,EN,750,776,0.809588606781651,0.809588606781651,0,0,False
Xeromys_myoides,VU,VU,752,777,0.80854077029676,0.80854077029676,1,1,False
Waiomys_mamasae,DD,DD,754,778,0.807980026937673,0.807980026937673,0,0,False
Maxomys_ochraceiventer,DD,DD,755,779,0.805006223626819,0.805006223626803,0,0,False
Moschus_chrysogaster,EN,EN,756,780,0.80455960984946,0.80455960984946,0,0,False
Gazella_spekei,EN,EN,794,781,0.753444236879903,0.803800324791477,0,0,False
Trichys_fasciculata,LC,LC,757,782,0.802570466010734,0.802570466010734,0,0,False
Peromyscus_ochraventer,EN,VU,333,783,1.57981320698629,0.798207293795851,1,1,True
Ctenomys_osvaldoreigi,CR,CR,778,784,0.767333440327833,0.796910257158829,0,0,False
Myonycteris_brachycephala,EN,EN,758,785,0.796766453155225,0.796766453155225,0,0,False
Callicebus_oenanthe,CR,CR,753,786,0.808007193119297,0.796318583439661,0,0,False
Episoriculus_fumidus,LC,LC,759,787,0.796167639097189,0.796167639097189,0,0,False
Spalax_arenarius,EN,EN,761,788,0.793169525694851,0.793169525694851,0,0,False
Eremoryzomys_polius,DD,DD,762,789,0.792998337494165,0.790615223858635,0,0,False
Myosciurus_pumilio,LC,LC,763,790,0.785627643036612,0.785627643036612,0,0,False
Prionailurus_planiceps,EN,EN,764,791,0.785541948378602,0.785541948378602,0,0,False
Natalus_jamaicensis,CR,CR,760,792,0.793535870777578,0.783453257482369,0,0,False
Arctonyx_collaris,VU,VU,765,793,0.783387980364415,0.783387980364415,1,1,False
Aotus_zonalis,NT,NT,799,794,0.75144930495439,0.78265042588904,0,0,False
Megaerops_kusnotoi,VU,VU,766,795,0.781727256534919,0.781727256534919,1,1,False
Otomys_cheesmani,CR,CR,767,796,0.781165684056028,0.781165684056028,0,0,False
Ectophylla_alba,NT,NT,768,797,0.779482115166009,0.779482115166009,0,0,False
Musonycteris_harrisoni,VU,VU,769,798,0.774223874316139,0.774223874316139,1,1,False
Arctodus_simus,DD,DD,770,799,0.772457047129558,0.772457047129558,0,0,False
Pseudochirops_coronatus,VU,VU,771,800,0.770966477819419,0.770966477819419,1,1,False
Phascogale_pirata,VU,VU,773,801,0.76875126621652,0.76875126621652,1,1,False
Rhinolophus_cognatus,EN,EN,777,802,0.767738040790203,0.768746491639475,0,0,False
Perameles_gunnii,VU,VU,774,803,0.768339401422183,0.768339401422183,1,1,False
Ochrotomys_nuttalli,LC,LC,775,804,0.768332768985357,0.768332768985357,0,0,False
Trachypithecus_francoisi,EN,EN,776,805,0.768133703777108,0.768133703777108,0,0,False
Ctenomys_sociabilis,CR,CR,782,806,0.763010591697512,0.766291284051564,0,0,False
Thylamys_venustus,DD,DD,772,807,0.769988323011561,0.766052374582582,0,0,False
Hylobates_muelleri,EN,EN,779,808,0.765726247283696,0.765726247283696,0,0,False
Peromyscus_winkelmanni,EN,EN,780,809,0.764819975489922,0.764819975489289,0,0,False
Spermophilus_citellus,EN,EN,781,810,0.763630694847674,0.763630694847674,0,0,False
Ctenomys_peruanus,LC,CR,5475,811,0.0385123765237775,0.763111712190289,0,0,True
Tragelaphus_imberbis,NT,NT,783,812,0.762691818276983,0.762691818276983,0,0,False
Megasorex_gigas,LC,LC,785,813,0.761623023798422,0.761623023798422,0,0,False
Dasyurus_maculatus,NT,NT,786,814,0.758558308231434,0.758558308231434,0,0,False
Moschus_fuscus,EN,EN,787,815,0.758397231825561,0.758397231825561,0,0,False
Proedromys_liangshanensis,DD,DD,789,816,0.755828245759664,0.757794252474915,0,0,False
Dyacopterus_brooksi,VU,VU,788,817,0.756041265065932,0.756041265065932,1,1,False
Myotis_montivagus,DD,DD,800,818,0.750593112951384,0.755480437117735,0,0,False
Hipposideros_demissus,EN,EN,790,819,0.754693703657353,0.754693703657353,0,0,False
Peromyscus_stephani,CR,CR,795,820,0.752854727823612,0.754143268925592,0,0,False
Mustela_lutreola,CR,CR,793,821,0.753712628745664,0.753712628745664,0,0,False
Cercartetus_caudatus,LC,LC,797,822,0.752680371274611,0.752680371274611,0,0,False
Moschus_leucogaster,EN,EN,798,823,0.75234982612591,0.75234982612591,0,0,False
Petrogale_coenensis,EN,EN,802,824,0.747725885689833,0.747725885689833,0,0,False
Styloctenium_wallacei,NT,NT,1913,825,0.292888181556382,0.747251154978557,0,0,False
Kerodon_acrobata,DD,DD,803,826,0.742097160036647,0.742097160036647,0,0,False
Conilurus_penicillatus,VU,VU,804,827,0.741338823699569,0.741338823699569,1,1,False
Cebus_kaapori,CR,CR,806,828,0.740134065767733,0.740134065767733,0,0,False
Tayassu_pecari,VU,VU,807,829,0.740034836898743,0.740034836898745,1,1,False
Eulemur_collaris,EN,EN,808,830,0.738861226271543,0.738861226271543,0,0,False
Selevinia_betpakdalaensis,DD,DD,809,831,0.737765646640673,0.737765646640673,0,0,False
Antilocapra_americana,LC,LC,810,832,0.737690218854828,0.737690218854828,0,0,False
Tympanoctomys_loschalchalerosorum,CR,CR,811,833,0.736615645859733,0.736615645859733,0,0,False
Rucervus_duvaucelii,VU,VU,812,834,0.73624197885852,0.73624197885852,1,1,False
Presbytis_frontata,VU,VU,813,835,0.735479161525181,0.735479161525181,1,1,False
Phascogale_tapoatafa,NT,NT,814,836,0.734227661265568,0.734227661265568,0,0,False
Pteropus_lombocensis,DD,DD,805,837,0.740424479508674,0.732079105198497,0,0,False
Ammodorcas_clarkei,VU,VU,818,838,0.731617776180693,0.731617776180693,1,1,False
Chrysochloris_visagiei,DD,DD,819,839,0.731094754363508,0.731094754363508,0,0,False
Pteropus_nitendiensis,EN,EN,816,840,0.731965518227427,0.730902784405908,0,0,False
Blastocerus_dichotomus,VU,VU,815,841,0.733518146816314,0.730252948356971,1,1,False
Pteropus_poliocephalus,VU,VU,817,842,0.731875939090102,0.729909525674762,1,1,False
Lagostomus_maximus,LC,LC,3458,843,0.134951013208953,0.729496772258672,0,0,False
Hyemoschus_aquaticus,LC,LC,820,844,0.729405255180914,0.729405255180914,0,0,False
Parascalops_breweri,LC,LC,821,845,0.72887338166256,0.72887338166256,0,0,False
Cercocebus_sanjei,EN,EN,822,846,0.728108021585303,0.728108021585303,0,0,False
Potos_flavus,LC,LC,823,847,0.727047999691716,0.727047999691716,0,0,False
Macroscelides_micus,LC,LC,824,848,0.726659607547549,0.726659607547549,0,0,False
Barbastella_barbastellus,NT,NT,825,849,0.726599033233799,0.726599033233799,0,0,False
Paraleptomys_rufilatus,EN,EN,826,850,0.726395383903533,0.726395383903533,0,0,False
Equus_ferus,EN,EN,827,851,0.725683328491835,0.725683328491835,0,0,False
Crocidura_rhoditis,VU,VU,828,852,0.725577156459827,0.725577156459827,1,1,False
Rattus_nativitatis,EX,EX,830,853,0.725279118777369,0.725279118777369,0,0,False
Rattus_nikenii,CR,CR,831,854,0.724014072240632,0.724014072240632,0,0,False
Elaphodus_cephalophus,NT,NT,833,855,0.720709062616761,0.720709062616761,0,0,False
Volemys_musseri,DD,DD,829,856,0.725279757291964,0.719810546817536,0,0,False
Glis_glis,LC,LC,834,857,0.719806004744869,0.719806004744869,0,0,False
Gazella_bilkis,VU,EX,3074,858,0.162498760933764,0.719770733712538,0,0,True
Acinonyx_jubatus,VU,VU,837,859,0.718409975843454,0.718607231700046,1,1,False
Chaetocauda_sichuanensis,DD,DD,838,860,0.718277503274999,0.718277503274999,0,0,False
Mesocapromys_auritus,EN,EN,839,861,0.718012707827249,0.718012707827249,0,0,False
Hadromys_humei,EN,EN,840,862,0.71633089694997,0.71663494530597,0,0,False
Elephantulus_edwardii,LC,LC,841,863,0.716329253541677,0.716329253541677,0,0,False
Xerospermophilus_perotensis,EN,EN,842,864,0.715862242264354,0.715862242264354,0,0,False
Hipposideros_curtus,EN,EN,844,865,0.714578508465215,0.714578508465215,0,0,False
Eptesicus_dimissus,DD,DD,846,866,0.712986640581998,0.71426482664631,0,0,False
Camelus_dromedarius,NE,DD,1015,867,0.601681694874639,0.713991448824735,0,0,True
Thylogale_calabyi,EN,EN,872,868,0.695711578333252,0.713709506346014,0,0,False
Toromys_rhipidurus,DD,DD,845,869,0.713457586234678,0.713457586234678,0,0,False
Moschus_cupreus,EN,EN,847,870,0.71260885619935,0.71260885619935,0,0,False
Rattus_macleari,EX,EX,848,871,0.712526844394538,0.712526844394538,0,0,False
Nasuella_meridensis,DD,EN,2061,872,0.270549741219762,0.712232421835741,0,0,True
Podogymnura_aureospinula,EN,EN,849,873,0.712010538809484,0.71200615425562,0,0,False
Glirulus_japonicus,LC,LC,850,874,0.711406021867825,0.711406021867825,0,0,False
Phascogale_calura,NT,NT,851,875,0.710132717363041,0.710132717363041,0,0,False
Bos_gaurus,VU,VU,852,876,0.710103066853419,0.710103066853419,1,1,False
Bettongia_lesueur,NT,NT,885,877,0.685367967787435,0.709960463731601,0,0,False
Pseudocheirus_peregrinus,LC,LC,854,878,0.709237546231739,0.709237546231739,0,0,False
Pteropus_tuberculatus,EN,EN,853,879,0.709697631332084,0.708834515214172,0,0,False
Amphinectomys_savamis,DD,DD,855,880,0.708795746967382,0.708795746967382,0,0,False
Calomyscus_tsolovi,DD,DD,856,881,0.708675518792286,0.708675518792286,0,0,False
Oligoryzomys_victus,EX,EX,857,882,0.706813637140168,0.706813637140168,0,0,False
Dendrolagus_stellarum,VU,VU,860,883,0.704515574589768,0.704515574589768,1,1,False
Oryx_dammah,EN,EN,861,884,0.704065539360632,0.704065539360632,0,0,False
Sminthopsis_longicaudata,LC,LC,862,885,0.703437247278516,0.703437247278516,0,0,False
Elephantulus_myurus,LC,LC,863,886,0.703341378390167,0.703341378390167,0,0,False
Thylamys_macrurus,NT,NT,858,887,0.706417415539051,0.703099683469177,0,0,False
Sus_cebifrons,CR,CR,909,888,0.670618484047551,0.702887102725199,0,0,False
Oryzorictes_hova,LC,LC,865,889,0.701235502283504,0.701235502283504,0,0,False
Pteropus_livingstonii,EN,EN,868,890,0.698837773337508,0.69687981469914,0,0,False
Ochotona_hoffmanni,EN,EN,869,891,0.696773914619701,0.696773914619701,0,0,False
Moschus_anhuiensis,EN,EN,870,892,0.696673774958681,0.696673774958681,0,0,False
Moschus_berezovskii,EN,EN,871,893,0.696540340015488,0.696540340015488,0,0,False
Antechinomys_laniger,LC,LC,873,894,0.695652823022339,0.695652823022339,0,0,False
Myosorex_jejei,NT,NT,874,895,0.695572979927882,0.695572979927882,0,0,False
Hydropotes_inermis,VU,VU,875,896,0.694652494442734,0.694652494442734,1,1,False
Sicista_kazbegica,VU,VU,876,897,0.693919036773048,0.693919036773048,1,1,False
Cryptotis_aroensis,EN,EN,843,898,0.715196270565403,0.693563124491862,0,0,False
Callithrix_flaviceps,CR,CR,877,899,0.693530262953034,0.693530262953034,0,0,False
Mastomys_pernanus,DD,DD,878,900,0.692590379435244,0.692590379435244,0,0,False
Pteropus_capistratus,VU,VU,880,901,0.689836524990981,0.691763049973688,1,1,False
Galenomys_garleppi,DD,DD,879,902,0.691304801797452,0.691304801797452,0,0,False
Caracal_aurata,DD,VU,1136,903,0.52913835579098,0.690568095775484,0,1,True
Onychogalea_fraenata,VU,VU,881,904,0.688925632656305,0.688925632656305,1,1,False
Naemorhedus_baileyi,VU,VU,882,905,0.688296169881558,0.688296169881558,1,1,False
Oreoryzomys_balneator,DD,DD,884,906,0.686245946920704,0.686245946920704,0,0,False
Mormopterus_acetabulosus,EN,EN,835,907,0.719371847225202,0.6855987900419,0,0,False
Macaca_maura,EN,EN,886,908,0.68512777103382,0.68512777103382,0,0,False
Pseudochirops_albertisii,NT,NT,888,909,0.683193449025647,0.683193449025647,0,0,False
Cryptotis_oreoryctes,EN,EN,859,910,0.705476296960497,0.682683071965895,0,0,False
Kerivoula_picta,NT,NT,889,911,0.681384304851739,0.681384304851739,0,0,False
Crocidura_telfordi,VU,VU,890,912,0.680400288774443,0.680400288774443,1,1,False
Hylobates_klossii,EN,EN,891,913,0.680334092003314,0.680334092003314,0,0,False
Hylobates_moloch,EN,EN,892,914,0.680280143993073,0.680280143993073,0,0,False
Sigmodontomys_aphrastus,DD,DD,893,915,0.678935500882389,0.678935500882389,0,0,False
Hoolock_leuconedys,VU,VU,896,916,0.676482938552431,0.676482938552431,1,1,False
Batomys_russatus,EN,EN,897,917,0.676243710497444,0.676243710497444,0,0,False
Gazella_saudiya,VU,EX,3133,918,0.15800191897271,0.675762032812418,0,0,True
Euchoreutes_naso,LC,LC,899,919,0.675405026478671,0.675405026478671,0,0,False
Orcinus_orca,DD,DD,900,920,0.67485887419007,0.67485887419007,0,0,False
Crocidura_mdumai,EN,EN,901,921,0.674809856669001,0.674809856668995,0,0,False
Juliomys_ossitenuis,NE,DD,903,922,0.673424163368199,0.673424163368199,0,0,True
Mesoplodon_traversii,DD,DD,904,923,0.672473179408536,0.672473179408536,0,0,False
Micronycteris_brosseti,DD,DD,905,924,0.672444451464115,0.672444451464115,0,0,False
Eonycteris_robusta,VU,VU,906,925,0.672363890062262,0.672363890062262,1,1,False
Solomys_ponceleti,CR,CR,907,926,0.672211860621599,0.672211860621599,0,0,False
Crocidura_wimmeri,VU,VU,910,927,0.670502093319068,0.670502093319068,1,1,False
Heteromys_oasicus,EN,EN,912,928,0.669825383382054,0.669825383382054,0,0,False
Paraxerus_vincenti,EN,EN,913,929,0.669626405210958,0.669626405210958,0,0,False
Erignathus_barbatus,NT,NT,914,930,0.669292980866966,0.669292980866966,0,0,False
Notopteris_macdonaldi,VU,VU,915,931,0.669292888507441,0.669292888507441,1,1,False
Crocidura_sokolovi,NT,NT,916,932,0.669269758276319,0.669269758276319,0,0,False
Cryptotis_endersi,EN,EN,866,933,0.699996874192344,0.668491615864415,0,0,False
Heliophobius_argenteocinereus,LC,LC,917,934,0.667426023988579,0.667426023988579,0,0,False
Hipposideros_doriae,NT,NT,918,935,0.667099674221395,0.667099674221395,0,0,False
Hylobates_albibarbis,EN,EN,919,936,0.666252106473626,0.666252106473626,0,0,False
Cryptotis_mera,EN,EN,895,937,0.677223971329993,0.665505888771085,0,0,False
Eidolon_helvum,NT,NT,921,938,0.665089195816769,0.665089195816769,0,0,False
Crocidura_orii,EN,EN,908,939,0.672147693087889,0.664955071499635,0,0,False
Calomyscus_grandis,DD,DD,922,940,0.664025369721284,0.664025369721284,0,0,False
Cryptotis_griseoventris,EN,EN,883,941,0.686634593510218,0.663710892071004,0,0,False
Petaurista_lena,NE,DD,887,942,0.684945685613711,0.66318097150458,0,0,True
Galea_musteloides,DD,DD,923,943,0.662590850994331,0.662590850994331,0,0,False
Nyctophilus_nebulosus,CR,CR,924,944,0.662445969047836,0.662445969046834,0,0,False
Lagidium_ahuacaense,DD,DD,920,945,0.66553660240452,0.662149078008059,0,0,False
Trachypithecus_obscurus,EN,EN,925,946,0.661431474410325,0.661431474410325,0,0,False
Uromys_rex,EN,EN,926,947,0.661154083735677,0.661154083735677,0,0,False
Tadarida_latouchei,EN,EN,898,948,0.67605474072645,0.659100505457176,0,0,False
Hylobates_agilis,EN,EN,928,949,0.658239361987941,0.658239361987941,0,0,False
Microcebus_margotmarshae,EN,EN,990,950,0.619211190133781,0.657711337179601,0,0,False
Hsunycteris_thomasi,LC,DD,2820,951,0.182705276994705,0.657633717625329,0,0,True
Cryptonanus_unduaviensis,DD,DD,1102,952,0.549887023556337,0.657173791885776,0,0,False
Chalinolobus_neocaledonicus,EN,EN,894,953,0.678870647926318,0.656369849685452,0,0,False
Crocidura_musseri,VU,VU,929,954,0.65542367142976,0.65542367142976,1,1,False
Ochotona_argentata,EN,EN,930,955,0.654927719090191,0.654927719090191,0,0,False
Hsunycteris_cadenai,DD,DD,1139,956,0.526532372102321,0.654501508541153,0,0,False
Soriculus_nigrescens,LC,LC,931,957,0.654353336710321,0.654353336159878,0,0,False
Procolobus_gordonorum,DD,VU,2035,958,0.273621252699404,0.653010449465,0,1,True
Scleronycteris_ega,DD,DD,933,959,0.652821488757622,0.652821488757622,0,0,False
Hylomyscus_grandis,EN,EN,934,960,0.652729613726618,0.652729613726618,0,0,False
Hipposideros_sorenseni,EN,EN,936,961,0.652035293631448,0.652035293631448,0,0,False
Myotis_dasycneme,NT,NT,940,962,0.648783704147921,0.651782119112337,0,0,False
Olallamys_edax,DD,DD,938,963,0.65168806344368,0.65168806344368,0,0,False
Pteropus_molossinus,EN,EN,932,964,0.65357966669139,0.651503457576633,0,0,False
Crocidura_raineyi,EN,EN,937,965,0.651871443605941,0.650457643104527,0,0,False
Pteropus_pelagicus,EN,EN,935,966,0.652268019507254,0.650269750155382,0,0,False
Dendrolagus_ursinus,VU,VU,939,967,0.649043810816078,0.649043810816078,1,1,False
Dactylomys_peruanus,DD,DD,941,968,0.648696979775146,0.648696979775146,0,0,False
Ctenomys_tuconax,DD,DD,980,969,0.624153793250105,0.648023100014912,0,0,False
Chilonatalus_tumidifrons,NT,NT,942,970,0.647147844957189,0.647147844978546,0,0,False
Salpingotulus_michaelis,DD,DD,943,971,0.646982730180181,0.646982730180181,0,0,False
Sus_bucculentus,LC,EX,5567,972,0.0355402619920111,0.645815138570091,0,0,True
Microcebus_mamiratra,EN,EN,1042,973,0.589424233568144,0.645761784823488,0,0,False
Tatera_indica,LC,LC,945,974,0.644294287289565,0.644294287289565,0,0,False
Wiedomys_cerradensis,DD,DD,946,975,0.643340152132554,0.643340152132554,0,0,False
Macropus_parma,VU,VU,948,976,0.641958167267163,0.641958167267163,1,1,False
Mazama_pandora,VU,VU,944,977,0.645795611463264,0.641281767632735,1,1,False
Crocidura_thomensis,EN,EN,947,978,0.642953759974771,0.640448884055147,0,0,False
Lagorchestes_hirsutus,NT,NT,950,979,0.640274479901152,0.640274479901152,0,0,False
Archboldomys_maximus,DD,DD,951,980,0.639946134950586,0.639946134950586,0,0,False
Mesocricetus_auratus,EN,EN,952,981,0.638787645466217,0.638767059449947,0,0,False
Cheirogaleus_minusculus,NE,DD,953,982,0.638563232327346,0.638563232327379,0,0,True
Phyllomys_thomasi,EN,EN,954,983,0.638534326699315,0.638534326699315,0,0,False
Pogonomys_fergussoniensis,EN,EN,955,984,0.63817949492705,0.63817949492705,0,0,False
Lestoros_inca,LC,LC,956,985,0.637234710637594,0.637248531268425,0,0,False
Psammomys_vexillaris,DD,DD,957,986,0.637196902956314,0.637196902956313,0,0,False
Thrichomys_apereoides,LC,LC,958,987,0.635994352501365,0.635994352501365,0,0,False
Avahi_meridionalis,EN,EN,959,988,0.634763734169996,0.634763734169996,0,0,False
Petaurus_australis,VU,VU,960,989,0.634369850794706,0.634369850794706,1,1,False
Crocidura_phuquocensis,VU,VU,962,990,0.634252047318737,0.634252047318343,1,1,False
Hsunycteris_pattoni,DD,DD,1159,991,0.515845329484171,0.634193563102203,0,0,False
Monodelphis_emiliae,LC,LC,1004,992,0.6117895676195,0.632981714074881,0,0,False
Avahi_betsileo,EN,EN,963,993,0.63258007739093,0.63258007739093,0,0,False
Desmomys_yaldeni,VU,EN,1889,994,0.297407616473492,0.631787445939741,0,0,True
Dryadonycteris_capixaba,DD,DD,965,995,0.631422247469519,0.631422247469519,0,0,False
Trichechus_manatus,VU,VU,966,996,0.631083197359329,0.631083197359329,1,1,False
Chacodelphys_formosa,NT,NT,967,997,0.630175218167354,0.630175218167354,0,0,False
Eptesicus_guadeloupensis,NE,EN,2093,998,0.266170030155911,0.628658175581314,0,0,True
Galagoides_rondoensis,DD,EN,1747,999,0.325743075724211,0.628641783752046,0,0,True
Zenkerella_insignis,LC,LC,968,1000,0.628495836816231,0.628495836816231,0,0,False
Microcebus_jollyae,EN,EN,1028,1001,0.595672542322697,0.628289409295807,0,0,False
Tragelaphus_buxtoni,EN,EN,969,1002,0.628081921472532,0.628081921472532,0,0,False
Eulemur_rubriventer,VU,VU,970,1003,0.627785376375391,0.627785376375391,1,1,False
Cercopithecus_dryas,EN,EN,971,1004,0.627784618084546,0.627784618084546,0,0,False
Ningaui_yvonneae,LC,LC,972,1005,0.627501827142508,0.627501827142508,0,0,False
Kerivoula_agnella,EN,EN,974,1006,0.626484907494473,0.626484907494473,0,0,False
Zalophus_japonicus,EX,EX,975,1007,0.625553240374008,0.62555324037718,0,0,False
Megaderma_spasma,LC,LC,977,1008,0.625325751517963,0.625325751532597,0,0,False
Petrogale_xanthopus,NT,NT,978,1009,0.624812363286901,0.624812363286901,0,0,False
Lonchophylla_bokermanni,EN,EN,979,1010,0.624496256057188,0.6244962560572,0,0,False
Cercopithecus_erythrogaster,EN,EN,981,1011,0.624074198978014,0.624074198978014,0,0,False
Tragulus_nigricans,EN,EN,982,1012,0.623472086414792,0.623472086414792,0,0,False
Muscardinus_avellanarius,LC,LC,983,1013,0.623329474248353,0.623329474248353,0,0,False
Dipodomys_elator,VU,VU,984,1014,0.623314678591068,0.623314678591068,1,1,False
Crocidura_macowi,EN,EN,985,1015,0.623254963683621,0.623221809259074,0,0,False
Mogera_etigo,EN,EN,986,1016,0.622044640622699,0.622044640622699,0,0,False
Scutisorex_thori,DD,DD,987,1017,0.621968458389426,0.621968458389426,0,0,False
Avahi_mooreorum,EN,EN,989,1018,0.619901594595795,0.619901594595795,0,0,False
Oryzomys_curasoae,EN,EN,991,1019,0.618561605458856,0.618561605458856,0,0,False
Caluromysiops_irrupta,LC,LC,992,1020,0.618547695536678,0.618547695536678,0,0,False
Moschus_moschiferus,VU,VU,993,1021,0.618225837472727,0.618225837472727,1,1,False
Taxidea_taxus,LC,LC,994,1022,0.617045349875046,0.617045349875046,0,0,False
Olallamys_albicauda,DD,DD,995,1023,0.616446314727257,0.616446314727257,0,0,False
Nyctophilus_howensis,EX,EX,996,1024,0.615688273039473,0.615688273039404,0,0,False
Melursus_ursinus,VU,VU,997,1025,0.615177436087231,0.615177436087231,1,1,False
Sphaerias_blanfordi,LC,LC,998,1026,0.615026048048229,0.615026048048229,0,0,False
Hipposideros_halophyllus,VU,VU,999,1027,0.614801700516349,0.614801700516349,1,1,False
Litocranius_walleri,NT,NT,1000,1028,0.614298369479276,0.61429836947928,0,0,False
Dendromus_lachaisei,VU,VU,988,1029,0.62025335133306,0.614222924236757,1,1,False
Megaerops_wetmorei,NT,NT,1001,1030,0.614027543765432,0.614027543765432,0,0,False
Dendrolagus_spadix,VU,VU,1002,1031,0.613352804324708,0.613352804324708,1,1,False
Chironectes_minimus,LC,LC,1003,1032,0.611834425457186,0.611834425457186,0,0,False
Macaca_sinica,EN,EN,1006,1033,0.608037511155137,0.608037511155137,0,0,False
Drymoreomys_albimaculatus,NT,NT,1005,1034,0.609980548101327,0.607935717497427,0,0,False
Spilocuscus_papuensis,VU,VU,1007,1035,0.607774406938284,0.607774406938284,1,1,False
Ctenomys_rionegrensis,EN,EN,1039,1036,0.590721126714484,0.607649351102737,0,0,False
Rhogeessa_mira,VU,VU,1008,1037,0.607595290942701,0.60759529094271,1,1,False
Coelops_robinsoni,VU,VU,911,1038,0.670104671441032,0.606101283900822,1,1,False
Rousettus_linduensis,DD,DD,1025,1039,0.59702325454337,0.605812883470081,0,0,False
Galeopterus_variegatus,LC,LC,1010,1040,0.605283939614283,0.605283939614283,0,0,False
Kerivoula_africana,EN,EN,1011,1041,0.604933077676511,0.604933077676511,0,0,False
Peromyscus_madrensis,EN,EN,1009,1042,0.606760287656204,0.604726128123306,0,0,False
Murina_walstoni,DD,DD,1012,1043,0.604674889595339,0.604674889595339,0,0,False
Cardioderma_cor,LC,LC,1016,1044,0.601362250754005,0.601362250754639,0,0,False
Crocidura_picea,EN,EN,1017,1045,0.60117308906696,0.60117308906696,0,0,False
Crocidura_phaeura,EN,EN,1013,1046,0.603264132079054,0.600524637043051,0,0,False
Cynocephalus_volans,LC,LC,1019,1047,0.599983427588354,0.599983427588354,0,0,False
Trachypithecus_germaini,EN,EN,1020,1048,0.599421643495109,0.599421643495109,0,0,False
Hippocamelus_antisensis,VU,VU,1014,1049,0.60192755117359,0.599026908815254,1,1,False
Euroscaptor_parvidens,DD,NT,801,1050,0.748501965322776,0.598702079061173,0,0,True
Hemigalus_derbyanus,NT,NT,1021,1051,0.598542196225307,0.598542196225307,0,0,False
Lonchophylla_dekeyseri,EN,EN,1022,1052,0.597908134083092,0.597908134083092,0,0,False
Acerodon_celebensis,VU,VU,1023,1053,0.597509714658765,0.597509714658765,1,1,False
Equus_zebra,VU,VU,1024,1054,0.597102597153005,0.597102597153005,1,1,False
Axis_calamianensis,EN,EN,1029,1055,0.595554948179201,0.595554948179201,0,0,False
Sorex_mirabilis,DD,DD,1018,1056,0.60016272086539,0.595134325559264,0,0,False
Babyrousa_togeanensis,EN,EN,1030,1057,0.59477581194882,0.59477581195043,0,0,False
Megaderma_lyra,LC,LC,1031,1058,0.594759520318056,0.594759520318687,0,0,False
Alouatta_pigra,EN,EN,1037,1059,0.591937996091154,0.593937406893484,0,0,False
Tupaia_chrysogaster,VU,VU,1032,1060,0.593762902848634,0.593762902848634,1,1,False
Ochotona_iliensis,EN,EN,1033,1061,0.593155195609799,0.593155195609799,0,0,False
Colobus_angolensis,VU,VU,1034,1062,0.592969024739129,0.593001043108432,1,1,False
Saxatilomys_paulinae,DD,DD,1038,1063,0.591093806138935,0.591093806138935,0,0,False
Mogera_kanoana,NE,DD,1040,1064,0.590692012720155,0.590692012720155,0,0,True
Pteropus_ornatus,VU,VU,1036,1065,0.592194772400292,0.589408045928523,1,1,False
Tapirus_pinchaque,EN,EN,1043,1066,0.589249068174809,0.589249068174809,0,0,False
Euryoryzomys_emmonsae,DD,DD,1044,1067,0.588569656126326,0.588569656126326,0,0,False
Ratufa_affinis,NT,NT,1045,1068,0.587899954023714,0.587899954023714,0,0,False
Rhinolophus_chaseni,NE,DD,1046,1069,0.587715403091099,0.587715403091099,0,0,True
Lasiurus_egregius,DD,DD,1047,1070,0.587368799089053,0.587368799089053,0,0,False
Orcaella_heinsohni,VU,VU,1048,1071,0.587265887839088,0.587265887839088,1,1,False
Lonchorhina_aurita,LC,LC,1049,1072,0.585505894879397,0.585505894879397,0,0,False
Crocidura_ansellorum,EN,EN,1041,1073,0.590550814773615,0.585154411257486,0,0,False
Ateles_chamek,EN,EN,1050,1074,0.584559784379271,0.584559784379271,0,0,False
Tonkinomys_daovantieni,DD,DD,1051,1075,0.584074484497,0.584074484497,0,0,False
Ratufa_bicolor,NT,NT,1052,1076,0.584068466209523,0.584068466209523,0,0,False
Pipistrellus_ariel,DD,DD,1026,1077,0.597006793270218,0.58384834305691,0,0,False
Marmosa_lepida,LC,LC,1053,1078,0.582507257368316,0.582507256468436,0,0,False
Crocidura_bottegoides,EN,EN,1054,1079,0.581842536343721,0.581842536343721,0,0,False
Neonycteris_pusilla,DD,DD,1055,1080,0.58054962646717,0.58054962646717,0,0,False
Nycticebus_bengalensis,EN,EN,1056,1081,0.580323902613156,0.580323902613156,0,0,False
Galidictis_grandidieri,VU,EN,2030,1082,0.27452278853769,0.5796955985552,0,0,True
Macaca_nigrescens,VU,VU,1057,1083,0.579355397532935,0.579355397532935,1,1,False
Sminthopsis_crassicaudata,LC,LC,1058,1084,0.578836880427681,0.578836880427681,0,0,False
Rhinonicteris_aurantia,LC,LC,1065,1085,0.574240429805556,0.578102296924852,0,0,False
Macaca_leucogenys,EN,EN,1059,1086,0.577968310734447,0.577968310734447,0,0,False
Nycticebus_coucang,EN,EN,1060,1087,0.577465289172969,0.577465289172969,0,0,False
Miopithecus_talapoin,VU,VU,1062,1088,0.575758742036229,0.575758742036229,1,1,False
Carpitalpa_arendsi,VU,VU,1063,1089,0.575666324935246,0.575666324935246,1,1,False
Myotis_punicus,DD,DD,1081,1090,0.56241476779754,0.574894807675649,0,0,False
Trachypithecus_phayrei,EN,EN,1064,1091,0.574581027481111,0.574581027481111,0,0,False
Lonchorhina_marinkellei,VU,VU,1066,1092,0.573902371835111,0.573902371835111,1,1,False
Megaloceros_giganteus,DD,DD,1067,1093,0.573734194639752,0.573734194639752,0,0,False
Mimon_bennettii,LC,LC,1068,1094,0.573146719173574,0.573146719173574,0,0,False
Millardia_kondana,EN,EN,1069,1095,0.573002288731115,0.573002288731115,0,0,False
Episoriculus_macrurus,LC,LC,1071,1096,0.569197589347575,0.569197589347575,0,0,False
Amblysomus_robustus,VU,VU,1073,1097,0.565903054115985,0.565903054115985,1,1,False
Kerivoula_pellucida,NT,NT,1074,1098,0.565671949951266,0.565671949951266,0,0,False
Nesoryzomys_narboroughi,VU,VU,1075,1099,0.565055913248036,0.565055913248036,1,1,False
Erythrocebus_patas,NT,NT,1076,1100,0.564985425192202,0.564985425192202,0,0,False
Mesoplodon_hectori,DD,DD,1077,1101,0.564864535630418,0.564864535630418,0,0,False
Lestodelphys_halli,LC,LC,1078,1102,0.564530726299605,0.564530726299592,0,0,False
Desmodillus_auricularis,LC,LC,1079,1103,0.563416217824396,0.563416217824396,0,0,False
Glyphotes_simus,DD,DD,1080,1104,0.562506939429266,0.562506939429266,0,0,False
Hylopetes_nigripes,NT,NT,1082,1105,0.560552883612278,0.560552883612278,0,0,False
Thyroptera_lavali,DD,DD,1084,1106,0.560141635427262,0.560141635427262,0,0,False
Ia_io,NT,NT,1089,1107,0.55705174933386,0.559780378365447,0,0,False
Melogale_everetti,EN,EN,1085,1108,0.559218490118159,0.559218490118159,0,0,False
Hybomys_badius,NE,EN,2428,1109,0.222496190109746,0.558543772855015,0,0,True
Marmosops_juninensis,VU,VU,1087,1110,0.557443333430213,0.557443333430213,1,1,False
Lutra_maculicollis,DD,NT,703,1111,0.855263999231898,0.556807297727936,0,0,True
Nycticebus_menagensis,VU,VU,1091,1112,0.555669390642156,0.555669390642156,1,1,False
Crocidura_tarella,EN,EN,1088,1113,0.557387312279017,0.555563140654725,0,0,False
Pteropus_temminckii,VU,VU,1086,1114,0.558008278379746,0.554885274170091,1,1,False
Cercocebus_atys,VU,VU,1092,1115,0.554823936628598,0.554823936628598,1,1,False
Dasyurus_albopunctatus,NT,NT,1094,1116,0.554069001694265,0.554069001694265,0,0,False
Myotis_planiceps,EN,EN,1099,1117,0.551309445377882,0.553453363887844,0,0,False
Rhinolophus_hilli,EN,EN,1090,1118,0.556717379327715,0.552632794075554,0,0,False
Thomomys_nayarensis,DD,DD,1096,1119,0.552250395383313,0.552250395383313,0,0,False
Balionycteris_maculata,LC,LC,1097,1120,0.552190474241235,0.552190474241235,0,0,False
Prometheomys_schaposchnikowi,LC,LC,1098,1121,0.552077285850883,0.552077285850883,0,0,False
Oryzomys_gorgasi,EN,EN,1101,1122,0.550265920547257,0.550265920547257,0,0,False
Saimiri_oerstedii,EN,EN,1104,1123,0.549481050948124,0.549481050948124,0,0,False
Reithrodontomys_burti,DD,EN,2327,1124,0.235565045075914,0.548809111220457,0,0,True
Myotis_vivesi,VU,VU,1105,1125,0.547283304178864,0.548076765012603,1,1,False
Chiroderma_improvisum,EN,EN,1128,1126,0.534173733759235,0.547406496792605,0,0,False
Syncerus_caffer,NT,NT,1106,1127,0.546026174520653,0.546026174520653,0,0,False
Casinycteris_ophiodon,NE,DD,1107,1128,0.545535176941071,0.545535176941071,0,0,True
Microcebus_tavaratra,VU,VU,1109,1129,0.54196224663469,0.544136312794115,1,1,False
Sylvilagus_graysoni,EN,EN,1178,1130,0.507896208009608,0.543988869464782,0,0,False
Hybomys_basilii,EN,EN,1162,1131,0.514486327650032,0.542533511067604,0,0,False
Melomys_rubicola,EX,EX,1110,1132,0.540886934573797,0.540886934573797,0,0,False
Microcebus_bongolavensis,VU,EN,2095,1133,0.266052756237381,0.540560251350475,0,0,True
Tadarida_insignis,DD,DD,1111,1134,0.540437046238298,0.540437046238298,0,0,False
Dendromus_vernayi,DD,DD,1103,1135,0.549485427012049,0.538827518993981,0,0,False
Dasypus_sabanicola,NT,NT,1114,1136,0.538528585280966,0.538528585280966,0,0,False
Leimacomys_buettneri,DD,DD,1115,1137,0.538248460363734,0.538248460363734,0,0,False
Myocastor_coypus,LC,LC,1116,1138,0.538196619213871,0.538196619213871,0,0,False
Sylvisorex_camerunensis,VU,VU,1119,1139,0.537813325225521,0.537813325225521,1,1,False
Crocidura_horsfieldii,DD,DD,1120,1140,0.537692511016387,0.537692511016387,0,0,False
Monodelphis_sanctaerosae,NE,DD,1131,1141,0.533524054159611,0.537624656404381,0,0,True
Hapalemur_griseus,VU,VU,1121,1142,0.537441578929387,0.537441578929387,1,1,False
Rhinolophus_ziama,EN,EN,1118,1143,0.537986257401717,0.537350458865198,0,0,False
Emballonura_dianae,LC,LC,1122,1144,0.537072657563172,0.537072657563333,0,0,False
Phyllotis_definitus,EN,EN,1123,1145,0.536824253670111,0.536824253670111,0,0,False
Sylvilagus_cognatus,NE,EN,2772,1146,0.186784027207169,0.53657052278222,0,0,True
Trachops_cirrhosus,LC,LC,1124,1147,0.53636690437076,0.53636690437076,0,0,False
Saguinus_imperator,LC,DD,3282,1148,0.147125646552981,0.536015838367123,0,0,True
Nyctiellus_lepidus,LC,LC,1125,1149,0.535086673615351,0.535086673609416,0,0,False
Sundasciurus_rabori,DD,DD,1126,1150,0.535003431298357,0.535003431298357,0,0,False
Mus_fernandoni,EN,EN,1127,1151,0.534460407848187,0.534460407848187,0,0,False
Apomys_camiguinensis,VU,VU,1129,1152,0.53391703941293,0.53391703941293,1,1,False
Dendromus_ruppi,DD,DD,1117,1153,0.538161902794933,0.533838040217349,0,0,False
Semnopithecus_ajax,EN,EN,1130,1154,0.53353077379037,0.53353077379037,0,0,False
Peromyscus_sejugis,EN,EN,1112,1155,0.539719360002893,0.533183585976401,0,0,False
Micronycteris_yatesi,DD,DD,1132,1156,0.53270574932597,0.53270574932597,0,0,False
Rattus_satarae,VU,VU,1133,1157,0.532216101480628,0.532216101480628,1,1,False
Maxomys_whiteheadi,VU,VU,1108,1158,0.542384451931973,0.532174293698917,1,1,False
Cercopithecus_lhoesti,VU,VU,1134,1159,0.531772943046993,0.531772943046993,1,1,False
Marmosops_fuscatus,DD,DD,1135,1160,0.531559224102998,0.531559224102998,0,0,False
Myotis_findleyi,EN,EN,1158,1161,0.516707048865232,0.531126333976745,0,0,False
Dactylonax_palpator,LC,LC,1137,1162,0.527745204418093,0.527745204418093,0,0,False
Melasmothrix_naso,NT,NT,1138,1163,0.526943546705548,0.526943546705548,0,0,False
Callicebus_coimbrai,EN,EN,1163,1164,0.514358907543939,0.526248736409269,0,0,False
Mus_crociduroides,DD,DD,1140,1165,0.525314246826402,0.525314246826402,0,0,False
Paucidentomys_vermidax,NT,NT,1141,1166,0.52485507678753,0.52485507678753,0,0,False
Presbytis_melalophos,EN,EN,1142,1167,0.524247291715878,0.524247291715878,0,0,False
Rhynchonycteris_naso,LC,LC,1143,1168,0.524245033320248,0.524245033320248,0,0,False
Lampronycteris_brachyotis,LC,LC,1144,1169,0.523552713809028,0.523552713809028,0,0,False
Cuniculus_taczanowskii,NT,NT,1146,1170,0.522692832418792,0.522692832418792,0,0,False
Coleura_kibomalandy,DD,DD,1145,1171,0.522884639307788,0.522281359485116,0,0,False
Catopuma_badia,EN,EN,1147,1172,0.521549179479404,0.521549405526878,0,0,False
Marmosops_creightoni,DD,DD,1148,1173,0.52151820416648,0.52151820416648,0,0,False
Macaca_arctoides,VU,VU,1149,1174,0.521179814506632,0.521179814506632,1,1,False
Nectogale_elegans,LC,LC,1150,1175,0.520082660919486,0.520082660919486,0,0,False
Crocidura_tarfayensis,DD,DD,1151,1176,0.519619190390955,0.519619190390955,0,0,False
Hapalomys_longicaudatus,EN,EN,1152,1177,0.51944899688523,0.51944899688523,0,0,False
Trachypithecus_shortridgei,EN,EN,1154,1178,0.518125300262175,0.518125300262175,0,0,False
Mellivora_capensis,LC,LC,1155,1179,0.518044871078294,0.518044871078294,0,0,False
Tragelaphus_derbianus,VU,VU,1156,1180,0.517862008155319,0.517862008155319,1,1,False
Dorcopsis_luctuosa,VU,VU,1157,1181,0.517768503946217,0.517768503946217,1,1,False
Cloeotis_percivali,LC,LC,1168,1182,0.513082342013744,0.517635924150089,0,0,False
Prosciurillus_rosenbergii,EN,EN,1161,1183,0.515141795724287,0.515141795724287,0,0,False
Aselliscus_stoliczkanus,LC,LC,1160,1184,0.515273129859656,0.515023186790914,0,0,False
Caenolestes_caniventer,NT,NT,1210,1185,0.494186765237985,0.514625367743571,0,0,False
Petrogale_lateralis,VU,VU,1164,1186,0.514354222937413,0.514354222937413,1,1,False
Aepyceros_melampus,LC,LC,1165,1187,0.514192095529059,0.514192095529059,0,0,False
Mungotictis_decemlineata,EN,EN,1177,1188,0.508295142545386,0.513536356529136,0,0,False
Dyacopterus_spadiceus,NT,NT,1167,1189,0.513440555850936,0.513440555850936,0,0,False
Sminthopsis_granulipes,LC,LC,1166,1190,0.513484917816886,0.513386299870214,0,0,False
Trachypithecus_hatinhensis,EN,EN,1169,1191,0.51296387636986,0.51296387636986,0,0,False
Eoglaucomys_fimbriatus,LC,LC,1170,1192,0.512952072573097,0.512952072573097,0,0,False
Komodomys_rintjanus,VU,VU,1171,1193,0.512409568937057,0.512409568937057,1,1,False
Macaca_leonina,VU,VU,1172,1194,0.512031249851061,0.512031249851061,1,1,False
Chodsigoa_sodalis,DD,DD,1113,1195,0.538555636268554,0.511405526963662,0,0,False
Myotis_peninsularis,LC,EN,5027,1196,0.0520923722673056,0.511109851580291,0,0,True
Bauerus_dubiaquercus,NT,NT,1186,1197,0.504310129473352,0.510629591086758,0,0,False
Dipodomys_stephensi,VU,VU,1173,1198,0.509913084102004,0.509913084102004,1,1,False
Helarctos_malayanus,VU,VU,1174,1199,0.509139358428931,0.509139358428931,1,1,False
Lonchophylla_chocoana,DD,DD,1176,1200,0.508397987394736,0.508397987394736,0,0,False
Sylvisorex_johnstoni,LC,LC,1179,1201,0.507616259591342,0.507616259591342,0,0,False
Trachypithecus_laotum,EN,EN,1180,1202,0.507416061017818,0.507416061017818,0,0,False
Lophuromys_chercherensis,EN,EN,1181,1203,0.506917189415586,0.506917189415586,0,0,False
Thomomys_atrovarius,DD,DD,1182,1204,0.506615227782318,0.506615227782318,0,0,False
Handleyomys_rhabdops,DD,EN,1795,1205,0.313256310093643,0.506325630602149,0,0,True
Phyllomys_brasiliensis,EN,EN,1183,1206,0.506278214546224,0.506278214546224,0,0,False
Macaca_radiata,VU,VU,1184,1207,0.505567001136331,0.505567001136331,1,1,False
Petromyscus_collinus,LC,LC,1185,1208,0.504946184168729,0.504946184168729,0,0,False
Ateles_belzebuth,EN,EN,1187,1209,0.504131409651625,0.504131409651625,0,0,False
Acerodon_leucotis,VU,VU,1188,1210,0.504093489508267,0.504093489508267,1,1,False
Dipodomys_nitratoides,VU,VU,1189,1211,0.504071962080506,0.504071962080506,1,1,False
Monodelphis_dimidiata,LC,LC,1232,1212,0.487996630474098,0.503491580354525,0,0,False
Pteropus_rodricensis,EN,EN,1190,1213,0.502395458833165,0.502395458833165,0,0,False
Ateles_marginatus,EN,EN,1191,1214,0.502315323571738,0.502315323571738,0,0,False
Notomys_aquilo,EN,EN,1192,1215,0.502279594530716,0.502279594530716,0,0,False
Lepus_hainanus,EN,EN,1193,1216,0.502244378431789,0.502244378431789,0,0,False
Trichechus_senegalensis,VU,VU,1194,1217,0.501297365502405,0.501297365502405,1,1,False
Sylvisorex_isabellae,VU,VU,1195,1218,0.501207283509992,0.501207283509992,1,1,False
Pteronotus_parnellii,LC,LC,1197,1219,0.500937160452565,0.500937160452565,0,0,False
Balaenoptera_physalus,VU,VU,1198,1220,0.500826617452754,0.500826617452754,1,1,False
Trichechus_inunguis,VU,VU,1199,1221,0.500817212255682,0.500817212255682,1,1,False
Callicebus_brunneus,VU,VU,1175,1222,0.508537696440886,0.500647928093356,1,1,False
Trinycteris_nicefori,LC,LC,1200,1223,0.500403974214879,0.500403974214879,0,0,False
Catopuma_temminckii,VU,VU,1202,1224,0.49881862869278,0.498819967327548,1,1,False
Scalopus_aquaticus,LC,LC,1204,1225,0.498013637554306,0.498013637554306,0,0,False
Pteropus_faunulus,EN,EN,1201,1226,0.500116019193137,0.497884218644225,0,0,False
Gymnuromys_roberti,LC,LC,1205,1227,0.497791135099198,0.497791135099198,0,0,False
Praomys_verschureni,DD,DD,1206,1228,0.496179381021732,0.496179381021732,0,0,False
Calcochloris_tytonis,DD,DD,1209,1229,0.494578492044896,0.494578492044896,0,0,False
Diphylla_ecaudata,LC,LC,1212,1230,0.493751797330855,0.493751797330855,0,0,False
Marmota_vancouverensis,CR,CR,1214,1231,0.493414859847569,0.493414859847569,0,0,False
Viverra_megaspila,EN,EN,1217,1232,0.493185090813781,0.493185090813781,0,0,False
Ateles_paniscus,VU,VU,1218,1233,0.493079095278103,0.493079095278103,1,1,False
Microdillus_peeli,DD,DD,1219,1234,0.493062717437798,0.493062717437798,0,0,False
Dologale_dybowskii,DD,DD,1220,1235,0.492165866416168,0.492165866416168,0,0,False
Geomys_tropicalis,EN,EN,1221,1236,0.491976135676794,0.49195866597196,0,0,False
Pteropus_fundatus,EN,EN,1207,1237,0.496035702776002,0.491336018872552,0,0,False
Hypsugo_lanzai,EN,EN,961,1238,0.634252400629435,0.49098778034878,0,0,False
Ctenomys_roigi,CR,CR,1230,1239,0.48851755982184,0.490738761838371,0,0,False
Macaca_ochreata,VU,VU,1222,1240,0.490660950687301,0.490660950687301,1,1,False
Nycticebus_kayan,VU,VU,1224,1241,0.490129034221239,0.490129034221239,1,1,False
Xerus_erythropus,LC,LC,1226,1242,0.48877544055632,0.48877544055632,0,0,False
Marmosops_cracens,DD,DD,1227,1243,0.488727328352406,0.488727328352406,0,0,False
Beamys_hindei,LC,LC,1229,1244,0.488674409310017,0.488674409310017,0,0,False
Pteropus_pselaphon,EN,EN,1225,1245,0.489468076553124,0.48850177636645,0,0,False
Perognathus_fasciatus,LC,LC,1231,1246,0.488089045520039,0.488089045520039,0,0,False
Hylomys_suillus,LC,LC,1203,1247,0.498525096000303,0.487950950021104,0,0,False
Pteropus_vampyrus,EN,EN,1213,1248,0.493517889837275,0.487688412749551,0,0,False
Bettongia_gaimardi,NT,NT,1868,1249,0.300419689230965,0.487357248564536,0,0,False
Ammospermophilus_nelsoni,EN,EN,1233,1250,0.486971673028747,0.486971673028747,0,0,False
Trinomys_albispinus,LC,LC,1234,1251,0.486837689212995,0.486837689211339,0,0,False
Lepus_flavigularis,EN,EN,1235,1252,0.485965280591568,0.486123983274457,0,0,False
Strigocuscus_pelengensis,LC,LC,1237,1253,0.485364978339849,0.485364978339849,0,0,False
Thomomys_sheldoni,DD,DD,1238,1254,0.485217386345957,0.485217386345957,0,0,False
Micropotamogale_ruwenzorii,LC,LC,1239,1255,0.484257297019782,0.484257297019782,0,0,False
Caenolestes_fuliginosus,LC,LC,1294,1256,0.463458314131557,0.483185377272283,0,0,False
Rhinolophus_kahuzi,EN,EN,1228,1257,0.488715989833023,0.483131739532439,0,0,False
Rhinolophus_montanus,EN,EN,1216,1258,0.493294333317252,0.482772000992984,0,0,False
Hapalemur_occidentalis,VU,VU,1242,1259,0.482621392684943,0.482621392684943,1,1,False
Rhinolophus_rex,EN,EN,1241,1260,0.482828259823743,0.482599308442281,0,0,False
Grammomys_gigas,LC,EN,5254,1261,0.0447133675789808,0.482289556610402,0,0,True
Chrotomys_sibuyanensis,DD,DD,1243,1262,0.4821873880894,0.4821873880894,0,0,False
Rhinolophus_willardi,EN,EN,1236,1263,0.485367336300397,0.481829267939298,0,0,False
Nyctimene_rabori,EN,EN,1215,1264,0.493300875180182,0.480933295465899,0,0,False
Peropteryx_leucoptera,LC,LC,1246,1265,0.480932126083674,0.480932126083674,0,0,False
Mormopterus_norfolkensis,NT,NT,1223,1266,0.490264097611537,0.480775193607807,0,0,False
Peromyscus_melanurus,EN,EN,1240,1267,0.483705571396057,0.480040125438443,0,0,False
Acerodon_mackloti,VU,VU,1248,1268,0.479753204201991,0.479753204201991,1,1,False
Tapirus_kabomani,VU,VU,1250,1269,0.478731640260726,0.478731640260726,1,1,False
Penthetor_lucasi,LC,LC,1252,1270,0.478329836138379,0.478329836138379,0,0,False
Murexia_habbema,LC,LC,1253,1271,0.4781631640461,0.4781631640461,0,0,False
Rhinolophus_xinanzhongguoensis,NT,NT,1254,1272,0.477717028186404,0.478109521120582,0,0,False
Pudu_puda,NT,NT,1244,1273,0.481349243103858,0.477365865826028,0,0,False
Proechimys_hoplomyoides,DD,DD,1256,1274,0.477343867624659,0.477343867624659,0,0,False
Desmodilliscus_braueri,LC,LC,1258,1275,0.477127050846037,0.477127050846037,0,0,False
Aotus_miconax,EN,EN,1264,1276,0.474036188140599,0.47692086026824,0,0,False
Hipposideros_jonesi,NT,NT,1259,1277,0.476584925796604,0.476584925796604,0,0,False
Pteropus_ualanus,EN,EN,1251,1278,0.478414797553385,0.476252131494765,0,0,False
Cercopithecus_sclateri,EN,EN,1260,1279,0.475857434443116,0.475857434443116,0,0,False
Myomimus_roachi,VU,VU,1261,1280,0.475486573189797,0.475486573189797,1,1,False
Congosorex_verheyeni,LC,LC,1262,1281,0.474843268253672,0.474843268253672,0,0,False
Panthera_uncia,VU,VU,1263,1282,0.474733879546904,0.474733879546904,1,1,False
Pteropus_melanopogon,EN,EN,1257,1283,0.477240250839765,0.474407364853125,0,0,False
Myotis_flavus,NT,NT,1266,1284,0.472390668385685,0.472906553712257,0,0,False
Equus_caballus,NE,DD,1267,1285,0.471750037429208,0.471750037429208,0,0,True
Pteropus_rennelli,EN,EN,1268,1286,0.471727310138242,0.471727310138242,0,0,False
Micromys_minutus,LC,LC,1269,1287,0.471585208489135,0.471585208489135,0,0,False
Leporillus_conditor,NT,NT,1270,1288,0.471469535146954,0.471469535146954,0,0,False
Pachyuromys_duprasi,LC,LC,1271,1289,0.471216015310717,0.471216015310717,0,0,False
Miniopterus_robustior,EN,EN,1277,1290,0.469634365765144,0.470530813167506,0,0,False
Lophuromys_pseudosikapusi,EN,EN,1273,1291,0.470461003701743,0.470461003701743,0,0,False
Kerivoula_krauensis,NT,NT,1274,1292,0.470395212592328,0.470395212592328,0,0,False
Peroryctes_raffrayana,LC,LC,1275,1293,0.470376556411439,0.470376556411439,0,0,False
Cephalophus_spadix,EN,EN,1276,1294,0.47022658294173,0.47022658294173,0,0,False
Oecomys_cleberi,DD,DD,1278,1295,0.469416140291062,0.469416140291062,0,0,False
Sousa_teuszii,CR,CR,1279,1296,0.469313937899745,0.469313937899745,0,0,False
Nannosciurus_melanotis,LC,LC,1280,1297,0.469264167667334,0.469264167667334,0,0,False
Vampyressa_pusilla,DD,DD,1281,1298,0.468666971488312,0.468666971488312,0,0,False
Chrotopterus_auritus,LC,LC,1282,1299,0.468526046793584,0.468526046793584,0,0,False
Hippidion_saldiasi,DD,DD,1283,1300,0.468264312765383,0.468264312765383,0,0,False
Mesocricetus_newtoni,VU,VU,1285,1301,0.467499314337941,0.46749931433794,1,1,False
Aepyprymnus_rufescens,LC,LC,1288,1302,0.465260551873524,0.466679668431982,0,0,False
Maxomys_pagensis,VU,VU,1286,1303,0.466218299681496,0.466218299681496,1,1,False
Hylaeamys_laticeps,LC,VU,4062,1304,0.0969309372218826,0.4659308065096,0,1,True
Hippidion_principale,DD,DD,1287,1305,0.465574744090131,0.465574744090131,0,0,False
Myotis_lucifugus,EN,EN,1290,1306,0.464346309439721,0.465192537245781,0,0,False
Myosorex_sclateri,VU,VU,1289,1307,0.464573937930356,0.464573937930356,1,1,False
Soricomys_leonardcoi,DD,DD,1291,1308,0.464237051607053,0.464237051607053,0,0,False
Tapirus_terrestris,VU,VU,1292,1309,0.464206216817243,0.464206216817243,1,1,False
Rhinolophus_guineensis,EN,EN,1265,1310,0.473063499317728,0.463759316322038,0,0,False
Thylogale_brunii,VU,VU,1316,1311,0.455250860250843,0.463354918388051,1,1,False
Ningaui_ridei,LC,LC,1295,1312,0.462401663964267,0.462401663964267,0,0,False
Chironax_melanocephalus,LC,LC,1296,1313,0.462375708853281,0.462375708853281,0,0,False
Chaetodipus_formosus,LC,LC,1307,1314,0.458268733993603,0.462287671844101,0,0,False
Dasykaluta_rosamondae,LC,LC,1311,1315,0.457470373001532,0.461306450121356,0,0,False
Chiropotes_albinasus,VU,VU,1298,1316,0.46074562570694,0.46074562570694,1,1,False
Elephantulus_rozeti,LC,LC,1299,1317,0.460680628731316,0.460680628731316,0,0,False
Melanomys_zunigae,CR,CR,1300,1318,0.460451397968198,0.460451397968198,0,0,False
Urocitellus_townsendii,VU,VU,1301,1319,0.460288794743144,0.460288794743144,1,1,False
Steatomys_jacksoni,DD,DD,1304,1320,0.459336314652412,0.459336314652412,0,0,False
Mus_callewaerti,DD,DD,1305,1321,0.459246349509783,0.459246349509783,0,0,False
Sminthopsis_butleri,VU,VU,1306,1322,0.458473393026882,0.458473393026882,1,1,False
Chlorotalpa_duthieae,VU,VU,1308,1323,0.457731924576681,0.457731924576681,1,1,False
Ningaui_timealeyi,LC,LC,1309,1324,0.457708822372847,0.457708822372847,0,0,False
Plecotus_balensis,DD,DD,1310,1325,0.457568278439274,0.457568278439274,0,0,False
Mormopterus_eleryi,DD,NT,1035,1326,0.592384533432992,0.457412493932379,0,0,True
Neofelis_diardi,VU,VU,1313,1327,0.457056971047634,0.457056971047634,1,1,False
Rhinolophus_mehelyi,VU,VU,1312,1328,0.457061422098025,0.456827485696641,1,1,False
Maxomys_rajah,VU,VU,1314,1329,0.456796599071107,0.456796599071107,1,1,False
Heliosciurus_undulatus,DD,DD,1315,1330,0.456154816657848,0.456154816657848,0,0,False
Eligmodontia_dunaris,NE,DD,1317,1331,0.454954605094459,0.454954605094459,0,0,True
Aselliscus_tricuspidatus,LC,LC,1322,1332,0.454088337861053,0.454412973573369,0,0,False
Avahi_laniger,VU,VU,1318,1333,0.454267759849801,0.454267759849801,1,1,False
Glyphonycteris_behnii,DD,DD,1319,1334,0.45424047294701,0.45424047294701,0,0,False
Neofelis_nebulosa,VU,VU,1320,1335,0.454220146720837,0.454220146720837,1,1,False
Tamias_sibiricus,LC,LC,1321,1336,0.45414686489604,0.45414686489604,0,0,False
Dasycercus_blythi,LC,LC,3119,1337,0.158938426337018,0.454055653819668,0,0,False
Plecotus_christii,DD,DD,1323,1338,0.453415523106569,0.453415523106569,0,0,False
Petrodromus_tetradactylus,LC,LC,1324,1339,0.452966398834819,0.452966398834819,0,0,False
Lepilemur_seali,VU,VU,1325,1340,0.452611377536074,0.452611377536074,1,1,False
Neodon_leucurus,LC,DD,3470,1341,0.134114807870607,0.452411953739371,0,0,True
Cercartetus_nanus,LC,LC,1326,1342,0.452400933346903,0.452400933346903,0,0,False
Planigale_maculata,LC,LC,1327,1343,0.452278094291804,0.452278094291804,0,0,False
Uropsilus_investigator,DD,LC,321,1344,1.6389346964335,0.452237421858345,0,0,True
Pseudomys_shortridgei,EN,EN,1302,1345,0.459972021607534,0.451339031555954,0,0,False
Nyctalus_furvus,EN,EN,1328,1346,0.4512922004721,0.4512922004721,0,0,False
Otomys_occidentalis,VU,VU,1329,1347,0.451218078789879,0.451218078789879,1,1,False
Myotis_ridleyi,NT,NT,1330,1348,0.44754484104841,0.448616331497297,0,0,False
Euneomys_chinchilloides,DD,DD,1095,1349,0.553900707111018,0.448344592562022,0,0,False
Tarsius_wallacei,VU,VU,1331,1350,0.447525961854575,0.447525961854575,1,1,False
Vandeleuria_nolthenii,EN,EN,1332,1351,0.44611821174716,0.44611821257923,0,0,False
Murina_aurata,DD,DD,1333,1352,0.446111965728201,0.446111965728201,0,0,False
Neophocaena_asiaeorientalis,EN,EN,1334,1353,0.445543005847051,0.445543005847051,0,0,False
Neotragus_pygmaeus,LC,LC,1335,1354,0.445096441820182,0.445096441820182,0,0,False
Lophuromys_dieterleni,EN,EN,1336,1355,0.444755936022041,0.444755936022041,0,0,False
Furipterus_horrens,LC,LC,1337,1356,0.44400495466248,0.44400495466248,0,0,False
Hipposideros_lekaguli,NT,NT,1338,1357,0.442980358459995,0.442980358459995,0,0,False
Myosorex_bururiensis,VU,VU,1340,1358,0.442851658544681,0.442851658544681,1,1,False
Pearsonomys_annectens,VU,VU,1341,1359,0.442374807166842,0.442374807166842,1,1,False
Monodelphis_arlindoi,NE,DD,1345,1360,0.441363896635827,0.442126838220402,0,0,True
Vandeleuria_nilagirica,EN,EN,1342,1361,0.442010350698597,0.442010350698597,0,0,False
Alionycteris_paucidentata,LC,LC,1343,1362,0.441793370383264,0.441793370383264,0,0,False
Monodelphis_handleyi,DD,DD,1361,1363,0.438343566504733,0.441622990897581,0,0,False
Microtus_cabrerae,NT,NT,1349,1364,0.440325286857287,0.441462937533273,0,0,False
Mormoops_blainvillei,LC,LC,1346,1365,0.441332210939843,0.441332210939843,0,0,False
Sotalia_fluviatilis,EN,EN,1347,1366,0.441203342998342,0.441203342998342,0,0,False
Mus_neavei,DD,DD,1350,1367,0.440067941479827,0.440067941479827,0,0,False
Crocidura_abscondita,NE,DD,1351,1368,0.440058673127888,0.440058673127888,0,0,True
Murina_jaintiana,DD,DD,1352,1369,0.439975963888863,0.439975963888863,0,0,False
Arctogalidia_trivirgata,LC,LC,1353,1370,0.439653294497804,0.439653294497804,0,0,False
Myosorex_okuensis,VU,VU,1354,1371,0.43957753412549,0.43957753412549,1,1,False
Nanger_soemmerringii,VU,VU,1356,1372,0.439141042529426,0.439141042533776,1,1,False
Nyctomys_sumichrasti,LC,LC,1357,1373,0.438550456828978,0.438550456828978,0,0,False
Mormoops_megalophylla,LC,LC,1358,1374,0.438488926510173,0.438488926510173,0,0,False
Callithrix_aurita,EN,EN,1359,1375,0.438399124813302,0.438399124813302,0,0,False
Equus_ovodovi,DD,DD,1360,1376,0.438349327984275,0.438349327984275,0,0,False
Mimon_koepckeae,DD,DD,1362,1377,0.43821417116372,0.43821417116372,0,0,False
Alouatta_ululata,EN,EN,1381,1378,0.430728640131535,0.437537543868146,0,0,False
Otonyctomys_hatti,LC,LC,1363,1379,0.437245340489242,0.437245340489242,0,0,False
Chaetodipus_hispidus,LC,LC,1383,1380,0.430580942582131,0.43719731256984,0,0,False
Callicebus_modestus,EN,EN,1344,1381,0.441475641552445,0.437075352486407,0,0,False
Dasyprocta_ruatanica,LC,EN,5155,1382,0.0477418813272464,0.436961033433353,0,0,True
Plagiodontia_aedium,LC,LC,1364,1383,0.43667767608411,0.43667767608411,0,0,False
Chaerephon_solomonis,EN,EN,1365,1384,0.436410538309653,0.436410538309614,0,0,False
Brachylagus_idahoensis,LC,LC,1367,1385,0.436010255460294,0.436010255460294,0,0,False
Rhynchocyon_udzungwensis,VU,VU,1368,1386,0.435499502860944,0.435499502860944,1,1,False
Galea_monasteriensis,DD,DD,1369,1387,0.435315576597249,0.435315576597249,0,0,False
Hoplomys_gymnurus,LC,LC,1370,1388,0.435196190025715,0.435196190025715,0,0,False
Uropsilus_aequodonenia,NE,DD,1153,1389,0.518187943351665,0.434499650864105,0,0,True
Chrysocyon_brachyurus,NT,NT,1371,1390,0.434357988006367,0.434357987625904,0,0,False
Myotis_grisescens,VU,VU,1376,1391,0.432601540843289,0.433901913332586,1,1,False
Chiropotes_satanas,EN,EN,1372,1392,0.43365926892931,0.43365926892931,0,0,False
Abrocoma_famatina,LC,DD,4037,1393,0.0984107923930008,0.433528236943122,0,0,True
Pronolagus_crassicaudatus,LC,LC,1373,1394,0.433417770948331,0.433417770948331,0,0,False
Sylvisorex_pluvialis,DD,DD,1377,1395,0.43253659935175,0.43253659935175,0,0,False
Echymipera_echinista,DD,DD,1378,1396,0.432490667079755,0.432490667079755,0,0,False
Hipposideros_cyclops,LC,LC,1379,1397,0.432357612678547,0.432357612678547,0,0,False
Marmota_menzbieri,VU,VU,1380,1398,0.431888147293637,0.431888147293637,1,1,False
Hipposideros_calcaratus,LC,LC,1382,1399,0.430685187134609,0.430685187134609,0,0,False
Georychus_capensis,LC,LC,1385,1400,0.43009443225083,0.43009443225083,0,0,False
Phalanger_matabiru,VU,VU,1386,1401,0.429763223986042,0.429763223986042,1,1,False
Myotis_bechsteinii,NT,NT,1392,1402,0.427262134345721,0.428933545408698,0,0,False
Ammodillus_imbellis,DD,DD,1387,1403,0.428462570227926,0.428462570227926,0,0,False
Peromyscus_furvus,DD,NT,976,1404,0.625467524487509,0.427560905978664,0,0,True
Mesocapromys_melanurus,VU,VU,1388,1405,0.427506898373292,0.427506898373292,1,1,False
Notoryctes_typhlops,LC,LC,1389,1406,0.427489293851695,0.427489293851695,0,0,False
Praomys_obscurus,EN,EN,1390,1407,0.427346135699549,0.427346135699549,0,0,False
Cyttarops_alecto,LC,LC,1391,1408,0.427315324340952,0.427315324340952,0,0,False
Spilogale_putorius,VU,VU,1393,1409,0.427082978527044,0.427082978527044,1,1,False
Notoryctes_caurinus,LC,LC,1394,1410,0.427006083030591,0.427006083030591,0,0,False
Sylvisorex_silvanorum,DD,DD,1395,1411,0.426912846173416,0.426912846173416,0,0,False
Microgale_cowani,LC,LC,1396,1412,0.426782127387143,0.426782127387143,0,0,False
Hybomys_lunaris,VU,VU,1495,1413,0.395189377155863,0.426735273359158,0,1,False
Hadromys_yunnanensis,DD,DD,1399,1414,0.425276159996317,0.426127856055725,0,0,False
Halmaheramys_bokimekot,DD,DD,1397,1415,0.425864947883619,0.425864947883619,0,0,False
Nycteris_parisii,DD,DD,1481,1416,0.398587556428013,0.425614558318718,0,0,False
Mesoplodon_carlhubbsi,DD,DD,1398,1417,0.425571872729897,0.425571872729897,0,0,False
Anonymomys_mindorensis,DD,DD,1401,1418,0.423746747240694,0.424382895285525,0,0,False
Chaerephon_bregullae,EN,EN,1384,1419,0.430568242325787,0.423959676896142,0,0,False
Hydrochoerus_isthmius,DD,DD,1400,1420,0.423899712596102,0.423899712596102,0,0,False
Cuscomys_oblativa,DD,DD,1444,1421,0.410163562451048,0.4236783828859,0,0,False
Hylopetes_lepidus,DD,DD,1402,1422,0.423536642892433,0.423536642892433,0,0,False
Rungwecebus_kipunji,EN,EN,1403,1423,0.423461475918699,0.423461475918699,0,0,False
Ctenomys_azarae,LC,EN,5301,1424,0.0438323761222089,0.42333655404626,0,0,True
Harpyionycteris_celebensis,NT,NT,1404,1425,0.42328810234945,0.42328810234945,0,0,False
Pteronotus_personatus,LC,LC,1405,1426,0.423103963543963,0.423103963543963,0,0,False
Diomys_crumpi,DD,DD,1406,1427,0.422881142253065,0.422881129173333,0,0,False
Thomasomys_rosalinda,EN,EN,1407,1428,0.422740523443249,0.422740523443249,0,0,False
Cynomys_parvidens,EN,EN,1408,1429,0.422570449542871,0.422570449542871,0,0,False
Eptesicus_nasutus,LC,LC,1420,1430,0.41966921032348,0.421305796640253,0,0,False
Dasymys_montanus,EN,EN,1409,1431,0.421037010482468,0.421037010482468,0,0,False
Trachypithecus_pileatus,VU,VU,1410,1432,0.420913218776723,0.420913218776723,1,1,False
Elephantulus_rupestris,LC,LC,1411,1433,0.420719352805501,0.420719352805501,0,0,False
Rousettus_lanosus,LC,LC,1412,1434,0.420494312475358,0.420494312475358,0,0,False
Rhinophylla_pumilio,LC,LC,1413,1435,0.420448182407297,0.420448182407297,0,0,False
Solomys_sapientis,EN,EN,1414,1436,0.4203803127949,0.4203803127949,0,0,False
Alouatta_guariba,VU,VU,1417,1437,0.420023440007109,0.420216687672237,1,1,False
Sapajus_robustus,EN,EN,1419,1438,0.419823069285192,0.419823069285192,0,0,False
Eozapus_setchuanus,LC,LC,1421,1439,0.419667060389216,0.419667060389216,0,0,False
Oreotragus_oreotragus,LC,LC,1422,1440,0.419512776341641,0.419512776341641,0,0,False
Paradipus_ctenodactylus,LC,LC,1424,1441,0.419315466593352,0.419315466593352,0,0,False
Reithrodontomys_spectabilis,CR,CR,1428,1442,0.418019393511001,0.419270683731018,0,0,False
Balantiopteryx_plicata,LC,LC,1425,1443,0.418805715270066,0.418805715270066,0,0,False
Sorex_saussurei,LC,LC,1418,1444,0.419954140330739,0.418624606374501,0,0,False
Trinomys_mirapitanga,DD,DD,1423,1445,0.419466380873176,0.418138452512317,0,0,False
Otomys_barbouri,EN,EN,1429,1446,0.41762285484369,0.41762285484369,0,0,False
Myotis_schaubi,DD,DD,1434,1447,0.416252227671941,0.417542650704577,0,0,False
Octodon_bridgesi,VU,VU,1430,1448,0.417370150479177,0.417370150479177,1,1,False
Hapalemur_meridionalis,VU,VU,1431,1449,0.417349859652108,0.417349859652108,0,0,False
Dryomys_niethammeri,VU,VU,1432,1450,0.416910199332865,0.416910199332865,1,1,False
Macaca_tonkeana,VU,VU,1433,1451,0.416631298414619,0.416631298414619,0,0,False
Nycteris_madagascariensis,LC,DD,4005,1452,0.100431342866328,0.416231010396952,0,0,True
Thyroptera_devivoi,DD,DD,1435,1453,0.415474007679814,0.415474007679814,0,0,False
Lonchothrix_emiliae,LC,LC,1436,1454,0.41528344581002,0.41528344581002,0,0,False
Sylvisorex_corbeti,DD,DD,1437,1455,0.414390698358893,0.414390698358893,0,0,False
Crocidura_ninoyi,DD,DD,1438,1456,0.413123007512085,0.413123007512085,0,0,False
Abrocoma_vaccarum,DD,DD,1613,1457,0.361395124106221,0.412610324838343,0,0,False
Otonycteris_hemprichii,LC,LC,1483,1458,0.398470183235137,0.411586517773023,0,0,False
Microcebus_ravelobensis,VU,VU,2097,1459,0.265999597835948,0.411337260162497,0,0,False
Elephantulus_intufi,LC,LC,1440,1460,0.411157794891345,0.411157794891345,0,0,False
Panthera_pardus,VU,VU,1441,1461,0.411095803152853,0.411095803152853,0,0,False
Phylloderma_stenops,LC,LC,1443,1462,0.410203933506271,0.41020393038914,0,0,False
Panthera_leo,VU,VU,1445,1463,0.409891763279127,0.409891763279127,0,0,False
Chodsigoa_caovansunga,DD,DD,1339,1464,0.442931621691246,0.409160891422651,0,0,False
Melogale_cucphuongensis,DD,DD,1448,1465,0.408631930702814,0.408631930702814,0,0,False
Podomys_floridanus,NT,NT,1447,1466,0.409102258614425,0.408628119489118,0,0,False
Ptenochirus_jagori,LC,LC,1449,1467,0.40811851407341,0.40811851407341,0,0,False
Alouatta_belzebul,VU,VU,1456,1468,0.405349023695307,0.407490046181279,1,1,False
Menetes_berdmorei,LC,LC,1451,1469,0.406913330830174,0.406913330830174,0,0,False
Suncus_ater,DD,DD,1453,1470,0.406162133559052,0.406162133559052,0,0,False
Rattus_ranjiniae,EN,EN,1454,1471,0.406096193674704,0.406096193674704,0,0,False
Rattus_montanus,EN,EN,1455,1472,0.405608899279953,0.405608899279953,0,0,False
Rheomys_mexicanus,EN,EN,1527,1473,0.386231889010083,0.405426403395546,0,0,False
Trinomys_paratus,DD,DD,1457,1474,0.4047189266256,0.404718764429735,0,0,False
Cremnomys_cutchicus,LC,LC,1458,1475,0.404675021531746,0.404675021531746,0,0,False
Nycteris_vinsoni,LC,DD,3971,1476,0.101856584427642,0.40453588734675,0,0,True
Cryptomys_hottentotus,LC,LC,1459,1477,0.402822081980009,0.402822081979993,0,0,False
Leopardus_jacobita,EN,EN,1460,1478,0.402753333497015,0.402753333497015,0,0,False
Atlantoxerus_getulus,LC,LC,1461,1479,0.402634672329034,0.402634672329034,0,0,False
Myotis_formosus,NT,NT,1467,1480,0.401688359264195,0.402449419191754,0,0,False
Abrocoma_uspallata,LC,DD,4031,1481,0.0988454465901393,0.402305341633618,0,0,True
Funambulus_sublineatus,VU,VU,1462,1482,0.402266078201154,0.402266078201154,0,0,False
Enchisthenes_hartii,LC,LC,1463,1483,0.402147438912594,0.402147438912594,0,0,False
Paraleptomys_wilhelmina,DD,DD,1464,1484,0.401928427829018,0.401928427829018,0,0,False
Neophocaena_phocaenoides,VU,VU,1465,1485,0.401887568369851,0.401887568369851,0,0,False
Mimon_crenulatum,LC,LC,1466,1486,0.40187895207474,0.40187895188757,0,0,False
Abrocoma_budini,DD,DD,1576,1487,0.371041588201199,0.401721953722875,0,0,False
Microperoryctes_murina,VU,VU,1468,1488,0.401247067675041,0.401247067675041,0,0,False
Microcebus_myoxinus,VU,VU,1469,1489,0.400708137454465,0.400708717662981,0,0,False
Petropseudes_dahli,LC,LC,1470,1490,0.400501561610372,0.400501561610372,0,0,False
Vampyressa_sinchi,VU,VU,1473,1491,0.399714289431604,0.399714289431604,0,0,False
Abditomys_latidens,DD,DD,1477,1492,0.399527427604606,0.399677234143976,0,0,False
Macrotus_californicus,LC,LC,1474,1493,0.399632232224399,0.399632232224399,0,0,False
Blanfordimys_juldaschi,DD,DD,1476,1494,0.399532943226819,0.399532943226819,0,0,False
Peromyscus_zarhynchus,VU,VU,1471,1495,0.400406535270972,0.399338645656255,0,0,False
Notiosorex_villai,VU,VU,1478,1496,0.399202368578354,0.399202368578354,0,0,False
Sminthopsis_hirtipes,LC,LC,1472,1497,0.399969787490551,0.398799456228062,0,0,False
Microperoryctes_aplini,VU,VU,1479,1498,0.398755620045366,0.398755620045366,0,0,False
Lontra_provocax,EN,EN,1480,1499,0.398633735447509,0.398633735415063,0,0,False
Rattus_hainaldi,EN,EN,1482,1500,0.398501580175939,0.398501580175939,0,0,False
Myotis_dominicensis,VU,VU,1490,1501,0.396252572814177,0.397740117718777,0,0,False
Petromyscus_monticularis,LC,LC,1485,1502,0.397289637537408,0.397289637537408,0,0,False
Aeromys_tephromelas,DD,DD,1486,1503,0.397251283315766,0.397251283315766,0,0,False
Lontra_felina,EN,EN,1488,1504,0.396903855852129,0.396903849434809,0,0,False
Hipposideros_obscurus,LC,LC,1491,1505,0.396183711400236,0.396183711400236,0,0,False
Melonycteris_melanops,LC,LC,1492,1506,0.396160179652624,0.396160340508076,0,0,False
Macrotus_waterhousii,LC,LC,1493,1507,0.395802050158179,0.395802050158179,0,0,False
Dipodomys_spectabilis,NT,NT,1494,1508,0.39530126390439,0.39530126390439,0,0,False
Rousettus_amplexicaudatus,LC,LC,1496,1509,0.395177314145516,0.395177314145516,0,0,False
Cercartetus_lepidus,LC,LC,1498,1510,0.39485529398252,0.39485529398252,0,0,False
Dymecodon_pilirostris,LC,LC,1499,1511,0.394378643089219,0.394378643089219,0,0,False
Funambulus_layardi,VU,VU,1501,1512,0.393225159591603,0.393225159591603,0,0,False
Galidictis_fasciata,VU,VU,2022,1513,0.275522122538621,0.392770993455119,0,0,False
Myosorex_schalleri,DD,DD,1502,1514,0.392740031434255,0.392740031434255,0,0,False
Pteropus_voeltzkowi,VU,VU,1500,1515,0.393544048073622,0.39244738535497,0,0,False
Liomys_irroratus,LC,LC,1503,1516,0.392145302372256,0.392145302372256,0,0,False
Tarsius_dentatus,VU,VU,1504,1517,0.392038651336596,0.392038651336596,0,0,False
Cuscomys_ashaninka,DD,DD,1510,1518,0.390224127728131,0.391759204201965,0,0,False
Nelsonia_goldmani,EN,EN,1506,1519,0.390726403833996,0.390726403833996,0,0,False
Surdisorex_polulus,DD,DD,1507,1520,0.390684947435036,0.390684947435036,0,0,False
Coendou_speratus,VU,VU,1511,1521,0.390139487626508,0.390139487626508,0,0,False
Akodon_surdus,VU,VU,1505,1522,0.391361567858316,0.390066307182776,0,0,False
Oryx_beisa,EN,EN,1513,1523,0.389999421147192,0.389999421147192,0,0,False
Cabassous_chacoensis,NT,NT,1514,1524,0.389845582953181,0.389845582953103,0,0,False
Pattonomys_semivillosus,LC,LC,1515,1525,0.389727893083905,0.389727893083905,0,0,False
Cercartetus_concinnus,LC,LC,1516,1526,0.389579223239703,0.389579223239703,0,0,False
Volemys_millicens,NT,NT,1519,1527,0.388531739856282,0.389099223955589,0,0,False
Coelops_hirsutus,NE,VU,1690,1528,0.340649443691861,0.389070292043647,0,0,True
Melomys_caurinus,EN,EN,1518,1529,0.388760815538116,0.388760815538116,0,0,False
Ctenomys_bergi,EN,EN,1593,1530,0.365710382730711,0.388737515367627,0,0,False
Monodelphis_kunsi,LC,LC,1538,1531,0.384307607161022,0.388298575446056,0,0,False
Microgale_talazaci,LC,LC,1520,1532,0.387803830352553,0.387803830352553,0,0,False
Ursus_thibetanus,VU,VU,1522,1533,0.387275856522634,0.387275856522634,0,0,False
Aepeomys_reigi,VU,VU,1523,1534,0.386998848400054,0.386998848400054,0,0,False
Cebus_capucinus,VU,VU,1524,1535,0.386957471939526,0.386957471939526,0,0,False
Nesoryzomys_fernandinae,VU,VU,1526,1536,0.386366226769512,0.386366226769512,0,0,False
Otomops_wroughtoni,DD,DD,1528,1537,0.386035507575537,0.386035507575537,0,0,False
Myomimus_setzeri,DD,DD,1529,1538,0.386005369719746,0.386005369719746,0,0,False
Rattus_burrus,EN,EN,1530,1539,0.38595378329311,0.38595378329311,0,0,False
Dolichotis_salinicola,LC,LC,1531,1540,0.385595536700606,0.385595536700606,0,0,False
Hylomyscus_pamfi,DD,DD,1532,1541,0.385591077070015,0.385591077070015,0,0,False
Eonycteris_major,NT,NT,1533,1542,0.385462665595807,0.385462665595807,0,0,False
Pseudantechinus_ningbing,LC,LC,1534,1543,0.385360587212874,0.385360588165419,0,0,False
Rattus_simalurensis,EN,EN,1535,1544,0.385309036019706,0.385309036019706,0,0,False
Myomimus_personatus,DD,DD,1536,1545,0.384823592436124,0.384823592436124,0,0,False
Urotrichus_talpoides,LC,LC,1539,1546,0.384250853975826,0.384250853975826,0,0,False
Neophascogale_lorentzii,LC,LC,1540,1547,0.383602626531103,0.383602626531103,0,0,False
Planigale_ingrami,LC,LC,1541,1548,0.383445371779857,0.383445371779857,0,0,False
Apodemus_speciosus,LC,LC,1542,1549,0.383357535913357,0.383357535913357,0,0,False
Chaerephon_tomensis,EN,EN,1537,1550,0.384663910809555,0.381936954776089,0,0,False
Nycteris_major,DD,DD,1636,1551,0.356383350433927,0.38154354232418,0,0,False
Balaenoptera_borealis,EN,EN,1544,1552,0.381095717846512,0.381095717846512,0,0,False
Capra_nubiana,VU,VU,2509,1553,0.212913678573817,0.381029790054604,0,0,False
Suncus_megalura,LC,LC,1545,1554,0.381021814987398,0.381021814987398,0,0,False
Thylogale_lanatus,DD,EN,3397,1555,0.13879156250042,0.380887008069597,0,0,True
Poelagus_marjorita,LC,LC,1546,1556,0.380627553993979,0.380627553993979,0,0,False
Bullimus_gamay,VU,VU,1547,1557,0.38055527163618,0.38055527163618,0,0,False
Golunda_ellioti,LC,LC,1548,1558,0.380438931190478,0.380438931190478,0,0,False
Haplonycteris_fischeri,LC,LC,1549,1559,0.380204188741537,0.380204188741537,0,0,False
Erethizon_dorsatum,LC,LC,1550,1560,0.380047577340816,0.380047577340816,0,0,False
Chimarrogale_sumatrana,DD,DD,1551,1561,0.380026468697045,0.380026468697045,0,0,False
Nesoryzomys_swarthi,VU,VU,1552,1562,0.379750769926522,0.379750769926522,0,0,False
Mallomys_gunung,EN,EN,1553,1563,0.379516734781766,0.379516734781766,0,0,False
Barbastella_leucomelas,LC,LC,1554,1564,0.379148642998983,0.379148642998983,0,0,False
Ochotona_forresti,LC,LC,1555,1565,0.37861110298105,0.37861110298105,0,0,False
Tryphomys_adustus,DD,DD,1556,1566,0.37844989117342,0.37844989117342,0,0,False
Otopteropus_cartilagonodus,LC,LC,1557,1567,0.378390235911927,0.378390235911927,0,0,False
Murexia_melanurus,LC,LC,1558,1568,0.37825977815453,0.37825977815453,0,0,False
Amblysomus_septentrionalis,NT,NT,1559,1569,0.377665034784893,0.377665034784893,0,0,False
Akodon_philipmyersi,DD,DD,1543,1570,0.381719020357567,0.377587152016635,0,0,False
Microgale_pusilla,LC,LC,1560,1571,0.377173140037618,0.377173140037618,0,0,False
Melomys_talaudium,EN,EN,1561,1572,0.376761923598636,0.376761923598636,0,0,False
Miniopterus_fuscus,EN,EN,1562,1573,0.376685745383911,0.376685745382702,0,0,False
Myoictis_leucura,DD,DD,1563,1574,0.376360275793931,0.376360276200521,0,0,False
Gerbillurus_vallinus,LC,LC,1564,1575,0.375834867082904,0.37583486693295,0,0,False
Genetta_cristata,VU,VU,1565,1576,0.375222284364493,0.375222284364493,0,0,False
Pseudochirulus_schlegeli,VU,VU,1566,1577,0.374838070813888,0.374838070813888,0,0,False
Babyrousa_celebensis,VU,VU,1567,1578,0.373751651209426,0.37375165120978,0,0,False
Macaca_hecki,VU,VU,1568,1579,0.373198298532694,0.373198298532694,0,0,False
Colobus_polykomos,EN,EN,1570,1580,0.372767709867037,0.372859361971506,0,0,False
Mustela_felipei,VU,VU,1571,1581,0.372728650953175,0.372728650953175,0,0,False
Cephalorhynchus_hectori,EN,EN,1572,1582,0.372539342146519,0.372539342146519,0,0,False
Cricetulus_kamensis,LC,LC,1489,1583,0.396362534802844,0.372493963714892,0,0,False
Juliomys_rimofrons,NT,NT,1573,1584,0.372479885649309,0.372479885649309,0,0,False
Rhinopoma_macinnesi,LC,DD,4004,1585,0.100433608894755,0.372253086437413,0,0,True
Oligoryzomys_moojeni,DD,DD,1575,1586,0.372215671931296,0.372215671931296,0,0,False
Sminthopsis_bindi,NT,NT,1578,1587,0.370478733298971,0.370478733298971,0,0,False
Crateromys_paulus,DD,DD,1579,1588,0.370175402806843,0.370175402806843,0,0,False
Trachypithecus_cristatus,VU,VU,1580,1589,0.370027460743629,0.370027460743629,0,0,False
Thyroptera_wynneae,DD,DD,1581,1590,0.369736486481101,0.369736486481101,0,0,False
Choeronycteris_mexicana,NT,NT,1582,1591,0.369485867866846,0.369485867866846,0,0,False
Micronycteris_giovanniae,DD,DD,1583,1592,0.369348036060558,0.369348036060558,0,0,False
Sylvisorex_oriundus,DD,DD,1584,1593,0.36920004234956,0.36920004234956,0,0,False
Melomys_fraterculus,EN,EN,1585,1594,0.369083766487027,0.369083766487027,0,0,False
Akodon_lindberghi,DD,DD,1569,1595,0.372815394976216,0.368448234476665,0,0,False
Babyrousa_babyrussa,VU,VU,1587,1596,0.368161141778821,0.368161141780061,0,0,False
Malacothrix_typica,LC,LC,1588,1597,0.368123476799398,0.368123474680061,0,0,False
Mammuthus_primigenius,DD,DD,1589,1598,0.367840897249964,0.367840897249964,0,0,False
Ourebia_ourebi,LC,LC,1590,1599,0.367657789666622,0.367657789666622,0,0,False
Cercocebus_torquatus,EN,EN,1592,1600,0.366525414456153,0.366525414456153,0,0,False
Ctenomys_pundti,LC,EN,5537,1601,0.0365847269129436,0.365597982210689,0,0,True
Rhinophylla_fischerae,LC,LC,1594,1602,0.365582989520814,0.365582989520814,0,0,False
Cercopithecus_erythrotis,VU,VU,1595,1603,0.365524842008816,0.365524842008816,0,0,False
Dendrolagus_inustus,VU,VU,1596,1604,0.364814420364824,0.364814420364824,0,0,False
Myosorex_kabogoensis,DD,DD,1597,1605,0.364643385710553,0.364643385710553,0,0,False
Artibeus_inopinatus,DD,DD,1598,1606,0.364419806876926,0.364419806876926,0,0,False
Surdisorex_schlitteri,DD,DD,1599,1607,0.364325275726828,0.364325275726828,0,0,False
Rhinolophus_hipposideros,LC,LC,1601,1608,0.364011809151667,0.364011809151667,0,0,False
Oecomys_paricola,DD,DD,1602,1609,0.363989332938922,0.363989332938922,0,0,False
Suncus_hosei,DD,DD,1605,1610,0.363788976875706,0.363788976875706,0,0,False
Salpingotus_heptneri,DD,DD,1606,1611,0.363728705481338,0.363728705481338,0,0,False
Mammuthus_columbi,DD,DD,1607,1612,0.363385326375995,0.363385326375995,0,0,False
Akodon_pervalens,DD,DD,1603,1613,0.363973365952559,0.363299286449012,0,0,False
Chelemys_megalonyx,NT,NT,1608,1614,0.363246190459699,0.363246190459699,0,0,False
Atherurus_macrourus,LC,LC,1609,1615,0.363232877184787,0.363232877184787,0,0,False
Microdipodops_pallidus,LC,LC,1610,1616,0.362821179134963,0.362821179134963,0,0,False
Crocidura_negrina,EN,EN,1611,1617,0.362585423028038,0.362585423028038,0,0,False
Dendromus_melanotis,LC,LC,1612,1618,0.361822070064704,0.36182207006441,0,0,False
Microdipodops_megacephalus,LC,LC,1614,1619,0.361101456711827,0.361101456711827,0,0,False
Mesoplodon_ginkgodens,DD,DD,1618,1620,0.360097575884834,0.361045471267227,0,0,False
Rattus_mollicomulus,EN,EN,1615,1621,0.360941675897738,0.360941675897738,0,0,False
Sorex_neomexicanus,LC,DD,3821,1622,0.111679258744731,0.360813398220877,0,0,True
Eliomys_quercinus,VU,VU,1616,1623,0.360502031773427,0.360502031773427,0,0,False
Eumops_wilsoni,DD,DD,1617,1624,0.360130569344031,0.360130569344031,0,0,False
Phyllotis_alisosiensis,EN,EN,1619,1625,0.360090960979469,0.360090960979469,0,0,False
Kannabateomys_amblyonyx,LC,LC,1621,1626,0.359670292496605,0.359670292496605,0,0,False
Desmodus_draculae,DD,DD,1622,1627,0.35913949862118,0.35913949862118,0,0,False
Cryptotis_magna,VU,VU,1620,1628,0.359978733405676,0.358922637956693,0,0,False
Gracilinanus_aceramarcae,LC,LC,1623,1629,0.358869816922779,0.358869816922779,0,0,False
Neomys_fodiens,LC,LC,1624,1630,0.358858271391188,0.358858271391188,0,0,False
Choloepus_hoffmanni,LC,LC,1625,1631,0.358716012423787,0.358716012423787,0,0,False
Spermophilus_xanthoprymnus,NT,NT,1626,1632,0.358575174090704,0.358575174090704,0,0,False
Habromys_lophurus,NT,NT,1442,1633,0.410883210635739,0.358478075013946,0,0,False
Choloepus_didactylus,LC,LC,1627,1634,0.358215776404806,0.358215776404806,0,0,False
Diplomys_caniceps,DD,DD,1628,1635,0.35818925754111,0.35818925754111,0,0,False
Taphozous_achates,DD,DD,1629,1636,0.358153292263055,0.358153292263055,0,0,False
Myotis_pilosus,VU,VU,1631,1637,0.357001800201224,0.358076833271433,0,0,False
Otaria_bryonia,DD,DD,1630,1638,0.357217135333379,0.35721715253891,0,0,False
Ototylomys_phyllotis,LC,LC,1632,1639,0.356896477592309,0.356896477592309,0,0,False
Saguinus_martinsi,NT,NT,1633,1640,0.356888814198918,0.356888815106601,0,0,False
Presbytis_rubicunda,VU,VU,1634,1641,0.35687713520743,0.35687713520743,0,0,False
Tamias_bulleri,VU,VU,1635,1642,0.356639054525358,0.356639054525358,0,0,False
Pithecheirops_otion,DD,DD,1637,1643,0.355924413319417,0.355924413319417,0,0,False
Emballonura_beccarii,LC,LC,1638,1644,0.355172199464011,0.355172199463751,0,0,False
Melomys_aerosus,EN,EN,1639,1645,0.35490552210015,0.35490552210015,0,0,False
Presbytis_hosei,VU,VU,1640,1646,0.354216235657967,0.354216235657967,0,0,False
Philantomba_walteri,DD,DD,1641,1647,0.354097502723846,0.354097502723846,0,0,False
Miopithecus_ogouensis,NT,NT,1642,1648,0.353922662016923,0.353922662016923,0,0,False
Taphozous_hamiltoni,DD,DD,1643,1649,0.353491497719005,0.353491497719005,0,0,False
Ctenodactylus_vali,DD,DD,1644,1650,0.353422487799881,0.353422487799881,0,0,False
Parastrellus_hesperus,LC,LC,1662,1651,0.348099453552716,0.353116805878527,0,0,False
Melomys_matambuai,EN,EN,1645,1652,0.352973027178987,0.352973027178987,0,0,False
Lutrogale_perspicillata,VU,VU,1574,1653,0.372239191920095,0.352798881096374,0,0,False
Tachyoryctes_splendens,LC,LC,1646,1654,0.352582237698456,0.352582237698456,0,0,False
Diaemus_youngi,LC,LC,1649,1655,0.351465517694971,0.351465517694971,0,0,False
Alouatta_palliata,VU,VU,1679,1656,0.343584249374574,0.351396502918355,0,0,False
Cercopithecus_campbelli,NT,NT,1651,1657,0.350017508546466,0.350017508546466,0,0,False
Bunomys_coelestis,EN,EN,1652,1658,0.349820226845312,0.349820226845312,0,0,False
Echiothrix_centrosa,VU,VU,1653,1659,0.3497080947643,0.3497080947643,0,0,False
Petrogale_sharmani,VU,VU,1654,1660,0.349606968326333,0.349606968326333,0,0,False
Pteropus_anetianus,VU,VU,1655,1661,0.349286644330292,0.349268254706149,0,0,False
Caluromys_philander,LC,LC,1657,1662,0.349129859990864,0.349129859990864,0,0,False
Alticola_olchonensis,EN,EN,1656,1663,0.349251140110252,0.349102027828736,0,0,False
Juscelinomys_huanchacae,DD,DD,1658,1664,0.348550346273312,0.348550346273312,0,0,False
Plecotus_austriacus,NT,NT,1659,1665,0.3484415819869,0.3484415819869,0,0,False
Neotragus_batesi,LC,LC,1660,1666,0.348253904725882,0.348253904725882,0,0,False
Bos_primigenius,EX,EX,1661,1667,0.348252017075871,0.348252017075871,0,0,False
Mogera_uchidai,VU,VU,1663,1668,0.348043356274512,0.348043356274512,0,0,False
Echinops_telfairi,LC,LC,1664,1669,0.348029707273041,0.348029707273041,0,0,False
Apodemus_argenteus,LC,LC,1667,1670,0.347768763287064,0.347768763287064,0,0,False
Nesotragus_moschatus,LC,LC,1668,1671,0.347684198207417,0.347684198207417,0,0,False
Dryomys_laniger,DD,DD,1669,1672,0.347507803249916,0.347507803249916,0,0,False
Melomys_bannisteri,EN,EN,1670,1673,0.347440718244945,0.347440718244945,0,0,False
Hipposideros_orbiculus,VU,VU,1671,1674,0.347281148588145,0.347281148588145,0,0,False
Tamiops_rodolphii,LC,LC,1672,1675,0.347226373655757,0.347226373655837,0,0,False
Hylopetes_winstoni,DD,DD,1673,1676,0.34697040556038,0.34697040556038,0,0,False
Pseudantechinus_woolleyae,LC,LC,1674,1677,0.346604911828286,0.346604911828286,0,0,False
Trinomys_eliasi,NT,NT,1675,1678,0.346479819638047,0.346479787870202,0,0,False
Ochotona_syrinx,LC,LC,1676,1679,0.346141273390817,0.346141273390817,0,0,False
Cryptotis_phillipsii,VU,VU,1666,1680,0.34788830644272,0.344298122654269,0,0,False
Juscelinomys_guaporensis,DD,DD,1677,1681,0.344267871376478,0.344267871376478,0,0,False
Punomys_lemminus,VU,VU,1678,1682,0.343782492920548,0.343782492844465,0,0,False
Urogale_everetti,LC,LC,1680,1683,0.343274954813209,0.343274954813209,0,0,False
Paramelomys_gressitti,EN,EN,1681,1684,0.343198360481015,0.343198360481015,0,0,False
Aconaemys_porteri,DD,DD,1682,1685,0.342872573191111,0.342872573191111,0,0,False
Hipposideros_inornatus,VU,VU,1683,1686,0.342768178410881,0.342768178410881,0,0,False
Echiothrix_leucura,VU,VU,1684,1687,0.342753465347239,0.342753465347239,0,0,False
Presbytis_natunae,VU,VU,1685,1688,0.342510963049898,0.342510963049898,0,0,False
Ozotoceros_bezoarticus,NT,NT,1600,1689,0.364091784923897,0.342364707616678,0,0,False
Setifer_setosus,LC,LC,1686,1690,0.341915859104125,0.341915859104125,0,0,False
Planigale_tenuirostris,LC,LC,1687,1691,0.341911955935476,0.341911955935476,0,0,False
Mormopterus_halli,DD,DD,1688,1692,0.341550823249679,0.341550756205098,0,0,False
Aonyx_cinerea,VU,VU,1604,1693,0.363851052175476,0.341399028745665,0,0,False
Heteromys_teleus,VU,VU,1689,1694,0.341235740777136,0.341235740777136,0,0,False
Salpingotus_pallidus,DD,DD,1693,1695,0.340042275952969,0.340042275952969,0,0,False
Hipposideros_durgadasi,VU,VU,1695,1696,0.339608066274956,0.339608066274956,0,0,False
Pusa_caspica,EN,EN,1696,1697,0.338983892959754,0.338983892959754,0,0,False
Euryoryzomys_lamia,VU,VU,1698,1698,0.338666536733059,0.338666536733059,0,0,False
Erinaceus_europaeus,NT,NT,1699,1699,0.338553188281396,0.338553188281396,0,0,False
Pseudomys_australis,VU,VU,1650,1700,0.350411605836235,0.338017150881229,0,0,False
Eira_barbara,LC,LC,1700,1701,0.337961860553052,0.337961860553052,0,0,False
Dermanura_rosenbergii,DD,DD,1697,1702,0.338737671214339,0.337487665607303,0,0,False
Tamias_striatus,LC,LC,1702,1703,0.336981994095135,0.336981994095135,0,0,False
Echimys_saturnus,DD,DD,1703,1704,0.33674260099287,0.33674260099287,0,0,False
Funisciurus_bayonii,DD,DD,1704,1705,0.336186659277331,0.336186659277331,0,0,False
Antechinus_stuartii,LC,LC,1692,1706,0.34021045123046,0.336083987178255,0,0,False
Ptenochirus_minor,LC,LC,1705,1707,0.336029515423946,0.336029515423946,0,0,False
Thylogale_billardierii,LC,LC,1707,1708,0.33521251818974,0.33521244548828,0,0,False
Apodemus_gurkha,LC,LC,1708,1709,0.334871493289257,0.334871493289257,0,0,False
Cannomys_badius,LC,LC,1709,1710,0.334647787730255,0.334647787730255,0,0,False
Spilocuscus_kraemeri,NT,NT,1710,1711,0.334623012685433,0.334623012685433,0,0,False
Microcebus_arnholdi,VU,VU,1815,1712,0.309868207200274,0.334444066469662,0,0,False
Pithecheir_melanurus,VU,VU,1712,1713,0.333717843250553,0.333717843250553,0,0,False
Equus_neogeus,DD,DD,1713,1714,0.333697534034651,0.333697534034651,0,0,False
Cebuella_pygmaea,VU,VU,1714,1715,0.333485381243018,0.333485381243018,0,0,False
Echimys_vieirai,DD,DD,1715,1716,0.333481920529914,0.333481920529914,0,0,False
Cryptotis_meridensis,VU,VU,1691,1717,0.340441438597655,0.333434868511566,0,0,False
Equus_capensis,DD,DD,1717,1718,0.333023690068777,0.333023690068777,0,0,False
Sus_verrucosus,EN,EN,1817,1719,0.309812246736253,0.332940824750831,0,0,False
Praomys_mutoni,NT,NT,1718,1720,0.33249123110263,0.33249123110263,0,0,False
Eptesicus_japonensis,VU,VU,1694,1721,0.33972177449067,0.332141782052147,0,0,False
Hylopetes_bartelsi,DD,DD,1719,1722,0.331712600281775,0.331712600281775,0,0,False
Planigale_gilesi,LC,LC,1720,1723,0.33112182849171,0.33112182849171,0,0,False
Chalinolobus_dwyeri,VU,VU,1647,1724,0.351641707032852,0.331045798156151,0,0,False
Lepus_starcki,LC,LC,1721,1725,0.33089890361147,0.330898903611498,0,0,False
Eliurus_ellermani,DD,DD,1722,1726,0.330625475643898,0.330625475643898,0,0,False
Arielulus_cuprosus,VU,VU,1701,1727,0.337161052423634,0.330479158093957,0,0,False
Hipposideros_edwardshilli,VU,VU,1723,1728,0.330240262644888,0.330240262644888,0,0,False
Talpa_altaica,LC,LC,1724,1729,0.330220292633084,0.330220292633084,0,0,False
Herpestes_brachyurus,NT,NT,1725,1730,0.330103648541216,0.330103642243403,0,0,False
Colobus_satanas,VU,VU,1726,1731,0.329960606088376,0.329996415316983,0,0,False
Paraxerus_cooperi,DD,DD,1727,1732,0.329672870068165,0.329672870068165,0,0,False
Hipposideros_stenotis,VU,VU,1728,1733,0.329575127863599,0.329575127863599,0,0,False
Avahi_ramanantsoavanai,VU,VU,1729,1734,0.32955285831136,0.32955285831136,0,0,False
Dendrohyrax_validus,NT,NT,1732,1735,0.329075550230375,0.329075550230375,0,0,False
Ctenomys_pilarensis,EN,EN,1744,1736,0.325902028939772,0.328748484009845,0,0,False
Irenomys_tarsalis,LC,LC,1731,1737,0.329155925075859,0.328474113170862,0,0,False
Sorex_hoyi,LC,LC,1730,1738,0.329171774904071,0.32806523625543,0,0,False
Sundasciurus_brookei,LC,LC,1733,1739,0.328044581554837,0.328044581554837,0,0,False
Atherurus_africanus,LC,LC,1734,1740,0.327042187384044,0.327042187384044,0,0,False
Glyphonycteris_sylvestris,LC,LC,1736,1741,0.32659137086296,0.32659137086296,0,0,False
Marmosa_murina,LC,LC,1737,1742,0.326502822421381,0.326502007113473,0,0,False
Paratriaenops_auritus,VU,VU,1749,1743,0.324344130248865,0.326465602583054,0,0,False
Peropteryx_trinitatis,DD,DD,1738,1744,0.326394206322812,0.326394206322812,0,0,False
Trachypithecus_auratus,VU,VU,1739,1745,0.326348860242371,0.326348860242371,0,0,False
Microhydromys_argenteus,DD,DD,1740,1746,0.326266546188038,0.326266546188038,0,0,False
Marmosops_invictus,LC,LC,1741,1747,0.326209328987044,0.326209328987044,0,0,False
Gerbillus_nancillus,DD,DD,1748,1748,0.325450534719666,0.326057455888146,0,0,False
Delomys_altimontanus,NE,DD,1742,1749,0.325993026873118,0.325993026873118,0,0,True
Paracrocidura_graueri,DD,DD,1743,1750,0.325962766109182,0.325962766109182,0,0,False
Crocidura_nimbae,NT,NT,1746,1751,0.325822192793565,0.325822192793565,0,0,False
Pseudomys_fumeus,VU,VU,1745,1752,0.325825607861231,0.324897687295929,0,0,False
Coelops_frithii,NT,NT,1586,1753,0.368199299613312,0.324731953211338,0,0,False
Murina_guilleni,NE,DD,1750,1754,0.324306460497733,0.324306460497733,0,0,True
Avahi_occidentalis,VU,VU,1751,1755,0.324050619339006,0.324050619339006,0,0,False
Gazella_leptoceros,EN,EN,1827,1756,0.308589080244794,0.32398952771986,0,0,False
Lariscus_niobe,DD,DD,1752,1757,0.323988358812326,0.323988358812326,0,0,False
Hylaeamys_acritus,DD,DD,1786,1758,0.315355858537628,0.323954361473032,0,0,False
Kerivoula_flora,VU,VU,1753,1759,0.323818980076888,0.323818980076888,0,0,False
Trachypithecus_barbei,VU,VU,1757,1760,0.322963420082072,0.322963420082072,0,0,False
Glyphonycteris_daviesi,LC,LC,1758,1761,0.322612724422677,0.322612724422677,0,0,False
Chaetodipus_lineatus,LC,DD,4379,1762,0.077671780910861,0.321629045822518,0,0,True
Petaurista_leucogenys,LC,LC,1735,1763,0.326764029951422,0.321600443685073,0,0,False
Mormopterus_loriae,DD,DD,1759,1764,0.321391202117787,0.321390865148241,0,0,False
Phyllostomus_discolor,LC,LC,1711,1765,0.334505488465524,0.321104599365771,0,0,False
Paratriaenops_pauliani,DD,DD,1776,1766,0.317905903456196,0.320871080768791,0,0,False
Gazella_dorcas,VU,VU,3146,1767,0.156883243708788,0.32082740121021,0,0,False
Cephalophus_dorsalis,NT,NT,1760,1768,0.320815265109216,0.320815265109215,0,0,False
Vombatus_ursinus,LC,LC,1762,1769,0.320212878495601,0.320212878495601,0,0,False
Caperea_marginata,LC,LC,1763,1770,0.320009365610426,0.320009365610426,0,0,False
Uropsilus_andersoni,DD,NT,1196,1771,0.501018172816158,0.319872878379935,0,0,True
Heliosciurus_punctatus,DD,DD,1765,1772,0.319815226490395,0.319815226490395,0,0,False
Asellia_arabica,DD,DD,1766,1773,0.319605394839094,0.319641575837549,0,0,False
Lasiurus_minor,VU,VU,1767,1774,0.319558003996551,0.319558003996551,0,0,False
Chrysochloris_stuhlmanni,LC,LC,1769,1775,0.319484135495858,0.319484135495858,0,0,False
Ochotona_rufescens,LC,LC,1770,1776,0.318734243435768,0.318734243435768,0,0,False
Hylopetes_platyurus,DD,DD,1771,1777,0.318693899444782,0.318693899444782,0,0,False
Octodontomys_gliroides,LC,LC,1773,1778,0.318552894196051,0.318552894196051,0,0,False
Crocidura_wuchihensis,DD,DD,1774,1779,0.318351749758082,0.318351749761864,0,0,False
Lasiurus_degelidus,VU,VU,1775,1780,0.31828195266677,0.31828195266677,0,0,False
Marmosa_phaea,NT,NT,1706,1781,0.335371467903848,0.318224249890783,0,0,False
Microcebus_danfossi,VU,VU,1918,1782,0.292252779635151,0.317454838077642,0,0,False
Bassaricyon_neblina,NT,NT,1778,1783,0.317255253343879,0.317255260987111,0,0,False
Dendromus_nyikae,LC,LC,1779,1784,0.317076195992537,0.317076184050866,0,0,False
Euderma_maculatum,LC,LC,1783,1785,0.316134159632251,0.316717551419039,0,0,False
Phodopus_roborovskii,LC,LC,1781,1786,0.31629332059001,0.316275940787625,0,0,False
Avahi_peyrierasi,VU,VU,1782,1787,0.316262279213854,0.316262279213854,0,0,False
Smilodon_populator,DD,DD,1794,1788,0.313358511435962,0.315839047786617,0,0,False
Thomasomys_andersoni,VU,VU,1785,1789,0.315487071579793,0.315487071579793,0,0,False
Sundasciurus_lowii,LC,LC,1787,1790,0.315106948997817,0.315106948997817,0,0,False
Gracilinanus_microtarsus,LC,LC,1790,1791,0.314430322282022,0.314430322282022,0,0,False
Tupaia_gracilis,LC,LC,1793,1792,0.313877159740577,0.313877159740577,0,0,False
Microhydromys_richardsoni,DD,DD,1802,1793,0.312343660088675,0.313589398571034,0,0,False
Hesperoptenus_doriae,DD,DD,1716,1794,0.333159521276137,0.313586218362889,0,0,False
Lepus_callotis,VU,VU,1797,1795,0.312966888922102,0.31316938167,0,0,False
Dasyurus_spartacus,NT,NT,1799,1796,0.312867846837021,0.312867846837021,0,0,False
Casinycteris_campomaanensis,DD,DD,1800,1797,0.312698728511217,0.312698728511217,0,0,False
Saccopteryx_canescens,LC,LC,1803,1798,0.312226347893742,0.312226347893742,0,0,False
Molossus_sinaloae,LC,LC,1805,1799,0.312084781990532,0.312084781990532,0,0,False
Echymipera_clara,LC,LC,1806,1800,0.312004981920044,0.312004981920044,0,0,False
Neoromicia_brunnea,DD,NT,1426,1801,0.418630564179648,0.311861042188917,0,0,True
Apodemus_mystacinus,LC,LC,1807,1802,0.311769339038666,0.311769339038666,0,0,False
Crocidura_hispida,VU,VU,1792,1803,0.314064147740753,0.311757750608539,0,0,False
Pipistrellus_macrotis,DD,DD,1780,1804,0.316902049918271,0.31161013880711,0,0,False
Microgale_longicaudata,LC,LC,1808,1805,0.311357228718571,0.311357228718571,0,0,False
Aegialomys_galapagoensis,VU,VU,1809,1806,0.311011451869203,0.311011451869203,0,0,False
Phyllomys_lamarum,DD,DD,1810,1807,0.310967042002852,0.310967042002852,0,0,False
Oligoryzomys_rupestris,DD,DD,1811,1808,0.310892228216679,0.310892228216679,0,0,False
Pipistrellus_joffrei,DD,DD,1777,1809,0.317870532179999,0.31058999540863,0,0,False
Eptesicus_platyops,DD,DD,1761,1810,0.3207808311229,0.310180798920447,0,0,False
Lophocebus_albigena,VU,VU,1814,1811,0.30996259676832,0.30996259676832,0,0,False
Makalata_obscura,DD,DD,1816,1812,0.309853608536402,0.309853608536402,0,0,False
Allenopithecus_nigroviridis,LC,LC,1818,1813,0.309706536270808,0.309706536270808,0,0,False
Mormopterus_minutus,VU,VU,1764,1814,0.319975327497165,0.309636380860214,0,0,False
Naemorhedus_griseus,NE,DD,1819,1815,0.309622304144175,0.309622304144175,0,0,True
Arielulus_circumdatus,LC,LC,1829,1816,0.308176352864072,0.309603955058852,0,0,False
Kobus_leche,NT,NT,1823,1817,0.309192424650085,0.309192424650085,0,0,False
Dasyurus_geoffroii,NT,NT,1824,1818,0.309134511979907,0.309134511979907,0,0,False
Mosia_nigrescens,LC,LC,1825,1819,0.308770782106371,0.308770782106371,0,0,False
Dremomys_pernyi,LC,LC,1826,1820,0.30875148725618,0.308751401444829,0,0,False
Lasionycteris_noctivagans,LC,LC,1821,1821,0.309314847609909,0.308252321818793,0,0,False
Prionodon_pardicolor,LC,LC,1830,1822,0.308164230472328,0.308164230472328,0,0,False
Eptesicus_tatei,DD,DD,1804,1823,0.312154098166051,0.306952289185148,0,0,False
Tympanoctomys_kirchnerorum,DD,DD,1834,1824,0.306810071868068,0.306810071868068,0,0,False
Akodon_aliquantulus,DD,DD,1828,1825,0.308183280409193,0.306791652578138,0,0,False
Otomys_zinki,VU,VU,1835,1826,0.306636587402873,0.306636587402873,0,0,False
Cephalophus_leucogaster,NT,NT,1836,1827,0.306518008806442,0.306511073178802,0,0,False
Vicugna_pacos,DD,DD,1841,1828,0.306037487041436,0.306366985788174,0,0,False
Eliurus_grandidieri,LC,LC,1838,1829,0.306264943392066,0.306264943392066,0,0,False
Lasiorhinus_latifrons,LC,LC,1839,1830,0.306212010183496,0.306212010183496,0,0,False
Kerivoula_myrella,VU,VU,1842,1831,0.305979852989301,0.305979852989301,0,0,False
Pipistrellus_maderensis,EN,EN,1832,1832,0.306990936503352,0.305971618993328,0,0,False
Alticola_montosa,VU,VU,1837,1833,0.306314636976053,0.305571248432699,0,0,False
Graphiurus_monardi,DD,DD,1844,1834,0.305223693606959,0.305223693606959,0,0,False
Crocidura_lanosa,VU,VU,1833,1835,0.306939154605551,0.305079486267053,0,0,False
Lasiurus_insularis,VU,VU,1845,1836,0.305059081240832,0.305059081240832,0,0,False
Brucepattersonius_igniventris,DD,DD,2032,1837,0.273818985289007,0.30466836484083,0,0,False
Capra_sibirica,NT,NT,1848,1838,0.304605847108381,0.304605848788314,0,0,False
Octomys_mimax,LC,LC,1849,1839,0.3045386181658,0.3045386181658,0,0,False
Crocidura_eisentrauti,VU,VU,1846,1840,0.304919089808453,0.304379615844792,0,0,False
Lutra_lutra,NT,NT,1847,1841,0.304609656372928,0.30427052437198,0,0,False
Prionodon_linsang,LC,LC,1850,1842,0.304022101836871,0.304022101836871,0,0,False
Pteropus_dasymallus,VU,VU,1854,1843,0.303154932537564,0.303715292568264,0,0,False
Vampyressa_elisabethae,NE,DD,1851,1844,0.303689328192012,0.303689564827454,0,0,True
Dipus_sagitta,LC,LC,1852,1845,0.303564194381513,0.303564194381513,0,0,False
Crocidura_desperata,VU,VU,1840,1846,0.306160169582677,0.303439677424889,0,0,False
Eligmodontia_hirtipes,NE,DD,1853,1847,0.303374463810063,0.303374463810063,0,0,True
Homotherium_serum,DD,DD,1876,1848,0.299365753088039,0.30327132740818,0,0,False
Akodon_sanctipaulensis,DD,DD,1857,1849,0.302609096355945,0.30215870664427,0,0,False
Tupaia_belangeri,LC,LC,1859,1850,0.302092889005937,0.302092889005937,0,0,False
Myotis_escalerai,NT,NT,1862,1851,0.301072613182786,0.301907885281701,0,0,False
Myomyscus_brockmani,LC,LC,1860,1852,0.301797789513736,0.301797789513736,0,0,False
Pipistrellus_inexspectatus,DD,DD,1791,1853,0.314326124550627,0.301718375964793,0,0,False
Ctenomys_andersoni,NE,DD,1911,1854,0.293281996567773,0.30141534840307,0,0,True
Mormopterus_phrudus,VU,VU,1788,1855,0.314852854740195,0.301053936177886,0,0,False
Hemitragus_jemlahicus,NT,NT,1863,1856,0.300937428662065,0.300937434595726,0,0,False
Pteropus_gilliardorum,VU,VU,1864,1857,0.30063181623204,0.30063181623204,0,0,False
Brachytarsomys_albicauda,LC,LC,1865,1858,0.300611061832106,0.300611061832106,0,0,False
Sundasciurus_davensis,DD,DD,1866,1859,0.300485636466289,0.300485636466289,0,0,False
Pseudantechinus_mimulus,NT,NT,1869,1860,0.300212058556326,0.300212058556326,0,0,False
Eliurus_antsingy,DD,DD,1870,1861,0.300032665916868,0.300032665916868,0,0,False
Viverricula_indica,LC,LC,1871,1862,0.299907700749964,0.299907700749964,0,0,False
Dendrolagus_bennettianus,NT,NT,1872,1863,0.299695450923357,0.299695450923357,0,0,False
Cryptotis_alticola,DD,NT,1439,1864,0.411218647732145,0.299601940806618,0,0,True
Microtus_guatemalensis,NT,NT,1878,1865,0.299197736848961,0.299512162885678,0,0,False
Dasypus_kappleri,LC,LC,1874,1866,0.299497158891926,0.299497158891926,0,0,False
Castor_fiber,LC,LC,1875,1867,0.299470931431829,0.299470931431829,0,0,False
Sorex_trowbridgii,LC,LC,1861,1868,0.301101833247942,0.299226707345264,0,0,False
Herpailurus_yagouaroundi,LC,NT,3708,1869,0.118041272031782,0.299008046301215,0,0,True
Blarinella_wardi,LC,LC,1880,1870,0.29896216268827,0.29896216268827,0,0,False
Tarsius_lariang,DD,DD,1881,1871,0.298685189507948,0.298685189507948,0,0,False
Gracilinanus_agilis,LC,LC,1882,1872,0.298664128249689,0.298664128249689,0,0,False
Murina_beelzebub,DD,DD,1883,1873,0.298535997244906,0.298535997244906,0,0,False
Vulpes_pallida,LC,LC,1884,1874,0.298443015804095,0.298443015804095,0,0,False
Euroscaptor_mizura,LC,LC,1886,1875,0.298034237349801,0.298034237349801,0,0,False
Murina_fusca,DD,DD,1887,1876,0.2978267617767,0.2978267617767,0,0,False
Coendou_nycthemera,DD,DD,1888,1877,0.297697596847435,0.297697596847435,0,0,False
Tamiasciurus_mearnsi,LC,EN,5660,1878,0.0304611020929109,0.297580923055336,0,0,True
Sorex_arizonae,LC,LC,1873,1879,0.299620946535449,0.297563794188471,0,0,False
Lagidium_wolffsohni,DD,DD,1831,1880,0.30729497782931,0.297379212802032,0,0,False
Panthera_onca,NT,NT,1891,1881,0.29721908446204,0.29721908446204,0,0,False
Molossops_neglectus,DD,DD,1892,1882,0.296923228621561,0.29692324396967,0,0,False
Pipistrellus_minahassae,DD,DD,1822,1883,0.309220664398111,0.296801007790679,0,0,False
Emballonura_raffrayana,LC,LC,1893,1884,0.296775898614452,0.296775898613782,0,0,False
Oxymycterus_wayku,VU,VU,1885,1885,0.298073015504659,0.296733399828532,0,0,False
Petrogale_burbidgei,NT,NT,1894,1886,0.296677585571449,0.296677585571449,0,0,False
Neotomys_ebriosus,LC,LC,1895,1887,0.296378105534348,0.296053483443319,0,0,False
Caluromys_lanatus,LC,LC,1897,1888,0.296005760725865,0.296005760725865,0,0,False
Dipodomys_deserti,LC,LC,1898,1889,0.295980250856798,0.295980250856798,0,0,False
Caluromys_derbianus,LC,LC,1900,1890,0.295764788225793,0.295764788225793,0,0,False
Castor_canadensis,LC,LC,1902,1891,0.294955200306968,0.294955200306968,0,0,False
Phacochoerus_africanus,LC,LC,1905,1892,0.294366390569093,0.29436639056924,0,0,False
Sturnira_bidens,LC,LC,1906,1893,0.294330522872452,0.294330522872452,0,0,False
Apodemus_peninsulae,LC,LC,1907,1894,0.294226374357684,0.294226374357684,0,0,False
Chodsigoa_salenskii,DD,DD,1801,1895,0.312567743502644,0.293796521639633,0,0,False
Paraxerus_lucifer,DD,DD,1908,1896,0.293767855421322,0.293767855421322,0,0,False
Presbytis_comata,VU,VU,1909,1897,0.293728770570281,0.293728770570281,0,0,False
Kerivoula_cuprosa,DD,DD,1910,1898,0.293691948069121,0.293691948069121,0,0,False
Sylvilagus_dicei,VU,VU,2107,1899,0.264212966992474,0.293100552152541,0,0,False
Xerus_rutilus,LC,LC,1912,1900,0.292955621501643,0.292955621501643,0,0,False
Glauconycteris_humeralis,DD,DD,1856,1901,0.302775268549983,0.292917544457872,0,0,False
Galagoides_orinus,DD,VU,1923,1902,0.29119199493628,0.292867614214274,0,0,True
Crocidura_lucina,VU,VU,1877,1903,0.299293250431407,0.292798382986765,0,0,False
Eothenomys_proditor,DD,DD,1914,1904,0.292729404837338,0.292729403753564,0,0,False
Chiromyscus_thomasi,NE,DD,1916,1905,0.292697915467794,0.292697915467794,0,0,True
Glauconycteris_curryae,DD,DD,1890,1906,0.297336508678594,0.292390544314495,0,0,False
Dendrolagus_lumholtzi,NT,NT,1920,1907,0.291748093197589,0.291748093197589,0,0,False
Ctenomys_lessai,NE,DD,1970,1908,0.283025524065257,0.291350626165634,0,0,True
Micronycteris_matses,DD,DD,1922,1909,0.291283640314888,0.291283640314888,0,0,False
Episoriculus_leucops,LC,LC,1924,1910,0.291098524943986,0.291098524943986,0,0,False
Amblysomus_corriae,NT,NT,1925,1911,0.291065522515295,0.291065522515295,0,0,False
Malacomys_cansdalei,LC,LC,1926,1912,0.290966512961132,0.290966512961132,0,0,False
Martes_pennanti,LC,LC,1927,1913,0.290727236442221,0.290727236442221,0,0,False
Mesoplodon_bowdoini,DD,DD,1929,1914,0.290378146185467,0.290378146185467,0,0,False
Harpiola_grisea,DD,DD,1930,1915,0.290326428461676,0.290326428461676,0,0,False
Glauconycteris_gleni,DD,DD,1917,1916,0.292511771003584,0.290241128851968,0,0,False
Crocidura_usambarae,VU,VU,1921,1917,0.291734765430982,0.290042896648682,0,0,False
Funisciurus_substriatus,DD,DD,1931,1918,0.289900549645399,0.289900549645399,0,0,False
Episoriculus_caudatus,LC,LC,1932,1919,0.289871647848984,0.289871647848984,0,0,False
Sminthopsis_virginiae,LC,LC,1934,1920,0.289626639042575,0.289626639042575,0,0,False
Anourosorex_schmidi,DD,DD,1935,1921,0.289571368182801,0.289571368182801,0,0,False
Pipistrellus_musciculus,DD,DD,1867,1922,0.300453202012345,0.289530234504705,0,0,False
Sminthopsis_macroura,LC,LC,1937,1923,0.289389658569166,0.289389658569166,0,0,False
Funisciurus_duchaillui,DD,DD,1940,1924,0.288474048457453,0.288474048457453,0,0,False
Mazama_chunyi,VU,VU,1843,1925,0.305782325245002,0.288318986565047,0,0,False
Petaurillus_kinlochii,DD,DD,1942,1926,0.287991938133537,0.287991938133537,0,0,False
Rheomys_thomasi,NT,VU,3294,1927,0.146555902110138,0.28769432085218,0,0,True
Anoura_canishina,DD,DD,1943,1928,0.287576556109421,0.287576556109421,0,0,False
Elephas_cypriotes,DD,DD,1945,1929,0.287081668566218,0.287081668566218,0,0,False
Anisomys_imitator,LC,LC,1947,1930,0.286783210152144,0.286783210152144,0,0,False
Saguinus_geoffroyi,NT,NT,1948,1931,0.286700998768194,0.286701000753421,0,0,False
Balaenoptera_bonaerensis,NT,NT,1950,1932,0.286263381238298,0.286263381238298,0,0,False
Ctenomys_tucumanus,DD,DD,2010,1933,0.276561683064223,0.286104719699845,0,0,False
Hesperoptenus_blanfordi,LC,LC,1967,1934,0.28324082938405,0.286094188547663,0,0,False
Pteropus_conspicillatus,EN,EN,1951,1935,0.285832499515844,0.285832499515844,0,0,False
Philander_olrogi,NE,DD,1879,1936,0.299040976487877,0.285626927595681,0,0,True
Dasypus_novemcinctus,LC,LC,1952,1937,0.285618402477675,0.285618402477675,0,0,False
Hipposideros_camerunensis,DD,DD,1953,1938,0.285598985354141,0.285598985354141,0,0,False
Sminthopsis_youngsoni,LC,LC,1954,1939,0.285490456419215,0.285490410567906,0,0,False
Tamiops_macclellandii,LC,LC,1955,1940,0.285336905292915,0.28533690529093,0,0,False
Oreamnos_harringtoni,DD,DD,1956,1941,0.285325380485096,0.285325380485096,0,0,False
Gazella_gazella,EN,EN,2160,1942,0.258081716928125,0.285178717523456,0,0,False
Microcebus_simmonsi,EN,EN,1957,1943,0.285133925901397,0.28513554965372,0,0,False
Pteropus_niger,EN,EN,1959,1944,0.284894383076222,0.284894383076222,0,0,False
Pipistrellus_anthonyi,DD,DD,1901,1945,0.294975319669552,0.284675358007553,0,0,False
Iomys_horsfieldii,LC,LC,1960,1946,0.284467994530128,0.284467994530128,0,0,False
Cryptotis_lacertosus,DD,DD,1904,1947,0.294517966098752,0.284429959901135,0,0,False
Coendou_ichillus,DD,DD,1962,1948,0.284299835133279,0.284299835133279,0,0,False
Pseudalopex_sechurae,DD,NT,1374,1949,0.43286897465106,0.284043436600088,0,0,True
Graphiurus_johnstoni,DD,DD,1964,1950,0.284015897374797,0.284015897374797,0,0,False
Crocidura_manengubae,VU,VU,1963,1951,0.284264259507868,0.283824909601846,0,0,False
Cuniculus_paca,LC,LC,1965,1952,0.283595178724362,0.283595178724362,0,0,False
Handleyomys_chapmani,DD,VU,2271,1953,0.243872171108783,0.283550178358976,0,0,True
Tragulus_versicolor,DD,DD,1968,1954,0.283228196733351,0.283228196733351,0,0,False
Mazama_temama,DD,DD,1939,1955,0.288484698731854,0.283153447725152,0,0,False
Neacomys_pictus,DD,DD,1971,1956,0.283019011709892,0.283019011709892,0,0,False
Anoura_fistulata,DD,DD,1972,1957,0.282916291153969,0.282916291153969,0,0,False
Ctenomys_erikacuellarae,NE,DD,2057,1958,0.270874808688036,0.28285899700388,0,0,True
Handleyomys_guerrerensis,DD,DD,1812,1959,0.310729753848668,0.28267324768126,0,0,False
Hylonycteris_underwoodi,LC,LC,1974,1960,0.28252351123956,0.28252351123956,0,0,False
Akodon_josemariarguedasi,NE,DD,1973,1961,0.282710076137986,0.282375606965793,0,0,True
Maxomys_wattsi,VU,VU,1944,1962,0.287417622095007,0.282193781262568,0,0,False
Capra_caucasica,EN,EN,1976,1963,0.28198232176326,0.282086179171557,0,0,False
Callosciurus_melanogaster,VU,VU,1993,1964,0.279116205542852,0.281971945269997,0,0,False
Macroscelides_flavicaudatus,LC,LC,1977,1965,0.281931232599993,0.281931232599993,0,0,False
Pipistrellus_raceyi,DD,DD,1903,1966,0.2947345992279,0.281872264852662,0,0,False
Crocidura_obscurior,LC,LC,1978,1967,0.281853425802556,0.281853425802556,0,0,False
Euneomys_fossor,DD,DD,1452,1968,0.406572021759584,0.281823108556592,0,0,False
Lophuromys_melanonyx,VU,VU,1980,1969,0.281818734900555,0.281818734900555,0,0,False
Thylamys_fenestrae,LC,NT,3632,1970,0.122558438397629,0.281758959961175,0,0,True
Elephantulus_brachyrhynchus,LC,LC,1981,1971,0.281536200545848,0.281536200545848,0,0,False
Graphiurus_crassicaudatus,DD,DD,1983,1972,0.281266436009555,0.281266436009555,0,0,False
Musseromys_beneficus,DD,DD,1984,1973,0.280979668551392,0.280979668551392,0,0,False
Bradypus_tridactylus,LC,LC,1987,1974,0.280315574036775,0.280315574036775,0,0,False
Cryptotis_venezuelensis,DD,DD,1946,1975,0.287049753409379,0.280288436046975,0,0,False
Ctenomys_flamarioni,EN,EN,1941,1976,0.288378324804891,0.280258575203107,0,0,False
Philetor_brachypterus,LC,LC,1992,1977,0.279167041582834,0.279982903602345,0,0,False
Batomys_dentatus,DD,DD,1989,1978,0.279886092874372,0.279886092874372,0,0,False
Talpa_caucasica,LC,LC,1990,1979,0.279794383407604,0.279794383407604,0,0,False
Sigmodon_alstoni,LC,LC,1938,1980,0.288598928689908,0.279520084937937,0,0,False
Maxomys_inflatus,VU,VU,1961,1981,0.284414917021605,0.279021069985887,0,0,False
Hipposideros_crumeniferus,DD,DD,1994,1982,0.278982293596239,0.278982293596239,0,0,False
Bradypus_variegatus,LC,LC,1995,1983,0.278665140663184,0.278665140663184,0,0,False
Sminthopsis_ooldea,LC,LC,1996,1984,0.27845221866508,0.27845217134467,0,0,False
Tympanoctomys_barrerae,NT,NT,1997,1985,0.278436017382038,0.278436017382038,0,0,False
Rhogeessa_minutilla,VU,VU,2000,1986,0.278039395438022,0.278039395438008,0,0,False
Pedetes_surdaster,LC,LC,2001,1987,0.277988500843783,0.277988500843783,0,0,False
Neoromicia_nana,DD,LC,624,1988,0.928933045477895,0.277984861711281,0,0,True
Oxymycterus_hucucha,EN,EN,1975,1989,0.282234923970057,0.277884830385889,0,0,False
Spalax_ehrenbergi,LC,LC,2002,1990,0.277751934347112,0.277751934347112,0,0,False
Pipistrellus_aero,DD,DD,1933,1991,0.289656289896609,0.277499879272903,0,0,False
Cryptotis_mam,DD,DD,1966,1992,0.2835319487576,0.277465349968516,0,0,False
Hipposideros_inexpectatus,DD,DD,2003,1993,0.277460754951709,0.277460754951709,0,0,False
Ctenomys_australis,EN,EN,2045,1994,0.27231745568023,0.277305243374555,0,0,False
Ochotona_coreana,DD,DD,2004,1995,0.277212950921217,0.277212950921217,0,0,False
Pedetes_capensis,LC,LC,2007,1996,0.2769231971611,0.2769231971611,0,0,False
Neoromicia_malagasyensis,DD,VU,2309,1997,0.238924893854368,0.276852192357187,0,0,True
Pseudochirops_cupreus,LC,LC,2008,1998,0.276803819060198,0.276803819060198,0,0,False
Cryptotis_hondurensis,DD,DD,1949,1999,0.286368864902643,0.276705502745983,0,0,False
Pronolagus_randensis,LC,LC,2009,2000,0.276589208012086,0.276589208012086,0,0,False
Procavia_capensis,LC,LC,2011,2001,0.27652409719089,0.27652409719089,0,0,False
Cerradomys_akroai,NE,DD,2012,2002,0.276507631419216,0.276507631419216,0,0,True
Suricata_suricatta,LC,LC,2013,2003,0.276466439922433,0.276466439922433,0,0,False
Geomys_pinetis,LC,LC,2015,2004,0.276331299607648,0.276331299606911,0,0,False
Elephantulus_rufescens,LC,LC,2017,2005,0.276010499899717,0.276010499899717,0,0,False
Chibchanomys_orcesi,DD,DD,2018,2006,0.275828698539126,0.275892267912537,0,0,False
Talpa_davidiana,DD,DD,2019,2007,0.275784920642787,0.275784920642787,0,0,False
Chaetodipus_californicus,LC,LC,2043,2008,0.272931919619755,0.275445986603075,0,0,False
Peromyscus_caniceps,CR,VU,518,2009,1.07155781176,0.275239286647437,0,0,True
Mustela_nigripes,EN,EN,2027,2010,0.274845269220246,0.274845269220246,0,0,False
Macroscelides_proboscideus,LC,LC,2028,2011,0.274807396360211,0.274807396360211,0,0,False
Molossops_mattogrossensis,LC,LC,2029,2012,0.274585668711469,0.274585670568457,0,0,False
Mazama_rufina,VU,VU,1999,2013,0.278310108728919,0.274063140654492,0,0,False
Petaurillus_hosei,DD,DD,2033,2014,0.273754233593546,0.273754233593546,0,0,False
Mazama_bricenii,DD,VU,2384,2015,0.228043810431582,0.273666642103696,0,0,True
Phyllomys_kerri,DD,DD,2034,2016,0.273648583346373,0.273648583346373,0,0,False
Myomyscus_verreauxii,LC,LC,2036,2017,0.273554023059994,0.273554023059994,0,0,False
Kerivoula_eriophora,DD,DD,2037,2018,0.273419859085339,0.273419859085339,0,0,False
Tragulus_javanicus,DD,DD,2039,2019,0.273290207451334,0.273290207451334,0,0,False
Cryptotis_lacandonensis,NE,DD,1986,2020,0.280326745500869,0.273288786512987,0,0,True
Lorentzimys_nouhuysi,LC,LC,2040,2021,0.273181366351218,0.273181366351218,0,0,False
Rousettus_madagascariensis,VU,VU,2042,2022,0.273028795976275,0.273028795976275,0,0,False
Allactaga_tetradactyla,DD,DD,2023,2023,0.275141764474468,0.272510308054924,0,0,False
Musseromys_gulantang,DD,DD,2044,2024,0.272386384082363,0.272386384082363,0,0,False
Thylogale_browni,VU,VU,2691,2025,0.195273961375499,0.272208465026719,0,0,False
Cryptotis_perijensis,DD,DD,2031,2026,0.274298507374247,0.272007041276996,0,0,False
Chiropodomys_karlkoopmani,VU,VU,2047,2027,0.271724865843926,0.271724865843926,0,0,False
Crocidura_caspica,DD,DD,2048,2028,0.271649453867166,0.271649453867166,0,0,False
Hipposideros_pygmaeus,LC,LC,2049,2029,0.271628897490115,0.271628897490115,0,0,False
Hipposideros_breviceps,DD,DD,2050,2030,0.271461722567566,0.271461722567566,0,0,False
Marmosops_parvidens,LC,LC,2052,2031,0.271347889792446,0.271347889792446,0,0,False
Graphiurus_angolensis,DD,DD,2053,2032,0.271282531938107,0.271282531938107,0,0,False
Rousettus_obliviosus,VU,VU,2055,2033,0.270986076243894,0.270986076243894,0,0,False
Cryptotis_peruviensis,DD,DD,1988,2034,0.280105412258518,0.27093003025097,0,0,False
Chibchanomys_trichotis,DD,DD,2056,2035,0.270912363302737,0.270914357656943,0,0,False
Uropsilus_soricipes,LC,LC,2038,2036,0.273353499224498,0.270819025643314,0,0,False
Petrogale_purpureicollis,NT,NT,2058,2037,0.270789944395716,0.270789944395716,0,0,False
Graphiurus_surdus,DD,DD,2059,2038,0.270758156709265,0.270758156709265,0,0,False
Pipistrellus_lophurus,DD,DD,2005,2039,0.276988251669194,0.270640874421951,0,0,False
Tadarida_ventralis,DD,DD,1979,2040,0.281833360935526,0.270615730355902,0,0,False
Pipistrellus_arabicus,DD,DD,2024,2041,0.27501255990255,0.270598062832911,0,0,False
Bos_mutus,VU,VU,2060,2042,0.270566673104089,0.270566673104089,0,0,False
Mirounga_leonina,LC,VU,4972,2043,0.0539455098245102,0.270439931796448,0,0,True
Murina_tiensa,LC,LC,2062,2044,0.270399998524497,0.270399998524497,0,0,False
Callicebus_personatus,VU,VU,2084,2045,0.267529874768769,0.270325415314527,0,0,False
Praomys_hartwigi,VU,VU,2065,2046,0.270137553341417,0.270137553341417,0,0,False
Nesokia_bunnii,EN,EN,2066,2047,0.270051029262017,0.270051029262017,0,0,False
Pseudochirulus_herbertensis,LC,LC,2067,2048,0.269767462464996,0.269767462464996,0,0,False
Heterohyrax_brucei,LC,LC,2068,2049,0.269679294709329,0.269679294709329,0,0,False
Lophostoma_aequatorialis,DD,DD,2069,2050,0.269472805984949,0.269472805984949,0,0,False
Petaurista_hainana,DD,DD,2046,2051,0.27207885343669,0.269437217073194,0,0,False
Spilogale_pygmaea,VU,VU,2070,2052,0.269316160017694,0.269316160017694,0,0,False
Handleyomys_intectus,LC,LC,2076,2053,0.268476862933928,0.269029833141202,0,0,False
Isothrix_orinoci,DD,DD,2072,2054,0.268974147578841,0.268974147578841,0,0,False
Sturnira_burtonlimi,DD,DD,2073,2055,0.268941706701906,0.268941706701906,0,0,False
Exilisciurus_concinnus,LC,LC,2074,2056,0.268910510631799,0.268910510631799,0,0,False
Eptesicus_kobayashii,DD,DD,2025,2057,0.275002006035467,0.268856553967147,0,0,False
Pipistrellus_hanaki,VU,VU,2064,2058,0.270211437783784,0.268806786690365,0,0,False
Cryptotis_brachyonyx,DD,DD,2041,2059,0.273177355908214,0.268714508010397,0,0,False
Lundomys_molitor,LC,LC,2054,2060,0.271235966102592,0.26866443768855,0,0,False
Myotis_phanluongi,NE,DD,2085,2061,0.267462333649107,0.268129530321578,0,0,True
Crocidura_zimmeri,DD,DD,2077,2062,0.268051476651542,0.268051476651542,0,0,False
Lagorchestes_conspicillatus,LC,LC,2078,2063,0.268005091022516,0.268005091022516,0,0,False
Kerodon_rupestris,LC,LC,2079,2064,0.267920055292812,0.267920055292812,0,0,False
Sigmodon_inopinatus,VU,VU,2006,2065,0.276978330917742,0.267863891284485,0,0,False
Macruromys_elegans,DD,DD,2080,2066,0.267754782792318,0.267754782792318,0,0,False
Nyctereutes_procyonoides,LC,LC,2081,2067,0.267750530144295,0.267750530144295,0,0,False
Pecari_tajacu,LC,LC,2083,2068,0.267680392314733,0.267680392314743,0,0,False
Dremomys_lokriah,LC,LC,2088,2069,0.267042579330845,0.267042603787621,0,0,False
Crocidura_fingui,DD,DD,2075,2070,0.268902881826091,0.267011646464843,0,0,False
Synaptomys_cooperi,LC,LC,2089,2071,0.266916436718037,0.266916436718037,0,0,False
Nycticeius_aenobarbus,DD,DD,2091,2072,0.266668207148698,0.266668207148698,0,0,False
Crocidura_cranbrooki,DD,DD,2071,2073,0.269026245084554,0.266520078927796,0,0,False
Saimiri_vanzolinii,EN,EN,2092,2074,0.266266781234797,0.266266781234797,0,0,False
Hipposideros_dyacorum,LC,LC,2094,2075,0.266132232992824,0.266132232992824,0,0,False
Elephas_antiquus,DD,DD,2096,2076,0.266023174020125,0.266023174020125,0,0,False
Gerbillus_hesperinus,EN,EN,2116,2077,0.263540065039943,0.265691744497826,0,0,False
Sturnira_perla,DD,DD,2100,2078,0.26474647521787,0.26474647521787,0,0,False
Margaretamys_elegans,VU,VU,2101,2079,0.264536710442364,0.264536710442364,0,0,False
Musseromys_inopinatus,DD,DD,2102,2080,0.264515524435602,0.264515524435602,0,0,False
Pithecheir_parvus,DD,DD,2111,2081,0.264060101544949,0.264406181357964,0,0,False
Crocidura_floweri,DD,DD,2104,2082,0.264352110753898,0.264352110753898,0,0,False
Musseromys_anacuao,DD,DD,2106,2083,0.264252013273357,0.264252013273357,0,0,False
Hemicentetes_nigriceps,LC,LC,2108,2084,0.264209853891911,0.264209853891911,0,0,False
Lophostoma_kalkoae,DD,DD,2109,2085,0.264195221342893,0.264195221342893,0,0,False
Sylvisorex_ollula,LC,LC,2110,2086,0.264084312504584,0.264084312504584,0,0,False
Sigmodon_peruanus,LC,LC,2063,2087,0.270311440747088,0.263989985864599,0,0,False
Echinosorex_gymnura,LC,LC,2112,2088,0.263975594125756,0.263971666169109,0,0,False
Hipposideros_macrobullatus,DD,DD,2113,2089,0.263699214672983,0.263699214672983,0,0,False
Centronycteris_centralis,LC,LC,2114,2090,0.263698019478227,0.263698019478227,0,0,False
Arielulus_aureocollaris,LC,LC,2128,2091,0.261890543091707,0.263556935685269,0,0,False
Margaretamys_christinae,VU,VU,2117,2092,0.263490727147845,0.263490727147845,0,0,False
Gerbilliscus_nigricaudus,LC,LC,2118,2093,0.263398587555096,0.263398587555096,0,0,False
Petaurillus_emiliae,DD,DD,2119,2094,0.263257552138446,0.263257552138446,0,0,False
Otocyon_megalotis,LC,LC,2121,2095,0.263062148173689,0.263062148173689,0,0,False
Hipposideros_boeadii,DD,DD,2122,2096,0.262970893445385,0.262970893445385,0,0,False
Crocidura_pitmani,DD,DD,2099,2097,0.265010523896162,0.262782993294707,0,0,False
Eonycteris_spelaea,LC,LC,2123,2098,0.262747498943567,0.262747498943567,0,0,False
Graphiurus_walterverheyeni,DD,DD,2124,2099,0.262682318658282,0.262682318658282,0,0,False
Crocidura_leucodon,LC,LC,2125,2100,0.262611134007183,0.262611134007183,0,0,False
Lonchophylla_inexpectata,NE,DD,2126,2101,0.262489138851096,0.262489138851097,0,0,True
Ondatra_zibethicus,LC,LC,2127,2102,0.262289675408984,0.262289675408984,0,0,False
Crocidura_zaphiri,DD,DD,2134,2103,0.260904615836599,0.262067439156574,0,0,False
Pipistrellus_permixtus,DD,DD,2021,2104,0.275555810692294,0.26193610491949,0,0,False
Pipistrellus_rueppellii,LC,LC,2151,2105,0.259323836441515,0.261858968206567,0,0,False
Microcebus_mittermeieri,NT,NT,2226,2106,0.249254072860162,0.261787725076441,0,0,False
Peromyscus_polius,NT,VU,3457,2107,0.134956951662635,0.261644610839614,0,0,True
Tonatia_saurophila,DD,LC,584,2108,0.974017440403539,0.261626045080073,0,0,True
Hyperoodon_ampullatus,NT,NT,2130,2109,0.261356260209889,0.261356260209889,0,0,False
Hipposideros_cervinus,LC,LC,2131,2110,0.261066288648166,0.261066288648166,0,0,False
Peromyscus_dickeyi,CR,VU,541,2111,1.04098199097409,0.261035642365802,0,0,True
Eulemur_rufus,VU,VU,2132,2112,0.261022133462495,0.261022133462495,0,0,False
Equus_quagga,NT,NT,2133,2113,0.260916764818948,0.260916764818948,0,0,False
Tamandua_tetradactyla,LC,LC,2135,2114,0.260878716933791,0.260878716933791,0,0,False
Centronycteris_maximiliani,LC,LC,2136,2115,0.260838006633552,0.260838006633552,0,0,False
Hemicentetes_semispinosus,LC,LC,2137,2116,0.260836209313237,0.260836209313237,0,0,False
Tragulus_williamsoni,DD,DD,2138,2117,0.260675287862801,0.260675287862801,0,0,False
Hipposideros_einnaythu,DD,DD,2139,2118,0.260632078355816,0.260632078355816,0,0,False
Zyzomys_maini,VU,VU,2140,2119,0.260510362306143,0.260510360954323,0,0,False
Neofiber_alleni,LC,LC,2141,2120,0.260429085343841,0.260429085343841,0,0,False
Glauconycteris_machadoi,DD,DD,2020,2121,0.275556682656281,0.260021155272251,0,0,False
Trinomys_gratiosus,LC,LC,2142,2122,0.25993822918889,0.259938229188604,0,0,False
Rhinolophus_euryale,NT,NT,2143,2123,0.259919422259645,0.259919422259645,0,0,False
Mesocricetus_brandti,NT,NT,2145,2124,0.259635365087058,0.259635365087039,0,0,False
Mesembriomys_gouldii,VU,VU,2146,2125,0.259581766150016,0.259581766150016,0,0,False
Tragelaphus_angasii,LC,LC,2149,2126,0.25943697765743,0.25943697765743,0,0,False
Sooretamys_angouya,LC,LC,2150,2127,0.259360043955878,0.259360043955878,0,0,False
Chimarrogale_hantu,NT,NT,2152,2128,0.25928827399625,0.259288273996223,0,0,False
Cryptotis_niausa,DD,DD,2086,2129,0.267303471011758,0.259200545785261,0,0,False
Gazella_subgutturosa,VU,VU,2289,2130,0.240751160190968,0.259153692520252,0,0,False
Bison_bonasus,NT,NT,2153,2131,0.259127007737298,0.259127007737298,0,0,False
Tamandua_mexicana,LC,LC,2154,2132,0.2589428968137,0.2589428968137,0,0,False
Kunsia_tomentosus,LC,LC,2155,2133,0.258679461481574,0.258533604971323,0,0,False
Glauconycteris_kenyacola,DD,DD,2120,2134,0.263129828819043,0.258523873952311,0,0,False
Sciurus_anomalus,LC,LC,2195,2135,0.253288531484921,0.258467875837236,0,0,False
Pipistrellus_kitcheneri,DD,DD,2103,2136,0.264438337338115,0.258363214740128,0,0,False
Crocidura_longipes,DD,DD,2158,2137,0.258099015117784,0.258099015117784,0,0,False
Melonycteris_fardoulisi,NT,NT,2159,2138,0.258085575200673,0.258073056504669,0,0,False
Aonyx_capensis,NT,NT,2014,2139,0.276371613072686,0.257983880919833,0,0,False
Scotonycteris_zenkeri,NT,NT,2162,2140,0.257845074606128,0.257845074606128,0,0,False
Crocidura_fischeri,DD,DD,2163,2141,0.257752767449431,0.257752767449431,0,0,False
Euphractus_sexcinctus,LC,LC,2161,2142,0.257879751683815,0.257424990373099,0,0,False
Miracinonyx_trumani,DD,DD,2167,2143,0.257083513785254,0.257414761580645,0,0,False
Oryx_leucoryx,VU,VU,2165,2144,0.257348113315594,0.257348113315594,0,0,False
Hipposideros_nequam,DD,DD,2166,2145,0.257305967012054,0.257305967012054,0,0,False
Tamias_palmeri,EN,EN,2168,2146,0.257058020354612,0.257058020354612,0,0,False
Lonchophylla_orcesi,DD,DD,2169,2147,0.256969960359408,0.256969960359408,0,0,False
Crocidura_sapaensis,DD,DD,2147,2148,0.259581173121919,0.256904542039942,0,0,False
Crocidura_guy,DD,DD,2170,2149,0.25682263557008,0.25682263557008,0,0,False
Antidorcas_marsupialis,LC,LC,2173,2150,0.256596259605392,0.256596259605405,0,0,False
Mesomys_leniceps,DD,DD,2174,2151,0.256371978368164,0.256371978368164,0,0,False
Hyaena_hyaena,NT,NT,2176,2152,0.256036718568668,0.256036718568668,0,0,False
Phyllotis_anitae,DD,DD,2177,2153,0.255642973871504,0.255642973871504,0,0,False
Reithrodontomys_fulvescens,LC,LC,2192,2154,0.25346963675335,0.255280610147572,0,0,False
Rhinolophus_madurensis,VU,VU,2172,2155,0.256614235889752,0.255256691390301,0,0,False
Hyaena_brunnea,NT,NT,2180,2156,0.255189253861631,0.255189253861631,0,0,False
Sorex_milleri,VU,VU,2178,2157,0.255388965174134,0.254979842168978,0,0,False
Rhinolophus_hillorum,VU,VU,2181,2158,0.254957611462206,0.254957611462206,0,0,False
Saccolaimus_mixtus,NT,NT,2185,2159,0.254349139968668,0.254349139968668,0,0,False
Osgoodomys_banderanus,LC,LC,2260,2160,0.2451398524367,0.25425054788725,0,0,False
Thaptomys_nigrita,LC,LC,2184,2161,0.254423306338578,0.254213059547205,0,0,False
Toromys_grandis,LC,LC,2187,2162,0.254042274419156,0.254042274419156,0,0,False
Maxomys_surifer,LC,LC,2189,2163,0.253952886776613,0.253952886776613,0,0,False
Acomys_russatus,LC,LC,2105,2164,0.26426681156379,0.253928676901114,0,0,False
Crocidura_nana,DD,DD,2188,2165,0.253965233032376,0.253739825551284,0,0,False
Miniopterus_griveaudi,DD,DD,2171,2166,0.256628548971213,0.253682597683629,0,0,False
Pogonomys_championi,DD,DD,2190,2167,0.253597783485317,0.253597783485317,0,0,False
Mastomys_kollmannspergeri,LC,LC,2191,2168,0.253497976503422,0.253497976503422,0,0,False
Callithrix_kuhlii,VU,VU,2193,2169,0.253397574386286,0.253397574386286,0,0,False
Lasiurus_ebenus,DD,DD,2194,2170,0.253388110734879,0.253388110734879,0,0,False
Pteromys_momonga,LC,LC,2196,2171,0.253251019790572,0.253251019790572,0,0,False
Boselaphus_tragocamelus,LC,LC,2197,2172,0.253203857060907,0.253203857060907,0,0,False
Pipistrellus_vordermanni,DD,DD,2087,2173,0.267058082202617,0.253084896918133,0,0,False
Rubrisciurus_rubriventer,LC,LC,2199,2174,0.252964205100688,0.252964205100688,0,0,False
Dasypus_septemcinctus,LC,LC,2200,2175,0.252803903493096,0.252803903493096,0,0,False
Pteronotus_macleayii,LC,LC,2201,2176,0.252608328293313,0.252608328293313,0,0,False
Pteromys_volans,LC,LC,2202,2177,0.252316761970198,0.252316761970198,0,0,False
Thomomys_bulbivorus,LC,LC,2203,2178,0.252263011649023,0.252263011649023,0,0,False
Euoticus_pallidus,NT,NT,2205,2179,0.251808586790767,0.251808586790767,0,0,False
Praomys_delectorum,LC,LC,2206,2180,0.251787314266868,0.251787314266868,0,0,False
Marmosa_robinsoni,LC,LC,2207,2181,0.251766392220775,0.251766392220774,0,0,False
Murina_hilgendorfi,LC,LC,2208,2182,0.2517653368153,0.2517653368153,0,0,False
Nycteris_javanica,VU,VU,2252,2183,0.246051846839031,0.251731919104886,0,0,False
Phyllonycteris_poeyi,LC,LC,2209,2184,0.251675825355114,0.251675825355114,0,0,False
Crocidura_dhofarensis,DD,DD,2212,2185,0.25093589076586,0.251273222306286,0,0,False
Peromyscus_hooperi,LC,LC,2144,2186,0.259643044342373,0.251119643807715,0,0,False
Martes_gwatkinsii,VU,VU,2211,2187,0.251097885550346,0.251097885550346,0,0,False
Neacomys_paracou,LC,LC,2213,2188,0.250914587243181,0.250914587243181,0,0,False
Hesperoptenus_gaskelli,DD,DD,2157,2189,0.258464663298013,0.250829593246945,0,0,False
Rusa_timorensis,VU,VU,2214,2190,0.250814946365928,0.250814946365928,0,0,False
Crocidura_religiosa,DD,DD,2179,2191,0.255194361121215,0.250580238838947,0,0,False
Aotus_nancymaae,VU,VU,2235,2192,0.248290388971052,0.250224288813639,0,0,False
Crocidura_nanilla,LC,LC,2215,2193,0.250207818265436,0.250207818265436,0,0,False
Lonchophylla_fornicata,DD,DD,2216,2194,0.250198444728792,0.250198444728792,0,0,False
Myosorex_cafer,VU,VU,2217,2195,0.250192260976243,0.250192260976243,0,0,False
Murexia_longicaudata,LC,LC,2218,2196,0.250087836991492,0.250087836991492,0,0,False
Maxomys_baeodon,DD,DD,2183,2197,0.254505420604552,0.24999120977373,0,0,False
Chrysochloris_asiatica,LC,LC,2220,2198,0.249647267461138,0.249647267461138,0,0,False
Cercopithecus_solatus,NT,NT,2221,2199,0.249573960017513,0.249573960017513,0,0,False
Cercopithecus_nictitans,NT,NT,2222,2200,0.249565988447048,0.249565988447048,0,0,False
Murexia_naso,LC,LC,2223,2201,0.249545828074468,0.249545828074468,0,0,False
Myotis_muricola,LC,LC,2244,2202,0.247086019783649,0.249543213151427,0,0,False
Molossus_alvarezi,DD,DD,2182,2203,0.254940044083887,0.249478595556757,0,0,False
Phoniscus_papuensis,VU,VU,2224,2204,0.249434833761087,0.249434833761087,0,0,False
Microgale_majori,LC,LC,2225,2205,0.249356867009213,0.249356867009213,0,0,False
Myotis_ruber,NT,NT,2227,2206,0.249191652157315,0.249192618145236,0,0,False
Sturnira_koopmanhilli,DD,DD,2229,2207,0.249140017057155,0.249140017057155,0,0,False
Ctenomys_latro,EN,EN,2250,2208,0.246706639322139,0.248985192370254,0,0,False
Pipistrellus_nathusii,LC,LC,2175,2209,0.256067260433462,0.248924377292688,0,0,False
Rhinolophus_sedulus,NT,NT,2228,2210,0.249188228439716,0.248920510186585,0,0,False
Saguinus_leucopus,VU,VU,2333,2211,0.234734407711478,0.248894814682182,0,0,False
Pteronotus_quadridens,LC,LC,2231,2212,0.248873229044113,0.248873229044113,0,0,False
Crocidura_bottegi,DD,DD,2219,2213,0.24986754998674,0.24851902607612,0,0,False
Hyomys_dammermani,DD,DD,2232,2214,0.248491172043952,0.248491172043952,0,0,False
Solomys_salebrosus,VU,VU,2233,2215,0.24834644211787,0.24834644211787,0,0,False
Wiedomys_pyrrhorhinos,LC,LC,2234,2216,0.248304995032786,0.248304995032786,0,0,False
Hipposideros_khaokhouayensis,VU,VU,2236,2217,0.248251387722945,0.248251387722945,0,0,False
Euryzygomatomys_spinosus,LC,LC,2237,2218,0.248084195744362,0.248084195744362,0,0,False
Rhinolophus_trifoliatus,NT,NT,2239,2219,0.247909086302161,0.247941348245759,0,0,False
Proechimys_kulinae,DD,DD,2238,2220,0.247935020866999,0.247935020866999,0,0,False
Callosciurus_albescens,LC,DD,4772,2221,0.0610483373387569,0.247889258679875,0,0,True
Cryptotis_orophila,DD,DD,2156,2222,0.258535510657763,0.247880157474399,0,0,False
Marmosa_mexicana,LC,LC,2242,2223,0.24753223737714,0.247532237377138,0,0,False
Arctocebus_calabarensis,NT,NT,2243,2224,0.247488401410552,0.247488401410552,0,0,False
Dasypus_hybridus,LC,LC,2245,2225,0.247073567232293,0.247073567232293,0,0,False
Sorex_buchariensis,DD,DD,2230,2226,0.248929473939374,0.24705262288001,0,0,False
Mustela_altaica,NT,NT,2246,2227,0.247022586505796,0.247022586505796,0,0,False
Macrophyllum_macrophyllum,LC,LC,2247,2228,0.246846347650147,0.246846347650147,0,0,False
Uromys_siebersi,DD,DD,2249,2229,0.24676142512354,0.24676142512354,0,0,False
Myotis_hermani,DD,DD,2278,2230,0.243147682950856,0.246650906409477,0,0,False
Maxomys_hylomyoides,DD,DD,1969,2231,0.283094235146175,0.24632149612368,0,0,False
Crocidura_polia,DD,DD,2251,2232,0.246054200463477,0.246054200463477,0,0,False
Crocidura_tenuis,DD,DD,2240,2233,0.247871820138785,0.245992272427098,0,0,False
Napaeozapus_insignis,LC,LC,2253,2234,0.245777425407794,0.245777425407794,0,0,False
Crocidura_lwiroensis,DD,DD,2254,2235,0.245776494517064,0.245776494517064,0,0,False
Prosciurillus_weberi,VU,VU,2255,2236,0.24567365469997,0.24567365469997,0,0,False
Hipposideros_galeritus,LC,LC,2256,2237,0.245563353767691,0.245563353767691,0,0,False
Idionycteris_phyllotis,LC,LC,2257,2238,0.245441479277715,0.245441479277738,0,0,False
Baiomys_taylori,LC,LC,2258,2239,0.245290320768186,0.245290320768186,0,0,False
Scotophilus_kuhlii,LC,LC,2261,2240,0.245028963215099,0.245028963215099,0,0,False
Oenomys_ornatus,DD,DD,2263,2241,0.244917402576032,0.244917402576032,0,0,False
Pteropus_mariannus,EN,EN,2262,2242,0.244929150192145,0.244679383756599,0,0,False
Submyotodon_latirostris,LC,LC,2265,2243,0.244540124701534,0.244540124701534,0,0,False
Gerbilliscus_kempi,LC,LC,2259,2244,0.245202918955729,0.244523841565409,0,0,False
Baiomys_musculus,LC,LC,2266,2245,0.244379422349045,0.244379422349045,0,0,False
Nyctalus_lasiopterus,VU,VU,2268,2246,0.244259595106896,0.244259595106896,0,0,False
Crocidura_annamitensis,DD,DD,2269,2247,0.244188221924092,0.244188221924087,0,0,False
Didelphis_virginiana,LC,LC,2270,2248,0.24415819370746,0.244158193707459,0,0,False
Rhinopoma_microphyllum,LC,LC,2557,2249,0.208713849453235,0.244061175553739,0,0,False
Lasiurus_castaneus,DD,DD,2272,2250,0.243763039491883,0.243763039491883,0,0,False
Crocidura_pergrisea,DD,DD,2273,2251,0.243551205726214,0.243551205726214,0,0,False
Ochotona_ladacensis,LC,LC,2274,2252,0.243439732080534,0.243439732080534,0,0,False
Rhinolophus_robinsoni,NT,NT,2280,2253,0.243070290166949,0.243413881099813,0,0,False
Platymops_setiger,LC,LC,2276,2254,0.243205206928726,0.243205206928726,0,0,False
Eumetopias_jubatus,NT,NT,2277,2255,0.243193333962493,0.243193333974902,0,0,False
Balaenoptera_omurai,DD,DD,2279,2256,0.243090335938164,0.243090335938164,0,0,False
Micronycteris_hirsuta,LC,LC,2281,2257,0.243058639824207,0.243058639824207,0,0,False
Sommeromys_macrorhinos,NT,NT,2282,2258,0.243057056570733,0.243057056570733,0,0,False
Trinomys_iheringi,LC,LC,2283,2259,0.243050492970506,0.243050492970493,0,0,False
Myotis_sodalis,NT,NT,2284,2260,0.24208257968148,0.242970091981242,0,0,False
Dasyprocta_mexicana,CR,VU,638,2261,0.916116491160589,0.242638520733363,0,0,True
Myotis_handleyi,NE,DD,2288,2262,0.241526422651002,0.242083711619339,0,0,True
Crocidura_katinka,DD,DD,2287,2263,0.241806964152781,0.241498999974817,0,0,False
Otomops_formosus,DD,DD,2292,2264,0.240614680643447,0.240614680643447,0,0,False
Alouatta_caraya,NT,NT,2305,2265,0.23935051084444,0.240578587534556,0,0,False
Trinomys_dimidiatus,LC,LC,2293,2266,0.240337716663645,0.240337716663107,0,0,False
Octodon_lunatus,NT,NT,2294,2267,0.240329316660961,0.240329316660961,0,0,False
Pteropus_cognatus,VU,VU,2291,2268,0.24063929032679,0.240199322997777,0,0,False
Crocidura_hilliana,DD,DD,2295,2269,0.24018609754957,0.240186099152542,0,0,False
Tylomys_panamensis,DD,DD,2296,2270,0.24017553172842,0.24017553172842,0,0,False
Crocidura_gracilipes,DD,DD,2297,2271,0.240110694681912,0.240110694681912,0,0,False
Amblysomus_hottentotus,LC,LC,2298,2272,0.240039978491946,0.240039978491946,0,0,False
Stochomys_longicaudatus,LC,LC,2299,2273,0.239967491972392,0.23996825652019,0,0,False
Lynx_pardinus,VU,VU,2301,2274,0.23987466390004,0.239874664100889,0,0,False
Myotis_australis,DD,DD,2306,2275,0.239281252004601,0.239700037683651,0,0,False
Crocidura_grandis,DD,DD,2290,2276,0.24065017415248,0.23962545879674,0,0,False
Urocitellus_washingtoni,NT,NT,2302,2277,0.239592684830901,0.239592684830901,0,0,False
Hapalomys_delacouri,NT,NT,2310,2278,0.238757667592799,0.239559105775874,0,0,False
Notocitellus_adocetus,LC,LC,2303,2279,0.239528203096699,0.239528203096699,0,0,False
Crocidura_planiceps,DD,DD,2304,2280,0.239414167504814,0.239414167504814,0,0,False
Diclidurus_isabellus,LC,LC,2308,2281,0.238995236445385,0.238995236445385,0,0,False
Mormopterus_doriae,DD,DD,2198,2282,0.253177436752108,0.238687306221842,0,0,False
Notocitellus_annulatus,LC,LC,2311,2283,0.238615283819827,0.238615283819827,0,0,False
Dobsonia_emersa,VU,VU,2312,2284,0.23851329896957,0.23851329896957,0,0,False
Lagenorhynchus_acutus,LC,LC,2313,2285,0.238361630042144,0.238361630042144,0,0,False
Meriones_tamariscinus,LC,LC,2314,2286,0.238357422437128,0.238357422437128,0,0,False
Sciurus_flammifer,LC,DD,4787,2287,0.0604298423959735,0.23833966255833,0,0,True
Idiurus_macrotis,LC,LC,2315,2288,0.238221950136685,0.238221950136685,0,0,False
Crocidura_ultima,DD,DD,2316,2289,0.238136352879746,0.238136352879746,0,0,False
Rhinolophus_blasii,LC,LC,2300,2290,0.239959090144661,0.238033148730981,0,0,False
Crocidura_rapax,DD,DD,2317,2291,0.237914092773227,0.237914092773063,0,0,False
Myopterus_daubentonii,DD,DD,2319,2292,0.237716782397173,0.237716782397173,0,0,False
Rhinolophus_canuti,VU,VU,2285,2293,0.24192784052932,0.237396067401747,0,0,False
Sorex_raddei,LC,LC,2318,2294,0.237829641842689,0.237050424836671,0,0,False
Gulo_gulo,LC,LC,2320,2295,0.236575321644836,0.236575321644836,0,0,False
Gazella_cuvieri,VU,VU,2414,2296,0.224450515601314,0.236510005739099,0,0,False
Monticolomys_koopmani,LC,LC,2322,2297,0.236094400092258,0.236094400092258,0,0,False
Isthmomys_flavidus,NT,NT,2323,2298,0.236061713077416,0.236061713077416,0,0,False
Liomys_pictus,LC,LC,2325,2299,0.235881225462069,0.235881225462069,0,0,False
Cynomops_abrasus,DD,DD,2328,2300,0.235352797694908,0.235710871642294,0,0,False
Idiurus_zenkeri,LC,LC,2326,2301,0.235639217257413,0.235639217257413,0,0,False
Oryzomys_dimidiatus,DD,DD,2329,2302,0.235287879904405,0.235287879904405,0,0,False
Sciurus_pucheranii,DD,DD,2344,2303,0.233784665135394,0.235266191832241,0,0,False
Pteropus_ocularis,VU,VU,2324,2304,0.235951479991643,0.235147502227194,0,0,False
Hipposideros_bicolor,LC,LC,2331,2305,0.23499298384973,0.23499298384973,0,0,False
Papagomys_armandvillei,NT,NT,2332,2306,0.234969069477015,0.234969069477015,0,0,False
Cercopithecus_lomamiensis,VU,VU,2334,2307,0.234527175412337,0.234527175412337,0,0,False
Tylomys_fulviventer,DD,DD,2336,2308,0.234395942159774,0.234395942159774,0,0,False
Thylogale_thetis,LC,LC,2338,2309,0.234275867993473,0.234318439217867,0,0,False
Crocidura_erica,DD,DD,2337,2310,0.234285564457345,0.234285564457327,0,0,False
Mus_mayori,VU,VU,2339,2311,0.23419710880247,0.23419710880247,0,0,False
Neoromicia_helios,DD,DD,2051,2312,0.271395603083925,0.234188938502933,0,0,False
Perognathus_alticolus,VU,VU,2340,2313,0.23411558195215,0.23411558195215,0,0,False
Proechimys_trinitatus,DD,DD,2341,2314,0.234047848113947,0.234047848113947,0,0,False
Galea_spixii,LC,LC,2342,2315,0.233978963666718,0.233978963666718,0,0,False
Glossophaga_soricina,LC,LC,2343,2316,0.233820537601516,0.233820537601516,0,0,False
Hipposideros_scutinares,VU,VU,2345,2317,0.233629559541653,0.233629559541653,0,0,False
Tadarida_brasiliensis,LC,LC,2346,2318,0.233490411464695,0.233490411464622,0,0,False
Hodomys_alleni,LC,LC,2347,2319,0.233484188330813,0.233484188330813,0,0,False
Lemmus_portenkoi,NE,DD,2349,2320,0.233136453815061,0.233136453815061,0,0,True
Lenoxus_apicalis,LC,LC,2350,2321,0.23274644034434,0.232569085664658,0,0,False
Cavia_porcellus,NE,DD,2352,2322,0.232395739227846,0.232395739227846,0,0,True
Otomops_johnstonei,DD,DD,2353,2323,0.23230202819268,0.23230202819268,0,0,False
Rhogeessa_menchuae,DD,DD,2354,2324,0.232285212482066,0.232285212482066,0,0,False
Sorex_thibetanus,DD,LC,792,2325,0.753905388941411,0.231975258733838,0,0,True
Parascaptor_leucura,LC,LC,2321,2326,0.236450882958484,0.231607150089577,0,0,False
Chelemys_delfini,DD,DD,2357,2327,0.231496086651008,0.231496086651008,0,0,False
Taphozous_australis,NT,NT,2358,2328,0.231282481728238,0.231282481728238,0,0,False
Plecotus_macrobullaris,LC,LC,2360,2329,0.231166140406064,0.231166140406064,0,0,False
Proechimys_urichi,DD,DD,2361,2330,0.231097131281561,0.231097131281561,0,0,False
Saccopteryx_bilineata,LC,LC,2363,2331,0.230849754283139,0.230849754283139,0,0,False
Maxomys_moi,LC,LC,2364,2332,0.230836175600375,0.230836175600375,0,0,False
Callicebus_medemi,VU,VU,2369,2333,0.229709964199428,0.230811490845975,0,0,False
Thrichomys_laurentius,DD,DD,2362,2334,0.230955284455711,0.230651461752559,0,0,False
Parotomys_brantsii,LC,LC,2366,2335,0.230623718278205,0.230623718278205,0,0,False
Poliocitellus_franklinii,LC,LC,2367,2336,0.230529552800259,0.230529552800259,0,0,False
Voalavo_gymnocaudus,LC,LC,2368,2337,0.230347497830163,0.230347497830163,0,0,False
Pteropus_caniceps,VU,VU,2355,2338,0.231812256194309,0.230341258179066,0,0,False
Pteropus_pohlei,VU,VU,2371,2339,0.229624106012478,0.23010627425815,0,0,False
Pteropus_griseus,VU,VU,2372,2340,0.229513561985961,0.229889937176259,0,0,False
Marmosops_pinheiroi,LC,LC,2374,2341,0.229447632817694,0.229447632817694,0,0,False
Meriones_sacramenti,VU,VU,2307,2342,0.23915296819234,0.229398398415449,0,0,False
Grammomys_minnae,NE,VU,2810,2343,0.183537493124092,0.229217486525584,0,0,True
Myotis_insularum,DD,DD,2403,2344,0.225993556077121,0.229142992992041,0,0,False
Coleura_afra,LC,LC,2373,2345,0.229490483252809,0.229039774537319,0,0,False
Rhogeessa_hussoni,DD,DD,2375,2346,0.228978466112569,0.228978466112569,0,0,False
Cricetomys_gambianus,LC,LC,2378,2347,0.228940309988594,0.228940309988594,0,0,False
Macrotarsomys_bastardi,LC,LC,2380,2348,0.228845970156914,0.228845970156914,0,0,False
Crocidura_vosmaeri,DD,DD,2382,2349,0.228679146345472,0.228679146345472,0,0,False
Myotis_bucharensis,DD,DD,2393,2350,0.226874783605755,0.22853184767508,0,0,False
Crocidura_susiana,DD,DD,2377,2351,0.228952668362831,0.228418710259792,0,0,False
Maxomys_bartelsii,LC,LC,2383,2352,0.228416991439234,0.228416991439234,0,0,False
Crocidura_armenica,DD,DD,2365,2353,0.230736805212005,0.228403509862034,0,0,False
Myotis_bocagii,LC,LC,2395,2354,0.226802329639959,0.228047657727496,0,0,False
Pseudomys_oralis,VU,VU,2351,2355,0.232686432050307,0.22802823740252,0,0,False
Eptesicus_isabellinus,DD,LC,791,2356,0.754350923630691,0.227857893919403,0,0,True
Chiropodomys_calamianensis,DD,DD,2385,2357,0.227595723158855,0.227595723158855,0,0,False
Oecomys_rex,LC,LC,2386,2358,0.227480574194956,0.227480574194956,0,0,False
Sorex_roboratus,LC,LC,2370,2359,0.229636589710984,0.227374281728362,0,0,False
Microgale_principula,LC,LC,2387,2360,0.22736395756833,0.22736395756833,0,0,False
Myotis_hajastanicus,LC,LC,2406,2361,0.225765083674227,0.227359693567957,0,0,False
Saccopteryx_leptura,LC,LC,2388,2362,0.227350715404947,0.227350715404947,0,0,False
Petaurista_siangensis,NE,DD,2286,2363,0.241919914122969,0.227264199536796,0,0,True
Carpomys_melanurus,DD,DD,2389,2364,0.227014924726539,0.227014924726539,0,0,False
Micronycteris_buriri,DD,DD,2390,2365,0.226985499577304,0.226985499577304,0,0,False
Neoromicia_flavescens,DD,DD,2241,2366,0.247617297335706,0.226963556108919,0,0,False
Cricetomys_emini,LC,LC,2391,2367,0.226926280521812,0.226926280521812,0,0,False
Oligoryzomys_microtis,LC,LC,2392,2368,0.226879330405723,0.226879330405723,0,0,False
Bos_frontalis,NE,DD,2394,2369,0.226855629696044,0.226855629696044,0,0,True
Semnopithecus_hector,NT,NT,2396,2370,0.226794120059902,0.226794120059902,0,0,False
Scutisorex_somereni,LC,LC,2397,2371,0.226727579001536,0.226727579001536,0,0,False
Pudu_mephistophiles,DD,DD,2381,2372,0.228698762030514,0.226714138231708,0,0,False
Lophuromys_sabunii,DD,DD,2399,2373,0.22629281591133,0.22629281591133,0,0,False
Sorex_ixtlanensis,DD,DD,2379,2374,0.2289259216673,0.226254061929056,0,0,False
Crocidura_selina,DD,DD,2400,2375,0.226189140969346,0.226189140969346,0,0,False
Tylonycteris_pygmaeus,DD,DD,2401,2376,0.226112501975187,0.226112501975187,0,0,False
Macropus_irma,LC,LC,2402,2377,0.226019274535064,0.226019274535064,0,0,False
Mesophylla_macconnelli,LC,LC,2405,2378,0.225771066934104,0.225771066934104,0,0,False
Suncus_remyi,LC,LC,2407,2379,0.225346339748256,0.225346339748256,0,0,False
Petaurista_marica,NE,DD,2398,2380,0.226413230887207,0.225274370898214,0,0,True
Scotomanes_ornatus,LC,LC,2408,2381,0.225251607042957,0.225251607042957,0,0,False
Myotis_dieteri,DD,DD,2433,2382,0.222152688597673,0.225098123518096,0,0,False
Myopus_schisticolor,LC,LC,2409,2383,0.224860850684947,0.224860850684947,0,0,False
Mustela_kathiah,LC,LC,2410,2384,0.224803879084112,0.224803879084112,0,0,False
Alouatta_puruensis,LC,VU,5184,2385,0.0467802014813661,0.224749324814334,0,0,True
Antechinus_swainsonii,LC,LC,2411,2386,0.224717051114843,0.224714692486021,0,0,False
Hylaeamys_tatei,DD,DD,2450,2387,0.219483995673363,0.224682367718661,0,0,False
Echymipera_kalubu,LC,LC,2412,2388,0.224642735167194,0.224642735167194,0,0,False
Sundasciurus_jentinki,LC,LC,2415,2389,0.224368317703265,0.224368317703265,0,0,False
Tscherskia_triton,LC,LC,2348,2390,0.23326019049056,0.224304045277406,0,0,False
Lophuromys_medicaudatus,VU,VU,2416,2391,0.224296725726769,0.224296725726769,0,0,False
Sciurus_pyrrhinus,DD,DD,2440,2392,0.220938469003304,0.224270598621664,0,0,False
Microtus_breweri,LC,VU,5188,2393,0.0467099789920746,0.224269378674016,0,0,True
Corynorhinus_rafinesquii,LC,LC,2417,2394,0.224196390414107,0.224196390414107,0,0,False
Pseudalopex_fulvipes,DD,EN,3563,2395,0.127978059484524,0.224149868980621,0,0,True
Nycticeinops_schlieffeni,LC,LC,2376,2396,0.228972773435445,0.223965447366054,0,0,False
Sciurus_niger,LC,LC,2457,2397,0.218958118806063,0.223933225325943,0,0,False
Otomops_papuensis,DD,DD,2419,2398,0.223887935101402,0.223887935101402,0,0,False
Echymipera_rufescens,LC,LC,2420,2399,0.2238692832773,0.2238692832773,0,0,False
Sauromys_petrophilus,LC,LC,2421,2400,0.223838969405846,0.223838969405406,0,0,False
Pteropus_melanotus,VU,VU,2404,2401,0.225913916408855,0.223805119189024,0,0,False
Civettictis_civetta,LC,LC,2422,2402,0.223408444289228,0.223408444289228,0,0,False
Nasuella_olivacea,NT,NT,2635,2403,0.201203928302943,0.223321518839606,0,0,False
Crocidura_watasei,LC,LC,2423,2404,0.222981576099707,0.223145791572385,0,0,False
Muriculus_imberbis,LC,LC,2424,2405,0.222978132594962,0.222978132594962,0,0,False
Sus_philippensis,VU,VU,2613,2406,0.203919164084155,0.222838117118516,0,0,False
Alouatta_discolor,VU,VU,2462,2407,0.218367735288745,0.222731051466553,0,0,False
Callospermophilus_madrensis,NT,NT,2426,2408,0.222663368693431,0.222663368693431,0,0,False
Chiromyscus_langbianis,LC,LC,2427,2409,0.222639863246472,0.222639863246472,0,0,False
Ovibos_moschatus,LC,LC,2429,2410,0.222409960194217,0.222409960194217,0,0,False
Myotis_morrisi,DD,DD,2439,2411,0.221277682439036,0.222400406354814,0,0,False
Suncus_hututsi,LC,LC,2430,2412,0.222239552302837,0.222239552302837,0,0,False
Orthogeomys_grandis,LC,LC,2487,2413,0.215025345115357,0.222191220048234,0,0,False
Leptonycteris_curasoae,VU,VU,2431,2414,0.222189316932707,0.222189316932707,0,0,False
Anoura_cultrata,LC,LC,2432,2415,0.22216767091975,0.22216767091975,0,0,False
Crunomys_celebensis,NT,NT,2434,2416,0.222139768217683,0.222139767864113,0,0,False
Antechinus_minimus,LC,LC,2418,2417,0.224143876739508,0.222027726200069,0,0,False
Murina_annamitica,LC,LC,2435,2418,0.221963681377414,0.221963681377414,0,0,False
Akodon_serrensis,LC,LC,2425,2419,0.222836337099251,0.221917314834267,0,0,False
Proechimys_mincae,DD,DD,2438,2420,0.221460332921328,0.221460332921328,0,0,False
Sylvilagus_robustus,NE,VU,3103,2421,0.160490974719416,0.221254107102683,0,0,True
Neoromicia_melckorum,DD,DD,2164,2422,0.257364093810419,0.221152279818728,0,0,False
Eospalax_rothschildi,LC,LC,2442,2423,0.22072386712622,0.22072386712622,0,0,False
Otomys_dartmouthi,DD,DD,2443,2424,0.220549266944715,0.220549266944715,0,0,False
Chiropodomys_muroides,DD,DD,2445,2425,0.220490857114837,0.220490857114837,0,0,False
Haeromys_pusillus,VU,VU,2446,2426,0.220363489622292,0.220363489622292,0,0,False
Punomys_kofordi,NT,NT,2437,2427,0.221519347279594,0.220345865966833,0,0,False
Proechimys_oconnelli,DD,DD,2447,2428,0.219866827828865,0.219866827828865,0,0,False
Mops_bakarii,DD,DD,2448,2429,0.219681427615907,0.219681427615894,0,0,False
Pagophilus_groenlandicus,NT,NT,2449,2430,0.219533913088392,0.219533913088392,0,0,False
Megaerops_niphanae,LC,LC,2451,2431,0.219428009110038,0.219428009110038,0,0,False
Wallabia_bicolor,LC,LC,2452,2432,0.219427885566682,0.219427885566682,0,0,False
Pseudomys_novaehollandiae,VU,VU,2413,2433,0.224512838924611,0.219277447072718,0,0,False
Calomys_hummelincki,LC,LC,2453,2434,0.219266144249099,0.219266144249099,0,0,False
Callicebus_melanochir,VU,VU,2454,2435,0.219210867310446,0.219154429904618,0,0,False
Sundasciurus_tenuis,LC,LC,2455,2436,0.219071748523068,0.219071748523068,0,0,False
Proechimys_magdalenae,DD,DD,2456,2437,0.218991121844807,0.218991121844807,0,0,False
Urocitellus_undulatus,LC,LC,2458,2438,0.218837112300726,0.218837112300726,0,0,False
Crocidura_monticola,LC,LC,2459,2439,0.218788065556336,0.218788065556336,0,0,False
Rhipidomys_cariri,DD,DD,2460,2440,0.218671645357725,0.218671645357725,0,0,False
Bassariscus_sumichrasti,LC,LC,2461,2441,0.218584593686712,0.218584593686756,0,0,False
Myoictis_wallacei,LC,LC,2464,2442,0.218340091814378,0.218340095352264,0,0,False
Proechimys_gardneri,DD,DD,2465,2443,0.218297730867362,0.218297730867362,0,0,False
Prionailurus_viverrinus,VU,VU,2468,2444,0.217986622085616,0.217986622085616,0,0,False
Ochotona_erythrotis,LC,LC,2469,2445,0.217676114582217,0.217676114582217,0,0,False
Otomops_secundus,DD,DD,2470,2446,0.217502578551907,0.217502578551907,0,0,False
Falsistrellus_tasmaniensis,VU,VU,2471,2447,0.217359163446967,0.217359144276489,0,0,False
Leopoldamys_siporanus,VU,VU,2472,2448,0.21735470918309,0.21735470918309,0,0,False
Bassariscus_astutus,LC,LC,2473,2449,0.217281829150579,0.217281829150643,0,0,False
Ochotona_rutila,LC,LC,2475,2450,0.217178449034538,0.217178449034538,0,0,False
Myotis_aelleni,LC,DD,5049,2451,0.0513929882928361,0.217137171527394,0,0,True
Pseudoryzomys_simplex,LC,LC,2467,2452,0.218021406944638,0.217132652589953,0,0,False
Pteropus_scapulatus,LC,LC,2466,2453,0.218290739751023,0.217015619076239,0,0,False
Hipposideros_dinops,VU,VU,2476,2454,0.217014432029051,0.217014432029051,0,0,False
Meriones_zarudnyi,DD,DD,2444,2455,0.220547276107537,0.216525675697992,0,0,False
Chaetodipus_fallax,LC,LC,2490,2456,0.214429573241631,0.216462667747887,0,0,False
Scaptochirus_moschatus,LC,LC,2477,2457,0.216321309912529,0.216321305094179,0,0,False
Mesoplodon_bidens,LC,LC,2479,2458,0.216231772775126,0.216231772775126,0,0,False
Abeomelomys_sevia,LC,LC,2480,2459,0.216041949713385,0.216041949713385,0,0,False
Pithecia_rylandsi,DD,VU,2782,2460,0.185853104606613,0.2158772467406,0,0,True
Otomys_thomasi,VU,VU,2481,2461,0.215772294448343,0.215772294448343,0,0,False
Tadarida_fulminans,LC,LC,2483,2462,0.21548813873777,0.21548813873777,0,0,False
Pipistrellus_pulveratus,DD,LC,902,2463,0.67424765923061,0.215412909590999,0,0,True
Thomasomys_bombycinus,VU,VU,2484,2464,0.215404560367211,0.215404560367211,0,0,False
Pseudomys_fieldi,VU,VU,2463,2465,0.21835492430627,0.215381213924303,0,0,False
Hipposideros_fulvus,LC,LC,2485,2466,0.215321510571401,0.215321510571401,0,0,False
Myotis_badius,DD,DD,2513,2467,0.212578881346084,0.215167701389997,0,0,False
Microsciurus_santanderensis,DD,DD,2498,2468,0.213739588901453,0.215112299341236,0,0,False
Petaurista_grandis,NE,DD,2436,2469,0.221686412711844,0.214703481914257,0,0,True
Ictonyx_libyca,LC,LC,2489,2470,0.214663313114503,0.214663313114503,0,0,False
Neoromicia_robertsi,DD,DD,2359,2471,0.231194695023747,0.214485582869651,0,0,False
Myotis_csorbai,DD,DD,2502,2472,0.213287605390462,0.214470145966695,0,0,False
Myotis_simus,DD,DD,2506,2473,0.213099885283819,0.214408409793453,0,0,False
Pseudorca_crassidens,NT,NT,2491,2474,0.214324257880296,0.214324257880296,0,0,False
Neusticomys_venezuelae,VU,VU,2492,2475,0.214277072388014,0.214277072855741,0,0,False
Reithrodontomys_paradoxus,DD,DD,2553,2476,0.209118151485478,0.214222178905797,0,0,False
Sylvilagus_insonus,DD,DD,2620,2477,0.202723557219713,0.214058864606767,0,0,False
Mus_oubanguii,DD,DD,2493,2478,0.214041732694533,0.214041732694533,0,0,False
Rhabdomys_pumilio,LC,LC,2494,2479,0.213985581011603,0.213985581011603,0,0,False
Myotis_brandtii,LC,LC,2511,2480,0.212611423895658,0.213954973667222,0,0,False
Cynomys_mexicanus,EN,EN,2495,2481,0.213932197267218,0.213932197267218,0,0,False
Gazella_arabica,VU,VU,2783,2482,0.185754672105195,0.213919258176755,0,0,False
Neotoma_palatina,VU,VU,2497,2483,0.21377574632226,0.21377574632226,0,0,False
Myotis_oreias,DD,DD,2512,2484,0.212607520987309,0.213629899991993,0,0,False
Lagenorhynchus_albirostris,LC,LC,2499,2485,0.213514924831906,0.213514924831906,0,0,False
Vampyressa_bidens,LC,LC,2500,2486,0.213506842164956,0.213506842367518,0,0,False
Scolomys_ucayalensis,LC,LC,2501,2487,0.213311335571878,0.213311335571878,0,0,False
Mus_goundae,DD,DD,2503,2488,0.213249566430988,0.213249566430988,0,0,False
Microgale_gymnorhyncha,LC,LC,2505,2489,0.213140499792541,0.213140499792541,0,0,False
Nyctalus_plancyi,LC,LC,2507,2490,0.213035274155907,0.213035274155907,0,0,False
Murina_huttoni,LC,LC,2508,2491,0.213011848184945,0.213011848184945,0,0,False
Eumops_hansae,LC,LC,2510,2492,0.212806401795318,0.212806401795318,0,0,False
Dasyprocta_azarae,DD,DD,2486,2493,0.215302549361755,0.212423982537783,0,0,False
Scotophilus_nux,LC,LC,2515,2494,0.212362117617316,0.212362117617316,0,0,False
Scolomys_melanops,LC,LC,2516,2495,0.212291636825432,0.212291636825432,0,0,False
Phyllotis_osgoodi,DD,DD,2517,2496,0.212268547303871,0.212268547303871,0,0,False
Crocidura_roosevelti,LC,LC,2518,2497,0.212234609074752,0.212234609074752,0,0,False
Hylaeamys_yunganus,LC,LC,2519,2498,0.212135218526769,0.212138028667157,0,0,False
Margaretamys_parvus,DD,DD,2520,2499,0.212102773367762,0.212102773367762,0,0,False
Antechinus_leo,LC,LC,2474,2500,0.217279189750582,0.212028041954182,0,0,False
Cavia_magna,LC,LC,2521,2501,0.211875360872819,0.211875360872819,0,0,False
Muntiacus_crinifrons,VU,VU,2522,2502,0.211852131695908,0.211852131695908,0,0,False
Balaenoptera_acutorostrata,LC,LC,2523,2503,0.211793746216717,0.211793746216717,0,0,False
Kerivoula_intermedia,NT,NT,2524,2504,0.211763169892544,0.211763169892544,0,0,False
Sorex_samniticus,LC,LC,2504,2505,0.21323814327627,0.211521456852353,0,0,False
Myotis_izecksohni,DD,DD,2560,2506,0.208619585006364,0.21140069165858,0,0,False
Chiropodomys_pusillus,DD,DD,2527,2507,0.21126764700772,0.21126764700772,0,0,False
Pseudochirulus_cinereus,NT,NT,2529,2508,0.211232503908064,0.211232503908064,0,0,False
Hydrochoerus_hydrochaeris,LC,LC,2530,2509,0.211174138805774,0.211174138805774,0,0,False
Glischropus_aquilus,NE,DD,2531,2510,0.211165416204634,0.211165416204639,0,0,True
Brucepattersonius_paradisus,LC,DD,5345,2511,0.0427110448236561,0.211075321022244,0,0,True
Peromyscus_crinitus,LC,LC,2615,2512,0.203386616635619,0.211036372359348,0,0,False
Ochotona_gloveri,LC,LC,2534,2513,0.211010128428195,0.211010128428195,0,0,False
Deltamys_kempi,LC,LC,2528,2514,0.211262499526264,0.210977676955068,0,0,False
Neacomys_spinosus,LC,LC,2535,2515,0.210897702133013,0.210897702133013,0,0,False
Ellobius_alaicus,LC,DD,5009,2516,0.0527595970439626,0.210849340967073,0,0,True
Phyllostomus_hastatus,LC,LC,2536,2517,0.210737141557158,0.210737136098896,0,0,False
Pithecia_mittermeieri,DD,VU,2949,2518,0.173468212137485,0.210708924015655,0,0,True
Myotis_alcathoe,DD,DD,2540,2519,0.210183488707391,0.210428125256904,0,0,False
Crocidura_fuscomurina,LC,LC,2539,2520,0.210402973450362,0.21040297345191,0,0,False
Anomalurus_pelii,LC,LC,2541,2521,0.210166597342903,0.210166597342903,0,0,False
Petinomys_setosus,VU,VU,2542,2522,0.210024777870187,0.210024777870187,0,0,False
Malacomys_edwardsi,LC,LC,2543,2523,0.209821448645384,0.209821448645384,0,0,False
Malacomys_longipes,LC,LC,2544,2524,0.209724397509327,0.209724397509327,0,0,False
Anomalurus_beecrofti,LC,LC,2546,2525,0.209649974500993,0.209649974500993,0,0,False
Bibimys_torresi,VU,VU,2547,2526,0.209377471851915,0.209377471851915,0,0,False
Dipodomys_ordii,LC,LC,2548,2527,0.209375654170846,0.209375654170846,0,0,False
Kerivoula_minuta,NT,NT,2549,2528,0.209365080237236,0.209365080237236,0,0,False
Rhipidomys_tribei,DD,DD,2550,2529,0.209346790427003,0.209346790427003,0,0,False
Dipodomys_compactus,LC,LC,2551,2530,0.209318926756326,0.209318926756326,0,0,False
Chaerephon_johorensis,VU,VU,2525,2531,0.211738051256044,0.209285549168103,0,0,False
Pteropus_chrysoproctus,VU,VU,2537,2532,0.210453149271162,0.2092855324167,0,0,False
Pteropus_speciosus,DD,DD,2552,2533,0.20918632237774,0.209005583177336,0,0,False
Calomys_cerqueirai,NE,DD,2554,2534,0.209002571490949,0.209002571490949,0,0,True
Myotis_rufopictus,DD,DD,2579,2535,0.206803297088896,0.208981463465785,0,0,False
Petaurista_yunanensis,NT,NT,2267,2536,0.244331935508775,0.208813712457429,0,0,False
Miniopterus_oceanensis,NE,VU,2865,2537,0.179322132166431,0.208764056793265,0,0,True
Marmota_monax,LC,LC,2558,2538,0.208702541136584,0.208702541136584,0,0,False
Myotis_midastactus,NE,DD,2559,2539,0.208650295603182,0.208650295603182,0,0,True
Mustela_itatsi,NT,NT,2562,2540,0.208536260518325,0.208536260518325,0,0,False
Pithecia_milleri,VU,VU,2538,2541,0.210435228273992,0.208518600900186,0,0,False
Thamnomys_kempi,VU,VU,2563,2542,0.208490542923776,0.208490543104176,0,0,False
Petinomys_lugens,VU,VU,2564,2543,0.208477510104555,0.208477510104555,0,0,False
Theropithecus_gelada,LC,LC,2566,2544,0.208293660313239,0.208293660313239,0,0,False
Chiropotes_utahickae,VU,VU,2567,2545,0.208216527108609,0.208216527108609,0,0,False
Sorex_sinalis,DD,DD,2584,2546,0.206245092251971,0.208167647612082,0,0,False
Petaurus_gracilis,EN,EN,2568,2547,0.207956364602455,0.207956364602455,0,0,False
Nyctinomops_kalinowskii,DD,DD,2570,2548,0.207907175589695,0.207907175589695,0,0,False
Dremomys_gularis,DD,LC,836,2549,0.719013193744723,0.207903893335205,0,0,True
Sciurus_sanborni,LC,DD,4955,2550,0.0544945129913173,0.207860922193522,0,0,True
Myotis_cobanensis,DD,DD,2624,2551,0.202461866247067,0.207794292745928,0,0,False
Anomalurus_derbianus,LC,LC,2571,2552,0.207789672725915,0.207789672725915,0,0,False
Vampyrodes_caraccioli,LC,LC,2572,2553,0.207788792340349,0.207788792340349,0,0,False
Petromyscus_barbouri,LC,LC,2573,2554,0.207672758727151,0.207672758727151,0,0,False
Aotus_jorgehernandezi,VU,DD,2264,2555,0.244880837062946,0.207402969282061,0,0,True
Apodemus_latronum,LC,LC,2574,2556,0.207382972044449,0.207382972044449,0,0,False
Chionomys_nivalis,LC,LC,2575,2557,0.207331728387737,0.207331728387737,0,0,False
Myotis_soror,DD,DD,2616,2558,0.203348245372186,0.207179036512039,0,0,False
Hylopetes_alboniger,LC,LC,2576,2559,0.207167218271713,0.207167218271713,0,0,False
Perameles_nasuta,LC,LC,2577,2560,0.207104573198478,0.207104573198478,0,0,False
Mydaus_marchei,LC,LC,2578,2561,0.207021456185899,0.207021456185899,0,0,False
Sorex_alaskanus,NE,DD,2526,2562,0.211453498959077,0.206940809693258,0,0,True
Chimarrogale_platycephalus,LC,LC,2580,2563,0.206703641625025,0.206703641625025,0,0,False
Harpyionycteris_whiteheadi,LC,LC,2581,2564,0.206686121645809,0.206686121645809,0,0,False
Pseudomys_gouldii,VU,VU,2555,2565,0.208959122926185,0.206331505251706,0,0,False
Myotis_bombinus,NT,NT,2586,2566,0.206130898088412,0.206130898090221,0,0,False
Aotus_brumbacki,VU,VU,2593,2567,0.205417212313708,0.206072878926717,0,0,False
Proechimys_chrysaeolus,DD,DD,2587,2568,0.20603632392402,0.20603632392402,0,0,False
Spermophilus_pygmaeus,LC,LC,2588,2569,0.205987964649458,0.205987964649458,0,0,False
Sus_barbatus,VU,VU,2718,2570,0.191943660056709,0.20597307860707,0,0,False
Tupaia_minor,LC,LC,2589,2571,0.20595517291463,0.20595517291463,0,0,False
Rhinolophus_francisi,NE,DD,2556,2572,0.208913488887312,0.205771390953222,0,0,True
Anomalurus_pusillus,LC,LC,2591,2573,0.205468790274664,0.205468790274664,0,0,False
Makalata_macrura,LC,LC,2592,2574,0.205426228216483,0.205426228216483,0,0,False
Psammomys_obesus,LC,LC,2594,2575,0.205415687453015,0.205415687453015,0,0,False
Rhinolophus_nereis,DD,DD,2585,2576,0.206138848998862,0.205357425394697,0,0,False
Microgale_dobsoni,LC,LC,2595,2577,0.20528753915867,0.20528753915867,0,0,False
Phocoena_spinipinnis,NT,NT,2596,2578,0.205284153975795,0.205284153975795,0,0,False
Sturnira_mistratensis,DD,DD,2597,2579,0.205246171378786,0.205246171378786,0,0,False
Pardofelis_marmorata,NT,NT,2598,2580,0.205159480500528,0.205159491210911,0,0,False
Eptesicus_fuscus,LC,LC,2590,2581,0.205950162255303,0.205129238701304,0,0,False
Callibella_humilis,DD,LC,725,2582,0.838059099965286,0.2050132307757,0,0,True
Heteromys_nubicolens,NE,DD,2600,2583,0.204923812598507,0.204923812598507,0,0,True
Eulemur_rufifrons,VU,VU,2601,2584,0.204886883565008,0.204886883565008,0,0,False
Microgale_parvula,LC,LC,2602,2585,0.204847415131846,0.204847415131846,0,0,False
Antrozous_pallidus,LC,LC,2599,2586,0.205149672132385,0.204730370310793,0,0,False
Desmomys_harringtoni,LC,LC,3539,2587,0.129324262469491,0.204726340119162,0,0,False
Ochotona_thomasi,LC,LC,2603,2588,0.20466750188572,0.20466750188572,0,0,False
Galidia_elegans,LC,LC,2609,2589,0.204249087898142,0.204654395489137,0,0,False
Mydaus_javanensis,LC,LC,2605,2590,0.204630127467231,0.204630127467231,0,0,False
Murina_cyclotis,LC,LC,2606,2591,0.204616674742145,0.204616674742145,0,0,False
Orthogeomys_cuniculus,LC,DD,4957,2592,0.0544126350849967,0.204547418404133,0,0,True
Pogonomys_loriae,LC,LC,2608,2593,0.204483027289134,0.204483027289134,0,0,False
Hipposideros_fuliginosus,LC,LC,2610,2594,0.204173682803885,0.204173682803885,0,0,False
Gerbillus_latastei,DD,DD,2612,2595,0.203972473762035,0.20415006998776,0,0,False
Scotoecus_albofuscus,DD,DD,2611,2596,0.204098902367589,0.204098902367589,0,0,False
Sciurus_carolinensis,LC,LC,2660,2597,0.198268118766908,0.204095278591026,0,0,False
Mogera_tokudae,NT,NT,2614,2598,0.203618908058333,0.203618908058333,0,0,False
Pseudomys_calabyi,VU,VU,2561,2599,0.20859119678313,0.203534334773903,0,0,False
Brucepattersonius_guarani,LC,DD,5275,2600,0.0443105297200295,0.203191847918781,0,0,True
Homo_sapiens,NE,DD,2617,2601,0.203181161249371,0.203181161249371,0,0,True
Myotis_anjouanensis,DD,DD,2638,2602,0.200791982623113,0.203156537714834,0,0,False
Rattus_hoogerwerfi,VU,VU,2618,2603,0.202878147307294,0.202878147307294,0,0,False
Hystrix_pumila,VU,VU,2619,2604,0.202863177893488,0.202863177893488,0,0,False
Suncus_infinitesimus,LC,LC,2621,2605,0.202692147326532,0.202692147326532,0,0,False
Sminthopsis_dolichura,LC,LC,2622,2606,0.202633820538812,0.202633820538812,0,0,False
Lionycteris_spurrelli,LC,LC,2623,2607,0.202597613076915,0.202597613076916,0,0,False
Microcebus_rufus,VU,VU,2625,2608,0.2024361625492,0.202445965852665,0,0,False
Suncus_varilla,LC,LC,2626,2609,0.202388481300246,0.202388481300246,0,0,False
Petromyscus_shortridgei,LC,LC,2627,2610,0.202243511253837,0.202243511253837,0,0,False
Neusticomys_mussoi,VU,VU,2628,2611,0.202241441717557,0.20224145049008,0,0,False
Thomasomys_ucucha,VU,VU,2629,2612,0.201992689807705,0.201992689807705,0,0,False
Lariscus_obscurus,NT,NT,2630,2613,0.201930819629591,0.201930819629591,0,0,False
Thomasomys_monochromos,VU,VU,2631,2614,0.201865120463453,0.201865120463453,0,0,False
Martes_flavigula,LC,LC,2632,2615,0.201835626616632,0.201835626616632,0,0,False
Sorex_kozlovi,DD,DD,2607,2616,0.204553991799746,0.201755708181152,0,0,False
Maxomys_panglima,LC,LC,2633,2617,0.201737452257204,0.201737452257202,0,0,False
Grammomys_buntingi,LC,DD,5271,2618,0.0443495406351933,0.201280162551511,0,0,True
Sminthopsis_leucopus,LC,LC,2634,2619,0.201235822690602,0.201235822690602,0,0,False
Brucepattersonius_albinasus,DD,DD,3030,2620,0.16712865322957,0.201124363769128,0,0,False
Thomasomys_hudsoni,VU,VU,2636,2621,0.200909769704895,0.200909769704895,0,0,False
Bison_bison,NT,NT,2637,2622,0.20081927389929,0.20081927389929,0,0,False
Lasiurus_borealis,LC,LC,2639,2623,0.200720367954603,0.200720367954603,0,0,False
Hipposideros_commersoni,NT,NT,2640,2624,0.200684032923126,0.200684032923126,0,0,False
Pseudantechinus_roryi,LC,LC,2642,2625,0.200438082324247,0.200438082324247,0,0,False
Hippotragus_equinus,LC,LC,2643,2626,0.200397557198634,0.200397557198634,0,0,False
Eremodipus_lichtensteini,LC,LC,2644,2627,0.200163881618216,0.200163881618216,0,0,False
Chodsigoa_smithii,NT,NT,2569,2628,0.207928359711968,0.200147285609215,0,0,False
Callicebus_ornatus,VU,VU,2583,2629,0.206367512445919,0.199936793453826,0,0,False
Glischropus_javanus,DD,DD,2646,2630,0.199564250068216,0.199564250068216,0,0,False
Sturnira_aratathomasi,LC,LC,2647,2631,0.199562601439257,0.199562601439257,0,0,False
Monodelphis_domestica,LC,LC,2672,2632,0.19695936450246,0.199447926650121,0,0,False
Nycteris_macrotis,LC,LC,2836,2633,0.181648918075972,0.199362785110064,0,0,False
Hypsugo_dolichodon,DD,DD,2330,2634,0.235269732939362,0.199279043883915,0,0,False
Sorex_gracillimus,LC,LC,2641,2635,0.200480088410953,0.199104382514979,0,0,False
Hypsignathus_monstrosus,LC,LC,2653,2636,0.19906697189644,0.19906697189644,0,0,False
Rhinolophus_silvestris,DD,DD,2649,2637,0.199443239908039,0.199038609275313,0,0,False
Calcochloris_obtusirostris,LC,LC,2654,2638,0.19900731798091,0.19900731798091,0,0,False
Rattus_stoicus,VU,VU,2655,2639,0.198954830200445,0.198954830200445,0,0,False
Microgale_soricoides,LC,LC,2657,2640,0.198580875624456,0.198580875624456,0,0,False
Murina_fionae,LC,LC,2658,2641,0.198528830387718,0.198528830387718,0,0,False
Petinomys_vordermanni,VU,VU,2659,2642,0.198397099378845,0.198397099378845,0,0,False
Phyllomys_pattoni,LC,LC,2661,2643,0.198183457144586,0.198183457144586,0,0,False
Myotis_diminutus,DD,DD,2665,2644,0.197106069007528,0.198142256666258,0,0,False
Procapra_przewalskii,EN,EN,2662,2645,0.197979602709191,0.197979602709191,0,0,False
Sylvilagus_varynaensis,DD,DD,2875,2646,0.178722406177645,0.197795858905368,0,0,False
Niviventer_cameroni,VU,VU,2663,2647,0.197712500740914,0.197712500740914,0,0,False
Microgale_gracilis,LC,LC,2664,2648,0.197486018926201,0.197486018926201,0,0,False
Cricetulus_migratorius,LC,LC,2582,2649,0.206477373071695,0.19731723663596,0,0,False
Microgale_thomasi,LC,LC,2666,2650,0.197089220720337,0.197089220720337,0,0,False
Tragelaphus_strepsiceros,LC,LC,2667,2651,0.197078447396185,0.197078447396185,0,0,False
Phoniscus_aerosa,DD,DD,2669,2652,0.197025327594771,0.197025327594771,0,0,False
Microgale_drouhardi,LC,LC,2671,2653,0.196961991350477,0.196961991350477,0,0,False
Sekeetamys_calurus,LC,LC,2673,2654,0.196917516883688,0.196917516883688,0,0,False
Rhinolophus_shortridgei,DD,DD,2674,2655,0.19684260632942,0.196659661539827,0,0,False
Tragelaphus_eurycerus,NT,NT,2675,2656,0.196646963761168,0.196646963761168,0,0,False
Fukomys_kafuensis,VU,VU,2488,2657,0.21475807412709,0.19635022689611,0,0,False
Mesoplodon_europaeus,LC,LC,2677,2658,0.196317252095628,0.196317252095628,0,0,False
Oecomys_sydandersoni,NE,DD,2678,2659,0.196290214289709,0.196290214289709,0,0,True
Chalinolobus_nigrogriseus,LC,LC,2679,2660,0.196289745981427,0.196289745981427,0,0,False
Thomasomys_hylophilus,VU,VU,2681,2661,0.19611538358615,0.19611538358615,0,0,False
Acomys_ngurui,LC,LC,2648,2662,0.199443609072215,0.196102486686071,0,0,False
Microgale_grandidieri,LC,LC,2682,2663,0.196020023380216,0.196020023380216,0,0,False
Nyctimene_masalai,DD,DD,2656,2664,0.1986562530187,0.195867927011308,0,0,False
Microtus_evoronensis,DD,DD,2710,2665,0.192640012290652,0.195817835791459,0,0,False
Andinomys_edax,LC,LC,2683,2666,0.195892817882847,0.195759829940746,0,0,False
Aeromys_thomasi,LC,LC,2685,2667,0.195614995873021,0.195614995873021,0,0,False
Cerradomys_langguthi,NE,DD,2686,2668,0.195591156899118,0.195591156899118,0,0,True
Rhinolophus_sakejiensis,DD,DD,2645,2669,0.200109376803871,0.195514310093304,0,0,False
Anoura_caudifer,LC,LC,2688,2670,0.195369807672139,0.195369807672139,0,0,False
Peromyscus_californicus,LC,LC,2717,2671,0.191992200618172,0.195319411240278,0,0,False
Leptonycteris_yerbabuenae,NT,NT,2692,2672,0.195237192507216,0.195237192507216,0,0,False
Neodon_forresti,DD,DD,2699,2673,0.194242405423044,0.195047738378703,0,0,False
Naemorhedus_caudatus,VU,VU,2694,2674,0.194973190982157,0.194973190982157,0,0,False
Graomys_edithae,DD,DD,2695,2675,0.19493986318497,0.19493986318497,0,0,False
Abrocoma_bennettii,LC,LC,2997,2676,0.169606565547687,0.194902872071336,0,0,False
Reithrodontomys_creper,LC,LC,2690,2677,0.195334072328406,0.194873987683108,0,0,False
Hippotragus_niger,LC,LC,2696,2678,0.194736182831629,0.194736182831629,0,0,False
Mazama_americana,DD,DD,2680,2679,0.196280965910454,0.194664586122065,0,0,False
Microtus_quasiater,NT,NT,2697,2680,0.194732563940195,0.194240323167295,0,0,False
Macaca_thibetana,NT,NT,2700,2681,0.194230702021015,0.194230702021015,0,0,False
Cephalophus_silvicultor,NT,NT,2701,2682,0.194171071112588,0.194171071112569,0,0,False
Ctenomys_ibicuiensis,NT,NT,2727,2683,0.190785618299674,0.193954122721989,0,0,False
Grammomys_caniceps,NE,DD,2879,2684,0.178419482317337,0.193918417145497,0,0,True
Rattus_lugens,VU,VU,2702,2685,0.193897798276592,0.193897798276592,0,0,False
Nyctimene_draconilla,DD,DD,2668,2686,0.197044535923089,0.193890470484411,0,0,False
Rhinolophus_mitratus,DD,DD,2676,2687,0.196521208673166,0.193303460908546,0,0,False
Lichonycteris_obscura,LC,LC,2703,2688,0.193286520834803,0.193286520834803,0,0,False
Rhipidomys_wetzeli,LC,LC,2705,2689,0.193091480609269,0.193091480609269,0,0,False
Pipistrellus_stenopterus,LC,LC,2693,2690,0.195094616860762,0.193057005767742,0,0,False
Makalata_didelphoides,LC,LC,2706,2691,0.193010478284952,0.193010478284952,0,0,False
Rhinolophus_maendeleo,DD,DD,2689,2692,0.195355327869766,0.192998183814962,0,0,False
Bos_grunniens,NE,DD,2707,2693,0.192915559294932,0.192915559294932,0,0,True
Thomasomys_gracilis,NT,NT,2709,2694,0.192813081647756,0.192813081647756,0,0,False
Microgale_brevicaudata,LC,LC,2711,2695,0.192584969285987,0.192584969285987,0,0,False
Scotophilus_nucella,DD,DD,2712,2696,0.192545120724608,0.192545120724608,0,0,False
Thomasomys_eleusis,VU,VU,2713,2697,0.192330923459517,0.192330923459517,0,0,False
Lophuromys_stanleyi,DD,DD,2714,2698,0.192315539863444,0.192315539863444,0,0,False
Mico_manicorensis,VU,VU,2715,2699,0.192228531041542,0.192228531041542,0,0,False
Macropus_bernardus,NT,NT,2716,2700,0.192136632195324,0.192136632195324,0,0,False
Callicebus_miltoni,DD,DD,2738,2701,0.189951181662208,0.191971645946253,0,0,False
Cynomops_paranus,LC,DD,4883,2702,0.056896644443995,0.191882429533444,0,0,True
Mylomys_rex,DD,DD,2719,2703,0.191868274957847,0.191868274957847,0,0,False
Thyroptera_discifera,LC,LC,2720,2704,0.191602713250521,0.191602713250521,0,0,False
Cercopithecus_petaurista,NT,NT,2721,2705,0.191366025092079,0.191366025092079,0,0,False
Macropus_rufus,LC,LC,2722,2706,0.191285968203077,0.191285968203077,0,0,False
Chelemys_macronyx,LC,LC,2723,2707,0.19110249693583,0.19110249693583,0,0,False
Lophostoma_schulzi,LC,LC,2724,2708,0.191027923211943,0.191027923211943,0,0,False
Lophuromys_machangui,DD,DD,2725,2709,0.190984080694444,0.190984080694444,0,0,False
Thomomys_talpoides,LC,LC,2726,2710,0.190910105656553,0.190910105656553,0,0,False
Holochilus_lagigliai,NE,DD,2728,2711,0.190679898928855,0.190679898928855,0,0,True
Mus_pahari,LC,LC,2729,2712,0.190627632430175,0.190627632430175,0,0,False
Dasyprocta_kalinowskii,DD,DD,2744,2713,0.189421391088292,0.190488053710745,0,0,False
Saccostomus_mearnsi,LC,LC,2730,2714,0.190442860926195,0.190442860926195,0,0,False
Arvicola_sapidus,NT,NT,2731,2715,0.19044070532479,0.19044070532479,0,0,False
Macaca_assamensis,NT,NT,2732,2716,0.190397108948276,0.190397108948276,0,0,False
Myoprocta_acouchy,LC,LC,2733,2717,0.190378962888303,0.190378962888891,0,0,False
Notiosorex_cockrumi,LC,LC,2734,2718,0.190367295798182,0.190367295798182,0,0,False
Paguma_larvata,LC,LC,2735,2719,0.190281510584527,0.190281510584527,0,0,False
Mico_marcai,VU,VU,2736,2720,0.190180119698255,0.190180119698255,0,0,False
Scapanus_latimanus,LC,LC,2737,2721,0.190126242619382,0.190126242619382,0,0,False
Pseudois_nayaur,LC,LC,2739,2722,0.189920151102875,0.189920151111056,0,0,False
Madoqua_piacentinii,DD,DD,2740,2723,0.189919668838202,0.189919668838202,0,0,False
Mus_caroli,LC,LC,2741,2724,0.189769548771018,0.189769548771018,0,0,False
Galagoides_thomasi,LC,LC,2670,2725,0.197018138144397,0.189679979680971,0,0,False
Artibeus_concolor,LC,LC,2742,2726,0.189564515734837,0.189564515734837,0,0,False
Crocidura_ludia,LC,LC,2745,2727,0.189300857479888,0.189300857479888,0,0,False
Mico_rondoni,VU,VU,2746,2728,0.189152586254228,0.189152586254228,0,0,False
Myoprocta_pratti,LC,LC,2747,2729,0.188905771858479,0.18890577185913,0,0,False
Rattus_salocco,VU,VU,2748,2730,0.188859665333431,0.188859665333431,0,0,False
Praomys_degraaffi,LC,LC,2750,2731,0.188531696651227,0.188531696651227,0,0,False
Eubalaena_australis,LC,LC,2751,2732,0.188525360150092,0.188525360150092,0,0,False
Microtus_xanthognathus,LC,LC,2767,2733,0.187151505706909,0.188523430958604,0,0,False
Taphozous_nudiventris,LC,LC,2752,2734,0.188472541057241,0.188472541057241,0,0,False
Macropus_rufogriseus,LC,LC,2753,2735,0.188423827392852,0.188423827392852,0,0,False
Sturnira_sorianoi,DD,DD,2754,2736,0.188216767604086,0.188216767604086,0,0,False
Galagoides_demidovii,LC,LC,2652,2737,0.199077100977174,0.188139970539466,0,0,False
Myosorex_babaulti,LC,LC,2755,2738,0.188110308228512,0.188110308228512,0,0,False
Otomys_yaldeni,VU,VU,2756,2739,0.187962748209142,0.187962748209142,0,0,False
Podogymnura_truei,LC,LC,2757,2740,0.187947691563918,0.187946527421635,0,0,False
Belomys_pearsonii,LC,LC,2758,2741,0.187938364416286,0.187938364416286,0,0,False
Saccostomus_campestris,LC,LC,2760,2742,0.187910147428952,0.187910147428952,0,0,False
Blarinella_quadraticauda,NT,NT,2761,2743,0.187822895821059,0.187822895821059,0,0,False
Nyctimene_sanctacrucis,DD,DD,2698,2744,0.19451447303957,0.187670924144488,0,0,False
Uropsilus_gracilis,LC,LC,2651,2745,0.19924019425728,0.187644459929738,0,0,False
Haeromys_margarettae,DD,DD,2764,2746,0.187486818636364,0.187486818636364,0,0,False
Reithrodontomys_humulis,LC,LC,2765,2747,0.187367741273146,0.187367771651143,0,0,False
Mesoplodon_mirus,LC,LC,2768,2748,0.187091407961615,0.187091407961615,0,0,False
Otomys_sloggetti,LC,LC,2769,2749,0.187086599707834,0.187086599707834,0,0,False
Lasiurus_cinereus,LC,LC,2771,2750,0.186895159198461,0.186895159198461,0,0,False
Crocidura_paradoxura,LC,LC,2773,2751,0.186759637895591,0.186759637895591,0,0,False
Microgale_taiva,LC,LC,2774,2752,0.186734846638599,0.186734846638599,0,0,False
Calomys_laucha,LC,LC,2775,2753,0.186721476612635,0.186721476612635,0,0,False
Rhinolophus_keyensis,DD,DD,2766,2754,0.187198777507755,0.186661872591887,0,0,False
Diplomys_labilis,LC,LC,2777,2755,0.186266793524729,0.186266793524729,0,0,False
Pipistrellus_hesperidus,LC,LC,2770,2756,0.186955564678363,0.186094138411915,0,0,False
Gerbillurus_tytonis,LC,LC,2779,2757,0.185949566023073,0.185949566023073,0,0,False
Dorcopsis_hageni,LC,LC,2780,2758,0.18593073299831,0.18593073299831,0,0,False
Hipposideros_caffer,LC,LC,2784,2759,0.185752080823343,0.185752080823343,0,0,False
Tupaia_longipes,LC,LC,2785,2760,0.18543525174464,0.18543525174464,0,0,False
Brucepattersonius_misionensis,LC,DD,5420,2761,0.0405462768738763,0.185382845636763,0,0,True
Hipposideros_cineraceus,LC,LC,2786,2762,0.185268735765813,0.185268735765813,0,0,False
Lophuromys_menageshae,DD,DD,2788,2763,0.185122131099231,0.185122131099231,0,0,False
Hipposideros_lankadiva,LC,LC,2789,2764,0.184948411775185,0.184948411775185,0,0,False
Nyctophilus_corbeni,VU,VU,2790,2765,0.184934903528152,0.184934903528152,0,0,False
Petinomys_genibarbis,VU,VU,2791,2766,0.184889044602446,0.184889044602446,0,0,False
Ctenomys_bonettoi,EN,EN,2478,2767,0.216244497559046,0.184866280314178,0,0,False
Trogopterus_xanthipes,NT,NT,2792,2768,0.184776773303428,0.184776773303428,0,0,False
Crocidura_neglecta,NE,LC,973,2769,0.627428109902494,0.184769858380639,0,0,True
Eliurus_majori,LC,LC,2793,2770,0.184665935435993,0.184665935435993,0,0,False
Miniopterus_griffithsi,DD,DD,2794,2771,0.184631477631378,0.184625630700102,0,0,False
Papio_papio,NT,NT,2795,2772,0.184552713171314,0.184552713171314,0,0,False
Chodsigoa_hypsibia,LC,LC,2687,2773,0.195457824118675,0.184519467366884,0,0,False
Microtus_agrestis,LC,LC,2787,2774,0.185155954823769,0.184497405831451,0,0,False
Coendou_quichua,DD,DD,2796,2775,0.184402415770712,0.184402415770712,0,0,False
Microgale_fotsifotsy,LC,LC,2798,2776,0.184380633773748,0.184380633773748,0,0,False
Sapajus_cay,VU,VU,2799,2777,0.18433685950975,0.18433685950975,0,0,False
Sigmodon_fulviventer,LC,LC,2762,2778,0.187815693384736,0.184191228119492,0,0,False
Euryoryzomys_macconnelli,LC,LC,2802,2779,0.184118016106041,0.184118016106041,0,0,False
Monophyllus_plethodon,LC,LC,2803,2780,0.184072148277443,0.184072148277443,0,0,False
Tupaia_glis,LC,LC,2804,2781,0.184012574489434,0.184012574489434,0,0,False
Crunomys_fallax,DD,DD,2805,2782,0.183945196192575,0.183945102830393,0,0,False
Lophuromys_makundii,DD,DD,2806,2783,0.183887121476189,0.183887121476189,0,0,False
Lophuromys_cinereus,DD,DD,2807,2784,0.183805769624308,0.183805769624308,0,0,False
Antechinus_agilis,LC,LC,2781,2785,0.185886865123772,0.183782554166114,0,0,False
Rusa_marianna,VU,VU,2808,2786,0.183702882012586,0.183702882012586,0,0,False
Grammomys_aridulus,LC,DD,5231,2787,0.0454007414607921,0.183702072593759,0,0,True
Dasymys_foxi,DD,DD,2809,2788,0.183579848361345,0.183579848361345,0,0,False
Callicebus_nigrifrons,NT,NT,2848,2789,0.180663977045305,0.18355072473614,0,0,False
Cabassous_unicinctus,LC,LC,2811,2790,0.183529490446999,0.183529490446971,0,0,False
Chiroderma_vizottoi,LC,DD,5196,2791,0.046407894327706,0.183440450099584,0,0,True
Procapra_picticaudata,NT,NT,2812,2792,0.183345691386492,0.183345691386492,0,0,False
Petrogale_penicillata,VU,VU,2815,2793,0.183275103287312,0.183275103287312,0,0,False
Sigmodon_leucotis,LC,LC,2763,2794,0.187734435257052,0.183208049117245,0,0,False
Chaetodipus_pernix,LC,LC,2835,2795,0.181836143375532,0.183155267460314,0,0,False
Lepus_saxatilis,LC,LC,2816,2796,0.183029365886263,0.183029365886263,0,0,False
Rousettus_leschenaultii,NT,NT,2817,2797,0.183028099007933,0.183028099007933,0,0,False
Ichthyomys_stolzmanni,DD,DD,2818,2798,0.182933462878993,0.182933483062469,0,0,False
Rhinolophus_adami,DD,DD,2814,2799,0.183275877406713,0.18285612422572,0,0,False
Arctocephalus_galapagoensis,EN,EN,2819,2800,0.182750175332799,0.182750206175247,0,0,False
Eospalax_smithii,LC,LC,2821,2801,0.18267817259097,0.18267817259097,0,0,False
Eospalax_fontanierii,LC,LC,2822,2802,0.182606917040132,0.182606917040132,0,0,False
Thylogale_stigmatica,LC,LC,2828,2803,0.18217894396939,0.182359820770884,0,0,False
Calomyscus_mystax,LC,LC,2824,2804,0.182354476753885,0.182354476753885,0,0,False
Coendou_baturitensis,DD,DD,2825,2805,0.182292162664603,0.182292162664603,0,0,False
Mico_melanurus,NT,NT,2826,2806,0.182257179792748,0.182257179792748,0,0,False
Rhombomys_opimus,LC,LC,2827,2807,0.182188506986235,0.182188506986235,0,0,False
Chaetodipus_spinatus,LC,LC,2834,2808,0.181882222303267,0.182172211119387,0,0,False
Monophyllus_redmani,LC,LC,2829,2809,0.182162388508847,0.182162388508847,0,0,False
Abrawayaomys_chebezi,LC,DD,5407,2810,0.0408741148964782,0.182141668257905,0,0,True
Reithrodontomys_montanus,LC,LC,2833,2811,0.181918099246551,0.182096270244545,0,0,False
Lontra_longicaudis,NT,NT,2830,2812,0.182092162354597,0.18209208527955,0,0,False
Alticola_stoliczkanus,LC,LC,2801,2813,0.184260746460644,0.182010119144894,0,0,False
Nycticeius_cubanus,NT,NT,2831,2814,0.181965769439793,0.181965769439793,0,0,False
Hylomyscus_parvus,LC,LC,2832,2815,0.181964081603864,0.181964081603864,0,0,False
Myotis_rosseti,LC,LC,2841,2816,0.181292046616729,0.181921794562259,0,0,False
Sus_celebensis,NT,NT,3021,2817,0.168022962331806,0.181670288315408,0,0,False
Crocidura_stenocephala,VU,VU,2837,2818,0.181643295178213,0.181643295178213,0,0,False
Nyctimene_cyclotis,DD,DD,2749,2819,0.188708542510332,0.181575583878453,0,0,False
Hipposideros_madurae,NT,NT,2839,2820,0.181372111041736,0.181372111041736,0,0,False
Praomys_lukolelae,LC,LC,2840,2821,0.181335288757607,0.181335288757607,0,0,False
Sus_oliveri,VU,VU,3108,2822,0.160237211912548,0.181266556421423,0,0,False
Dacnomys_millardi,LC,LC,2842,2823,0.181150238878499,0.181150238878499,0,0,False
Melomys_fulgens,VU,VU,2844,2824,0.181026701905217,0.181026701905217,0,0,False
Phalanger_gymnotis,LC,LC,2845,2825,0.180956208962258,0.180956208962258,0,0,False
Mirzamys_norahae,DD,DD,2846,2826,0.180892435262437,0.180892435262437,0,0,False
Lasiurus_intermedius,LC,LC,2847,2827,0.1807271570343,0.1807271570343,0,0,False
Solomys_salamonis,DD,DD,2852,2828,0.180587341062891,0.180587341062891,0,0,False
Apomys_gracilirostris,LC,LC,2853,2829,0.180556202646554,0.180556202646554,0,0,False
Rhinolophus_mabuensis,EN,EN,2851,2830,0.180592822043534,0.180440434097596,0,0,False
Mops_mops,NT,NT,2854,2831,0.18042024102072,0.18042024102072,0,0,False
Rhinolophus_formosae,LC,LC,2849,2832,0.18064712260813,0.180003878921121,0,0,False
Colomys_goslingi,LC,LC,2859,2833,0.179879481423633,0.179879481423633,0,0,False
Pteropus_intermedius,DD,DD,2855,2834,0.180389299777937,0.179708147714868,0,0,False
Pteropus_loochoensis,EN,DD,1303,2835,0.459370052857318,0.179658358320674,0,0,True
Mogera_insularis,LC,LC,2860,2836,0.179630951427307,0.179630951427266,0,0,False
Pithecia_vanzolinii,DD,DD,2823,2837,0.182552152454086,0.179574979319601,0,0,False
Neusticomys_oyapocki,DD,DD,2861,2838,0.179534958568283,0.179534958569766,0,0,False
Neacomys_dubosti,LC,LC,2862,2839,0.179512409379471,0.179512409379471,0,0,False
Pithecia_insuta,DD,DD,2858,2840,0.180056915064322,0.179499676836098,0,0,False
Microcavia_australis,LC,LC,2863,2841,0.17947631586629,0.17947631586629,0,0,False
Pipistrellus_cadornae,DD,LC,1027,2842,0.59589320144862,0.179298983653669,0,0,True
Tamiops_swinhoei,LC,LC,2866,2843,0.179255698235498,0.179255698233953,0,0,False
Antechinus_godmani,LC,LC,2864,2844,0.179346686133213,0.179227068188551,0,0,False
Atelerix_algirus,LC,LC,2867,2845,0.179222139028152,0.179222139028152,0,0,False
Kobus_ellipsiprymnus,LC,LC,2868,2846,0.179187013609489,0.179187013609489,0,0,False
Tamiops_maritimus,LC,LC,2869,2847,0.179072493208042,0.179072493207217,0,0,False
Rhinolophus_luctoides,NE,DD,2856,2848,0.180276033800515,0.178968843607208,0,0,True
Neotoma_cinerea,LC,LC,2871,2849,0.178879927170003,0.178879927170003,0,0,False
Phyllostomus_elongatus,LC,LC,2872,2850,0.178856178259434,0.17885593278835,0,0,False
Sciurotamias_forresti,LC,LC,2873,2851,0.178810418321634,0.178810418321634,0,0,False
Nyctinomops_macrotis,LC,LC,2874,2852,0.1787658557269,0.1787658557269,0,0,False
Alcelaphus_buselaphus,LC,LC,2876,2853,0.178702727226567,0.178702727226567,0,0,False
Myotis_annamiticus,LC,DD,5329,2854,0.0430596560222743,0.178590115439443,0,0,True
Antechinus_flavipes,LC,LC,2843,2855,0.181131336149993,0.178577745141009,0,0,False
Perognathus_amplus,LC,LC,2878,2856,0.178448291478223,0.178448291478223,0,0,False
Peromyscus_stirtoni,LC,LC,2838,2857,0.181442827341011,0.178438722927231,0,0,False
Diclidurus_scutatus,LC,LC,2880,2858,0.178368186868543,0.178368186868543,0,0,False
Brucepattersonius_griserufescens,DD,DD,3095,2859,0.160831616333926,0.178284797655142,0,0,False
Microcavia_niata,LC,LC,2881,2860,0.17819619034319,0.17819619034319,0,0,False
Cabassous_tatouay,LC,LC,2882,2861,0.178165124138076,0.178165124137221,0,0,False
Muntiacus_puhoatensis,DD,DD,2883,2862,0.178045731915916,0.178045731915916,0,0,False
Eothenomys_wardi,NT,NT,2884,2863,0.177995317141348,0.17799531353653,0,0,False
Brachiones_przewalskii,LC,LC,2885,2864,0.177942149342887,0.177942149342887,0,0,False
Onychomys_torridus,LC,LC,2887,2865,0.177860988747173,0.177860988747173,0,0,False
Callicebus_stephennashi,DD,DD,2889,2866,0.177583605685958,0.177588636411765,0,0,False
Lemmus_trimucronatus,LC,LC,2890,2867,0.177546587744678,0.177546587744678,0,0,False
Brachyuromys_ramirohitra,LC,LC,2891,2868,0.177484543600748,0.177484543600748,0,0,False
Phyllostomus_latifolius,LC,LC,2892,2869,0.177404813441175,0.177404739625848,0,0,False
Phalanger_vestitus,LC,LC,2893,2870,0.177386597702725,0.177386597702725,0,0,False
Megaptera_novaeangliae,LC,LC,2894,2871,0.177296295382828,0.177296295382828,0,0,False
Marmosa_paraguayanus,DD,LC,949,2872,0.640416041481838,0.1772331573096,0,0,True
Bunomys_prolatus,VU,VU,2895,2873,0.177194086050528,0.177194086050528,0,0,False
Nesomys_audeberti,LC,LC,2896,2874,0.17718323793424,0.17718323793424,0,0,False
Lemniscomys_hoogstraali,DD,DD,2897,2875,0.177007419766042,0.177007419766042,0,0,False
Lagothrix_lugens,VU,VU,2899,2876,0.176574181782903,0.176574181782903,0,0,False
Neusticomys_ferreirai,DD,DD,2900,2877,0.176514564387259,0.176514564387408,0,0,False
Crocuta_crocuta,LC,LC,2901,2878,0.176365484335625,0.176365484335625,0,0,False
Nesomys_rufus,LC,LC,2902,2879,0.176136397014047,0.176136397014047,0,0,False
Lasiurus_atratus,LC,LC,2903,2880,0.176120485210843,0.176120485210843,0,0,False
Rhynchocyon_petersi,LC,LC,2906,2881,0.176007520397193,0.176007520397193,0,0,False
Sicista_tianshanica,LC,LC,2907,2882,0.176006735658972,0.176006735658972,0,0,False
Sousa_sahulensis,VU,VU,2908,2883,0.175985764935107,0.175985764935107,0,0,False
Presbytis_siamensis,NT,NT,2909,2884,0.175984371511152,0.175984371511152,0,0,False
Rattus_omichlodes,DD,DD,2910,2885,0.175940614043638,0.175940614043638,0,0,False
Antilope_cervicapra,LC,LC,2912,2886,0.175870960459269,0.175871534658462,0,0,False
Dendromus_mystacalis,LC,LC,2911,2887,0.175893455521627,0.17576133254299,0,0,False
Crocidura_sicula,LC,LC,2913,2888,0.175731890529197,0.175731890529197,0,0,False
Eliurus_webbi,LC,LC,2914,2889,0.175687071547283,0.175687071547283,0,0,False
Dasymys_nudipes,DD,DD,2916,2890,0.17559124610657,0.17559124610657,0,0,False
Atelocynus_microtis,NT,NT,2917,2891,0.175531714389095,0.175530973007362,0,0,False
Eumops_chiribaya,NE,DD,2918,2892,0.17550697121023,0.17550697121023,0,0,True
Baiyankamys_habbema,DD,DD,2919,2893,0.175476152073686,0.175476152073686,0,0,False
Brachyuromys_betsileoensis,LC,LC,2921,2894,0.175454178962579,0.175454178962579,0,0,False
Megaerops_ecaudatus,LC,LC,2922,2895,0.175239422237653,0.175239422237653,0,0,False
Hipposideros_griffini,NT,NT,2923,2896,0.175221559705292,0.175221559705292,0,0,False
Sciurus_deppei,LC,LC,2942,2897,0.173851803901926,0.175134067810656,0,0,False
Synaptomys_borealis,LC,LC,2924,2898,0.175032388467754,0.175032388467754,0,0,False
Batomys_salomonseni,LC,LC,2925,2899,0.175009755055655,0.175009755055655,0,0,False
Rattus_adustus,DD,DD,2926,2900,0.174992965613665,0.174992965613665,0,0,False
Chimarrogale_styani,LC,LC,2927,2901,0.174941362201115,0.174941362201109,0,0,False
Akodon_mimus,LC,LC,2915,2902,0.175661352728407,0.174886586141055,0,0,False
Calomyscus_urartensis,LC,LC,2928,2903,0.174836475464181,0.174836475464181,0,0,False
Talpa_stankovici,LC,LC,2929,2904,0.174767917282442,0.174767917282442,0,0,False
Callosciurus_notatus,LC,LC,2993,2905,0.170103132378409,0.174747122618887,0,0,False
Eschrichtius_robustus,LC,LC,2930,2906,0.174577055720601,0.174577055720601,0,0,False
Mesembriomys_macrurus,NT,NT,2931,2907,0.174542591505744,0.174542591505744,0,0,False
Pronolagus_rupestris,LC,LC,2933,2908,0.174488562247207,0.174488562247207,0,0,False
Sorex_rohweri,LC,LC,2934,2909,0.174468421367559,0.17444152055886,0,0,False
Microtus_richardsoni,LC,LC,2932,2910,0.174492346138977,0.174414993907114,0,0,False
Necromys_punctulatus,DD,DD,2935,2911,0.17431548607446,0.17431548607446,0,0,False
Myoictis_wavicus,DD,DD,2936,2912,0.17423081024214,0.174230811760865,0,0,False
Microtus_mujanensis,DD,DD,2939,2913,0.173893215762712,0.174194461082615,0,0,False
Sciurotamias_davidianus,LC,LC,2937,2914,0.174149330612785,0.174149330612785,0,0,False
Calomyscus_hotsoni,LC,LC,2938,2915,0.174143809329652,0.174143809329652,0,0,False
Myosorex_zinki,LC,LC,2940,2916,0.173879375835658,0.173879375835658,0,0,False
Petrogale_godmani,NT,NT,2941,2917,0.173856002421339,0.173856002421339,0,0,False
Sylvicapra_grimmia,LC,LC,2943,2918,0.17378635799386,0.17378635799386,0,0,False
Sousa_chinensis,VU,VU,2944,2919,0.173707615674751,0.173707615674751,0,0,False
Petinomys_hageni,DD,DD,2945,2920,0.173661823109605,0.173661823109605,0,0,False
Rhinolophus_schnitzleri,EN,DD,1255,2921,0.477348858616723,0.173654748925929,0,0,True
Syconycteris_carolinae,NT,NT,2946,2922,0.173484208608444,0.173484208608444,0,0,False
Batomys_granti,LC,LC,2947,2923,0.173476432824799,0.173476432824799,0,0,False
Talpa_levantis,LC,LC,2948,2924,0.173473108897445,0.173473108897445,0,0,False
Desmodus_rotundus,LC,LC,2951,2925,0.173421106523098,0.173421106523098,0,0,False
Sapajus_flavius,EN,EN,2952,2926,0.173292423977084,0.173292423977084,0,0,False
Tupaia_palawanensis,LC,LC,2954,2927,0.173148672679736,0.173148672679736,0,0,False
Mus_fragilicauda,LC,LC,2955,2928,0.173131552487608,0.173131552487608,0,0,False
Fukomys_ilariae,DD,DD,2776,2929,0.186463477748829,0.172964369134679,0,0,False
Myotis_daubentonii,LC,LC,2976,2930,0.171198807535086,0.172955233742338,0,0,False
Fukomys_foxi,DD,DD,2743,2931,0.189439263976274,0.172872037015856,0,0,False
Hipposideros_abae,LC,LC,2956,2932,0.172861387820624,0.172861387820624,0,0,False
Kogia_breviceps,LC,LC,2957,2933,0.172768958716915,0.172768958716915,0,0,False
Pithecia_isabela,DD,DD,2963,2934,0.17191127123912,0.172670451190929,0,0,False
Lonchorhina_inusitata,DD,DD,2959,2935,0.172657010936284,0.172657010936284,0,0,False
Crunomys_suncoides,DD,DD,2960,2936,0.172640260997028,0.172640248063016,0,0,False
Glauconycteris_egeria,DD,DD,2950,2937,0.173430304134038,0.172593964414715,0,0,False
Fukomys_vandewoestijneae,DD,DD,2797,2938,0.184393731674322,0.172314749994831,0,0,False
Dipodomys_nelsoni,LC,LC,2962,2939,0.172154410082374,0.172154410082374,0,0,False
Plecotus_taivanus,NT,NT,2964,2940,0.171874726772368,0.171874726772368,0,0,False
Genetta_johnstoni,NT,NT,2965,2941,0.171837007503381,0.171837007503381,0,0,False
Vespertilio_sinensis,LC,LC,2966,2942,0.171798056498969,0.171798056498969,0,0,False
Thyroptera_tricolor,LC,LC,2967,2943,0.171795642397365,0.171795642397365,0,0,False
Falsistrellus_petersi,DD,DD,2968,2944,0.171772650018325,0.171772650018325,0,0,False
Sapajus_nigritus,NT,NT,2970,2945,0.171671765978858,0.171671765978858,0,0,False
Neotomodon_alstoni,LC,LC,2953,2946,0.173243302002164,0.171665467253131,0,0,False
Gerbilliscus_guineae,LC,LC,2759,2947,0.187934158751096,0.171580962352328,0,0,False
Cavia_patzelti,DD,DD,2971,2948,0.171579556803657,0.171579556803657,0,0,False
Scotophilus_borbonicus,DD,DD,2972,2949,0.171569713109502,0.171569713109502,0,0,False
Kogia_sima,LC,LC,2974,2950,0.171403066830986,0.171403066830986,0,0,False
Galagoides_zanzibaricus,DD,NT,1796,2951,0.313164416561255,0.171363622049766,0,0,True
Myotis_martiniquensis,NT,NT,2980,2952,0.171029404389586,0.171363370507005,0,0,False
Myotis_secundus,LC,LC,2983,2953,0.170649244299946,0.17121967352688,0,0,False
Proteles_cristata,LC,LC,2975,2954,0.17121087549963,0.17121087549963,0,0,False
Lepus_yarkandensis,NT,NT,2977,2955,0.171167333513901,0.171167333513901,0,0,False
Pteropus_keyensis,DD,DD,2978,2956,0.171139794416149,0.17113979440783,0,0,False
Vespertilio_murinus,LC,LC,2979,2957,0.171132887999085,0.171132887999085,0,0,False
Gerbilliscus_gambiana,DD,LC,1070,2958,0.571171780259228,0.171031235694282,0,0,True
Raphicerus_melanotis,LC,LC,2981,2959,0.170950477631128,0.170950477631128,0,0,False
Spalax_leucodon,LC,LC,2982,2960,0.170858701100963,0.170858701100963,0,0,False
Eptesicus_innoxius,NT,NT,2920,2961,0.175465044242358,0.170662846274547,0,0,False
Microcebus_lehilahytsara,NT,NT,2984,2962,0.17057864368622,0.170585935864774,0,0,False
Capricornis_rubidus,VU,VU,2985,2963,0.170564268508867,0.170564268508867,0,0,False
Crocidura_mindorus,DD,DD,2986,2964,0.170563780079441,0.170563780079441,0,0,False
Acomys_percivali,LC,LC,2958,2965,0.172765923323413,0.170465570820982,0,0,False
Miniopterus_newtoni,DD,DD,2987,2966,0.170462689965225,0.170462689965219,0,0,False
Funisciurus_carruthersi,LC,LC,2988,2967,0.170459516668668,0.170459516668668,0,0,False
Pronolagus_saundersiae,LC,LC,2989,2968,0.170413893568813,0.170413893568813,0,0,False
Sicista_caucasica,NT,NT,2991,2969,0.170286509456397,0.170286509456397,0,0,False
Thamnomys_schoutedeni,DD,DD,2992,2970,0.17018111692263,0.17018111692263,0,0,False
Juliomys_pictipes,LC,LC,2994,2971,0.170088165153721,0.170088165153721,0,0,False
Protoxerus_aubinnii,NT,NT,2995,2972,0.16983749593861,0.16983749593861,0,0,False
Crocidura_muricauda,LC,LC,2999,2973,0.169497367471836,0.169775776852241,0,0,False
Ctenomys_lami,VU,VU,3017,2974,0.168381035312977,0.169738058143536,0,0,False
Leptailurus_serval,LC,LC,2990,2975,0.170327222002781,0.16971821450485,0,0,False
Spalax_nehringi,LC,LC,2996,2976,0.169691469133924,0.169691469133924,0,0,False
Myotis_longipes,DD,DD,3377,2977,0.140215009525881,0.16963308095178,0,0,False
Lagothrix_poeppigii,VU,VU,2998,2978,0.169541541682216,0.169541541682216,0,0,False
Glauconycteris_beatrix,LC,LC,3000,2979,0.169458780419215,0.169287246066939,0,0,False
Eumops_perotis,LC,LC,3003,2980,0.169089873839785,0.169089873839785,0,0,False
Microcebus_griseorufus,LC,LC,3004,2981,0.169084398359804,0.169084398410084,0,0,False
Rattus_blangorum,DD,DD,3005,2982,0.16897203376629,0.16897203376629,0,0,False
Apodemus_witherbyi,LC,LC,3006,2983,0.168941333208213,0.168941333208213,0,0,False
Mesomys_occultus,LC,LC,3007,2984,0.168930515822016,0.168930515822016,0,0,False
Chlorotalpa_sclateri,LC,LC,3008,2985,0.168924029886348,0.168924029886348,0,0,False
Ichneumia_albicauda,LC,LC,3009,2986,0.168915007012595,0.168915007012595,0,0,False
Myotis_frater,LC,LC,3014,2987,0.168575372175773,0.168893462858649,0,0,False
Diplomesodon_pulchellum,LC,LC,3010,2988,0.168793062537216,0.168793062537216,0,0,False
Bunomys_karokophilus,VU,VU,3012,2989,0.16869633905093,0.16869633905093,0,0,False
Rattus_richardsoni,VU,VU,3013,2990,0.168671906296908,0.168671906296908,0,0,False
Rattus_palmarum,VU,VU,3016,2991,0.168441851748603,0.168441851748603,0,0,False
Niviventer_culturatus,LC,LC,3018,2992,0.168364614234806,0.168364614234806,0,0,False
Kobus_vardonii,NT,NT,3019,2993,0.16824242664049,0.16824242664049,0,0,False
Capromys_pilorides,LC,LC,3020,2994,0.168145473719038,0.168145473719038,0,0,False
Rhinolophus_acuminatus,LC,LC,3011,2995,0.168741943337161,0.167993816809307,0,0,False
Thomasomys_pyrrhonotus,DD,DD,3023,2996,0.167882140383998,0.167882140383998,0,0,False
Choeroniscus_periosus,VU,VU,3025,2997,0.167716399446636,0.167716399446636,0,0,False
Homo_neanderthalensis,DD,DD,3026,2998,0.167484498364236,0.167484498364236,0,0,False
Muntiacus_rooseveltorum,DD,DD,3028,2999,0.167402382970415,0.167402382970415,0,0,False
Chaerephon_russatus,DD,DD,3015,3000,0.168553335849005,0.167372585247029,0,0,False
Chimarrogale_himalayica,LC,LC,3029,3001,0.167359454349257,0.167359454349257,0,0,False
Octodon_degus,LC,LC,3031,3002,0.167059956040063,0.167059956040063,0,0,False
Millardia_meltada,LC,LC,3032,3003,0.166627116218949,0.166627116218949,0,0,False
Notiosorex_crawfordi,LC,LC,3033,3004,0.166587956895062,0.166587956895062,0,0,False
Natalus_primus,VU,VU,2961,3005,0.172154514796742,0.16643265926238,0,0,False
Madoqua_saltiana,LC,LC,3034,3006,0.166427937951387,0.166427937951387,0,0,False
Calomyscus_elburzensis,LC,LC,3036,3007,0.166038144226886,0.166038144226886,0,0,False
Perognathus_flavus,LC,LC,3037,3008,0.166008603615944,0.166008603615944,0,0,False
Isoodon_macrourus,LC,LC,3038,3009,0.165961677361426,0.165961677361426,0,0,False
Pithecia_cazuzai,DD,DD,3027,3010,0.167480667416422,0.16588296609088,0,0,False
Ctenomys_coludo,DD,DD,3122,3011,0.158818222617213,0.165859558698617,0,0,False
Chalinolobus_picatus,NT,NT,2969,3012,0.171755462364474,0.165821516300531,0,0,False
Abrocoma_cinerea,LC,LC,3391,3013,0.139280591867677,0.165754699197954,0,0,False
Sciurus_stramineus,LC,LC,3048,3014,0.164806785728509,0.165734638287268,0,0,False
Rattus_enganus,DD,DD,3039,3015,0.165696470919623,0.165696470919623,0,0,False
Cabassous_centralis,LC,LC,3040,3016,0.165684721996899,0.165684721996312,0,0,False
Chionomys_gud,LC,LC,3041,3017,0.165552599247362,0.165552599247362,0,0,False
Mustela_erminea,LC,LC,3042,3018,0.165508062318764,0.165508062318764,0,0,False
Miniopterus_minor,DD,DD,3043,3019,0.165391044287129,0.165391044287129,0,0,False
Triaenops_parvus,DD,DD,3044,3020,0.165217840664131,0.165217840811703,0,0,False
Hylochoerus_meinertzhageni,LC,LC,3045,3021,0.165086552414702,0.16508655241543,0,0,False
Philander_frenatus,LC,LC,2905,3022,0.176070247995973,0.165082743140649,0,0,False
Neotoma_magister,NT,NT,3046,3023,0.165048590207937,0.165048590207937,0,0,False
Sotalia_guianensis,NT,NT,3049,3024,0.164778662465259,0.164778662465259,0,0,False
Microcebus_murinus,LC,LC,3050,3025,0.164666209744451,0.164666209779556,0,0,False
Graomys_centralis,DD,DD,3051,3026,0.164662681891151,0.164662681891151,0,0,False
Ursus_deningeri,DD,DD,3052,3027,0.164621181895013,0.164621181895013,0,0,False
Eulemur_sanfordi,EN,EN,3053,3028,0.164598925960589,0.164598925960589,0,0,False
Felis_bieti,VU,VU,3054,3029,0.164452068981879,0.164452068981879,0,0,False
Niviventer_rapit,LC,LC,3055,3030,0.164397356324066,0.164397356324066,0,0,False
Handleyomys_alfaroi,DD,LC,1072,3031,0.568823382503345,0.164387760480205,0,0,True
Ctenomys_occultus,EN,EN,3062,3032,0.163213016105817,0.164368730572836,0,0,False
Rhinolophus_convexus,DD,DD,3035,3033,0.166351354178144,0.164046534949143,0,0,False
Falsistrellus_mordax,DD,DD,3056,3034,0.163985551698919,0.163985551698919,0,0,False
Herpestes_semitorquatus,NT,NT,3057,3035,0.163780939517789,0.163780938974713,0,0,False
Miniopterus_fuliginosus,NE,DD,3047,3036,0.164844613919206,0.163677074870245,0,0,True
Andalgalomys_pearsoni,LC,LC,3058,3037,0.163664438246236,0.163664438246236,0,0,False
Microtus_nasarovi,LC,DD,5350,3038,0.0426224518852777,0.163663351306432,0,0,True
Rhinolophus_malayanus,LC,LC,3060,3039,0.163623181357976,0.163515394227138,0,0,False
Lemniscomys_roseveari,DD,DD,3061,3040,0.163509793126789,0.163509793126789,0,0,False
Chlorocebus_djamdjamensis,VU,VU,3063,3041,0.163190305314294,0.163190305314294,0,0,False
Pithecia_pissinattii,DD,DD,3024,3042,0.167846387020815,0.163145790234391,0,0,False
Nycteris_grandis,LC,LC,3191,3043,0.153638906563242,0.163056438767527,0,0,False
Rhipidomys_caucensis,DD,DD,3064,3044,0.162977048433351,0.162977048433351,0,0,False
Andalgalomys_olrogi,LC,LC,3065,3045,0.162960341643675,0.162960341643675,0,0,False
Scapteromys_meridionalis,NE,DD,3066,3046,0.162921922858341,0.162921922858341,0,0,True
Mus_triton,LC,LC,3067,3047,0.162917378628576,0.162917378628576,0,0,False
Stenocephalemys_ruppi,DD,DD,3068,3048,0.162910492100348,0.162910492100348,0,0,False
Microtus_anatolicus,DD,DD,3109,3049,0.160221118296306,0.162834103600881,0,0,False
Crocidura_levicula,LC,LC,3069,3050,0.162687193105853,0.162687193105853,0,0,False
Chionomys_roberti,LC,LC,3070,3051,0.162658905542727,0.162658905542727,0,0,False
Chalinolobus_morio,LC,LC,3059,3052,0.163646919247283,0.162613996467876,0,0,False
Coendou_roosmalenorum,DD,DD,3071,3053,0.162607881407437,0.162607881407437,0,0,False
Neovison_vison,LC,LC,3072,3054,0.162539724567738,0.162539724567738,0,0,False
Aethomys_stannarius,DD,DD,2898,3055,0.17660771180731,0.162530679461614,0,0,False
Capricornis_thar,VU,VU,3073,3056,0.162504571503503,0.162504571503503,0,0,False
Phacochoerus_aethiopicus,LC,LC,3075,3057,0.162496033233686,0.162496033234396,0,0,False
Exilisciurus_whiteheadi,LC,LC,3077,3058,0.162323291391909,0.162323291391909,0,0,False
Epixerus_ebii,LC,LC,3078,3059,0.162251378190694,0.162251378190694,0,0,False
Ovis_ammon,NT,NT,3159,3060,0.155890956767939,0.162225731800073,0,0,False
Ochotona_thibetana,LC,LC,3079,3061,0.162223914632382,0.162223914632382,0,0,False
Gerbillus_hoogstraali,VU,VU,3099,3062,0.160743158370968,0.162181737879945,0,0,False
Cercopithecus_neglectus,LC,LC,3080,3063,0.162160210636091,0.162160210636091,0,0,False
Ursus_spelaeus,DD,DD,3081,3064,0.162117920523697,0.162117920523697,0,0,False
Scotophilus_heathii,LC,LC,3082,3065,0.161940553989894,0.161940553989894,0,0,False
Cryptotis_tropicalis,DD,NT,2016,3066,0.276302059697631,0.16190429225522,0,0,True
Blarina_hylophaga,LC,LC,3083,3067,0.161835412087331,0.161835412087331,0,0,False
Notomys_fuscus,NT,NT,3085,3068,0.161716005430536,0.161716005430536,0,0,False
Aotus_griseimembra,VU,VU,3098,3069,0.160805749187896,0.161671903373779,0,0,False
Thomasomys_popayanus,DD,DD,3088,3070,0.161549652503274,0.161549652503274,0,0,False
Mops_trevori,DD,DD,3076,3071,0.162373832446544,0.161278458023922,0,0,False
Ellobius_fuscocapillus,LC,LC,3474,3072,0.13402126289828,0.161270874606267,0,0,False
Nyctophilus_sherrini,VU,VU,3089,3073,0.161220417507294,0.161220417506876,0,0,False
Gerbillus_acticola,DD,DD,3097,3074,0.160819911228159,0.161075534181523,0,0,False
Crocidura_hildegardeae,LC,LC,3093,3075,0.160947004110623,0.160947004110623,0,0,False
Muntiacus_gongshanensis,DD,DD,3094,3076,0.160876919594886,0.160876919594886,0,0,False
Petinomys_sagitta,DD,DD,3096,3077,0.160826499675747,0.160826499675747,0,0,False
Miniopterus_mossambicus,NE,DD,3090,3078,0.161105193936633,0.160775889518134,0,0,True
Rattus_koopmani,DD,DD,3100,3079,0.160701700713532,0.160701700713532,0,0,False
Aotus_lemurinus,VU,VU,3113,3080,0.159857271279275,0.160673545438599,0,0,False
Necromys_lactens,LC,LC,3101,3081,0.160646563003271,0.160646563004224,0,0,False
Ichthyomys_tweedii,DD,DD,3102,3082,0.16064366162472,0.16064366162472,0,0,False
Aethomys_silindensis,DD,DD,2886,3083,0.177902542211244,0.160626350625052,0,0,False
Otocolobus_manul,LC,LC,3105,3084,0.160354363284828,0.160354363284828,0,0,False
Rusa_unicolor,VU,VU,3106,3085,0.160314796505969,0.160314796505969,0,0,False
Ctenomys_yatesi,NE,DD,3175,3086,0.154857051381215,0.160249973751878,0,0,True
Tadarida_teniotis,LC,LC,3107,3087,0.160239298185939,0.160239298185939,0,0,False
Platyrrhinus_chocoensis,LC,VU,5604,3088,0.0340524190142299,0.160186420156979,0,0,True
Coccymys_kirrhos,DD,DD,3110,3089,0.160172187428169,0.160172187428169,0,0,False
Glossophaga_commissarisi,LC,LC,3111,3090,0.16016105395967,0.16016105395967,0,0,False
Pipistrellus_endoi,NT,NT,3001,3091,0.169168888468055,0.160143816497224,0,0,False
Millardia_kathleenae,LC,LC,3112,3092,0.160051823287993,0.160051823287993,0,0,False
Mops_sarasinorum,DD,DD,3092,3093,0.1610862299441,0.159787747818331,0,0,False
Chalinolobus_gouldii,LC,LC,3104,3094,0.160438584049021,0.159774232771808,0,0,False
Ochotona_collaris,LC,LC,3114,3095,0.159676424182609,0.159676424182609,0,0,False
Ctenomys_viperinus,DD,DD,3163,3096,0.155583314998039,0.159573131621439,0,0,False
Geomys_breviceps,LC,LC,3115,3097,0.159572278032308,0.159572278014554,0,0,False
Tamias_quadrimaculatus,LC,LC,3117,3098,0.159352569386946,0.159352569386946,0,0,False
Rhinolophus_subrufus,DD,DD,3116,3099,0.159438246167054,0.159165543429185,0,0,False
Gerbillurus_paeba,LC,LC,3120,3100,0.158927752040623,0.158927752040623,0,0,False
Uromys_hadrourus,NT,NT,3121,3101,0.158915581059423,0.158915581059423,0,0,False
Pteropus_pumilus,NT,NT,3124,3102,0.158729475698995,0.158902697533596,0,0,False
Glauconycteris_poensis,LC,LC,3118,3103,0.159035413610876,0.158901609591895,0,0,False
Rousettus_celebensis,LC,LC,3147,3104,0.156853624365878,0.158883259302983,0,0,False
Dermanura_aztecus,DD,LC,1061,3105,0.576543487822897,0.158761051231181,0,0,True
Phyllomys_sulinus,DD,DD,3125,3106,0.158729198817895,0.158729198817895,0,0,False
Rhinolophus_affinis,LC,LC,3087,3107,0.161560522140149,0.158536672244097,0,0,False
Nycteris_tragata,NT,NT,3249,3108,0.150188152973531,0.15842878434906,0,0,False
Paraxerus_alexandri,LC,LC,3127,3109,0.158410842487485,0.158410842487485,0,0,False
Ctenomys_dorsalis,DD,DD,3318,3110,0.144838293980643,0.158405432745499,0,0,False
Trachypithecus_johnii,VU,VU,3128,3111,0.158265886608119,0.158265886608119,0,0,False
Lophostoma_brasiliense,LC,LC,3129,3112,0.158233896319773,0.158233896319773,0,0,False
Pteropus_aldabrensis,EN,EN,3132,3113,0.158101929055467,0.157989993608092,0,0,False
Hyperacrius_fertilis,NT,NT,3134,3114,0.157949687923234,0.157949687923158,0,0,False
Reithrodontomys_chrysopsis,LC,LC,3141,3115,0.157251475071043,0.157887192854001,0,0,False
Thryonomys_gregorianus,LC,LC,3135,3116,0.157808070491088,0.157808070491088,0,0,False
Cervus_albirostris,VU,VU,3136,3117,0.15776445021042,0.15776445021042,0,0,False
Chrotomys_silaceus,LC,LC,3137,3118,0.157735544061677,0.157735544061677,0,0,False
Ochotona_princeps,LC,LC,3138,3119,0.15769161137594,0.15769161137594,0,0,False
Muntiacus_montanus,DD,DD,3139,3120,0.157562858905098,0.157562858905098,0,0,False
Rhizomys_sinensis,LC,LC,3140,3121,0.157363993057735,0.157363993057735,0,0,False
Rhipidomys_macconnelli,LC,LC,3142,3122,0.15718646266041,0.15718646266041,0,0,False
Aepeomys_lugens,LC,LC,3143,3123,0.157175357106526,0.157090859972029,0,0,False
Crocidura_zarudnyi,LC,LC,3144,3124,0.157063278432791,0.157063278433025,0,0,False
Callosciurus_adamsi,NT,NT,3195,3125,0.153453832355969,0.156999526568365,0,0,False
Euoticus_elegantulus,LC,LC,3145,3126,0.156917387679927,0.156917387679927,0,0,False
Zapus_hudsonius,LC,LC,3148,3127,0.156811674827198,0.156811674827198,0,0,False
Geomys_arenarius,NT,NT,3149,3128,0.156750491084455,0.156750485211444,0,0,False
Gracilinanus_marica,LC,LC,3150,3129,0.156643860392456,0.156643860392456,0,0,False
Kerivoula_whiteheadi,LC,LC,3151,3130,0.156459482529483,0.156459482529483,0,0,False
Myotis_welwitschii,LC,LC,3166,3131,0.155479694798236,0.156399447301467,0,0,False
Ictonyx_striatus,LC,LC,3152,3132,0.156344520426843,0.156344520426843,0,0,False
Funisciurus_pyrropus,LC,LC,3153,3133,0.156256134815915,0.156256134815915,0,0,False
Neotoma_mexicana,LC,LC,3154,3134,0.156176878541962,0.156176878541962,0,0,False
Lophostoma_carrikeri,LC,LC,3155,3135,0.15617002432659,0.15617002432659,0,0,False
Poecilogale_albinucha,LC,LC,3156,3136,0.155977841857613,0.155977841857613,0,0,False
Kerivoula_lenis,LC,LC,3157,3137,0.155926965888705,0.155926965888705,0,0,False
Crocidura_douceti,LC,LC,3158,3138,0.155909485703168,0.155909485703168,0,0,False
Lepus_brachyurus,LC,LC,3160,3139,0.155872566894984,0.155872566894984,0,0,False
Salanoia_concolor,VU,VU,3225,3140,0.151962879865542,0.155683619485103,0,0,False
Parotomys_littledalei,LC,LC,3161,3141,0.155667539863365,0.155667539863365,0,0,False
Xerospermophilus_mohavensis,NT,NT,3162,3142,0.155594381548719,0.155594381548719,0,0,False
Rattus_tawitawiensis,DD,DD,3164,3143,0.155564817635461,0.155564817635461,0,0,False
Callosciurus_orestes,LC,LC,3244,3144,0.150473446198418,0.155549704226696,0,0,False
Myotis_emarginatus,LC,LC,3165,3145,0.155519066735943,0.15554224789716,0,0,False
Coccymys_albidens,DD,DD,3167,3146,0.155458245741087,0.155458245741087,0,0,False
Notiomys_edwardsii,LC,LC,3169,3147,0.15536042501842,0.15536042501842,0,0,False
Myotis_nattereri,LC,LC,3173,3148,0.155125413190568,0.155342155698738,0,0,False
Hipposideros_beatus,LC,LC,3171,3149,0.155244726857423,0.155244726857423,0,0,False
Philantomba_monticola,LC,LC,3172,3150,0.15513347114714,0.15513347114714,0,0,False
Gerbillus_bottai,DD,DD,3199,3151,0.153259289267571,0.1551118174608,0,0,False
Thryonomys_swinderianus,LC,LC,3174,3152,0.154985347564475,0.154985347564475,0,0,False
Phyllotis_bonariensis,NT,NT,3177,3153,0.15482989032211,0.15482989032211,0,0,False
Mustela_nudipes,LC,LC,3178,3154,0.154749920010545,0.154749920010545,0,0,False
Ctenomys_fochi,DD,DD,3290,3155,0.146681875953169,0.154745917939841,0,0,False
Sminthopsis_fuliginosus,LC,LC,3168,3156,0.155421634712257,0.154729199381052,0,0,False
Blanfordimys_afghanus,LC,LC,3179,3157,0.154721035826127,0.154721035826127,0,0,False
Gerbillus_burtoni,DD,DD,3183,3158,0.154473805753295,0.154696495358096,0,0,False
Tragulus_napu,LC,LC,3180,3159,0.15469302243947,0.15469302243947,0,0,False
Rattus_arfakienis,DD,DD,3181,3160,0.15461735286845,0.15461735286845,0,0,False
Salanoia_durrelli,VU,VU,3248,3161,0.150225870947634,0.154603806074903,0,0,False
Ctenomys_johannis,DD,DD,3212,3162,0.152661064441425,0.154598539891079,0,0,False
Hylomyscus_aeta,LC,LC,3182,3163,0.154501981574012,0.154501981574012,0,0,False
Rhipidomys_ochrogaster,DD,DD,3184,3164,0.154460555196724,0.154460555196724,0,0,False
Arctocebus_aureus,LC,LC,3185,3165,0.154258364054197,0.154258364054197,0,0,False
Nasua_nasua,LC,LC,3190,3166,0.153685576809949,0.154099826462177,0,0,False
Phalanger_sericeus,LC,LC,3187,3167,0.153994390872535,0.153994390872535,0,0,False
Gerbillurus_setzeri,LC,LC,3188,3168,0.153841631487618,0.153841631487618,0,0,False
Myotis_tricolor,LC,LC,3189,3169,0.153708831475886,0.153767251307584,0,0,False
Gerbillus_grobbeni,DD,DD,3209,3170,0.152867238728854,0.153525405789161,0,0,False
Myotis_chinensis,LC,LC,3193,3171,0.153518436148542,0.153518436148542,0,0,False
Gerbillus_cosensis,DD,DD,3205,3172,0.153057197866256,0.153516773414085,0,0,False
Galago_matschiei,LC,LC,3194,3173,0.153514751507351,0.153514751507333,0,0,False
Caracal_caracal,LC,LC,3123,3174,0.158813357051187,0.153472716733945,0,0,False
Necromys_urichi,LC,LC,3196,3175,0.153422250060743,0.153422250060743,0,0,False
Miniopterus_shortridgei,DD,DD,3176,3176,0.154852618650182,0.153382179659404,0,0,False
Necromys_amoenus,LC,LC,3197,3177,0.153330590026244,0.153330590026244,0,0,False
Rattus_pelurus,DD,DD,3198,3178,0.153295459106727,0.153295459106727,0,0,False
Lepus_americanus,LC,LC,3200,3179,0.153236464319081,0.153236464319081,0,0,False
Muntiacus_feae,DD,DD,3201,3180,0.153233750538321,0.153233750538321,0,0,False
Dactylopsila_megalura,LC,LC,3202,3181,0.153185981599022,0.153185981599022,0,0,False
Uromys_neobritannicus,NT,NT,3203,3182,0.153154498814897,0.153154498814897,0,0,False
Rhizomys_pruinosus,LC,LC,3204,3183,0.153075407724736,0.153075407724736,0,0,False
Microtus_longicaudus,LC,LC,3208,3184,0.152895651698785,0.153073254429377,0,0,False
Mustela_strigidorsa,LC,LC,3207,3185,0.152930234781717,0.152930234781717,0,0,False
Microtus_californicus,LC,LC,3206,3186,0.15300405006274,0.152886595271374,0,0,False
Neotoma_fuscipes,LC,LC,3210,3187,0.152866192407063,0.152866192407063,0,0,False
Eumops_maurus,DD,DD,3211,3188,0.152736801806076,0.152736801806076,0,0,False
Mesoplodon_densirostris,LC,LC,3213,3189,0.152605126546375,0.152605126546375,0,0,False
Herpestes_ichneumon,LC,LC,3214,3190,0.152545771373653,0.152545771373653,0,0,False
Dactylopsila_trivirgata,LC,LC,3215,3191,0.152433427009915,0.152433427009915,0,0,False
Kerivoula_papillosa,LC,LC,3216,3192,0.152423668301998,0.152423668301998,0,0,False
Lasiurus_pfeifferi,NT,NT,3217,3193,0.152385621076759,0.152385621076759,0,0,False
Nyctophilus_heran,DD,DD,3218,3194,0.152317397758139,0.152317397758118,0,0,False
Petaurista_caniceps,NE,LC,1083,3195,0.560493231335969,0.152224057394187,0,0,True
Chaerephon_gallagheri,DD,DD,3220,3196,0.152220461296536,0.152220461296536,0,0,False
Thomomys_mazama,LC,LC,3221,3197,0.152141162822694,0.152141162822694,0,0,False
Gerbillus_agag,DD,DD,3231,3198,0.151404239634004,0.152113130592217,0,0,False
Mesoplodon_grayi,LC,LC,3222,3199,0.152086375123091,0.152086375123091,0,0,False
Melomys_arcium,DD,DD,3223,3200,0.152035390425656,0.152035390425656,0,0,False
Monodelphis_glirina,LC,LC,3256,3201,0.1495776836532,0.151922327641711,0,0,False
Mops_niangarae,DD,DD,3219,3202,0.152311309660707,0.151842524403034,0,0,False
Onychomys_leucogaster,LC,LC,3226,3203,0.151767110958699,0.151767110958699,0,0,False
Auliscomys_sublimis,LC,LC,3227,3204,0.151658872889499,0.151658872889499,0,0,False
Paraechinus_aethiopicus,LC,LC,3228,3205,0.151476881632456,0.151476881632456,0,0,False
Ctenomys_knighti,DD,DD,3287,3206,0.146767909200748,0.151467231425133,0,0,False
Massoutiera_mzabi,LC,LC,3229,3207,0.151459107031069,0.151459107031069,0,0,False
Mus_booduga,LC,LC,3230,3208,0.151417738745803,0.151417738745803,0,0,False
Ursus_maritimus,VU,VU,3232,3209,0.151325724643391,0.151325724643391,0,0,False
Onychomys_arenicola,LC,LC,3233,3210,0.151304602443517,0.151304602443517,0,0,False
Microtus_ochrogaster,LC,LC,3241,3211,0.150657495264521,0.15127086437358,0,0,False
Calomys_lepidus,LC,LC,3234,3212,0.151235102143939,0.151235102143939,0,0,False
Rattus_korinchi,DD,DD,3235,3213,0.151069497349208,0.151069497349208,0,0,False
Chaetodipus_nelsoni,LC,LC,3250,3214,0.150002882936725,0.150961812198192,0,0,False
Paramelomys_steini,DD,DD,3237,3215,0.150881185800056,0.150881185800056,0,0,False
Heteromys_gaumeri,LC,LC,3238,3216,0.150846662532536,0.150846662532536,0,0,False
Mus_cookii,LC,LC,3239,3217,0.150774505832463,0.150774505832463,0,0,False
Neotoma_macrotis,LC,LC,3240,3218,0.150747053754902,0.150747053754902,0,0,False
Plerotes_anchietae,LC,LC,3242,3219,0.15057569157408,0.15057569157408,0,0,False
Sminthopsis_murina,LC,LC,3243,3220,0.150492366963858,0.150492366963857,0,0,False
Microsciurus_flaviventer,LC,LC,3279,3221,0.147427959389003,0.150412122364202,0,0,False
Gerbillus_principulus,DD,DD,3255,3222,0.14964849492889,0.150342624621782,0,0,False
Pogonomys_sylvestris,LC,LC,3246,3223,0.150277209823205,0.150277209823205,0,0,False
Otomys_orestes,NE,DD,3247,3224,0.150275150274105,0.150275150274105,0,0,True
Mastacomys_fuscus,NT,NT,3126,3225,0.158636770915364,0.150211087582721,0,0,False
Ctenomys_pontifex,DD,DD,3305,3226,0.145844542100043,0.150070766920194,0,0,False
Microtus_oregoni,LC,LC,3252,3227,0.149840315505138,0.150017613458182,0,0,False
Macropus_parryi,LC,LC,3251,3228,0.149848419242633,0.149848419242633,0,0,False
Murina_ussuriensis,LC,LC,3253,3229,0.14980858797573,0.14980858797573,0,0,False
Herpestes_naso,LC,LC,3254,3230,0.149740247578801,0.149740247402685,0,0,False
Emballonura_furax,LC,LC,3259,3231,0.14945015595915,0.149584732849172,0,0,False
Ctenomys_tulduco,DD,DD,3272,3232,0.147819901677073,0.149577087125288,0,0,False
Sminthopsis_gilberti,LC,LC,3257,3233,0.149539892298716,0.149539892298716,0,0,False
Petaurista_mishmiensis,NT,NT,3084,3234,0.161757384846297,0.149345880050392,0,0,False
Gracilinanus_dryas,LC,LC,3261,3235,0.149068398604786,0.149068398604786,0,0,False
Sorex_dispar,LC,LC,3258,3236,0.149495091008655,0.148901290669068,0,0,False
Herpestes_vitticollis,LC,LC,3262,3237,0.148837632709275,0.148837327433264,0,0,False
Melomys_cooperae,DD,DD,3263,3238,0.148760219375424,0.148760219375424,0,0,False
Ctenomys_juris,DD,DD,3316,3239,0.144940972848106,0.148717187668214,0,0,False
Planigale_novaeguineae,LC,LC,3264,3240,0.148573158669151,0.148573158669151,0,0,False
Crocidura_kivuana,LC,NT,4769,3241,0.0611436057853611,0.14846568439307,0,0,True
Gerbilliscus_phillipsi,LC,LC,3265,3242,0.148436156071097,0.148436156071097,0,0,False
Atilax_paludinosus,LC,LC,3266,3243,0.148232230965108,0.148232230964582,0,0,False
Taeromys_punicans,VU,VU,3267,3244,0.148197265299786,0.148197265299786,0,0,False
Dama_dama,LC,LC,3268,3245,0.148190102485944,0.148190102485944,0,0,False
Petaurista_nobilis,NT,NT,3091,3246,0.161102855435027,0.148160251681323,0,0,False
Paracrocidura_maxima,LC,LC,3269,3247,0.148081549334049,0.148081549334049,0,0,False
Otomys_unisulcatus,LC,LC,3270,3248,0.148049300410594,0.148049300410594,0,0,False
Oecomys_rutilus,LC,LC,3271,3249,0.147856254859234,0.147856254859234,0,0,False
Cryptonanus_agricolai,DD,DD,3800,3250,0.112520496140287,0.147749967121363,0,0,False
Gerbillus_stigmonyx,DD,DD,3286,3251,0.146961888312038,0.147577195327978,0,0,False
Pseudohydromys_musseri,DD,DD,3274,3252,0.147575424007527,0.147575424007527,0,0,False
Marmosa_constantiae,LC,LC,2813,3253,0.183314909425639,0.147497357112908,0,0,False
Dipodomys_microps,LC,LC,3276,3254,0.147472871220925,0.147472871220925,0,0,False
Thomomys_monticola,LC,LC,3278,3255,0.147428191256967,0.147428191256967,0,0,False
Gerbilliscus_robustus,LC,LC,3280,3256,0.147404760595331,0.147404760595331,0,0,False
Crocidura_tansaniana,NT,NT,3273,3257,0.147628908163335,0.147359226485004,0,0,False
Paraxerus_vexillarius,LC,LC,3281,3258,0.147356169421545,0.147356169421545,0,0,False
Marmosa_regina,NE,LC,1093,3259,0.55420990918635,0.147181305586021,0,0,True
Neodon_fuscus,LC,LC,3453,3260,0.135208895532577,0.147180393802803,0,0,False
Crocidura_dolichura,LC,LC,3283,3261,0.147066150843056,0.147066150843056,0,0,False
Holochilus_brasiliensis,LC,LC,3285,3262,0.146980575908324,0.146980575908324,0,0,False
Sorex_fumeus,LC,LC,3284,3263,0.146990472500576,0.146918455957935,0,0,False
Ctenomys_famosus,DD,DD,3336,3264,0.143495552373829,0.146790954601216,0,0,False
Gerbillus_somalicus,DD,DD,3306,3265,0.145802641075449,0.146750323471358,0,0,False
Acomys_ignitus,LC,LC,3275,3266,0.147570333055238,0.146714323247879,0,0,False
Eulemur_fulvus,VU,VU,3288,3267,0.146696833670376,0.146696833670376,0,0,False
Crocidura_panayensis,DD,DD,3289,3268,0.146695395432114,0.146695395432114,0,0,False
Funambulus_palmarum,LC,LC,3291,3269,0.146649156234343,0.146649156234343,0,0,False
Balaena_mysticetus,LC,LC,3292,3270,0.146617592852475,0.146617592852475,0,0,False
Dipodomys_californicus,LC,LC,3293,3271,0.146609791120491,0.146609791120491,0,0,False
Pseudohydromys_carlae,DD,DD,3295,3272,0.146534352629862,0.146534352629862,0,0,False
Mus_cervicolor,LC,LC,3296,3273,0.146521980599871,0.146521980599871,0,0,False
Petaurista_mechukaensis,NT,NT,3170,3274,0.155253049713825,0.146475333654309,0,0,False
Phyllotis_andium,LC,LC,3298,3275,0.146378582328623,0.146378582328623,0,0,False
Pseudohydromys_patriciae,DD,DD,3299,3276,0.146341677941843,0.146341677941843,0,0,False
Ovis_orientalis,NT,DD,4171,3277,0.0893966653771016,0.146255418298863,0,0,True
Crocidura_latona,LC,LC,3300,3278,0.146172737019762,0.146172737019762,0,0,False
Felis_nigripes,VU,VU,3301,3279,0.146142667468083,0.146142667468083,0,0,False
Pogonomys_macrourus,LC,LC,3302,3280,0.145930169432223,0.145930169432223,0,0,False
Talpa_romana,LC,LC,3303,3281,0.145906794583928,0.145906794583928,0,0,False
Aconaemys_sagei,DD,DD,3304,3282,0.145906186091661,0.145906186091661,0,0,False
Paracrocidura_schoutedeni,LC,LC,3307,3283,0.145797823388257,0.145797823388257,0,0,False
Lophuromys_brevicaudus,NT,NT,3308,3284,0.145788340670235,0.145788340670235,0,0,False
Mus_sorella,LC,LC,3309,3285,0.145778312033863,0.145778312033863,0,0,False
Marmosa_demerarae,LC,LC,3297,3286,0.146403870794946,0.145499991787555,0,0,False
Petrogale_rothschildi,LC,LC,3311,3287,0.145440373172742,0.145440373172742,0,0,False
Sciurocheirus_makandensis,DD,DD,3314,3288,0.145092485039346,0.145404841923349,0,0,False
Eudorcas_rufina,NE,DD,3313,3289,0.145212982993085,0.145212983039104,0,0,True
Chaetodipus_rudinoris,LC,LC,3333,3290,0.143729393118568,0.145182158401068,0,0,False
Gerbillus_lowei,DD,DD,3354,3291,0.141826905705534,0.144979415772787,0,0,False
Ctenomys_brasiliensis,DD,DD,3373,3292,0.140366775259632,0.144965559473611,0,0,False
Myotis_keaysi,LC,LC,3322,3293,0.144679875570983,0.14496138996563,0,0,False
Taphozous_longimanus,LC,LC,3315,3294,0.144950770864714,0.144950770864714,0,0,False
Crocidura_voi,LC,LC,3317,3295,0.144885164164988,0.144885164164988,0,0,False
Ctenomys_validus,LC,DD,5492,3296,0.0380608164049857,0.144767527585832,0,0,True
Vampyressa_thyone,LC,LC,3319,3297,0.144742659643951,0.144742659643951,0,0,False
Thallomys_shortridgei,DD,DD,3320,3298,0.144699870025948,0.144699871732253,0,0,False
Peromyscus_megalops,LC,LC,3321,3299,0.144681451797191,0.144682151073638,0,0,False
Acomys_wilsoni,LC,LC,3260,3300,0.149229831730446,0.144609621619436,0,0,False
Erinaceus_amurensis,LC,LC,3323,3301,0.144582644463463,0.144582644463463,0,0,False
Hylopetes_phayrei,LC,LC,3324,3302,0.144576358090476,0.144576358090476,0,0,False
Bos_indicus,NE,DD,3325,3303,0.144249193183378,0.144249193183378,0,0,True
Tarsomys_echinatus,VU,VU,3326,3304,0.144191540293737,0.144191540293737,0,0,False
Lagothrix_cana,VU,VU,3327,3305,0.144140187092828,0.144140187092828,0,0,False
Crocidura_cyanea,LC,LC,3328,3306,0.14408940146338,0.144121762090043,0,0,False
Dicrostonyx_vinogradovi,LC,DD,5627,3307,0.0323667523389784,0.143939081429523,0,0,True
Capricornis_sumatraensis,VU,VU,3330,3308,0.143933716059695,0.143933716059695,0,0,False
Chaetodipus_baileyi,LC,LC,3339,3309,0.14303685597839,0.143838691465161,0,0,False
Microtus_chrotorrhinus,LC,LC,3329,3310,0.14400642924083,0.143788051713429,0,0,False
Neomys_teres,LC,LC,3332,3311,0.143739419030232,0.143739419030232,0,0,False
Pseudohydromys_germani,DD,DD,3334,3312,0.143548431386331,0.143548431386331,0,0,False
Rhynchogale_melleri,LC,LC,3335,3313,0.143535322521903,0.143535322521903,0,0,False
Myotis_horsfieldii,LC,LC,3363,3314,0.141148083535442,0.143502295980562,0,0,False
Lama_glama,NE,DD,3341,3315,0.142924146585803,0.143481455182612,0,0,True
Ovis_aries,NE,DD,3753,3316,0.115750779961025,0.143399743239901,0,0,True
Felis_catus,NE,DD,3337,3317,0.143382192346923,0.143382192346923,0,0,True
Neomys_anomalus,LC,LC,3338,3318,0.143143819491218,0.143143819491218,0,0,False
Calomys_tener,LC,LC,3340,3319,0.142930100468209,0.142930100468209,0,0,False
Tadarida_jobimena,DD,LC,1249,3320,0.479142194400545,0.142846957005755,0,0,True
Sorex_macrodon,VU,NT,1982,3321,0.281481288967162,0.142727584814789,0,0,True
Nyctophilus_timoriensis,NE,DD,3343,3322,0.142643297183798,0.142643297183787,0,0,True
Pseudohydromys_eleanorae,DD,DD,3345,3323,0.142520267303042,0.142520267303042,0,0,False
Peromyscus_yucatanicus,LC,LC,3376,3324,0.140308170767573,0.142496881353127,0,0,False
Neotoma_stephensi,LC,LC,3346,3325,0.142415348918662,0.142415348918662,0,0,False
Nyctophilus_shirleyae,DD,DD,3347,3326,0.142301511703536,0.142301511703529,0,0,False
Petaurus_biacensis,LC,LC,3348,3327,0.142286404354334,0.142286404354334,0,0,False
Coendou_vestitus,DD,DD,3349,3328,0.142162301700773,0.142162301700773,0,0,False
Talpa_caeca,LC,LC,3350,3329,0.142020537356556,0.142020537356556,0,0,False
Crocidura_lusitania,LC,LC,3352,3330,0.142004274934661,0.142005588757881,0,0,False
Macropus_dorsalis,LC,LC,3351,3331,0.14200557614803,0.14200557614803,0,0,False
Dicrostonyx_unalascensis,DD,DD,3478,3332,0.133642714245212,0.141959051461502,0,0,False
Tadarida_aegyptiaca,LC,LC,3131,3333,0.158120848563143,0.141944231652772,0,0,False
Spilocuscus_maculatus,LC,LC,3353,3334,0.141918839564248,0.141918839564248,0,0,False
Pseudohydromys_pumehanae,DD,DD,3355,3335,0.141817048276993,0.141817048276993,0,0,False
Suncus_stoliczkanus,LC,LC,3356,3336,0.14179307046343,0.14179307046343,0,0,False
Rattus_timorensis,DD,DD,3357,3337,0.14168291844284,0.14168291844284,0,0,False
Hipposideros_pendelburyi,DD,DD,3358,3338,0.141648391901355,0.141648391901355,0,0,False
Sciurus_arizonensis,DD,NT,2335,3339,0.23443784837812,0.141485571103124,0,0,True
Myotis_altarium,LC,LC,3364,3340,0.141010709411666,0.14143978212677,0,0,False
Crocidura_attila,LC,LC,3359,3341,0.141337903321216,0.141337903321216,0,0,False
Lagothrix_lagotricha,VU,VU,3361,3342,0.141230346573821,0.141230346573822,0,0,False
Chaetodipus_dalquesti,NT,NT,3378,3343,0.140122678312083,0.141209540002728,0,0,False
Pelomys_hopkinsi,DD,DD,3362,3344,0.141174896606669,0.141174896606669,0,0,False
Ctenomys_saltarius,DD,DD,3405,3345,0.138075611902217,0.141132977416295,0,0,False
Dendrohyrax_dorsalis,LC,LC,3365,3346,0.140966903447751,0.140966903447751,0,0,False
Pseudohydromys_occidentalis,DD,DD,3366,3347,0.140921721241259,0.140921721241259,0,0,False
Phyllotis_osilae,LC,LC,3367,3348,0.140861060044626,0.140861060044626,0,0,False
Marmosa_alstoni,LC,LC,3344,3349,0.142545054944899,0.140786661192546,0,0,False
Myotis_fortidens,LC,LC,3395,3350,0.138977855707236,0.140703772278552,0,0,False
Hylopetes_spadiceus,LC,LC,3368,3351,0.140604100306806,0.140604100306806,0,0,False
Bdeogale_omnivora,VU,VU,3369,3352,0.140570327870346,0.140570327870346,0,0,False
Marmota_marmota,LC,LC,3371,3353,0.140458582926761,0.140458582926761,0,0,False
Macruromys_major,LC,LC,3372,3354,0.140425391695781,0.140425391695781,0,0,False
Heteromys_anomalus,LC,LC,3374,3355,0.140365047574786,0.140365047574786,0,0,False
Surdisorex_norae,LC,LC,3375,3356,0.1403314898542,0.1403314898542,0,0,False
Hylaeamys_megacephalus,LC,LC,3381,3357,0.140026996251209,0.140234915879822,0,0,False
Taphozous_perforatus,LC,LC,3379,3358,0.140073050342569,0.140073050342569,0,0,False
Pipistrellus_abramus,LC,LC,3370,3359,0.14052982027331,0.140052064930378,0,0,False
Nanonycteris_veldkampii,LC,LC,3380,3360,0.140043677900789,0.140043677900789,0,0,False
Gerbillus_percivali,LC,DD,5616,3361,0.0332498043225849,0.139789764047552,0,0,True
Crocidura_caliginea,LC,LC,3382,3362,0.139740010679327,0.139740010679327,0,0,False
Marmosa_quichua,LC,LC,3245,3363,0.150323288794656,0.139665259513528,0,0,False
Mastomys_huberti,LC,LC,3383,3364,0.139657277011061,0.139657277011061,0,0,False
Proechimys_decumanus,NT,NT,3384,3365,0.139635203114039,0.139635203114039,0,0,False
Gerbillus_brockmani,DD,DD,3415,3366,0.137668762169221,0.139599181000208,0,0,False
Notomys_cervinus,NT,NT,3385,3367,0.139598980746218,0.139598980746218,0,0,False
Heteromys_australis,LC,LC,3386,3368,0.139493080500653,0.139493080500653,0,0,False
Muntiacus_truongsonensis,DD,DD,3387,3369,0.139462994688182,0.139462994688182,0,0,False
Tamias_ruficaudus,LC,LC,3388,3370,0.139418241106291,0.139418241106291,0,0,False
Bos_taurus,NE,DD,3389,3371,0.139389061607135,0.139389061607135,0,0,True
Miniopterus_tristis,LC,LC,3360,3372,0.141258992225188,0.139289173871439,0,0,False
Taphozous_mauritianus,LC,LC,3390,3373,0.139283113101603,0.139283113101603,0,0,False
Mazama_nemorivaga,DD,LC,1211,3374,0.493935600111015,0.139252989703868,0,0,True
Crocidura_russula,LC,LC,3392,3375,0.139208035310279,0.139208035310279,0,0,False
Ctenodactylus_gundi,LC,LC,3393,3376,0.139107932017708,0.139107932017708,0,0,False
Mimetillus_moloneyi,LC,LC,3394,3377,0.139068372487006,0.139068372487006,0,0,False
Trinomys_setosus,LC,LC,3396,3378,0.138816505991138,0.138816082707249,0,0,False
Rhipidomys_latimanus,LC,LC,3398,3379,0.138791084123511,0.138791084123511,0,0,False
Helogale_parvula,LC,LC,3399,3380,0.138788088143684,0.138788088143684,0,0,False
Lobodon_carcinophaga,LC,LC,3400,3381,0.138691815143371,0.138691846649977,0,0,False
Thomomys_townsendii,LC,LC,3401,3382,0.138460934699215,0.138460934699215,0,0,False
Pipistrellus_ceylonicus,LC,LC,3404,3383,0.138091252278478,0.138442157271147,0,0,False
Urocitellus_columbianus,LC,LC,3402,3384,0.138136959062072,0.138136959062072,0,0,False
Crocidura_fuliginosa,LC,LC,3403,3385,0.138130574157957,0.138130573435918,0,0,False
Melomys_paveli,DD,DD,3406,3386,0.138028042777061,0.138028042777061,0,0,False
Microtus_montebelli,LC,LC,3412,3387,0.137730106421385,0.138025873281423,0,0,False
Hylaeamys_oniscus,NT,NT,3488,3388,0.132389976387143,0.138019221048241,0,0,False
Taeromys_arcuatus,VU,VU,3407,3389,0.137909361342634,0.137909361342634,0,0,False
Saguinus_niger,VU,VU,3413,3390,0.137697336468093,0.137697348636516,0,0,False
Melomys_bougainville,DD,DD,3414,3391,0.137670663128157,0.137670663128157,0,0,False
Pectinator_spekei,LC,LC,3416,3392,0.137621459974742,0.137621459974742,0,0,False
Dendrohyrax_arboreus,LC,LC,3417,3393,0.137590952904095,0.137590952904095,0,0,False
Helogale_hirtula,LC,LC,3419,3394,0.13748462389484,0.13748462389484,0,0,False
Crocidura_nimbasilvanus,LC,LC,3420,3395,0.13744603467444,0.13744603467444,0,0,False
Dryomys_nitedula,LC,LC,3421,3396,0.137388540799764,0.137388540799764,0,0,False
Muntiacus_putaoensis,DD,DD,3423,3397,0.137312381188475,0.137312381188475,0,0,False
Galictis_vittata,LC,LC,3424,3398,0.137175595030967,0.137175595030967,0,0,False
Scotozous_dormeri,LC,LC,3425,3399,0.137008231703877,0.137008231703877,0,0,False
Mus_indutus,LC,LC,3426,3400,0.136915712944307,0.136915712944307,0,0,False
Myotis_ikonnikovi,LC,LC,3427,3401,0.136901702025386,0.136901702025386,0,0,False
Capricornis_milneedwardsii,VU,VU,3428,3402,0.136894299757348,0.136894299757348,0,0,False
Sorex_pribilofensis,EN,EN,3422,3403,0.137347150327853,0.136847922938447,0,0,False
Neacomys_guianae,LC,LC,3429,3404,0.136731199663813,0.136731199663813,0,0,False
Dendromus_lovati,LC,LC,3410,3405,0.137826271126839,0.136728147621488,0,0,False
Gerbillus_jamesi,DD,DD,3442,3406,0.135664841423518,0.136648014126452,0,0,False
Marmota_broweri,LC,LC,3431,3407,0.136613717567416,0.136613717567416,0,0,False
Alouatta_sara,NT,NT,3434,3408,0.136345238305475,0.136479331517652,0,0,False
Rhipidomys_ipukensis,DD,DD,3433,3409,0.136408649263727,0.136408649263727,0,0,False
Reithrodontomys_musseri,NT,NT,3519,3410,0.130725021624823,0.136408402736196,0,0,False
Funambulus_pennantii,LC,LC,3435,3411,0.136282840201363,0.136282840201363,0,0,False
Myotis_gomantongensis,LC,LC,3436,3412,0.136093541315507,0.136229023255541,0,0,False
Murina_shuipuensis,DD,DD,3437,3413,0.135898786279829,0.135898786279829,0,0,False
Transandinomys_talamancae,LC,LC,3438,3414,0.135887682797469,0.135887682797469,0,0,False
Cryptotis_peregrina,DD,DD,3430,3415,0.136726015907938,0.135877104710872,0,0,False
Glossophaga_morenoi,LC,LC,3439,3416,0.135807311003664,0.135807311003664,0,0,False
Apodemus_alpicola,LC,LC,3440,3417,0.135734649653227,0.135734649653227,0,0,False
Hipposideros_ater,LC,LC,3441,3418,0.13566903627551,0.13566903627551,0,0,False
Scotonycteris_bergmansi,LC,LC,3443,3419,0.13564871847571,0.13564871847571,0,0,False
Nyctalus_aviator,NT,NT,3444,3420,0.135621135299426,0.135621135299426,0,0,False
Lynx_rufus,LC,LC,3445,3421,0.135560072610624,0.135560072618704,0,0,False
Paraechinus_hypomelas,LC,LC,3446,3422,0.135556041554781,0.135556041554781,0,0,False
Dipodomys_phillipsii,LC,LC,3449,3423,0.135431427388879,0.135431427388879,0,0,False
Noctilio_leporinus,LC,LC,3450,3424,0.135419724438185,0.135419724438185,0,0,False
Oreamnos_americanus,LC,LC,3451,3425,0.135236498950349,0.135236498950349,0,0,False
Crocidura_pachyura,LC,LC,3452,3426,0.135212146583218,0.135212146583218,0,0,False
Cryptotis_parva,LC,LC,3409,3427,0.137878533334679,0.13514300721592,0,0,False
Macropus_giganteus,LC,LC,3455,3428,0.135135980131968,0.135135980131968,0,0,False
Taeromys_microbullatus,VU,VU,3456,3429,0.135093296858205,0.135093296858205,0,0,False
Transandinomys_bolivaris,LC,LC,3459,3430,0.134870901623646,0.134870901623646,0,0,False
Dendromus_messorius,LC,LC,3448,3431,0.135469316265346,0.134847548828363,0,0,False
Lonchophylla_orienticollina,DD,DD,3460,3432,0.134812154811704,0.134812154811705,0,0,False
Lasiopodomys_brandtii,LC,LC,3461,3433,0.134690474866086,0.134690474866086,0,0,False
Mus_haussa,LC,LC,3462,3434,0.134672846479281,0.134672846479281,0,0,False
Harpiola_isodon,LC,LC,3463,3435,0.134635101562939,0.134635101562939,0,0,False
Neacomys_musseri,LC,LC,3464,3436,0.134584166254369,0.134584166254369,0,0,False
Atelerix_albiventris,LC,LC,3465,3437,0.134570396299596,0.134570396299596,0,0,False
Noctilio_albiventris,LC,LC,3466,3438,0.134453939239455,0.134453939239455,0,0,False
Macropus_fuliginosus,LC,LC,3467,3439,0.134409157726456,0.134409157726456,0,0,False
Cercocebus_chrysogaster,EN,EN,3468,3440,0.134311879875438,0.134311879875438,0,0,False
Myotis_annectans,LC,LC,3479,3441,0.133276425190657,0.134219080985697,0,0,False
Abrothrix_longipilis,LC,LC,3469,3442,0.134207566087172,0.134207566081019,0,0,False
Scoteanax_rueppellii,LC,LC,3471,3443,0.134084129467065,0.134084129467065,0,0,False
Apodemus_hyrcanicus,NT,NT,3472,3444,0.134055700101517,0.134055700101517,0,0,False
Phoniscus_atrox,NT,NT,3473,3445,0.134044445010163,0.134044445010163,0,0,False
Rhogeessa_tumida,LC,LC,3475,3446,0.13400956552995,0.13400956552995,0,0,False
Lasiopodomys_mandarinus,LC,LC,3476,3447,0.133953380092405,0.133953380092405,0,0,False
Dasyprocta_coibae,NT,NT,3411,3448,0.13773212015405,0.133947985475212,0,0,False
Suncus_malayanus,LC,LC,3477,3449,0.133870624458096,0.133870624458096,0,0,False
Chaetophractus_vellerosus,LC,LC,3310,3450,0.145504584923506,0.133250803489876,0,0,False
Melomys_howi,DD,DD,3480,3451,0.133047937669618,0.133047937669618,0,0,False
Myotis_leibii,EN,EN,3482,3452,0.132821649312456,0.132821654173993,0,0,False
Plecotus_kolombatovici,LC,LC,3483,3453,0.132807518490602,0.132807518490602,0,0,False
Rhinolophus_rufus,NT,NT,3481,3454,0.132973985210494,0.132725304141873,0,0,False
Orthogeomys_hispidus,LC,LC,3564,3455,0.127935237373853,0.132706054797853,0,0,False
Ctenomys_scagliai,DD,DD,3526,3456,0.130375568872419,0.132656710646626,0,0,False
Nectomys_magdalenae,DD,DD,3484,3457,0.132550839498271,0.132550839498271,0,0,False
Chiroderma_salvini,LC,LC,3548,3458,0.128705192778859,0.132527787421097,0,0,False
Lonchophylla_hesperia,NT,NT,3485,3459,0.132494109370447,0.132494109370447,0,0,False
Myonycteris_angolensis,LC,LC,3486,3460,0.13249153558088,0.13249153558088,0,0,False
Chaetodipus_intermedius,LC,LC,3507,3461,0.131496015060875,0.132414619719754,0,0,False
Conepatus_leuconotus,LC,LC,3490,3462,0.132339333529454,0.132339333529454,0,0,False
Myotis_petax,LC,LC,3496,3463,0.132051216787983,0.132334438086433,0,0,False
Diclidurus_ingens,DD,DD,3491,3464,0.132329006345793,0.132329006345793,0,0,False
Crocidura_grassei,LC,LC,3492,3465,0.132272442424475,0.132272442424475,0,0,False
Crocidura_crenata,LC,LC,3493,3466,0.132225903047872,0.132225903047872,0,0,False
Chodsigoa_parca,LC,LC,3408,3467,0.137899980457946,0.132210997464469,0,0,False
Haeromys_minahassae,NT,NT,3494,3468,0.132186684178857,0.132186684178857,0,0,False
Rhogeessa_parvula,LC,LC,3495,3469,0.132144806442162,0.132144806442162,0,0,False
Herpestes_pulverulentus,LC,LC,3498,3470,0.132016634794231,0.132016634794231,0,0,False
Hipposideros_ruber,LC,LC,3499,3471,0.13199743063728,0.13199743063728,0,0,False
Myotis_chiloensis,LC,LC,3508,3472,0.131456976258129,0.131892231427279,0,0,False
Euneomys_mordax,DD,LC,1100,3473,0.551076553310538,0.131870535071611,0,0,True
Sorex_hosonoi,LC,LC,3501,3474,0.131767915193996,0.131749310976685,0,0,False
Canis_adustus,LC,LC,3502,3475,0.131746820110381,0.131746817455081,0,0,False
Kerivoula_hardwickii,LC,LC,3504,3476,0.131678895447939,0.131678895447939,0,0,False
Apomys_microdon,LC,LC,3506,3477,0.131607195181091,0.131607195181091,0,0,False
Mazama_nana,VU,VU,3489,3478,0.132347668953105,0.131597853153034,0,0,False
Myotis_albescens,LC,LC,3524,3479,0.130468825967524,0.131581552218503,0,0,False
Mazama_bororo,VU,VU,3487,3480,0.132418495415221,0.1314306622768,0,0,False
Otolemur_crassicaudatus,LC,LC,3509,3481,0.131408841046329,0.131408571015523,0,0,False
Atelerix_frontalis,LC,LC,3510,3482,0.131403978167191,0.131403978167191,0,0,False
Tupaia_montana,LC,LC,3512,3483,0.131275402741535,0.131275402741535,0,0,False
Marmosops_impavidus,LC,LC,3513,3484,0.131244272739425,0.131244272739425,0,0,False
Pseudantechinus_macdonnellensis,LC,LC,3514,3485,0.131088652202841,0.131088652202841,0,0,False
Lemniscomys_striatus,LC,LC,3515,3486,0.131036063054569,0.131036063054569,0,0,False
Otolemur_garnettii,LC,LC,3516,3487,0.130977723252137,0.130977714824749,0,0,False
Rhinolophus_yunanensis,LC,LC,3517,3488,0.130923438456518,0.130923438456518,0,0,False
Aonyx_congicus,DD,NT,2604,3489,0.204666502226344,0.130751319175112,0,0,True
Phascolosorex_doriae,LC,LC,3518,3490,0.130732752132258,0.130732752132258,0,0,False
Neodon_linzhiensis,LC,LC,3525,3491,0.130393730290144,0.130672822870144,0,0,False
Mus_mattheyi,LC,LC,3520,3492,0.130667514144941,0.130667514144941,0,0,False
Cercopithecus_mona,NT,NT,3521,3493,0.130620486390558,0.130620486390558,0,0,False
Myotis_macrotarsus,LC,LC,3528,3494,0.130159687901236,0.130582276932496,0,0,False
Sorex_cylindricauda,LC,LC,3511,3495,0.131303835026538,0.130580556726162,0,0,False
Apomys_littoralis,DD,DD,3523,3496,0.130517592213879,0.130517592213879,0,0,False
Sciurus_richmondi,NT,NT,3545,3497,0.12878969383104,0.130445224944643,0,0,False
Akodon_varius,DD,DD,3522,3498,0.13053657513233,0.130371742678507,0,0,False
Gerbillus_muriculus,DD,DD,3527,3499,0.130235937604172,0.130350839147074,0,0,False
Platyrrhinus_brachycephalus,LC,LC,3497,3500,0.132017197155116,0.130314495728581,0,0,False
Acomys_muzei,LC,LC,3505,3501,0.131630455396144,0.130242430281872,0,0,False
Pipistrellus_eisentrauti,DD,DD,2115,3502,0.263657801681874,0.13021691250133,0,0,False
Tupaia_javanica,LC,LC,3529,3503,0.130119688634918,0.130119688634918,0,0,False
Crossomys_moncktoni,LC,LC,3530,3504,0.130113871039242,0.130113871039242,0,0,False
Marmosops_ocellatus,LC,LC,3531,3505,0.129920777155242,0.129920777155242,0,0,False
Crocidura_nigripes,LC,LC,3532,3506,0.129823069294289,0.129823069294289,0,0,False
Eptesicus_hottentotus,LC,LC,3537,3507,0.129407537152463,0.129819969036152,0,0,False
Phascolosorex_dorsalis,LC,LC,3533,3508,0.129799700084069,0.129799700084069,0,0,False
Cercopithecus_pogonias,NT,NT,3534,3509,0.129597191556508,0.129597191556508,0,0,False
Sigmodon_ochrognathus,LC,LC,3503,3510,0.131696314960868,0.129558178254067,0,0,False
Cephalophus_niger,LC,LC,3535,3511,0.129458058484062,0.129458058464228,0,0,False
Pseudochirulus_canescens,LC,LC,3536,3512,0.129436310297284,0.129436310297284,0,0,False
Oligoryzomys_flavescens,LC,LC,3538,3513,0.129326053122192,0.129326053122192,0,0,False
Cerradomys_maracajuensis,LC,LC,3540,3514,0.129324008177982,0.129324008177982,0,0,False
Ochotona_pallasi,LC,LC,3541,3515,0.129280287556926,0.129280287556926,0,0,False
Platyrrhinus_nitelinea,DD,DD,3542,3516,0.12917563552443,0.129175638577562,0,0,False
Myotis_hasseltii,LC,LC,3557,3517,0.128316065659136,0.129073800408735,0,0,False
Cerradomys_marinhus,LC,LC,3544,3518,0.128974652553565,0.128974652553565,0,0,False
Monodelphis_umbristriatus,DD,LC,1208,3519,0.495797119151266,0.128765969170967,0,0,True
Otomys_angoniensis,LC,LC,3546,3520,0.1287374602512,0.1287374602512,0,0,False
Alticola_albicaudus,DD,DD,3543,3521,0.129083787043983,0.128702758144291,0,0,False
Melonycteris_woodfordi,LC,LC,3549,3522,0.128700400720828,0.128690311673067,0,0,False
Perognathus_parvus,LC,LC,3550,3523,0.128666208053772,0.128666208053772,0,0,False
Chaetodipus_goldmani,NT,NT,3566,3524,0.127859534883767,0.128642734215356,0,0,False
Mesoplodon_layardii,LC,LC,3551,3525,0.128590009974933,0.128590009974933,0,0,False
Crocidura_shantungensis,LC,LC,3552,3526,0.128583705326694,0.128583705326694,0,0,False
Eliurus_minor,LC,LC,3553,3527,0.128445558726099,0.128445558726099,0,0,False
Cavia_fulgida,LC,LC,3554,3528,0.128389393128076,0.128389393128076,0,0,False
Mesomys_stimulax,LC,LC,3555,3529,0.12832198474391,0.12832198474391,0,0,False
Allactaga_sibirica,LC,LC,3556,3530,0.128318558203585,0.128318558203585,0,0,False
Chaetophractus_villosus,LC,LC,3342,3531,0.14282785507851,0.128214988177498,0,0,False
Rhinolophus_pearsonii,LC,LC,3560,3532,0.128164746855373,0.128051050786739,0,0,False
Isthmomys_pirrensis,LC,LC,3561,3533,0.128044574324656,0.128044574324656,0,0,False
Praomys_coetzeei,DD,DD,3568,3534,0.127854660334024,0.127854660334024,0,0,False
Apomys_musculus,LC,LC,3570,3535,0.127787349385719,0.127787349385719,0,0,False
Sorex_shinto,LC,LC,3569,3536,0.127828989493167,0.127761905198518,0,0,False
Petaurista_elegans,LC,LC,3547,3537,0.128713783456157,0.127705094725268,0,0,False
Dendromus_oreas,LC,LC,3565,3538,0.127930279893677,0.12749261962748,0,0,False
Marmosops_neblina,LC,LC,3571,3539,0.127276675524855,0.127276675524855,0,0,False
Marmosops_noctivagus,LC,LC,3572,3540,0.127260787768113,0.127260787768113,0,0,False
Eliurus_myoxinus,LC,LC,3574,3541,0.127065105141822,0.127065105141822,0,0,False
Nyctimene_keasti,NT,NT,3559,3542,0.128212045978852,0.126982414642405,0,0,False
Tupaia_picta,LC,LC,3575,3543,0.126925710878567,0.126925710878567,0,0,False
Niviventer_fulvescens,LC,LC,3576,3544,0.126916310038123,0.126916310038123,0,0,False
Mesomys_hispidus,LC,LC,3577,3545,0.12688779000758,0.12688779000758,0,0,False
Otomys_lacustris,LC,LC,3578,3546,0.12684310843675,0.12684310843675,0,0,False
Zalophus_wollebaeki,EN,EN,3579,3547,0.126820522404373,0.126820522404545,0,0,False
Spalacopus_cyanus,LC,LC,3580,3548,0.12671116849172,0.12671116849172,0,0,False
Maxomys_musschenbroekii,LC,LC,3558,3549,0.128268641484167,0.126699331601339,0,0,False
Trichosurus_vulpecula,LC,LC,3581,3550,0.126601230668041,0.126601230668041,0,0,False
Artibeus_fraterculus,LC,LC,3582,3551,0.126557267824924,0.126557267824924,0,0,False
Ratufa_indica,LC,LC,3583,3552,0.126479521165742,0.126479521165742,0,0,False
Histiotus_alienus,DD,DD,3584,3553,0.12645718266,0.12645718266,0,0,False
Cratogeomys_castanops,LC,LC,3585,3554,0.126416351471486,0.126416351471486,0,0,False
Histiotus_velatus,DD,DD,3586,3555,0.126210120812072,0.126210120812072,0,0,False
Genetta_abyssinica,DD,DD,3587,3556,0.126026474516797,0.126026474516797,0,0,False
Blarina_brevicauda,LC,LC,3588,3557,0.125854895183038,0.125854895183038,0,0,False
Mysateles_garridoi,NE,DD,3589,3558,0.125793461850417,0.125793461850417,0,0,True
Sorex_unguiculatus,LC,LC,3590,3559,0.12573850787704,0.12573850787704,0,0,False
Monodelphis_americana,LC,LC,3022,3560,0.16792399224037,0.125715022744811,0,0,False
Lemniscomys_barbarus,LC,LC,3591,3561,0.125701082904926,0.125701082904926,0,0,False
Cratogeomys_goldmani,LC,LC,3593,3562,0.125577857728425,0.125577857728425,0,0,False
Isoodon_obesulus,LC,LC,3594,3563,0.12528933960109,0.12528933960109,0,0,False
Vampyressa_nymphaea,LC,LC,3595,3564,0.125239326529818,0.125239326564857,0,0,False
Falsistrellus_mackenziei,NT,NT,3596,3565,0.125232994155031,0.125232994155031,0,0,False
Lontra_canadensis,LC,LC,3597,3566,0.125091970010008,0.125091933286685,0,0,False
Spermophilus_dauricus,LC,LC,3598,3567,0.125066167341082,0.125066167341082,0,0,False
Blarina_carolinensis,LC,LC,3599,3568,0.125046518138315,0.125046518138315,0,0,False
Echimys_chrysurus,LC,LC,3600,3569,0.124920520790293,0.124920520790293,0,0,False
Tupaia_moellendorffi,LC,LC,3603,3570,0.124800411299894,0.124800411299894,0,0,False
Abrothrix_sanborni,NT,NT,3604,3571,0.124797535480329,0.124797535479484,0,0,False
Callosciurus_inornatus,LC,LC,3649,3572,0.121280592211417,0.12443332596547,0,0,False
Vampyressa_brocki,LC,LC,3606,3573,0.124283866603938,0.124283866606977,0,0,False
Otomys_laminatus,NT,NT,3607,3574,0.124158437411349,0.124158437411349,0,0,False
Eudorcas_rufifrons,VU,VU,3611,3575,0.124041142923018,0.124041142931072,0,0,False
Isoodon_auratus,LC,LC,3612,3576,0.124024687663832,0.124024687663832,0,0,False
Allactaga_major,LC,LC,3613,3577,0.123979773383637,0.123979773383637,0,0,False
Sorex_caecutiens,LC,LC,3609,3578,0.124113035471985,0.123909003632969,0,0,False
Miniopterus_inflatus,LC,LC,3605,3579,0.124472581256866,0.123814722951915,0,0,False
Herpestes_fuscus,LC,LC,3614,3580,0.123856710604803,0.123695854919821,0,0,False
Mephitis_mephitis,LC,LC,3616,3581,0.123632643152926,0.123632643152926,0,0,False
Chinchillula_sahamae,LC,LC,3618,3582,0.123564157979872,0.123577604695202,0,0,False
Otomops_martiensseni,NT,NT,3619,3583,0.123498311597397,0.123498311597397,0,0,False
Fukomys_micklemi,NE,DD,3277,3584,0.147460248928676,0.123495102533361,0,0,True
Microtus_savii,LC,LC,3617,3585,0.123620840420093,0.123482238143646,0,0,False
Allactaga_williamsi,LC,LC,3620,3586,0.123265682600991,0.123265672123849,0,0,False
Chlorocebus_sabaeus,LC,LC,3621,3587,0.123181486476845,0.123181486476845,0,0,False
Hipposideros_pelingensis,NT,NT,3622,3588,0.123177544536222,0.123177544536222,0,0,False
Crocidura_macmillani,NT,NT,3623,3589,0.123151739982714,0.123151739982713,0,0,False
Acomys_spinosissimus,LC,LC,3592,3590,0.125583606164824,0.123087583780388,0,0,False
Cynopterus_brachyotis,LC,LC,3624,3591,0.123011688261597,0.123011688261597,0,0,False
Trichosurus_caninus,LC,LC,3625,3592,0.122837368382632,0.122837368382632,0,0,False
Uroderma_magnirostrum,LC,LC,3626,3593,0.122804602773053,0.122804602773053,0,0,False
Sorex_isodon,LC,LC,3627,3594,0.122802358268063,0.122785824358869,0,0,False
Tylonycteris_robustula,LC,LC,3628,3595,0.122729251385167,0.12272925134187,0,0,False
Monodelphis_osgoodi,LC,LC,3641,3596,0.121765840004625,0.122707945950936,0,0,False
Reithrodontomys_gracilis,LC,LC,3642,3597,0.121708657049481,0.122700742696089,0,0,False
Hyperoodon_planifrons,LC,LC,3629,3598,0.122676738053708,0.122676738053708,0,0,False
Anoura_geoffroyi,LC,LC,3630,3599,0.122632990512194,0.122632990512194,0,0,False
Steatomys_caurinus,LC,LC,3631,3600,0.122630351488896,0.122630351488896,0,0,False
Natalus_major,NT,NT,3573,3601,0.127130107020196,0.122514083787661,0,0,False
Monodon_monoceros,LC,LC,3633,3602,0.122399321668635,0.122399321668635,0,0,False
Cryptotis_mayensis,LC,LC,3601,3603,0.124845568540461,0.122395270763986,0,0,False
Petaurus_breviceps,LC,LC,3634,3604,0.122382528373478,0.122382528373478,0,0,False
Mesechinus_hughi,LC,LC,3635,3605,0.122290029446394,0.122290029446394,0,0,False
Oenomys_hypoxanthus,LC,LC,3637,3606,0.122149751257235,0.122149751257235,0,0,False
Callosciurus_caniceps,LC,LC,3656,3607,0.120933750061462,0.122034708366304,0,0,False
Sciurus_variegatoides,LC,LC,3676,3608,0.119876242348216,0.121931305777231,0,0,False
Leontocebus_tripartitus,DD,NT,2650,3609,0.199282654253532,0.121921136211875,0,0,True
Rhinolophus_deckenii,NT,NT,3615,3610,0.123647482470801,0.121895929925185,0,0,False
Naemorhedus_goral,NT,NT,3639,3611,0.121827936473899,0.121827936473899,0,0,False
Poiana_leightoni,VU,VU,3640,3612,0.121768528588684,0.121768528588684,0,0,False
Cricetulus_longicaudatus,LC,LC,3608,3613,0.124157210980952,0.121750664285274,0,0,False
Anoura_latidens,LC,LC,3643,3614,0.121634398603026,0.121634398603026,0,0,False
Lagidium_peruanum,NE,LC,1293,3615,0.464062774791309,0.121586682386678,0,0,True
Pteropus_macrotis,LC,LC,3651,3616,0.121191079819936,0.121462665299827,0,0,False
Leptonychotes_weddellii,LC,LC,3644,3617,0.121412270480654,0.121412305806329,0,0,False
Thalpomys_lasiotis,LC,LC,3645,3618,0.12141220432727,0.12141220432727,0,0,False
Hyomys_goliath,LC,LC,3646,3619,0.121410987661827,0.121410987661827,0,0,False
Marmosops_bishopi,LC,LC,3647,3620,0.121405876722903,0.121405876722903,0,0,False
Histiotus_humboldti,DD,DD,3648,3621,0.121318280154179,0.121318280154179,0,0,False
Carollia_benkeithi,LC,LC,3650,3622,0.121280207184697,0.121280207184697,0,0,False
Trinomys_myosuros,LC,LC,3610,3623,0.12409926890182,0.121259233599903,0,0,False
Cynopterus_sphinx,LC,LC,3652,3624,0.121145989628817,0.121145989628817,0,0,False
Mesechinus_dauuricus,LC,LC,3654,3625,0.120988756491118,0.120988756491118,0,0,False
Macroglossus_minimus,LC,LC,3655,3626,0.120959383074634,0.120959383074634,0,0,False
Thalpomys_cerradensis,LC,LC,3657,3627,0.120930021650282,0.120930021650282,0,0,False
Pipistrellus_tenuis,LC,LC,3695,3628,0.119019494492883,0.120929273522131,0,0,False
Eliurus_tanala,LC,LC,3658,3629,0.120906574274629,0.120906574274629,0,0,False
Macroglossus_sobrinus,LC,LC,3660,3630,0.120831232345177,0.120831232345177,0,0,False
Prionailurus_rubiginosus,NT,NT,3661,3631,0.120626690745377,0.120626690745377,0,0,False
Eligmodontia_bolsonensis,NE,DD,3662,3632,0.120623966902713,0.120623966902713,0,0,True
Phyllotis_magister,LC,LC,3663,3633,0.120621917597202,0.120621917597202,0,0,False
Peropteryx_macrotis,LC,LC,3664,3634,0.12059028026796,0.12059028026796,0,0,False
Spalax_microphthalmus,LC,LC,3665,3635,0.120495463020276,0.120495463020276,0,0,False
Mephitis_macroura,LC,LC,3666,3636,0.12048967824716,0.12048967824716,0,0,False
Tragelaphus_oryx,LC,LC,3667,3637,0.120476354257569,0.120476354257569,0,0,False
Hipposideros_vittatus,NT,NT,3668,3638,0.120333690241726,0.120333690241726,0,0,False
Dobsonia_pannietensis,NT,NT,3669,3639,0.120312651404019,0.120312651404019,0,0,False
Xerus_inauris,LC,LC,3671,3640,0.12017766655285,0.12017766655285,0,0,False
Rhynchocyon_cirnei,LC,LC,3673,3641,0.120029990243937,0.120029990243937,0,0,False
Mus_terricolor,LC,LC,3674,3642,0.119963941317944,0.119963941317944,0,0,False
Xerus_princeps,LC,LC,3675,3643,0.119907060573223,0.119907060573223,0,0,False
Rhinolophus_alcyone,LC,LC,3672,3644,0.12008053340254,0.119906668561559,0,0,False
Carollia_castanea,LC,LC,3677,3645,0.119814892490623,0.119814892490623,0,0,False
Thoopterus_suhaniahae,LC,LC,3678,3646,0.11979907454636,0.11979907454636,0,0,False
Delphinapterus_leucas,LC,LC,3680,3647,0.11972804447,0.11972804447,0,0,False
Arctocephalus_pusillus,LC,LC,3681,3648,0.119590341305483,0.119590341317157,0,0,False
Galictis_cuja,LC,LC,3682,3649,0.119509890112174,0.119509890112174,0,0,False
Phyllotis_darwini,LC,LC,3684,3650,0.119386131338356,0.119386131338356,0,0,False
Caryomys_inez,LC,LC,3685,3651,0.119353488531666,0.119353488490544,0,0,False
Apomys_brownorum,DD,DD,3686,3652,0.119334216225245,0.119334216225245,0,0,False
Tragelaphus_scriptus,LC,LC,3687,3653,0.119292595091715,0.119292595091715,0,0,False
Otomys_jacksoni,NT,NT,3689,3654,0.119210118092173,0.119210118092173,0,0,False
Crocidura_maurisca,LC,LC,3690,3655,0.119191503082634,0.119191503082634,0,0,False
Allactaga_euphratica,LC,LC,3691,3656,0.11916942049818,0.119168609694854,0,0,False
Myopterus_whitleyi,LC,LC,3692,3657,0.119058017992502,0.119058017992502,0,0,False
Calomys_expulsus,LC,LC,3693,3658,0.11904672382351,0.11904672382351,0,0,False
Hylomyscus_alleni,LC,LC,3694,3659,0.119034885564465,0.119034885564465,0,0,False
Lasiurus_blossevillii,LC,LC,3696,3660,0.118971431196881,0.118971431196881,0,0,False
Rhinolophus_stheno,LC,LC,3688,3661,0.119280173775496,0.118926467752643,0,0,False
Rhinolophus_landeri,LC,LC,3702,3662,0.118440179242431,0.118894578284833,0,0,False
Lyncodon_patagonicus,LC,LC,3697,3663,0.118792006548217,0.118792006548217,0,0,False
Leopoldamys_sabanus,LC,LC,3698,3664,0.118741125134962,0.118741125134962,0,0,False
Dremomys_rufigenis,LC,LC,3683,3665,0.11950619161553,0.118715055226954,0,0,False
Platyrrhinus_lineatus,LC,LC,3653,3666,0.12114255108338,0.118577775089704,0,0,False
Thoopterus_nigrescens,LC,LC,3700,3667,0.118522636985478,0.118522636985478,0,0,False
Arvicanthis_neumanni,LC,LC,3701,3668,0.118467775286587,0.118467775286587,0,0,False
Pipistrellus_coromandra,LC,LC,3711,3669,0.117989102435889,0.118430942431861,0,0,False
Scotinomys_xerampelinus,LC,LC,3703,3670,0.118387375674043,0.118387375674043,0,0,False
Niviventer_niviventer,LC,LC,3704,3671,0.118343506869545,0.118343506869545,0,0,False
Scotinomys_teguina,LC,LC,3705,3672,0.118327105440613,0.118327105440613,0,0,False
Blanfordimys_bucharensis,LC,LC,3706,3673,0.118286028797552,0.118286028797552,0,0,False
Myodes_glareolus,LC,LC,3659,3674,0.120877513030861,0.118272968019758,0,0,False
Dasyprocta_guamara,NT,NT,3746,3675,0.116230802478894,0.118182722128469,0,0,False
Dremomys_pyrrhomerus,LC,LC,3699,3676,0.118737184725938,0.118143621019791,0,0,False
Allactodipus_bobrinskii,LC,LC,3707,3677,0.118113453090054,0.118113453090054,0,0,False
Peromyscus_truei,LC,LC,3720,3678,0.117568040736908,0.118058247746929,0,0,False
Myospalax_psilurus,LC,LC,3710,3679,0.118032773299792,0.118032773299792,0,0,False
Lasiurus_seminolus,LC,LC,3712,3680,0.117925766776317,0.117925766776317,0,0,False
Ctenomys_minutus,DD,DD,3732,3681,0.116923522152118,0.117881262555553,0,0,False
Tylonycteris_pachypus,LC,LC,3713,3682,0.117827851230615,0.117827851230615,0,0,False
Raphicerus_sharpei,LC,LC,3714,3683,0.117799561360673,0.117799561360673,0,0,False
Steatomys_pratensis,LC,LC,3716,3684,0.117763563641204,0.117763563641204,0,0,False
Prosciurillus_abstrusus,NT,NT,3717,3685,0.117745105860103,0.117745105860103,0,0,False
Platyrrhinus_umbratus,DD,DD,3709,3686,0.118034990542175,0.117659690046822,0,0,False
Asellia_tridens,LC,LC,3733,3687,0.116919502365634,0.117603550205475,0,0,False
Nanger_granti,LC,LC,3718,3688,0.117592356752112,0.117592356753197,0,0,False
Sminthopsis_griseoventer,DD,LC,1450,3689,0.407412045693095,0.117564486232036,0,0,True
Casinycteris_argynnis,LC,LC,3721,3690,0.117487213405614,0.117487213405614,0,0,False
Artibeus_hirsutus,LC,LC,3722,3691,0.117428196557795,0.117428196557795,0,0,False
Abrothrix_jelskii,LC,LC,3723,3692,0.117414346682671,0.117414311834736,0,0,False
Sylvilagus_transitionalis,VU,VU,3842,3693,0.110059717248321,0.117250694957093,0,0,False
Raphicerus_campestris,LC,LC,3725,3694,0.117180032885165,0.117180032885165,0,0,False
Caryomys_eva,LC,LC,3726,3695,0.117155305949089,0.117155305942812,0,0,False
Galea_flavidens,LC,LC,3727,3696,0.117143690389565,0.117143690389565,0,0,False
Ochotona_mantchurica,LC,LC,3728,3697,0.117127938219132,0.117127938219132,0,0,False
Glaucomys_sabrinus,LC,LC,3729,3698,0.117112549088286,0.117112549088286,0,0,False
Eudiscopus_denticulus,LC,LC,3730,3699,0.117031442505583,0.117031442505583,0,0,False
Necromys_obscurus,LC,LC,3731,3700,0.116957618830759,0.116957618830759,0,0,False
Ochotona_hyperborea,LC,LC,3734,3701,0.11690089822181,0.11690089822181,0,0,False
Leopoldamys_milleti,LC,LC,3735,3702,0.116803248847152,0.116803248847152,0,0,False
Triaenops_rufus,LC,LC,3736,3703,0.116748846195251,0.116748845337868,0,0,False
Pseudochirulus_forbesi,LC,LC,3737,3704,0.116729495658878,0.116729495658878,0,0,False
Microperoryctes_papuensis,LC,LC,3738,3705,0.116632522685805,0.116632522685805,0,0,False
Praomys_rostratus,LC,LC,3739,3706,0.11658181718368,0.11658181718368,0,0,False
Martes_foina,LC,LC,3740,3707,0.116430297724215,0.116430297724215,0,0,False
Abrocoma_shistacea,LC,LC,4043,3708,0.0977907153223966,0.116413177734978,0,0,False
Lemniscomys_rosalia,LC,LC,3741,3709,0.116379688733371,0.116379688733371,0,0,False
Steatomys_cuppedius,LC,LC,3742,3710,0.116328805295003,0.116328805295003,0,0,False
Glaucomys_volans,LC,LC,3743,3711,0.11630873326914,0.11630873326914,0,0,False
Lepus_castroviejoi,VU,VU,3744,3712,0.116286409684805,0.116286409684805,0,0,False
Sminthopsis_aitkeni,LC,LC,2857,3713,0.18026519620245,0.116254416178033,0,0,False
Delomys_sublineatus,LC,LC,3745,3714,0.116231118089558,0.116231118089558,0,0,False
Lepus_corsicanus,VU,VU,3747,3715,0.116204980043278,0.116204980043278,0,0,False
Murina_pluvialis,DD,DD,3748,3716,0.116184114206485,0.116184114206485,0,0,False
Saccolaimus_peli,LC,LC,3750,3717,0.115862779699294,0.115862779699294,0,0,False
Coendou_melanurus,LC,LC,3751,3718,0.115802571961152,0.115802571961152,0,0,False
Lophuromys_rahmi,NT,NT,3752,3719,0.115762022348051,0.115762022348051,0,0,False
Microtus_majori,LC,LC,3756,3720,0.115624523092512,0.115755606553173,0,0,False
Cercopithecus_cephus,LC,LC,3754,3721,0.11569744160755,0.11569744160755,0,0,False
Pipistrellus_paterculus,LC,LC,3761,3722,0.115362255955156,0.115694401480209,0,0,False
Murina_tubinaris,DD,DD,3755,3723,0.115664964388987,0.115664964388987,0,0,False
Abrothrix_illuteus,LC,LC,3757,3724,0.115580386429357,0.115580357913682,0,0,False
Peromyscus_gratus,LC,LC,3766,3725,0.1149270931659,0.115529713453649,0,0,False
Lemmiscus_curtatus,LC,LC,3758,3726,0.115520292534321,0.115520292534321,0,0,False
Pipistrellus_savii,DD,LC,1427,3727,0.418412974749217,0.115472823016708,0,0,True
Meles_meles,LC,LC,3759,3728,0.115468074637929,0.115468074637929,0,0,False
Dactylomys_dactylinus,LC,LC,3760,3729,0.115401260001884,0.115401260001884,0,0,False
Cricetulus_barabensis,LC,LC,3679,3730,0.119772929907475,0.11520997671872,0,0,False
Nasua_narica,LC,LC,3778,3731,0.114058991384211,0.115181374242886,0,0,False
Canis_mesomelas,LC,LC,3762,3732,0.115162451139684,0.115161412817771,0,0,False
Philantomba_maxwellii,LC,LC,3763,3733,0.115139493260479,0.115139493260479,0,0,False
Lemniscomys_zebra,LC,LC,3764,3734,0.115121988998862,0.115121988998862,0,0,False
Sturnira_tildae,LC,LC,3765,3735,0.115037690110869,0.115037690110869,0,0,False
Myotis_macrodactylus,LC,LC,3771,3736,0.114565106984936,0.114826546999291,0,0,False
Myzopoda_schliemanni,LC,LC,3767,3737,0.114794884904841,0.114794884904841,0,0,False
Dactylomys_boliviensis,LC,LC,3768,3738,0.114758815351808,0.114758815351808,0,0,False
Glauconycteris_variegata,LC,LC,3770,3739,0.114695642544243,0.114695642544243,0,0,False
Thrichomys_inermis,LC,LC,3769,3740,0.114715698926538,0.114616451693518,0,0,False
Thylamys_elegans,LC,LC,3772,3741,0.114410160683782,0.114560824918478,0,0,False
Capra_falconeri,NT,NT,3773,3742,0.114400672688908,0.114424197544649,0,0,False
Hipposideros_speoris,LC,LC,3774,3743,0.114382990081619,0.114382990081619,0,0,False
Molossops_temminckii,LC,LC,3775,3744,0.11430762365281,0.114307703004708,0,0,False
Microperoryctes_longicauda,LC,LC,3776,3745,0.114262918603957,0.114262918603957,0,0,False
Ctenomys_fulvus,DD,DD,3792,3746,0.113100046667421,0.114230041813797,0,0,False
Oecomys_auyantepui,LC,LC,3777,3747,0.114216464211877,0.114216464211877,0,0,False
Peromyscus_carletoni,NE,DD,3783,3748,0.113876925190358,0.114209026185596,0,0,True
Redunca_arundinum,LC,LC,3779,3749,0.114048235304654,0.114048235304654,0,0,False
Xerospermophilus_spilosoma,LC,LC,3780,3750,0.114038372403865,0.114038372403865,0,0,False
Pseudomys_occidentalis,NT,NT,3749,3751,0.115949543113706,0.114025756330055,0,0,False
Myospalax_aspalax,LC,LC,3781,3752,0.114019556366423,0.114019556366423,0,0,False
Crocidura_grandiceps,LC,LC,3782,3753,0.114009690502361,0.114009690502361,0,0,False
Laephotis_angolensis,DD,DD,3562,3754,0.128029549531691,0.113897463792623,0,0,False
Proechimys_guyannensis,LC,LC,3784,3755,0.113840506732043,0.113840506732043,0,0,False
Chiromyscus_chiropus,LC,LC,3785,3756,0.113620585680265,0.113620585680265,0,0,False
Nelsonia_neotomodon,LC,LC,3787,3757,0.113471643917359,0.113471643917359,0,0,False
Myonycteris_relicta,LC,LC,3790,3758,0.113276893925584,0.113276893925584,0,0,False
Proechimys_quadruplicatus,LC,LC,3791,3759,0.113186628214368,0.113186628214368,0,0,False
Pteropus_lylei,VU,VU,3789,3760,0.113320618123945,0.113151638484553,0,0,False
Callospermophilus_lateralis,LC,LC,3793,3761,0.113087445048655,0.113087445048655,0,0,False
Nycteris_woodi,LC,LC,3916,3762,0.105183754170558,0.113036348349194,0,0,False
Cacajao_calvus,LC,LC,3795,3763,0.112979665819592,0.112979665819592,0,0,False
Myzopoda_aurita,LC,LC,3796,3764,0.112940044208579,0.112940044208579,0,0,False
Steatomys_bocagei,LC,LC,3797,3765,0.112925346029098,0.112925346029098,0,0,False
Myotis_thysanodes,LC,LC,3799,3766,0.112861690021429,0.112906964830222,0,0,False
Sorex_arcticus,LC,LC,3794,3767,0.113076411295506,0.112768714613202,0,0,False
Peromyscus_simulus,VU,VU,3801,3768,0.112480551608444,0.112758603521622,0,0,False
Redunca_redunca,LC,LC,3802,3769,0.11245262424471,0.11245262424471,0,0,False
Nyctimene_aello,LC,LC,3724,3770,0.117226385973792,0.112245392286169,0,0,False
Mastomys_awashensis,LC,LC,3804,3771,0.112245188038522,0.112245188038522,0,0,False
Epomophorus_anselli,DD,DD,3805,3772,0.112240245917219,0.112240245917219,0,0,False
Monodelphis_ronaldi,LC,LC,3788,3773,0.113442527836752,0.112213330659009,0,0,False
Leopoldamys_edwardsi,LC,LC,3807,3774,0.112176929475806,0.112176929475806,0,0,False
Proechimys_roberti,LC,LC,3809,3775,0.112106436012113,0.112106436012113,0,0,False
Cercopithecus_mitis,LC,LC,3810,3776,0.112064677632505,0.112064677632505,0,0,False
Meriones_libycus,LC,LC,3811,3777,0.112038635761193,0.112038635750171,0,0,False
Oecomys_superans,LC,LC,3812,3778,0.112032906914833,0.112032906914833,0,0,False
Oligoryzomys_chacoensis,LC,LC,3813,3779,0.112013159740708,0.112013159740708,0,0,False
Thylamys_pallidior,LC,LC,3815,3780,0.11198708630616,0.112000148099602,0,0,False
Lonchophylla_handleyi,LC,LC,3814,3781,0.11200003805973,0.11200003805973,0,0,False
Miniopterus_petersoni,DD,DD,3803,3782,0.112325314048471,0.111991279689885,0,0,False
Neacomys_minutus,LC,LC,3816,3783,0.111938095721138,0.111938095721138,0,0,False
Mesoplodon_peruvianus,LC,LC,3817,3784,0.111929420426501,0.111929420426501,0,0,False
Apomys_minganensis,LC,LC,3818,3785,0.11188669813901,0.11188669813901,0,0,False
Vulpes_chama,LC,LC,3819,3786,0.111886572800523,0.111886572800523,0,0,False
Rhinolophus_borneensis,LC,LC,3806,3787,0.112200910032586,0.111852857894694,0,0,False
Saccolaimus_flaviventris,LC,LC,3820,3788,0.111759311783137,0.111759311783137,0,0,False
Hylaeamys_perenensis,LC,LC,3848,3789,0.109428367847514,0.111643574780265,0,0,False
Erinaceus_roumanicus,LC,LC,3822,3790,0.111635057853225,0.111635057853225,0,0,False
Rattus_exulans,LC,LC,3823,3791,0.111632587681311,0.111632587681311,0,0,False
Pipistrellus_alaschanicus,DD,LC,1497,3792,0.394974668635011,0.111583161058107,0,0,True
Reithrodontomys_microdon,LC,LC,3980,3793,0.101498972718632,0.111564364151133,0,0,False
Crocidura_foetida,LC,LC,3824,3794,0.111496712536023,0.111496712536023,0,0,False
Sorex_maritimensis,LC,LC,3808,3795,0.112110325855997,0.111467590502219,0,0,False
Mesocricetus_raddei,LC,LC,3825,3796,0.111459769433692,0.111459769433686,0,0,False
Homo_denisova,DD,DD,3826,3797,0.111363870084792,0.111363870084792,0,0,False
Otospermophilus_variegatus,LC,LC,3827,3798,0.111339305229532,0.111339305229532,0,0,False
Microtus_oeconomus,LC,LC,3798,3799,0.112870720316485,0.111233288996587,0,0,False
Phalanger_carmelitae,LC,LC,3828,3800,0.111177676657177,0.111177676657177,0,0,False
Pipistrellus_javanicus,LC,LC,3835,3801,0.110625790203672,0.111160102302445,0,0,False
Carpomys_phaeurus,LC,LC,3829,3802,0.11115991940879,0.11115991940879,0,0,False
Microtus_gerbei,LC,LC,3832,3803,0.110650033564179,0.110974948463632,0,0,False
Homo_heidelbergensis,DD,DD,3830,3804,0.110763555309295,0.110763555309295,0,0,False
Viverra_tangalunga,LC,LC,3831,3805,0.110656194722338,0.110656194722338,0,0,False
Crocidura_baileyi,LC,LC,3836,3806,0.110550897345902,0.11055081195272,0,0,False
Rattus_everetti,LC,LC,3837,3807,0.110518030097983,0.110518030097983,0,0,False
Kerivoula_titania,LC,LC,3838,3808,0.110457865245777,0.110457865245777,0,0,False
Felovia_vae,LC,LC,3839,3809,0.110409097110017,0.110409097110017,0,0,False
Tursiops_aduncus,NT,NT,3840,3810,0.110372495242692,0.110372495242692,0,0,False
Sciurus_igniventris,LC,LC,3843,3811,0.109806487077441,0.110321505946869,0,0,False
Antechinus_adustus,LC,LC,3834,3812,0.110635309282245,0.110314109990844,0,0,False
Microtus_kikuchii,LC,LC,3844,3813,0.109798751120071,0.110275068873228,0,0,False
Erinaceus_concolor,LC,LC,3841,3814,0.110261335340023,0.110261335340023,0,0,False
Pteropus_vetulus,NT,NT,3833,3815,0.11064320235839,0.110184123078401,0,0,False
Paranyctimene_raptor,LC,LC,3845,3816,0.109695896849738,0.109695896849738,0,0,False
Paranyctimene_tenax,LC,LC,3846,3817,0.109610534450833,0.109610534450833,0,0,False
Phalanger_orientalis,LC,LC,3847,3818,0.109516706331997,0.109516706331997,0,0,False
Handleyomys_melanotis,DD,LC,1348,3819,0.440560859655547,0.10944771719301,0,0,True
Paratriaenops_furculus,LC,LC,3877,3820,0.107589819372593,0.109409865903612,0,0,False
Spalax_giganteus,LC,LC,3849,3821,0.109398338171128,0.109398338171128,0,0,False
Otomys_uzungwensis,NT,NT,3851,3822,0.109279010233683,0.109279010233683,0,0,False
Rhinolophus_darlingi,LC,LC,3852,3823,0.109274189890205,0.109274189890205,0,0,False
Tamias_durangae,LC,LC,3853,3824,0.10920448829749,0.10920448829749,0,0,False
Scotonycteris_occidentalis,LC,LC,3854,3825,0.109146944931769,0.109146944931769,0,0,False
Asellia_patrizii,LC,LC,3856,3826,0.109041082106,0.109052578995598,0,0,False
Sturnira_erythromos,LC,LC,3857,3827,0.10895660696324,0.10895660696324,0,0,False
Crocidura_niobe,LC,LC,3862,3828,0.108835312795722,0.108942027108812,0,0,False
Nephelomys_keaysi,LC,LC,3858,3829,0.108927056450275,0.108927056450276,0,0,False
Leopoldamys_neilli,LC,LC,3859,3830,0.108923389406404,0.108923389406404,0,0,False
Thomomys_umbrinus,LC,LC,3860,3831,0.108871471867326,0.108871471867326,0,0,False
Geomys_bursarius,LC,LC,3861,3832,0.108836305105499,0.108836300094706,0,0,False
Miniopterus_natalensis,LC,LC,3855,3833,0.109078503933931,0.108774715789905,0,0,False
Grampus_griseus,LC,LC,3863,3834,0.108616419271388,0.108616419271388,0,0,False
Mus_musculoides,LC,LC,3864,3835,0.108600913120793,0.108600913120793,0,0,False
Soricomys_musseri,LC,LC,3865,3836,0.108597043852868,0.108597043852868,0,0,False
Emballonura_alecto,LC,LC,3866,3837,0.108581925980964,0.108581925980883,0,0,False
Marmota_caudata,LC,LC,3867,3838,0.108521698724321,0.108521698724321,0,0,False
Mormopterus_planiceps,LC,LC,3869,3839,0.108323617671283,0.108291770364579,0,0,False
Dermanura_glaucus,DD,LC,1517,3840,0.389004524540677,0.108221278216921,0,0,True
Leontocebus_nigricollis,DD,LC,1512,3841,0.390045190191097,0.108119925123103,0,0,True
Capra_cylindricornis,NT,NT,3872,3842,0.108078441961026,0.108084057911253,0,0,False
Scotophilus_robustus,LC,LC,3871,3843,0.108083949708422,0.108083949708422,0,0,False
Rhinolophus_rouxii,LC,LC,3870,3844,0.108120189530702,0.107957382118508,0,0,False
Miniopterus_maghrebensis,NT,NT,3873,3845,0.107895714487722,0.107895714533421,0,0,False
Niviventer_confucianus,LC,LC,3875,3846,0.107778725047858,0.107778725047858,0,0,False
Crocidura_aleksandrisi,LC,LC,3879,3847,0.107448136886447,0.107448136886447,0,0,False
Suncus_lixus,LC,LC,3880,3848,0.107397034741921,0.107397034741921,0,0,False
Monodelphis_maraxina,LC,LC,3876,3849,0.107743248484351,0.107344943327386,0,0,False
Mus_spretus,LC,LC,3881,3850,0.107287044810702,0.107287044810702,0,0,False
Eulemur_albifrons,VU,VU,3882,3851,0.107255396215944,0.107255396215944,0,0,False
Genetta_genetta,LC,LC,3883,3852,0.107253167876247,0.107253167876247,0,0,False
Jaculus_blanfordi,LC,LC,3884,3853,0.107232919851545,0.107232919851545,0,0,False
Petrogale_brachyotis,LC,LC,3885,3854,0.107225702027175,0.107225702027175,0,0,False
Eligmodontia_morgani,LC,LC,3886,3855,0.107094617037014,0.107094617037014,0,0,False
Saccolaimus_saccolaimus,LC,LC,3887,3856,0.107081041786215,0.107081041786215,0,0,False
Cephalorhynchus_heavisidii,NT,NT,3888,3857,0.107067263921785,0.107067263921785,0,0,False
Thomasomys_vestitus,NT,NT,3889,3858,0.107054620266427,0.107054620266427,0,0,False
Tapecomys_primus,LC,LC,3891,3859,0.107015808140752,0.107015808140752,0,0,False
Thomomys_bottae,LC,LC,3892,3860,0.106935063808366,0.106935063808366,0,0,False
Emballonura_monticola,LC,LC,3893,3861,0.106869860553331,0.106869860549866,0,0,False
Sylvisorex_howelli,LC,LC,3894,3862,0.106806634980817,0.106806634980817,0,0,False
Cryptotis_nigrescens,LC,LC,3874,3863,0.107819776257216,0.106791162483751,0,0,False
Cryptotis_gracilis,LC,LC,3890,3864,0.107026947443256,0.106747467241473,0,0,False
Bathyergus_janetta,LC,LC,3895,3865,0.10673143892679,0.10673143892679,0,0,False
Axis_axis,LC,LC,3897,3866,0.106536815187757,0.106536815187757,0,0,False
Eliurus_danieli,LC,LC,3899,3867,0.106468352147393,0.106468352147393,0,0,False
Vernaya_fulva,LC,LC,3900,3868,0.106447822666071,0.106447822666071,0,0,False
Phyllotis_wolffsohni,LC,LC,3901,3869,0.106442601787416,0.106442601787416,0,0,False
Hypsugo_anchietae,LC,LC,3850,3870,0.109365534282621,0.106438987534637,0,0,False
Antechinus_subtropicus,LC,LC,3898,3871,0.106534845766408,0.106432425236784,0,0,False
Oecomys_mamorae,LC,LC,3902,3872,0.106373622905767,0.106373622905767,0,0,False
Galagoides_cocos,DD,LC,1375,3873,0.432780044141157,0.106327369321981,0,0,True
Sorex_vagrans,LC,LC,3896,3874,0.106585245715721,0.106277131593155,0,0,False
Aethomys_namaquensis,DD,LC,1245,3875,0.481010914903786,0.106243290012157,0,0,True
Urocitellus_armatus,LC,LC,3903,3876,0.106235211603289,0.106235211603289,0,0,False
Epomophorus_grandis,DD,DD,3904,3877,0.106220174280061,0.106220174280061,0,0,False
Bathyergus_suillus,LC,LC,3905,3878,0.106009816209364,0.106009816209364,0,0,False
Sylvisorex_akaibei,LC,LC,3906,3879,0.105987460066361,0.105987460066361,0,0,False
Monodelphis_rubida,LC,LC,3878,3880,0.107516836896026,0.105877493768845,0,0,False
Pteropus_rayneri,NT,NT,3908,3881,0.105884274393277,0.105836265658344,0,0,False
Pteropus_samoensis,NT,NT,3907,3882,0.105977250062144,0.105828223253959,0,0,False
Hypsugo_bemainty,DD,LC,1508,3883,0.39060697710067,0.105618899657172,0,0,True
Cynopterus_titthaecheilus,LC,LC,3909,3884,0.105617073791418,0.105617073791418,0,0,False
Peromyscus_melanophrys,LC,LC,3917,3885,0.105021790300699,0.105546504177799,0,0,False
Platyrrhinus_matapalensis,NT,NT,3914,3886,0.105273408831296,0.105517385961112,0,0,False
Callosciurus_nigrovittatus,LC,LC,3938,3887,0.103739840336255,0.105485293778232,0,0,False
Heliosciurus_ruwenzorii,LC,LC,3910,3888,0.105449399735836,0.105449399735836,0,0,False
Hystrix_brachyura,LC,LC,3911,3889,0.10542402009832,0.10542402009832,0,0,False
Lenothrix_canus,LC,LC,3912,3890,0.105382308385903,0.105382308385903,0,0,False
Oecomys_trinitatis,LC,LC,3913,3891,0.105377206795278,0.105377206795278,0,0,False
Spermophilus_taurensis,LC,LC,3915,3892,0.105245813723145,0.105245813723145,0,0,False
Handleyomys_rostratus,DD,LC,1416,3893,0.420073374980369,0.105229557153818,0,0,True
Dorcopsulus_vanheurni,NT,NT,3918,3894,0.104978996551125,0.104978996551125,0,0,False
Palawanomys_furvus,LC,LC,3919,3895,0.104920262546524,0.104920262546524,0,0,False
Arctocephalus_gazella,LC,EN,5902,3896,0.0101536677180992,0.104893885320189,0,0,True
Artibeus_jamaicensis,LC,LC,3920,3897,0.104876785174281,0.104876785174281,0,0,False
Monodelphis_adusta,LC,LC,3939,3898,0.103715010321694,0.10484496348881,0,0,False
Nephelomys_albigularis,LC,LC,3921,3899,0.104808764549126,0.104808764549126,0,0,False
Monodelphis_peruviana,LC,LC,3948,3900,0.103253263837078,0.104776014959574,0,0,False
Nycteris_nana,LC,LC,3973,3901,0.101844659199731,0.104703432738812,0,0,False
Sorex_ornatus,LC,LC,3923,3902,0.104670143308594,0.104647362766059,0,0,False
Salpingotus_kozlovi,LC,LC,3924,3903,0.104622107127955,0.104622107127955,0,0,False
Paradoxurus_hermaphroditus,LC,LC,3925,3904,0.104607666241144,0.104607666241144,0,0,False
Ichthyomys_pittieri,NT,NT,3926,3905,0.10452693249241,0.104592397625469,0,0,False
Marmota_himalayana,LC,LC,3927,3906,0.10450202863123,0.10450202863123,0,0,False
Peromyscus_perfulvus,LC,LC,3937,3907,0.103891066970919,0.104425990290704,0,0,False
Calomyscus_baluchi,LC,LC,3928,3908,0.104309955697023,0.104309955697023,0,0,False
Microtus_limnophilus,LC,LC,3929,3909,0.104227880035017,0.104227880035017,0,0,False
Nycteris_aurita,LC,LC,4026,3910,0.0992983750858213,0.104111784149132,0,0,False
Calomyscus_bailwardi,LC,LC,3931,3911,0.104099092902975,0.104099092902975,0,0,False
Otomys_irroratus,LC,LC,3932,3912,0.104044523447931,0.104044523447931,0,0,False
Tursiops_australis,NT,NT,3933,3913,0.104032787182222,0.104032787182222,0,0,False
Dorcopsis_muelleri,LC,LC,3935,3914,0.103935485581658,0.103935485581658,0,0,False
Crocidura_cinderella,LC,LC,3936,3915,0.103919494098128,0.103919494629026,0,0,False
Mazama_gouazoubira,LC,LC,3922,3916,0.104717396286984,0.103889297148916,0,0,False
Mops_petersoni,NT,NT,3930,3917,0.104117489869264,0.10388380733013,0,0,False
Sorex_daphaenodon,LC,LC,3934,3918,0.104009123766235,0.103776235173128,0,0,False
Callosciurus_finlaysonii,LC,LC,3968,3919,0.101999386287566,0.103674986841713,0,0,False
Kerivoula_kachinensis,LC,LC,3941,3920,0.103625419962147,0.103625419962147,0,0,False
Rhinolophus_clivosus,LC,LC,3940,3921,0.103637646512839,0.103586216059784,0,0,False
Callosciurus_erythraeus,LC,LC,3975,3922,0.101688642710266,0.103535410500965,0,0,False
Liomys_adspersus,LC,LC,3942,3923,0.103508929831264,0.103508929831264,0,0,False
Spalax_uralensis,LC,LC,3943,3924,0.103473356377531,0.103473356377531,0,0,False
Urocitellus_beldingi,LC,LC,3944,3925,0.103460750995002,0.103460750995002,0,0,False
Scotophilus_nigrita,LC,LC,3945,3926,0.103413381689884,0.103413381689884,0,0,False
Arvicanthis_blicki,NT,NT,3946,3927,0.103409193094243,0.103409193094243,0,0,False
Steatomys_opimus,LC,LC,3947,3928,0.103353153695323,0.103353153695323,0,0,False
Geoxus_valdivianus,LC,LC,3950,3929,0.103239678199845,0.103239678199845,0,0,False
Lepus_mandshuricus,LC,LC,3952,3930,0.103208137983334,0.103208137983334,0,0,False
Damaliscus_lunatus,LC,LC,3954,3931,0.103134835680662,0.103134835680662,0,0,False
Heteromys_desmarestianus,LC,LC,3955,3932,0.103111285095202,0.103111285095202,0,0,False
Damaliscus_pygargus,LC,LC,3956,3933,0.103090776450355,0.103090776450355,0,0,False
Microtus_schelkovnikovi,LC,LC,3953,3934,0.103198665731823,0.102938212983594,0,0,False
Crocidura_indochinensis,LC,LC,3957,3935,0.102825522064753,0.102825521973275,0,0,False
Mustela_nivalis,LC,LC,3960,3936,0.102731752344008,0.102731752344008,0,0,False
Ictidomys_mexicanus,LC,LC,3961,3937,0.102647391491873,0.102647391491873,0,0,False
Rhinolophus_ferrumequinum,LC,LC,3958,3938,0.102807881070836,0.102643511078294,0,0,False
Liomys_salvini,LC,LC,3963,3939,0.102447074877849,0.102447074877849,0,0,False
Akodon_iniscatus,LC,LC,3949,3940,0.10324287065772,0.102409841742076,0,0,False
Neoromicia_somalica,LC,LC,3964,3941,0.102327011778089,0.102326612500962,0,0,False
Arborimus_pomo,NT,NT,3965,3942,0.102317864350242,0.102317864350243,0,0,False
Alces_americanus,DD,DD,3966,3943,0.102264060310031,0.102264060310031,0,0,False
Akodon_albiventer,LC,LC,3967,3944,0.102187776117235,0.102135957046122,0,0,False
Neoromicia_guineensis,LC,LC,3969,3945,0.101932553426422,0.101931988832988,0,0,False
Lenomys_meyeri,LC,LC,3972,3946,0.101847679330474,0.101847679330474,0,0,False
Maxomys_hellwaldii,LC,LC,3974,3947,0.101793232871012,0.101793232870412,0,0,False
Antechinus_mysticus,NE,LC,1484,3948,0.397611874090601,0.101731230004185,0,0,True
Myotis_volans,LC,LC,3983,3949,0.101471257994335,0.101671758400139,0,0,False
Stenoderma_rufum,NT,NT,3976,3950,0.101663454423202,0.101663454423202,0,0,False
Salpingotus_crassicauda,LC,LC,3977,3951,0.101603483905288,0.101603483905288,0,0,False
Sicista_concolor,LC,LC,3978,3952,0.101554631654061,0.101554631654061,0,0,False
Taphozous_melanopogon,LC,LC,3979,3953,0.101514603964939,0.101514603964939,0,0,False
Thomasomys_praetor,NT,NT,3981,3954,0.101496665125826,0.101496665125826,0,0,False
Microtus_daghestanicus,LC,LC,3962,3955,0.102484485129964,0.101491650344541,0,0,False
Arvicanthis_ansorgei,LC,LC,3982,3956,0.101490893891117,0.101490893891117,0,0,False
Eothenomys_chinensis,LC,LC,3984,3957,0.101438255968298,0.101438255740939,0,0,False
Euryoryzomys_russatus,LC,LC,3985,3958,0.101436247685744,0.101436247685744,0,0,False
Apodemus_sylvaticus,LC,LC,3986,3959,0.101422303568852,0.101422303568852,0,0,False
Tamias_amoenus,LC,LC,3987,3960,0.101339473317379,0.101339473317379,0,0,False
Microtus_fortis,LC,LC,3991,3961,0.10114888466867,0.101315836180361,0,0,False
Xenuromys_barbatus,LC,LC,3996,3962,0.100764977146443,0.101306317914934,0,0,False
Crocidura_parvipes,LC,LC,3988,3963,0.101178540504104,0.101178540504104,0,0,False
Mico_nigriceps,NT,NT,3989,3964,0.101169430160512,0.101169430160512,0,0,False
Funambulus_tristriatus,LC,LC,3990,3965,0.101159637227684,0.101159637227684,0,0,False
Hydromys_hussoni,DD,DD,3992,3966,0.101101294871279,0.101101294871279,0,0,False
Arborimus_longicaudus,NT,NT,3993,3967,0.101098183616198,0.101098183616204,0,0,False
Microtus_subterraneus,LC,LC,3994,3968,0.100977969204913,0.100993207581366,0,0,False
Rattus_vandeuseni,NT,NT,3995,3969,0.10078555899484,0.10078555899484,0,0,False
Cynopterus_horsfieldii,LC,LC,3997,3970,0.100692968395341,0.100692968395341,0,0,False
Neotoma_goldmani,LC,LC,3998,3971,0.100687825558939,0.100687825558939,0,0,False
Nephelomys_levipes,LC,LC,3999,3972,0.100669141376265,0.100669141376265,0,0,False
Microtus_ilaeus,LC,LC,4000,3973,0.10056192398413,0.10064164363911,0,0,False
Protochromys_fellowsi,LC,LC,4003,3974,0.100439754579639,0.100439754579639,0,0,False
Rhogeessa_io,LC,LC,4006,3975,0.100290916261642,0.100290916261642,0,0,False
Nycteris_arge,LC,LC,4075,3976,0.0964040997690272,0.100255402628648,0,0,False
Peromyscus_grandis,NT,NT,4010,3977,0.100089682988872,0.100250224856281,0,0,False
Niviventer_cremoriventer,LC,LC,4007,3978,0.100230365097549,0.100230365097549,0,0,False
Speothos_venaticus,NT,NT,4008,3979,0.100198594504874,0.100198194778918,0,0,False
Pseudochirulus_mayeri,LC,LC,4009,3980,0.100143139877741,0.100143139877741,0,0,False
Rhogeessa_aeneus,LC,LC,4011,3981,0.100028775560005,0.100028775560253,0,0,False
Eliurus_carletoni,LC,LC,4012,3982,0.0999798499222667,0.0999798499222667,0,0,False
Nycteris_intermedia,LC,LC,4113,3983,0.0940896481344504,0.0999147707711519,0,0,False
Crocidura_lamottei,LC,LC,4020,3984,0.0995450359051153,0.0998854490257572,0,0,False
Micronycteris_schmidtorum,LC,LC,4013,3985,0.099880539208891,0.099880539208891,0,0,False
Sciurus_griseus,LC,LC,4018,3986,0.0995837623552508,0.0998803299551163,0,0,False
Arvicanthis_nairobae,LC,LC,4014,3987,0.0998683992492308,0.0998683992492308,0,0,False
Hylomyscus_anselli,LC,LC,4015,3988,0.0998400938231967,0.0998400938231967,0,0,False
Sphaeronycteris_toxophyllum,LC,LC,4016,3989,0.0997867965467285,0.0997867965467285,0,0,False
Sturnira_paulsoni,NT,NT,4017,3990,0.0996378440374417,0.0996378440374417,0,0,False
Hipposideros_diadema,LC,LC,4019,3991,0.0995559805622924,0.0995559805622924,0,0,False
Eptesicus_bottae,LC,LC,3959,3992,0.102739331465895,0.0995279310003478,0,0,False
Sciurus_aberti,LC,LC,4021,3993,0.0994765433416141,0.0994765433416141,0,0,False
Nycticeius_humeralis,LC,LC,4022,3994,0.0994471493717309,0.0994471493717309,0,0,False
Pseudochirulus_caroli,LC,LC,4023,3995,0.0994432259808669,0.0994432259808669,0,0,False
Thallomys_loringi,LC,LC,4024,3996,0.0994347763184264,0.0994348592946653,0,0,False
Nyctimene_robinsoni,LC,LC,4002,3997,0.10044798733527,0.0993962263551457,0,0,False
Ictidomys_parvidens,NE,DD,4025,3998,0.0993649845141549,0.0993649845141549,0,0,True
Nycteris_gambiensis,LC,LC,4126,3999,0.0932531090088787,0.0992053405711348,0,0,False
Tursiops_truncatus,LC,LC,4027,4000,0.099148546762094,0.099148546762094,0,0,False
Ctenomys_sericeus,DD,DD,4029,4001,0.0989632805131125,0.0991475116779455,0,0,False
Madromys_blanfordi,LC,LC,4030,4002,0.0988940273921292,0.0988940273921292,0,0,False
Sorex_bedfordiae,LC,LC,4028,4003,0.0990123793166383,0.0988265312587893,0,0,False
Callosciurus_prevostii,LC,LC,4057,4004,0.0972613172793868,0.0988178130454957,0,0,False
Micronycteris_minuta,LC,LC,4033,4005,0.0986923987851719,0.0986923987851719,0,0,False
Aethomys_kaiseri,LC,LC,3868,4006,0.108338928664644,0.0985828157394178,0,0,False
Taphozous_georgianus,LC,LC,4035,4007,0.0985113127748469,0.0985113127748469,0,0,False
Dermanura_anderseni,LC,LC,4036,4008,0.0984114211274934,0.0984109931411041,0,0,False
Hydromys_ziegleri,DD,DD,4038,4009,0.0982897667111872,0.0982897667111872,0,0,False
Lepus_granatensis,LC,LC,4039,4010,0.0981094679156976,0.0981094679156976,0,0,False
Sigmodon_hispidus,LC,LC,4034,4011,0.0985400521921794,0.0979754038275056,0,0,False
Myonycteris_torquata,LC,LC,4040,4012,0.0979136359792095,0.0979136359792095,0,0,False
Proechimys_longicaudatus,LC,LC,4041,4013,0.097906746777724,0.097906746777724,0,0,False
Rhinolophus_arcuatus,DD,DD,4042,4014,0.0978250816333146,0.0978250816333146,0,0,False
Sigmodon_toltecus,LC,LC,4032,4015,0.0988266750425229,0.0977127975940578,0,0,False
Niviventer_coninga,LC,LC,4045,4016,0.0976277142991824,0.0976277142991824,0,0,False
Paruromys_dominator,LC,LC,4046,4017,0.0976013843309356,0.0976013843309356,0,0,False
Oligoryzomys_fulvescens,LC,LC,4049,4018,0.0975564423337821,0.0975564423337821,0,0,False
Dermanura_rava,LC,LC,4050,4019,0.0975500187681534,0.0975475505723228,0,0,False
Phenacomys_ungava,LC,LC,4051,4020,0.0975284073814006,0.0975284073814062,0,0,False
Hydromys_neobritannicus,DD,DD,4052,4021,0.0974714447392496,0.0974714447392496,0,0,False
Peromyscus_attwateri,LC,LC,4044,4022,0.0976345195256029,0.0974162227583259,0,0,False
Sciurus_gilvigularis,LC,DD,5741,4023,0.023940991394107,0.0973425605482791,0,0,True
Lepus_europaeus,LC,LC,4053,4024,0.0973234896704104,0.0973234896704104,0,0,False
Myotis_austroriparius,LC,LC,4061,4025,0.0970732594971186,0.097307363701764,0,0,False
Centurio_senex,LC,LC,4054,4026,0.0973043998425459,0.0973043998425459,0,0,False
Muntiacus_atherodes,NT,NT,4055,4027,0.0972802512950438,0.0972802512950438,0,0,False
Phenacomys_intermedius,LC,LC,4056,4028,0.0972660647727679,0.097266064772771,0,0,False
Onychogalea_unguifera,LC,LC,4058,4029,0.0972465754287172,0.0972465754287172,0,0,False
Lepus_insularis,LC,VU,5779,4030,0.0206107442489372,0.0972449641868197,0,0,True
Blarinella_griselda,LC,LC,4059,4031,0.0971735508102672,0.0971735508102672,0,0,False
Mylomys_dybowskii,LC,LC,4060,4032,0.0970740468371197,0.0970740468371197,0,0,False
Sigmodon_mascotensis,LC,LC,4047,4033,0.0975854624510208,0.0970587796005476,0,0,False
Chaetophractus_nationi,DD,LC,1577,4034,0.370828696122114,0.097015536254388,0,0,True
Taphozous_kapalgensis,LC,LC,4064,4035,0.0969016852375584,0.0969016852375584,0,0,False
Peromyscus_spicilegus,LC,LC,4067,4036,0.0967250885048506,0.0968741798476007,0,0,False
Phocoena_phocoena,LC,LC,4065,4037,0.0968107692557705,0.0968107692557705,0,0,False
Maxomys_dollmani,LC,LC,4066,4038,0.0967660000246594,0.0967660000086563,0,0,False
Sorex_leucogaster,DD,DD,4068,4039,0.096678153987954,0.0966781539879539,0,0,False
Calomys_musculinus,LC,LC,4069,4040,0.0966744610198229,0.0966744610198229,0,0,False
Mastomys_coucha,LC,LC,4070,4041,0.0966271042232055,0.0966271042232055,0,0,False
Steno_bredanensis,LC,LC,4071,4042,0.0965364073716441,0.0965364073716441,0,0,False
Oligoryzomys_vegetus,LC,LC,4072,4043,0.0965282522735741,0.0965282522735741,0,0,False
Tateomys_macrocercus,NT,NT,4073,4044,0.0965083084242722,0.0965083084242722,0,0,False
Aotus_trivirgatus,LC,LC,4096,4045,0.0950698159881148,0.0963107451383354,0,0,False
Scapanus_orarius,LC,LC,4077,4046,0.0961691111049202,0.0961691111049202,0,0,False
Mustela_frenata,LC,LC,4078,4047,0.0961460835707014,0.0961460835707014,0,0,False
Neotoma_micropus,LC,LC,4080,4048,0.0960715821396618,0.0960715821396618,0,0,False
Acomys_johannis,LC,LC,4048,4049,0.0975745571304945,0.0960280516078655,0,0,False
Rattus_elaphinus,NT,NT,4081,4050,0.0959801339213704,0.0959801339213704,0,0,False
Cratogeomys_planiceps,LC,LC,4082,4051,0.0959484005823155,0.0959484005823155,0,0,False
Leopardus_colocolo,NT,NT,4083,4052,0.0959417753651772,0.0959417753651772,0,0,False
Phocoenoides_dalli,LC,LC,4084,4053,0.0959396239488968,0.0959396239488968,0,0,False
Pseudalopex_vetulus,DD,NT,3636,4054,0.12220442711219,0.0958918296006846,0,0,True
Myodes_gapperi,LC,LC,4074,4055,0.0964393947005761,0.0958875397556742,0,0,False
Tupaia_tana,LC,LC,4085,4056,0.0958222675425292,0.0958222675425292,0,0,False
Hybomys_univittatus,LC,LC,4167,4057,0.0895782859224997,0.0957907368745183,0,0,False
Triaenops_afer,LC,LC,4086,4058,0.0957585200147306,0.0957585212957533,0,0,False
Sigmodon_arizonae,LC,LC,4063,4059,0.096923024290248,0.0957376280510939,0,0,False
Phyllotis_limatus,LC,LC,4087,4060,0.0957088946158429,0.0957088946158429,0,0,False
Myosorex_meesteri,LC,LC,4088,4061,0.0956927422341833,0.0956927422341833,0,0,False
Scapanus_townsendii,LC,LC,4089,4062,0.0956543372467311,0.0956543372467311,0,0,False
Phalanger_rothschildi,LC,LC,4090,4063,0.0956291825106302,0.0956291825106302,0,0,False
Callospermophilus_saturatus,LC,LC,4091,4064,0.095446408936494,0.095446408936494,0,0,False
Oecomys_bicolor,LC,LC,4092,4065,0.0954031708651685,0.0954031708651685,0,0,False
Tupaia_splendidula,LC,LC,4094,4066,0.0952714445526402,0.0952714445526402,0,0,False
Ctenomys_fodax,DD,DD,4107,4067,0.0942645887968428,0.0950744747051608,0,0,False
Geomys_texensis,LC,LC,4097,4068,0.0950561494370235,0.0950561482161328,0,0,False
Nyctimene_cephalotes,LC,LC,4076,4069,0.0962571631781282,0.0950271606149901,0,0,False
Myodes_centralis,LC,LC,4079,4070,0.0960746468754447,0.0949015198698576,0,0,False
Eptesicus_pachyomus,DD,LC,1756,4071,0.323258652047483,0.0948834091068656,0,0,True
Reithrodontomys_megalotis,LC,LC,4095,4072,0.0952099757406221,0.0948652830113216,0,0,False
Calomys_sorellus,LC,LC,4099,4073,0.0948401966255111,0.0948401966255111,0,0,False
Saimiri_ustus,NT,NT,4100,4074,0.0947698846657912,0.0947698846657912,0,0,False
Nyctinomops_aurispinosus,LC,LC,4101,4075,0.0947357187749222,0.0947357187749222,0,0,False
Akodon_cursor,LC,LC,4098,4076,0.0948450174594402,0.0946631901096357,0,0,False
Nyctalus_azoreum,VU,VU,4102,4077,0.0946312950404081,0.0946312950404081,0,0,False
Jaculus_jaculus,LC,LC,4103,4078,0.094612981076241,0.094612981076241,0,0,False
Cerradomys_scotti,LC,LC,4104,4079,0.0945235885024612,0.0945235885024612,0,0,False
Semnopithecus_priam,NT,NT,4105,4080,0.0943520401772551,0.0943520401772551,0,0,False
Euroscaptor_longirostris,LC,LC,4108,4081,0.0942125202005297,0.0942125188061242,0,0,False
Apodemus_draco,LC,LC,4109,4082,0.0942018795669793,0.0942018795669793,0,0,False
Oecomys_roberti,LC,LC,4110,4083,0.0941808034377925,0.0941808034377925,0,0,False
Phalanger_intercastellanus,LC,LC,4111,4084,0.0941575911713073,0.0941575911713073,0,0,False
Jaculus_orientalis,LC,LC,4112,4085,0.0941151718516992,0.0941151718516992,0,0,False
Phalanger_mimicus,LC,LC,4114,4086,0.0940633993205397,0.0940633993205397,0,0,False
Cratogeomys_fumosus,LC,LC,4115,4087,0.0940478517153401,0.0940478517153401,0,0,False
Sus_ahoenobarbus,NT,NT,4309,4088,0.0816165710178689,0.0939789709994979,0,0,False
Sorex_excelsus,LC,LC,4106,4089,0.0942693100051695,0.0939184970668632,0,0,False
Crocidura_montis,LC,LC,4118,4090,0.0938959470345659,0.0938959470345625,0,0,False
Rhizomys_sumatrensis,LC,LC,4119,4091,0.0938405723246076,0.0938405723246076,0,0,False
Sorex_minutus,LC,LC,4117,4092,0.0939280936613125,0.0937394809382447,0,0,False
Protoxerus_stangeri,LC,LC,4120,4093,0.0937206908196699,0.0937206908196699,0,0,False
Leopardus_tigrinus,VU,VU,4121,4094,0.0936980704322284,0.0936980704322284,0,0,False
Marmota_camtschatica,LC,LC,4122,4095,0.0935204151134281,0.0935204151134281,0,0,False
Myotis_mystacinus,LC,LC,4137,4096,0.0922601357305208,0.0935154834121684,0,0,False
Euroscaptor_klossi,LC,LC,4123,4097,0.0934519355860615,0.0934518367353326,0,0,False
Philander_andersoni,LC,LC,4093,4098,0.095395784306274,0.0934371386342025,0,0,False
Dendromus_kivu,NE,LC,1648,4099,0.351623363882987,0.0933175232973741,0,0,True
Neotoma_bryanti,LC,LC,4125,4100,0.0933160437891721,0.0933160437891721,0,0,False
Glossophaga_longirostris,LC,LC,4127,4101,0.0931471388452056,0.0931471388452056,0,0,False
Notiosorex_evotis,LC,LC,4130,4102,0.0929293395727316,0.0929293395727316,0,0,False
Lagidium_viscacia,LC,LC,3951,4103,0.103213695724171,0.0929275719967827,0,0,False
Rousettus_aegyptiacus,LC,LC,4131,4104,0.0928847775538327,0.0928847775538327,0,0,False
Sorex_volnuchini,LC,LC,4128,4105,0.0929958034431986,0.0928336666826368,0,0,False
Glossophaga_leachii,LC,LC,4132,4106,0.0928030226720828,0.0928030226720828,0,0,False
Tamias_canipes,LC,LC,4133,4107,0.0927802633487465,0.0927802633487465,0,0,False
Nyctimene_albiventer,LC,LC,4124,4108,0.0933846510649701,0.0927758180901952,0,0,False
Fukomys_whytei,NE,LC,1784,4109,0.315701833011861,0.0927381833749201,0,0,True
Crocidura_palawanensis,LC,LC,4134,4110,0.0926270867560488,0.0926270867560488,0,0,False
Platyrrhinus_guianensis,NE,DD,4129,4111,0.0929644613573131,0.0925931844389976,0,0,True
Histriophoca_fasciata,LC,LC,4136,4112,0.0923364409566662,0.0923364409566662,0,0,False
Ctenomys_steinbachi,LC,LC,4175,4113,0.0892468013191623,0.0921577631899522,0,0,False
Mico_humeralifer,NT,NT,4138,4114,0.0921207483178595,0.0921207483178595,0,0,False
Apodemus_semotus,LC,LC,4139,4115,0.0920396635225172,0.0920396635225172,0,0,False
Rattus_feliceus,NT,NT,4140,4116,0.0919198629299832,0.0919198629299832,0,0,False
Myotis_pequinius,LC,LC,4144,4117,0.091675199168213,0.0918679065278788,0,0,False
Taphozous_hilli,LC,LC,4142,4118,0.0917685042622923,0.0917685042622923,0,0,False
Mogera_imaizumii,LC,LC,4143,4119,0.0917500405786634,0.0917500405786634,0,0,False
Eothenomys_olitor,LC,LC,4145,4120,0.0915906743463198,0.0915904896275563,0,0,False
Crocidura_flavescens,LC,LC,4146,4121,0.0913646528191675,0.0913646528191675,0,0,False
Eropeplus_canus,LC,LC,4149,4122,0.0908854148145693,0.0911526708274896,0,0,False
Phalanger_ornatus,LC,LC,4147,4123,0.0910936699471753,0.0910936699471753,0,0,False
Crocidura_lea,LC,LC,4148,4124,0.0908878370101882,0.0908878370101882,0,0,False
Crocidura_monax,DD,DD,4150,4125,0.0908474525955336,0.0908474525955308,0,0,False
Sylvilagus_obscurus,NT,NT,4298,4126,0.08222640233267,0.0908188986479453,0,0,False
Oryzomys_palustris,LC,LC,4151,4127,0.0907995362854923,0.0907995362854923,0,0,False
Oryzomys_couesi,LC,LC,4152,4128,0.0906807301687244,0.0906807301687244,0,0,False
Taphozous_theobaldi,LC,LC,4154,4129,0.090643299554056,0.090643299554056,0,0,False
Myotis_nigricans,LC,LC,4156,4130,0.0900994702973292,0.0905074043853954,0,0,False
Sturnira_hondurensis,LC,LC,4155,4131,0.0903876844705036,0.0903876844705036,0,0,False
Petaurista_philippensis,LC,LC,4153,4132,0.0906733455679498,0.0902346580093247,0,0,False
Petaurista_albiventer,NE,LC,1755,4133,0.323380954468245,0.0901289705148997,0,0,True
Otomys_anchietae,LC,LC,4157,4134,0.0900264157940807,0.0900264157940807,0,0,False
Bullimus_luzonicus,LC,LC,4158,4135,0.0899786773096963,0.0899786773096963,0,0,False
Cheiromeles_torquatus,LC,LC,4160,4136,0.0897929841185578,0.0897929841185578,0,0,False
Lariscus_insignis,LC,LC,4162,4137,0.0897592707324668,0.0897592707324668,0,0,False
Bunomys_torajae,NT,NT,4164,4138,0.0896975793205326,0.0896975793205326,0,0,False
Tylomys_nudicaudus,LC,LC,4165,4139,0.0896822628959223,0.0896822628959223,0,0,False
Microtus_irani,VU,VU,4173,4140,0.0892748821444682,0.0896760560402759,0,0,False
Proechimys_brevicauda,LC,LC,4166,4141,0.0895964962574874,0.0895964962574874,0,0,False
Thomasomys_aureus,LC,LC,4168,4142,0.0895391073523629,0.0895391073523629,0,0,False
Otomys_denti,LC,LC,4169,4143,0.0895084576608961,0.0895084576608961,0,0,False
Cheiromeles_parvidens,LC,LC,4170,4144,0.0894877452084758,0.0894877452084758,0,0,False
Rhinolophus_capensis,LC,LC,4172,4145,0.0892749223498257,0.0892749223498257,0,0,False
Phocoena_dioptrica,LC,LC,4174,4146,0.0892689865444995,0.0892689865444995,0,0,False
Reithrodontomys_darienensis,LC,LC,4183,4147,0.0887963836975534,0.0890997681562314,0,0,False
Meriones_shawi,LC,LC,4177,4148,0.0890490780237584,0.089049004627103,0,0,False
Phyllomys_nigrispinus,LC,LC,4178,4149,0.0890459294573024,0.0890459294573024,0,0,False
Mus_bufo,LC,LC,4179,4150,0.0890347200778834,0.0890347200778834,0,0,False
Macropus_antilopinus,LC,LC,4181,4151,0.0889321389040589,0.0889321389040589,0,0,False
Ursus_americanus,LC,LC,4182,4152,0.0888270561635013,0.0888270561635013,0,0,False
Fukomys_bocagei,LC,LC,4184,4153,0.0887752942644595,0.0887752942641658,0,0,False
Myodes_californicus,LC,LC,4176,4154,0.0891496400323095,0.0886996745828459,0,0,False
Macropus_robustus,LC,LC,4187,4155,0.0886110482300221,0.0886110482300221,0,0,False
Myospalax_myospalax,LC,LC,4188,4156,0.088576689992421,0.088576689992421,0,0,False
Microtus_pennsylvanicus,LC,LC,4189,4157,0.0885235318251564,0.0885632511894663,0,0,False
Tragulus_kanchil,LC,LC,4190,4158,0.0885187581837501,0.0885187581837501,0,0,False
Pseudochirulus_larvatus,LC,LC,4191,4159,0.0885088084877642,0.0885088084877642,0,0,False
Rhinolophus_swinnyi,LC,LC,4185,4160,0.0887469469477612,0.0883673243980291,0,0,False
Crocidura_hirta,LC,LC,4193,4161,0.0883477717325695,0.088362382887742,0,0,False
Crocidura_tanakae,LC,LC,4192,4162,0.0883597044436134,0.0883597044432936,0,0,False
Proechimys_cuvieri,LC,LC,4195,4163,0.0883118482528291,0.0883118482528291,0,0,False
Taphozous_troughtoni,LC,LC,4196,4164,0.0882950972731317,0.0882950972731317,0,0,False
Murina_eleryi,LC,LC,4197,4165,0.0882529192778908,0.0882529192778908,0,0,False
Akodon_aerosus,LC,LC,4194,4166,0.0883298305259171,0.0882186811543604,0,0,False
Coendou_mexicanus,LC,LC,4198,4167,0.0881961562452923,0.0881961562452923,0,0,False
Heliosciurus_gambianus,LC,LC,4199,4168,0.0880737766873358,0.0880737766873358,0,0,False
Sigmodontomys_alfari,LC,LC,4200,4169,0.0878973369656465,0.0878973369656465,0,0,False
Dobsonia_minor,LC,LC,4203,4170,0.0877013201116463,0.0877013201116463,0,0,False
Fukomys_mechowi,LC,LC,4204,4171,0.087682113346672,0.0876821133447077,0,0,False
Meriones_unguiculatus,LC,LC,4205,4172,0.0876595703450346,0.0876595369508384,0,0,False
Apomys_sierrae,LC,LC,4206,4173,0.0876403970448763,0.0876403970448763,0,0,False
Thrichomys_fosteri,NE,LC,1928,4174,0.290485590618759,0.0876177820924768,0,0,True
Myodes_rutilus,LC,LC,4186,4175,0.0887442143443224,0.0875489487544728,0,0,False
Muntiacus_reevesi,LC,LC,4208,4176,0.0874503020637291,0.0874503020637291,0,0,False
Tylomys_watsoni,LC,LC,4210,4177,0.0873671946814538,0.0873671946814538,0,0,False
Blarinomys_breviceps,LC,LC,4418,4178,0.0762230512481206,0.0873531647949133,0,0,False
Miniopterus_pusillus,LC,LC,4201,4179,0.0878761055449251,0.0873523396286526,0,0,False
Stenocephalemys_albocaudata,LC,LC,4211,4180,0.0872992847460679,0.0872992847460679,0,0,False
Dipodomys_venustus,LC,LC,4212,4181,0.0871306458635903,0.0871306458635903,0,0,False
Praomys_misonnei,LC,LC,4213,4182,0.0871298519173029,0.0871298519173029,0,0,False
Aegialomys_xanthaeolus,LC,LC,4214,4183,0.0871167455518825,0.0871167455518825,0,0,False
Ctenomys_conoveri,LC,LC,4260,4184,0.0839658601285575,0.0870585481490479,0,0,False
Alticola_lemminus,LC,LC,4209,4185,0.0873757728077523,0.087034760036497,0,0,False
Alticola_macrotis,LC,LC,4202,4186,0.0878631230083442,0.0869865430883968,0,0,False
Gerbilliscus_afra,LC,LC,4215,4187,0.0869801890499761,0.0869801883127115,0,0,False
Heliosciurus_mutabilis,LC,LC,4216,4188,0.086909084222055,0.086909084222055,0,0,False
Meriones_chengi,NE,LC,1813,4189,0.310255365385664,0.0866843769173389,0,0,True
Mysateles_meridionalis,NT,NT,4217,4190,0.0866175391832102,0.0866175391832102,0,0,False
Trichosurus_cunninghami,LC,LC,4218,4191,0.0865588812244441,0.0865588812244441,0,0,False
Dasyprocta_punctata,LC,LC,4207,4192,0.0875402309373089,0.0865537651082306,0,0,False
Pelomys_isseli,NT,NT,4219,4193,0.0865201557083605,0.0865201557083605,0,0,False
Pipistrellus_pipistrellus,LC,LC,4224,4194,0.0862814370701081,0.0864849173317376,0,0,False
Pteropus_hypomelanus,NT,NT,4220,4195,0.0864392855959267,0.0864212708908048,0,0,False
Microtus_montanus,LC,LC,4221,4196,0.0864189720499142,0.0864189720499142,0,0,False
Zygodontomys_brunneus,LC,LC,4222,4197,0.0864121260173495,0.0864121260173495,0,0,False
Ammospermophilus_harrisii,LC,LC,4223,4198,0.0863743557916988,0.0863743557916988,0,0,False
Niviventer_tenaster,LC,LC,4225,4199,0.0861022428782374,0.0861022428782374,0,0,False
Crocidura_elongata,LC,LC,4226,4200,0.0860858848834459,0.0860858848834459,0,0,False
Gerbilliscus_brantsii,LC,LC,4228,4201,0.0860011093688472,0.0860011082791794,0,0,False
Microtus_thomasi,LC,LC,4227,4202,0.0860841506075109,0.0859795720147569,0,0,False
Lophuromys_sikapusi,LC,LC,4229,4203,0.085965156583589,0.085965156583589,0,0,False
Chodsigoa_lamula,LC,LC,4161,4204,0.0897751149193237,0.0859068744611724,0,0,False
Cricetulus_sokolovi,LC,LC,4135,4205,0.0926141813873539,0.0858812871075962,0,0,False
Eliomys_melanurus,LC,LC,4230,4206,0.0858737227355904,0.0858737227355904,0,0,False
Chaerephon_plicatus,LC,LC,4232,4207,0.0858267630783775,0.0858267630783775,0,0,False
Mesoplodon_stejnegeri,NT,NT,4233,4208,0.0857347411831027,0.0857347411831027,0,0,False
Microcavia_shiptoni,LC,LC,4234,4209,0.0856416831091872,0.0856416831091872,0,0,False
Equus_hemionus,NT,NT,4235,4210,0.0855487300165452,0.0855487300165452,0,0,False
Allactaga_bullata,LC,LC,4236,4211,0.0855294773454236,0.0855294773454236,0,0,False
Cricetulus_tibetanus,DD,LC,1521,4212,0.387331884568932,0.0853698605507304,0,0,True
Praomys_jacksoni,LC,LC,4237,4213,0.0852812850127386,0.0852812850127386,0,0,False
Funisciurus_congicus,LC,LC,4238,4214,0.0851608775216011,0.0851608775216011,0,0,False
Suncus_montanus,LC,LC,4239,4215,0.0850794932909396,0.0850794932909396,0,0,False
Spilogale_gracilis,LC,LC,4240,4216,0.084970706024631,0.084970706024631,0,0,False
Peromyscus_eremicus,LC,LC,4263,4217,0.0838785796675136,0.0849199790543145,0,0,False
Meriones_meridianus,LC,LC,4141,4218,0.0917919417047374,0.084888732831058,0,0,False
Soricomys_kalinga,LC,LC,4243,4219,0.0848600093244324,0.0848600093244324,0,0,False
Ommatophoca_rossii,LC,LC,4244,4220,0.0847830575443591,0.0847830938158689,0,0,False
Peromyscus_fraterculus,LC,LC,4242,4221,0.084903346061438,0.0847650240868267,0,0,False
Heliosciurus_rufobrachium,LC,LC,4245,4222,0.0847202095177226,0.0847202095177226,0,0,False
Mirounga_angustirostris,LC,LC,4906,4223,0.0560917116893753,0.0846667084391044,0,0,False
Hydrurga_leptonyx,LC,LC,4246,4224,0.0845130966487744,0.0845131181409491,0,0,False
Crocidura_mutesae,DD,DD,4247,4225,0.0844556418412548,0.0844556418412548,0,0,False
Cacajao_hosomi,VU,VU,4248,4226,0.0844545305246498,0.0844545305246498,0,0,False
Hyosciurus_ileile,LC,LC,4249,4227,0.0844457862858396,0.0844457862858396,0,0,False
Soricomys_montanus,LC,LC,4250,4228,0.0844143885773609,0.0844143885773609,0,0,False
Perognathus_merriami,LC,LC,4251,4229,0.0844070093256947,0.0844070093256947,0,0,False
Geomys_streckeri,NE,LC,1820,4230,0.30949257044912,0.0843419569530979,0,0,True
Mimon_cozumelae,LC,LC,4253,4231,0.0842396288937133,0.0842396288937133,0,0,False
Microtus_pinetorum,LC,LC,4258,4232,0.0840304085008034,0.0841737040954623,0,0,False
Cerradomys_goytaca,NE,DD,4254,4233,0.0841027112322788,0.0841027112322788,0,0,True
Lariscus_hosei,LC,LC,4255,4234,0.0840966037433676,0.0840966037433676,0,0,False
Allactaga_firouzi,DD,DD,4256,4235,0.0840919125898429,0.0840917362131583,0,0,False
Mysateles_prehensilis,NT,NT,4257,4236,0.0840733152077265,0.0840733152077265,0,0,False
Saguinus_inustus,LC,LC,4259,4237,0.0840026783940573,0.0840368429180567,0,0,False
Petaurista_alborufus,LC,LC,4252,4238,0.0843993100336583,0.0839768698410108,0,0,False
Microtus_felteni,LC,LC,4262,4239,0.0839181641019761,0.0839333285488972,0,0,False
Hyosciurus_heinrichi,LC,LC,4264,4240,0.0838058951944909,0.0838058951944909,0,0,False
Marmota_baibacina,LC,LC,4265,4241,0.0836613932247399,0.0836613932247399,0,0,False
Sigmodon_hirsutus,LC,LC,4116,4242,0.0939740880622407,0.0835820222286114,0,0,False
Geomys_attwateri,LC,LC,4159,4243,0.0899089546586958,0.0835728997668206,0,0,False
Murina_suilla,LC,LC,4266,4244,0.0835061580128502,0.0835061580128502,0,0,False
Akodon_siberiae,NT,NT,4267,4245,0.0834837735924501,0.0834837735922868,0,0,False
Nyctalus_noctula,LC,LC,4268,4246,0.0834612777383147,0.0834612777383147,0,0,False
Zygodontomys_brevicauda,LC,LC,4269,4247,0.0834341741412228,0.0834341741412228,0,0,False
Praomys_tullbergi,LC,LC,4270,4248,0.0834327144886119,0.0834327144886119,0,0,False
Crocidura_munissii,LC,LC,4271,4249,0.0834183346952106,0.0834183346952105,0,0,False
Artibeus_fimbriatus,LC,LC,4273,4250,0.0833955949195585,0.0833955949195585,0,0,False
Aeretes_melanopterus,LC,LC,4274,4251,0.0833640848778118,0.0833640848778118,0,0,False
Suncus_murinus,LC,LC,4275,4252,0.0833606443161074,0.0833606443161074,0,0,False
Rattus_morotaiensis,LC,LC,4276,4253,0.0833582234793802,0.0833582234793802,0,0,False
Paraechinus_nudiventris,LC,LC,4277,4254,0.08334228019617,0.08334228019617,0,0,False
Dasyprocta_leporina,LC,LC,4272,4255,0.0834167575165459,0.0833054953094285,0,0,False
Lagurus_lagurus,LC,LC,4278,4256,0.0832998608770083,0.0832998608770083,0,0,False
Perognathus_flavescens,LC,LC,4279,4257,0.0832202630797826,0.0832202630797826,0,0,False
Mysateles_gundlachi,NT,NT,4280,4258,0.0832001033269098,0.0832001033269098,0,0,False
Myotis_goudoti,LC,LC,4306,4259,0.0817184429281726,0.0830804411751696,0,0,False
Thylamys_citellus,LC,LC,4284,4260,0.0829469739849411,0.0830690306810804,0,0,False
Lophuromys_woosnami,LC,LC,4281,4261,0.0830468813752141,0.0830468813752141,0,0,False
Sigmodon_alleni,VU,LC,1475,4262,0.399619296334647,0.0830432169683816,0,0,True
Myotis_fimbriatus,LC,LC,4295,4263,0.082542027921729,0.0830120425564057,0,0,False
Macaca_cyclopis,LC,LC,4283,4264,0.0829892659024494,0.0829892659024494,0,0,False
Chodsigoa_parva,DD,LC,1768,4265,0.319501434889001,0.0829273130248751,0,0,True
Murina_florium,LC,LC,4285,4266,0.082911920251654,0.082911920251654,0,0,False
Euroscaptor_micrura,LC,LC,4231,4267,0.085859110404291,0.0828751259231932,0,0,False
Vandeleuria_oleracea,LC,LC,4286,4268,0.0828677977488709,0.0828677977488709,0,0,False
Leggadina_lakedownensis,LC,LC,4287,4269,0.0828667789928348,0.0828667789928348,0,0,False
Marmota_bobak,LC,LC,4288,4270,0.0828568782892271,0.0828568782892271,0,0,False
Lepus_peguensis,LC,LC,4289,4271,0.0828542929061309,0.0828542929061309,0,0,False
Apodemus_chevrieri,LC,LC,4290,4272,0.0828363826506685,0.0828363826506685,0,0,False
Dephomys_defua,LC,LC,4180,4273,0.0889348924428151,0.0828281207253031,0,0,False
Anourosorex_assamensis,LC,LC,4291,4274,0.0828147065037772,0.0828147065037772,0,0,False
Praomys_minor,LC,LC,4292,4275,0.0827812315494378,0.0827812315494378,0,0,False
Akodon_bogotensis,LC,LC,4282,4276,0.0829974800987796,0.0827019740648842,0,0,False
Marmota_flaviventris,LC,LC,4293,4277,0.0826815027796578,0.0826815027796578,0,0,False
Murina_harrisoni,LC,LC,4296,4278,0.0825364574893799,0.0825364574893799,0,0,False
Akodon_mystax,DD,DD,4294,4279,0.0825526318852645,0.0823390985197954,0,0,False
Cercocebus_agilis,LC,LC,4297,4280,0.0822693187169872,0.0822693187169872,0,0,False
Phyllotis_caprinus,LC,LC,4299,4281,0.0821653561122098,0.0821653561122098,0,0,False
Bullimus_bagobus,LC,LC,4301,4282,0.0821225344135168,0.0821225344135168,0,0,False
Apodemus_agrarius,LC,LC,4302,4283,0.082078770531182,0.082078770531182,0,0,False
Leggadina_forresti,LC,LC,4303,4284,0.0820739584019312,0.0820739584019312,0,0,False
Natalus_espiritosantensis,NE,NT,3432,4285,0.136468015899332,0.0819740442500488,0,0,True
Callithrix_penicillata,LC,LC,4304,4286,0.0819542623690927,0.0819542623690927,0,0,False
Aotus_vociferans,LC,LC,4313,4287,0.0813424591510694,0.0819433036838252,0,0,False
Plecotus_auritus,LC,LC,4305,4288,0.0818242468379055,0.0818242468379055,0,0,False
Gerbillus_henleyi,LC,LC,4353,4289,0.0789406224097878,0.0817852518867061,0,0,False
Tragelaphus_spekii,LC,LC,4307,4290,0.0817095163983849,0.0817095163983849,0,0,False
Sundasciurus_samarensis,LC,LC,4308,4291,0.0816705179097192,0.0816705179097192,0,0,False
Euneomys_petersoni,DD,LC,1487,4292,0.397162136819719,0.0815868066905316,0,0,True
Funisciurus_anerythrus,LC,LC,4310,4293,0.0814815749097567,0.0814815749097567,0,0,False
Thomasomys_ladewi,LC,LC,4311,4294,0.0814139589899986,0.0814139589899986,0,0,False
Paraxerus_boehmi,LC,LC,4312,4295,0.0814082710920743,0.0814082710920743,0,0,False
Viverra_zibetha,LC,LC,4314,4296,0.0813219555090998,0.0813219555090998,0,0,False
Gerbillus_poecilops,LC,LC,4375,4297,0.0778054797224777,0.0813212126603984,0,0,False
Cercopithecus_ascanius,LC,LC,4317,4298,0.0810001561194201,0.0810001561194201,0,0,False
Rattus_fuscipes,LC,LC,4318,4299,0.0809979683428964,0.0809979683428964,0,0,False
Herpestes_sanguineus,LC,LC,4319,4300,0.0809554112224071,0.0809554112224071,0,0,False
Arvicanthis_abyssinicus,LC,LC,4320,4301,0.080949492330765,0.080949492330765,0,0,False
Anoura_luismanueli,LC,LC,4321,4302,0.0809486467736703,0.0809486467736703,0,0,False
Pseudomys_chapmani,LC,LC,4300,4303,0.0821513784911384,0.0809036496007855,0,0,False
Cryptotis_mexicana,LC,LC,4261,4304,0.0839500641268832,0.0808176931954933,0,0,False
Mormopterus_kitcheneri,DD,LC,1915,4305,0.292714447003889,0.0807956322389056,0,0,True
Tamias_siskiyou,LC,LC,4323,4306,0.0806055832129331,0.0806055832129331,0,0,False
Ctenomys_yolandae,EN,DD,2441,4307,0.220760854857037,0.0805852342001911,0,0,True
Syconycteris_australis,LC,LC,4324,4308,0.0805464846476505,0.0805464846476505,0,0,False
Crocidura_beatus,LC,LC,4326,4309,0.0804750214252892,0.0804750214252892,0,0,False
Sylvilagus_palustris,LC,LC,4381,4310,0.0775410729594565,0.0804576539743836,0,0,False
Microtus_paradoxus,LC,LC,4325,4311,0.0805259132578213,0.0804284850556595,0,0,False
Eumops_floridanus,VU,VU,4327,4312,0.080419910786523,0.080419910786523,0,0,False
Plecotus_ognevi,LC,LC,4328,4313,0.0803820745645252,0.0803820745645252,0,0,False
Mirzamys_louiseae,LC,LC,4329,4314,0.0803751940022329,0.0803751940022329,0,0,False
Syconycteris_hobbit,LC,LC,4330,4315,0.0803410527984195,0.0803410527984195,0,0,False
Sturnira_bogotensis,LC,LC,4331,4316,0.0803270522295737,0.0803270522295737,0,0,False
Neodon_sikimensis,LC,LC,4333,4317,0.0801383919935884,0.0801384062267776,0,0,False
Thomasomys_caudivarius,LC,LC,4334,4318,0.0801254082425932,0.0801254082425932,0,0,False
Rhagomys_longilingua,LC,LC,4332,4319,0.0802886061332798,0.0800677678402324,0,0,False
Puma_concolor,LC,LC,4345,4320,0.079250758720056,0.0800487812189413,0,0,False
Mustela_africana,LC,LC,4335,4321,0.0800455452936378,0.0800455452936378,0,0,False
Gerbillus_occiduus,DD,DD,4336,4322,0.0798578919299376,0.0799662803686467,0,0,False
Plecotus_sacrimontis,LC,LC,4337,4323,0.0798010536189053,0.0798010536188803,0,0,False
Genetta_piscivora,NT,NT,4338,4324,0.0796650548822749,0.0796650548822749,0,0,False
Herpestes_flavescens,LC,LC,4339,4325,0.079608546330488,0.079608546330488,0,0,False
Mops_midas,LC,LC,4341,4326,0.079455794876531,0.079455794876496,0,0,False
Cryptonanus_chacoensis,LC,LC,4950,4327,0.0546270134534656,0.0793611290733156,0,0,False
Chilomys_instans,LC,LC,4340,4328,0.0795919514590519,0.0793566846854419,0,0,False
Paraxerus_palliatus,LC,LC,4343,4329,0.0793351119005736,0.0793351119005736,0,0,False
Akodon_azarae,LC,LC,4342,4330,0.0794393801746249,0.0793348566720765,0,0,False
Cavia_tschudii,LC,LC,4344,4331,0.0793070627193418,0.0793070627193418,0,0,False
Graomys_domorum,LC,LC,4346,4332,0.0792371896730321,0.0792371896730321,0,0,False
Petrogale_mareeba,NT,NT,4347,4333,0.0792184805285047,0.0792184805285047,0,0,False
Sicista_caudata,LC,LC,4349,4334,0.0790886930253493,0.0790886930253493,0,0,False
Anourosorex_yamashinai,LC,LC,4350,4335,0.0790597668763616,0.0790597668763616,0,0,False
Limnomys_bryophilus,LC,LC,4351,4336,0.0790452282673022,0.0790452282673022,0,0,False
Paraxerus_flavovittis,LC,LC,4352,4337,0.0789597965958484,0.0789597965958484,0,0,False
Dremomys_everetti,LC,LC,4163,4338,0.0897572210384181,0.0789308942039996,0,0,False
Paraxerus_poensis,LC,LC,4354,4339,0.0788556831508875,0.0788556831508875,0,0,False
Mus_musculus,LC,LC,4355,4340,0.0788549213751302,0.0788549213751302,0,0,False
Rhinolophus_celebensis,LC,LC,4357,4341,0.0787971337419277,0.0788478184152345,0,0,False
Funisciurus_isabella,LC,LC,4358,4342,0.0787326694711746,0.0787326694711746,0,0,False
Arvicanthis_niloticus,LC,LC,4359,4343,0.0786386963889098,0.0786386963889098,0,0,False
Abrawayaomys_ruschii,LC,LC,5392,4344,0.0414765249490316,0.0785919699082841,0,0,False
Millardia_gleadowi,LC,LC,4360,4345,0.0785858683949862,0.0785858683949862,0,0,False
Limnomys_sibuanus,LC,LC,4361,4346,0.078577365372695,0.078577365372695,0,0,False
Dobsonia_moluccensis,LC,LC,4362,4347,0.0785596658719402,0.0785596658719402,0,0,False
Otospermophilus_beecheyi,LC,LC,4363,4348,0.0784863341871938,0.0784863341871938,0,0,False
Cricetulus_alticola,LC,LC,4241,4349,0.0849605274046758,0.0784825542474491,0,0,False
Brachyphylla_nana,LC,LC,4364,4350,0.0784770740890534,0.0784770740890534,0,0,False
Reithrodontomys_zacatecae,LC,LC,4374,4351,0.077814429103557,0.0784082643471842,0,0,False
Rhynchomys_isarogensis,VU,VU,4365,4352,0.0783998743268975,0.0783998743268975,0,0,False
Thomomys_idahoensis,LC,LC,4366,4353,0.0783979036752346,0.0783979036752346,0,0,False
Euroscaptor_subanura,LC,LC,4315,4354,0.0812650467712658,0.0783268317578582,0,0,False
Sicista_pseudonapaea,LC,LC,4367,4355,0.0783258747918604,0.0783258747918604,0,0,False
Sturnira_mordax,LC,LC,4368,4356,0.0783173176905694,0.0783173176905694,0,0,False
Paraechinus_micropus,LC,LC,4369,4357,0.0781028091909772,0.0781028091909772,0,0,False
Microtus_tatricus,LC,LC,4373,4358,0.0778199917127821,0.078084703155543,0,0,False
Gerbillus_simoni,LC,LC,4396,4359,0.0770491210958636,0.0780606477579914,0,0,False
Crossarchus_obscurus,LC,LC,4370,4360,0.0779292322223368,0.0779292322223368,0,0,False
Thomomys_clusius,LC,LC,4371,4361,0.0778604462633702,0.0778604462633702,0,0,False
Sundamys_maxi,VU,VU,4372,4362,0.0778398158381536,0.0778398158381536,0,0,False
Grammomys_ibeanus,LC,LC,4657,4363,0.065773277270559,0.0777969125775435,0,0,False
Otospermophilus_atricapillus,LC,LC,4376,4364,0.0777833494976875,0.0777833494976875,0,0,False
Abrothrix_andinus,NE,LC,2129,4365,0.261373904747703,0.0777575765421462,0,0,True
Sylvilagus_aquaticus,LC,LC,4500,4366,0.0720260935907432,0.0777404024681696,0,0,False
Otomys_simiensis,LC,LC,4378,4367,0.077718188278004,0.077718188278004,0,0,False
Brachyphylla_cavernarum,LC,LC,4382,4368,0.077510226874215,0.077510226874215,0,0,False
Hystrix_indica,LC,LC,4384,4369,0.0774601482692979,0.0774601482692979,0,0,False
Crocidura_silacea,LC,LC,4385,4370,0.0774354130931454,0.0774354130931454,0,0,False
Anourosorex_squamipes,LC,LC,4387,4371,0.0774028963589247,0.0774028963589247,0,0,False
Acomys_cilicicus,LC,DD,5867,4372,0.0146060556839251,0.0773921307103627,0,0,True
Thomasomys_erro,LC,LC,4388,4373,0.0773527569523656,0.0773527569523656,0,0,False
Thomasomys_notatus,LC,LC,4389,4374,0.0773409941686761,0.0773409941686761,0,0,False
Ctenomys_coyhaiquensis,DD,DD,4390,4375,0.0773367316119286,0.0773380577271824,0,0,False
Sorex_preblei,LC,LC,4380,4376,0.0775719460422547,0.0773295204716752,0,0,False
Paraxerus_cepapi,LC,LC,4391,4377,0.0773108337899552,0.0773108337899552,0,0,False
Alticola_barakshin,LC,LC,4377,4378,0.0777747443882963,0.0772669134168493,0,0,False
Funisciurus_lemniscatus,LC,LC,4392,4379,0.0772200161048139,0.0772200161048139,0,0,False
Euryoryzomys_nitidus,LC,LC,4393,4380,0.0771288477913026,0.0771288477913026,0,0,False
Crocidura_mariquensis,LC,LC,4394,4381,0.0770999674060091,0.0770999674060091,0,0,False
Kobus_kob,LC,LC,4397,4382,0.0770385238222889,0.0770385238222889,0,0,False
Mus_setulosus,LC,LC,4398,4383,0.0769924987283434,0.0769924987283434,0,0,False
Akodon_oenos,NE,LC,1855,4384,0.302849716946504,0.0769545378921724,0,0,True
Tamias_alpinus,LC,LC,4399,4385,0.0768997646559828,0.0768997646559828,0,0,False
Miniopterus_magnater,LC,LC,4386,4386,0.0774323626901001,0.0768855574129942,0,0,False
Genetta_victoriae,LC,LC,4400,4387,0.0768739637482222,0.0768739637482222,0,0,False
Lutreolina_crassicaudata,LC,LC,4401,4388,0.076837418263036,0.076837418263036,0,0,False
Rhinolophus_denti,LC,LC,4404,4389,0.076771784719567,0.076771784719567,0,0,False
Crocidura_batesi,LC,LC,4405,4390,0.0766950151282405,0.0766950151282405,0,0,False
Euroscaptor_grandis,LC,LC,4316,4391,0.0812574252983773,0.0766618009053598,0,0,False
Phyllomys_blainvillii,LC,LC,4408,4392,0.0765984160185359,0.0765984160185359,0,0,False
Reithrodontomys_sumichrasti,LC,LC,4406,4393,0.0766554689976664,0.076594942581504,0,0,False
Stylodipus_telum,LC,LC,4409,4394,0.0765906023197634,0.0765906023197634,0,0,False
Microtus_transcaspicus,LC,LC,4411,4395,0.0764354789095931,0.0764628220298199,0,0,False
Capricornis_crispus,LC,LC,4412,4396,0.0764267851098263,0.0764267851098263,0,0,False
Dermanura_cinereus,DD,LC,2026,4397,0.274947744331453,0.0763981058148738,0,0,True
Tamias_panamintinus,LC,LC,4413,4398,0.0763500218583677,0.0763500218583677,0,0,False
Potamochoerus_larvatus,LC,LC,4414,4399,0.0763254822111884,0.0763254990332248,0,0,False
Pteropus_neohibernicus,LC,LC,4422,4400,0.0760743820010945,0.0763196362573431,0,0,False
Lutreolina_massoia,LC,LC,4415,4401,0.076315503374163,0.076315503374163,0,0,False
Moschiola_meminna,LC,LC,4416,4402,0.0762896942912622,0.0762896942912622,0,0,False
Funisciurus_leucogenys,LC,LC,4417,4403,0.0762712499766581,0.0762712499766581,0,0,False
Cryptotis_thomasi,LC,LC,4395,4404,0.0770882216954786,0.0762070750662134,0,0,False
Geomys_personatus,LC,LC,4410,4405,0.0765071243811584,0.0761936450181246,0,0,False
Hipposideros_thomensis,LC,LC,4419,4406,0.0761508220904871,0.0761508220904871,0,0,False
Hyperacrius_wynnei,LC,LC,4421,4407,0.0761247657375687,0.0761247657372275,0,0,False
Oxymycterus_dasytrichus,LC,LC,4356,4408,0.0788277385243035,0.0760755303143918,0,0,False
Pipistrellus_papuanus,LC,LC,4348,4409,0.0791229050091986,0.0760310026325305,0,0,False
Potamochoerus_porcus,LC,LC,4423,4410,0.0759885181677565,0.0759885324108766,0,0,False
Akodon_affinis,LC,LC,4424,4411,0.075960811882871,0.0759108849223952,0,0,False
Maxomys_tajuddinii,DD,LC,1985,4412,0.280467735592744,0.0758532632319786,0,0,True
Genetta_bourloni,VU,VU,4426,4413,0.0758357147575393,0.0758357147575393,0,0,False
Clyomys_laticeps,LC,LC,4427,4414,0.0757597071407702,0.0757597071407702,0,0,False
Rhinolophus_simulator,LC,LC,4425,4415,0.0759248825106612,0.0757454604376435,0,0,False
Thomasomys_daphne,LC,LC,4429,4416,0.0757421172189088,0.0757421172189088,0,0,False
Batomys_uragon,LC,LC,4430,4417,0.0757384028872953,0.0757384028872953,0,0,False
Didelphis_pernigra,LC,LC,4431,4418,0.0757162495111359,0.0757162495111359,0,0,False
Akodon_leucolimnaeus,LC,LC,4428,4419,0.0757490196998834,0.0755516973045582,0,0,False
Thomasomys_cinnameus,LC,LC,4433,4420,0.075499345485691,0.075499345485691,0,0,False
Murina_puta,LC,LC,4436,4421,0.0754385557704739,0.0754385557704739,0,0,False
Crocidura_theresae,LC,LC,4437,4422,0.075411361924981,0.0754113619250034,0,0,False
Mus_mahomet,LC,LC,4440,4423,0.0753368807197577,0.0753368807197577,0,0,False
Lepus_comus,LC,LC,4441,4424,0.0752939593392001,0.0752939593392001,0,0,False
Crocidura_newmarki,NT,NT,4442,4425,0.0752911643718045,0.0752911643718045,0,0,False
Clyomys_bishopi,LC,LC,4443,4426,0.0752777014237237,0.0752777014237237,0,0,False
Nyctimene_major,LC,LC,4434,4427,0.0754605717450449,0.0751132186382393,0,0,False
Eothenomys_custos,LC,LC,4444,4428,0.0750930484471062,0.0750929750374692,0,0,False
Graphiurus_kelleni,LC,LC,4445,4429,0.0749931753672587,0.0749931753672587,0,0,False
Sturnira_magna,LC,LC,4446,4430,0.0749929140158606,0.0749929140158606,0,0,False
Peromyscus_melanotis,LC,LC,4449,4431,0.0748403045389827,0.0749191139786759,0,0,False
Graphiurus_microtis,LC,LC,4447,4432,0.0748996780563451,0.0748996780563451,0,0,False
Monodelphis_brevicaudata,LC,LC,4461,4433,0.0743507783525446,0.0748424562490647,0,0,False
Ctenomys_leucodon,LC,LC,4472,4434,0.0737937486911521,0.0748344285197307,0,0,False
Pappogeomys_bulleri,LC,LC,4453,4435,0.0747039652226596,0.0747892118330719,0,0,False
Baiyankamys_shawmayeri,LC,LC,4450,4436,0.0747527296777995,0.0747527296777995,0,0,False
Pappogeomys_alcorni,LC,LC,4458,4437,0.0744410966787066,0.074727899213382,0,0,False
Hipposideros_muscinus,LC,LC,4451,4438,0.0747087394295254,0.0747087394295254,0,0,False
Otomys_tropicalis,LC,LC,4454,4439,0.0745799792654686,0.0745799792654686,0,0,False
Sicista_subtilis,LC,LC,4455,4440,0.0745357027471904,0.0745357027471904,0,0,False
Murina_bicolor,LC,LC,4456,4441,0.0745295382009825,0.0745295382009825,0,0,False
Ctenomys_colburni,LC,DD,5800,4442,0.0194273252159073,0.0744843993980895,0,0,True
Pteronotus_davyi,LC,LC,4459,4443,0.0743742559371352,0.0743742559371352,0,0,False
Saimiri_boliviensis,LC,LC,4460,4444,0.0743564999547742,0.0743564999547742,0,0,False
Pteronotus_gymnonotus,LC,LC,4462,4445,0.0742005326638,0.0742005326638,0,0,False
Phyllomys_medius,LC,LC,4463,4446,0.0740972035116952,0.0740972035116952,0,0,False
Neacomys_tenuipes,LC,LC,4464,4447,0.0740724274521927,0.0740724274521927,0,0,False
Lepus_oiostolus,LC,LC,4465,4448,0.0740603174708027,0.0740603174708027,0,0,False
Micronycteris_sanborni,LC,LC,4466,4449,0.0740198931020165,0.0740198931020165,0,0,False
Dipodomys_margaritae,LC,LC,4468,4450,0.0739276188273709,0.0739276188273709,0,0,False
Lepus_sinensis,LC,LC,4469,4451,0.0739225469475766,0.0739225469475766,0,0,False
Taterillus_gracilis,LC,LC,4470,4452,0.0738583419397199,0.0738583419397199,0,0,False
Moschiola_indica,LC,LC,4471,4453,0.0738405397850431,0.0738405397850431,0,0,False
Cryptotis_colombiana,LC,LC,4432,4454,0.0757033048089993,0.0737631227989255,0,0,False
Taeromys_hamatus,NT,NT,4473,4455,0.0737566966554712,0.0737566966554712,0,0,False
Hipposideros_papua,LC,LC,4474,4456,0.0736682397198873,0.0736682397198873,0,0,False
Pipistrellus_wattsi,LC,LC,4435,4457,0.0754423312960454,0.0735862710919269,0,0,False
Stylodipus_andrewsi,LC,LC,4475,4458,0.0735676512862493,0.0735676512862493,0,0,False
Hipposideros_corynophyllus,LC,LC,4477,4459,0.0735053670293537,0.0735053670293537,0,0,False
Pseudomys_nanus,LC,LC,4467,4460,0.0739681609995878,0.073436675357085,0,0,False
Crocidura_grayi,LC,LC,4479,4461,0.0734183040142592,0.0734183040142592,0,0,False
Petaurista_petaurista,LC,LC,4402,4462,0.0767851999555989,0.0733275784003575,0,0,False
Sicista_kluchorica,LC,LC,4480,4463,0.0732931448051343,0.0732931448051343,0,0,False
Epomophorus_angolensis,NT,NT,4481,4464,0.0732581010743261,0.0732581010743261,0,0,False
Orthogeomys_underwoodi,LC,LC,4510,4465,0.0717361808923736,0.0731512407617944,0,0,False
Cryptotis_obscura,DD,LC,2186,4466,0.254183551072025,0.0731380255390498,0,0,True
Cryptotis_tamensis,LC,LC,4438,4467,0.0753993682177705,0.0731291692109245,0,0,False
Galagoides_granti,DD,LC,1789,4468,0.314547307240805,0.0730684163905002,0,0,True
Rhynchomys_tapulao,DD,DD,4482,4469,0.0730332147024391,0.0730332147024391,0,0,False
Alces_alces,LC,LC,4483,4470,0.0730133515976948,0.0730133515976948,0,0,False
Ctenomys_pearsoni,NT,NT,4562,4471,0.0689214911649172,0.0729409784590194,0,0,False
Capra_hircus,NE,DD,4484,4472,0.0729298372931111,0.0729359656423551,0,0,True
Paraxerus_ochraceus,LC,LC,4485,4473,0.072729357321811,0.072729357321811,0,0,False
Carollia_sowelli,LC,LC,4486,4474,0.072724219785181,0.072724219785181,0,0,False
Myotis_nesopolus,LC,LC,4489,4475,0.0725225968129656,0.0725225968129656,0,0,False
Sicista_napaea,LC,LC,4490,4476,0.0725017408562108,0.0725017408562108,0,0,False
Cryptotis_merriami,LC,LC,4452,4477,0.0747069193571558,0.0722509723696774,0,0,False
Chaerephon_nigeriae,LC,LC,4493,4478,0.0722319205690081,0.0722319205690081,0,0,False
Nyctimene_vizcaccia,LC,LC,4494,4479,0.0721980587053143,0.0721980582243938,0,0,False
Xerospermophilus_tereticaudus,LC,LC,4495,4480,0.0721707784144113,0.0721707784144113,0,0,False
Monodelphis_palliolata,LC,LC,4522,4481,0.0712726456320035,0.0720948625949809,0,0,False
Hipposideros_megalotis,LC,LC,4499,4482,0.0720404115479708,0.0720404115479708,0,0,False
Hesperoptenus_tickelli,LC,LC,4478,4483,0.0734473099371633,0.0720305372201387,0,0,False
Paracynictis_selousi,LC,LC,4503,4484,0.0719541558161987,0.0719541558161987,0,0,False
Herpestes_urva,LC,LC,4504,4485,0.0719536888617821,0.0719536681561932,0,0,False
Thrichomys_pachyurus,LC,LC,4457,4486,0.0744819873332463,0.0718851947072431,0,0,False
Sorex_coronatus,LC,LC,4505,4487,0.0719199217770807,0.0718706918577422,0,0,False
Eliomys_munbyanus,LC,LC,4506,4488,0.0718392377364519,0.0718392377364519,0,0,False
Berardius_bairdii,LC,LC,4508,4489,0.0717974187806482,0.0717974187806482,0,0,False
Akodon_neocenus,LC,LC,4498,4490,0.0720447426838256,0.0717844330985377,0,0,False
Uromys_anak,LC,LC,4511,4491,0.0717253288630701,0.0717253288630701,0,0,False
Ctenomys_dorbignyi,LC,NT,5675,4492,0.0295941291568275,0.071679697440122,0,0,True
Lepus_townsendii,LC,LC,4512,4493,0.0715650424767823,0.0715650424767823,0,0,False
Platyrrhinus_dorsalis,LC,LC,4507,4494,0.0718059353298858,0.0715488295589554,0,0,False
Stenella_longirostris,LC,LC,4515,4495,0.0715089949542989,0.0715089949542989,0,0,False
Rhipidomys_macrurus,LC,LC,4518,4496,0.0713834391796577,0.0713834391796577,0,0,False
Fukomys_darlingi,LC,LC,4520,4497,0.0713596827542851,0.0713584916508852,0,0,False
Cricetulus_lama,DD,LC,1798,4498,0.312910173729695,0.0712682696872133,0,0,True
Martes_americana,LC,LC,4523,4499,0.0712010880763596,0.0712010880763596,0,0,False
Miniopterus_macrocneme,LC,LC,4527,4500,0.0710508488274743,0.0711386326732007,0,0,False
Berardius_arnuxii,LC,LC,4525,4501,0.0710695406746014,0.0710695406746014,0,0,False
Akodon_juninensis,LC,LC,4528,4502,0.071048738449939,0.0709801973688993,0,0,False
Hipposideros_maggietaylorae,LC,LC,4529,4503,0.0709136241573649,0.0709136241573649,0,0,False
Petaurista_xanthotis,LC,LC,4488,4504,0.0725305137712261,0.0708750899194731,0,0,False
Cryptotis_equatoris,LC,LC,4491,4505,0.0724871541459947,0.0707869814045206,0,0,False
Akodon_reigi,LC,LC,4519,4506,0.0713596866159349,0.0707478338136878,0,0,False
Graphiurus_christyi,LC,LC,4531,4507,0.0707195193421559,0.0707195193421559,0,0,False
Tadarida_australis,LC,LC,4439,4508,0.0753577488751383,0.0707011512526626,0,0,False
Cynictis_penicillata,LC,LC,4532,4509,0.0706756189109512,0.0706756189109512,0,0,False
Alticola_roylei,NT,NT,4521,4510,0.0712972959512786,0.0706706177692267,0,0,False
Pipistrellus_collinus,LC,LC,4403,4511,0.0767725235513235,0.070633466520258,0,0,False
Lophostoma_evotis,LC,LC,4534,4512,0.0706280382024778,0.0706280382024778,0,0,False
Gerbillus_dasyurus,LC,LC,4552,4513,0.0695999072351022,0.0705935506494893,0,0,False
Arielulus_torquatus,LC,LC,4476,4514,0.0735170643688903,0.0705312771202709,0,0,False
Lasiurus_varius,LC,LC,4537,4515,0.0704180887109812,0.0704180887109812,0,0,False
Cryptotis_squamipes,LC,LC,4501,4516,0.0720232755072496,0.0702917766325122,0,0,False
Philander_deltae,LC,LC,4420,4517,0.0761357475510423,0.0702579830794912,0,0,False
Ariteus_flavescens,LC,LC,4539,4518,0.0701644025964306,0.0701644025964306,0,0,False
Hipposideros_sumbae,LC,LC,4540,4519,0.0701324603803346,0.0701324603803346,0,0,False
Crocidura_orientalis,LC,LC,4541,4520,0.0701264058176458,0.0701264058176458,0,0,False
Chaerephon_ansorgei,LC,LC,4542,4521,0.0701015173108545,0.0701015173108545,0,0,False
Crocidura_brunnea,LC,LC,4543,4522,0.0700396713393904,0.0700396713393904,0,0,False
Ardops_nichollsi,LC,LC,4544,4523,0.0700368507692542,0.0700368507692542,0,0,False
Scotophilus_tandrefana,DD,DD,4545,4524,0.0700334374825441,0.0700334374825441,0,0,False
Philander_mondolfii,NE,LC,1958,4525,0.284991081929681,0.0700240931785517,0,0,True
Graphiurus_murinus,LC,LC,4546,4526,0.0699745761845381,0.0699745761845381,0,0,False
Chaetodipus_arenarius,LC,LC,4558,4527,0.0692522773217292,0.0698844354981783,0,0,False
Thomasomys_oreas,LC,LC,4548,4528,0.0698355708195182,0.0698355708195182,0,0,False
Graphiurus_nagtglasii,LC,LC,4549,4529,0.0698297171599821,0.0698297171599821,0,0,False
Tadarida_lobata,LC,LC,4513,4530,0.071529887954995,0.0698171161883534,0,0,False
Corynorhinus_mexicanus,NT,NT,4550,4531,0.0697899227445542,0.0697899227445542,0,0,False
Miniopterus_aelleni,LC,LC,4538,4532,0.0703066956824886,0.0697336057733348,0,0,False
Glauconycteris_superba,LC,LC,4509,4533,0.0717719523617412,0.0696883479235597,0,0,False
Pipistrellus_rusticus,LC,LC,4487,4534,0.0726809698794521,0.069631932077631,0,0,False
Chaerephon_jobensis,LC,LC,4553,4535,0.0695781317296917,0.0695781317296917,0,0,False
Pseudomys_hermannsburgensis,LC,LC,4536,4536,0.0705003253040141,0.0695146300334289,0,0,False
Hylomyscus_vulcanorum,LC,LC,4554,4537,0.069471449683789,0.069471449683789,0,0,False
Mastomys_erythroleucus,LC,LC,4555,4538,0.069434370628654,0.069434370628654,0,0,False
Notomys_alexis,LC,LC,4557,4539,0.0694105409433184,0.0694105409433184,0,0,False
Eptesicus_andinus,LC,LC,4535,4540,0.0705278178048577,0.0691916621700757,0,0,False
Cryptotis_medellinia,LC,LC,4502,4541,0.071984389099433,0.0691620208333049,0,0,False
Gerbillus_andersoni,LC,LC,4566,4542,0.0688005711766889,0.069019449686716,0,0,False
Hipposideros_wollastoni,LC,LC,4561,4543,0.0690042573641267,0.0690042573641267,0,0,False
Cryptotis_montivaga,LC,LC,4533,4544,0.0706545815985192,0.0689424091264826,0,0,False
Molossus_pretiosus,LC,LC,4547,4545,0.0699705416726384,0.068922631999442,0,0,False
Bassaricyon_alleni,LC,LC,4563,4546,0.0689065152733311,0.0689065096343081,0,0,False
Macaca_mulatta,LC,LC,4564,4547,0.0688765907456358,0.0688765907456358,0,0,False
Pipistrellus_westralis,LC,LC,4496,4548,0.0720787945333097,0.0687528377110193,0,0,False
Hipposideros_pratti,LC,LC,4570,4549,0.0687304734422883,0.0687304734422883,0,0,False
Gerbillus_cheesmani,LC,LC,4580,4550,0.0683413970069614,0.0686807230891125,0,0,False
Neotoma_floridana,LC,LC,4571,4551,0.0686768628440445,0.0686768628440445,0,0,False
Brucepattersonius_soricinus,DD,DD,4712,4552,0.0634575881875645,0.0686305396074824,0,0,False
Heteromys_catopterius,LC,LC,4572,4553,0.0686254420682002,0.0686254420682002,0,0,False
Mastomys_natalensis,LC,LC,4573,4554,0.0685793267690292,0.0685793267690292,0,0,False
Callosciurus_baluensis,LC,LC,4610,4555,0.067271004591889,0.0685720144487594,0,0,False
Hylomyscus_endorobae,LC,LC,4574,4556,0.0685180249112614,0.0685180249112614,0,0,False
Lophostoma_silvicolum,LC,LC,4576,4557,0.0684266774932612,0.0684266774932612,0,0,False
Myoictis_melas,LC,LC,4577,4558,0.0684263758736554,0.068426376368847,0,0,False
Apodemus_flavicollis,LC,LC,4578,4559,0.0684176292540741,0.0684176292540741,0,0,False
Natalus_saturatus,LC,LC,4524,4560,0.0711212606051339,0.0684171165456252,0,0,False
Apodemus_ponticus,LC,LC,4579,4561,0.0684105852246376,0.0684105852246376,0,0,False
Chiroderma_villosum,LC,LC,4641,4562,0.0662380755205277,0.0683930478096149,0,0,False
Oxymycterus_nasutus,LC,LC,4569,4563,0.0687527874053097,0.0683643278782675,0,0,False
Hipposideros_semoni,LC,LC,4581,4564,0.0683241989603512,0.0683241989603512,0,0,False
Cryptotis_goodwini,LC,LC,4517,4565,0.0714473917837779,0.0682327881337663,0,0,False
Crocidura_nigricans,LC,LC,4583,4566,0.068205564207813,0.068205564207813,0,0,False
Hylomyscus_stella,LC,LC,4584,4567,0.0681981189240224,0.0681981189240224,0,0,False
Crocidura_phanluongi,LC,LC,4567,4568,0.0687983037356197,0.0681765782539469,0,0,False
Crocidura_ramona,LC,LC,4565,4569,0.0688612581495667,0.0681750651535028,0,0,False
Perognathus_inornatus,LC,LC,4586,4570,0.0681410155506241,0.0681410155506241,0,0,False
Pipistrellus_imbricatus,DD,LC,1919,4571,0.292117587861577,0.0681317154927264,0,0,True
Ochotona_pusilla,LC,LC,4587,4572,0.0681242701534971,0.0681242701534971,0,0,False
Arielulus_societatis,LC,LC,4516,4573,0.071466111856074,0.0679764579061898,0,0,False
Parahydromys_asper,LC,LC,4589,4574,0.0678693771549519,0.0678693771549519,0,0,False
Gerbillus_nigeriae,LC,LC,4624,4575,0.0669115627877865,0.0678460872867879,0,0,False
Grammomys_macmillani,LC,LC,4918,4576,0.0556368440297196,0.0678375325273652,0,0,False
Fukomys_damarensis,LC,LC,4585,4577,0.0681456094664709,0.0678138098721407,0,0,False
Papio_cynocephalus,LC,LC,4590,4578,0.0678046125891149,0.0678046125891149,0,0,False
Bunomys_penitus,LC,LC,4591,4579,0.0677145677452656,0.0677145677452656,0,0,False
Myodes_rex,LC,LC,4582,4580,0.0682899482935276,0.0676772511066056,0,0,False
Molossus_barnesi,LC,LC,4526,4581,0.0710648886327118,0.0676760782456573,0,0,False
Gerbillus_gerbillus,LC,LC,4603,4582,0.0673702771554998,0.0676362744061051,0,0,False
Bdeogale_jacksoni,NT,NT,4592,4583,0.0676265545999926,0.0676265545999926,0,0,False
Peromyscus_gymnotis,LC,LC,4618,4584,0.067103071894565,0.067610993744242,0,0,False
Heteromys_oresterus,LC,LC,4595,4585,0.0675333521370944,0.0675333521370944,0,0,False
Eumops_auripendulus,LC,LC,4596,4586,0.0675199835986306,0.0675199835986306,0,0,False
Platyrrhinus_ismaeli,NT,NT,4597,4587,0.067513848771444,0.0675138487685511,0,0,False
Handleyomys_saturatior,DD,LC,2210,4588,0.251282858752757,0.0674926778875733,0,0,True
Peromyscus_mexicanus,LC,LC,4607,4589,0.0672917660189897,0.0674613893709383,0,0,False
Dobsonia_praedatrix,LC,LC,4600,4590,0.0674257672224776,0.0674257672224776,0,0,False
Herpestes_javanicus,LC,LC,4322,4591,0.0806974774613511,0.067412848131823,0,0,False
Sorex_cinereus,LC,LC,4598,4592,0.0675112234650038,0.0674060510815711,0,0,False
Allactaga_severtzovi,LC,LC,4559,4593,0.0691373151627344,0.067404725473737,0,0,False
Dobsonia_inermis,LC,LC,4602,4594,0.0674022057019895,0.0674022057019895,0,0,False
Papio_ursinus,LC,LC,4606,4595,0.0673042863017333,0.0673042863017333,0,0,False
Capreolus_capreolus,LC,LC,4609,4596,0.0672757793968432,0.0672757793968432,0,0,False
Auliscomys_pictus,LC,LC,4611,4597,0.0672491907106924,0.0672491907106924,0,0,False
Artibeus_lituratus,LC,LC,4612,4598,0.067249095396269,0.067249095396269,0,0,False
Lophostoma_yasuni,LC,LC,4613,4599,0.0672437516756427,0.0672437516756427,0,0,False
Steatomys_krebsii,LC,LC,4614,4600,0.0672280674313314,0.0672280674313314,0,0,False
Moschiola_kathygre,LC,LC,4615,4601,0.0671995123229734,0.0671995123229734,0,0,False
Perognathus_longimembris,LC,LC,4616,4602,0.0671907113495976,0.0671907113495976,0,0,False
Scotoecus_hirundo,LC,LC,4599,4603,0.0674564198241872,0.0671884891462309,0,0,False
Sciurus_lis,LC,LC,4627,4604,0.0667803468677985,0.0671327573487495,0,0,False
Scotoecus_pallidus,LC,LC,4617,4605,0.0671305750930392,0.0671305750930392,0,0,False
Uromys_caudimaculatus,LC,LC,4619,4606,0.0670343213421443,0.0670343213421443,0,0,False
Zyzomys_argurus,LC,LC,4620,4607,0.0670189185877169,0.0670189185877169,0,0,False
Crocidura_macarthuri,LC,LC,4608,4608,0.0672833398750656,0.0669959332072712,0,0,False
Hybomys_planifrons,LC,LC,4721,4609,0.0629982741479543,0.0669903233738417,0,0,False
Molossus_aztecus,LC,LC,4551,4610,0.0697579718178185,0.0669792474993458,0,0,False
Callicebus_cupreus,LC,LC,4666,4611,0.065306959341481,0.0669711534429011,0,0,False
Geomys_knoxjonesi,LC,LC,4621,4612,0.0669613400130478,0.0669613398704539,0,0,False
Hylomyscus_walterverheyeni,LC,LC,4622,4613,0.066936113206323,0.066936113206323,0,0,False
Graphiurus_rupicola,LC,LC,4623,4614,0.0669290198818393,0.0669290198818393,0,0,False
Graphiurus_ocularis,LC,LC,4625,4615,0.0669024321993932,0.0669024321993932,0,0,False
Capreolus_pygargus,LC,LC,4626,4616,0.0668190194452963,0.0668190194452963,0,0,False
Graphiurus_platyops,LC,LC,4630,4617,0.0666546922048544,0.0666546922048544,0,0,False
Crocidura_xantippe,LC,LC,4628,4618,0.0666995731873222,0.0665876956440523,0,0,False
Crocidura_smithii,LC,LC,4631,4619,0.0665768301596585,0.0665236814698594,0,0,False
Felis_margarita,LC,LC,4633,4620,0.0664692899394523,0.0664692899394523,0,0,False
Auliscomys_boliviensis,LC,LC,4635,4621,0.0664530296717159,0.0664530296717159,0,0,False
Sorex_asper,LC,LC,4629,4622,0.0666917363161226,0.0664515430777603,0,0,False
Phyllotis_xanthopygus,LC,LC,4636,4623,0.0664234358348334,0.0664234358348334,0,0,False
Eptesicus_pachyotis,LC,LC,4556,4624,0.069424879253356,0.0663842291330687,0,0,False
Hemiechinus_auritus,LC,LC,4637,4625,0.066384066427873,0.066384066427873,0,0,False
Crocidura_whitakeri,LC,LC,4638,4626,0.0663516885399318,0.0663516885399318,0,0,False
Lophuromys_flavopunctatus,LC,LC,4639,4627,0.0663002022904913,0.0663002022904913,0,0,False
Macaca_fuscata,LC,LC,4640,4628,0.066246053667231,0.066246053667231,0,0,False
Thallomys_paedulcus,LC,LC,4642,4629,0.0662249530017926,0.0662250454296498,0,0,False
Cephalophus_weynsi,LC,LC,4643,4630,0.0662243077328684,0.0662243077327868,0,0,False
Loxodontomys_pikumche,LC,LC,4644,4631,0.0662201022453518,0.0662201022453518,0,0,False
Chaerephon_chapini,LC,LC,4645,4632,0.0661843371709681,0.06618433717094,0,0,False
Ctenomys_lewisi,LC,LC,4674,4633,0.0650994879498728,0.0661283436242596,0,0,False
Crocidura_foxi,LC,LC,4632,4634,0.0665249634881736,0.0661176569229116,0,0,False
Sturnira_lilium,LC,LC,4646,4635,0.0661090786020863,0.0661090786020863,0,0,False
Miniopterus_majori,LC,LC,4634,4636,0.0664574636172969,0.0660687722723267,0,0,False
Crocidura_nigrofusca,LC,LC,4647,4637,0.0660638737750129,0.0660638737750129,0,0,False
Lynx_lynx,LC,LC,4648,4638,0.0660568975861523,0.0660568976586339,0,0,False
Stenocephalemys_griseicauda,LC,LC,4649,4639,0.0660410155630197,0.0660410155630197,0,0,False
Sciurus_vulgaris,LC,LC,4650,4640,0.066036079288495,0.066036079288495,0,0,False
Rhipidomys_itoan,LC,LC,4651,4641,0.0660281615253328,0.0660281615253328,0,0,False
Crocidura_arabica,LC,LC,4652,4642,0.0660087538922503,0.0660087538922503,0,0,False
Eptesicus_floweri,LC,LC,4593,4643,0.0675784044058987,0.0659924681403288,0,0,False
Hemiechinus_collaris,LC,LC,4653,4644,0.0659317810662973,0.0659317810662973,0,0,False
Stenella_attenuata,LC,LC,4654,4645,0.0658503940862023,0.0658503940862023,0,0,False
Muntiacus_muntjak,LC,LC,4655,4646,0.0658178462071645,0.0658178462071645,0,0,False
Herpestes_edwardsii,DD,LC,2275,4647,0.2433294226192,0.0658069341620405,0,0,True
Petaurus_norfolcensis,LC,LC,4656,4648,0.065779082603003,0.065779082603003,0,0,False
Glauconycteris_alboguttata,LC,LC,4575,4649,0.0685118213203893,0.0657142706986969,0,0,False
Hylomyscus_denniae,LC,LC,4659,4650,0.0657037594533253,0.0657037594533253,0,0,False
Allactaga_balikunica,LC,LC,4601,4651,0.0674203676759463,0.0656736342983935,0,0,False
Crocidura_arispa,LC,LC,4658,4652,0.0657174394059307,0.0655902849540538,0,0,False
Kerivoula_phalaena,LC,LC,4661,4653,0.0655569444066987,0.0655569444066987,0,0,False
Crocidura_somalica,LC,LC,4660,4654,0.0656625393839079,0.0655189255827735,0,0,False
Pipistrellus_nanulus,LC,LC,4604,4655,0.0673290520401002,0.0654883271872117,0,0,False
Tadarida_kuboriensis,LC,LC,4568,4656,0.0687842208022011,0.0654870659932382,0,0,False
Sorex_merriami,LC,LC,4663,4657,0.0654635695099801,0.0654635695099801,0,0,False
Crocidura_baluensis,LC,LC,4664,4658,0.0654504229406729,0.0654504229406729,0,0,False
Ametrida_centurio,LC,LC,4665,4659,0.0653565055379283,0.0653565055379283,0,0,False
Pipistrellus_angulatus,LC,LC,4605,4660,0.0673214772944719,0.0653248146728617,0,0,False
Crocidura_pullata,LC,LC,4662,4661,0.0654809349298557,0.065315498113889,0,0,False
Colobus_guereza,LC,LC,4667,4662,0.0652535437649341,0.0652816164768473,0,0,False
Ctenomys_frater,LC,LC,4697,4663,0.0639355686352989,0.0652128461518408,0,0,False
Lonchophylla_peracchii,LC,LC,4668,4664,0.0652123857088299,0.06521238570883,0,0,False
Stenocephalemys_albipes,LC,LC,4669,4665,0.0651699016068694,0.0651699016068694,0,0,False
Dasymys_incomtus,LC,LC,4670,4666,0.0651401853657249,0.0651401853657249,0,0,False
Crocidura_congobelgica,LC,LC,4672,4667,0.065101012451039,0.0651318502526254,0,0,False
Diclidurus_albus,LC,LC,4671,4668,0.0651095082370774,0.0651095082370774,0,0,False
Niviventer_brahma,LC,LC,4676,4669,0.0650658033786508,0.0650658033786508,0,0,False
Sorex_sonomae,LC,LC,4673,4670,0.0651007911433086,0.0650213881737143,0,0,False
Sorex_tundrensis,LC,LC,4675,4671,0.0650909008434756,0.0649874578484978,0,0,False
Loxodontomys_micropus,LC,LC,4677,4672,0.0647111797243204,0.0647111797243204,0,0,False
Kerivoula_muscina,LC,LC,4678,4673,0.0646909105753192,0.0646909105753192,0,0,False
Myotis_laniger,LC,LC,4786,4674,0.0604478735550603,0.0646714105497944,0,0,False
Zapus_princeps,LC,LC,4680,4675,0.064650206028741,0.064650206028741,0,0,False
Myotis_septentrionalis,NT,NT,4689,4676,0.0642156745181754,0.0646419457836404,0,0,False
Kerivoula_smithii,LC,LC,4681,4677,0.0645869313539904,0.0645869313539904,0,0,False
Pipistrellus_adamsi,LC,LC,4560,4678,0.0690615550968306,0.0645837409422,0,0,False
Graphiurus_lorraineus,LC,LC,4682,4679,0.0645717317526316,0.0645717317526316,0,0,False
Pygoderma_bilabiatum,LC,LC,4684,4680,0.0644863825046862,0.0644863825046862,0,0,False
Crocidura_turba,LC,LC,4685,4681,0.0644792752135404,0.0644792752135401,0,0,False
Ellobius_talpinus,LC,LC,4741,4682,0.0621394967383785,0.064397136810786,0,0,False
Heimyscus_fumosus,LC,LC,4687,4683,0.0643415965340145,0.0643415965340145,0,0,False
Crocidura_elgonius,LC,LC,4679,4684,0.0646582600877134,0.0643262344538159,0,0,False
Rattus_norvegicus,LC,LC,4688,4685,0.0642948925684854,0.0642948925684854,0,0,False
Crocidura_maquassiensis,LC,LC,4683,4686,0.0644995532110038,0.0642768305586529,0,0,False
Vulpes_cana,LC,LC,4690,4687,0.0642129403088798,0.0642129403088798,0,0,False
Crocidura_jacksoni,LC,LC,4692,4688,0.0641267425037356,0.064211025215531,0,0,False
Ellobius_tancrei,LC,LC,4756,4689,0.0615604489401638,0.0641167250214948,0,0,False
Crocidura_maxi,LC,LC,4686,4690,0.0644055882532559,0.064107007279452,0,0,False
Eptesicus_lobatus,DD,LC,2082,4691,0.267711088836946,0.0641066779764116,0,0,True
Grammomys_dolichurus,LC,LC,4969,4692,0.0540741347076955,0.0640909911876478,0,0,False
Marmota_olympus,LC,LC,4693,4693,0.064068267006938,0.064068267006938,0,0,False
Zapus_trinotatus,LC,LC,4694,4694,0.0639985618015455,0.0639985618015455,0,0,False
Peponocephala_electra,LC,LC,4695,4695,0.0639932719516543,0.0639932719516543,0,0,False
Atelerix_sclateri,LC,LC,4696,4696,0.0639651488386284,0.0639651488386284,0,0,False
Ctenomys_argentinus,NT,NT,4727,4697,0.06270996725781,0.0638808679260839,0,0,False
Steatomys_parvus,LC,LC,4698,4698,0.0638683451846672,0.0638683451846672,0,0,False
Vulpes_zerda,LC,LC,4699,4699,0.0638652278588586,0.0638652278588586,0,0,False
Rattus_nitidus,LC,LC,4701,4700,0.063783600319806,0.063783600319806,0,0,False
Myosorex_varius,LC,LC,4703,4701,0.0637529771810734,0.0637529771810734,0,0,False
Galagoides_nyasae,DD,LC,1896,4702,0.296060782064841,0.0637493290929831,0,0,True
Lonchophylla_thomasi,LC,LC,4705,4703,0.063672566041606,0.0636725660416062,0,0,False
Crocidura_yankariensis,LC,LC,4702,4704,0.0637556418790886,0.0636027114859709,0,0,False
Melomys_burtoni,LC,LC,4707,4705,0.0635965802400563,0.0635965802400563,0,0,False
Crocidura_hutanis,LC,LC,4704,4706,0.063677706160064,0.0635046037148562,0,0,False
Dasymys_rufulus,LC,LC,4710,4707,0.0634966701957957,0.0634966701957957,0,0,False
Sciurocheirus_alleni,NT,NT,4711,4708,0.0634618411462439,0.0634617896953044,0,0,False
Hylomyscus_arcimontensis,LC,LC,4713,4709,0.063438509764278,0.063438509764278,0,0,False
Akodon_montensis,LC,LC,4708,4710,0.0635407771906991,0.0634132828679022,0,0,False
Rhogeessa_bickhami,LC,LC,4714,4711,0.0632894974523654,0.0632894974523654,0,0,False
Carollia_subrufa,LC,LC,4716,4712,0.0632047639086957,0.0632047639086957,0,0,False
Tamiasciurus_douglasii,LC,LC,5054,4713,0.0511877246815601,0.0631936405298181,0,0,False
Dasyprocta_fuliginosa,LC,LC,4700,4714,0.0638452821080491,0.0631635835407245,0,0,False
Crocidura_fumosa,LC,LC,4715,4715,0.0632602529877153,0.0631443509821691,0,0,False
Nephelomys_meridensis,LC,LC,4718,4716,0.0631166972364695,0.0631166972364695,0,0,False
Cavia_aperea,LC,LC,4719,4717,0.0631004206045103,0.0631004206045103,0,0,False
Lophuromys_chrysopus,LC,LC,4722,4718,0.0629441403142073,0.0629441403142073,0,0,False
Kerivoula_argentata,LC,LC,4723,4719,0.0629141549028407,0.0629141549028407,0,0,False
Peromyscus_gossypinus,LC,LC,4709,4720,0.0635019009361926,0.0628921778857911,0,0,False
Capra_aegagrus,NT,NT,4724,4721,0.0628304523285618,0.062846089848928,0,0,False
Callosciurus_quinquestriatus,LC,LC,4742,4722,0.0621140195626798,0.0628211435578506,0,0,False
Niviventer_eha,LC,LC,4725,4723,0.0628092974355639,0.0628092974355639,0,0,False
Rhogeessa_gracilis,LC,LC,4726,4724,0.0628048317479206,0.0628048317479206,0,0,False
Eptesicus_bobrinskoi,DD,DD,4737,4725,0.0622569437610979,0.0628021446548124,0,0,False
Eptesicus_nilssonii,LC,LC,4729,4726,0.0626479147062094,0.0627234707267654,0,0,False
Peromyscus_leucopus,LC,LC,4720,4727,0.0630100861043975,0.062714307132228,0,0,False
Thallomys_nigricauda,LC,LC,4728,4728,0.0627062842113095,0.0627062873812485,0,0,False
Vicugna_vicugna,LC,LC,4743,4729,0.0620599000399206,0.062667953753835,0,0,False
Reithrodontomys_rodriguezi,LC,LC,4753,4730,0.0616256831594904,0.0626617582415457,0,0,False
Tylomys_mirae,LC,LC,4730,4731,0.0626050997155321,0.0626050997155321,0,0,False
Allactaga_vinogradovi,LC,LC,4706,4732,0.0636294520968227,0.062595220035055,0,0,False
Hylomyscus_kerbispeterhansi,LC,LC,4731,4733,0.0624980355448771,0.0624980355448771,0,0,False
Margaretamys_beccarii,LC,LC,4732,4734,0.0624212007608888,0.0624212007608888,0,0,False
Kerivoula_lanosa,LC,LC,4733,4735,0.0624194266911339,0.0624194266911339,0,0,False
Melogale_orientalis,LC,LC,4735,4736,0.0623679339665547,0.0623679339665547,0,0,False
Niviventer_excelsior,LC,LC,4736,4737,0.0622696723714931,0.0622696723714931,0,0,False
Marmota_caligata,LC,LC,4738,4738,0.0622394536317902,0.0622394536317902,0,0,False
Petaurista_magnificus,NE,LC,2090,4739,0.26681008933205,0.0621586751393217,0,0,True
Carollia_manu,LC,LC,4740,4740,0.0621519325986654,0.0621519325986654,0,0,False
Hybomys_trivirgatus,LC,LC,4796,4741,0.0601545710513246,0.0621211681112078,0,0,False
Callicebus_donacophilus,LC,LC,4773,4742,0.0610120362629716,0.0620506329423277,0,0,False
Crocidura_serezkyensis,LC,LC,4739,4743,0.0622085112841729,0.0620453495895814,0,0,False
Callosciurus_phayrei,LC,LC,4779,4744,0.0607798600400792,0.0620089528478884,0,0,False
Callosciurus_pygerythrus,LC,LC,4776,4745,0.0608856500648547,0.0620022132244508,0,0,False
Zyzomys_woodwardi,LC,LC,4745,4746,0.0619955547402026,0.0619953722071818,0,0,False
Holochilus_sciureus,LC,LC,4746,4747,0.0619914993323117,0.0619914993323117,0,0,False
Niviventer_andersoni,LC,LC,4747,4748,0.061991380328784,0.061991380328784,0,0,False
Callicebus_caligatus,LC,LC,4771,4749,0.0611217967277917,0.0619598600331171,0,0,False
Phoniscus_jagorii,LC,LC,4748,4750,0.0618822117749377,0.0618822117749377,0,0,False
Crocidura_denti,LC,LC,4749,4751,0.0618093581492566,0.0618093581280273,0,0,False
Euryoryzomys_legatus,LC,LC,4750,4752,0.0618077403033526,0.0618077403033526,0,0,False
Molossus_currentium,LC,LC,4691,4753,0.0641920534444023,0.06170990396449,0,0,False
Eptesicus_serotinus,LC,LC,4764,4754,0.0613219160813666,0.0617079294429978,0,0,False
Monodelphis_scalops,LC,LC,4775,4755,0.060954071126274,0.0617066024083291,0,0,False
Crocidura_nigeriae,LC,LC,4751,4756,0.0616509389960984,0.0616509389960984,0,0,False
Spilogale_angustifrons,LC,LC,4752,4757,0.0616494382646362,0.0616494382646362,0,0,False
Rattus_niobe,LC,LC,4754,4758,0.0616238934275611,0.0616238934275611,0,0,False
Mungos_gambianus,LC,LC,4755,4759,0.0615674247588788,0.0615674247588788,0,0,False
Sundasciurus_philippinensis,LC,LC,4757,4760,0.0615602321672144,0.0615602321672144,0,0,False
Monodelphis_theresa,LC,LC,4778,4761,0.0608583641079803,0.0615497802606276,0,0,False
Delomys_collinus,LC,LC,4758,4762,0.0615477970603909,0.0615477970603909,0,0,False
Proechimys_echinothrix,LC,LC,4759,4763,0.0615220714669159,0.0615220714669159,0,0,False
Procapra_gutturosa,LC,LC,4760,4764,0.061500407802459,0.061500407802459,0,0,False
Odocoileus_virginianus,LC,LC,4761,4765,0.0614859364252616,0.0614859364250568,0,0,False
Eumops_glaucinus,LC,LC,4762,4766,0.0614036881548442,0.0614036881548442,0,0,False
Crocidura_greenwoodi,LC,LC,4763,4767,0.0613982777858909,0.0613982777858909,0,0,False
Maxomys_inas,LC,LC,4734,4768,0.0623705376919767,0.0613898061209487,0,0,False
Dicrostonyx_torquatus,LC,LC,4842,4769,0.0585590124511033,0.0613662552137173,0,0,False
Delomys_dorsalis,LC,LC,4765,4770,0.0613210036316085,0.0613210036316085,0,0,False
Ochotona_roylei,LC,LC,4766,4771,0.0612176032161694,0.0612176032161694,0,0,False
Glischropus_tylopus,LC,LC,4767,4772,0.0612086937044625,0.0612086937044625,0,0,False
Crocidura_vorax,LC,LC,4768,4773,0.0611971001588719,0.0611971001588724,0,0,False
Rhogeessa_alleni,LC,LC,4770,4774,0.0611224668321715,0.0611224668321338,0,0,False
Maxomys_alticola,LC,LC,4717,4775,0.0631572632415155,0.0609718732217439,0,0,False
Proechimys_poliopus,LC,LC,4774,4776,0.0609558075457735,0.0609558075457735,0,0,False
Scapteromys_tumidus,LC,LC,4777,4777,0.0608811263654344,0.0608661476292316,0,0,False
Crocidura_allex,LC,LC,4781,4778,0.0606559934290482,0.0606559934290482,0,0,False
Sundasciurus_mindanensis,LC,LC,4782,4779,0.0606413278185958,0.0606413278185958,0,0,False
Pipistrellus_pygmaeus,LC,LC,4783,4780,0.0606033051124487,0.0606367877865067,0,0,False
Ctenomys_haigi,LC,LC,4822,4781,0.0593014659274434,0.0606238703567821,0,0,False
Neoromicia_capensis,LC,LC,4514,4782,0.0715138458304531,0.0605606679811876,0,0,False
Sorex_arunchi,LC,LC,4780,4783,0.0607570705650119,0.0605323151620168,0,0,False
Odocoileus_hemionus,LC,LC,4785,4784,0.0605228506682492,0.0605228484320974,0,0,False
Rattus_pyctoris,LC,LC,4788,4785,0.0603865769216924,0.0603865769216924,0,0,False
Neoromicia_zuluensis,LC,LC,4588,4786,0.0680045867522609,0.0603741362377185,0,0,False
Ochotona_macrotis,LC,LC,4789,4787,0.0603506292018384,0.0603506292018384,0,0,False
Microtus_middendorffii,LC,LC,4791,4788,0.0602832462896421,0.0602832462876419,0,0,False
Hipposideros_rotalis,LC,LC,4792,4789,0.0602647580614778,0.0602647580614778,0,0,False
Crocidura_pasha,LC,LC,4793,4790,0.0602549995034496,0.0602549995034496,0,0,False
Rattus_tunneyi,LC,LC,4794,4791,0.0602229048166075,0.0602229048166075,0,0,False
Canis_latrans,LC,LC,4795,4792,0.0602065514620061,0.0601982073391545,0,0,False
Pteropus_giganteus,NT,NT,4790,4793,0.0603118453751555,0.0601963684187569,0,0,False
Sturnira_ludovici,LC,LC,4797,4794,0.0601530125650122,0.0601530125650122,0,0,False
Chaetodipus_artus,LC,LC,4807,4795,0.0597795327354311,0.060094218855844,0,0,False
Crocidura_gmelini,LC,LC,4805,4796,0.0598956090515084,0.060065845163747,0,0,False
Megaloglossus_azagnyi,LC,LC,4798,4797,0.0600158394959665,0.0600158394959665,0,0,False
Capra_pyrenaica,LC,LC,4799,4798,0.0600113925840415,0.0600114407863238,0,0,False
Coendou_rufescens,LC,LC,4800,4799,0.0600051021441056,0.0600051021441056,0,0,False
Cebus_olivaceus,LC,LC,4801,4800,0.0599927372077274,0.0599927372077274,0,0,False
Sylvilagus_cunicularius,LC,LC,4909,4801,0.0559596082008104,0.0599648894079689,0,0,False
Mungos_mungo,LC,LC,4802,4802,0.0599464198627644,0.0599464198627644,0,0,False
Genetta_thierryi,LC,LC,4804,4803,0.0599130201216325,0.0599130201216325,0,0,False
Oryx_gazella,LC,LC,4806,4804,0.059844816113656,0.059844816113656,0,0,False
Crocidura_virgata,LC,LC,4808,4805,0.0597673810976288,0.0597673810976288,0,0,False
Madoqua_guentheri,LC,LC,4810,4806,0.0597284302451247,0.0597284302451247,0,0,False
Microtus_mongolicus,LC,LC,4811,4807,0.0597208994451969,0.0596862830589099,0,0,False
Akodon_dayi,LC,LC,4812,4808,0.0596366264115547,0.0596366264115547,0,0,False
Ammospermophilus_leucurus,LC,LC,4813,4809,0.0595931893132395,0.0595931893132395,0,0,False
Lepus_fagani,LC,LC,4814,4810,0.0595928124699623,0.0595928124699623,0,0,False
Crossarchus_platycephalus,LC,LC,4815,4811,0.0595830047497252,0.0595830047497252,0,0,False
Sorex_veraepacis,LC,LC,4820,4812,0.0593614719434697,0.0595362180101341,0,0,False
Proechimys_guairae,LC,LC,4816,4813,0.0594644813248903,0.0594644813248903,0,0,False
Lepus_nigricollis,LC,LC,4817,4814,0.0594531044406027,0.0594531044406027,0,0,False
Scotophilus_livingstonii,LC,LC,4818,4815,0.0594401379381575,0.0594401379381575,0,0,False
Pithecia_irrorata,DD,DD,4784,4816,0.0605699383630025,0.0594380570655668,0,0,False
Genetta_tigrina,LC,LC,4819,4817,0.0594058825524054,0.0594058825524054,0,0,False
Notomys_mitchellii,LC,LC,4821,4818,0.0593508062260846,0.0593508062260846,0,0,False
Cebus_albifrons,LC,LC,4823,4819,0.059277417120168,0.059277417120168,0,0,False
Holochilus_chacarius,LC,LC,4824,4820,0.0592736393643832,0.0592736393643832,0,0,False
Spermophilus_brevicauda,LC,LC,4825,4821,0.0592266014578071,0.0592266014578071,0,0,False
Dipodomys_insularis,LC,LC,4826,4822,0.0592261659735675,0.0592261659735675,0,0,False
Gerbilliscus_boehmi,LC,LC,4744,4823,0.0620362713097063,0.0591440665611357,0,0,False
Microtus_abbreviatus,LC,LC,4831,4824,0.0589756169863621,0.0590809812315152,0,0,False
Mammelomys_lanosus,LC,LC,4828,4825,0.0590692023102625,0.0590692023102625,0,0,False
Megaloglossus_woermanni,LC,LC,4829,4826,0.0590462630514569,0.0590462630514569,0,0,False
Chiropodomys_gliroides,LC,LC,4830,4827,0.0590085759710326,0.0590085759710326,0,0,False
Gazella_bennettii,LC,LC,4928,4828,0.0553582759492983,0.0589455905392026,0,0,False
Microtus_miurus,LC,LC,4838,4829,0.0587695244592319,0.0589417968655158,0,0,False
Capra_ibex,LC,LC,4832,4830,0.0589275558933872,0.0589276537747722,0,0,False
Rhipidomys_mastacalis,LC,LC,4833,4831,0.0589257219844939,0.0589257219844939,0,0,False
Sorex_planiceps,LC,LC,4827,4832,0.0592020492486038,0.0588315719369321,0,0,False
Artibeus_obscurus,LC,LC,4836,4833,0.0588240197701776,0.0588240197701776,0,0,False
Sorex_veraecrucis,LC,LC,4835,4834,0.0588638395297031,0.0587991308848454,0,0,False
Abrothrix_lanosus,LC,LC,4840,4835,0.0586894564234476,0.0586894564220199,0,0,False
Glischropus_bucephalus,LC,LC,4841,4836,0.0586752892438211,0.0586752892438211,0,0,False
Sorex_orizabae,LC,LC,4809,4837,0.0597377934484698,0.0586356140412957,0,0,False
Miniopterus_gleni,LC,LC,4839,4838,0.0587143804403122,0.0585162712503469,0,0,False
Myotis_moluccarum,LC,LC,4851,4839,0.0581350245652879,0.0585034481888528,0,0,False
Microtus_townsendii,LC,LC,4834,4840,0.0588849835022513,0.0584889338513715,0,0,False
Ammospermophilus_interpres,LC,LC,4843,4841,0.0584758799689579,0.0584758799689579,0,0,False
Sturnira_oporaphilum,LC,LC,4844,4842,0.0584275512967353,0.0584275512967353,0,0,False
Sciurus_nayaritensis,LC,LC,4847,4843,0.0583035606984069,0.0584219851441657,0,0,False
Madoqua_kirkii,LC,LC,4845,4844,0.0583650137390618,0.0583650137390618,0,0,False
Dipodomys_merriami,LC,LC,4848,4845,0.0582910494780867,0.0582910494780867,0,0,False
Ochotona_cansus,LC,LC,4849,4846,0.0582790830205283,0.0582790830205283,0,0,False
Stylodipus_sungorus,LC,LC,4850,4847,0.0582755380778084,0.0582755380778084,0,0,False
Ochotona_dauurica,LC,LC,4852,4848,0.058050256243043,0.058050256243043,0,0,False
Myotis_occultus,LC,LC,4855,4849,0.0578929139744196,0.0580290740499179,0,0,False
Sciurus_colliaei,LC,LC,4854,4850,0.0578945919743385,0.0578959273462076,0,0,False
Thamnomys_venustus,LC,LC,4856,4851,0.0578863059488805,0.0578863059488805,0,0,False
Eligmodontia_typus,LC,LC,4857,4852,0.0578691848024924,0.0578691848024924,0,0,False
Marmosops_paulensis,LC,LC,4859,4853,0.0578377726441914,0.0578377726441914,0,0,False
Microtus_canicaudus,LC,LC,4858,4854,0.0578534120020563,0.0578251441520289,0,0,False
Crocidura_olivieri,LC,LC,4861,4855,0.0577094225000384,0.0577094225000384,0,0,False
Coccymys_ruemmleri,LC,LC,4862,4856,0.0577071111464647,0.0577071111464647,0,0,False
Meles_leucurus,LC,LC,4863,4857,0.0576427473777187,0.0576427473777187,0,0,False
Mammelomys_rattoides,LC,LC,4864,4858,0.0576100403900396,0.0576100403900396,0,0,False
Lepus_habessinicus,LC,LC,4865,4859,0.0574914853661321,0.0574914853661321,0,0,False
Neoromicia_matroka,DD,LC,2514,4860,0.212577431094033,0.0574726112211855,0,0,True
Allocricetulus_curtatus,LC,LC,4846,4861,0.0583074981118666,0.0574605126852695,0,0,False
Meles_anakuma,LC,LC,4866,4862,0.0574538289473454,0.0574538289473454,0,0,False
Aconaemys_fuscus,LC,LC,4868,4863,0.057429446148279,0.057429446148279,0,0,False
Balaenoptera_edeni,LC,LC,4869,4864,0.0574112168732141,0.0574112168732141,0,0,False
Proechimys_semispinosus,LC,LC,4870,4865,0.057386070536017,0.057386070536017,0,0,False
Oligoryzomys_stramineus,LC,LC,4872,4866,0.0573244765022519,0.0573244765022519,0,0,False
Allocricetulus_eversmanni,LC,LC,4867,4867,0.0574308279328561,0.0573018570122493,0,0,False
Cynomops_planirostris,LC,LC,4922,4868,0.0555140262801988,0.0572653541180271,0,0,False
Oligoryzomys_nigripes,LC,LC,4873,4869,0.0571415432632789,0.0571415432632789,0,0,False
Myotis_dinellii,LC,LC,4896,4870,0.0564310257988385,0.0571373551238714,0,0,False
Marmosops_incanus,LC,LC,4874,4871,0.0571149780355404,0.0571149780355404,0,0,False
Conepatus_humboldtii,LC,LC,4875,4872,0.0570989031465464,0.0570989031465464,0,0,False
Sciurus_alleni,LC,LC,4914,4873,0.0557760996595502,0.0570899277171,0,0,False
Peromyscus_pectoralis,LC,LC,4880,4874,0.0569911147993288,0.0570834532731955,0,0,False
Cephalorhynchus_eutropia,NT,NT,4876,4875,0.0570469534570084,0.0570469534570084,0,0,False
Proechimys_pattoni,LC,LC,4877,4876,0.0570426573256186,0.0570426573256186,0,0,False
Mastomys_shortridgei,LC,LC,4878,4877,0.0570389938042971,0.0570389938042971,0,0,False
Ctenomys_torquatus,LC,LC,4907,4878,0.0560782954290236,0.0570068567102547,0,0,False
Rattus_argentiventer,LC,LC,4881,4879,0.0569635156093503,0.0569635156093503,0,0,False
Glauconycteris_argentata,LC,LC,4894,4880,0.0564668274354565,0.0569307273037105,0,0,False
Necromys_temchuki,LC,LC,4882,4881,0.0569054093444879,0.0569054093444879,0,0,False
Allactaga_elater,LC,LC,4407,4882,0.0766246878272909,0.0568149512511601,0,0,False
Bunomys_andrewsi,LC,LC,4885,4883,0.0568067561330836,0.0568067561330836,0,0,False
Microsciurus_mimulus,LC,LC,4927,4884,0.055371191328392,0.0567983703179916,0,0,False
Pteropus_rufus,VU,VU,4886,4885,0.0567998254928256,0.0567843371242366,0,0,False
Sciurus_yucatanensis,LC,LC,4940,4886,0.0550002592974594,0.056713092590608,0,0,False
Mustela_sibirica,LC,LC,4888,4887,0.0567048263476966,0.0567048263476966,0,0,False
Rhinolophus_virgo,LC,LC,4884,4888,0.0568140200751371,0.0566953452458688,0,0,False
Rupicapra_rupicapra,LC,LC,4889,4889,0.0566866558597771,0.0566866558597771,0,0,False
Callicebus_moloch,LC,LC,4893,4890,0.0564683907605833,0.056651353020363,0,0,False
Bunomys_chrysocomus,LC,LC,4890,4891,0.0566177947344642,0.0566177947344642,0,0,False
Sylvilagus_floridanus,LC,LC,4971,4892,0.0539756213677616,0.0565742566845344,0,0,False
Rhynchomys_soricoides,NT,NT,4895,4893,0.0564614923235492,0.0564614923235492,0,0,False
Pteropus_yapensis,VU,VU,4892,4894,0.0564739242921769,0.0564456334111079,0,0,False
Lepus_tibetanus,LC,LC,4897,4895,0.056419505465477,0.056419505465477,0,0,False
Chiropotes_chiropotes,LC,LC,4898,4896,0.0564167511514652,0.0564167511514652,0,0,False
Dendromus_mesomelas,LC,LC,4860,4897,0.0577178685078576,0.0563940056426366,0,0,False
Rupicapra_pyrenaica,LC,LC,4899,4898,0.0563930747601613,0.0563930747601613,0,0,False
Proechimys_goeldii,LC,LC,4900,4899,0.0563896371741436,0.0563896371741436,0,0,False
Rheomys_raptor,LC,LC,4943,4900,0.0548888915866646,0.0563163208601618,0,0,False
Genetta_poensis,DD,DD,4902,4901,0.0563154534133007,0.0563154534133007,0,0,False
Pipistrellus_crassulus,DD,LC,2204,4902,0.251893174184996,0.0562147381241386,0,0,True
Aethomys_ineptus,LC,LC,4879,4903,0.0570232799675492,0.0561646478834226,0,0,False
Allactaga_toussi,DD,LC,2532,4904,0.211136740558869,0.0561568684987923,0,0,True
Rattus_hoffmanni,LC,LC,4904,4905,0.0561494175863205,0.0561494175863205,0,0,False
Spermophilus_ralli,LC,LC,4905,4906,0.056118944915652,0.056118944915652,0,0,False
Nesokia_indica,LC,LC,4908,4907,0.0560300195603921,0.0560300195603921,0,0,False
Lemmus_lemmus,LC,LC,4912,4908,0.0557872250581204,0.0557872250581204,0,0,False
Isothrix_sinnamariensis,LC,LC,4913,4909,0.0557865352599514,0.0557865352599514,0,0,False
Cervus_elaphus,LC,LC,4915,4910,0.0557512908401574,0.0557512908401574,0,0,False
Chiropodomys_major,LC,LC,4916,4911,0.0557463956317159,0.0557463956317159,0,0,False
Papio_anubis,LC,LC,4920,4912,0.0555778249094293,0.0555778249094293,0,0,False
Dobsonia_viridis,LC,LC,4921,4913,0.0555390443886604,0.0555390443886604,0,0,False
Apomys_zambalensis,LC,LC,4923,4914,0.0554423652246921,0.0554423652246921,0,0,False
Myomyscus_angolensis,LC,LC,4924,4915,0.0554378173909666,0.0554378173909666,0,0,False
Isothrix_pagurus,LC,LC,4925,4916,0.0554272362173079,0.0554272362173079,0,0,False
Microtus_multiplex,LC,LC,4926,4917,0.0553797531481391,0.0553797531481389,0,0,False
Peromyscus_polionotus,LC,LC,4929,4918,0.0553241873038707,0.0553288857390576,0,0,False
Peromyscus_aztecus,LC,LC,4919,4919,0.0556000807197897,0.0553180530640594,0,0,False
Dendromus_insignis,LC,LC,4903,4920,0.056293589730775,0.0552902392365835,0,0,False
Pteropus_pelewensis,VU,VU,4930,4921,0.0552752176197782,0.0552752176196512,0,0,False
Gerbilliscus_inclusus,LC,LC,4853,4922,0.0579965561177408,0.0552727143939479,0,0,False
Platyrrhinus_infuscus,LC,LC,4911,4923,0.0558914309668791,0.0552716825717415,0,0,False
Meriones_crassus,LC,LC,4931,4924,0.0552692876671854,0.0552692876670777,0,0,False
Cervus_nippon,LC,LC,4932,4925,0.0552623917990011,0.0552623917990011,0,0,False
Cratogeomys_fulvescens,LC,LC,4934,4926,0.0551687983880207,0.0551687983880207,0,0,False
Acomys_subspinosus,LC,LC,4935,4927,0.055153425403254,0.0551534250387607,0,0,False
Platyrrhinus_aurarius,LC,LC,4910,4928,0.0559157352153057,0.055144037664567,0,0,False
Sorex_oreopolus,LC,LC,4901,4929,0.0563350371924826,0.0551365436123131,0,0,False
Rattus_lutreolus,LC,LC,4936,4930,0.055134789160616,0.055134789160616,0,0,False
Myotis_lavali,LC,LC,4984,4931,0.0534640253262082,0.0550993404486582,0,0,False
Aethomys_chrysophilus,LC,LC,4891,4932,0.0565287538911501,0.0550807890234464,0,0,False
Nephelomys_devius,LC,LC,4938,4933,0.0550506330949056,0.0550506330949056,0,0,False
Otomys_karoensis,LC,LC,4939,4934,0.0550356985074113,0.0550356985074113,0,0,False
Nyctimene_minutus,VU,LC,2248,4935,0.246821297914939,0.0549678352490948,0,0,True
Zalophus_californianus,LC,LC,4942,4936,0.0549674888125717,0.0549674888163201,0,0,False
Microtus_socialis,LC,LC,4941,4937,0.0549844796808936,0.0549307053931024,0,0,False
Rattus_losea,LC,LC,4945,4938,0.0548469589123659,0.0548469589123659,0,0,False
Ziphius_cavirostris,LC,LC,4946,4939,0.0548390315831703,0.0548390315831703,0,0,False
Nyctimene_malaitensis,LC,LC,4917,4940,0.0556846973773859,0.0547397921410437,0,0,False
Otomops_madagascariensis,LC,LC,4948,4941,0.0547197737358148,0.0547197737358148,0,0,False
Melogale_personata,LC,LC,4949,4942,0.0546983828104072,0.0546983828104072,0,0,False
Callicebus_lugens,LC,LC,4953,4943,0.0545685621307475,0.0546804444916235,0,0,False
Melogale_moschata,LC,LC,4951,4944,0.054618605635363,0.054618605635363,0,0,False
Ellobius_lutescens,LC,LC,5089,4945,0.0499778177844879,0.0545944729723384,0,0,False
Bandicota_bengalensis,LC,LC,4952,4946,0.0545903199472087,0.0545903199472087,0,0,False
Meriones_hurrianae,LC,LC,4937,4947,0.0550852697563403,0.0545901420501643,0,0,False
Aotus_nigriceps,LC,LC,4956,4948,0.0544608592742982,0.0545657605140709,0,0,False
Sorex_mediopua,LC,LC,4944,4949,0.0548718771137161,0.0545494351986015,0,0,False
Crunomys_melanius,LC,LC,4954,4950,0.0545011651189913,0.0545010878845298,0,0,False
Sorex_ventralis,LC,LC,4933,4951,0.0551912773286607,0.0544925125205541,0,0,False
Phyllomys_dasythrix,LC,LC,4958,4952,0.0544092434836266,0.0544092434836266,0,0,False
Phyllotis_amicus,LC,LC,4959,4953,0.0543831633662333,0.0543831633662333,0,0,False
Ctenomys_talarum,LC,LC,5528,4954,0.0369185804681471,0.0543266827574256,0,0,False
Orthogeomys_matagalpae,DD,DD,4970,4955,0.0540175563726501,0.0543253268173174,0,0,False
Dobsonia_beauforti,LC,LC,4960,4956,0.054311512740474,0.054311512740474,0,0,False
Didelphis_marsupialis,LC,LC,4961,4957,0.0542719898741638,0.0542719898741586,0,0,False
Crocidura_littoralis,LC,LC,4962,4958,0.0542496355672507,0.0542496355672507,0,0,False
Mus_vulcani,LC,LC,4963,4959,0.0542348957553642,0.0542348957553642,0,0,False
Lynx_canadensis,LC,LC,4964,4960,0.0542100393084982,0.0542100393260822,0,0,False
Tamias_rufus,LC,LC,4965,4961,0.0541920092390088,0.0541920092390088,0,0,False
Triaenops_persicus,LC,LC,4967,4962,0.0540854901608539,0.0540789671294877,0,0,False
Bandicota_savilei,LC,LC,4968,4963,0.0540769945941192,0.0540769945941192,0,0,False
Peromyscus_hylocetes,LC,LC,4947,4964,0.0548359313060794,0.0540385443596317,0,0,False
Rhinolophus_thomasi,LC,LC,4966,4965,0.054092430338743,0.054001436000076,0,0,False
Dermanura_toltecus,DD,LC,2708,4966,0.192888075099146,0.0538693287026825,0,0,True
Aotus_azarae,LC,LC,4988,4967,0.0534099647508499,0.0538637643049082,0,0,False
Dasyprocta_cristata,LC,LC,5031,4968,0.051935110777208,0.0538244181887554,0,0,False
Callicebus_hoffmannsi,LC,LC,4975,4969,0.0537401330242251,0.0538025699260201,0,0,False
Hipposideros_lylei,LC,LC,4974,4970,0.0537512577312645,0.0537512577312645,0,0,False
Hystrix_africaeaustralis,LC,LC,4976,4971,0.0536810324009067,0.0536810324009067,0,0,False
Dermanura_phaeotis,LC,LC,4383,4972,0.0774949046035026,0.0536367056967539,0,0,False
Procyon_lotor,LC,LC,4977,4973,0.0536093014418457,0.0536093014418804,0,0,False
Myotis_stalkeri,LC,LC,4991,4974,0.0533231511660082,0.0535775135239728,0,0,False
Procyon_cancrivorus,LC,LC,4979,4975,0.053557827325621,0.0535578273256395,0,0,False
Proechimys_canicollis,LC,LC,4980,4976,0.0535556144182876,0.0535556144182876,0,0,False
Graomys_griseoflavus,LC,LC,4981,4977,0.0535373629419036,0.0535373629419036,0,0,False
Sylvilagus_bachmani,LC,LC,5077,4978,0.0506063835583788,0.0535183168689932,0,0,False
Meriones_rex,LC,LC,4982,4979,0.0534904041580316,0.0534904041579431,0,0,False
Capricornis_swinhoei,LC,LC,4983,4980,0.053480417461701,0.053480417461701,0,0,False
Peromyscus_merriami,LC,LC,5034,4981,0.0519041141927252,0.0534693806936823,0,0,False
Hystrix_cristata,LC,LC,4985,4982,0.0534494641844296,0.0534494641844296,0,0,False
Phyllotis_haggardi,LC,LC,4986,4983,0.0534474797294512,0.0534474797294512,0,0,False
Rhinolophus_cohenae,VU,VU,4987,4984,0.0534168177395511,0.0534168177395511,0,0,False
Didelphis_aurita,LC,LC,4989,4985,0.0533762562214946,0.0533762562214936,0,0,False
Handleyomys_fuscatus,LC,LC,4497,4986,0.0720712407194465,0.0533410246560152,0,0,False
Nephelomys_auriventer,LC,LC,4992,4987,0.0533157722650037,0.0533157722650038,0,0,False
Rhinolophus_creaghi,LC,LC,4993,4988,0.0533022427521231,0.0533022427521231,0,0,False
Eumops_patagonicus,LC,LC,4994,4989,0.0533014816228934,0.0533014816228934,0,0,False
Ovis_nivicola,LC,LC,4995,4990,0.0532878958092294,0.0532884448930303,0,0,False
Eptesicus_chiriquinus,LC,LC,5007,4991,0.0528411612997267,0.0532785043184107,0,0,False
Eumops_bonariensis,LC,LC,4996,4992,0.0532508090210851,0.0532508090210851,0,0,False
Semnopithecus_dussumieri,LC,LC,4997,4993,0.0532325989627999,0.0532325989627999,0,0,False
Tamiasciurus_hudsonicus,LC,LC,5668,4994,0.0298407042566632,0.0532297863875355,0,0,False
Nyctimene_certans,LC,LC,4973,4995,0.0539203241898068,0.053229469833621,0,0,False
Eothenomys_cachinus,NE,LC,2482,4996,0.215576895908076,0.053224826883568,0,0,True
Paralomys_gerbillus,LC,LC,4998,4997,0.053147247406495,0.053147247406495,0,0,False
Sylvisorex_granti,LC,LC,4999,4998,0.0531443690810259,0.0531443690810259,0,0,False
Nyctalus_leisleri,LC,LC,5001,4999,0.0531358342895479,0.0531358342895479,0,0,False
Prosciurillus_murinus,LC,LC,5002,5000,0.0531304654261596,0.0531304654261596,0,0,False
Miniopterus_fraterculus,LC,LC,4978,5001,0.0535674996121803,0.0531145356153703,0,0,False
Sylvisorex_vulcanorum,LC,LC,5003,5002,0.0531142137363898,0.0531142137363898,0,0,False
Nephelomys_caracolus,LC,LC,5004,5003,0.0531008828071975,0.0531008828071975,0,0,False
Scapteromys_aquaticus,LC,LC,5005,5004,0.0530156758391718,0.0530156758391804,0,0,False
Sorex_haydeni,LC,LC,5000,5005,0.0531420048125695,0.0530016243799307,0,0,False
Myotis_ater,LC,LC,5013,5006,0.0525814112383757,0.0529286867545798,0,0,False
Murina_leucogaster,LC,LC,5008,5007,0.0528084962880242,0.0528084962880242,0,0,False
Hipposideros_gigas,LC,LC,5010,5008,0.0527134213081217,0.0527134213081217,0,0,False
Aethalops_alecto,LC,LC,5011,5009,0.0526816081432319,0.0526816081432319,0,0,False
Peromyscus_schmidlyi,LC,LC,5039,5010,0.0517671324661374,0.0526494567384626,0,0,False
Tamias_obscurus,LC,LC,5014,5011,0.0525682976481808,0.0525682976481808,0,0,False
Apomys_abrae,LC,LC,5016,5012,0.0524144361991932,0.0524144361991932,0,0,False
Nectomys_apicalis,LC,LC,5017,5013,0.0524007949933061,0.0524007949933061,0,0,False
Aethalops_aequalis,LC,LC,5018,5014,0.0523830014913501,0.0523830014913501,0,0,False
Mus_shortridgei,LC,LC,5019,5015,0.0523732166437849,0.0523732166437849,0,0,False
Grammomys_kuru,LC,LC,5211,5016,0.0459831671424759,0.0523714546065044,0,0,False
Mus_setzeri,LC,LC,5020,5017,0.0523701627376146,0.0523701627376146,0,0,False
Meriones_vinogradovi,LC,LC,5006,5018,0.052958916674031,0.0523464299734004,0,0,False
Rhinolophus_thailandensis,LC,LC,5015,5019,0.0524561049390271,0.0522800877391485,0,0,False
Sorex_cansulus,DD,LC,2684,5020,0.19573385158689,0.0522272716449135,0,0,True
Saguinus_labiatus,LC,LC,5023,5021,0.0522003999563458,0.0522090936147754,0,0,False
Chlorocebus_cynosuros,LC,LC,5024,5022,0.0521888229992317,0.0521888229992317,0,0,False
Ctenomys_porteousi,LC,NT,5760,5023,0.0220310756770032,0.052185358407798,0,0,True
Martes_melampus,LC,LC,5026,5024,0.0521038856576055,0.0521038856576055,0,0,False
Promops_centralis,LC,LC,5028,5025,0.0520583253908774,0.0520583253908774,0,0,False
Cynopterus_minutus,LC,LC,5029,5026,0.0520501057826857,0.0520501057826857,0,0,False
Sorex_antinorii,LC,LC,5022,5027,0.0522075691704505,0.0520237006491399,0,0,False
Prosciurillus_leucomus,LC,LC,5030,5028,0.0520193274234475,0.0520193274234475,0,0,False
Crocidura_luna,LC,LC,5033,5029,0.0519152369201874,0.0519152369201874,0,0,False
Coendou_pruinosus,LC,LC,5036,5030,0.0518734529887564,0.0518734529887564,0,0,False
Semnopithecus_schistaceus,LC,LC,5037,5031,0.0518197793938507,0.0518197793938507,0,0,False
Spermophilus_relictus,LC,LC,5038,5032,0.051777889189496,0.051777889189496,0,0,False
Epomophorus_wahlbergi,LC,LC,5040,5033,0.0517025063466048,0.0517025063466048,0,0,False
Triaenops_menamena,LC,LC,5041,5034,0.0516663893495837,0.0516664098192605,0,0,False
Cynopterus_luzoniensis,LC,LC,5042,5035,0.0516502524409031,0.0516502524409031,0,0,False
Saguinus_mystax,LC,LC,5043,5036,0.0515519475137908,0.0516069301015525,0,0,False
Apodemus_rusiges,LC,LC,5044,5037,0.0515487777680206,0.0515487777680206,0,0,False
Dasyprocta_prymnolopha,LC,LC,5021,5038,0.0522499978242951,0.0515119600060055,0,0,False
Grammomys_selousi,LC,LC,5288,5039,0.0440747073537274,0.0514176251587932,0,0,False
Dobsonia_exoleta,LC,LC,5047,5040,0.0514131049692253,0.0514131049692253,0,0,False
Alouatta_juara,LC,LC,5106,5041,0.0494139680376605,0.0513218918106545,0,0,False
Sciurus_spadiceus,LC,LC,5050,5042,0.0512675618382062,0.0512770161648247,0,0,False
Ochotona_turuchanensis,LC,LC,5051,5043,0.0512533587855014,0.0512533587855014,0,0,False
Zelotomys_hildegardeae,LC,LC,5052,5044,0.051232823606353,0.051232823606353,0,0,False
Rhinolophus_sinicus,LC,LC,5053,5045,0.0512151135722768,0.0512151135722768,0,0,False
Apomys_datae,LC,LC,5055,5046,0.051171085062683,0.051171085062683,0,0,False
Mus_phillipsi,LC,LC,5056,5047,0.0511679926878861,0.0511679926878861,0,0,False
Zelotomys_woosnami,LC,LC,5057,5048,0.0511460075544747,0.0511460075544747,0,0,False
Nyctalus_montanus,LC,LC,5058,5049,0.0511428885251015,0.0511428885251015,0,0,False
Oxymycterus_paramensis,LC,LC,5046,5050,0.0514344160680416,0.0510884537206032,0,0,False
Promops_nasutus,LC,LC,5061,5051,0.05108533217967,0.05108533217967,0,0,False
Rhinolophus_osgoodi,LC,LC,5059,5052,0.0511154994466985,0.0510486759395483,0,0,False
Mus_baoulei,LC,LC,5063,5053,0.0510246534070759,0.0510246534070759,0,0,False
Oecomys_phaeotis,LC,LC,5064,5054,0.0510237179949455,0.0510237179949455,0,0,False
Ochotona_alpina,LC,LC,5065,5055,0.0510214174057322,0.0510214174057322,0,0,False
Tamias_merriami,LC,LC,5066,5056,0.0509395674794792,0.0509395674794792,0,0,False
Leontocebus_lagonotus,DD,LC,2545,5057,0.209721439267606,0.0509170967234677,0,0,True
Tateomys_rhinogradoides,LC,LC,5067,5058,0.0508965824341692,0.0508965824341692,0,0,False
Chlorocebus_aethiops,LC,LC,5069,5059,0.0508039887620323,0.0508039887620323,0,0,False
Didelphis_imperfecta,LC,LC,5071,5060,0.0507815797112149,0.0507815797112144,0,0,False
Arborimus_albipes,LC,LC,5072,5061,0.0507560015920489,0.050756001592052,0,0,False
Rhinolophus_bocharicus,LC,LC,5073,5062,0.0507439064753067,0.0507439064753067,0,0,False
Dobsonia_anderseni,LC,LC,5074,5063,0.0506774375849993,0.0506774375849993,0,0,False
Rhinolophus_subbadius,LC,LC,5035,5064,0.051898811083685,0.0506742739987165,0,0,False
Philander_opossum,LC,LC,5012,5065,0.0525991217905373,0.0506429680126202,0,0,False
Prionailurus_bengalensis,LC,LC,5078,5066,0.05057127290945,0.05057127290945,0,0,False
Mus_orangiae,LC,LC,5080,5067,0.0504305547478179,0.0504305547478179,0,0,False
Pseudomys_desertor,LC,LC,5025,5068,0.0521215780137506,0.0504159883230877,0,0,False
Nectomys_squamipes,LC,LC,5081,5069,0.0503616127857002,0.0503616127857002,0,0,False
Mallomys_aroaensis,LC,LC,5082,5070,0.0503578104563267,0.0503578104563267,0,0,False
Philander_mcilhennyi,LC,LC,5048,5071,0.0513946877640174,0.0503455196761284,0,0,False
Chlorocebus_pygerythrus,LC,LC,5083,5072,0.0503026325063448,0.0503026325063448,0,0,False
Cryptotis_goldmani,LC,LC,5075,5073,0.0506318050316735,0.0502951969511801,0,0,False
Leopoldamys_ciliatus,LC,LC,5084,5074,0.0501816531745053,0.0501816531745053,0,0,False
Didelphis_albiventris,LC,LC,5086,5075,0.0501666054605501,0.0501666054605496,0,0,False
Oxymycterus_hiska,LC,LC,5070,5076,0.0507817163519646,0.0501655713849656,0,0,False
Acomys_kempi,LC,LC,5062,5077,0.0510551103000469,0.0501256511894857,0,0,False
Crocidura_glassi,NT,NT,4492,5078,0.0722849724468218,0.049978338177938,0,0,False
Feresa_attenuata,LC,LC,5090,5079,0.0499701079320493,0.0499701079320493,0,0,False
Hipposideros_armiger,LC,LC,5092,5080,0.0499111435068658,0.0499111435068658,0,0,False
Meriones_grandis,LC,LC,5032,5081,0.0519315690941474,0.0498911377090905,0,0,False
Pteropus_mahaganus,LC,LC,5093,5082,0.0498921997359992,0.0498765427549112,0,0,False
Rhinolophus_huananus,LC,LC,5087,5083,0.0501293812411181,0.0498270511598036,0,0,False
Dobsonia_crenulata,LC,LC,5095,5084,0.0497689696379519,0.0497689696379519,0,0,False
Sciurus_ignitus,LC,LC,5111,5085,0.0493578212990559,0.0497681146519749,0,0,False
Allactaga_hotsoni,LC,LC,5096,5086,0.0497433729664087,0.0497433512632804,0,0,False
Herpestes_ochraceus,LC,LC,5060,5087,0.0511122431325889,0.0496907056701747,0,0,False
Lonchophylla_robusta,LC,LC,5097,5088,0.0496712366621364,0.049671236662147,0,0,False
Urocitellus_parryii,LC,LC,5098,5089,0.0496340912630722,0.0496340912630722,0,0,False
Herpestes_smithii,LC,LC,5076,5090,0.0506291299549228,0.0496242190626718,0,0,False
Pithecia_pithecia,LC,LC,5091,5091,0.0499561287812771,0.0496122716888267,0,0,False
Acomys_seurati,LC,LC,5068,5092,0.0508794860783179,0.0496059319421306,0,0,False
Mustela_lutreolina,LC,LC,5099,5093,0.0496049454922906,0.0496049454922906,0,0,False
Dobsonia_peronii,LC,LC,5100,5094,0.0496037035210714,0.0496037035210714,0,0,False
Cistugo_seabrae,LC,LC,5101,5095,0.0496001316439235,0.0496001316439235,0,0,False
Sigmodon_planifrons,NE,LC,2565,5096,0.208432430083404,0.0495531233355784,0,0,True
Sturnira_angeli,NT,NT,5102,5097,0.049537740157329,0.049537740157329,0,0,False
Vulpes_corsac,LC,LC,5104,5098,0.0495099655164442,0.0495099655164442,0,0,False
Miniopterus_australis,LC,LC,5088,5099,0.0500329907666202,0.0494865741173527,0,0,False
Acomys_nesiotes,LC,DD,5910,5100,0.0051228435571615,0.0494652421043426,0,0,True
Dermanura_watsoni,LC,LC,4594,5101,0.0675353865710918,0.0494351830899072,0,0,False
Myotis_blythii,LC,LC,5108,5102,0.0493906320371693,0.049430074473862,0,0,False
Mallomys_rothschildi,LC,LC,5107,5103,0.0494046198893541,0.0494046198893541,0,0,False
Vulpes_ferrilata,LC,LC,5109,5104,0.0493899222871272,0.0493899222871272,0,0,False
Phyllops_falcatus,LC,LC,5110,5105,0.0493610042944628,0.0493610042944628,0,0,False
Meriones_persicus,LC,LC,5079,5106,0.05055920861799,0.0493574649778161,0,0,False
Cistugo_lesueuri,LC,LC,5112,5107,0.0493216679995943,0.0493216679995943,0,0,False
Dorcopsulus_macleayi,LC,LC,5113,5108,0.0493030348133419,0.0493030348133419,0,0,False
Cynomys_ludovicianus,LC,LC,5114,5109,0.0492633186627795,0.0492633186627795,0,0,False
Calomys_callidus,LC,LC,5115,5110,0.0492455231713418,0.0492455231713418,0,0,False
Myotis_myotis,LC,LC,5119,5111,0.0491581673601357,0.0492301182083037,0,0,False
Eumops_underwoodi,LC,LC,5117,5112,0.0492118026290126,0.0492118026290126,0,0,False
Akodon_torques,LC,LC,5116,5113,0.0492399651610299,0.0492070234014845,0,0,False
Thomasomys_baeops,LC,LC,5118,5114,0.0492011736360992,0.0492011736360992,0,0,False
Miniopterus_medius,LC,LC,5105,5115,0.0494213136758043,0.0491162576062801,0,0,False
Chrotomys_gonzalesi,NT,NT,5121,5116,0.0491002803392598,0.0491002803392598,0,0,False
Mallomys_istapantap,LC,LC,5122,5117,0.0490847581039359,0.0490847581039359,0,0,False
Lophuromys_luteogaster,LC,LC,5123,5118,0.0490313561030663,0.0490313561030663,0,0,False
Dermanura_incomitatus,DD,LC,2888,5119,0.177827072743853,0.0489985553917907,0,0,True
Rhinolophus_luctus,LC,LC,5124,5120,0.0490268494267291,0.0489952730739453,0,0,False
Pteropus_woodfordi,LC,LC,5126,5121,0.0489939705338259,0.0489778040556538,0,0,False
Rhinopoma_hardwickii,LC,LC,5223,5122,0.0457086316992218,0.0489702592606729,0,0,False
Peromyscus_eva,LC,LC,5103,5123,0.0495230117903522,0.0489271961263366,0,0,False
Praomys_petteri,LC,LC,5128,5124,0.0489235337867313,0.0489235337867313,0,0,False
Akodon_simulator,LC,LC,5127,5125,0.0489883246315725,0.0488895707916557,0,0,False
Oxymycterus_quaestor,LC,LC,5120,5126,0.0491203951743664,0.0488401733299541,0,0,False
Meriones_tristrami,LC,LC,5094,5127,0.0498065364838506,0.0488318811921914,0,0,False
Semnopithecus_entellus,LC,LC,5131,5128,0.0488300973542733,0.0488300973542733,0,0,False
Canis_aureus,LC,LC,5129,5129,0.0489097465155901,0.0487927705104259,0,0,False
Calomys_boliviae,LC,LC,5132,5130,0.0487304835680369,0.0487304835680369,0,0,False
Lama_guanicoe,LC,LC,5145,5131,0.0481527629020772,0.0486964641291526,0,0,False
Callicebus_discolor,LC,LC,5130,5132,0.0488458931052638,0.0486946947029007,0,0,False
Tarsomys_apoensis,LC,LC,5133,5133,0.0486264960047608,0.0486264960047608,0,0,False
Sus_scrofa,LC,LC,5195,5134,0.0464188692402808,0.0486260340160143,0,0,False
Callicebus_regulus,LC,LC,5149,5135,0.0479857547287194,0.0486163088078202,0,0,False
Emballonura_tiavato,DD,LC,2973,5136,0.171409452150815,0.0485682298753385,0,0,True
Cormura_brevirostris,LC,LC,5134,5137,0.0485148626082768,0.0485148626082768,0,0,False
Papio_hamadryas,LC,LC,5138,5138,0.048401626344238,0.048401626344238,0,0,False
Saguinus_midas,LC,LC,5139,5139,0.0483821215904297,0.0483821221633294,0,0,False
Pseudomys_gracilicaudatus,LC,LC,5125,5140,0.0489980997566276,0.0483441588078804,0,0,False
Rheomys_underwoodi,LC,LC,5256,5141,0.0446888118491886,0.048307280982588,0,0,False
Semnopithecus_hypoleucos,LC,LC,5140,5142,0.0483027207595428,0.0483027207595428,0,0,False
Myotis_oxyotus,LC,LC,5144,5143,0.0481751832635507,0.0482841450888159,0,0,False
Orthogeomys_cavator,LC,LC,5157,5144,0.0477002822673253,0.0482817826214524,0,0,False
Cynopterus_nusatenggara,LC,LC,5141,5145,0.0482764044743464,0.0482764044743464,0,0,False
Acomys_airensis,NE,LC,2704,5146,0.193165445755392,0.0482762122686334,0,0,True
Rhipidomys_modicus,LC,LC,5142,5147,0.0482441461782549,0.0482441461782549,0,0,False
Pseudomys_pilligaensis,NE,LC,2778,5148,0.186039691948273,0.0482141850175673,0,0,True
Rhinolophus_inops,LC,LC,5137,5149,0.0484100535135735,0.0481432137208177,0,0,False
Pteropus_personatus,LC,LC,5136,5150,0.0484720303793079,0.0481334344136022,0,0,False
Emballonura_atrata,LC,LC,3567,5151,0.127857053609355,0.0481171117661304,0,0,False
Mus_minutoides,LC,LC,5146,5152,0.0480929697020338,0.0480929697020338,0,0,False
Eumops_dabbenei,LC,LC,5147,5153,0.0480914392784746,0.0480914392784746,0,0,False
Myotis_levis,LC,LC,5148,5154,0.0480024184881329,0.0480893433397501,0,0,False
Microtus_clarkei,LC,LC,5153,5155,0.0478750519391967,0.0479341780741452,0,0,False
Oecomys_speciosus,LC,LC,5151,5156,0.0479123008865794,0.0479123008865794,0,0,False
Grammomys_cometes,LC,LC,5285,5157,0.0441076779460825,0.0478927142272638,0,0,False
Oecomys_flavicans,LC,LC,5152,5158,0.0478892665461163,0.0478892665461163,0,0,False
Neodon_irene,LC,LC,5150,5159,0.0479373739875593,0.0478338733652091,0,0,False
Rhinolophus_beddomei,LC,LC,5154,5160,0.0478198913493052,0.0478185002835646,0,0,False
Falsistrellus_affinis,LC,LC,5156,5161,0.0477062405918516,0.0477062405918516,0,0,False
Gerbilliscus_leucogaster,LC,LC,5159,5162,0.0476675881160834,0.0476675881172078,0,0,False
Lemniscomys_griselda,LC,LC,5161,5163,0.0476106594662602,0.0476106594662602,0,0,False
Pseudomys_bolami,LC,LC,5143,5164,0.0482120046193696,0.0476001716169724,0,0,False
Lophuromys_huttereri,LC,LC,5162,5165,0.0475934445411276,0.0475934445411276,0,0,False
Apodemus_epimelas,LC,LC,5163,5166,0.0475641669503054,0.0475641669503054,0,0,False
Alouatta_arctoidea,LC,LC,5182,5167,0.0468194521684171,0.0475464481977535,0,0,False
Acomys_cineraceus,LC,LC,5158,5168,0.047692540963824,0.0475086776219169,0,0,False
Grammomys_dryas,LC,LC,5405,5169,0.0409491957740764,0.0474136550636237,0,0,False
Eligmodontia_moreni,LC,LC,5167,5170,0.0473901467987243,0.0473901467987243,0,0,False
Fukomys_anselli,LC,LC,5085,5171,0.0501681981921617,0.0473164646722602,0,0,False
Rhinolophus_philippinensis,LC,LC,5169,5172,0.0473725619424643,0.0473122615433479,0,0,False
Acomys_mullah,LC,LC,5166,5173,0.047435806707865,0.0473112757346569,0,0,False
Peromyscus_keeni,LC,LC,5177,5174,0.0469971895008309,0.0472031163042106,0,0,False
Microsciurus_alfari,LC,LC,5170,5175,0.047363353990033,0.0471786252821462,0,0,False
Lophuromys_nudicaudus,LC,LC,5173,5176,0.0470959339644393,0.0470959339644393,0,0,False
Eligmodontia_puerulus,LC,LC,5174,5177,0.0470948212649942,0.0470948212649942,0,0,False
Peropteryx_kappleri,LC,LC,5176,5178,0.0470245817161608,0.0470245817161608,0,0,False
Peromyscus_maniculatus,LC,LC,5175,5179,0.0470908156837924,0.046969038496915,0,0,False
Lemniscomys_linulus,LC,LC,5178,5180,0.0469297964417456,0.0469297964417456,0,0,False
Acomys_louisae,LC,LC,5164,5181,0.0475511931334805,0.0469106213910393,0,0,False
Thomasomys_ischyrus,LC,LC,5179,5182,0.0469016737727645,0.0469016737727645,0,0,False
Mustela_subpalmata,LC,LC,5180,5183,0.0469005818516088,0.0469005818516088,0,0,False
Gerbilliscus_validus,LC,LC,5181,5184,0.0468469332644979,0.0468469332727213,0,0,False
Rhinolophus_marshalli,LC,LC,4837,5185,0.0588147752757434,0.046838975566451,0,0,False
Rhinopoma_muscatellum,LC,LC,5270,5186,0.0443508600310833,0.0468089215088252,0,0,False
Crocidura_lepidura,LC,LC,5183,5187,0.0468034725639124,0.0468034725639124,0,0,False
Callicebus_aureipalatii,DD,LC,2800,5188,0.184276842989751,0.0467671083420846,0,0,True
Pseudomys_higginsi,LC,LC,5160,5189,0.0476140789521247,0.0467283475226874,0,0,False
Talpa_europaea,LC,LC,5187,5190,0.046726631966798,0.046726631966798,0,0,False
Pseudomys_apodemoides,LC,LC,5171,5191,0.0473563205245187,0.046688474944548,0,0,False
Micronycteris_megalotis,LC,LC,5189,5192,0.0466838050920038,0.0466838050920038,0,0,False
Pteropus_alecto,LC,LC,5185,5193,0.0467692470099593,0.0466525118378129,0,0,False
Mus_tenellus,LC,LC,5190,5194,0.0466484611372147,0.0466484611372147,0,0,False
Acomys_minous,LC,DD,5911,5195,0.0050381743881238,0.0466432808609763,0,0,True
Rhinolophus_megaphyllus,LC,LC,5186,5196,0.0467567355902108,0.0466218039495139,0,0,False
Neotoma_phenax,LC,LC,5191,5197,0.0465802043997822,0.0465802043997822,0,0,False
Aethomys_bocagei,LC,LC,5045,5198,0.0515016496375516,0.046565828588881,0,0,False
Scotophilus_celebensis,LC,LC,5193,5199,0.0465339343427081,0.0465339343427081,0,0,False
Alouatta_nigerrima,LC,LC,5213,5200,0.0459310168032904,0.0464591439345329,0,0,False
Oligoryzomys_andinus,LC,LC,5194,5201,0.0464413846954174,0.0464413846954174,0,0,False
Rhinolophus_paradoxolophus,EN,LC,1297,5202,0.461003163231314,0.0464079166906957,0,0,True
Sylvilagus_audubonii,LC,LC,5245,5203,0.0448559307039669,0.0464064367508525,0,0,False
Sciurus_granatensis,LC,LC,5197,5204,0.0463821911268498,0.0463821922888812,0,0,False
Chiruromys_lamia,LC,LC,5198,5205,0.0463586817651291,0.0463586817651291,0,0,False
Callicebus_bernhardi,LC,LC,5172,5206,0.0473127011183935,0.0463400046595583,0,0,False
Chiruromys_forbesi,LC,LC,5199,5207,0.0463392172256647,0.0463392172256647,0,0,False
Felis_silvestris,LC,LC,5200,5208,0.0463230713977631,0.0463230713977631,0,0,False
Petrogale_herberti,LC,LC,5201,5209,0.0462755702661023,0.0462755702661023,0,0,False
Thomasomys_incanus,LC,LC,5202,5210,0.0462473848480117,0.0462473848480117,0,0,False
Neusticomys_monticolus,LC,LC,5203,5211,0.0462269462190191,0.0462269462190192,0,0,False
Thomasomys_rhoadsi,LC,LC,5204,5212,0.0462218319535354,0.0462218319535354,0,0,False
Vespadelus_vulturnus,LC,LC,5205,5213,0.0461493105439766,0.0461493105439766,0,0,False
Scotorepens_orion,LC,LC,5206,5214,0.0461456299679457,0.0461456299679457,0,0,False
Pithecia_albicans,LC,LC,5207,5215,0.0460460487039972,0.0460479805906833,0,0,False
Microtus_hyperboreus,DD,LC,2904,5216,0.176096517889324,0.0460340415807128,0,0,True
Micronycteris_microtis,LC,LC,5208,5217,0.0460194966953601,0.0460194966953601,0,0,False
Oligoryzomys_fornesi,LC,LC,5210,5218,0.045996525867639,0.045996525867639,0,0,False
Cacajao_melanocephalus,LC,LC,5212,5219,0.0459718398430577,0.0459718398430577,0,0,False
Ichthyomys_hydrobates,LC,LC,5214,5220,0.045922975233046,0.0459229752663578,0,0,False
Melomys_cervinipes,LC,LC,5215,5221,0.0459117718056078,0.0459117718056078,0,0,False
Sundasciurus_steerii,LC,LC,5216,5222,0.0458928529852493,0.0458928529852493,0,0,False
Talpa_occidentalis,LC,LC,5218,5223,0.0458654747718259,0.0458654747718259,0,0,False
Taterillus_emini,LC,LC,5219,5224,0.0458622183696472,0.0458622183696472,0,0,False
Taterillus_petteri,LC,LC,5220,5225,0.0458408841087064,0.0458408841087064,0,0,False
Pseudomys_delicatulus,LC,LC,5168,5226,0.0473732430554776,0.0457915932911339,0,0,False
Crocidura_beccarii,LC,LC,5221,5227,0.0457673106889139,0.0457673106889139,0,0,False
Pseudomys_johnsoni,LC,LC,5192,5228,0.0465562101919964,0.0457497761312909,0,0,False
Corynorhinus_townsendii,LC,LC,5222,5229,0.0457436079618298,0.0457436079618298,0,0,False
Niviventer_lepturus,LC,LC,5224,5230,0.0456859469403622,0.0456859469403622,0,0,False
Microtus_sachalinensis,LC,LC,5229,5231,0.0454692662864925,0.0456298216405533,0,0,False
Sylvilagus_nuttallii,LC,LC,5292,5232,0.043942123916045,0.0455790765517302,0,0,False
Connochaetes_gnou,LC,LC,5226,5233,0.0455785393920219,0.0455785393920219,0,0,False
Myotis_siligorensis,LC,LC,5227,5234,0.0455364799024291,0.0455366039786155,0,0,False
Ctenomys_opimus,LC,LC,5249,5235,0.044769774841312,0.0455190053505041,0,0,False
Thomasomys_cinereus,LC,LC,5228,5236,0.0455169196780045,0.0455169196780045,0,0,False
Otomys_cuanzensis,LC,LC,5230,5237,0.0454400045973267,0.0454400045973267,0,0,False
Microtus_maximowiczii,LC,LC,5233,5238,0.0453350334388167,0.0453848068951301,0,0,False
Myotis_davidii,LC,LC,5235,5239,0.0452824594593519,0.045372072210748,0,0,False
Apomys_iridensis,LC,LC,5232,5240,0.0453718959258028,0.0453718959258028,0,0,False
Callicebus_urubambensis,DD,LC,2877,5241,0.178700179237422,0.0453670815576038,0,0,True
Oecomys_concolor,LC,LC,5234,5242,0.0452979103286903,0.0452979103286903,0,0,False
Microtus_gregalis,LC,LC,5250,5243,0.0447413681722728,0.0452614880129265,0,0,False
Reithrodon_typicus,LC,LC,5236,5244,0.0451334129019699,0.0451334129019699,0,0,False
Lemniscomys_mittendorfi,LC,LC,5237,5245,0.0451250170786918,0.0451250170786918,0,0,False
Murina_cineracea,LC,LC,5238,5246,0.0451201719979482,0.0451201719979482,0,0,False
Thomasomys_macrotis,LC,LC,5239,5247,0.0451015647608936,0.0451015647608936,0,0,False
Hystrix_javanica,LC,LC,5240,5248,0.0450170046737023,0.0450170046737023,0,0,False
Reithrodontomys_brevirostris,LC,LC,5242,5249,0.0449176823236372,0.0449809050357626,0,0,False
Microtus_qazvinensis,LC,LC,5283,5250,0.0441493896043932,0.0449736038804811,0,0,False
Cynomops_mexicanus,LC,LC,5382,5251,0.0418627603343165,0.0449649412447262,0,0,False
Callicebus_lucifer,LC,LC,5282,5252,0.0441754551717016,0.0449584055966194,0,0,False
Dermanura_gnomus,LC,LC,5225,5253,0.0456118615033844,0.0449468348084252,0,0,False
Aethomys_granti,DD,LC,2533,5254,0.211125548503716,0.0449127997878621,0,0,True
Petrogale_assimilis,LC,LC,5243,5255,0.0448935766845757,0.0448935766845757,0,0,False
Leontocebus_illigeri,DD,NT,3670,5256,0.120236397631077,0.0448554641421563,0,0,True
Hylomyscus_carillus,LC,LC,5246,5257,0.0448446658221283,0.0448446658221283,0,0,False
Vulpes_bengalensis,LC,LC,5247,5258,0.0448095313741399,0.0448095313741399,0,0,False
Rhinolophus_fumigatus,LC,LC,5248,5259,0.0447719025296478,0.0448062634808849,0,0,False
Peromyscus_guatemalensis,LC,LC,5255,5260,0.0447077881111172,0.0447081809719868,0,0,False
Reithrodontomys_mexicanus,LC,LC,5259,5261,0.0445590172489847,0.0446711821637518,0,0,False
Miniopterus_egeri,LC,LC,5252,5262,0.0447309752088954,0.0446601605159557,0,0,False
Rhipidomys_austrinus,LC,LC,5257,5263,0.0446597527244414,0.0446597527244414,0,0,False
Rattus_baluensis,LC,LC,5258,5264,0.0445919611538917,0.0445919611538917,0,0,False
Ctenomys_perrensi,LC,LC,5307,5265,0.0435481232745969,0.0445688551090368,0,0,False
Sturnira_parvidens,LC,LC,5260,5266,0.0445573085330215,0.0445573085330215,0,0,False
Thomasomys_kalinowskii,LC,LC,5261,5267,0.0445277488543791,0.0445277488543791,0,0,False
Petinomys_crinitus,LC,LC,5262,5268,0.0445173263553176,0.0445173263553176,0,0,False
Callicebus_cinerascens,LC,LC,5278,5269,0.0442326468918157,0.0444861209577717,0,0,False
Chaerephon_major,LC,LC,5253,5270,0.0447155824045892,0.0444782037235132,0,0,False
Miniopterus_sororculus,LC,LC,5264,5271,0.0444652936988727,0.0444652936988733,0,0,False
Petinomys_fuscocapillus,LC,LC,5266,5272,0.0444498960915345,0.0444498960915345,0,0,False
Ictidomys_tridecemlineatus,LC,LC,5267,5273,0.0444447414329421,0.0444447414329421,0,0,False
Dermanura_bogotensis,LC,LC,5244,5274,0.0448705589808641,0.0443812648817841,0,0,False
Bandicota_indica,LC,LC,5269,5275,0.0443778080378455,0.0443778080378455,0,0,False
Pseudomys_patrius,LC,LC,5241,5276,0.0449486983519535,0.0443476824732029,0,0,False
Reithrodon_auritus,LC,LC,5273,5277,0.0443290648842308,0.0443381900819761,0,0,False
Connochaetes_taurinus,LC,LC,5272,5278,0.0443381521207365,0.0443381521207365,0,0,False
Carollia_brevicauda,LC,LC,5274,5279,0.0443276387405675,0.0443276387405675,0,0,False
Thomasomys_cinereiventer,LC,LC,5276,5280,0.0442928979830457,0.0442928979830457,0,0,False
Microtus_dogramacii,LC,LC,5277,5281,0.0442626716770424,0.0442626716770424,0,0,False
Rattus_leucopus,LC,LC,5280,5282,0.0442050661608877,0.0442050661608877,0,0,False
Oecomys_catherinae,LC,LC,5281,5283,0.0442006141862401,0.0442006141862401,0,0,False
Cynomops_greenhalli,LC,LC,5424,5284,0.0403701263780725,0.0441587177419295,0,0,False
Laephotis_botswanae,DD,LC,3130,5285,0.158132980403605,0.0441398217206966,0,0,True
Platyrrhinus_helleri,LC,LC,5265,5286,0.0444618069570934,0.0441239231386558,0,0,False
Scotophilus_collinus,LC,LC,5286,5287,0.0441035838593565,0.0441035838593565,0,0,False
Lagenodelphis_hosei,LC,LC,5287,5288,0.0440864634538615,0.0440864634538615,0,0,False
Sciurus_aestuans,LC,LC,5739,5289,0.024264465373017,0.0440296605751481,0,0,False
Vespadelus_regulus,LC,LC,5289,5290,0.0440269810949495,0.0440269810949495,0,0,False
Sorex_bendirii,LC,LC,5279,5291,0.044219401327232,0.0440076578602763,0,0,False
Mops_niveiventer,LC,LC,5263,5292,0.0444797091089162,0.0440030975999607,0,0,False
Sorex_palustris,LC,LC,5284,5293,0.0441121441045364,0.0439259285075418,0,0,False
Galago_moholi,LC,LC,5293,5294,0.0439158328577868,0.0439158328577827,0,0,False
Microtus_guentheri,LC,LC,5294,5295,0.0439047299294125,0.043904749393889,0,0,False
Lophuromys_kilonzoi,LC,LC,5295,5296,0.0439046098119368,0.0439046098119368,0,0,False
Epomops_dobsonii,LC,LC,5296,5297,0.0439013279356362,0.0439013279356362,0,0,False
Myotis_nipalensis,LC,LC,5300,5298,0.0438444965526405,0.0438914136539033,0,0,False
Sorex_emarginatus,LC,LC,5290,5299,0.043980639260318,0.0438906644173491,0,0,False
Eumops_trumbulli,LC,LC,5297,5300,0.0438688637542127,0.0438688637542127,0,0,False
Lophuromys_roseveari,LC,LC,5298,5301,0.0438545073901547,0.0438545073901547,0,0,False
Sorex_longirostris,LC,LC,5299,5302,0.043845414239844,0.043845313202986,0,0,False
Miniopterus_paululus,LC,LC,5251,5303,0.0447315613534812,0.0438227025519316,0,0,False
Rhipidomys_fulviventer,LC,LC,5302,5304,0.043778580131321,0.043778580131321,0,0,False
Rhipidomys_couesi,LC,LC,5303,5305,0.0436988242687897,0.0436988242687897,0,0,False
Eptesicus_diminutus,LC,LC,5308,5306,0.0434968145540126,0.0436580597824928,0,0,False
Aethomys_thomasi,LC,LC,5165,5307,0.0475496206013439,0.0436277225014798,0,0,False
Oligoryzomys_griseolus,LC,LC,5304,5308,0.0436107441580006,0.0436107441580006,0,0,False
Ursus_arctos,LC,LC,5305,5309,0.0436040449617455,0.0436040449617455,0,0,False
Dipodomys_heermanni,LC,LC,5306,5310,0.0435496537668434,0.0435496537668434,0,0,False
Mops_thersites,LC,LC,5309,5311,0.0434813898390675,0.0434813898390675,0,0,False
Rattus_verecundus,LC,LC,5310,5312,0.04347414600966,0.04347414600966,0,0,False
Callicebus_pallescens,LC,LC,5313,5313,0.0433936390498347,0.04343268111047,0,0,False
Neotoma_devia,LC,LC,5312,5314,0.0434064469051505,0.0434064469051505,0,0,False
Myotis_aurascens,LC,LC,5326,5315,0.0431001989308623,0.043393239662548,0,0,False
Callicebus_baptista,LC,LC,5359,5316,0.0423616971863641,0.0433761516856355,0,0,False
Paradoxurus_jerdoni,LC,LC,5316,5317,0.0433498759933329,0.0433498759933329,0,0,False
Neotoma_lepida,LC,LC,5317,5318,0.0433390252476805,0.0433390252476805,0,0,False
Carollia_perspicillata,LC,LC,5318,5319,0.0433217581238731,0.0433217581238731,0,0,False
Microtus_brachycercus,LC,LC,5366,5320,0.0422577241001361,0.0433127196778521,0,0,False
Mops_demonstrator,LC,LC,5315,5321,0.0433648794383596,0.0432802972482258,0,0,False
Thomasomys_paramorum,LC,LC,5321,5322,0.0432295453035261,0.0432295453035261,0,0,False
Oxymycterus_josei,NT,NT,5320,5323,0.043288023173247,0.0432227803157416,0,0,False
Hystrix_sumatrae,LC,LC,5323,5324,0.043156737745961,0.043156737745961,0,0,False
Miniopterus_ambohitrensis,LC,LC,5319,5325,0.0433019504473469,0.0431458506561473,0,0,False
Callicebus_dubius,DD,LC,3002,5326,0.169103796450849,0.0431439787859474,0,0,True
Dipodomys_panamintinus,LC,LC,5324,5327,0.0431204412024879,0.0431204412024879,0,0,False
Paradoxurus_zeylonensis,LC,LC,5325,5328,0.0431080883198775,0.0431080883198775,0,0,False
Thomasomys_laniger,LC,LC,5327,5329,0.0430687461107155,0.0430687461107155,0,0,False
Abrothrix_hershkovitzi,LC,LC,5328,5330,0.0430677751403121,0.0430607911776042,0,0,False
Oligoryzomys_arenalis,LC,LC,5331,5331,0.0429746124078393,0.0429746124078393,0,0,False
Epomops_franqueti,LC,LC,5332,5332,0.0429707521368605,0.0429707521368605,0,0,False
Leptomys_elegans,LC,LC,5333,5333,0.0429404506223204,0.0429404506223204,0,0,False
Genetta_maculata,LC,LC,5334,5334,0.0429264574063669,0.0429264574063669,0,0,False
Sturnira_bakeri,LC,LC,5335,5335,0.0428918784415785,0.0428918784415785,0,0,False
Microtus_arvalis,LC,LC,5337,5336,0.0428544627543388,0.0428271023742788,0,0,False
Cerdocyon_thous,LC,LC,5338,5337,0.0428058335177078,0.0428009317333707,0,0,False
Mico_leucippe,LC,LC,5339,5338,0.0427837944808481,0.0427837944808481,0,0,False
Thomasomys_taczanowskii,LC,LC,5341,5339,0.042777724827403,0.042777724827403,0,0,False
Cratogeomys_merriami,LC,LC,5342,5340,0.0427540399125675,0.0427540399125675,0,0,False
Felis_chaus,LC,LC,5343,5341,0.0427285560589276,0.0427285560589276,0,0,False
Lagenorhynchus_obscurus,LC,LC,5344,5342,0.0427230448587728,0.0427230448587728,0,0,False
Microtus_mexicanus,LC,LC,5358,5343,0.0423684471246324,0.042699009420292,0,0,False
Myotis_yumanensis,LC,LC,5354,5344,0.0424517940711937,0.0426923314216063,0,0,False
Cratogeomys_perotensis,LC,LC,5347,5345,0.0426468312500819,0.0426468312500819,0,0,False
Lagenorhynchus_obliquidens,LC,LC,5348,5346,0.0426327251083651,0.0426327251083651,0,0,False
Hystrix_crassispinis,LC,LC,5349,5347,0.0426285816876486,0.0426285816876486,0,0,False
Myotis_velifer,LC,LC,5361,5348,0.0423459681626386,0.0425618703800114,0,0,False
Chaerephon_bivittatus,LC,LC,5340,5349,0.0427796275597014,0.0425591843347792,0,0,False
Petinomys_mindanensis,LC,LC,5352,5350,0.0425428579178371,0.0425428579178371,0,0,False
Microtus_levis,LC,LC,5355,5351,0.0424473259270228,0.0425408848926403,0,0,False
Meriones_arimalius,LC,LC,5311,5352,0.0434269081381022,0.0425269761718281,0,0,False
Alticola_argentatus,LC,LC,5314,5353,0.0433928015202941,0.0425187037970623,0,0,False
Pithecia_napensis,LC,LC,5336,5354,0.0428829979878963,0.0424965209900195,0,0,False
Chaerephon_aloysiisabaudiae,LC,LC,5346,5355,0.042668272612593,0.0424957070772945,0,0,False
Fukomys_ochraceocinereus,LC,LC,5209,5356,0.0460003478562994,0.0424785248452369,0,0,False
Muntiacus_vaginalis,LC,LC,5353,5357,0.0424650374349775,0.0424650374349775,0,0,False
Akodon_subfuscus,LC,LC,5356,5358,0.0424387912863613,0.0424387912863613,0,0,False
Crocidura_jouvenetae,LC,LC,5357,5359,0.0423702267851612,0.0423702275537677,0,0,False
Paradoxurus_stenocephalus,LC,LC,5362,5360,0.0423250955970031,0.0423250955970031,0,0,False
Miniopterus_brachytragos,LC,LC,5351,5361,0.0425435114155054,0.0423091749586748,0,0,False
Leptomys_ernstmayri,LC,LC,5363,5362,0.0423091122534279,0.0423091122534279,0,0,False
Aethomys_nyikae,LC,LC,5135,5363,0.0484743230187189,0.0422866913897956,0,0,False
Crocidura_crossei,LC,LC,5365,5364,0.0422798564082945,0.0422798564082945,0,0,False
Miniopterus_mahafaliensis,LC,LC,5360,5365,0.0423602966166815,0.0422257228245693,0,0,False
Neotoma_martinensis,LC,LC,5371,5366,0.0421701196395818,0.0421701196395818,0,0,False
Thomasomys_vulcani,LC,LC,5373,5367,0.0421206204481514,0.0421206204481514,0,0,False
Thomasomys_apeco,LC,LC,5374,5368,0.0420935656474474,0.0420935656474474,0,0,False
Mops_spurrelli,LC,LC,5368,5369,0.0422422367228747,0.0420764903020541,0,0,False
Alticola_tuvinicus,LC,LC,5364,5370,0.042307582050355,0.0420723480790877,0,0,False
Pithecia_aequatorialis,LC,LC,5377,5371,0.0419954094958363,0.0420463581558711,0,0,False
Niviventer_fraternus,LC,LC,5375,5372,0.0420303674474881,0.0420303674474881,0,0,False
Orthogeomys_thaeleri,DD,DD,5380,5373,0.0418760545155454,0.0420232377093292,0,0,False
Necromys_benefactus,LC,LC,5378,5374,0.0419848186210382,0.0419848186210382,0,0,False
Mico_emiliae,LC,LC,5379,5375,0.04198310892152,0.04198310892152,0,0,False
Rhinolophus_pusillus,LC,LC,5383,5376,0.0418496648076945,0.0419625706121642,0,0,False
Mops_congicus,LC,LC,5376,5377,0.0420147744508003,0.0418782406178971,0,0,False
Rattus_bontanus,LC,LC,5381,5378,0.0418683287413142,0.0418683287413142,0,0,False
Pithecia_chrysocephala,LC,LC,5372,5379,0.0421644531903901,0.0418585705924445,0,0,False
Equus_kiang,LC,LC,5384,5380,0.041785355502567,0.041785355502567,0,0,False
Vespadelus_douglasorum,LC,LC,5385,5381,0.0417753813260374,0.0417753813260374,0,0,False
Rhinolophus_lepidus,LC,LC,5390,5382,0.0416940180829347,0.0417592175715635,0,0,False
Neotoma_anthonyi,LC,LC,5386,5383,0.0417475811407074,0.0417475811407074,0,0,False
Vespadelus_finlaysoni,LC,LC,5387,5384,0.0417334320234411,0.0417334320234411,0,0,False
Arvicanthis_rufinus,LC,LC,5388,5385,0.0417170171279059,0.0417170171279059,0,0,False
Urocyon_littoralis,NT,NT,5391,5386,0.041677472013963,0.041677472013963,0,0,False
Akodon_lutescens,LC,LC,5389,5387,0.0417011847651154,0.0416567894393546,0,0,False
Pseudomys_albocinereus,LC,LC,5367,5388,0.042242696250732,0.0416165524136648,0,0,False
Mops_brachypterus,LC,LC,5369,5389,0.0422349111233782,0.0415995581188007,0,0,False
Ctenomys_emilianus,LC,LC,5417,5390,0.0406131024257729,0.0415626473963769,0,0,False
Peromyscus_beatae,LC,LC,5394,5391,0.0414124546888569,0.0411996576912742,0,0,False
Scotophilus_viridis,LC,LC,5395,5392,0.041162082518418,0.041162082518418,0,0,False
Pipistrellus_kuhlii,LC,LC,5406,5393,0.0409419573591498,0.0411527318776594,0,0,False
Mico_chrysoleucus,LC,LC,5396,5394,0.0411511438271478,0.0411511438271478,0,0,False
Sicista_betulina,LC,LC,5397,5395,0.0411444562955022,0.0411444562955022,0,0,False
Crocidura_malayana,LC,LC,5399,5396,0.0410511827416718,0.0410511827416718,0,0,False
Pithecia_hirsuta,LC,LC,5393,5397,0.0414409751583359,0.0410292809336563,0,0,False
Artibeus_amplus,LC,LC,5402,5398,0.0410098289575408,0.0410098289575408,0,0,False
Rhinolophus_coelophyllus,LC,LC,5403,5399,0.0410018660243131,0.0410018660243131,0,0,False
Pelomys_minor,LC,LC,5404,5400,0.0409521374402854,0.0409521374402854,0,0,False
Rhipidomys_venezuelae,LC,LC,5408,5401,0.0408178790933395,0.0408178790933395,0,0,False
Neusticomys_peruviensis,LC,LC,5409,5402,0.0407771890791477,0.0407771965271461,0,0,False
Scotorepens_greyii,LC,LC,5410,5403,0.0407530955504353,0.0407530955504353,0,0,False
Vespadelus_troughtoni,LC,LC,5411,5404,0.0407412763719648,0.0407412763719648,0,0,False
Fukomys_zechi,LC,LC,5217,5405,0.0458922283005672,0.0407396533276478,0,0,False
Akodon_budini,LC,LC,5400,5406,0.0410404207885787,0.0407294527705254,0,0,False
Neotoma_chrysomelas,LC,LC,5412,5407,0.040729439187377,0.040729439187377,0,0,False
Artibeus_planirostris,LC,LC,5413,5408,0.0407018281725203,0.0407018281725203,0,0,False
Murina_gracilis,LC,LC,5414,5409,0.0406857818632822,0.0406857818632822,0,0,False
Epomops_buettikoferi,LC,LC,5415,5410,0.0406839060551548,0.0406839060551548,0,0,False
Urocitellus_canus,LC,LC,5416,5411,0.0406778534909326,0.0406778534909326,0,0,False
Mops_nanulus,LC,LC,5401,5412,0.0410287323523086,0.0406038007014983,0,0,False
Berylmys_berdmorei,LC,LC,5418,5413,0.0405910608672617,0.0405910608672617,0,0,False
Rattus_annandalei,LC,LC,5421,5414,0.0405427578212345,0.0405427578212345,0,0,False
Scotorepens_balstoni,LC,LC,5422,5415,0.0405178762201004,0.0405178762201004,0,0,False
Murina_recondita,LC,LC,5423,5416,0.0403819322000669,0.0403819322000669,0,0,False
Rattus_mindorensis,LC,LC,5425,5417,0.0403684528896218,0.0403684528896218,0,0,False
Urocitellus_mollis,LC,LC,5426,5418,0.0403462964325566,0.0403462964325566,0,0,False
Scotophilus_leucogaster,LC,LC,5427,5419,0.0403330013821751,0.0403330013821751,0,0,False
Rhipidomys_venustus,LC,LC,5428,5420,0.0403007980766489,0.0403007980766489,0,0,False
Thomasomys_niveipes,LC,LC,5429,5421,0.0402598965404183,0.0402598965404183,0,0,False
Chaerephon_bemmeleni,LC,LC,5419,5422,0.0405750302513901,0.0402296784869842,0,0,False
Melomys_frigicola,LC,LC,5430,5423,0.0402276226492464,0.0402276226492464,0,0,False
Chiruromys_vates,LC,LC,5431,5424,0.0402150167042114,0.0402150167042114,0,0,False
Thomasomys_onkiro,LC,LC,5432,5425,0.0401919753867272,0.0401919753867272,0,0,False
Natalus_mexicanus,LC,LC,5398,5426,0.0411076771730102,0.0401098300078109,0,0,False
Sicista_strandi,LC,LC,5434,5427,0.0400559659725618,0.0400559659725618,0,0,False
Orthogeomys_heterodus,LC,LC,5441,5428,0.0397666988502721,0.0400417212323052,0,0,False
Lepus_tolai,LC,LC,5435,5429,0.0399681874841645,0.0399681874841645,0,0,False
Apodemus_uralensis,LC,LC,5437,5430,0.0399520629970238,0.0399520629970238,0,0,False
Myodes_andersoni,LC,LC,5436,5431,0.0399597743997383,0.0399333555211542,0,0,False
Vespadelus_pumilus,LC,LC,5438,5432,0.039890518671015,0.039890518671015,0,0,False
Rhinolophus_shameli,LC,LC,5433,5433,0.0400717072287348,0.0398465017361252,0,0,False
Myodes_smithii,LC,LC,5439,5434,0.0398517136199502,0.039823113024621,0,0,False
Crocidura_attenuata,LC,LC,5440,5435,0.0397752578707134,0.0397752578707133,0,0,False
Neotoma_bunkeri,LC,LC,5442,5436,0.0396702449566697,0.0396702449566697,0,0,False
Chiroderma_doriae,LC,LC,5462,5437,0.0389659705954988,0.0396284534931072,0,0,False
Chiroderma_trinitatum,LC,LC,5457,5438,0.0391413153415834,0.0395208500747238,0,0,False
Rattus_pococki,LC,LC,5443,5439,0.0394740804468362,0.0394740804468362,0,0,False
Rattus_colletti,LC,LC,5444,5440,0.0394679692958636,0.0394679692958636,0,0,False
Gerbillus_pulvinatus,LC,LC,5452,5441,0.0393255914429816,0.0394644446844593,0,0,False
Stenella_frontalis,LC,LC,5446,5442,0.0394566079431234,0.0394566079431234,0,0,False
Melomys_capensis,LC,LC,5447,5443,0.0394381323512393,0.0394381323512393,0,0,False
Pelomys_fallax,LC,LC,5448,5444,0.0394193035448608,0.0394193035448608,0,0,False
Nectomys_rattus,LC,LC,5449,5445,0.039409782048453,0.039409782048453,0,0,False
Abrothrix_manni,LC,LC,5291,5446,0.0439748043018146,0.0393832905806873,0,0,False
Scotophilus_marovaza,LC,LC,5450,5447,0.0393829981048249,0.0393829981048249,0,0,False
Vespadelus_caurinus,LC,LC,5451,5448,0.0393690134943556,0.0393690134943556,0,0,False
Miniopterus_manavi,LC,LC,5445,5449,0.0394584845423498,0.0393572563638426,0,0,False
Mico_saterei,LC,LC,5453,5450,0.039279151419881,0.039279151419881,0,0,False
Apodemus_pallipes,LC,LC,5454,5451,0.0392724219391987,0.0392724219391987,0,0,False
Paramelomys_moncktoni,LC,LC,5456,5452,0.0391547806696457,0.0391547806696457,0,0,False
Crocidura_negligens,LC,LC,5458,5453,0.0391356136560807,0.0391356136560807,0,0,False
Sorex_lyelli,LC,LC,5455,5454,0.0392068792006413,0.0391227456519213,0,0,False
Sorex_satunini,LC,LC,5459,5455,0.0391018761874989,0.0391018761874559,0,0,False
Mico_acariensis,LC,LC,5460,5456,0.039095521970514,0.039095521970514,0,0,False
Chlorocebus_tantalus,LC,LC,5461,5457,0.0389706773383601,0.0389706773383601,0,0,False
Dicrostonyx_hudsonius,LC,LC,5494,5458,0.0380495675255325,0.0389441550862148,0,0,False
Cervus_wallichi,LC,LC,5463,5459,0.0389432150866773,0.0389432150866773,0,0,False
Gerbillus_mackillingini,LC,LC,5466,5460,0.0388196545379071,0.0389147175856449,0,0,False
Suncus_etruscus,LC,LC,5464,5461,0.0388749843090204,0.0388749843090204,0,0,False
Arvicola_scherman,LC,LC,5465,5462,0.0388318847649221,0.0388318847649221,0,0,False
Aethomys_hindei,LC,LC,5322,5463,0.0432209813517957,0.0388017576371356,0,0,False
Rattus_xanthurus,LC,LC,5467,5464,0.0387893121875325,0.0387893121875325,0,0,False
Dicrostonyx_nelsoni,LC,LC,5560,5465,0.0357488739048095,0.0387821063934189,0,0,False
Thomasomys_silvestris,LC,LC,5468,5466,0.0387657918347265,0.0387657918347265,0,0,False
Fukomys_amatus,NE,LC,3186,5467,0.154210501830087,0.0386831627034536,0,0,True
Arvicola_amphibius,LC,LC,5469,5468,0.0386797489381605,0.0386797489381605,0,0,False
Rattus_jobiensis,LC,LC,5470,5469,0.0386419070359615,0.0386419070359615,0,0,False
Ctenomys_budini,LC,LC,5500,5470,0.0378334962600623,0.0386351992296371,0,0,False
Nyctophilus_geoffroyi,LC,LC,5472,5471,0.0385851748078931,0.0385851748078923,0,0,False
Suncus_madagascariensis,LC,LC,5473,5472,0.0385636755562433,0.0385636755562433,0,0,False
Rattus_arrogans,LC,LC,5474,5473,0.0385592994774602,0.0385592994774602,0,0,False
Gerbillus_mesopotamiae,LC,LC,5476,5474,0.0384838786044049,0.038500098957213,0,0,False
Crocidura_zaitsevi,LC,LC,5477,5475,0.0384821652028216,0.0384821652028202,0,0,False
Chaetodipus_penicillatus,LC,LC,5486,5476,0.0381603793139557,0.0384615310047715,0,0,False
Pipistrellus_deserti,LC,LC,5471,5477,0.0386113221842641,0.0384425058654125,0,0,False
Vespadelus_darlingtoni,LC,LC,5480,5478,0.0383236486778355,0.0383236486778355,0,0,False
Leptomys_signatus,LC,LC,5481,5479,0.038313051576424,0.038313051576424,0,0,False
Vulpes_rueppellii,LC,LC,5482,5480,0.0382953390207853,0.0382953390207853,0,0,False
Microryzomys_altissimus,LC,LC,5483,5481,0.0381950324189508,0.0381950324189508,0,0,False
Akodon_polopi,LC,LC,5485,5482,0.0381750757048849,0.0381528230405731,0,0,False
Nyctophilus_microdon,LC,LC,5487,5483,0.0381373423530814,0.0381373423530701,0,0,False
Pelomys_campanae,LC,LC,5488,5484,0.0381077232194001,0.0381077232194001,0,0,False
Myodes_regulus,LC,LC,5478,5485,0.0383669708883534,0.038100121536071,0,0,False
Sorex_portenkoi,DD,DD,5489,5486,0.0380840443392351,0.0380840443392351,0,0,False
Pseudohydromys_ellermani,LC,LC,5490,5487,0.0380699872316465,0.0380699872316465,0,0,False
Paramelomys_naso,LC,LC,5491,5488,0.0380639682064537,0.0380639682064537,0,0,False
Scotorepens_sanborni,LC,LC,5493,5489,0.0380523491467591,0.0380523491467591,0,0,False
Myotis_ciliolabrum,LC,LC,5497,5490,0.0379914729092344,0.0380431142063679,0,0,False
Melomys_obiensis,LC,LC,5495,5491,0.0380319268614563,0.0380319268614563,0,0,False
Phodopus_sungorus,LC,LC,5496,5492,0.0379992213594198,0.0379992213594198,0,0,False
Chaetodipus_eremicus,LC,LC,5499,5493,0.0378560691290352,0.0379404746979671,0,0,False
Myodes_rufocanus,LC,LC,5484,5494,0.0381776964468079,0.0379265184746899,0,0,False
Nyctophilus_microtis,LC,LC,5498,5495,0.0378680346171418,0.0378680346171315,0,0,False
Vulpes_vulpes,LC,LC,5501,5496,0.0378071932796081,0.0378071932796081,0,0,False
Mico_intermedius,LC,LC,5502,5497,0.0377825225567516,0.0377825225567516,0,0,False
Cephalophus_ogilbyi,LC,LC,5503,5498,0.03774398691979,0.0377439868739854,0,0,False
Akodon_sylvanus,LC,LC,5504,5499,0.0377405976661804,0.0377405976661804,0,0,False
Vespadelus_baverstocki,LC,LC,5505,5500,0.0376337600220825,0.0376337600220825,0,0,False
Pseudohydromys_murinus,LC,LC,5506,5501,0.0376315580953385,0.0376315580953385,0,0,False
Rhinolophus_euryotis,LC,LC,5507,5502,0.0376246274302901,0.0376246274302901,0,0,False
Microryzomys_minutus,LC,LC,5508,5503,0.0375886546393652,0.0375886546393652,0,0,False
Rattus_tiomanicus,LC,LC,5509,5504,0.0375489139454005,0.0375489139454005,0,0,False
Rattus_mordax,LC,LC,5510,5505,0.0375386342852819,0.0375386342852819,0,0,False
Phodopus_campbelli,LC,LC,5511,5506,0.0375312326264478,0.0375312326264478,0,0,False
Pseudohydromys_berniceae,LC,LC,5512,5507,0.0375183051892804,0.0375183051892804,0,0,False
Pseudohydromys_fuscus,LC,LC,5513,5508,0.0375077579322704,0.0375077579322704,0,0,False
Gerbillus_gleadowi,LC,LC,5521,5509,0.0372424541715716,0.0374968317365136,0,0,False
Mormopterus_jugularis,LC,LC,5514,5510,0.037417788832018,0.037417788832018,0,0,False
Gerbillus_pyramidum,LC,LC,5520,5511,0.0372431209879343,0.0374155419256864,0,0,False
Arctocephalus_tropicalis,LC,LC,5901,5512,0.0104317175770766,0.0374083814886528,0,0,False
Uroderma_bakeri,NE,DD,5515,5513,0.0373600959607422,0.0373600959607422,0,0,True
Apomys_magnus,LC,LC,5516,5514,0.0373340356961391,0.0373340356961391,0,0,False
Bunomys_fratrorum,LC,LC,5517,5515,0.0373010970463688,0.0373010970463688,0,0,False
Cephalophus_callipygus,LC,LC,5518,5516,0.0372580456597837,0.0372580456382269,0,0,False
Melanomys_robustulus,LC,LC,5519,5517,0.0372437345425193,0.0372437345425193,0,0,False
Berylmys_bowersi,LC,LC,5522,5518,0.0372092070889468,0.0372092070889468,0,0,False
Molossus_molossus,LC,LC,5523,5519,0.0371703702150734,0.0371703702150736,0,0,False
Gerbillus_dunni,LC,LC,5525,5520,0.0370578043107428,0.0371545918340943,0,0,False
Rattus_rattus,LC,LC,5524,5521,0.0371199969435978,0.0371199969435978,0,0,False
Bdeogale_crassicauda,LC,LC,5526,5522,0.0370210397723464,0.0370210397723464,0,0,False
Apomys_aurorae,LC,LC,5527,5523,0.0369527142874322,0.0369527142874322,0,0,False
Epomophorus_labiatus,LC,LC,5529,5524,0.0369138346015862,0.0369138346015862,0,0,False
Natalus_lanatus,LC,LC,5479,5525,0.0383298210206523,0.0368992792401854,0,0,False
Chaerephon_pumilus,LC,LC,5370,5526,0.0422160501943345,0.0368481926615844,0,0,False
Halichoerus_grypus,LC,LC,5530,5527,0.0368473292237247,0.0368473292237247,0,0,False
Rattus_sordidus,LC,LC,5531,5528,0.0368370494833297,0.0368370494833297,0,0,False
Nyctophilus_gouldi,LC,LC,5532,5529,0.0368202253361636,0.0368202253361635,0,0,False
Pseudohydromys_sandrae,LC,LC,5533,5530,0.0368094499248801,0.0368094499248801,0,0,False
Paramelomys_rubex,LC,LC,5534,5531,0.036802130691013,0.036802130691013,0,0,False
Crossarchus_ansorgei,LC,LC,5535,5532,0.0368010502570428,0.0368010502570428,0,0,False
Melomys_lutillus,LC,LC,5536,5533,0.0367645260461903,0.0367645260461903,0,0,False
Gerbillus_juliani,LC,LC,5550,5534,0.03612557403698,0.0367471308101328,0,0,False
Ctenomys_sylvanus,LC,LC,5569,5535,0.0355282907607473,0.036571506441359,0,0,False
Mormopterus_francoismoutoui,LC,LC,5538,5536,0.036563446258199,0.036563446258199,0,0,False
Genetta_servalina,LC,LC,5539,5537,0.0365504819594381,0.0365504819594381,0,0,False
Dipodomys_simulans,LC,LC,5540,5538,0.036501834674583,0.036501834674583,0,0,False
Taterillus_congicus,LC,LC,5541,5539,0.0363827319237084,0.0363827319237084,0,0,False
Crossarchus_alexandri,LC,LC,5542,5540,0.0363444585023374,0.0363444585023374,0,0,False
Rattus_villosissimus,LC,LC,5543,5541,0.0363359609495298,0.0363359609495298,0,0,False
Chaerephon_atsinanana,DD,LC,3500,5542,0.131889243710563,0.0362813247696197,0,0,True
Rattus_marmosurus,LC,LC,5544,5543,0.036242161459565,0.036242161459565,0,0,False
Melanomys_caliginosus,LC,LC,5545,5544,0.0362194917130594,0.0362194917130594,0,0,False
Myodes_shanseius,DD,LC,3331,5545,0.14390114786585,0.0362172663962762,0,0,True
Gerbillus_maghrebi,LC,LC,5566,5546,0.0355773983829615,0.0361876996452685,0,0,False
Nyctophilus_arnhemensis,LC,LC,5546,5547,0.0361780337170405,0.0361780337170398,0,0,False
Melomys_dollmani,LC,LC,5548,5548,0.0361720942603521,0.0361720942603521,0,0,False
Dipodomys_agilis,LC,LC,5549,5549,0.0361403013662629,0.0361403013662629,0,0,False
Gerbillus_rosalinda,LC,LC,5553,5550,0.0360132587015952,0.0361345770185914,0,0,False
Sorex_tenellus,LC,LC,5547,5551,0.0361728249409159,0.0361274338578576,0,0,False
Harpiocephalus_harpia,LC,LC,5551,5552,0.0361011193397338,0.0361011193397338,0,0,False
Genetta_angolensis,LC,LC,5552,5553,0.0360938077666435,0.0360938077666435,0,0,False
Harpiocephalus_mordax,LC,LC,5554,5554,0.0359778240264218,0.0359778240264218,0,0,False
Pusa_hispida,LC,LC,5555,5555,0.0359121060939656,0.0359121060939656,0,0,False
Peromyscus_boylii,LC,LC,5576,5556,0.0353420197473168,0.035871499406314,0,0,False
Pogonomelomys_mayeri,LC,LC,5556,5557,0.0358282031519523,0.0358282031519523,0,0,False
Paramelomys_mollis,LC,LC,5558,5558,0.0358141460245406,0.0358141460245406,0,0,False
Nyctophilus_walkeri,LC,LC,5559,5559,0.0357659041702728,0.0357659041698441,0,0,False
Gerbillus_famulus,LC,LC,5570,5560,0.0355061102202002,0.0357612493410176,0,0,False
Alticola_semicanus,LC,LC,5557,5561,0.0358206002809974,0.0357551255342258,0,0,False
Gerbillus_harwoodi,LC,LC,5575,5562,0.0353651823536754,0.0357389776971149,0,0,False
Leontocebus_nigrifrons,DD,LC,3086,5563,0.161657663922382,0.0357344080466903,0,0,True
Apomys_banahao,LC,LC,5563,5564,0.0357310462852239,0.0357310462852239,0,0,False
Alticola_strelzowi,LC,LC,5562,5565,0.0357358856688549,0.0356812911962318,0,0,False
Peromyscus_difficilis,LC,LC,5577,5566,0.0353164847712611,0.0356756818550828,0,0,False
Oxymycterus_delator,LC,LC,5561,5567,0.0357389207570735,0.0356480338493004,0,0,False
Paramelomys_lorentzii,LC,LC,5565,5568,0.0356087482694639,0.0356087482694639,0,0,False
Taterillus_lacustris,LC,LC,5568,5569,0.0355319446254645,0.0355319446254645,0,0,False
Paramelomys_platyops,LC,LC,5572,5570,0.0354513166329931,0.0354513166329931,0,0,False
Peromyscus_nasutus,LC,LC,5564,5571,0.0356270293944902,0.0354288664096526,0,0,False
Taterillus_tranieri,LC,LC,5573,5572,0.0353821170135922,0.0353821170135922,0,0,False
Lepus_alleni,LC,LC,5582,5573,0.0350177213454028,0.0353758957535425,0,0,False
Nyctophilus_bifax,LC,LC,5574,5574,0.035365471078523,0.0353654710784988,0,0,False
Pusa_sibirica,LC,LC,5578,5575,0.035263069585894,0.035263069585894,0,0,False
Oxymycterus_amazonicus,LC,LC,5571,5576,0.0354928153791021,0.0352371572935974,0,0,False
Leontocebus_fuscicollis,DD,LC,3192,5577,0.153590824950207,0.0352294390882721,0,0,True
Leontocebus_cruzlimai,DD,LC,3236,5578,0.150890407492553,0.0352236372304171,0,0,True
Paramelomys_levipes,LC,LC,5579,5579,0.0352007784626235,0.0352007784626235,0,0,False
Gerbillus_pusillus,LC,LC,5594,5580,0.0343996204112223,0.0351024192531563,0,0,False
Eudorcas_albonotata,LC,LC,5583,5581,0.0350004993730204,0.0350004995171859,0,0,False
Sorex_nanus,LC,LC,5580,5582,0.035187584073303,0.0349754830784534,0,0,False
Taterillus_pygargus,LC,LC,5584,5583,0.0349356924993448,0.0349356924993448,0,0,False
Nectomys_palmipes,LC,LC,5585,5584,0.0349079270700272,0.0349079270700272,0,0,False
Leontocebus_weddelli,DD,LC,3224,5585,0.152020660720579,0.0348522858627201,0,0,True
Saimiri_sciureus,LC,LC,5586,5586,0.0347696030253754,0.0347696030253754,0,0,False
Rattus_osgoodi,LC,LC,5587,5587,0.0347499036995279,0.0347499036995279,0,0,False
Taeromys_celebensis,LC,LC,5588,5588,0.0346597958493311,0.0346597958493311,0,0,False
Vulpes_lagopus,LC,LC,5589,5589,0.0346123001172327,0.0346123001172327,0,0,False
Taterillus_arenarius,LC,LC,5590,5590,0.0345854969947127,0.0345854969947127,0,0,False
Vulpes_velox,LC,LC,5591,5591,0.0345672802330369,0.0345672802330369,0,0,False
Tamias_quadrivittatus,LC,LC,5592,5592,0.0344645196707326,0.0344645196707326,0,0,False
Chrotomys_whiteheadi,LC,LC,5593,5593,0.0344162401919503,0.0344162401919503,0,0,False
Platyrrhinus_nigellus,DD,LC,3447,5594,0.135520327262784,0.0344063933584255,0,0,True
Oligoryzomys_brendae,DD,DD,5595,5595,0.0343687714693314,0.0343687714693314,0,0,False
Tamias_ochrogenys,LC,LC,5597,5596,0.0343324701502119,0.0343324701502119,0,0,False
Myotis_elegans,LC,LC,5599,5597,0.0341980020070535,0.0343226676902086,0,0,False
Bdeogale_nigripes,LC,LC,5598,5598,0.0342592947982679,0.0342592947982679,0,0,False
Myotis_riparius,LC,LC,5603,5599,0.0340944330901506,0.0342545288714449,0,0,False
Peromyscus_levipes,LC,LC,5596,5600,0.0343664850979481,0.0342429339514122,0,0,False
Gerbillus_watersi,LC,LC,5605,5601,0.0340143951944525,0.0342246642074422,0,0,False
Tamias_townsendii,LC,LC,5600,5602,0.0341857499219622,0.0341857499219622,0,0,False
Mus_cypriacus,LC,LC,5601,5603,0.0341673896981908,0.0341673896981908,0,0,False
Thylamys_pusillus,LC,LC,5602,5604,0.0341247120443257,0.03416017844162,0,0,False
Thylamys_pulchellus,LC,LC,5607,5605,0.0340058067642925,0.0340303942402401,0,0,False
Tamias_umbrinus,LC,LC,5606,5606,0.0340078448037207,0.0340078448037207,0,0,False
Pogonomelomys_brassi,LC,LC,5608,5607,0.0338966854688656,0.0338966854688656,0,0,False
Petrogale_inornata,LC,LC,5609,5608,0.0337051458086249,0.0337051458086249,0,0,False
Histiotus_laephotis,LC,LC,5611,5609,0.0333663073525613,0.0333663073950631,0,0,False
Myotis_auriculus,LC,LC,5615,5610,0.0332584581023853,0.0332940889433071,0,0,False
Pogonomelomys_bruijnii,LC,LC,5613,5611,0.0332860928237458,0.0332860928237458,0,0,False
Crocidura_viaria,LC,LC,5614,5612,0.033271629959969,0.033271629959969,0,0,False
Crocidura_fulvastra,LC,LC,5617,5613,0.0332081694101955,0.0332081694101955,0,0,False
Erophylla_sezekorni,LC,LC,5618,5614,0.0330513353825891,0.0330513353825891,0,0,False
Histiotus_montanus,LC,LC,5619,5615,0.0330171774040799,0.0330171774040791,0,0,False
Spermophilus_fulvus,LC,LC,5620,5616,0.0329587903304755,0.0329587903304755,0,0,False
Phloeomys_pallidus,LC,LC,5621,5617,0.032941017133482,0.032941017133482,0,0,False
Arctocephalus_forsteri,LC,LC,5622,5618,0.0329000712546919,0.0329001036272096,0,0,False
Poiana_richardsonii,LC,LC,5623,5619,0.0327548777458434,0.0327548777458434,0,0,False
Mormopterus_lumsdenae,DD,LC,3602,5620,0.124836217363461,0.0327295238486511,0,0,True
Laephotis_wintoni,LC,LC,5612,5621,0.0333464756531997,0.03260822398788,0,0,False
Phloeomys_cumingi,LC,LC,5624,5622,0.0325502667569759,0.0325502667569759,0,0,False
Spermophilus_major,NT,NT,5625,5623,0.0324186256399527,0.0324186256399527,0,0,False
Sciurocheirus_gabonensis,LC,LC,5626,5624,0.032405853478715,0.0323321777793249,0,0,False
Laephotis_namibensis,LC,LC,5610,5625,0.0334236336340544,0.0322225014264719,0,0,False
Crocidura_goliath,LC,LC,5629,5626,0.0322135338199941,0.0322135338199941,0,0,False
Pygeretmus_platyurus,LC,LC,5630,5627,0.0322092517850529,0.0322092517850529,0,0,False
Dicrostonyx_nunatakensis,LC,LC,5677,5628,0.0294255050198334,0.0320740834799834,0,0,False
Erophylla_bombifrons,LC,LC,5631,5629,0.0320420643277167,0.0320420643277167,0,0,False
Ctenomys_magellanicus,LC,LC,5802,5630,0.0193862012262192,0.032016483049934,0,0,False
Rhinolophus_smithersi,NT,NT,5632,5631,0.0319301068077331,0.0319301068077331,0,0,False
Lepus_capensis,LC,LC,5633,5632,0.0319076067278224,0.0319076067278224,0,0,False
Gerbillus_aquilus,LC,LC,5638,5633,0.0316352407351258,0.031804481567074,0,0,False
Natalus_tumidirostris,LC,LC,5628,5634,0.0323257490421617,0.0317814182330636,0,0,False
Nyctinomops_laticaudatus,LC,LC,5634,5635,0.0317202742828063,0.0317202742828063,0,0,False
Eudorcas_thomsonii,LC,LC,5636,5636,0.0317118092561019,0.0317118092868643,0,0,False
Conepatus_chinga,LC,LC,5637,5637,0.0316728567579866,0.0316728567579866,0,0,False
Akodon_paranaensis,LC,LC,5635,5638,0.0317139475561408,0.0316385718075389,0,0,False
Pseudalopex_gymnocercus,DD,LC,3418,5639,0.137573355838617,0.0315312443906649,0,0,True
Martes_zibellina,LC,LC,5639,5640,0.0315243775281051,0.0315243775281051,0,0,False
Martes_martes,LC,LC,5640,5641,0.0314159975980586,0.0314159975980586,0,0,False
Nyctinomops_femorosaccus,LC,LC,5641,5642,0.0313528973701758,0.0313528973701758,0,0,False
Eptesicus_brasiliensis,LC,LC,5642,5643,0.0313488208912091,0.0313263010792368,0,0,False
Mormopterus_beccarii,LC,LC,5330,5644,0.0429832516508312,0.0312724526754654,0,0,False
Eolagurus_przewalskii,LC,LC,5643,5645,0.0312147889179906,0.0312147889179906,0,0,False
Lemniscomys_bellieri,LC,LC,5644,5646,0.0311538185327083,0.0311538185327083,0,0,False
Conepatus_semistriatus,LC,LC,5646,5647,0.0310925821327979,0.0310925821327979,0,0,False
Lepus_microtis,LC,LC,5647,5648,0.0310923173706938,0.0310923173706938,0,0,False
Eptesicus_furinalis,LC,LC,5645,5649,0.0311263808753344,0.0310553674357749,0,0,False
Leopardus_geoffroyi,LC,LC,5649,5650,0.0310321907955872,0.0310321907955872,0,0,False
Nycteris_thebaica,LC,LC,5654,5651,0.0307143537517809,0.0310063191804256,0,0,False
Phoca_vitulina,LC,LC,5650,5652,0.0308685895561545,0.0308685895561545,0,0,False
Epomophorus_minimus,LC,LC,5651,5653,0.0308306842123269,0.0308306842123269,0,0,False
Platyrrhinus_recifinus,LC,LC,5653,5654,0.0307245540478897,0.0307574579651432,0,0,False
Lemniscomys_macculus,LC,LC,5655,5655,0.0306812611904977,0.0306812611904977,0,0,False
Phoca_largha,LC,LC,5656,5656,0.0306596157105453,0.0306596157105453,0,0,False
Hydromys_chrysogaster,LC,LC,5657,5657,0.0305758193042017,0.0305758193042017,0,0,False
Pygeretmus_zhitkovi,LC,LC,5658,5658,0.0305619685684043,0.0305619685684043,0,0,False
Natalus_stramineus,LC,LC,5648,5659,0.0310454492353699,0.0305208897114444,0,0,False
Epomophorus_crypturus,LC,LC,5659,5660,0.0304764188722573,0.0304764188722573,0,0,False
Leopardus_wiedii,NT,NT,5661,5661,0.0304247396146974,0.0304247396146974,0,0,False
Pygeretmus_pumilio,LC,LC,5662,5662,0.0304213622764183,0.0304213622764183,0,0,False
Platyrrhinus_masu,LC,LC,5663,5663,0.0304056624995996,0.0304056624995755,0,0,False
Oxymycterus_hispidus,LC,LC,5652,5664,0.030773893535348,0.0303950861947644,0,0,False
Nycteris_hispida,LC,LC,5671,5665,0.0297130145576422,0.0301690849820189,0,0,False
Taeromys_callitrichus,LC,LC,5664,5666,0.0301211906162192,0.0301211906162192,0,0,False
Praomys_daltoni,LC,LC,5665,5667,0.0300222632590659,0.0300222632590659,0,0,False
Eptesicus_gobiensis,LC,LC,5666,5668,0.0299578711733793,0.0299578739782988,0,0,False
Eolagurus_luteus,LC,LC,5667,5669,0.0298896980857353,0.0298896980857353,0,0,False
Callithrix_geoffroyi,LC,LC,5669,5670,0.0298031798778491,0.0298031798778491,0,0,False
Praomys_derooi,LC,LC,5670,5671,0.0297276461082097,0.0297276461082097,0,0,False
Vulpes_macrotis,LC,LC,5672,5672,0.029695456327188,0.029695456327188,0,0,False
Taeromys_taerae,LC,LC,5673,5673,0.029682554988301,0.029682554988301,0,0,False
Lagenorhynchus_cruciger,LC,LC,5676,5674,0.0295136476203749,0.0295136476203749,0,0,False
Eothenomys_melanogaster,LC,LC,5268,5675,0.0444103161026499,0.0295023583188192,0,0,False
Lagenorhynchus_australis,LC,LC,5678,5676,0.0294076573998734,0.0294076573998734,0,0,False
Canis_lupus,LC,LC,5581,5677,0.0351858362816223,0.0293761921063897,0,0,False
Oxymycterus_inca,LC,LC,5674,5678,0.0296095655397659,0.0293582314343525,0,0,False
Eothenomys_miletus,NE,LC,3638,5679,0.122113940592524,0.0293142784776394,0,0,True
Akodon_toba,LC,LC,5680,5680,0.0292777330395283,0.0292777330395283,0,0,False
Uroderma_bilobatum,LC,LC,5681,5681,0.0291965859057518,0.0291965859057518,0,0,False
Melomys_leucogaster,LC,LC,5682,5682,0.0291767928362951,0.0291767928362951,0,0,False
Molossus_rufus,LC,LC,5683,5683,0.0291417226085266,0.0291417226085266,0,0,False
Tamias_senex,LC,LC,5684,5684,0.0291077010996374,0.0291077010996374,0,0,False
Myotis_macropus,LC,LC,5686,5685,0.0290402232689862,0.0290608621242449,0,0,False
Molossus_coibensis,LC,LC,5687,5686,0.0289806920041968,0.0289806920041968,0,0,False
Callithrix_jacchus,LC,LC,5688,5687,0.028955812940398,0.028955812940398,0,0,False
Tamias_sonomae,LC,LC,5689,5688,0.0288750016757478,0.0288750016757478,0,0,False
Rattus_giluwensis,LC,LC,5690,5689,0.0287730072336136,0.0287730072336136,0,0,False
Apomys_lubangensis,LC,LC,5692,5690,0.0287215019951779,0.0287215019951779,0,0,False
Akodon_spegazzinii,LC,LC,5691,5691,0.0287253332326357,0.0287136199720885,0,0,False
Oxymycterus_roberti,LC,LC,5679,5692,0.0294070647130605,0.0286531031319525,0,0,False
Canis_anthus,DD,LC,3786,5693,0.113488635357165,0.0285268014958202,0,0,True
Apomys_sacobianus,LC,LC,5694,5694,0.0284889132751375,0.0284889132751375,0,0,False
Crocidura_thalia,NT,LC,4530,5695,0.0707973917517184,0.0284660134869535,0,0,True
Myotis_adversus,LC,LC,5697,5696,0.0283018812588241,0.028445490317701,0,0,False
Sundasciurus_moellendorffi,NT,NT,5695,5697,0.02840063386549,0.02840063386549,0,0,False
Melomys_rufescens,LC,LC,5696,5698,0.0283486124756315,0.0283486124756315,0,0,False
Akodon_boliviensis,LC,LC,5698,5699,0.0282906301958715,0.0282906301958715,0,0,False
Macropus_agilis,LC,LC,5699,5700,0.0281238990570136,0.0281238990570136,0,0,False
Myotis_melanorhinus,LC,LC,5700,5701,0.0280570835149875,0.0280570835149875,0,0,False
Sorex_araneus,LC,LC,5701,5702,0.0279629227633605,0.0279629227633605,0,0,False
Oxymycterus_angularis,LC,LC,5685,5703,0.0290945435451246,0.0278497674997519,0,0,False
Berylmys_manipulus,LC,LC,5702,5704,0.0277747371783249,0.0277747371783249,0,0,False
Macropus_eugenii,LC,LC,5704,5705,0.0277338116010147,0.0277338116010147,0,0,False
Brucepattersonius_iheringi,LC,LC,5746,5706,0.0233362446719064,0.0276874520628866,0,0,False
Rhinolophus_hildebrandtii,LC,LC,5703,5707,0.027751181173865,0.0276835454675315,0,0,False
Neotoma_angustapalata,NT,NT,5705,5708,0.0275010065900189,0.0275010065900189,0,0,False
Berylmys_mackenziei,LC,LC,5706,5709,0.0273880859479356,0.0273880859479356,0,0,False
Sorex_granarius,LC,LC,5707,5710,0.0273642845804652,0.0273642845804652,0,0,False
Sorex_pacificus,LC,LC,5708,5711,0.0272079511639442,0.0272079512743943,0,0,False
Oxymycterus_akodontius,NE,LC,3719,5712,0.117580563645744,0.0269812834377345,0,0,True
Akodon_mollis,LC,LC,5709,5713,0.0268561681561911,0.0268024908792942,0,0,False
Gerbillus_tarabuli,LC,LC,5711,5714,0.0266455059227169,0.0267922362165132,0,0,False
Eumops_ferox,LC,LC,5710,5715,0.0266630291283252,0.0266630291283252,0,0,False
Akodon_orophilus,LC,LC,5712,5716,0.0265231468984227,0.0265231468984227,0,0,False
Arctocephalus_australis,LC,LC,5713,5717,0.0264701970282502,0.0264702541891391,0,0,False
Lonchophylla_mordax,NT,NT,5714,5718,0.0263890470779928,0.0263890470779967,0,0,False
Oligoryzomys_delticola,LC,LC,5716,5719,0.0262315159160531,0.0262315159160531,0,0,False
Otomys_helleri,LC,LC,5717,5720,0.0261620421248503,0.0261620421248503,0,0,False
Oligoryzomys_eliurus,LC,LC,5718,5721,0.0261605151095122,0.0261605151095122,0,0,False
Ctenomys_goodfellowi,LC,LC,5722,5722,0.0257645343537061,0.0260925319156411,0,0,False
Ctenomys_maulinus,LC,LC,5719,5723,0.0260813651625834,0.0260814503193762,0,0,False
Pteropus_admiralitatum,LC,LC,5720,5724,0.0260196555401386,0.0259961220257215,0,0,False
Cephalorhynchus_commersonii,LC,LC,5721,5725,0.0259047468522147,0.0259047468522147,0,0,False
Cerradomys_vivoi,NE,DD,5723,5726,0.0256975149743781,0.0256975149743781,0,0,True
Ctenomys_boliviensis,LC,LC,5729,5727,0.0252705900302375,0.0254277551294003,0,0,False
Mops_condylurus,LC,LC,5725,5728,0.0254110121344994,0.0254110121317305,0,0,False
Genetta_pardina,LC,LC,5726,5729,0.0253945950134461,0.0253945950134461,0,0,False
Oxymycterus_caparoae,LC,LC,5715,5730,0.0262529618251706,0.0253882843180774,0,0,False
Pteropus_tonganus,LC,LC,5724,5731,0.0254129521768365,0.0253828083188371,0,0,False
Coendou_bicolor,LC,LC,5727,5732,0.0253209290143451,0.0253209290143451,0,0,False
Coendou_prehensilis,LC,LC,5728,5733,0.0253205854428721,0.0253205854428721,0,0,False
Microtus_schidlovskii,LC,LC,5730,5734,0.0250662472330463,0.0250710592989174,0,0,False
Leopardus_guigna,LC,LC,5731,5735,0.0248462963795442,0.0248462963795442,0,0,False
Mops_leucostigma,LC,LC,5732,5736,0.0247680784558684,0.0247680784335791,0,0,False
Crocidura_dsinezumi,LC,LC,5733,5737,0.0246858784030081,0.0246858784029544,0,0,False
Choeroniscus_minor,LC,LC,5734,5738,0.0246096208801624,0.0246096208801624,0,0,False
Crocidura_lasiura,LC,LC,5735,5739,0.0244646907860602,0.0244646907860486,0,0,False
Sapajus_apella,LC,LC,5736,5740,0.0244627742487853,0.0244627742487853,0,0,False
Choeroniscus_godmani,LC,LC,5737,5741,0.0244093798666823,0.0244093798666823,0,0,False
Sorex_yukonicus,LC,LC,5738,5742,0.0243425338888579,0.0242674431568651,0,0,False
Micropteropus_intermedius,DD,DD,5740,5743,0.0241424177613784,0.0241424177613784,0,0,False
Thylamys_sponsorius,NE,LC,1899,5744,0.295961271773874,0.0241371817882666,0,0,True
Thylamys_cinderella,DD,LC,1936,5745,0.289428334575303,0.0240913326690553,0,0,True
Cacajao_ayresi,LC,LC,5743,5746,0.0239189471676835,0.0239189471676835,0,0,False
Lepus_californicus,LC,LC,5783,5747,0.020534617859499,0.02389360927205,0,0,False
Sorex_minutissimus,LC,LC,5742,5748,0.0239328370050202,0.0238264888551553,0,0,False
Platyrrhinus_fusciventris,LC,LC,5744,5749,0.0238587910070002,0.0237869296287341,0,0,False
Platyrrhinus_angustirostris,LC,LC,5745,5750,0.0233978026059012,0.0233743584728223,0,0,False
Galago_gallarum,LC,LC,5747,5751,0.0232544952906391,0.0232544952865695,0,0,False
Akodon_kofordi,LC,LC,5748,5752,0.0232430676339603,0.02322065364781,0,0,False
Coendou_spinosus,LC,LC,5749,5753,0.0232173990120807,0.0232173990120807,0,0,False
Galago_senegalensis,LC,LC,5750,5754,0.0232056801656102,0.0232056801656081,0,0,False
Ctenomys_mendocinus,LC,LC,5764,5755,0.0216070610216949,0.0230866806050983,0,0,False
Ovis_dalli,LC,LC,5751,5756,0.0230283625795858,0.0230305911865916,0,0,False
Akodon_fumeus,LC,LC,5752,5757,0.0229910366191119,0.0229254129107864,0,0,False
Abrothrix_markhami,LC,LC,5753,5758,0.0227898276283483,0.0227391728940163,0,0,False
Ovis_canadensis,LC,LC,5754,5759,0.0227246761351296,0.022730650117347,0,0,False
Coendou_insidiosus,LC,LC,5755,5760,0.0224451353282095,0.0224451353282095,0,0,False
Sturnira_luisi,LC,LC,5757,5761,0.0222279643678523,0.0222279643678523,0,0,False
Abrothrix_olivaceus,LC,LC,5756,5762,0.0222763420710026,0.0222138415314272,0,0,False
Rhinolophus_eloquens,LC,LC,5758,5763,0.0220873389605083,0.0220873389605083,0,0,False
Oligoryzomys_destructor,LC,LC,5759,5764,0.0220650136020752,0.0220650136020752,0,0,False
Rhinolophus_mossambicus,LC,LC,5762,5765,0.0218470350027788,0.0218069199732162,0,0,False
Pithecia_monachus,LC,LC,5761,5766,0.0219874042736464,0.0217904762413398,0,0,False
Leontocebus_leucogenys,DD,LC,3715,5767,0.117785612261567,0.021737921132867,0,0,True
Myotis_evotis,LC,LC,5767,5768,0.021560370685425,0.0216016468694149,0,0,False
Lemmus_amurensis,LC,LC,5765,5769,0.0215931227406445,0.0215931227406445,0,0,False
Rhynchomys_banahao,LC,LC,5766,5770,0.0215711492580667,0.0215711492580667,0,0,False
Myotis_keenii,LC,LC,5768,5771,0.0215429327055375,0.0215429327055375,0,0,False
Chrotomys_mindorensis,LC,LC,5769,5772,0.0214332091764592,0.0214332091764592,0,0,False
Lemmus_sibiricus,LC,LC,5770,5773,0.0214246979044112,0.0214246979044112,0,0,False
Bassaricyon_medius,LC,LC,5771,5774,0.0213900500940811,0.0213900508943057,0,0,False
Calomys_venustus,LC,LC,5772,5775,0.0211454122132347,0.0211454122132347,0,0,False
Bassaricyon_gabbii,LC,LC,5773,5776,0.0211324633383361,0.0211324743277493,0,0,False
Orthogeomys_cherriei,LC,LC,5776,5777,0.02094065401687,0.0210984437024968,0,0,False
Calomys_fecundus,LC,LC,5774,5778,0.0210098020966343,0.0210098020966343,0,0,False
Myotis_californicus,LC,LC,5775,5779,0.0209487053419176,0.0209809624947747,0,0,False
Lasiurus_xanthinus,LC,LC,5778,5780,0.0206778434087508,0.0206778434087508,0,0,False
Cephalophus_nigrifrons,LC,LC,5777,5781,0.0206806315470151,0.0206488361388637,0,0,False
Lasiurus_ega,LC,LC,5781,5782,0.0205550721747596,0.0205550721747596,0,0,False
Crocidura_suaveolens,LC,LC,5782,5783,0.0205505990643523,0.0205505990643523,0,0,False
Cephalophus_rufilatus,LC,LC,5780,5784,0.0205850811450196,0.0205268995225501,0,0,False
Gerbillus_nanus,LC,LC,5786,5785,0.0205013911080015,0.0205110176181483,0,0,False
Histiotus_macrotus,LC,LC,5784,5786,0.0205086629779122,0.0205086629779122,0,0,False
Mogera_wogura,LC,LC,5785,5787,0.0205068828801639,0.0205068828801639,0,0,False
Crocidura_sibirica,LC,LC,5787,5788,0.020419498542489,0.020419498542489,0,0,False
Sapajus_libidinosus,NT,NT,5788,5789,0.0203987921566347,0.0203987921566347,0,0,False
Histiotus_magellanicus,LC,LC,5789,5790,0.0203842842850155,0.0203842842850155,0,0,False
Mogera_robusta,LC,LC,5790,5791,0.0203617552187614,0.0203617552187611,0,0,False
Gerbillus_amoenus,LC,LC,5792,5792,0.0199627932342228,0.0201363272224992,0,0,False
Proechimys_simonsi,LC,LC,5791,5793,0.0199913936610432,0.0199913936610432,0,0,False
Lepus_othus,LC,LC,5793,5794,0.0198408190416717,0.0198408190416717,0,0,False
Sundasciurus_hoogstraali,LC,LC,5794,5795,0.0197470010249459,0.0197470010249459,0,0,False
Stenella_clymene,LC,LC,5795,5796,0.0196369147170212,0.0196369147170212,0,0,False
Orthogeomys_dariensis,LC,LC,5804,5797,0.0192963624261288,0.0196200166132735,0,0,False
Proechimys_steerei,LC,LC,5796,5798,0.0195375833050552,0.0195375833050552,0,0,False
Stenella_coeruleoalba,LC,LC,5797,5799,0.0195312757286387,0.0195312757286387,0,0,False
Gerbillus_rupicola,LC,LC,5799,5800,0.0194500145168711,0.0194837028968328,0,0,False
Tamias_minimus,LC,LC,5798,5801,0.0194825914195167,0.0194825914195167,0,0,False
Rattus_tanezumi,LC,LC,5801,5802,0.0194106730906413,0.0194106730906413,0,0,False
Tamias_speciosus,LC,LC,5803,5803,0.0193700240502745,0.0193700240502745,0,0,False
Dicrostonyx_richardsoni,LC,LC,5813,5804,0.0189861411280487,0.0193124502146649,0,0,False
Cephalophus_natalensis,LC,LC,5693,5805,0.0286985148651741,0.0192600214256755,0,0,False
Crocidura_buettikoferi,LC,LC,5806,5806,0.0192262460434738,0.0192262460434738,0,0,False
Crocidura_poensis,LC,LC,5807,5807,0.0192201531682923,0.0192201531682923,0,0,False
Lissodelphis_peronii,LC,LC,5808,5808,0.0192145750843439,0.0192145750843439,0,0,False
Cephalophus_harveyi,DD,LC,4448,5809,0.0748938574377721,0.0191640276737759,0,0,True
Rattus_andamanensis,LC,LC,5809,5810,0.0191333673254123,0.0191333673254123,0,0,False
Lissodelphis_borealis,LC,LC,5810,5811,0.0191040699557458,0.0191040699557458,0,0,False
Gerbillus_campestris,LC,LC,5812,5812,0.0190003708264573,0.0190568032179919,0,0,False
Scotophilus_andrewreborii,LC,LC,5811,5813,0.0190305370181957,0.0190305370181957,0,0,False
Oxymycterus_rufus,LC,LC,5805,5814,0.0192273962811576,0.0190153536956964,0,0,False
Microtus_liechtensteini,LC,LC,5814,5815,0.0189633521417513,0.0189194279175603,0,0,False
Dicrostonyx_groenlandicus,LC,LC,5818,5816,0.0186679299919442,0.018916459766999,0,0,False
Globicephala_macrorhynchus,LC,LC,5815,5817,0.0188940037066633,0.0188940037066633,0,0,False
Globicephala_melas,LC,LC,5816,5818,0.0188399904237746,0.0188399904237746,0,0,False
Rhipidomys_gardneri,LC,LC,5817,5819,0.0187898831236372,0.0187898831236372,0,0,False
Delphinus_delphis,LC,LC,5819,5820,0.0185825543747241,0.0185825543747241,0,0,False
Cynomys_leucurus,LC,LC,5820,5821,0.0185250689357926,0.0185250689357926,0,0,False
Delphinus_capensis,LC,LC,5821,5822,0.0185202338149984,0.0185202338149984,0,0,False
Apomys_hylocetes,LC,LC,5822,5823,0.0183701914955347,0.0183701914955347,0,0,False
Microtus_bavaricus,LC,LC,5826,5824,0.0182906068265133,0.0183400574131311,0,0,False
Scotophilus_trujilloi,LC,LC,5823,5825,0.0183298152564648,0.0183298152564648,0,0,False
Rhipidomys_leucodactylus,LC,LC,5824,5826,0.0183038066516415,0.0183038066516415,0,0,False
Mus_platythrix,LC,LC,5825,5827,0.0182980622861361,0.0182980622861361,0,0,False
Urocyon_cinereoargenteus,LC,LC,5827,5828,0.018288501304611,0.018288501304611,0,0,False
Cynomys_gunnisoni,LC,LC,5828,5829,0.0181768320027844,0.0181768320027844,0,0,False
Mus_saxicola,LC,LC,5829,5830,0.0181760556667906,0.0181760556667906,0,0,False
Apomys_insignis,LC,LC,5830,5831,0.0180497989874663,0.0180497989874663,0,0,False
Pseudalopex_culpaeus,DD,LC,4001,5832,0.100544064417782,0.0179283603174891,0,0,True
Sorex_ugyunak,LC,LC,5831,5833,0.0179443856250383,0.0179271262239996,0,0,False
Hipposideros_grandis,LC,LC,5832,5834,0.0175371146841687,0.0175371146841687,0,0,False
Neotoma_leucodon,LC,LC,5835,5835,0.0174081369675763,0.0174081369675763,0,0,False
Pseudalopex_griseus,DD,LC,3970,5836,0.101929263665206,0.0173877628502758,0,0,True
Platyrrhinus_albericoi,LC,LC,5833,5837,0.0174481253082404,0.0173445582501681,0,0,False
Sundamys_infraluteus,LC,LC,5836,5838,0.0173387898040343,0.0173387898040343,0,0,False
Platyrrhinus_vittatus,LC,LC,5834,5839,0.0174206585047565,0.0173139521861386,0,0,False
Sundamys_muelleri,LC,LC,5837,5840,0.0173059986440294,0.0173059986440294,0,0,False
Alouatta_macconnelli,LC,LC,5838,5841,0.0170951107648314,0.0172321313617537,0,0,False
Otomys_fortior,VU,VU,5839,5842,0.0170237021417848,0.0170237021417848,0,0,False
Hipposideros_larvatus,LC,LC,5840,5843,0.0169305954423313,0.0169305954423313,0,0,False
Alouatta_seniculus,LC,LC,5841,5844,0.0168630738332531,0.0168976035796786,0,0,False
Oligoryzomys_magellanicus,LC,LC,5842,5845,0.0167997961861674,0.0167997961861674,0,0,False
Sorex_bairdi,LC,LC,5843,5846,0.0167332165764134,0.0167332167306747,0,0,False
Oligoryzomys_longicaudatus,LC,LC,5844,5847,0.0163633193851707,0.0163633193851707,0,0,False
Sorex_camtschatica,LC,LC,5845,5848,0.016345491088786,0.0163349984689993,0,0,False
Sorex_monticolus,LC,LC,5846,5849,0.0163309087308408,0.0163241637870088,0,0,False
Ochotona_nubrica,LC,LC,5847,5850,0.016283904040298,0.016283904040298,0,0,False
Arctocephalus_philippii,LC,LC,5848,5851,0.0162276680258191,0.0162382124003699,0,0,False
Mustela_putorius,LC,LC,5849,5852,0.0162271596569495,0.0162271596569495,0,0,False
Mustela_eversmanii,LC,LC,5850,5853,0.0161627847662196,0.0161627847662196,0,0,False
Leopardus_pardalis,LC,LC,5851,5854,0.016045340032229,0.016045340032229,0,0,False
Ochotona_curzoniae,LC,LC,5852,5855,0.0160130371979578,0.0160130371979578,0,0,False
Arctocephalus_townsendi,LC,LC,5855,5856,0.0159583892511474,0.0159853773712214,0,0,False
Bibimys_chacoensis,LC,LC,5853,5857,0.0159799038350806,0.0159521431597046,0,0,False
Bibimys_labiosus,LC,LC,5854,5858,0.0159733836811133,0.0159441310132203,0,0,False
Necromys_lasiurus,LC,LC,5856,5859,0.0157114855145549,0.0157114855145549,0,0,False
Lonchophylla_concava,LC,LC,5857,5860,0.0154920316631202,0.0154920316631203,0,0,False
Necromys_lenguarum,LC,LC,5859,5861,0.0152392345050485,0.0152392345050485,0,0,False
Neoromicia_tenuipinnis,LC,LC,5858,5862,0.0152707994483285,0.0151987900446874,0,0,False
Spermophilus_erythrogenys,LC,LC,5860,5863,0.0151986260763606,0.0151986260763606,0,0,False
Rattus_steini,LC,LC,5863,5864,0.0151644704822715,0.0151644704822715,0,0,False
Neoromicia_rendalli,LC,LC,5861,5865,0.0151967725355111,0.0150951283620913,0,0,False
Rhinolophus_macrotis,LC,LC,5862,5866,0.0151705712349897,0.015076274539732,0,0,False
Lepus_arcticus,LC,LC,5865,5867,0.0149478597702588,0.0149478597702588,0,0,False
Rhinolophus_siamensis,LC,LC,5864,5868,0.0149518359292242,0.0149448027899392,0,0,False
Tamias_dorsalis,LC,LC,5866,5869,0.0147515478589216,0.0147515478589216,0,0,False
Tamias_cinereicollis,LC,LC,5868,5870,0.0144587626773693,0.0144587626773693,0,0,False
Pteropus_seychellensis,LC,LC,5869,5871,0.0141181552542975,0.0141181552542975,0,0,False
Mus_macedonicus,LC,LC,5870,5872,0.0141019924337497,0.0141019924337497,0,0,False
Epomophorus_gambianus,LC,LC,5871,5873,0.0140658247167666,0.0140658247167666,0,0,False
Mus_spicilegus,LC,LC,5872,5874,0.0140653188986077,0.0140653188986077,0,0,False
Isothrix_bistriata,LC,LC,5873,5875,0.013386098072274,0.013386098072274,0,0,False
Callicebus_purinus,DD,LC,4990,5876,0.0533717563698578,0.0132674434116254,0,0,True
Callicebus_torquatus,LC,LC,5763,5877,0.0218267202591008,0.0132017559103986,0,0,False
Cerradomys_subflavus,LC,LC,5874,5878,0.0130947810721819,0.0130947810721819,0,0,False
Isothrix_negrensis,LC,LC,5875,5879,0.0129743463460402,0.0129743463460402,0,0,False
Sciurus_oculatus,LC,LC,5876,5880,0.0128891999527281,0.0128710107325907,0,0,False
Sciurus_aureogaster,LC,LC,5877,5881,0.0128718561354624,0.0128667303201476,0,0,False
Rhipidomys_emiliae,LC,LC,5878,5882,0.0128176370570265,0.0128176370570265,0,0,False
Rhipidomys_nitela,LC,LC,5879,5883,0.0127816711442945,0.0127816711442945,0,0,False
Microtus_lusitanicus,LC,LC,5880,5884,0.0125512101440108,0.0125642655236195,0,0,False
Neotoma_albigula,LC,LC,5881,5885,0.0125219761478352,0.0125219761478352,0,0,False
Microtus_duodecimcostatus,LC,LC,5882,5886,0.0124722485901405,0.0124283525015397,0,0,False
Sundasciurus_juvencus,LC,LC,5883,5887,0.0123752586771124,0.0123752586771124,0,0,False
Sorex_jacksoni,LC,LC,5884,5888,0.012188934133984,0.012188934133984,0,0,False
Spermophilus_alashanicus,LC,LC,5885,5889,0.0121417754869339,0.0121417754869339,0,0,False
Spermophilus_pallidicauda,LC,LC,5886,5890,0.0121055308410251,0.0121055308410251,0,0,False
Mico_mauesi,LC,LC,5887,5891,0.0120000259568252,0.0120000259568252,0,0,False
Akodon_molinae,LC,LC,5888,5892,0.0117963302168848,0.0117963302168848,0,0,False
Mico_argentatus,LC,LC,5889,5893,0.0117745382158563,0.0117745382158563,0,0,False
Akodon_dolores,LC,LC,5890,5894,0.0116173804234628,0.0116173804234628,0,0,False
Scotophilus_dinganii,LC,LC,5891,5895,0.0115720672988444,0.0115720672988444,0,0,False
Scotophilus_ejetai,LC,LC,5892,5896,0.0115111691382903,0.0115111691382903,0,0,False
Calomys_tocantinsi,LC,LC,5893,5897,0.011354375132271,0.011354375132271,0,0,False
Urocitellus_richardsonii,LC,LC,5894,5898,0.0112987181299317,0.0112987181299317,0,0,False
Urocitellus_elegans,LC,LC,5895,5899,0.0112599421372221,0.0112599421372221,0,0,False
Gerbillus_perpallidus,LC,LC,5896,5900,0.0110912683495438,0.0111484903854431,0,0,False
Calomys_callosus,LC,LC,5897,5901,0.0110737839953832,0.0110737839953832,0,0,False
Acomys_dimidiatus,LC,LC,5898,5902,0.0110616193812204,0.011015913900426,0,0,False
Acomys_cahirinus,LC,LC,5899,5903,0.0109127627568455,0.0109476846427887,0,0,False
Gerbillus_floweri,LC,LC,5900,5904,0.0107231380715055,0.0107657988282442,0,0,False
Micropteropus_pusillus,LC,LC,5903,5905,0.0098665032709611,0.0098665032709611,0,0,False
Lepus_timidus,LC,LC,5904,5906,0.0094490608562348,0.0094490608562348,0,0,False
Lepus_coreanus,LC,LC,5905,5907,0.0093933972200005,0.0093933972200005,0,0,False
Sapajus_macrocephalus,LC,LC,5906,5908,0.0093526263553025,0.0093526263553025,0,0,False
Rattus_praetor,LC,LC,5907,5909,0.0093029308504495,0.0093029308504495,0,0,False
Rattus_novaeguineae,LC,LC,5908,5910,0.0090664040465601,0.0090664040465601,0,0,False
Otomys_typus,LC,LC,5909,5911,0.0089313429269429,0.0089313429269429,0,0,False
