EDGErank,EDrank,species,common_name,order,family,RLcat,EDGEmed,EDGEiqr,EDmed,EDiqr,pextmed,pextiqr,TBLmn,isEDGEsp_frac,is_EDGE_species,n_trees,match,matched_IUCN_name,on_vgp_list,has_vgp_genome,vgp_placement_tier,vgp_name,vgp_accession
1,23,Burramys_parvus,Mountain Pygmy Possum,Diprotodontia,Burramyidae,CR,24.4288352768582,4.26718653068784,25.8333946417601,4.4678316146383,0.969017552722647,0.0652740733396005,25.89502436858,1.0,1,1000,direct,Burramys_parvus,False,False,,,
2,5,Daubentonia_madagascariensis,Aye-aye,Primates,Daubentoniidae,EN,20.0411644184954,11.4326095717708,40.23966447,7.9875085525,0.485787927334518,0.286754805576868,41.0324468814,1.0,1,1000,direct,Daubentonia_madagascariensis,False,False,,,
3,41,Gymnobelideus_leadbeateri,Leadbeater's Possum,Diprotodontia,Petauridae,CR,19.5534365482907,3.32273151644772,20.5618230155105,3.18905435670835,0.967575510453126,0.0662981227538091,20.67481468046,1.0,1,1000,direct,Gymnobelideus_leadbeateri,False,False,,,
4,74,Manis_culionensis,Philippine Pangolin,Pholidota,Manidae,CR,14.6581245137164,6.815360992831,15.4652165650052,6.98224323941927,0.970356921865497,0.0643093832084664,6.59108618365414,1.0,1,1000,direct,Manis_culionensis,False,False,,,
5,76,Desmana_moschata,Russian Desman,Eulipotyphla,Talpidae,CR,14.3347338126028,4.56312341146115,15.1524298913282,4.68006525442127,0.968126321131184,0.0631341423864674,12.533966043835,1.0,1,1000,direct,Desmana_moschata,False,False,,,
6,83,Manis_pentadactyla,Chinese Pangolin,Pholidota,Manidae,CR,14.0883040683408,6.72181923380776,14.8708020312785,7.03787875341508,0.970255103189162,0.0643691045698731,0.868426868798592,1.0,1,1000,direct,Manis_pentadactyla,True,True,exact,Manis_pentadactyla,GCA_030020395.1
7,84,Manis_javanica,Sunda Pangolin,Pholidota,Manidae,CR,14.0615461283675,6.70840507750734,14.8577748366556,6.58094696303503,0.970255103189162,0.0643103644654012,0.853712047122,1.0,1,1000,direct,Manis_javanica,False,False,,,
9,114,Varecia_variegata,Black-and-white Ruffed Lemur,Primates,Lemuridae,CR,12.0680147972203,2.80016900856675,12.6348710165972,2.68344045611888,0.970140448847516,0.0600388275090146,0.9384068616351,1.0,1,1000,direct,Varecia_variegata,False,False,,,
10,115,Varecia_rubra,Red Ruffed Lemur,Primates,Lemuridae,CR,12.0536721476995,2.77098000311766,12.6173093348197,2.66854049082393,0.970168698415343,0.0598034797959762,0.9384068616351,1.0,1,1000,direct,Varecia_rubra,False,False,,,
18,26,Solisorex_pearsoni,Pearson's Long-clawed Shrew,Eulipotyphla,Soricidae,EN,11.2957921534854,7.42838271936586,24.83131725,5.693875665,0.485332410029096,0.281547552060227,22.5141185617028,0.984,1,1000,direct,Solisorex_pearsoni,False,False,,,
20,166,Indri_indri,Indri,Primates,Indriidae,CR,10.4777834411613,2.33945298898505,10.9761721077651,2.43606539800417,0.969992492781841,0.0587467320169043,11.271215715527,1.0,1,1000,direct,Indri_indri,False,False,,,
21,40,Manis_crassicaudata,Indian Pangolin,Pholidota,Manidae,EN,10.3772075128562,6.00861962378723,20.9331033808997,5.72342486718311,0.487398791112181,0.294179283478246,6.80566695792007,1.0,1,1000,direct,Manis_crassicaudata,False,False,,,
22,168,Hypogeomys_antimena,Malagasy Giant Jumping Rat,Rodentia,Nesomyidae,CR,10.3008976882293,3.0549797311084,10.8597365120737,2.96045607445083,0.969031333205242,0.0609183163912893,9.72751231063368,0.984,1,1000,direct,Hypogeomys_antimena,False,False,,,
23,43,Ailurus_fulgens,Red Panda,Carnivora,Ailuridae,EN,9.70857183717701,5.57042467723476,20.31460987,3.514355915,0.486207987129446,0.281093695747637,20.2370479331,1.0,1,1000,direct,Ailurus_fulgens,False,False,,,
24,200,Mystacina_robusta,New Zealand Greater Short-tailed Bat,Chiroptera,Mystacinidae,CR,9.51965559243238,4.53241511821956,10.0589504654225,4.71059398105612,0.970552445223898,0.0630151400127725,4.62739623117148,1.0,1,1000,direct,Mystacina_robusta,False,False,,,
26,216,Pongo_abelii,Sumatran Orangutan,Primates,Hominidae,CR,9.07893809047151,1.90926475997548,9.55068613066188,1.8957187650385,0.970337072830097,0.0626589653720927,2.0097940558689,1.0,1,1000,direct,Pongo_abelii,True,True,exact,Pongo_abelii,GCA_028885655.2
27,217,Pongo_pygmaeus,Bornean Orangutan,Primates,Hominidae,CR,9.07487390306284,1.91436173147808,9.51989859223483,1.92989462272,0.970496380151356,0.0626699867613592,2.0097940558689,1.0,1,1000,direct,Pongo_pygmaeus,True,True,exact,Pongo_pygmaeus,GCA_028885625.2
28,232,Mirimiri_acrodonta,Fijian Monkey-faced Bat,Chiroptera,Pteropodidae,CR,8.96215918825024,2.31399589998679,9.37568990577129,2.37950191276146,0.972014482950201,0.0617597947941174,8.69163652187902,0.965,1,1000,direct,Mirimiri_acrodonta,False,False,,,
29,238,Lipotes_vexillifer,,Artiodactyla,Lipotidae,CR,8.81018407830441,1.83514530559387,9.23417045670901,1.85129512333244,0.971487706269254,0.0605287664654335,8.6685384082747,0.986,1,1000,direct,Lipotes_vexillifer,False,False,,,
30,57,Galemys_pyrenaicus,Iberian Desman,Eulipotyphla,Talpidae,EN,8.59451777892427,5.24717847493974,17.5119502512448,6.61802005446437,0.475060464888952,0.291477875834344,12.583411617353,1.0,1,1000,direct,Galemys_pyrenaicus,False,False,,,
31,65,Bradypus_torquatus,Northern Maned Sloth,Pilosa,Bradypodidae,EN,7.9187935569245,4.58014772569058,16.3467699150738,4.92040924517498,0.472051599209105,0.291228960577283,12.7363018402141,1.0,1,1000,direct,Bradypus_torquatus,False,False,,,
32,317,Cheirogaleus_sibreei,Sibree's Dwarf Lemur,Primates,Cheirogaleidae,CR,7.65581152986988,2.38202504605326,8.00481657648464,2.46739453581764,0.970705609022416,0.0590220693147838,7.10353949555482,0.949,1,1000,direct,Cheirogaleus_sibreei,False,False,,,
33,338,Dicerorhinus_sumatrensis,Sumatran Rhinoceros,Perissodactyla,Rhinocerotidae,CR,7.4559502653093,2.91692112056289,7.77050448928329,3.08162283410894,0.970552582153358,0.0640166266798522,6.403843556243,1.0,1,1000,direct,Dicerorhinus_sumatrensis,True,True,exact,Dicerorhinus_sumatrensis,GCA_060039915.1
34,344,Bradypus_pygmaeus,Pygmy Three-toed Sloth,Pilosa,Bradypodidae,CR,7.35241334562432,8.79553258559765,7.7332729167243,9.10147050482541,0.967518866204957,0.0637844103757803,6.2813185110724,0.873,1,1000,direct,Bradypus_pygmaeus,False,False,,,
35,352,Bunolagus_monticularis,Riverine Rabbit,Lagomorpha,Leporidae,CR,7.35225982767196,2.74112096961431,7.64927746300897,2.77326207289781,0.970450772009991,0.0600881893813111,6.41202883017328,0.921,1,1000,direct,Bunolagus_monticularis,False,False,,,
36,17,Mystacina_tuberculata,New Zealand Lesser Short-tailed Bat,Chiroptera,Mystacinidae,VU,7.22241031120793,2.45649810622642,30.3368324334319,6.52923732969241,0.242859398620689,0.0794655636130417,4.62739623117148,1.0,1,1000,direct,Mystacina_tuberculata,False,False,,,
38,377,Pseudoryx_nghetinhensis,Saola,Artiodactyla,Bovidae,CR,6.90285015224545,2.21455593591366,7.25037895948419,2.23124365359993,0.971654723932162,0.0538582222707426,6.45464263496204,0.982,1,1000,direct,Pseudoryx_nghetinhensis,False,False,,,
39,387,Zaglossus_attenboroughi,Sir David's Long-beaked Echidna,Monotremata,Tachyglossidae,CR,6.84003522010026,5.10925397443714,7.1748529080035,5.39966688130144,0.967455089452413,0.0647343697944022,5.01865801395542,0.998,1,1000,direct,Zaglossus_attenboroughi,False,False,,,
40,389,Zaglossus_bruijnii,Western Long-beaked Echidna,Monotremata,Tachyglossidae,CR,6.82206609992293,5.23058897634913,7.15854305632152,5.47679463852373,0.967518866204957,0.0646934708696501,5.0577226906716,0.995,1,1000,direct,Zaglossus_bruijnii,False,False,,,
41,19,Phascolarctos_cinereus,Koala,Diprotodontia,Phascolarctidae,VU,6.70386612549364,2.23622774180289,28.0650221183788,3.9042442154002,0.241081713717168,0.0776844438419977,27.97987998172,1.0,1,1000,direct,Phascolarctos_cinereus,True,True,exact,Phascolarctos_cinereus,GCA_003287225.2
43,21,Macrotis_lagotis,Bilby,Peramelemorphia,Thylacomyidae,VU,6.37241711038737,2.18009680732858,27.0089787344616,4.67255597540155,0.241438704112126,0.0766738956818199,6.10900274566065,1.0,1,1000,direct,Macrotis_lagotis,True,True,exact,Macrotis_lagotis,GCA_037893015.1
44,98,Macrotarsomys_ingens,Ankarafantsika Big-footed Mouse,Rodentia,Nesomyidae,EN,6.29634559614022,3.64190123852787,13.8322207318871,3.32563577642485,0.479724149359584,0.254954612964261,12.3255877274089,0.987,1,1000,direct,Macrotarsomys_ingens,False,False,,,
45,106,Platanista_gangetica,Ganges River Dolphin,Artiodactyla,Platanistidae,EN,6.25790843244763,3.56477247652546,13.031825705,2.637112185,0.489819036257043,0.276165838367673,12.6217422229254,0.998,1,1000,direct,Platanista_gangetica,False,False,,,
46,455,Diceros_bicornis,Black Rhinoceros,Perissodactyla,Rhinocerotidae,CR,6.19541410012036,1.2810941839314,6.55362393960427,1.35967537072073,0.970681108270359,0.0640212749972664,5.599863916168,1.0,1,1000,direct,Diceros_bicornis,True,True,exact,Diceros_bicornis,GCA_020826845.1
47,501,Rhinoceros_sondaicus,Javan Rhinoceros,Perissodactyla,Rhinocerotidae,CR,5.87461090247561,1.32233184475454,6.16234602124141,1.3219349848205,0.970752204720894,0.0638020646465357,4.345315974799,1.0,1,1000,direct,Rhinoceros_sondaicus,False,False,,,
48,122,Petauroides_volans,Greater Glider,Diprotodontia,Pseudocheiridae,EN,5.84962973624491,3.18234964033321,12.3075982539548,2.55951973925892,0.473934003899485,0.285659657281705,11.147999463644,1.0,1,1000,direct,Petauroides_volans,False,False,,,
49,146,Callistomys_pictus,Painted Tree-rat,Rodentia,Echimyidae,EN,5.81357847858348,3.07530986780078,11.638206675,2.83088518,0.49680441263765,0.271754012143866,11.4229983744968,0.982,1,1000,direct,Callistomys_pictus,False,False,,,
50,533,Tokudaia_muenninki,Okinawa Spiny Rat,Rodentia,Muridae,CR,5.63935838480284,1.54085999041784,5.96492061451382,1.63654940999236,0.971256721251837,0.0598445632849638,4.156733661084,1.0,1,1000,direct,Tokudaia_muenninki,False,False,,,
52,118,Latidens_salimalii,Salim Ali's Fruit Bat,Chiroptera,Pteropodidae,EN,5.60397188276529,3.91061056484496,12.4878966761295,4.09471901218035,0.496217463674415,0.295095160725581,10.0884761607533,0.95,1,1000,direct,Latidens_salimalii,False,False,,,
53,535,Potorous_gilbertii,,Diprotodontia,Potoroidae,CR,5.59444977229003,1.39269902073337,5.9321852792355,1.54282419312291,0.96740548127805,0.0656830960214105,3.8228454137195,1.0,1,1000,direct,Potorous_gilbertii,False,False,,,
55,160,Allocebus_trichotis,Hairy-eared Dwarf Lemur,Primates,Cheirogaleidae,EN,5.51079508738109,3.01176304506579,11.0660506100029,2.57979891122753,0.490183656289765,0.287926927857761,11.298743075443,1.0,1,1000,direct,Allocebus_trichotis,False,False,,,
57,159,Choeropsis_liberiensis,Pygmy Hippopotamus,Artiodactyla,Hippopotamidae,EN,5.47898031187781,2.90707215802044,11.0693905030137,2.60972887493589,0.492824666571706,0.277272615103188,4.704819510962,1.0,1,1000,direct,Choeropsis_liberiensis,False,False,,,
58,580,Propithecus_coquereli,Coquerel's Sifaka,Primates,Indriidae,CR,5.45093422563003,1.562460323826,5.71609405117235,1.6438886415438,0.970101068965987,0.0592863115158967,0.95036508010573,1.0,1,1000,direct,Propithecus_coquereli,False,False,,,
59,567,Propithecus_tattersalli,Golden-crowned Sifaka,Primates,Indriidae,CR,5.4471726549211,1.53642363668578,5.76109527573718,1.61306371693104,0.969992492781841,0.0590220693147838,0.96016578812606,1.0,1,1000,direct,Propithecus_tattersalli,False,False,,,
61,582,Propithecus_deckenii,Van der Decken’s Sifaka,Primates,Indriidae,CR,5.44403660374777,1.61586310417858,5.69535384566065,1.57806450619219,0.970140448847516,0.0587555618040333,0.39296514351075,1.0,1,1000,direct,Propithecus_deckenii,False,False,,,
62,574,Propithecus_verreauxi,Verreaux's Sifaka,Primates,Indriidae,CR,5.43536851700163,1.61989188669382,5.73032586735628,1.58802067858873,0.970140448847516,0.0587555618040333,0.39836858085876,1.0,1,1000,direct,Propithecus_verreauxi,False,False,,,
63,590,Pygathrix_cinerea,Grey-shanked Douc Langur,Primates,Cercopithecidae,CR,5.34719457050772,1.28856315548599,5.62249511562777,1.29437474855997,0.970168698415343,0.0625772058805667,2.1687867699307,1.0,1,1000,direct,Pygathrix_cinerea,False,False,,,
64,595,Pygathrix_nemaeus,Red-shanked Douc Langur,Primates,Cercopithecidae,CR,5.31877239896014,1.25555597812855,5.59306119391306,1.31344926146585,0.970267930434586,0.0625544495736062,1.7286525300609,1.0,1,1000,direct,Pygathrix_nemaeus,False,False,,,
65,598,Pygathrix_nigripes,Black-shanked Douc Langur,Primates,Cercopithecidae,CR,5.30089101665198,1.25210807486643,5.58860009708536,1.34015803069723,0.970267930434586,0.0626058754060843,1.7286525300609,1.0,1,1000,direct,Pygathrix_nigripes,False,False,,,
66,616,Santamartamys_rufodorsalis,Red Crested Tree Rat,Rodentia,Echimyidae,CR,5.21449808793133,1.94425020875315,5.48966896392102,1.99664841590557,0.971195634328994,0.0581255461919219,5.38231123624001,0.961,1,1000,direct,Santamartamys_rufodorsalis,False,False,,,
67,179,Parantechinus_apicalis,Dibbler,Dasyuromorphia,Dasyuridae,EN,5.15434602829203,2.83564411406482,10.6504422712313,1.99482552154139,0.477873992604072,0.277377566494308,10.729721059391,1.0,1,1000,direct,Parantechinus_apicalis,False,False,,,
68,651,Gorilla_gorilla,Western Gorilla,Primates,Hominidae,CR,5.08464781872611,1.18406787679031,5.31579659628527,1.20703746960099,0.970732182770476,0.0625673258498765,1.1484672296089,1.0,1,1000,direct,Gorilla_gorilla,True,True,exact,Gorilla_gorilla,GCA_029281585.3
69,648,Gorilla_beringei,Eastern Gorilla,Primates,Hominidae,CR,5.07178757252691,1.18751070299504,5.33401090459406,1.20157295443985,0.970925260099311,0.0617369903915672,1.1484672296089,1.0,1,1000,direct,Gorilla_beringei,False,False,,,
70,187,Tapirus_indicus,Malay Tapir,Perissodactyla,Tapiridae,EN,5.06129277559993,2.86856831014063,10.3618830600721,1.99215680828868,0.488884130876556,0.278400794456661,10.137294306357,1.0,1,1000,direct,Tapirus_indicus,True,True,exact,Tapirus_indicus,GCA_031878705.1
71,655,Propithecus_candidus,Silky Sifaka,Primates,Indriidae,CR,5.02281487531583,1.86593960853652,5.29497639456943,1.91690558976771,0.970101068965987,0.0590220693147838,1.12310259137101,1.0,1,1000,direct,Propithecus_candidus,False,False,,,
72,645,Propithecus_coronatus,Crowned Sifaka,Primates,Indriidae,CR,5.00115278077807,1.89810873774647,5.34551341676937,1.93646460897904,0.969992492781841,0.0586357699999256,1.18439717259204,1.0,1,1000,direct,Propithecus_coronatus,False,False,,,
73,231,Okapia_johnstoni,Okapi,Artiodactyla,Giraffidae,EN,4.62926618957885,2.58002788997201,9.38061589769566,2.08588992911636,0.488884130876556,0.270393031026851,7.892312417003,1.0,1,1000,direct,Okapia_johnstoni,False,False,,,
75,50,Chaetomys_subspinosus,Bristle-spined Rat,Rodentia,Erethizontidae,VU,4.53836128716239,1.68112265074375,18.992933735,5.21295599499999,0.244328775509288,0.0750378041694619,19.54753145838,1.0,1,1000,direct,Chaetomys_subspinosus,False,False,,,
76,241,Dasyurus_hallucatus,Northern Quoll,Dasyuromorphia,Dasyuridae,EN,4.41771717261734,2.52838773638245,9.15209893693389,1.63164461961702,0.477873992604072,0.27762240532749,9.237434752752,1.0,1,1000,direct,Dasyurus_hallucatus,False,False,,,
77,822,Prolemur_simus,Greater Bamboo Lemur,Primates,Lemuridae,CR,4.40926343722351,1.10236150498458,4.63072761762168,1.15844237391655,0.970168698415343,0.0596718604998523,4.694838026286,1.0,1,1000,direct,Prolemur_simus,False,False,,,
78,52,Platacanthomys_lasiurus,Malabar Spiny Tree Mouse,Rodentia,Platacanthomyidae,VU,4.38764319858121,4.56402473611318,18.3462955267798,18.313777466258,0.245615576217225,0.075899658701331,18.483391676102,1.0,1,1000,direct,Platacanthomys_lasiurus,False,False,,,
81,55,Neohylomys_hainanensis,Hainan Gymnure,Eulipotyphla,Erinaceidae,VU,4.33194484170183,1.43656205162215,17.8405150559185,3.60643258695394,0.246291871791583,0.0772820608331369,18.17555097967,1.0,1,1000,direct,Neohylomys_hainanensis,False,False,,,
82,859,Propithecus_perrieri,Perrier’s Sifaka,Primates,Indriidae,CR,4.25401265354573,1.7819968025029,4.47527907014377,1.84111249729733,0.969992492781841,0.0587467320169043,1.2261996552491,1.0,1,1000,direct,Propithecus_perrieri,False,False,,,
83,280,Rhynchomeles_prattorum,Seram Bandicoot,Peramelemorphia,Peramelidae,EN,4.24288680922552,3.56517362440296,8.56811598934106,5.87162363186616,0.482213169737514,0.27081882583176,9.631256764466,1.0,1,1000,direct,Rhynchomeles_prattorum,False,False,,,
84,866,Phyllomys_mantiqueirensis,Mantiqueira Atlantic Tree Rat,Rodentia,Echimyidae,CR,4.24128716120243,1.83019602585084,4.45471257784179,1.86666034481329,0.971917945114711,0.0567272189991099,3.55038385011866,0.898,1,1000,direct,Phyllomys_mantiqueirensis,False,False,,,
85,58,Hippopotamus_amphibius,Common Hippopotamus,Artiodactyla,Hippopotamidae,VU,4.19482637079917,1.87844621814882,17.4882680203317,7.67717252520916,0.245036159814798,0.0772746674980673,1.25442879520455,1.0,1,1000,direct,Hippopotamus_amphibius,True,True,exact,Hippopotamus_amphibius,GCA_030028045.1
87,895,Plecotus_sardus,Sardinian Long-eared Bat,Chiroptera,Vespertilionidae,CR,4.15176873291222,2.04157184606351,4.37692259115495,2.09484909546062,0.973278697082507,0.0537002744007925,4.17395163960118,0.879,1,1000,direct,Plecotus_sardus,False,False,,,
91,899,Abrocoma_boliviensis,Bolivian Chinchilla Rat,Rodentia,Abrocomidae,CR,4.07656920083178,6.37765673937597,4.36163471034977,6.75187855658228,0.970732380734455,0.0581554944232545,4.33975525493901,0.747,1,1000,direct,Abrocoma_boliviensis,False,False,,,
93,310,Smutsia_gigantea,Giant Ground Pangolin,Pholidota,Manidae,EN,3.97109039045279,2.4613817781959,8.13058779727734,2.60165765158192,0.486437580716684,0.293573302089991,5.8117235335683,1.0,1,1000,direct,Smutsia_gigantea,False,False,,,
94,975,Propithecus_diadema,Diademed Sifaka,Primates,Indriidae,CR,3.96220953013344,1.93374764568465,4.1589131028315,1.95589605100699,0.969992492781841,0.0586357699999256,0.79908508627972,1.0,1,1000,direct,Propithecus_diadema,False,False,,,
95,954,Cricetus_cricetus,Common Hamster,Rodentia,Cricetidae,CR,3.95431887643229,2.95230762893551,4.22176401340518,3.13207675679632,0.967589098252418,0.0616373966628061,3.53903878739868,0.753,1,1000,direct,Cricetus_cricetus,False,False,,,
96,967,Ailurops_melanotis,Talaud Bear Cuscus,Diprotodontia,Phalangeridae,CR,3.92607319263083,2.51305445610102,4.17982765947073,2.65957520375948,0.969017552722647,0.0652070892991468,3.04457053286206,0.989,1,1000,direct,Ailurops_melanotis,False,False,,,
99,276,Pentalagus_furnessi,Amami Rabbit,Lagomorpha,Leporidae,EN,3.90242123396658,2.51611024506355,8.5998597660095,3.22131137060988,0.487816086382669,0.270775064020241,6.38643149556288,0.919,1,1000,direct,Pentalagus_furnessi,False,False,,,
100,981,Simias_concolor,Pig-tailed Snub-nosed Langur,Primates,Cercopithecidae,CR,3.89576632285501,1.37863745419686,4.13871672593752,1.41232359931578,0.970267930434586,0.0625250770462054,1.7094248680988,1.0,1,1000,direct,Simias_concolor,False,False,,,
101,56,Delanymys_brooksi,Delany's Swamp Mouse,Rodentia,Nesomyidae,VU,3.88143849729195,2.66479641547403,17.6344519432956,10.8224878563584,0.240737277073419,0.0740262941485837,13.7631217432983,0.987,1,1000,direct,Delanymys_brooksi,False,False,,,
102,313,Sarcophilus_harrisii,Tasmanian Devil,Dasyuromorphia,Dasyuridae,EN,3.86793204237025,2.17510283109693,8.07147666159001,1.45999919556782,0.478567228635719,0.278473969120477,8.091462485908,1.0,1,1000,direct,Sarcophilus_harrisii,True,True,exact,Sarcophilus_harrisii,GCA_048593225.1
103,296,Oryctolagus_cuniculus,European Rabbit,Lagomorpha,Leporidae,EN,3.86784152587805,2.54954982261735,8.32175466353026,2.78732060646046,0.488202543034757,0.270465815118776,7.18801321527454,0.914,1,1000,direct,Oryctolagus_cuniculus,True,True,exact,Oryctolagus_cuniculus,GCA_964237555.1
104,1012,Peromyscus_mayensis,Mayan Deer Mouse,Rodentia,Cricetidae,CR,3.86345156818082,0.854982336314894,4.06511732350005,0.829699772499954,0.970198921405592,0.0594457932000437,3.38042301108534,0.917,1,1000,direct,Peromyscus_mayensis,False,False,,,
105,271,Suncus_dayi,Day's Shrew,Eulipotyphla,Soricidae,EN,3.83382954778733,3.54618606733652,8.66559806108706,6.49831869352483,0.487266487211265,0.280884959368886,6.71560450431122,0.901,1,1000,direct,Suncus_dayi,False,False,,,
107,300,Caprolagus_hispidus,Hispid Hare,Lagomorpha,Leporidae,EN,3.77721191127624,2.57100086184926,8.245937002634,3.16079013228245,0.488034627054486,0.270775064020241,6.89838755515055,0.876,1,1000,direct,Caprolagus_hispidus,False,False,,,
108,1034,Petaurus_abidi,Northern Glider,Diprotodontia,Petauridae,CR,3.75899593327083,2.61253825826207,3.99825011663443,2.72808761331369,0.968318623716859,0.0662981227538091,3.60742566376059,0.822,1,1000,direct,Petaurus_abidi,False,False,,,
110,1098,Geocapromys_ingrahami,Bahamian Hutia,Rodentia,Echimyidae,CR,3.67217609599225,1.32169321246379,3.84580761587034,1.34289551111621,0.971348387062748,0.0589333814869302,1.25495587538469,1.0,1,1000,direct,Geocapromys_ingrahami,False,False,,,
113,419,Solenodon_cubanus,Cuban Solenodon,Eulipotyphla,Solenodontidae,EN,3.64338369600516,3.68763034575097,6.96275785459991,7.1063169164118,0.472501746298596,0.291945020876848,4.59463059576743,1.0,1,1000,MDD_synonym,Atopogale_cubana,False,False,,,
114,328,Akodon_latebricola,Ecuadorean Grass Mouse,Rodentia,Cricetidae,EN,3.59730907184044,2.15055928443111,7.86713665517519,1.9169717837454,0.479690237020728,0.263690836263993,7.03810858763529,0.939,1,1000,MDD_synonym,Neomicroxus_latebricola,False,False,,,
116,395,Propithecus_edwardsi,Milne-Edward's Sifaka,Primates,Indriidae,EN,3.57885597643301,2.12007386323333,7.12314585828501,1.79538944888906,0.48556610495807,0.286703308919812,0.8002408461304,1.0,1,1000,direct,Propithecus_edwardsi,False,False,,,
117,1147,Pipanacoctomys_aureus,,Rodentia,Octodontidae,CR,3.56502198472012,1.23490962095655,3.76284162808282,1.28591747779165,0.970732380734455,0.0581478964675684,3.784716165629,0.999,1,1000,GBIF_iucn_link,Pipanacoctomys_aureus,False,False,,,
119,360,Pteronura_brasiliensis,Giant Otter,Carnivora,Mustelidae,EN,3.54513319022551,2.14433407798814,7.4967645102884,1.54781293750222,0.482284987725897,0.280629564923994,7.596889341843,1.0,1,1000,direct,Pteronura_brasiliensis,False,False,,,
121,1184,Lepilemur_jamesorum,James' Sportive Lemur,Primates,Lepilemuridae,CR,3.49381666795663,1.57368978862645,3.6562959736706,1.6855388230655,0.970903392170865,0.0584723471221642,2.41150235167994,0.913,1,1000,direct,Lepilemur_jamesorum,False,False,,,
122,82,Priodontes_maximus,Giant Armadillo,Cingulata,Tolypeutidae,VU,3.49224012772187,1.36551034176252,14.8817615960856,4.02561831036172,0.237561333857516,0.0783467590074948,15.063860148262,1.0,1,1000,direct,Priodontes_maximus,False,False,,,
124,382,Eupetaurus_cinereus,Woolly Flying Squirrel,Rodentia,Sciuridae,EN,3.45423833434016,1.93435999166901,7.20520292797881,2.26114971897492,0.49314630222302,0.273443145999136,7.0826966521077,0.993,1,1000,direct,Eupetaurus_cinereus,False,False,,,
125,399,Cynogale_bennettii,Otter Civet,Carnivora,Viverridae,EN,3.45365348492484,1.8958799533258,7.10227652932669,1.50780111117992,0.489819036257043,0.278404199047508,7.169347426808,1.0,1,1000,direct,Cynogale_bennettii,False,False,,,
126,397,Zygogeomys_trichopus,Michoacan Pocket Gopher,Rodentia,Geomyidae,EN,3.44203321202529,1.88513106224938,7.1197836765,1.39131083075,0.487077943894182,0.271235064996952,7.189752656053,1.0,1,1000,direct,Zygogeomys_trichopus,False,False,,,
128,91,Lagostrophus_fasciatus,Banded Hare Wallaby,Diprotodontia,Macropodidae,VU,3.41254648766034,1.14677709005212,14.426841285,2.443069095,0.241288103249052,0.0783232403549769,14.445242008467,1.0,1,1000,direct,Lagostrophus_fasciatus,False,False,,,
129,1238,Oreonax_flavicauda,Peruvian Yellow-tailed Woolly Monkey,Primates,Atelidae,CR,3.41007818484189,3.08662525771538,3.55666470313515,3.30408420022732,0.970953998653753,0.0610163104031599,4.2583068781342,0.906,1,1000,MDD_synonym,Lagothrix_flavicauda,False,False,,,
131,97,Myrmecophaga_tridactyla,Giant Anteater,Pilosa,Myrmecophagidae,VU,3.31859967863767,1.36308754566241,13.9674092524544,4.46026553485714,0.237791604364075,0.079754029188403,14.213051531121,1.0,1,1000,direct,Myrmecophaga_tridactyla,False,False,,,
132,1279,Spermophilus_suslicus,Speckled Ground Squirrel,Rodentia,Sciuridae,CR,3.3162245963531,1.31623550942748,3.50006781859479,1.30848181498883,0.971160169083264,0.0611714083393639,3.24557671604669,0.846,1,1000,direct,Spermophilus_suslicus,False,False,,,
133,1303,Equus_africanus,African Wild Ass,Perissodactyla,Equidae,CR,3.30156833069835,0.924234830850504,3.45691812935408,0.893191500983634,0.970552582153358,0.0639325201847936,3.17390444223196,0.913,1,1000,direct,Equus_africanus,True,False,,,
134,1320,Eubalaena_glacialis,North Atlantic Right Whale,Artiodactyla,Balaenidae,CR,3.25205315687411,0.698209737716812,3.42549804104377,0.678461628058782,0.970903392170865,0.0590948226110889,3.37508256891505,0.97,1,1000,direct,Eubalaena_glacialis,True,True,exact,Eubalaena_glacialis,GCA_028564815.2
135,437,Trinomys_yonenagae,,Rodentia,Echimyidae,EN,3.24815909493632,1.85875106799758,6.76918871799946,2.11625349721727,0.492795564965308,0.271139022148859,6.67266208916993,0.97,1,1000,direct,Trinomys_yonenagae,False,False,,,
136,1324,Pseudocheirus_occidentalis,Western Ringtail Possum,Diprotodontia,Pseudocheiridae,CR,3.2148413823408,4.48059416268414,3.41201476474455,4.62836635599734,0.967744721841013,0.0667635565037434,4.05344887790879,0.772,1,1000,direct,Pseudocheirus_occidentalis,False,False,,,
137,426,Feroculus_feroculus,Kelaart's Long-clawed Shrew,Eulipotyphla,Soricidae,EN,3.15512523088944,3.04239935343578,6.88074206435896,5.98200162193806,0.487789885160026,0.283360908608199,5.44777081611268,0.863,1,1000,direct,Feroculus_feroculus,False,False,,,
139,475,Phataginus_tricuspis,White-bellied Pangolin,Pholidota,Manidae,EN,3.1089028079148,1.8773395852315,6.37079074745442,2.24696060797099,0.48701700482296,0.293242953448215,3.4252270462062,1.0,1,1000,direct,Phataginus_tricuspis,False,False,,,
142,1394,Hapalemur_aureus,Golden Bamboo Lemur,Primates,Lemuridae,CR,3.09186193654981,1.2335323969374,3.26019916187241,1.25205999010764,0.970168698415343,0.059402762362866,2.92224950674692,0.868,1,1000,direct,Hapalemur_aureus,False,False,,,
144,493,Nasalis_larvatus,Proboscis Monkey,Primates,Cercopithecidae,EN,3.08163358800421,1.72805240556011,6.23309081495409,1.35080131822547,0.486510715974722,0.287145968066641,1.7094248680988,1.0,1,1000,direct,Nasalis_larvatus,True,True,exact,Nasalis_larvatus,GCA_047834645.1
145,1387,Habromys_chinanteco,Chinanteco Deer Mouse,Rodentia,Cricetidae,CR,3.07810520501371,0.987207604667717,3.26624319310696,0.963321286062497,0.970306862514629,0.0594548516129259,1.58236685384615,0.887,1,1000,direct,Habromys_chinanteco,False,False,,,
146,1392,Habromys_simulatus,Jico Deer Mouse,Rodentia,Cricetidae,CR,3.07537409986234,0.969315462633691,3.26244081824856,1.01448770539035,0.970198921405592,0.0595365965256607,1.56540455413973,0.89,1,1000,direct,Habromys_simulatus,False,False,,,
148,551,Tokudaia_tokunoshimensis,Tokunoshima Spiny Rat,Rodentia,Muridae,EN,3.02862469965986,1.90794811319183,5.85496185501185,2.71507260270963,0.492281920017614,0.283793021372734,1.104077914273,0.999,1,1000,direct,Tokudaia_tokunoshimensis,False,False,,,
149,541,Tokudaia_osimensis,,Rodentia,Muridae,EN,2.98615239368103,1.8865498559595,5.90678378128453,2.90738446487605,0.492418670624126,0.284737143767266,1.104077914273,1.0,1,1000,direct,Tokudaia_osimensis,False,False,,,
150,1479,Rhinopithecus_avunculus,Tonkin Snub-nosed Monkey,Primates,Cercopithecidae,CR,2.95356366285376,0.950271177126011,3.11104741018029,0.998330398964552,0.970267930434586,0.0626058754060843,1.8156516872236,0.998,1,1000,direct,Rhinopithecus_avunculus,False,False,,,
151,116,Zaglossus_bartoni,Eastern Long-beaked Echidna,Monotremata,Tachyglossidae,VU,2.95097685251813,1.83108625248969,12.5260845971942,7.03502545660593,0.238481760883011,0.0787416874081874,5.11923685144456,1.0,1,1000,direct,Zaglossus_bartoni,False,False,,,
152,142,Macroderma_gigas,Ghost Bat,Chiroptera,Megadermatidae,VU,2.86987016613707,0.984980562930919,11.7192505526585,2.56479605058129,0.246953386379361,0.07735060543476,11.895525449209,1.0,1,1000,direct,Macroderma_gigas,False,False,,,
153,139,Rhinoceros_unicornis,Greater One-horned Rhino,Perissodactyla,Rhinocerotidae,VU,2.85480002591774,0.952750767777673,11.8373323790733,2.41185396656935,0.243797969589155,0.0777533810393706,4.345315974799,1.0,1,1000,direct,Rhinoceros_unicornis,False,False,,,
154,1554,Cryptochloris_wintoni,De Winton's Golden Mole,Afrosoricida,Chrysochloridae,CR,2.85059290572101,1.96174440503637,2.99123690085041,2.06490650061066,0.966366759696468,0.0647744057398862,1.95150452892239,0.838,1,1000,direct,Cryptochloris_wintoni,False,False,,,
155,1567,Congosorex_phillipsorum,Phillips’ Congo Shrew,Eulipotyphla,Soricidae,CR,2.83237487685116,3.97494466760251,2.97360771789635,4.14113498475585,0.967518866204957,0.062859484916536,3.50732863050535,0.701,1,1000,direct,Congosorex_phillipsorum,False,False,,,
156,1577,Dipodomys_gravipes,San Quintin Kangaroo Rat,Rodentia,Heteromyidae,CR,2.82381592798149,0.821391962356644,2.96434045870061,0.845791140565027,0.970586139700088,0.0572362849683587,2.93329087804186,0.952,1,1000,direct,Dipodomys_gravipes,False,False,,,
157,558,Peroryctes_broadbenti,Giant Bandicoot,Peramelemorphia,Peramelidae,EN,2.81449249764507,1.52835661775144,5.83221330333513,1.55692077697758,0.477873992604072,0.267597820112312,5.486687613583,1.0,1,1000,direct,Peroryctes_broadbenti,False,False,,,
158,1611,Rhinopithecus_brelichi,Grey Snub-nosed Monkey,Primates,Cercopithecidae,CR,2.76382974220516,0.984541244673183,2.90256323883069,1.04459150205133,0.97038162961448,0.0625654709628727,1.3693642143944,0.979,1,1000,direct,Rhinopithecus_brelichi,False,False,,,
159,1627,Pteralopex_flanneryi,Greater Monkey-faced Bat,Chiroptera,Pteropodidae,CR,2.76190505873567,2.26604144860604,2.8769897375938,2.33356726179316,0.972076159137107,0.0617997862488714,1.61189182477492,0.799,1,1000,direct,Pteralopex_flanneryi,False,False,,,
162,1616,Pteralopex_pulchra,Montane Monkey-faced Bat,Chiroptera,Pteropodidae,CR,2.74105746404407,2.2713567090231,2.893556163492,2.38859255296073,0.972076159137107,0.0617711371115852,1.65376924169306,0.799,1,1000,direct,Pteralopex_pulchra,False,False,,,
163,602,Geocapromys_brownii,Jamaican Hutia,Rodentia,Echimyidae,EN,2.72842204511588,1.52203626212151,5.55350646744849,1.5305855690033,0.492832936069451,0.26957935583969,1.31983019031498,1.0,1,1000,direct,Geocapromys_brownii,False,False,,,
165,1663,Brachyteles_arachnoides,Southern Muriqui,Primates,Atelidae,CR,2.70303640494834,0.862165545669553,2.83126863761463,0.892336527506159,0.971046491143967,0.0617865902584413,1.0262490309015,0.975,1,1000,direct,Brachyteles_arachnoides,False,False,,,
166,156,Giraffa_camelopardalis,Giraffe,Artiodactyla,Giraffidae,VU,2.69750435982226,0.982749136583259,11.2115739494993,2.55707719058436,0.243674501931548,0.0743183845266789,7.892312417003,1.0,1,1000,direct,Giraffa_camelopardalis,True,True,split_from_tip,Giraffa_tippelskirchi,GCA_054371585.1
167,1649,Brachyteles_hypoxanthus,Northern Muriqui,Primates,Atelidae,CR,2.6924114884103,0.865372909357038,2.84542277166167,0.887850180324477,0.971205938507324,0.0612937052171937,1.0262490309015,0.979,1,1000,direct,Brachyteles_hypoxanthus,False,False,,,
168,157,Rousettus_bidens,Manado Rousette,Chiroptera,Pteropodidae,VU,2.68573476261324,0.98296670816973,11.2114213099458,2.21595252725492,0.24601531831274,0.0811116386236484,10.8104014486835,0.986,1,1000,MDD_synonym,Boneia_bidens,False,False,,,
169,597,Catagonus_wagneri,Chacoan Peccary,Artiodactyla,Tayassuidae,EN,2.67768673520628,1.63793272430295,5.59061975504299,1.72985655807296,0.489819036257043,0.276897790968637,5.486617790572,1.0,1,1000,direct,Catagonus_wagneri,False,False,,,
170,512,Chimarrogale_phaeura,Bornean Water Shrew,Eulipotyphla,Soricidae,EN,2.66733825763479,2.5722692610291,6.04581306068663,4.63948496245075,0.493632974419255,0.28307096204181,4.87575289634911,0.86,1,1000,direct,Chimarrogale_phaeura,False,False,,,
171,1676,Chalinolobus_tuberculatus,New Zealand Long-tailed Bat,Chiroptera,Vespertilionidae,CR,2.66716596840972,2.07526241950199,2.81015092475231,2.16184336650554,0.971947432056028,0.0582844101841218,2.41391735024692,0.722,1,1000,direct,Chalinolobus_tuberculatus,False,False,,,
172,643,Lemur_catta,Ring-tailed Lemur,Primates,Lemuridae,EN,2.65809836608231,1.56283592213974,5.34769912133733,1.23301116922971,0.487029024104238,0.291315748359731,5.398296475443,1.0,1,1000,direct,Lemur_catta,True,True,exact,Lemur_catta,GCA_020740605.1
173,1686,Presbytis_chrysomelas,Bornean Banded Langur,Primates,Cercopithecidae,CR,2.65697859966299,1.61345191097692,2.79736549970671,1.70189523209514,0.97038162961448,0.061503618168917,2.25625031680247,0.757,1,1000,direct,Presbytis_chrysomelas,False,False,,,
174,518,Hipposideros_coxi,Cox's Leaf-nosed Bat,Chiroptera,Hipposideridae,EN,2.65259647035263,2.30036964224207,6.02833602546788,3.7820643598556,0.496217463674415,0.297663373588022,4.94546520365865,0.858,1,1000,direct,Hipposideros_coxi,False,False,,,
175,163,Lonchorhina_orinocensis,Orinoco Sword-nosed Bat,Chiroptera,Phyllostomidae,VU,2.63921746242603,1.09612196123938,11.0143070086047,3.18955574972417,0.245516772328093,0.0785637469337553,10.3226196926173,0.997,1,1000,direct,Lonchorhina_orinocensis,False,False,,,
176,155,Smutsia_temminckii,Temminck’s Ground Pangolin,Pholidota,Manidae,VU,2.62740117641987,1.23576230315533,11.2116172058227,4.16086657744355,0.24293833784475,0.0795867877150554,5.8117235335683,1.0,1,1000,direct,Smutsia_temminckii,False,False,,,
178,1714,Beatragus_hunteri,Hirola,Artiodactyla,Bovidae,CR,2.62419342359856,0.841178127782582,2.75805750998647,0.851646395129597,0.971423688428519,0.0566308779478821,2.797749511094,0.973,1,1000,direct,Beatragus_hunteri,False,False,,,
179,1725,Nomascus_hainanus,Hainan Gibbon,Primates,Hylobatidae,CR,2.60599120730996,0.865096798234156,2.74169917897153,0.90687670904988,0.970732182770476,0.0626475548683987,1.511700150299,0.941,1,1000,direct,Nomascus_hainanus,False,False,,,
181,1734,Nomascus_nasutus,Cao-vit Gibbon,Primates,Hylobatidae,CR,2.60018818577842,0.887364354279335,2.73219092975154,0.87582626951567,0.970925260099311,0.0627276388781718,1.49195110227737,0.931,1,1000,direct,Nomascus_nasutus,False,False,,,
182,1739,Lepilemur_septentrionalis,Sahafary Sportive Lemur,Primates,Lepilemuridae,CR,2.59630101985674,1.11895479698279,2.72610255608333,1.14429281372702,0.971022851990672,0.0578720952629346,2.09888146867696,0.836,1,1000,direct,Lepilemur_septentrionalis,False,False,,,
183,644,Chrotogale_owstoni,Owston's Civet,Carnivora,Viverridae,EN,2.59267815230227,1.42536156256768,5.3475477900992,1.22352182247542,0.487339447307544,0.278304148956905,5.365853309866,1.0,1,1000,direct,Chrotogale_owstoni,False,False,,,
185,165,Sminthopsis_psammophila,Sandhill Dunnart,Dasyuromorphia,Dasyuridae,VU,2.57999226460682,0.908611257515584,10.9797835734265,2.18856581391601,0.24164509364401,0.0779029989517023,10.6760528079226,0.986,1,1000,direct,Sminthopsis_psammophila,False,False,,,
186,692,Tapirus_bairdii,Baird's Tapir,Perissodactyla,Tapiridae,EN,2.55564077651047,1.41577263923022,5.13960808244919,1.22727567311961,0.489298725607373,0.278324789761971,4.717602487026,1.0,1,1000,direct,Tapirus_bairdii,False,False,,,
188,172,Dasyuroides_byrnei,Kowari,Dasyuromorphia,Dasyuridae,VU,2.54144041135999,0.860329382300959,10.8003303846673,2.01271455114152,0.24164509364401,0.0780817110580953,10.837808588306,1.0,1,1000,direct,Dasyuroides_byrnei,False,False,,,
189,1808,Dendrolagus_mayri,Wondiwoi Tree-kangaroo,Diprotodontia,Macropodidae,CR,2.54020097845226,3.2337399380307,2.64437323123903,3.38691504199378,0.969540590054367,0.0648869174978324,2.63568838455108,0.703,1,1000,direct,Dendrolagus_mayri,False,False,,,
190,1775,Dendrolagus_scottae,Tenkile,Diprotodontia,Macropodidae,CR,2.53873888727773,3.31089377369578,2.67522347684516,3.48639623545551,0.969737797498439,0.0638781828199029,2.67652708767344,0.701,1,1000,direct,Dendrolagus_scottae,False,False,,,
191,167,Dugong_dugon,Dugong,Sirenia,Dugongidae,VU,2.53736844646276,1.39975912610887,10.8866796845883,4.72211485349888,0.236761557662488,0.0790945682789764,10.649137990503,1.0,1,1000,direct,Dugong_dugon,True,True,exact,Dugong_dugon,GCA_030035585.1
193,1801,Dendrolagus_pulcherrimus,Golden-mantled Tree Kangaroo,Diprotodontia,Macropodidae,CR,2.51162284503972,3.47667381996177,2.64833564442288,3.53175603277577,0.969540590054367,0.0638668701612848,2.50026800809345,0.674,1,1000,direct,Dendrolagus_pulcherrimus,False,False,,,
194,164,Tarsius_tarsier,Spectral Tarsier,Primates,Tarsiidae,VU,2.50975151818091,1.44582477863688,10.9869239829596,5.99357795023021,0.243746381587006,0.0780496232349075,7.49971940911215,0.999,1,1000,direct,Tarsius_tarsier,False,False,,,
197,691,Enhydra_lutris,Sea Otter,Carnivora,Mustelidae,EN,2.49442154752447,1.37348716176535,5.15043751288502,1.18748008068128,0.482722139237721,0.279841006169049,5.210479978941,1.0,1,1000,direct,Enhydra_lutris,False,False,,,
198,1822,Aproteles_bulmerae,Bulmer's Fruit Bat,Chiroptera,Pteropodidae,CR,2.4889842903599,4.17983320385645,2.6264288949214,4.33002650360696,0.971780072742575,0.062013169400248,3.16986072203704,0.637,1,1000,direct,Aproteles_bulmerae,False,False,,,
199,1824,Eulemur_flavifrons,Blue-eyed Black Lemur,Primates,Lemuridae,CR,2.48471204301069,0.79089440409619,2.62552938852416,0.78973859013834,0.970903392170865,0.059045984953399,1.591489875912,0.963,1,1000,direct,Eulemur_flavifrons,False,False,,,
200,143,Anthops_ornatus,Solomons Leaf-nosed Bat,Chiroptera,Hipposideridae,VU,2.46810881135003,2.64964832202795,11.7035560439964,10.4271124542199,0.245394082208774,0.0783229914130113,8.45645103382051,0.866,1,1000,direct,Anthops_ornatus,False,False,,,
201,624,Microakodontomys_transitorius,Transitional Colilargo,Rodentia,Cricetidae,EN,2.46761483611857,1.47948888664625,5.4571352275,1.39743022413371,0.485010383861242,0.265169958886794,4.12257325776293,0.939,1,1000,direct,Microakodontomys_transitorius,False,False,,,
206,1890,Rhinopithecus_strykeri,Myanmar Snub-nosed Monkey,Primates,Cercopithecidae,CR,2.44332748423868,1.03576853490412,2.54677290134676,1.07390919925516,0.970168698415343,0.0625654709628727,0.7274212675101,0.912,1,1000,direct,Rhinopithecus_strykeri,False,False,,,
207,794,Phaner_furcifer,Masoala Fork-marked Lemur,Primates,Cheirogaleidae,EN,2.43276970459946,1.98448545022683,4.73963453518895,3.56044355671032,0.490183656289765,0.287218263300493,2.15284456599433,0.97,1,1000,direct,Phaner_furcifer,False,False,,,
208,782,Phaner_parienti,Sambirano Fork-marked Lemur,Primates,Cheirogaleidae,EN,2.39668224998441,2.00098600076127,4.79100713979054,3.84088358116748,0.48844630441227,0.287394266686554,2.09612639370299,0.972,1,1000,direct,Phaner_parienti,False,False,,,
209,1920,Dendromus_kahuziensis,Mt. Kahuzi Climbing Mouse,Rodentia,Nesomyidae,CR,2.39651360804303,3.756050490785,2.52107754045019,3.84652885334404,0.969011460749559,0.0610791761979455,3.31596585890027,0.629,1,1000,direct,Dendromus_kahuziensis,False,False,,,
210,729,Pteromyscus_pulverulentus,Smoky Flying Squirrel,Rodentia,Sciuridae,EN,2.39330787693669,1.4330920339331,5.01494007603479,1.67833014107001,0.49532741591327,0.273171106002089,4.9131236338693,0.982,1,1000,direct,Pteromyscus_pulverulentus,False,False,,,
211,205,Phataginus_tetradactyla,Black-bellied Pangolin,Pholidota,Manidae,VU,2.38612620559096,1.16267888244038,9.82681767204346,4.45608702202909,0.243228988645254,0.0804210257562592,3.4252270462062,1.0,1,1000,direct,Phataginus_tetradactyla,False,False,,,
212,797,Phaner_pallescens,Pale Fork-marked Lemur,Primates,Cheirogaleidae,EN,2.38421935325323,2.03917159045889,4.72995224963097,3.6592189511356,0.490183656289765,0.288963874589905,2.05722414146781,0.974,1,1000,direct,Phaner_pallescens,False,False,,,
214,743,Macaca_sylvanus,Barbary Macaque,Primates,Cercopithecidae,EN,2.35868665170692,1.36414976831763,4.94954131950126,1.23768803799922,0.485947565096241,0.286331982350817,4.60081293175015,0.996,1,1000,direct,Macaca_sylvanus,False,False,,,
215,1955,Eudiscoderma_thongareeae,Thongaree’s Disc-nosed Bat,Chiroptera,Megadermatidae,CR,2.35226149673101,4.22649962013753,2.49332928010534,4.42385178302776,0.973276213931794,0.0552787099643023,3.74571467253056,0.617,1,1000,direct,Eudiscoderma_thongareeae,False,False,,,
217,2002,Marmosops_handleyi,,Didelphimorphia,Didelphidae,CR,2.34203322112393,3.57233870447763,2.4337563241447,3.79518586609288,0.967682911044549,0.0663989183801163,3.26708175229333,0.637,1,1000,direct,Marmosops_handleyi,False,False,,,
218,593,Xenomys_nelsoni,Magdelena Wood Rat,Rodentia,Cricetidae,EN,2.3308603207244,2.10384668235181,5.59693743898272,3.80539662349822,0.47606839871576,0.280309040623121,4.75226260882466,0.843,1,1000,direct,Xenomys_nelsoni,False,False,,,
219,844,Phaner_electromontis,,Primates,Cheirogaleidae,EN,2.33031597046815,1.99844219669091,4.54998959246129,3.59388142109282,0.490183656289765,0.288963874589905,1.92719172509293,0.972,1,1000,direct,Phaner_electromontis,False,False,,,
220,777,Loxodonta_africana,African Savanna Elephant,Proboscidea,Elephantidae,EN,2.32402110346273,1.50181748141704,4.8062058173084,2.03871541218338,0.466624755698088,0.284666820610091,4.921141537377,0.998,1,1000,direct,Loxodonta_africana,True,True,exact,Loxodonta_africana,GCA_030014295.1
221,1959,Pharotis_imogene,Thomas's Big-eared Bat,Chiroptera,Vespertilionidae,CR,2.31784366213912,4.32583947311954,2.48846612505752,4.57200888345487,0.970356921865497,0.0639393968607673,3.72186226485449,0.613,1,1000,direct,Pharotis_imogene,False,False,,,
223,810,Hylomyscus_baeri,Baer's Wood Mouse,Rodentia,Muridae,EN,2.25956676220458,1.31750929335803,4.66965668514979,0.956798934773963,0.492418670624126,0.288861124120834,4.52247664694986,0.965,1,1000,direct,Hylomyscus_baeri,False,False,,,
224,929,Romerolagus_diazi,Volcano Rabbit,Lagomorpha,Leporidae,EN,2.21708135022071,4.43800128083118,4.28103938812157,9.45384246179459,0.491978787974214,0.276753739275815,4.81488981380352,0.762,1,1000,direct,Romerolagus_diazi,False,False,,,
225,711,Crocidura_zimmermanni,Cretan Shrew,Eulipotyphla,Soricidae,EN,2.21692780998064,2.60216263446205,5.05953869608435,5.12346559219337,0.48326944765462,0.282957768681316,4.02194241703599,0.775,1,1000,direct,Crocidura_zimmermanni,False,False,,,
226,824,Sturnira_nana,Lesser Yellow-shouldered Bat,Chiroptera,Phyllostomidae,EN,2.20532173666192,1.2398552819591,4.621774508,1.3824048675,0.489112485267875,0.27668681534475,4.29176596834887,0.943,1,1000,direct,Sturnira_nana,False,False,,,
227,234,Potorous_longipes,Long-footed Potoroo,Diprotodontia,Potoroidae,VU,2.20199148273051,0.763951044006346,9.31805926201603,1.84021570022312,0.238733841001208,0.0774032342061244,8.770506262514,1.0,1,1000,direct,Potorous_longipes,False,False,,,
229,2146,Nomascus_concolor,Black Crested Gibbon,Primates,Hylobatidae,CR,2.17568391672629,0.729679188368794,2.28286473180854,0.776901815003352,0.970732182770476,0.0626475548683987,1.41404461841061,0.877,1,1000,direct,Nomascus_concolor,False,False,,,
230,2144,Spilocuscus_rufoniger,Black Spotted Cuscus,Diprotodontia,Phalangeridae,CR,2.17433450764493,1.50890218844612,2.28703158273304,1.60887120012612,0.969540590054367,0.0652070892991468,1.81212881137384,0.667,1,1000,direct,Spilocuscus_rufoniger,False,False,,,
232,2188,Addax_nasomaculatus,Addax,Artiodactyla,Bovidae,CR,2.14489802009317,0.692012708417302,2.24649888985584,0.710600316813201,0.970605427818649,0.0568451373611998,2.258562721227,0.837,1,1000,direct,Addax_nasomaculatus,False,False,,,
233,2160,Spilocuscus_wilsoni,Blue-eyed Spotted Cuscus,Diprotodontia,Phalangeridae,CR,2.12579677581859,2.29746013171905,2.26706669715004,2.52995220591046,0.969017552722647,0.0652070892991468,2.43092725719715,0.618,1,1000,direct,Spilocuscus_wilsoni,False,False,,,
234,2206,Procolobus_pennantii,Pennant's Red Colobus,Primates,Cercopithecidae,CR,2.10940939983608,2.00716541101345,2.22518616623339,2.12296516594957,0.97038162961448,0.0618444681405896,1.34232382604212,0.629,1,1000,GBIF_accepted,Piliocolobus_pennantii,False,False,,,
237,942,Rhinopithecus_roxellana,Golden Snub-nosed Monkey,Primates,Cercopithecidae,EN,2.09682233096582,1.1998077650136,4.24595343569389,1.31887229641453,0.487158164690312,0.287907314236971,1.3693642143944,1.0,1,1000,direct,Rhinopithecus_roxellana,False,False,,,
238,265,Ailurops_ursinus,Bear Cuscus,Diprotodontia,Phalangeridae,VU,2.08808398320725,0.750817216303422,8.77790256673069,1.82749114070459,0.240748820088661,0.078436884694528,3.04457053286206,1.0,1,1000,direct,Ailurops_ursinus,False,False,,,
239,263,Caenolestes_convelatus,Blackish Shrew Opossum,Paucituberculata,Caenolestidae,VU,2.0826014735434,0.901959670482375,8.78520078551976,3.04167519244587,0.240378877718319,0.0736429142829359,7.89258728945472,1.0,1,1000,direct,Caenolestes_convelatus,False,False,,,
240,2240,Myotis_yanbarensis,Yanbaru Whiskered Bat,Chiroptera,Vespertilionidae,CR,2.08159170908442,0.999000947610195,2.19234418856667,1.04599181519134,0.970406339189167,0.0615706775421735,2.03078630387402,0.727,1,1000,direct,Myotis_yanbarensis,False,False,,,
241,2262,Procolobus_preussi,Preuss’s Red Colobus,Primates,Cercopithecidae,CR,2.07773498825734,1.78246081864224,2.17112885429827,1.85801081680428,0.970450772009991,0.06138975477008,1.23291708951002,0.628,1,1000,GBIF_accepted,Piliocolobus_preussi,False,False,,,
242,2249,Bubalus_mindorensis,Tamaraw,Artiodactyla,Bovidae,CR,2.07315145698918,0.750255297353226,2.18248464656931,0.758492383287927,0.971589141955709,0.0547555432631528,1.8043654058615,0.815,1,1000,direct,Bubalus_mindorensis,False,False,,,
243,2246,Procolobus_rufomitratus,Tana River Red Colobus,Primates,Cercopithecidae,CR,2.06662500909829,1.92004613674843,2.18401386191739,2.02288453326846,0.970450772009991,0.0614972325191024,1.33547953400703,0.621,1,1000,GBIF_accepted,Piliocolobus_rufomitratus,False,False,,,
244,947,Rhinopithecus_bieti,Black Snub-nosed Monkey,Primates,Cercopithecidae,EN,2.06458516532606,1.16231396618265,4.23870648698993,1.35173054937512,0.487158164690312,0.287873681846916,0.7274212675101,1.0,1,1000,direct,Rhinopithecus_bieti,False,False,,,
245,969,Chinchilla_chinchilla,Short-tailed Chinchilla,Rodentia,Chinchillidae,EN,2.05962765932008,1.1942857192735,4.1737553106328,1.60827722774795,0.491916408029508,0.270719651199114,1.9757308839369,0.999,1,1000,direct,Chinchilla_chinchilla,False,False,,,
246,847,Heteromys_nelsoni,Nelson's Spiny Pocket Mouse,Rodentia,Heteromyidae,EN,2.05614944998517,1.55704149140004,4.53228029818275,2.6194458542355,0.481584072209517,0.271694028404561,3.76844281640846,0.86,1,1000,direct,Heteromys_nelsoni,False,False,,,
247,974,Chinchilla_lanigera,Long-tailed Chinchilla,Rodentia,Chinchillidae,EN,2.05050302758208,1.20782556120981,4.16254008899162,1.50462521307887,0.491423868908558,0.270621291485632,1.9757308839369,1.0,1,1000,MDD_synonym,Chinchilla_laniger,False,False,,,
248,951,Symphalangus_syndactylus,Siamang,Primates,Hylobatidae,EN,2.04825459017353,1.19375981083958,4.22511958681202,0.912088220040959,0.490312360283627,0.289564596857985,4.249649355966,1.0,1,1000,direct,Symphalangus_syndactylus,True,True,exact,Symphalangus_syndactylus,GCA_028878055.3
249,275,Ailuropoda_melanoleuca,Giant Panda,Carnivora,Ursidae,VU,2.04577034869208,0.727778560681794,8.60842656116917,1.75558987106847,0.242793856918379,0.0798539052346878,8.642694150944,1.0,1,1000,direct,Ailuropoda_melanoleuca,False,False,,,
250,891,Nycticebus_pygmaeus,Southern Pygmy Loris,Primates,Lorisidae,EN,2.04000455650308,1.42145096971858,4.38182653757623,1.84997506915739,0.487029024104238,0.280800029302148,3.81416697964961,0.929,1,1000,MDD_synonym,Xanthonycticebus_pygmaeus,False,False,,,
251,1007,Cryptochloris_zyli,Van Zyl's Golden Mole,Afrosoricida,Chrysochloridae,EN,2.03882586870629,1.54308250014463,4.07353299485281,2.55973195740737,0.467714292400376,0.284159228051406,1.95150452892239,0.959,1,1000,direct,Cryptochloris_zyli,False,False,,,
252,2270,Tarsius_tumpara,Siau Island Tarsier,Primates,Tarsiidae,CR,2.02933330493249,2.84880696162506,2.16506305998375,2.96149461504893,0.971022851990672,0.0591295987052729,2.28366592570742,0.583,1,1000,direct,Tarsius_tumpara,False,False,,,
253,285,Physeter_macrocephalus,Sperm Whale,Artiodactyla,Physeteridae,VU,2.02862342350114,0.872349095523907,8.47357007043913,2.34377597264714,0.244647472992592,0.077236725693093,7.81409337387978,0.97,1,1000,direct,Physeter_macrocephalus,True,True,exact,Physeter_macrocephalus,GCA_978012005.1
254,2307,Eulemur_mongoz,Mongoose Lemur,Primates,Lemuridae,CR,2.02701353782129,0.51585245789312,2.14224863958466,0.539398127683173,0.970903392170865,0.0588294279594723,2.0124212592682,0.881,1,1000,direct,Eulemur_mongoz,False,False,,,
255,987,Leptonycteris_nivalis,Greater Long-nosed Bat,Chiroptera,Phyllostomidae,EN,2.0143081124723,1.1880991805659,4.11796306368323,1.22103661522961,0.496169683244819,0.292924215514576,4.038155812968,1.0,1,1000,direct,Leptonycteris_nivalis,False,False,,,
256,2326,Monodelphis_unistriatus,Single-striped Opossum,Didelphimorphia,Didelphidae,CR,2.01391612331563,2.86931755579258,2.12898933808858,2.98032112172308,0.968660335356676,0.0648735350108642,2.85816542756028,0.582,1,1000,GBIF_accepted,Monodelphis_unistriata,False,False,,,
257,2319,Biswamoyopterus_biswasi,Namdapha Flying Squirrel,Rodentia,Sciuridae,CR,2.00387076425674,2.77869269762234,2.13583113433883,2.91560135702511,0.971643508298513,0.061615949161657,1.62449745251354,0.567,1,1000,direct,Biswamoyopterus_biswasi,False,False,,,
258,267,Mystromys_albicaudatus,African White-tailed Rat,Rodentia,Nesomyidae,VU,1.99202470159603,1.79592116014271,8.77471012267742,7.39241814355755,0.240518744138533,0.0742549448282639,7.6229627329415,0.872,1,1000,direct,Mystromys_albicaudatus,False,False,,,
259,1155,Porcula_salvania,Pygmy Hog,Artiodactyla,Suidae,EN,1.9885102670971,2.44707086008524,3.72501485916391,4.36235717408937,0.493511594932958,0.277608326156974,5.7205831614595,0.911,1,1000,direct,Porcula_salvania,False,False,,,
261,875,Lamottemys_okuensis,Mount Oku Rat,Rodentia,Muridae,EN,1.98263504721624,2.06435520954196,4.44144588089075,4.01041731605201,0.488500207163901,0.292747710491631,3.59193163617266,0.752,1,1000,direct,Lamottemys_okuensis,False,False,,,
262,312,Cryptoprocta_ferox,,Carnivora,Eupleridae,VU,1.9383065764941,0.703030920547261,8.08469984185813,1.82869900868314,0.243098515287213,0.078758217337189,2.21254954054395,1.0,1,1000,direct,Cryptoprocta_ferox,False,False,,,
264,994,Dendrolagus_matschiei,Huon Tree Kangaroo,Diprotodontia,Macropodidae,EN,1.9318760796768,1.21439054498931,4.10179638341245,1.55515719918464,0.483345061909206,0.282573821290002,3.34962249730675,0.956,1,1000,direct,Dendrolagus_matschiei,False,False,,,
266,1041,Lycaon_pictus,African Wild Dog,Carnivora,Canidae,EN,1.91897405075013,1.07760089992868,3.9876011727893,1.00761601428597,0.479958255146201,0.281864075314236,4.02377194691,1.0,1,1000,direct,Lycaon_pictus,True,True,exact,Lycaon_pictus,GCA_040955705.1
267,1145,Pteralopex_atrata,Guadalcanal Monkey-faced Bat,Chiroptera,Pteropodidae,EN,1.91630968781273,1.6377148690476,3.764175801806,2.87797237712781,0.497307899702545,0.291306472885291,1.74894128140434,0.933,1,1000,direct,Pteralopex_atrata,False,False,,,
268,966,Petrogale_persephone,Proserpine Rock Wallaby,Diprotodontia,Macropodidae,EN,1.90929392556777,1.285216570985,4.18141835201959,1.49156694080669,0.479651248545996,0.281383110523961,3.69743438635188,0.921,1,1000,direct,Petrogale_persephone,False,False,,,
269,1100,Microgale_jenkinsae,Jenkins' Shrew Tenrec,Afrosoricida,Tenrecidae,EN,1.89925442816844,2.71548375892372,3.83966059816213,5.38601408783194,0.465734260787695,0.293803819303928,5.07754172658259,0.785,1,1000,direct,Microgale_jenkinsae,False,False,,,
270,309,Rhagomys_rufescens,Brazilian Arboreal Mouse,Rodentia,Cricetidae,VU,1.88053373614542,0.73968368604397,8.141217429309,1.90847402393118,0.24086631535167,0.0752431907223864,6.97251273885121,0.944,1,1000,direct,Rhagomys_rufescens,False,False,,,
271,1088,Desmalopex_microleucopterus,Mindoro Mottle-winged Flying Fox,Chiroptera,Pteropodidae,EN,1.87946828834521,1.1220023273986,3.87434257090782,1.17960558502032,0.496921535740819,0.291951763562437,1.0093271130246,0.955,1,1000,direct,Desmalopex_microleucopterus,False,False,,,
272,1103,Murina_harpioloides,Dalat Tube-nosed Bat,Chiroptera,Vespertilionidae,EN,1.87918806117386,1.6537337262008,3.83605900643952,2.82910373577117,0.489138631572289,0.279767632910264,2.59834937392878,0.92,1,1000,direct,Murina_harpioloides,False,False,,,
273,1150,Pteralopex_anceps,Bougainville Monkey-faced Bat,Chiroptera,Pteropodidae,EN,1.87438783523655,1.53887062478893,3.74832924216785,2.63582229503185,0.497307899702545,0.291306472885291,1.71685073301966,0.944,1,1000,direct,Pteralopex_anceps,False,False,,,
274,2511,Nilopegamys_plumbeus,Ethiopian Amphibious Rat,Rodentia,Muridae,CR,1.86949236833501,2.76582218987972,1.97342652809569,2.93062872158664,0.973118110661883,0.0561101120619588,2.40859431958423,0.541,1,1000,direct,Nilopegamys_plumbeus,False,False,,,
275,1146,Microgale_jobihely,Northern Shrew Tenrec,Afrosoricida,Tenrecidae,EN,1.86286184921682,2.62584150338586,3.76301797461308,4.96383376300882,0.465352730472314,0.292493942403514,5.12198710053912,0.795,1,1000,direct,Microgale_jobihely,False,False,,,
277,1085,Ochotona_koslowi,Kozlov's Pika,Lagomorpha,Ochotonidae,EN,1.85111304127915,1.15436876831529,3.87645604582533,1.4207045597776,0.490481686609364,0.278216570818547,3.65398353576193,0.946,1,1000,direct,Ochotona_koslowi,False,False,,,
279,342,Macrogalidia_musschenbroekii,Sulawesi Civet,Carnivora,Viverridae,VU,1.85087798082165,0.625426197933002,7.75469619464575,1.61338767400778,0.243918279101649,0.077986451837472,7.779682725535,1.0,1,1000,direct,Macrogalidia_musschenbroekii,False,False,,,
280,290,Rheithrosciurus_macrotis,Tufted Ground Squirrel,Rodentia,Sciuridae,VU,1.85055148187521,1.51564705322925,8.39217732373851,5.87715590271016,0.246382874169083,0.0759592230787599,5.99149246228972,0.926,1,1000,direct,Rheithrosciurus_macrotis,False,False,,,
282,297,Pipistrellus_subflavus,Eastern Pipistrelle,Chiroptera,Vespertilionidae,VU,1.84931681668879,2.08018055487457,8.29051371658296,8.57580216683612,0.245913439180371,0.0734505837052986,6.24488635306901,0.816,1,1000,MDD_synonym,Perimyotis_subflavus,False,False,,,
283,1057,Myotis_pruinosus,Frosted Myotis,Chiroptera,Vespertilionidae,EN,1.84899339245286,1.29238920584922,3.94074987423768,1.65040369483175,0.486669289940397,0.282430757559442,3.55009054048014,0.88,1,1000,direct,Myotis_pruinosus,False,False,,,
284,1043,Lepilemur_microdon,Small-toothed Sportive Lemur,Primates,Lepilemuridae,EN,1.84797058856834,1.30173532859136,3.98280390605666,1.65656232681584,0.493289449274799,0.289208905371651,2.97379211853758,0.938,1,1000,direct,Lepilemur_microdon,False,False,,,
285,303,Ruwenzorisorex_suncoides,Ruwenzori Shrew,Eulipotyphla,Soricidae,VU,1.84640368589036,1.6535123456333,8.18928160837867,6.49392231284564,0.239425617519377,0.0776305878466609,6.26908704453881,0.882,1,1000,direct,Ruwenzorisorex_suncoides,False,False,,,
286,1038,Amblysomus_marleyi,Marley's Golden Mole,Afrosoricida,Chrysochloridae,EN,1.84041317719211,1.48665846797921,3.98956375095779,2.49416132208824,0.465734260787695,0.285206463776436,3.87731517174359,0.881,1,1000,direct,Amblysomus_marleyi,False,False,,,
287,351,Pontoporia_blainvillei,,Artiodactyla,Pontoporiidae,VU,1.83927584305583,0.646811083959124,7.65468273831396,1.53529776057747,0.245497660209467,0.0763742143339394,7.05075571559804,0.989,1,1000,direct,Pontoporia_blainvillei,True,True,exact,Pontoporia_blainvillei,GCA_987193245.1
288,1087,Dasyurus_viverrinus,Eastern Quoll,Dasyuromorphia,Dasyuridae,EN,1.83209815287826,1.06323899080756,3.87442458857495,1.03896980683881,0.479358354701894,0.278897627741032,3.881828781281,1.0,1,1000,direct,Dasyurus_viverrinus,False,False,,,
290,343,Thylamys_karimii,Karimi's Fat-tailed Mouse Opossum,Didelphimorphia,Didelphidae,VU,1.82034070675219,0.740259068497297,7.73383836025954,2.1034199752992,0.240518220671084,0.0768400869169658,7.15188759163842,0.954,1,1000,direct,Thylamys_karimii,False,False,,,
292,336,Limnogale_mergulus,Web-footed Tenrec,Afrosoricida,Tenrecidae,VU,1.80148064895223,2.47734491910043,7.77160789091106,10.7547372146595,0.236477482828949,0.0810250194198748,8.39690189456105,0.881,1,1000,MDD_synonym,Microgale_mergulus,False,False,,,
293,2654,Phalanger_matanim,Telefomin Cuscus,Diprotodontia,Phalangeridae,CR,1.79552699121739,2.2011173503758,1.86959390320582,2.33201108406776,0.969702234783321,0.0647684019897463,2.08109539920259,0.535,1,1000,direct,Phalanger_matanim,False,False,,,
294,2628,Bos_sauveli,Kouprey,Artiodactyla,Bovidae,CR,1.79226607314133,0.589492060396856,1.89138367289908,0.582559959523189,0.971654723932162,0.0538582222707426,1.5291975021607,0.633,1,1000,direct,Bos_sauveli,False,False,,,
295,2631,Dorcopsis_atrata,Black Dorcopsis,Diprotodontia,Macropodidae,CR,1.77630464817192,2.40097324462781,1.88925033694343,2.50556415312807,0.969540590054367,0.0642080950814206,2.40602737957526,0.527,1,1000,direct,Dorcopsis_atrata,False,False,,,
296,359,Perameles_bougainville,Shark Bay Bandicoot,Peramelemorphia,Peramelidae,VU,1.76726353647683,0.645843023413281,7.52129096030324,1.78802021578899,0.24030300449005,0.0771490302578588,5.84518593862183,1.0,1,1000,direct,Perameles_bougainville,False,False,,,
297,2672,Lepilemur_hollandorum,Holland's Sportive Lemur,Primates,Lepilemuridae,CR,1.76542325998646,1.49039195066161,1.85970450486331,1.52990569654161,0.971222493100047,0.0579973758970329,1.2264611029199,0.532,1,1000,direct,Lepilemur_hollandorum,False,False,,,
298,2671,Nomascus_siki,Southern White-cheeked Gibbon,Primates,Hylobatidae,CR,1.75959216572787,0.747327412993966,1.86192503551832,0.764363533533644,0.971046491143967,0.0627528143611434,0.43323013092442,0.579,1,1000,direct,Nomascus_siki,False,False,,,
299,2673,Nomascus_leucogenys,Northern White-cheeked Gibbon,Primates,Hylobatidae,CR,1.75434857307549,0.736557687666744,1.85839136634621,0.770506391754354,0.970925260099311,0.0627570114055727,0.41871609183171,0.577,1,1000,direct,Nomascus_leucogenys,False,False,,,
300,1152,Phalanger_lullulae,Woodlark Cuscus,Diprotodontia,Phalangeridae,EN,1.74184519755124,1.77185818057301,3.74167392342896,3.52399861529373,0.481056921408359,0.278699562321406,3.24919641065588,0.768,1,1000,direct,Phalanger_lullulae,False,False,,,
302,2712,Lasiorhinus_krefftii,Northern Hairy-nosed Wombat,Diprotodontia,Vombatidae,CR,1.73661987582902,0.769786003300416,1.82587894272244,0.804447717578924,0.969408616115037,0.0652070892991468,1.618928103193,0.543,1,1000,direct,Lasiorhinus_krefftii,False,False,,,
303,1189,Chrysospalax_trevelyani,Giant Golden Mole,Afrosoricida,Chrysochloridae,EN,1.73562574126652,1.57485383991641,3.64584151517866,2.6691914345383,0.466624755698088,0.285582939899159,2.96590737537371,0.905,1,1000,direct,Chrysospalax_trevelyani,False,False,,,
304,1166,Crocidura_miya,Sri Lankan Long-tailed Shrew,Eulipotyphla,Soricidae,EN,1.73054935683375,1.63637123258751,3.69587697553676,3.02075172456118,0.479457057607838,0.28483885425567,2.75190401959161,0.773,1,1000,direct,Crocidura_miya,False,False,,,
305,1160,Procolobus_badius,Western Red Colobus,Primates,Cercopithecidae,EN,1.72787495722685,1.45027862165232,3.71149048741742,2.74098638350801,0.486510715974722,0.286312903978497,1.91281862354685,0.851,1,1000,GBIF_accepted,Piliocolobus_badius,False,False,,,
306,346,Setonix_brachyurus,Quokka,Diprotodontia,Macropodidae,VU,1.72467756496186,0.914997774440532,7.7008540045,3.10141376748866,0.23861971544081,0.0776110733709807,5.31660571994925,0.989,1,1000,direct,Setonix_brachyurus,False,False,,,
307,1270,Redunca_fulvorufula,Mountain Reedbuck,Artiodactyla,Bovidae,EN,1.72383190961487,0.973673273705062,3.51868573158347,1.09452765063671,0.495110542781442,0.274138450786933,3.552081245221,0.997,1,1000,direct,Redunca_fulvorufula,False,False,,,
308,1261,Dipodomys_ingens,Giant Kangaroo Rat,Rodentia,Heteromyidae,EN,1.72142947345131,0.986334644368393,3.53051809567272,0.933642562506166,0.487804028891327,0.266360695298341,3.53603272755788,0.969,1,1000,direct,Dipodomys_ingens,False,False,,,
309,2679,Myosorex_eisentrauti,Eisentraut's Mouse Shrew,Eulipotyphla,Soricidae,CR,1.71853523000449,2.36231932434158,1.85069693411688,2.5001591706855,0.967466984559784,0.0619067905351654,1.9361745575476,0.522,1,1000,direct,Myosorex_eisentrauti,False,False,,,
311,2744,Microcebus_gerpi,Gerp's Mouse Lemur,Primates,Cheirogaleidae,CR,1.71655959217162,0.838463373305119,1.80226809832466,0.859566563223473,0.97112732079161,0.0591539269262114,0.76143738949024,0.545,1,1000,direct,Microcebus_gerpi,False,False,,,
312,2723,Microcebus_marohita,Marohita Mouse Lemur,Primates,Cheirogaleidae,CR,1.71642093600935,0.820281149613805,1.81617122444276,0.860863916332208,0.97112732079161,0.0594093393401952,0.772771953542259,0.543,1,1000,direct,Microcebus_marohita,False,False,,,
313,1273,Eulemur_macaco,Black Lemur,Primates,Lemuridae,EN,1.7133765085424,0.939355990050652,3.51680764726069,0.763687731281548,0.489504728028494,0.292205841573367,1.591489875912,1.0,1,1000,direct,Eulemur_macaco,False,False,,,
314,1193,Lepilemur_leucopus,White-footed Sportive Lemur,Primates,Lepilemuridae,EN,1.70973997284581,1.15456570067656,3.63418627307989,1.62218178542852,0.490890241210987,0.285294005492548,2.63510391418682,0.921,1,1000,direct,Lepilemur_leucopus,False,False,,,
315,1223,Trinomys_moojeni,,Rodentia,Echimyidae,EN,1.70862979572508,1.01014927087072,3.57405137810713,1.28636906585932,0.489599216874709,0.270117424998359,3.39227937054915,0.975,1,1000,direct,Trinomys_moojeni,False,False,,,
316,2773,Lepilemur_tymerlachsoni,Nosy Be Sportive Lemur,Primates,Lepilemuridae,CR,1.70693869944644,1.53979295633667,1.78221697172282,1.64099105305256,0.97112732079161,0.0580649827715117,1.28405551023824,0.511,1,1000,direct,Lepilemur_tymerlachsoni,False,False,,,
317,1219,Rhynchocyon_chrysopygus,Golden-rumped Sengi,Macroscelidea,Macroscelididae,EN,1.70531047463675,5.05488956574311,3.58432355590168,10.4158562819343,0.465597953354821,0.284404045062837,9.71077163395962,0.691,1,1000,direct,Rhynchocyon_chrysopygus,False,False,,,
318,390,Hylomys_parvus,Dwarf Gymnure,Eulipotyphla,Erinaceidae,VU,1.70202923174822,0.649326213901276,7.15400772414746,2.01117974261171,0.246291871791583,0.0772820608331369,6.600167775093,1.0,1,1000,direct,Hylomys_parvus,False,False,,,
319,421,Balantiopteryx_infusca,Ecuadorian Sac-winged Bat,Chiroptera,Emballonuridae,VU,1.69467684559426,0.600929138827401,6.95243765729673,1.71806464833614,0.246059419333368,0.0735433107715157,6.648819926076,1.0,1,1000,direct,Balantiopteryx_infusca,False,False,,,
321,388,Odobenus_rosmarus,Walrus,Carnivora,Odobenidae,VU,1.68654972999052,0.645673603083812,7.16424205951099,1.64650586875041,0.241115813930247,0.0795408674566983,7.233219844806,1.0,1,1000,direct,Odobenus_rosmarus,False,False,,,
322,2772,Muntiacus_vuquangensis,Large-antlered Muntjac,Artiodactyla,Cervidae,CR,1.67512151406327,1.17721323106024,1.78226010277466,1.21537500775969,0.970756411784619,0.0577059010503458,1.56045046988887,0.512,1,1000,direct,Muntiacus_vuquangensis,False,False,,,
323,1313,Cystophora_cristata,Hooded Seal,Carnivora,Phocidae,EN,1.67438442417541,0.990505603613132,3.438693790827,0.836585313890251,0.480497294600884,0.283147885142945,3.505984982555,1.0,1,1000,direct,Cystophora_cristata,False,False,,,
324,1322,Arabitragus_jayakari,Arabian Tahr,Artiodactyla,Bovidae,EN,1.67385494973722,0.934150396448977,3.41694364468217,0.886869005868424,0.494694578125788,0.285049598901378,2.974585158941,1.0,1,1000,direct,Arabitragus_jayakari,False,False,,,
325,1133,Hipposideros_pomona,Andersen's Roundleaf Bat,Chiroptera,Hipposideridae,EN,1.66988187867399,1.25893433911344,3.78235645560533,2.09940435043964,0.494750215186082,0.295325569322739,3.0701766139098,0.791,1,1000,direct,Hipposideros_pomona,False,False,,,
326,420,Balantiopteryx_io,Thomas's Sac-winged Bat,Chiroptera,Emballonuridae,VU,1.66642641025245,0.587388719707484,6.95943355244306,1.74391701045118,0.246124997597564,0.0735775072212126,6.648819926076,1.0,1,1000,direct,Balantiopteryx_io,False,False,,,
327,1157,Crocidura_hikmiya,Sinharaja White-toothed Shrew,Eulipotyphla,Soricidae,EN,1.65884679439799,1.61277385440248,3.71731411309407,3.27799734806204,0.481672497261972,0.283608798419183,2.6923038062258,0.749,1,1000,direct,Crocidura_hikmiya,False,False,,,
328,1341,Emballonura_semicaudata,Pacific Sheath-tailed Bat,Chiroptera,Emballonuridae,EN,1.64674309858877,2.04547939354824,3.37594948282154,4.04738004100978,0.498411802408894,0.273545884886979,3.60941777267903,0.734,1,1000,direct,Emballonura_semicaudata,False,False,,,
331,1388,Paracoelops_megalotis,Andersen's Roundleaf Bat,Chiroptera,Hipposideridae,EN,1.63338838450906,2.71770161431123,3.26576169442957,5.16583524953052,0.495147979251896,0.292232633520959,4.61295708247166,0.737,1,1000,GBIF_accepted,Hipposideros_pomona,False,False,,,
333,422,Desmalopex_leucopterus,White-winged Flying Fox,Chiroptera,Pteropodidae,VU,1.63221485965287,0.917206715606077,6.93019534362609,3.37564991913832,0.245759954811375,0.079399988578165,1.0093271130246,0.979,1,1000,direct,Desmalopex_leucopterus,False,False,,,
335,417,Tarsius_bancanus,Horsfield’s Tarsier,Primates,Tarsiidae,VU,1.62297261532875,0.993369244002916,6.9854842707335,3.80646191891627,0.243365087935309,0.078054076152846,4.56058208132107,0.987,1,1000,MDD_synonym,Cephalopachus_bancanus,False,False,,,
336,1531,Tachyoryctes_macrocephalus,Giant Mole Rat,Rodentia,Spalacidae,EN,1.61802330839877,2.09184810077312,3.02962853316476,4.15690775004499,0.496157640287477,0.282324586932972,3.59074143532279,0.731,1,1000,direct,Tachyoryctes_macrocephalus,False,False,,,
338,428,Tolypeutes_tricinctus,Brazilian Three-banded Armadillo,Cingulata,Tolypeutidae,VU,1.61524470218225,1.56934071886184,6.87015334084838,6.35610805595733,0.237791604364075,0.07868306124009,6.34813656782457,0.991,1,1000,direct,Tolypeutes_tricinctus,False,False,,,
340,1410,Rhinopoma_hadramauticum,Yemeni Mouse-tailed Bat,Chiroptera,Rhinopomatidae,EN,1.60251309379073,1.04614872625806,3.23735184962856,1.40609614583486,0.497897419964513,0.28950917623974,2.82761520661005,0.873,1,1000,direct,Rhinopoma_hadramauticum,False,False,,,
342,371,Callimico_goeldii,Goeldi’s Monkey,Primates,Callitrichidae,VU,1.59786462322061,1.62524048103534,7.282091375,6.35370203108118,0.245683034794913,0.0775671667411154,5.73080139507547,0.788,1,1000,direct,Callimico_goeldii,False,False,,,
343,1467,Inia_geoffrensis,Amazon River Dolphin,Artiodactyla,Iniidae,EN,1.59604553002187,1.01728409946057,3.12588453375158,1.30395859326535,0.494244086429593,0.27435627719531,1.5299369241875,0.982,1,1000,direct,Inia_geoffrensis,True,True,exact,Inia_geoffrensis,GCA_036417435.1
344,1373,Liomys_spectabilis,Jaliscan Spiny Pocket Mouse,Rodentia,Heteromyidae,EN,1.59356733738811,0.948446170096994,3.28999168311324,1.04152630204558,0.485375293432832,0.272812975540731,3.1799235992916,0.989,1,1000,MDD_synonym,Heteromys_spectabilis,False,False,,,
345,1411,Caenolestes_condorensis,Andean Caenolestid,Paucituberculata,Caenolestidae,EN,1.59325687179393,1.77047989925516,3.23716718000299,3.53492160169237,0.478568914020779,0.257764250093717,3.24747751248357,0.758,1,1000,direct,Caenolestes_condorensis,False,False,,,
346,447,Cheirogaleus_medius,Fat-tailed Dwarf Lemur,Primates,Cheirogaleidae,VU,1.58666387049684,0.691873270169292,6.64399280105685,1.98665210426546,0.244060842924806,0.0769676026995215,5.88072680504615,0.95,1,1000,direct,Cheirogaleus_medius,False,False,,,
347,445,Rousettus_spinalatus,Bare-backed Rousette,Chiroptera,Pteropodidae,VU,1.57679461729642,0.665842576489625,6.67345073679193,1.9366321452874,0.245599666271901,0.0801876815579475,6.44311035171778,0.954,1,1000,direct,Rousettus_spinalatus,False,False,,,
349,460,Megadendromus_nikolausi,Nikolaus's African Climbing Mouse,Rodentia,Nesomyidae,VU,1.56257764318734,1.79572817862862,6.51254268748591,7.48262536287933,0.240518744138533,0.0738951921866637,6.47486356458351,0.877,1,1000,direct,Megadendromus_nikolausi,False,False,,,
350,1408,Cheirogaleus_lavasoensis,Lavasoa Dwarf Lemur,Primates,Cheirogaleidae,EN,1.55999006663462,0.974358238651795,3.24042552993193,1.12000735894072,0.490183656289765,0.286894248777049,2.4741660425561,0.913,1,1000,direct,Cheirogaleus_lavasoensis,False,False,,,
351,1321,Reithrodontomys_raviventris,Salt-marsh Harvest Mouse,Rodentia,Cricetidae,EN,1.55977105917879,0.989943444688625,3.42525268086295,0.943075761121505,0.477539079420862,0.279499294822218,3.08154763785791,0.898,1,1000,direct,Reithrodontomys_raviventris,False,False,,,
352,1444,Eulemur_coronatus,Crowned Lemur,Primates,Lemuridae,EN,1.54709769709434,0.926030189531245,3.17510357288687,0.737737274608057,0.48844630441227,0.290319628371067,3.174537941995,0.999,1,1000,direct,Eulemur_coronatus,False,False,,,
354,464,Fossa_fossana,Spotted Fanaloka,Carnivora,Eupleridae,VU,1.54103248328986,0.56865643842802,6.48825293352078,1.64241143629308,0.242975788672422,0.0794223569244753,5.539169741185,1.0,1,1000,direct,Fossa_fossana,False,False,,,
355,1505,Nilgiritragus_hylocrius,Nilgiri Tahr,Artiodactyla,Bovidae,EN,1.53688198783639,0.830828123707785,3.07492968920493,0.857467880925615,0.492078342730834,0.28122094073616,3.089151428715,0.991,1,1000,direct,Nilgiritragus_hylocrius,False,False,,,
356,469,Eupleres_goudotii,Eastern Falanouc,Carnivora,Eupleridae,VU,1.53078078923212,0.568920274081088,6.43990855279522,1.59486904542321,0.242850834286174,0.0793011401814995,5.539169741185,1.0,1,1000,direct,Eupleres_goudotii,False,False,,,
357,476,Emballonura_serii,Seri's Sheath-tailed Bat,Chiroptera,Emballonuridae,VU,1.52655519305012,0.749031340670086,6.36677222073154,2.5295648175104,0.246124997597564,0.0745629400404892,6.13662769115196,0.962,1,1000,direct,Emballonura_serii,False,False,,,
358,1457,Panthera_tigris,Tiger,Carnivora,Felidae,EN,1.51565773345254,0.871517737369358,3.14802153779176,0.699172608874034,0.489702867340526,0.276714200816885,3.194992357431,1.0,1,1000,direct,Panthera_tigris,False,False,,,
359,1516,Eubalaena_japonica,North Pacific Right Whale,Artiodactyla,Balaenidae,EN,1.51296664649083,0.843939535770692,3.05722657151806,0.565820943378733,0.490000404918483,0.27139990191949,3.00665338683474,0.969,1,1000,direct,Eubalaena_japonica,False,False,,,
360,1652,Neopteryx_frosti,Small-toothed Fruit Bat,Chiroptera,Pteropodidae,EN,1.51229209395257,2.47434023631189,2.84291379761339,5.20299061608226,0.497307899702545,0.295713058362292,3.53689948892291,0.672,1,1000,direct,Neopteryx_frosti,False,False,,,
361,1578,Inia_boliviensis,Amazon River Dolphin,Artiodactyla,Iniidae,EN,1.5083125166054,0.99153256383375,2.96331344749227,1.25764206963705,0.494244086429593,0.273853360558238,1.1636166987828,0.964,1,1000,GBIF_accepted,Inia_geoffrensis,False,False,,,
362,1472,Megadontomys_cryophilus,Oaxaca Giant Deer Mouse,Rodentia,Cricetidae,EN,1.49889317777515,0.880134405015964,3.12103903049794,0.763772725148547,0.481197695226766,0.278990345859837,2.479620327607,0.998,1,1000,direct,Megadontomys_cryophilus,False,False,,,
363,1418,Trachypithecus_geei,Gee’s Golden Langur,Primates,Cercopithecidae,EN,1.49804653462426,1.00320376106715,3.2221329161644,1.21956008027021,0.487554133397616,0.290520819628335,2.95428374263653,0.874,1,1000,direct,Trachypithecus_geei,False,False,,,
368,1538,Mirza_coquereli,Coquerel's Giant Mouse Lemur,Primates,Cheirogaleidae,EN,1.48611598928167,0.83310408776984,3.01782436987361,0.849021171529333,0.490183656289765,0.288153579491731,1.09517253873,0.997,1,1000,direct,Mirza_coquereli,False,False,,,
372,1570,Inia_araguaiaensis,Amazon River Dolphin,Artiodactyla,Iniidae,EN,1.48119543826654,0.947995194390579,2.97148445156077,1.36986893121098,0.494244086429593,0.274432281889999,1.1636166987828,0.964,1,1000,GBIF_accepted,Inia_geoffrensis,False,False,,,
375,1530,Mandrillus_leucophaeus,Drill,Primates,Cercopithecidae,EN,1.47762404322834,0.827851836276155,3.03016295147869,0.780404401449624,0.490481686609364,0.289430124964937,2.74614588585,0.998,1,1000,direct,Mandrillus_leucophaeus,False,False,,,
376,546,Micropotamogale_lamottei,Nimba Otter Shrew,Afrosoricida,Potamogalidae,VU,1.47653817896355,1.81382293588327,5.88795401775253,7.07329832044879,0.236761557662488,0.0794389161298026,7.00073259101052,0.941,1,1000,direct,Micropotamogale_lamottei,False,False,,,
377,478,Marmosa_xerophila,Dryland Mouse Opossum,Didelphimorphia,Didelphidae,VU,1.46987804717839,0.645684634354899,6.36000024251328,2.13301783792484,0.2395255397493,0.0753132375924747,6.03138512436568,0.939,1,1000,direct,Marmosa_xerophila,False,False,,,
380,1551,Rucervus_eldii,Eld's Deer,Artiodactyla,Cervidae,EN,1.46571144095753,0.817598224424347,2.99383942180071,0.727883252562336,0.487288887180536,0.266948113646392,2.321587683753,1.0,1,1000,direct,Rucervus_eldii,True,True,exact,Rucervus_eldii,GCA_054824845.1
382,502,Cercopithecus_hamlyni,Owl-faced Monkey,Primates,Cercopithecidae,VU,1.45480594780524,0.547740353749574,6.1381113365,1.30278161075,0.245809998450805,0.0787855256564403,5.91563097667724,0.991,1,1000,direct,Cercopithecus_hamlyni,False,False,,,
384,1749,Dendrolagus_mbaiso,Dingiso,Diprotodontia,Macropodidae,EN,1.43617772111249,1.67740765197644,2.71507227309247,3.39338382710024,0.482904011072377,0.283495311155926,2.60466763211648,0.728,1,1000,direct,Dendrolagus_mbaiso,False,False,,,
386,1486,Crocidura_canariensis,Canary Shrew,Eulipotyphla,Soricidae,EN,1.42425210794889,1.31682105176037,3.09708585905813,2.48352691291651,0.48326944765462,0.282197389963086,2.51173709935388,0.73,1,1000,direct,Crocidura_canariensis,False,False,,,
387,530,Rangifer_tarandus,Reindeer,Artiodactyla,Cervidae,VU,1.42217594770097,0.496643429603297,5.97721709150001,1.39450356475,0.243320943767257,0.072680375218412,6.022117993507,1.0,1,1000,direct,Rangifer_tarandus,True,True,exact,Rangifer_tarandus,GCA_949782905.1
390,1618,Dendrolagus_notatus,,Diprotodontia,Macropodidae,EN,1.41011904046874,1.93873042079939,2.89166611564385,3.8887689424261,0.484031680347557,0.282416677634825,2.65492327425881,0.707,1,1000,direct,Dendrolagus_notatus,False,False,,,
391,1633,Nomascus_gabriellae,Red-cheeked Gibbon,Primates,Hylobatidae,EN,1.4028047392582,0.806714679370575,2.86977232573455,1.03712984433681,0.490312360283627,0.29065616803449,0.81123089137465,0.967,1,1000,direct,Nomascus_gabriellae,False,False,,,
394,1709,Nesolagus_timminsi,Annamite Striped Rabbit,Lagomorpha,Leporidae,EN,1.3974428439887,2.46143519543876,2.76574584747695,4.72592301740246,0.491029620967453,0.276968543123534,1.84831730392988,0.65,1,1000,direct,Nesolagus_timminsi,False,False,,,
396,1602,Nomascus_annamensis,Northern Yellow-cheeked Crested Gibbon,Primates,Hylobatidae,EN,1.38294679811276,0.85582275143545,2.91587192241769,1.05752270275485,0.490312360283627,0.29065616803449,0.84257893695452,0.96,1,1000,direct,Nomascus_annamensis,False,False,,,
397,573,Dorcatragus_megalotis,Beira,Artiodactyla,Bovidae,VU,1.37924884757251,0.503371209526833,5.73755240236831,1.07040801254245,0.245262480154485,0.0734349310991365,5.767205153841,1.0,1,1000,direct,Dorcatragus_megalotis,False,False,,,
398,1675,Pan_paniscus,Bonobo,Primates,Hominidae,EN,1.37702195007648,0.801151166628446,2.81070416315559,0.963336814320113,0.487816086382669,0.288908277119299,1.3841131707554,0.962,1,1000,direct,Pan_paniscus,True,True,exact,Pan_paniscus,GCA_029289425.3
399,1685,Pan_troglodytes,Chimpanzee,Primates,Hominidae,EN,1.37287737048881,0.815087907884553,2.79994837967198,0.9394800625122,0.486906684682026,0.287488860370137,1.3841131707554,0.957,1,1000,direct,Pan_troglodytes,True,True,exact,Pan_troglodytes,GCA_028858775.2
403,1674,Megadontomys_thomasi,Thomas's Giant Deer Mouse,Rodentia,Cricetidae,EN,1.35967349092791,0.77843840941628,2.81314376650929,0.740973519681755,0.479590231752292,0.279485903862145,1.9091528074257,0.992,1,1000,direct,Megadontomys_thomasi,False,False,,,
407,1697,Macaca_fascicularis,Long-tailed Macaque,Primates,Cercopithecidae,EN,1.35341482133067,0.793006549697024,2.78133197732219,0.763346573977724,0.488202543034757,0.290949383039766,2.70998905520058,0.967,1,1000,direct,Macaca_fascicularis,True,True,exact,Macaca_fascicularis,GCA_037993035.1
408,1668,Megadontomys_nelsoni,Nelson's Giant Deer Mouse,Rodentia,Cricetidae,EN,1.35106051125943,0.774483838592294,2.81952285297889,0.773841193987426,0.479590231752292,0.2794173461719,1.9091528074257,0.989,1,1000,direct,Megadontomys_nelsoni,False,False,,,
409,1650,Phyllomys_lundi,,Rodentia,Echimyidae,EN,1.34631285071262,0.931785596616672,2.84484738595175,1.28555584317641,0.496447409599272,0.269586055407793,2.40713865302379,0.834,1,1000,direct,Phyllomys_lundi,False,False,,,
410,548,Hesperoptenus_tomesi,Large False Serotine,Chiroptera,Vespertilionidae,VU,1.33750098207433,1.4260799016936,5.88151573136415,5.83364166112012,0.243769251416132,0.0758324272327444,4.81874013481779,0.808,1,1000,direct,Hesperoptenus_tomesi,False,False,,,
413,1809,Loris_tardigradus,Red Slender Loris,Primates,Lorisidae,EN,1.32993951682847,0.745026285999917,2.6424154203445,0.762506240621008,0.485925019256114,0.281576551182936,1.0887945654113,0.982,1,1000,direct,Loris_tardigradus,False,False,,,
418,600,Arctictis_binturong,Binturong,Carnivora,Viverridae,VU,1.31082252048219,0.463900961380021,5.5764775158895,1.27219180488281,0.242975788672422,0.0789333733364279,5.616475817446,1.0,1,1000,direct,Arctictis_binturong,False,False,,,
424,1864,Tarsius_sangirensis,Sangihe Tarsier,Primates,Tarsiidae,EN,1.29010032187263,1.74700458030679,2.58485606712699,3.4116945665292,0.489128016056468,0.288024845884317,2.66019636119341,0.67,1,1000,direct,Tarsius_sangirensis,False,False,,,
425,622,Myotis_capaccinii,Long-fingered Bat,Chiroptera,Vespertilionidae,VU,1.28897965892434,0.646959528105386,5.46093834461413,2.26092701722001,0.243387092631136,0.0779971594521057,4.92691347530464,0.901,1,1000,direct,Myotis_capaccinii,False,False,,,
426,625,Vormela_peregusna,Marbled Polecat,Carnivora,Mustelidae,VU,1.2887702794204,0.496932893381391,5.45245698997185,1.26152902861175,0.241680389060108,0.0803121394963416,5.508350935869,1.0,1,1000,direct,Vormela_peregusna,False,False,,,
427,1924,Lonchorhina_fernandezi,Fernandez's Sword-nosed Bat,Chiroptera,Phyllostomidae,EN,1.28800804202486,1.85687707540955,2.51871531517974,3.59868060891369,0.497307899702545,0.280396848288759,3.00800206639142,0.617,1,1000,direct,Lonchorhina_fernandezi,False,False,,,
428,638,Sundasciurus_fraterculus,Fraternal Squirrel,Rodentia,Sciuridae,VU,1.28586485901108,0.564078080734245,5.36759201864052,1.78510424873817,0.246944056861299,0.0749517757914102,5.04772705344429,0.981,1,1000,direct,Sundasciurus_fraterculus,False,False,,,
429,1750,Tupaia_nicobarica,Nicobar Treeshrew,Scandentia,Tupaiidae,EN,1.27954229537598,1.73491892338723,2.71445262269891,3.56819273316167,0.490481686609364,0.282042442623014,3.19457896739559,0.655,1,1000,direct,Tupaia_nicobarica,False,False,,,
430,1726,Microtus_umbrosus,Zempoaltepec Vole,Rodentia,Cricetidae,EN,1.27690266291273,0.77727110663579,2.74089767041238,0.814074117789933,0.469225928046922,0.2885634690628,2.52691697271037,0.881,1,1000,direct,Microtus_umbrosus,False,False,,,
431,1736,Hipposideros_turpis,Lesser Leaf-nosed Bat,Chiroptera,Hipposideridae,EN,1.2719503605827,0.984599141529618,2.72973275437251,1.43936060922854,0.496217463674415,0.292161716507376,2.39126808999049,0.768,1,1000,direct,Hipposideros_turpis,False,False,,,
432,1871,Leontopithecus_chrysopygus,Black Lion Tamarin,Primates,Callitrichidae,EN,1.26803973497215,1.26922300523533,2.57953079377498,2.25575527903164,0.495923726102257,0.28982603211865,1.61748403554122,0.721,1,1000,direct,Leontopithecus_chrysopygus,False,False,,,
434,1794,Bettongia_tropica,Northern Bettong,Diprotodontia,Potoroidae,EN,1.26512093562399,0.75303335271577,2.65627950348593,0.803096802985724,0.470874271108692,0.276104169909662,1.08871630313835,0.961,1,1000,direct,Bettongia_tropica,False,False,,,
435,540,Srilankamys_ohiensis,Ohiya Rat,Rodentia,Muridae,VU,1.26247440555299,1.1764868445892,5.910795869,4.32699767382471,0.244141106943734,0.0780113743669383,4.38563954285033,0.814,1,1000,direct,Srilankamys_ohiensis,False,False,,,
436,1727,Peromyscus_melanocarpus,Black-wristed Deer Mouse,Rodentia,Cricetidae,EN,1.26222784250905,0.816782066670229,2.73948912945054,0.769193628427749,0.484774095701942,0.284831936298947,2.26179410695892,0.876,1,1000,direct,Peromyscus_melanocarpus,False,False,,,
437,641,Pteralopex_taki,New Georgian Monkey-faced Bat,Chiroptera,Pteropodidae,VU,1.2612970366078,0.802841555170275,5.35736907034521,3.22658737118224,0.246197227172228,0.0792613228504545,1.58097597424403,0.992,1,1000,direct,Pteralopex_taki,False,False,,,
438,1812,Suncus_fellowesgordoni,Ceylon Pygmy Shrew,Eulipotyphla,Soricidae,EN,1.2591952341587,0.887685544639873,2.64103560569869,1.4038125824234,0.486131950263181,0.282714476518265,2.32455893156749,0.774,1,1000,direct,Suncus_fellowesgordoni,False,False,,,
443,1965,Procolobus_kirkii,Zanzibar Red Colobus,Primates,Cercopithecidae,EN,1.24702760218815,1.11515357627175,2.47969059912515,2.16138690105769,0.487554133397616,0.287328341437359,1.33387753968015,0.704,1,1000,GBIF_accepted,Piliocolobus_kirkii,False,False,,,
445,1910,Leontopithecus_caissara,Black-faced Lion Tamarin,Primates,Callitrichidae,EN,1.2440821490896,1.29914632468759,2.52975326171303,2.37582776491878,0.495756537497738,0.28982603211865,1.55534222878568,0.696,1,1000,direct,Leontopithecus_caissara,False,False,,,
446,1901,Trachypithecus_vetulus,Purple-faced Langur,Primates,Cercopithecidae,EN,1.24099705576225,0.737818188941156,2.53813952725039,0.826118163351088,0.487554133397616,0.289408099366049,2.43237621977936,0.885,1,1000,MDD_synonym,Semnopithecus_vetulus,False,False,,,
447,668,Cheirogaleus_major,Geoffroy's Dwarf Lemur,Primates,Cheirogaleidae,VU,1.23655129110293,0.543099966937777,5.24236302690026,1.73685647004758,0.244060842924806,0.0773234309374808,4.57009423803968,0.939,1,1000,direct,Cheirogaleus_major,False,False,,,
448,2017,Tarsius_pumilus,Pygmy Tarsier,Primates,Tarsiidae,EN,1.23287863310718,1.53678742904856,2.41497356714468,2.70561307651513,0.489128016056468,0.287530330593744,1.8468011446997,0.656,1,1000,direct,Tarsius_pumilus,False,False,,,
451,1937,Myosorex_kihaulei,Kihaule's Mouse Shrew,Eulipotyphla,Soricidae,EN,1.22670043128409,1.33228579482299,2.50849030427705,2.54417979527946,0.471799977215062,0.284488199608255,1.1062547190665,0.666,1,1000,direct,Myosorex_kihaulei,False,False,,,
452,709,Mirza_zaza,Northern Giant Mouse Lemur,Primates,Cheirogaleidae,VU,1.22425702478898,0.590649669976617,5.07434258803673,2.29472961745107,0.244060842924806,0.0775196798208256,1.09517253873,1.0,1,1000,direct,Mirza_zaza,False,False,,,
455,664,Lepilemur_mustelinus,Weasel Sportive Lemur,Primates,Lepilemuridae,VU,1.22228733499113,0.828271407312204,5.25341941875324,3.37053093438261,0.244269261480445,0.0770763400455883,2.36485506497913,0.954,1,1000,direct,Lepilemur_mustelinus,False,False,,,
456,1873,Tarsius_pelengensis,Peleng Tarsier,Primates,Tarsiidae,EN,1.22197819775417,1.60484419617472,2.57369950873004,2.9054798159588,0.489128016056468,0.287197902933424,2.24217657362055,0.665,1,1000,direct,Tarsius_pelengensis,False,False,,,
457,1966,Saccopteryx_antioquensis,Antioquian Sac-winged Bat,Chiroptera,Emballonuridae,EN,1.21867748024844,1.60896272213719,2.47779388903246,3.1804143777076,0.497076692493722,0.270944939907645,2.6230333909795,0.64,1,1000,direct,Saccopteryx_antioquensis,False,False,,,
458,1918,Myosorex_geata,Geata Mouse Shrew,Eulipotyphla,Soricidae,EN,1.21774272255175,1.38891272350744,2.52241700499908,2.52861348606907,0.472051599209105,0.284220594900437,1.13383768171717,0.661,1,1000,direct,Myosorex_geata,False,False,,,
460,2001,Dama_mesopotamica,Persian Fallow Deer,Artiodactyla,Cervidae,EN,1.21459087694232,0.691699916905433,2.43384695522592,0.771542761993236,0.486736851108714,0.268123811697535,2.432741128166,0.908,1,1000,direct,Dama_mesopotamica,False,False,,,
464,1825,Microcebus_sambiranensis,Sambirano Mouse Lemur,Primates,Cheirogaleidae,EN,1.20698388787356,0.835876536994092,2.62471938678576,1.01655364850255,0.490183656289765,0.286894248777049,2.27776459819902,0.824,1,1000,direct,Microcebus_sambiranensis,False,False,,,
467,736,Cephalophus_zebra,Zebra Duiker,Artiodactyla,Bovidae,VU,1.20320418466961,0.392413406185885,4.9885393705,1.1409241275,0.24497132155228,0.0737192512254239,5.020589877964,1.0,1,1000,direct,Cephalophus_zebra,True,True,exact,Cephalophus_zebra,GCA_054099735.1
469,731,Chilonatalus_micropus,Cuban Lesser Funnel-eared Bat,Chiroptera,Natalidae,VU,1.20003865352609,0.536987954018781,5.01131040858646,1.77130504798004,0.246991028366865,0.0718037164163905,4.896937076416,1.0,1,1000,direct,Chilonatalus_micropus,False,False,,,
471,1916,Microcebus_tanosi,Anosy Mouse Lemur,Primates,Cheirogaleidae,EN,1.19750435347802,0.758120644028379,2.52403022729201,0.878272255164498,0.490183656289765,0.287239292490036,2.27960940546869,0.838,1,1000,direct,Microcebus_tanosi,False,False,,,
472,1987,Hylobates_pileatus,Pileated Gibbon,Primates,Hylobatidae,EN,1.1956745132592,0.7258709621362,2.45100007290939,0.677663635614108,0.490312360283627,0.289429840310019,2.464694034019,0.955,1,1000,direct,Hylobates_pileatus,False,False,,,
473,2076,Dyacopterus_rickarti,Rickart's Dyak Fruit Bat,Chiroptera,Pteropodidae,EN,1.19393706516034,1.55722036654397,2.35544249440221,2.75181365206464,0.496934170750205,0.295544554718974,2.64337552485005,0.634,1,1000,direct,Dyacopterus_rickarti,False,False,,,
474,2016,Acerodon_jubatus,Golden-capped Fruit Bat,Chiroptera,Pteropodidae,EN,1.19381800748871,1.2998350960772,2.41789623525422,2.40707634489954,0.489007350343147,0.293078891961598,2.12047386640486,0.665,1,1000,direct,Acerodon_jubatus,False,False,,,
475,712,Podoxymys_roraimae,Roraima Mouse,Rodentia,Cricetidae,VU,1.19234072584538,0.448962150172301,5.05654430350001,0.991140026749749,0.244279270468979,0.0749432075014686,4.74836465022519,0.941,1,1000,direct,Podoxymys_roraimae,False,False,,,
476,1949,Rhogeessa_genowaysi,Genoways's Yellow Bat,Chiroptera,Vespertilionidae,EN,1.19207050668592,0.897565901360559,2.49764598683607,1.43682081433643,0.504057374113551,0.274220894898739,2.31723262239503,0.751,1,1000,direct,Rhogeessa_genowaysi,False,False,,,
477,2090,Camelus_bactrianus,,Artiodactyla,Camelidae,EN,1.18556663060815,0.953696036442713,2.33968471546381,1.53519306237339,0.489819036257043,0.277553982833108,0.7559246259778,0.738,1,1000,GBIF_iucn_link,Camelus_bactrianus,False,False,,,
478,1996,Microcebus_macarthurii,MacArthur's Mouse Lemur,Primates,Cheirogaleidae,EN,1.18437779396544,0.793728254329711,2.441605050886,1.26138446145723,0.490183656289765,0.287557233363838,2.07675557511564,0.768,1,1000,direct,Microcebus_macarthurii,False,False,,,
481,2116,Camelus_ferus,Wild Camel,Artiodactyla,Camelidae,EN,1.17803476739072,0.973397594605651,2.32084801079631,1.48716006540793,0.489298725607373,0.277058378919812,0.7559246259778,0.753,1,1000,direct,Camelus_ferus,False,False,,,
483,1942,Habromys_ixtlani,Ixtlán Deer Mouse,Rodentia,Cricetidae,EN,1.17528260993662,0.774724598624425,2.50291533106768,0.728606757022602,0.48701353548998,0.281192919607171,0.7230660232845,0.827,1,1000,direct,Habromys_ixtlani,False,False,,,
484,1981,Cuon_alpinus,Dhole,Carnivora,Canidae,EN,1.17493357528837,0.67110802558021,2.45812109386347,0.774219277846848,0.481273530837235,0.280851212680451,0.5295695598223,0.931,1,1000,direct,Cuon_alpinus,False,False,,,
489,744,Chrysospalax_villosus,Rough-haired Golden Mole,Afrosoricida,Chrysochloridae,VU,1.16700204519689,0.747710071813329,4.94944793720714,3.08775961468986,0.236761557662488,0.0793535256884961,2.96590737537371,0.983,1,1000,direct,Chrysospalax_villosus,False,False,,,
490,718,Reithrodontomys_hirsutus,Hairy Harvest Mouse,Rodentia,Cricetidae,VU,1.16279495300883,0.473543349632998,5.03957592183126,1.16429631474032,0.239967947541314,0.0773544046926548,4.55281758582367,0.93,1,1000,direct,Reithrodontomys_hirsutus,False,False,,,
492,1927,Sylvilagus_brasiliensis,Tapeti,Lagomorpha,Leporidae,EN,1.16111263012592,1.06312982672511,2.5168620579743,1.90412050208464,0.488034627054486,0.271004243632499,2.04901565288031,0.685,1,1000,direct,Sylvilagus_brasiliensis,False,False,,,
493,2153,Tomopeas_ravus,Blunt-eared Bat,Chiroptera,Molossidae,EN,1.15695385137536,2.22094113220452,2.2721531442018,4.09355224564628,0.503271855235629,0.27272143115508,4.08628937175789,0.583,1,1000,direct,Tomopeas_ravus,False,False,,,
505,723,Marmosops_pakaraimae,,Didelphimorphia,Didelphidae,VU,1.11996391753206,0.909818033482351,5.02560440574528,3.8196541627061,0.239768456431963,0.0767107050673038,4.05938962685488,0.821,1,1000,direct,Marmosops_pakaraimae,False,False,,,
506,811,Diplogale_hosei,Hose's Civet,Carnivora,Viverridae,VU,1.11680168000037,0.415512770115043,4.66534101085503,1.13682297405176,0.24378749565102,0.0786922810381485,4.471894209267,1.0,1,1000,direct,Diplogale_hosei,False,False,,,
509,2207,Voalavo_antsahabensis,Anjozorobe Naked-tail Forest Mouse,Rodentia,Nesomyidae,EN,1.11279244023203,1.52367284595013,2.22503083698805,2.93886682884973,0.479690237020728,0.258717809187179,2.61613135392125,0.602,1,1000,direct,Voalavo_antsahabensis,False,False,,,
510,2201,Anotomys_leander,Ecuadoran Ichthyomyine,Rodentia,Cricetidae,EN,1.11209598261098,1.36295539660841,2.22903734287982,2.54509143386779,0.490063814883996,0.280043061279672,2.37346889665881,0.612,1,1000,direct,Anotomys_leander,False,False,,,
513,2211,Antechinus_arktos,Black-tailed Dusky Antechinus,Dasyuromorphia,Dasyuridae,EN,1.10852539843038,1.46926698601712,2.22238584067009,2.91515460169956,0.48154342133153,0.275089883045148,2.65067544017248,0.592,1,1000,direct,Antechinus_arktos,False,False,,,
516,2217,Suncus_aequatorius,Taita Dwarf Shrew,Eulipotyphla,Soricidae,EN,1.10451207307194,1.61324221917676,2.21576181664188,3.15915727774163,0.473186786216008,0.28220641190561,2.56343065749982,0.593,1,1000,direct,Suncus_aequatorius,False,False,,,
517,817,Murina_rozendaali,Gilded Tube-nosed Bat,Chiroptera,Vespertilionidae,VU,1.10321862659731,0.504391873420486,4.6478403752469,1.69253928642757,0.243815279424788,0.0772519210347954,4.23344680834002,0.945,1,1000,direct,Murina_rozendaali,False,False,,,
520,2072,Microtus_oaxacensis,Tarabundi Vole,Rodentia,Cricetidae,EN,1.09888977098478,0.66620433990108,2.35708255243747,0.659432815824721,0.472397014874066,0.286598674291631,2.1536182681598,0.851,1,1000,direct,Microtus_oaxacensis,False,False,,,
523,2283,Nesomys_lambertoni,Lamberton's Forest Rat,Rodentia,Nesomyidae,EN,1.09802197524747,1.38533433915658,2.15812947291049,2.67480758086637,0.480412608069097,0.254658245139871,2.63229517458901,0.589,1,1000,direct,Nesomys_lambertoni,False,False,,,
527,727,Dinaromys_bogdanovi,Balkan Snow Vole,Rodentia,Cricetidae,VU,1.08817459842712,1.05264768182634,5.01928323495349,4.13723990581844,0.241808489657217,0.0788445159944621,4.04916972251008,0.745,1,1000,direct,Dinaromys_bogdanovi,False,False,,,
530,2189,Antechinus_argentus,Silver-headed Antechinus,Dasyuromorphia,Dasyuridae,EN,1.08345375539418,1.48231023382081,2.24376358669308,2.84750725171804,0.479358354701894,0.276585351229336,2.51883754289408,0.592,1,1000,direct,Antechinus_argentus,False,False,,,
532,2194,Echymipera_davidi,David's Echymipera,Peramelemorphia,Peramelidae,EN,1.08268960227486,1.45232741526924,2.23519908773163,3.0480179974331,0.478567228635719,0.27081882583176,2.53674351732735,0.595,1,1000,direct,Echymipera_davidi,False,False,,,
535,2203,Diplothrix_legata,Ryukyu Long-furred Rat,Rodentia,Muridae,EN,1.07959867181646,1.2066436155912,2.22750697048057,2.45646863058706,0.50153476628034,0.286636146998058,1.84999287497234,0.579,1,1000,direct,Diplothrix_legata,False,False,,,
537,2212,Mindomys_hammondi,Hammond's Rice Rat,Rodentia,Cricetidae,EN,1.07862282632218,1.40596010734907,2.2214929083173,2.93216624206007,0.483998942665454,0.266928596074132,2.28383966878563,0.559,1,1000,direct,Mindomys_hammondi,False,False,,,
538,2075,Reithrodontomys_tenuirostris,Narrow-nosed Harvest Mouse,Rodentia,Cricetidae,EN,1.07392896313146,0.678615805213024,2.35557486841727,0.676047280583508,0.476797375103485,0.279631986345659,2.18931522556822,0.852,1,1000,direct,Reithrodontomys_tenuirostris,False,False,,,
539,842,Myotis_scotti,Scott's Mouse-eared Bat,Chiroptera,Vespertilionidae,VU,1.07194495738854,0.599955437252954,4.56329780094929,2.11391649413735,0.243006760157716,0.0777567828912183,3.93063215623349,0.868,1,1000,direct,Myotis_scotti,False,False,,,
541,2434,Wilfredomys_oenax,Greater Wilfred's Mouse,Rodentia,Cricetidae,EN,1.06930099355755,1.45768253893081,2.03999823941442,2.75744494083455,0.490372418270785,0.281319710823997,2.42911173580778,0.569,1,1000,direct,Wilfredomys_oenax,False,False,,,
542,2294,Bubalus_arnee,Wild Water Buffalo,Artiodactyla,Bovidae,EN,1.06904402849502,0.656839667906436,2.14910054870236,0.748964899722537,0.492714514809495,0.272146054937503,1.3320815443731,0.792,1,1000,direct,Bubalus_arnee,True,False,,,
543,2216,Lepilemur_hubbardorum,Hubbard's Sportive Lemur,Primates,Lepilemuridae,EN,1.06562785857781,0.726155531085896,2.21749448450474,1.05174191282196,0.490183656289765,0.287351151704762,0.93979539506111,0.738,1,1000,direct,Lepilemur_hubbardorum,False,False,,,
548,873,Murina_aenea,Bronze Tube-nosed Bat,Chiroptera,Vespertilionidae,VU,1.06161321047578,0.459475045573176,4.44693168263777,1.60508853432389,0.244103042497636,0.0774313429474104,4.09758455507571,0.965,1,1000,direct,Murina_aenea,False,False,,,
551,2313,Kobus_megaceros,Nile Lechwe,Artiodactyla,Bovidae,EN,1.05480662918928,0.630449741474027,2.13994861144163,0.734368812958849,0.494694578125788,0.274138450786933,2.0298312155487,0.756,1,1000,direct,Kobus_megaceros,False,False,,,
553,2366,Iomys_sipora,Mentawi Flying Squirrel,Rodentia,Sciuridae,EN,1.05459926974687,1.44655506295976,2.09589689031307,2.96852112522441,0.49483332029144,0.274464282351886,2.45464902876697,0.577,1,1000,direct,Iomys_sipora,False,False,,,
556,2253,Dendrolagus_goodfellowi,Goodfellow's Tree Kangaroo,Diprotodontia,Macropodidae,EN,1.05275218331501,0.66522944934939,2.17521126214002,0.973098073735955,0.483541103059877,0.282125057329812,1.61399735464186,0.72,1,1000,direct,Dendrolagus_goodfellowi,False,False,,,
559,2265,Lepilemur_aeeclis,Antafia Sportive Lemur,Primates,Lepilemuridae,EN,1.0490646253047,0.713770235444855,2.16993382042355,1.0084181832551,0.490183656289765,0.28658281745273,1.4710693671485,0.718,1,1000,direct,Lepilemur_aeeclis,False,False,,,
562,2361,Orcaella_brevirostris,Irrawaddy Dolphin,Artiodactyla,Delphinidae,EN,1.0458038684202,0.606053690291708,2.10080526837688,0.613183151081016,0.492824666571706,0.273375176343441,1.855085945235,0.821,1,1000,direct,Orcaella_brevirostris,False,False,,,
563,862,Liberiictis_kuhni,Liberian Mongoose,Carnivora,Herpestidae,VU,1.04088257508863,0.49721455275764,4.46473621156493,1.59173360850651,0.243211116576945,0.0791117595274201,3.93500894876138,0.922,1,1000,direct,Liberiictis_kuhni,False,False,,,
567,2316,Lepilemur_randrianasoloi,Randrianasolo's Sportive Lemur,Primates,Lepilemuridae,EN,1.03296748266914,0.692337409416486,2.1372360152255,0.996032994836817,0.490890241210987,0.286379871905526,1.43131824283475,0.713,1,1000,direct,Lepilemur_randrianasoloi,False,False,,,
569,2458,Nesoromys_ceramicus,Seram Island Mountain Rat,Rodentia,Muridae,EN,1.03254330530973,1.60859235953271,2.01870869301773,2.989378495977,0.501917746447111,0.286053105404842,2.49793500237384,0.554,1,1000,direct,Nesoromys_ceramicus,False,False,,,
571,910,Monodelphis_reigi,Reig's Opossum,Didelphimorphia,Didelphidae,VU,1.02769806766744,0.436190229265948,4.33508631178735,1.41636056566201,0.240274218140376,0.0754448544692266,4.06761854051384,0.92,1,1000,direct,Monodelphis_reigi,False,False,,,
573,952,Tremarctos_ornatus,Andean Bear,Carnivora,Ursidae,VU,1.02699722509093,0.531654268762244,4.22251282975709,2.02910418077947,0.242793856918379,0.0798539052346878,3.343590232824,1.0,1,1000,direct,Tremarctos_ornatus,False,False,,,
577,2356,Dactylopsila_tatei,Tate's Striped Possum,Diprotodontia,Petauridae,EN,1.02443174652879,1.76370891415472,2.10522460122883,3.45872012590481,0.47315702837003,0.286003287405566,2.8981878681159,0.558,1,1000,direct,Dactylopsila_tatei,False,False,,,
579,2360,Suncus_mertensi,Flores Shrew,Eulipotyphla,Soricidae,EN,1.02209347817947,1.69046783929904,2.10183642629151,3.29970197428694,0.487266487211265,0.280347698348135,2.47198487020563,0.559,1,1000,direct,Suncus_mertensi,False,False,,,
581,2348,Phaenomys_ferrugineus,Rio de Janeiro Arboreal Rat,Rodentia,Cricetidae,EN,1.0202005246785,1.43096450970782,2.11285674090204,2.79942221054727,0.489683703046073,0.279652785325784,2.53349232427477,0.576,1,1000,direct,Phaenomys_ferrugineus,False,False,,,
583,2414,Myosorex_longicaudatus,Long-tailed Forest Shrew,Eulipotyphla,Soricidae,EN,1.01741268527171,1.38748354792395,2.05876129974863,2.67314289196891,0.471512264581218,0.284482776126231,2.13471595444419,0.562,1,1000,direct,Myosorex_longicaudatus,False,False,,,
584,2391,Murina_ryukyuana,Ryukyu Tube-nosed Bat,Chiroptera,Vespertilionidae,EN,1.0173058143935,0.682815993393322,2.07939804485844,0.977580613314737,0.489356491409012,0.279767632910264,1.89165526546119,0.685,1,1000,direct,Murina_ryukyuana,False,False,,,
585,2574,Kadarsanomys_sodyi,Javan Bamboo Rat,Rodentia,Muridae,EN,1.01554144719592,1.57497909961586,1.93285588010221,2.96097300880638,0.505735228851869,0.289746060996278,2.38282551672963,0.537,1,1000,direct,Kadarsanomys_sodyi,False,False,,,
586,881,Proedromys_bedfordi,Duke Of Bedford's Vole,Rodentia,Cricetidae,VU,1.01489994386626,0.434048385944066,4.4060085152112,1.12562741911683,0.23901752232636,0.0779735981272973,3.78028395469729,0.892,1,1000,direct,Proedromys_bedfordi,False,False,,,
587,2428,Cephalophus_jentinki,Jentink's Duiker,Artiodactyla,Bovidae,EN,1.00557027700765,0.568165783456213,2.04531811687879,0.611251723690047,0.495756537497738,0.275412955791182,2.0040480944894,0.741,1,1000,direct,Cephalophus_jentinki,False,False,,,
588,2442,Leontopithecus_chrysomelas,Golden-headed Lion Tamarin,Primates,Callitrichidae,EN,1.00415612282847,0.876184664531034,2.03349693544717,1.42144633594422,0.495756537497738,0.28955977541404,0.33585222155103,0.595,1,1000,direct,Leontopithecus_chrysomelas,False,False,,,
589,2390,Hylobates_lar,Lar Gibbon,Primates,Hylobatidae,EN,1.00226026040605,0.598810895193338,2.08009672005193,0.551471744965967,0.490312360283627,0.290005079281237,2.0196436922644,0.806,1,1000,direct,Hylobates_lar,False,False,,,
590,2446,Leontopithecus_rosalia,Golden Lion Tamarin,Primates,Callitrichidae,EN,0.999400239326202,0.878481077357234,2.02981809737719,1.56217181403287,0.495923726102257,0.291326878215937,0.33242626370498,0.594,1,1000,direct,Leontopithecus_rosalia,True,True,exact,Leontopithecus_rosalia,GCA_054824895.1
593,2398,Praomys_morio,Cameroon Soft-furred Mouse,Rodentia,Muridae,EN,0.993759846746047,0.617831223596604,2.07222260860741,0.49425859609066,0.492281920017614,0.29467999922655,2.00230063933088,0.803,1,1000,direct,Praomys_morio,False,False,,,
594,2441,Sylvisorex_morio,Arrogant Shrew,Eulipotyphla,Soricidae,EN,0.99334435034963,1.70943097596014,2.03356013354274,3.28636659584682,0.486727872494886,0.282441207402611,2.35969287455762,0.548,1,1000,direct,Sylvisorex_morio,False,False,,,
596,2346,Antechinus_vandycki,Tasman Peninsula Dusky Antechinus,Dasyuromorphia,Dasyuridae,EN,0.988642996442719,1.43890846371945,2.11393773557958,2.73784079528523,0.477873992604072,0.277377566494308,2.45398531148918,0.581,1,1000,direct,Antechinus_vandycki,False,False,,,
597,940,Tetracerus_quadricornis,Four-horned Antelope,Artiodactyla,Bovidae,VU,0.981864069546326,0.467187977817974,4.24741477109826,1.63627502697582,0.244269261480445,0.0726276604281446,3.71376480005622,0.918,1,1000,direct,Tetracerus_quadricornis,False,False,,,
599,961,Callorhinus_ursinus,Northern Fur Seal,Carnivora,Otariidae,VU,0.979615192416411,0.380935734868443,4.20134624750354,1.02583681552665,0.241115813930247,0.0795408674566983,4.216382321014,1.0,1,1000,direct,Callorhinus_ursinus,False,False,,,
605,2630,Lepilemur_fleuretae,Madame Fleurette’s Sportive Lemur,Primates,Lepilemuridae,EN,0.972193649669054,0.889523175505988,1.89002660294748,1.51738404935333,0.489504728028494,0.286548334723293,1.20191909911169,0.554,1,1000,direct,Lepilemur_fleuretae,False,False,,,
607,2581,Lepilemur_wrightae,Wright's Sportive Lemur,Primates,Lepilemuridae,EN,0.968812950095795,0.945665522279267,1.92865133557894,1.54172316391843,0.492078342730834,0.286453454354832,1.15253985392279,0.566,1,1000,direct,Lepilemur_wrightae,False,False,,,
608,2531,Neoromicia_roseveari,Rosevear's Serotine,Chiroptera,Vespertilionidae,EN,0.965951889134627,0.640213536462198,1.96099584738477,1.02570046412477,0.497416228974328,0.273153720996414,1.68877276369902,0.628,1,1000,GBIF_accepted,Pseudoromicia_roseveari,False,False,,,
610,2447,Phocarctos_hookeri,New Zealand Sea Lion,Carnivora,Otariidae,EN,0.961462371022624,0.551024993972027,2.02862947904526,0.564344158132544,0.480497294600884,0.282978050990659,1.8345730278516,0.771,1,1000,direct,Phocarctos_hookeri,False,False,,,
611,2457,Neophoca_cinerea,Australian Sea Lion,Carnivora,Otariidae,EN,0.961160969999294,0.56334523746148,2.01987228501036,0.563774943410564,0.481273530837235,0.282922643672124,1.8345730278516,0.767,1,1000,direct,Neophoca_cinerea,False,False,,,
612,1016,Microgale_dryas,Dryad Shrew Tenrec,Afrosoricida,Tenrecidae,VU,0.960221849844446,1.30490358847236,4.04240123835712,5.83385496583876,0.237108943626153,0.0806947019136512,5.19293267217287,0.782,1,1000,direct,Microgale_dryas,False,False,,,
614,2602,Lepilemur_betsileo,Betsileo Sportive Lemur,Primates,Lepilemuridae,EN,0.955854493856834,0.908314139406687,1.91178818333889,1.56410094679861,0.490890241210987,0.288195540337874,1.22578746268251,0.556,1,1000,direct,Lepilemur_betsileo,False,False,,,
615,2464,Cercopithecus_preussi,Preuss’s Monkey,Primates,Cercopithecidae,EN,0.955208429742216,0.563624630760711,2.01374628691657,0.618994807731703,0.490481686609364,0.287369346300379,1.75041896866032,0.731,1,1000,MDD_synonym,Allochrocebus_preussi,False,False,,,
616,2593,Myosorex_gnoskei,Nyika Mouse Shrew,Eulipotyphla,Soricidae,EN,0.952210433256612,1.44629460744173,1.9183950550357,2.62827151683241,0.471799977215062,0.284488199608255,2.27982562830241,0.536,1,1000,direct,Myosorex_gnoskei,False,False,,,
617,2636,Habromys_delicatulus,Delicate Deer Mouse,Rodentia,Cricetidae,EN,0.948940292573438,0.652781720408411,1.88349860004773,1.04530306816484,0.486120002136562,0.281248681732042,0.250114092871779,0.566,1,1000,direct,Habromys_delicatulus,False,False,,,
618,2619,Cercopithecus_diana,Diana Monkey,Primates,Cercopithecidae,EN,0.94806636755973,0.676550092410944,1.90041390555917,1.13609636094303,0.491978787974214,0.289834104255237,1.8347986738028,0.578,1,1000,direct,Cercopithecus_diana,False,False,,,
620,2535,Eliurus_penicillatus,White-tailed Tufted-tail Rat,Rodentia,Nesomyidae,EN,0.94736123513352,1.2514719122954,1.95640117128965,2.59628684884013,0.479542773697369,0.258556618001418,2.46935205358513,0.547,1,1000,direct,Eliurus_penicillatus,False,False,,,
624,1059,Ammotragus_lervia,Aoudad,Artiodactyla,Bovidae,VU,0.944726237944314,0.360519041104608,3.9387061399191,0.995315033844083,0.245378121525951,0.076044669271588,2.974585158941,1.0,1,1000,direct,Ammotragus_lervia,False,False,,,
626,2606,Peromyscus_sagax,Michoacan Deer Mouse,Rodentia,Cricetidae,EN,0.943768108122901,0.641724798486739,1.90850802651335,1.03828805043196,0.486731325124605,0.283016272918184,0.24869279708202,0.576,1,1000,direct,Peromyscus_sagax,False,False,,,
627,1052,Cephalophus_adersi,Aders' Duiker,Artiodactyla,Bovidae,VU,0.943462708023317,0.339393991998053,3.94656825100827,0.906378629504559,0.245683034794913,0.0722016940127662,3.942367379199,1.0,1,1000,direct,Cephalophus_adersi,False,False,,,
629,2594,Myosorex_rumpii,Rumpi Mouse Shrew,Eulipotyphla,Soricidae,EN,0.941971278928257,1.30279635618296,1.91836372012294,2.67134514543324,0.471799977215062,0.288691330132335,2.05682986522607,0.543,1,1000,direct,Myosorex_rumpii,False,False,,,
630,2544,Elephas_maximus,Asian Elephant,Proboscidea,Elephantidae,EN,0.941261988071983,0.7854302523003,1.94911696697,1.28320776352054,0.465734260787695,0.284643134475895,1.8230620280805,0.591,1,1000,direct,Elephas_maximus,True,True,exact,Elephas_maximus,GCA_051911825.1
631,2693,Lepilemur_scottorum,Scott's Sportive Lemur,Primates,Lepilemuridae,EN,0.939097485845925,0.891232280417792,1.84162553530977,1.59059558676648,0.491508721079618,0.285091059945344,1.18651973574901,0.537,1,1000,direct,Lepilemur_scottorum,False,False,,,
633,964,Hipposideros_alongensis,Ha Long Leaf-nosed Bat,Chiroptera,Hipposideridae,VU,0.938534555458002,0.705792406705986,4.18752157130387,2.82961507943057,0.245814517063555,0.0784584460263843,3.38816612199853,0.794,1,1000,direct,Hipposideros_alongensis,False,False,,,
635,2658,Notopteris_neocaledonica,New Caledonia Blossom Bat,Chiroptera,Pteropodidae,EN,0.937025046830419,1.22632905173586,1.86932698692434,2.35257932862714,0.497890173481139,0.296558505619683,1.50459365250598,0.528,1,1000,MDD_synonym,Notopteris_neocaledonicus,False,False,,,
636,1089,Eidolon_dupreanum,Madagascan Fruit Bat,Chiroptera,Pteropodidae,VU,0.936618267729785,0.404116369075233,3.87285584971698,1.43245750897664,0.246059419333368,0.079399988578165,2.3739318164987,0.983,1,1000,direct,Eidolon_dupreanum,True,True,exact,Eidolon_dupreanum,GCA_059749095.1
637,2518,Equus_grevyi,Grevy's Zebra,Perissodactyla,Equidae,EN,0.935607419363582,0.560086975407092,1.97112275046488,0.588900253073791,0.487288887180536,0.277618384100842,1.78467733952931,0.696,1,1000,direct,Equus_grevyi,True,True,exact,Equus_grevyi,GCA_057876975.1
638,1068,Amorphochilus_schnablii,Smoky Bat,Chiroptera,Furipteridae,VU,0.935515611699864,1.26874844320405,3.9259710881426,5.19152041389312,0.245063948457488,0.0786581819022419,4.80059124957733,0.866,1,1000,direct,Amorphochilus_schnablii,False,False,,,
639,2709,Lepilemur_milanoii,Daraina Sportive Lemur,Primates,Lepilemuridae,EN,0.934615390628738,0.912045124409955,1.82855631734893,1.58494533367468,0.491508721079618,0.285938499974151,1.17079663856739,0.522,1,1000,direct,Lepilemur_milanoii,False,False,,,
640,1065,Cheirogaleus_crossleyi,Crossley's Dwarf Lemur,Primates,Cheirogaleidae,VU,0.93371359222418,0.462661312777207,3.92878064683649,1.61826039326451,0.243717515454933,0.0773672494546457,2.4530568347804,0.921,1,1000,direct,Cheirogaleus_crossleyi,False,False,,,
641,2657,Lepilemur_edwardsi,Milne-Edwards's Sportive Lemur,Primates,Lepilemuridae,EN,0.932505122254328,0.690024003455316,1.86934976202057,1.09562905971965,0.492078342730834,0.286453454354832,0.7433399813545,0.558,1,1000,direct,Lepilemur_edwardsi,False,False,,,
642,1037,Myotis_sicarius,Mandelli's Mouse-eared Myotis,Chiroptera,Vespertilionidae,VU,0.932114109359567,0.517593450686519,3.9917249493564,1.72461177455824,0.24363304171511,0.0781017681243647,3.54885632615289,0.857,1,1000,direct,Myotis_sicarius,False,False,,,
643,1069,Monachus_monachus,Mediterranean Monk Seal,Carnivora,Phocidae,VU,0.931986202655965,0.336057058051323,3.9255173680105,0.996625144044906,0.240949249438684,0.0786324408157088,3.675966829099,1.0,1,1000,direct,Monachus_monachus,False,False,,,
644,1073,Neomonachus_schauinslandi,Hawaiian Monk Seal,Carnivora,Phocidae,VU,0.930701872281727,0.355291638958567,3.91630809334985,0.993775744589136,0.240949249438684,0.0783702755310563,3.675966829099,1.0,1,1000,direct,Neomonachus_schauinslandi,False,False,,,
645,2639,Lepilemur_petteri,Petter's Sportive Lemur,Primates,Lepilemuridae,EN,0.928375998099435,0.868799375112092,1.88198209322194,1.53688488562458,0.493289449274799,0.289208905371651,1.14202004641243,0.541,1,1000,direct,Lepilemur_petteri,False,False,,,
646,2605,Pteronotus_paraguanensis,,Chiroptera,Mormoopidae,EN,0.928000670264462,1.42336757308904,1.91002016554033,2.76569742486485,0.494750215186082,0.288754619653628,2.57278896444818,0.541,1,1000,direct,Pteronotus_paraguanensis,False,False,,,
648,2585,Paulamys_naso,Paula’s Long-nosed Rat,Rodentia,Muridae,EN,0.926405133190777,1.4372271828335,1.92460749951757,2.89330473237779,0.48951979905574,0.287886414785338,2.27117058880673,0.532,1,1000,direct,Paulamys_naso,False,False,,,
649,2587,Suncus_zeylanicus,Sri Lankan Shrew,Eulipotyphla,Soricidae,EN,0.926179824153829,1.5115688512649,1.92358324498405,2.94926034881377,0.486727872494886,0.280989744817383,2.3202944553756,0.534,1,1000,direct,Suncus_zeylanicus,False,False,,,
650,2529,Mus_famulus,Bonhote’s Mouse,Rodentia,Muridae,EN,0.924255595169931,0.629379149943571,1.9655135870729,0.760721401507392,0.500772094762007,0.291827883610384,1.72587006474675,0.64,1,1000,direct,Mus_famulus,False,False,,,
653,1072,Microgale_nasoloi,Nasolo's Shrew Tenrec,Afrosoricida,Tenrecidae,VU,0.921245177820216,1.26701105254416,3.91901744067153,5.49093017767931,0.236761557662488,0.07980179947863,5.0603454615242,0.78,1,1000,direct,Microgale_nasoloi,False,False,,,
654,2624,Macaca_siberu,Siberut Macaque,Primates,Cercopithecidae,EN,0.920302203578062,0.53939033152755,1.89377697512714,0.560839620693852,0.487554133397616,0.28674615239769,1.73783313682301,0.649,1,1000,direct,Macaca_siberu,False,False,,,
656,1054,Antechinus_bellus,Fawn Antechinus,Dasyuromorphia,Dasyuridae,VU,0.91890901333762,0.564370763197008,3.94192739030023,2.0073042559399,0.241438704112126,0.0776251194011273,3.48963125899614,0.864,1,1000,direct,Antechinus_bellus,False,False,,,
657,2623,Lepilemur_dorsalis,Gray’s Sportive Lemur,Primates,Lepilemuridae,EN,0.918663642880878,0.604548217753247,1.89461370175394,0.84292499144118,0.492083655544921,0.286379871905526,1.3925088899899,0.603,1,1000,direct,Lepilemur_dorsalis,False,False,,,
659,2739,Petrogale_concinna,"Nabarlek (English, from Australian Kunwinjku Aboriginal language)",Diprotodontia,Macropodidae,EN,0.91569271035674,0.583592780002457,1.80614028740781,0.822052332983507,0.481056921408359,0.283244951623188,1.77529694023902,0.557,1,1000,direct,Petrogale_concinna,False,False,,,
661,1014,Hipposideros_ridleyi,Ridley's Leaf-nosed Bat,Chiroptera,Hipposideridae,VU,0.912361257008061,0.561731926162197,4.0432987647972,2.21835119752333,0.245063948457488,0.079736310928743,3.3765923613151,0.819,1,1000,direct,Hipposideros_ridleyi,False,False,,,
662,2576,Myotis_atacamensis,Atacama Myotis,Chiroptera,Vespertilionidae,EN,0.91119935519407,0.594831056010917,1.93071863814289,0.849741825874565,0.483772291346153,0.280934310642477,1.84324195653489,0.627,1,1000,direct,Myotis_atacamensis,False,False,,,
666,2694,Lepilemur_otto,Otto's Sportive Lemur,Primates,Lepilemuridae,EN,0.907086361908666,0.698587177031244,1.8414206007385,1.12080303853899,0.490890241210987,0.285091059945344,0.552101814821697,0.554,1,1000,direct,Lepilemur_otto,False,False,,,
668,2748,Bubalus_quarlesi,Mountain Anoa,Artiodactyla,Bovidae,EN,0.905165196041345,0.614281995782428,1.79641040699217,0.791160029009378,0.494293984180757,0.271960303781438,0.65866948390116,0.541,1,1000,direct,Bubalus_quarlesi,False,False,,,
669,2642,Canis_simensis,Ethiopian Wolf,Carnivora,Canidae,EN,0.903571960082279,0.519192383756893,1.87861289792503,0.60553374648165,0.480497294600884,0.28099958526274,1.8945997948305,0.609,1,1000,direct,Canis_simensis,False,False,,,
672,2664,Rhinolophus_maclaudi,Maclaud's Horseshoe Bat,Chiroptera,Rhinolophidae,EN,0.901255744952377,0.746864818219863,1.86811773529692,1.32403615160335,0.501569596728198,0.290616353727978,0.932431423010025,0.544,1,1000,direct,Rhinolophus_maclaudi,False,False,,,
673,2707,Ateles_geoffroyi,Central American Spider Monkey,Primates,Atelidae,EN,0.900631872396311,0.523566951753547,1.83200991450175,0.607469554438201,0.490481686609364,0.290443343743802,1.1244713166872,0.579,1,1000,direct,Ateles_geoffroyi,False,False,,,
674,2720,Bubalus_depressicornis,Lowland Anoa,Artiodactyla,Bovidae,EN,0.900326237574702,0.602869009042762,1.81956819084156,0.800296039684704,0.492714514809495,0.272146054937503,0.65866948390116,0.568,1,1000,direct,Bubalus_depressicornis,False,False,,,
677,2604,Rhinolophus_ruwenzorii,Ruwenzori Horseshoe Bat,Chiroptera,Rhinolophidae,EN,0.898553333832519,0.758310578256509,1.91020596626969,1.2625245338277,0.500253798764943,0.291111731462088,0.94469428336916,0.548,1,1000,direct,Rhinolophus_ruwenzorii,False,False,,,
678,2710,Ateles_fusciceps,Brown-headed Spider Monkey,Primates,Atelidae,EN,0.897868825745407,0.52016097399269,1.8272914431629,0.61794532700521,0.490481686609364,0.288542306368798,1.1244713166872,0.568,1,1000,direct,Ateles_fusciceps,False,False,,,
680,2663,Neamblysomus_gunningi,Gunning's Golden Mole,Afrosoricida,Chrysochloridae,EN,0.895709570402133,0.664578738817301,1.868256213218,1.05909455241429,0.466624755698088,0.282921295621375,1.20987607380253,0.563,1,1000,direct,Neamblysomus_gunningi,False,False,,,
681,2717,Hoolock_hoolock,Western Hoolock Gibbon,Primates,Hylobatidae,EN,0.8943442718109,0.48187949125374,1.82023505371594,0.582937349789425,0.486906684682026,0.287488860370137,0.9104088335423,0.569,1,1000,direct,Hoolock_hoolock,False,False,,,
683,2597,Reithrodontomys_bakeri,Baker's Small-toothed Harvest Mouse,Rodentia,Cricetidae,EN,0.892608432239818,0.541267326976777,1.91701012074401,0.64781457380605,0.476797375103485,0.279171582985021,1.77385306579306,0.648,1,1000,direct,Reithrodontomys_bakeri,False,False,,,
687,2516,Rusa_alfredi,Philippine Spotted Deer,Artiodactyla,Cervidae,EN,0.88713828411669,0.717636277133252,1.9723158775513,1.28577608558033,0.487704390287669,0.266870990532336,1.7310029161608,0.588,1,1000,direct,Rusa_alfredi,False,False,,,
688,2703,Myosorex_tenuis,Thin Mouse Shrew,Eulipotyphla,Soricidae,EN,0.886909926461558,1.28946152028946,1.83399310858232,2.43945072928108,0.471512264581218,0.286602950693507,2.0200849960637,0.519,1,1000,direct,Myosorex_tenuis,False,False,,,
691,2793,Myosorex_blarina,Montane Mouse Shrew,Eulipotyphla,Soricidae,EN,0.885400095365531,1.23500420177363,1.76366721805905,2.27503316488427,0.472501746298596,0.285823638439067,1.77343291937025,0.507,1,1000,direct,Myosorex_blarina,False,False,,,
695,2674,Neamblysomus_julianae,Juliana's Golden Mole,Afrosoricida,Chrysochloridae,EN,0.882867484669805,0.644210805085862,1.85813695557583,1.08611755517965,0.465734260787695,0.283059640753798,1.20987607380253,0.558,1,1000,direct,Neamblysomus_julianae,False,False,,,
697,1167,Budorcas_taxicolor,Takin,Artiodactyla,Bovidae,VU,0.88246216285372,0.312280260230724,3.69310468514169,0.982687774919144,0.245378121525951,0.0757754463859244,3.651324159344,1.0,1,1000,direct,Budorcas_taxicolor,False,False,,,
702,2730,Styloctenium_mindorensis,Mindoro Stripe-faced Fruit Bat,Chiroptera,Pteropodidae,EN,0.877994441583784,0.536790307352915,1.81466368981801,0.654665963168926,0.497307899702545,0.292299538190207,0.35486631422859,0.543,1,1000,direct,Styloctenium_mindorensis,False,False,,,
703,2688,Niviventer_hinpoon,Limestone Niviventer,Rodentia,Muridae,EN,0.876600452345408,0.558351331262378,1.84525751992216,0.573843600474653,0.50167031299976,0.286555189939519,1.71443992510987,0.58,1,1000,direct,Niviventer_hinpoon,False,False,,,
707,1050,Presbytis_thomasi,Thomas’s Langur,Primates,Cercopithecidae,VU,0.872283742218973,0.655488427530817,3.96253920650175,2.72150545303163,0.243027270573548,0.0788598064715509,2.98554522092572,0.781,1,1000,direct,Presbytis_thomasi,False,False,,,
708,2785,Acerodon_humilis,Talaud Fruit Bat,Chiroptera,Pteropodidae,EN,0.870069069858966,1.03143494081216,1.77269429336746,1.87022327765801,0.488139849166357,0.290686660249676,1.58832735872182,0.505,1,1000,direct,Acerodon_humilis,False,False,,,
710,2715,Phalanger_alexandrae,Gebe Cuscus,Diprotodontia,Phalangeridae,EN,0.867079260178383,1.26671993325666,1.82151029481354,2.44141398820746,0.482904011072377,0.280466792878289,2.0283606967563,0.509,1,1000,direct,Phalanger_alexandrae,False,False,,,
715,2734,Lutra_sumatrana,Hairy-nosed Otter,Carnivora,Mustelidae,EN,0.863791845604343,0.531583649481325,1.80875148690647,0.607109144018447,0.485961412789215,0.279062797731477,1.6134848301129,0.563,1,1000,direct,Lutra_sumatrana,False,False,,,
717,2769,Otomys_burtoni,Burton’s Vlei Rat,Rodentia,Muridae,EN,0.861887748109065,0.527228757131363,1.78359885795471,0.53633775873033,0.492418670624126,0.286364947274984,1.57600239827229,0.533,1,1000,direct,Otomys_burtoni,False,False,,,
719,2804,Balaenoptera_musculus,Blue Whale,Artiodactyla,Balaenopteridae,EN,0.859186397019082,0.475104469854356,1.75288969343104,0.46469595779974,0.490000404918483,0.272807034242835,1.72248136998187,0.511,1,1000,direct,Balaenoptera_musculus,True,True,exact,Balaenoptera_musculus,GCA_009873245.3
722,2736,Macaca_munzala,Arunachal Macaque,Primates,Cercopithecidae,EN,0.858267189476292,0.561971134983258,1.80720093437832,0.686863706650764,0.488034627054486,0.287299114526453,1.49549366107344,0.553,1,1000,direct,Macaca_munzala,False,False,,,
725,1181,Caenolestes_sangay,,Paucituberculata,Caenolestidae,VU,0.85728681595695,0.374967469457295,3.66038960719086,1.35935839200567,0.240840079238177,0.0737641299534085,2.91779627136036,0.983,1,1000,direct,Caenolestes_sangay,False,False,,,
727,2805,Mesoplodon_perrini,Perrin's Beaked Whale,Artiodactyla,Ziphiidae,EN,0.854855829290042,1.31019943491733,1.75256448447304,2.43321672497214,0.489323359367054,0.272883038937525,1.9088664598259,0.503,1,1000,direct,Mesoplodon_perrini,False,False,,,
731,2700,Eliurus_petteri,Petter's Tufted-tail Rat,Rodentia,Nesomyidae,EN,0.851040012851867,1.17053378185,1.83622385034432,2.28079916927854,0.479690237020728,0.257234433366568,2.19285480875493,0.519,1,1000,direct,Eliurus_petteri,False,False,,,
732,1176,Procolobus_verus,Olive Colobus,Primates,Cercopithecidae,VU,0.850861225676707,0.677825616630085,3.67266097845774,2.77112046527311,0.243354587469274,0.0786879533381463,1.68723569563198,0.838,1,1000,direct,Procolobus_verus,False,False,,,
733,2774,Hylopetes_sipora,Sipora Flying Squirrel,Rodentia,Sciuridae,EN,0.850579547339518,1.15058737726315,1.7821004674483,2.1057465900252,0.497316925356789,0.272578089251908,1.88205182457997,0.501,1,1000,direct,Hylopetes_sipora,False,False,,,
735,1162,Hipposideros_marisae,Aellen's Roundleaf Bat,Chiroptera,Hipposideridae,VU,0.847021782936853,0.629693030231843,3.70375639374715,2.41783199234382,0.246293916383256,0.0789972153889945,2.78684169599922,0.784,1,1000,direct,Hipposideros_marisae,False,False,,,
737,2810,Hippocamelus_bisulcus,Patagonian Huemul,Artiodactyla,Cervidae,EN,0.845804119420933,0.518883974670438,1.74602545476139,0.715141945022559,0.488411217654925,0.264378420647005,1.69392379284309,0.514,1,1000,direct,Hippocamelus_bisulcus,False,False,,,
744,1236,Microgale_monticola,Montane Shrew Tenrec,Afrosoricida,Tenrecidae,VU,0.84143395724869,1.31022202273104,3.5617975433457,5.38071103651356,0.236477482828949,0.0805461284535841,5.10216105675405,0.752,1,1000,direct,Microgale_monticola,False,False,,,
753,1272,Lophocebus_aterrimus,Black Mangabey,Primates,Cercopithecidae,VU,0.834488357187785,0.374035529004612,3.51835153792482,1.13863842452733,0.243420213849582,0.0793943178469099,2.97603784800348,0.96,1,1000,direct,Lophocebus_aterrimus,False,False,,,
754,1354,Archboldomys_luzonensis,Isarog Shrew Mouse,Rodentia,Muridae,VU,0.832949209253331,0.469208418886224,3.33264433040796,1.89708739466071,0.247787756236223,0.0755298859957356,2.600008711108,0.994,1,1000,direct,Archboldomys_luzonensis,False,False,,,
757,1269,Spalax_graecus,Bukovina Blind Mole Rat,Rodentia,Spalacidae,VU,0.828632017804927,0.411662035174585,3.51948850889369,1.36751539086538,0.245920399871511,0.0758503432255372,3.36556055078872,0.887,1,1000,direct,Spalax_graecus,False,False,,,
761,1199,Miniopterus_schreibersii,Schreiber's Bent-winged Bat,Chiroptera,Miniopteridae,VU,0.826367212197912,0.888917518468884,3.62456367654412,3.6585347623938,0.248002500972842,0.0739231889752558,3.11043335630414,0.705,1,1000,direct,Miniopterus_schreibersii,True,True,exact,Miniopterus_schreibersii,GCA_964146895.2
764,1234,Brachytarsomys_villosa,Hairy-tailed Tree Rat,Rodentia,Nesomyidae,VU,0.821783880646021,1.21482055658252,3.56330347257195,5.33459994565315,0.240876811501169,0.0732538340917496,4.32186332624314,0.758,1,1000,direct,Brachytarsomys_villosa,False,False,,,
770,1298,Vampyressa_melissa,,Chiroptera,Phyllostomidae,VU,0.819027343104467,0.37738066580096,3.46446154768917,1.23388590687742,0.244554875701307,0.0768092187901733,3.19286436110819,0.907,1,1000,direct,Vampyressa_melissa,False,False,,,
772,1329,Mandrillus_sphinx,Mandrill,Primates,Cercopithecidae,VU,0.815561994486295,0.299945371197934,3.4017903706007,0.814510658951951,0.244149009477822,0.0787308458941352,2.74614588585,1.0,1,1000,direct,Mandrillus_sphinx,False,False,,,
775,1259,Dendrolagus_dorianus,Doria's Tree Kangaroo,Diprotodontia,Macropodidae,VU,0.810553022432109,0.415072405612753,3.53253498628577,1.40226699988569,0.242146283639138,0.0781941753051996,2.77748641709813,0.939,1,1000,direct,Dendrolagus_dorianus,False,False,,,
777,1220,Xeromys_myoides,Water Mouse,Rodentia,Muridae,VU,0.80854077029676,0.637147756617666,3.57467405000043,2.55073335051273,0.248458521683314,0.0765225932605688,2.86636916628705,0.748,1,1000,direct,Xeromys_myoides,False,False,,,
783,1315,Peromyscus_ochraventer,El Carrizo Deer Mouse,Rodentia,Cricetidae,VU,0.798207293795851,0.314349909899742,3.43586838431281,0.818730513573165,0.243610593131727,0.0778547948718602,2.88798430327096,0.929,1,1000,direct,Peromyscus_ochraventer,False,False,,,
793,1363,Arctonyx_collaris,Greater Hog Badger,Carnivora,Mustelidae,VU,0.783387980364415,0.31026382922399,3.30535481706954,0.849254782165395,0.240819630961062,0.0803710783872584,3.346522133266,1.0,1,1000,direct,Arctonyx_collaris,False,False,,,
795,1402,Megaerops_kusnotoi,Javan Tailless Fruit Bat,Chiroptera,Pteropodidae,VU,0.781727256534919,0.310251519521042,3.24969370930307,0.976881237121441,0.245508527673304,0.0799513460502642,3.262036170044,0.997,1,1000,direct,Megaerops_kusnotoi,False,False,,,
798,1417,Musonycteris_harrisoni,,Chiroptera,Phyllostomidae,VU,0.774223874316139,0.304361700803041,3.22584346488501,0.978917855201344,0.245516772328093,0.0793140114240667,3.20672977637315,0.975,1,1000,direct,Musonycteris_harrisoni,False,False,,,
800,1389,Pseudochirops_coronatus,Reclusive Ringtail,Diprotodontia,Pseudocheiridae,VU,0.770966477819419,0.91560912774314,3.26508883837711,3.73264891959549,0.238308743441718,0.0776973014823573,3.73089495649538,0.759,1,1000,direct,Pseudochirops_coronatus,False,False,,,
801,1445,Phascogale_pirata,Northern Brush-tailed Phascogale,Dasyuromorphia,Dasyuridae,VU,0.76875126621652,0.75935182409118,3.17228743562963,3.14670004860263,0.241081713717168,0.0772071308260006,3.21584088379307,0.797,1,1000,direct,Phascogale_pirata,False,False,,,
803,1403,Perameles_gunnii,Eastern Barred Bandicoot,Peramelemorphia,Peramelidae,VU,0.768339401422183,0.335298733770219,3.24942205786479,1.11576965528808,0.241081713717168,0.0776514080608778,2.71259558999433,0.993,1,1000,direct,Perameles_gunnii,False,False,,,
817,1448,Dyacopterus_brooksi,Brooks’s Dyak Fruit Bat,Chiroptera,Pteropodidae,VU,0.756041265065932,0.842950740696748,3.16765808296784,3.38523174640118,0.246018906623657,0.0798606791271248,2.83052105533406,0.812,1,1000,direct,Dyacopterus_brooksi,False,False,,,
827,1451,Conilurus_penicillatus,Brush-tailed Rabbit-rat,Rodentia,Muridae,VU,0.741338823699569,0.3375335019948,3.15735566652232,1.0078011271192,0.247549303978891,0.0771665564979438,0.937025215101269,0.879,1,1000,direct,Conilurus_penicillatus,False,False,,,
829,1476,Tayassu_pecari,White-lipped Peccary,Artiodactyla,Tayassuidae,VU,0.740034836898745,0.349607552237412,3.11789315380452,1.15848411243556,0.244307987797156,0.0773999986150059,2.5276241037569,0.969,1,1000,direct,Tayassu_pecari,False,False,,,
834,1477,Rucervus_duvaucelii,Barasingha,Artiodactyla,Cervidae,VU,0.73624197885852,0.288079346844873,3.11191263929957,0.828642553542743,0.242793856918379,0.072701707374596,0.50083218246038,0.991,1,1000,direct,Rucervus_duvaucelii,False,False,,,
835,1439,Presbytis_frontata,White-fronted Langur,Primates,Cercopithecidae,VU,0.735479161525181,0.515486293940697,3.1791752704201,2.09822316864125,0.243275771160828,0.0788598064715509,2.23821305832371,0.766,1,1000,direct,Presbytis_frontata,False,False,,,
838,1482,Ammodorcas_clarkei,Dibatag,Artiodactyla,Bovidae,VU,0.731617776180693,1.13352567981595,3.10894831467592,4.8764668664754,0.244803071181706,0.0724310114978426,2.49202810165356,0.712,1,1000,direct,Ammodorcas_clarkei,False,False,,,
841,1491,Blastocerus_dichotomus,Marsh Deer,Artiodactyla,Cervidae,VU,0.730252948356971,0.300577711202463,3.09167939638464,0.95401714112588,0.243320943767257,0.0722890109740649,2.93288911044875,0.909,1,1000,direct,Blastocerus_dichotomus,False,False,,,
842,1419,Pteropus_poliocephalus,Grey-headed Flying Fox,Chiroptera,Pteropodidae,VU,0.729909525674762,0.500132217609807,3.22179178298833,1.81551536090686,0.245759954811375,0.079153546766214,2.40825668476575,0.79,1,1000,direct,Pteropus_poliocephalus,False,False,,,
852,1421,Crocidura_rhoditis,Temboan White-toothed Shrew,Eulipotyphla,Soricidae,VU,0.725577156459827,0.671355737791142,3.21669026204696,2.65570719357366,0.243346707133113,0.076461993268763,2.5880536491153,0.703,1,1000,direct,Crocidura_rhoditis,False,False,,,
859,1512,Acinonyx_jubatus,Cheetah,Carnivora,Felidae,VU,0.718607231700046,0.300152266852712,3.06070325449656,0.911369721600031,0.242975788672422,0.078758217337189,2.83807740724759,0.911,1,1000,direct,Acinonyx_jubatus,False,False,,,
876,1597,Bos_gaurus,Gaur,Artiodactyla,Bovidae,VU,0.710103066853419,0.257244615727771,2.92821677750009,0.675383363438713,0.245497660209467,0.0731738640167853,1.5291975021607,0.997,1,1000,direct,Bos_gaurus,False,False,,,
883,1568,Dendrolagus_stellarum,Seri’s Tree Kangaroo,Diprotodontia,Macropodidae,VU,0.704515574589768,0.827709195653642,2.97320851700481,3.41295855928597,0.238829381678611,0.0772815216400709,2.7238142685448,0.725,1,1000,direct,Dendrolagus_stellarum,False,False,,,
896,1598,Hydropotes_inermis,Water Deer,Artiodactyla,Cervidae,VU,0.694652494442734,0.3132980182423,2.9275751510979,1.10452461369482,0.244269261480445,0.0724792269229285,2.9678957806245,0.946,1,1000,direct,Hydropotes_inermis,False,False,,,
897,1494,Sicista_kazbegica,Kazbeg Birch Mouse,Rodentia,Sminthidae,VU,0.693919036773048,0.769510921333968,3.08685390594632,3.16725501902713,0.244659312643113,0.0757820775913782,2.56443216929187,0.672,1,1000,direct,Sicista_kazbegica,False,False,,,
901,1514,Pteropus_capistratus,New Britain Masked Flying Fox,Chiroptera,Pteropodidae,VU,0.691763049973688,0.430821824871709,3.05892128619424,1.61399563308846,0.244810345816329,0.0789426093947662,2.28798390807867,0.784,1,1000,direct,Pteropus_capistratus,False,False,,,
903,1606,Caracal_aurata,African Golden Cat,Carnivora,Felidae,VU,0.690568095775484,0.278416283694095,2.9101719936393,0.817832982586014,0.243918279101649,0.0773280609394918,2.902466253606,0.979,1,1000,direct,Caracal_aurata,False,False,,,
904,1599,Onychogalea_fraenata,Bridled Nailtail Wallaby,Diprotodontia,Macropodidae,VU,0.688925632656305,0.34303425788692,2.92688535004182,1.17387173462907,0.241857576997495,0.0788013671383285,2.43818096724927,0.889,1,1000,direct,Onychogalea_fraenata,False,False,,,
905,1643,Naemorhedus_baileyi,Red Goral,Artiodactyla,Bovidae,VU,0.688296169881558,0.261946040564118,2.85739316973516,0.83290431258903,0.245526990386018,0.0734398272452295,2.910719801916,0.994,1,1000,direct,Naemorhedus_baileyi,False,False,,,
912,1579,Crocidura_telfordi,Telford's Shrew,Eulipotyphla,Soricidae,VU,0.680400288774443,0.599251256495738,2.9629490254202,2.56326183950902,0.240343304471968,0.0776305878466609,2.59641996296158,0.725,1,1000,direct,Crocidura_telfordi,False,False,,,
916,1651,Hoolock_leuconedys,Eastern Hoolock Gibbon,Primates,Hylobatidae,VU,0.676482938552431,0.303127407123156,2.8437687895457,1.06954477927157,0.243354587469274,0.0788732102539006,0.9104088335423,0.98,1,1000,direct,Hoolock_leuconedys,False,False,,,
925,1682,Eonycteris_robusta,Philippine Dawn Bat,Chiroptera,Pteropodidae,VU,0.672363890062262,0.289093724292341,2.80138455932483,1.02963801424545,0.245814517063555,0.0799365265986756,2.4936676749447,0.949,1,1000,direct,Eonycteris_robusta,False,False,,,
927,1572,Crocidura_wimmeri,Wimmer's Shrew,Eulipotyphla,Soricidae,VU,0.670502093319068,0.482472083813565,2.97018890997604,1.96377324337586,0.240224519122209,0.0774925522964154,2.44129268156547,0.748,1,1000,direct,Crocidura_wimmeri,False,False,,,
931,1591,Notopteris_macdonaldi,Fijian Blossom Bat,Chiroptera,Pteropodidae,VU,0.669292888507441,0.874630776136803,2.94351653723055,3.59896338249436,0.246197227172228,0.080067080609627,1.50459365250598,0.694,1,1000,MDD_synonym,Notopteris_macdonaldii,False,False,,,
954,1655,Crocidura_musseri,Mossy Forest Shrew,Eulipotyphla,Soricidae,VU,0.65542367142976,0.511610084654254,2.84082399317344,2.07796761654902,0.243188963492623,0.0765977544506235,2.47848525957016,0.738,1,1000,direct,Crocidura_musseri,False,False,,,
958,1648,Procolobus_gordonorum,Udzungwa Red Colobus,Primates,Cercopithecidae,VU,0.653010449465,0.504775868664735,2.84647963874431,2.04537821058738,0.243275771160828,0.0783694604329426,1.25860290815095,0.794,1,1000,GBIF_accepted,Piliocolobus_gordonorum,False,False,,,
967,1711,Dendrolagus_ursinus,Vogelkop Tree Kangaroo,Diprotodontia,Macropodidae,VU,0.649043810816078,0.819601215192186,2.76180250869255,3.43279392474538,0.242146283639138,0.0782473319534261,2.53888946755174,0.702,1,1000,direct,Dendrolagus_ursinus,False,False,,,
976,1707,Macropus_parma,Parma Wallaby,Diprotodontia,Macropodidae,VU,0.641958167267163,0.324623383513188,2.77013539616737,1.07079807750278,0.241347948143784,0.0779527901461228,2.6057010013054,0.918,1,1000,MDD_synonym,Notamacropus_parma,False,False,,,
977,1754,Mazama_pandora,Yucatan Brown Brocket,Artiodactyla,Cervidae,VU,0.641281767632735,0.280494662144512,2.70856736627996,0.911890142833935,0.243320943767257,0.0722122315471306,2.59766952664507,0.887,1,1000,direct,Mazama_pandora,False,False,,,
989,1804,Petaurus_australis,Yellow-bellied Glider,Diprotodontia,Petauridae,VU,0.634369850794706,0.971915640715488,2.64705720701451,3.98631678062688,0.238829381678611,0.0796448339027204,3.22066440963239,0.615,1,1000,direct,Petaurus_australis,False,False,,,
990,1730,Crocidura_phuquocensis,Phu Quoc White-toothed Shrew,Eulipotyphla,Soricidae,VU,0.634252047318343,0.490293244023361,2.73710516221247,1.78327423372392,0.240793998821969,0.0769292045864001,2.33814170752162,0.747,1,1000,direct,Crocidura_phuquocensis,False,False,,,
996,1782,Trichechus_manatus,West Indian Manatee,Sirenia,Trichechidae,VU,0.631083197359329,0.343199307760674,2.66588594567751,1.23193095026587,0.237565330635895,0.0790945682789764,1.6918231498299,0.888,1,1000,direct,Trichechus_manatus,False,False,,,
1003,1821,Eulemur_rubriventer,Red-bellied Lemur,Primates,Lemuridae,VU,0.627785376375391,0.222215166545745,2.62643418443258,0.635160369218994,0.244060842924806,0.0779304404782478,2.0124212592682,0.986,1,1000,direct,Eulemur_rubriventer,False,False,,,
1014,1876,Dipodomys_elator,Texas Kangaroo Rat,Rodentia,Heteromyidae,VU,0.623314678591068,0.272025339664412,2.57065395570192,0.908102570454201,0.243169536588266,0.0739061814979599,2.5595947509426,0.925,1,1000,direct,Dipodomys_elator,False,False,,,
1021,1841,Moschus_moschiferus,Siberian Musk Deer,Artiodactyla,Moschidae,VU,0.618225837472727,0.298081040266101,2.6006244521561,0.945327068029144,0.244060842924806,0.0724477968501058,2.09211020768712,0.893,1,1000,direct,Moschus_moschiferus,False,False,,,
1025,1834,Melursus_ursinus,Sloth Bear,Carnivora,Ursidae,VU,0.615177436087231,0.231018727126013,2.61231481174784,0.609695314220579,0.242868777340185,0.0798539052346878,2.639208900049,0.987,1,1000,direct,Melursus_ursinus,False,False,,,
1027,1790,Hipposideros_halophyllus,Thailand Leaf-nosed Bat,Chiroptera,Hipposideridae,VU,0.614801700516349,0.410490984721255,2.65879182233065,1.43864985333676,0.245063948457488,0.0796243436194416,2.27759233008966,0.762,1,1000,direct,Hipposideros_halophyllus,False,False,,,
1029,1889,Dendromus_lachaisei,Lachaise's African Climbing Mous,Rodentia,Nesomyidae,VU,0.614222924236757,0.904428588488437,2.54677553464513,3.83434848181133,0.240844276539244,0.0738986274892262,3.07987680258357,0.633,1,1000,direct,Dendromus_lachaisei,False,False,,,
1031,1826,Dendrolagus_spadix,Lowlands Tree Kangaroo,Diprotodontia,Macropodidae,VU,0.613352804324708,0.313586888330854,2.6242276544601,1.1171254002886,0.242146283639138,0.0781941753051996,1.6402756218551,0.855,1,1000,direct,Dendrolagus_spadix,False,False,,,
1035,1902,Spilocuscus_papuensis,Waigeo Spotted Cuscus,Diprotodontia,Phalangeridae,VU,0.607774406938284,0.79114174584177,2.53712660836472,3.11321118902756,0.240854246184275,0.0783341633195885,2.30519499319083,0.653,1,1000,direct,Spilocuscus_papuensis,False,False,,,
1037,1886,Rhogeessa_mira,Least Yellow Bat,Chiroptera,Vespertilionidae,VU,0.60759529094271,0.39006153262357,2.55172685927154,1.3503617115374,0.248342064780044,0.0731890458932589,2.31537838544948,0.76,1,1000,direct,Rhogeessa_mira,False,False,,,
1038,1868,Coelops_robinsoni,Malayan Tailless Leaf-nosed Bat,Chiroptera,Hipposideridae,VU,0.606101283900822,0.423999911004749,2.58161642319441,1.60930345100099,0.245814517063555,0.078027390042864,2.19487606389874,0.756,1,1000,direct,Coelops_robinsoni,False,False,,,
1049,1882,Hippocamelus_antisensis,Taruca,Artiodactyla,Cervidae,VU,0.599026908815254,0.285560127991284,2.55553641610354,0.91894123602443,0.243805285382177,0.072672362769415,2.38394019008986,0.843,1,1000,direct,Hippocamelus_antisensis,False,False,,,
1053,1894,Acerodon_celebensis,Sulawesi Fruit Bat,Chiroptera,Pteropodidae,VU,0.597509714658765,0.616147126101941,2.54160464567778,2.60625113619617,0.243451644007014,0.0792089508297294,2.21356569581911,0.693,1,1000,direct,Acerodon_celebensis,False,False,,,
1054,1900,Equus_zebra,Mountain Zebra,Perissodactyla,Equidae,VU,0.597102597153005,0.251753437123306,2.53887699895988,0.673322571113326,0.243452033672191,0.0775032169387307,2.3280073189488,0.881,1,1000,direct,Equus_zebra,False,False,,,
1060,1908,Tupaia_chrysogaster,Golden-bellied Treeshrew,Scandentia,Tupaiidae,VU,0.593762902848634,0.849488049697763,2.53272071027984,3.46738567522336,0.244149009477822,0.0775846244273132,3.07988581842582,0.653,1,1000,direct,Tupaia_chrysogaster,False,False,,,
1062,1941,Colobus_angolensis,Angolan Colobus,Primates,Cercopithecidae,VU,0.593001043108432,0.25039385733967,2.50527074371107,0.782380689305405,0.242960452648994,0.0780891491515693,2.06414106482852,0.937,1,1000,direct,Colobus_angolensis,False,False,,,
1065,1915,Pteropus_ornatus,Ornate Flying Fox,Chiroptera,Pteropodidae,VU,0.589408045928523,0.357795677364898,2.52515855473491,1.30697406002667,0.244810345816329,0.0792932640592536,1.94904985115414,0.758,1,1000,direct,Pteropus_ornatus,False,False,,,
1071,1997,Orcaella_heinsohni,Australian Snubfin Dolphin,Artiodactyla,Delphinidae,VU,0.587265887839088,0.227639275758883,2.43894636475282,0.641857767743729,0.24483614543652,0.0754557854243055,1.855085945235,0.959,1,1000,direct,Orcaella_heinsohni,False,False,,,
1083,1980,Macaca_nigrescens,Gorontalo Macaque,Primates,Cercopithecidae,VU,0.579355397532935,0.232796628803589,2.45872173020762,0.674728121329676,0.242789626474683,0.0787681308533062,2.39836667515775,0.936,1,1000,direct,Macaca_nigrescens,False,False,,,
1088,2023,Miopithecus_talapoin,Southern Talapoin Monkey,Primates,Cercopithecidae,VU,0.575758742036229,0.233686899713625,2.41014785948179,0.777313850019758,0.244107282596253,0.0776388204670277,1.9426642753964,0.932,1,1000,direct,Miopithecus_talapoin,False,False,,,
1089,1991,Carpitalpa_arendsi,Arend's Golden Mole,Afrosoricida,Chrysochloridae,VU,0.575666324935246,0.369071021612072,2.44483144969257,1.53860112948252,0.236477482828949,0.0790521654703083,2.2461836916018,0.744,1,1000,direct,Carpitalpa_arendsi,False,False,,,
1092,1989,Lonchorhina_marinkellei,Marinkelle's Sword-nosed Bat,Chiroptera,Phyllostomidae,VU,0.573902371835111,0.899113372206971,2.44644375570612,3.79971929025753,0.246279587503323,0.075553961208034,3.02359387946908,0.615,1,1000,direct,Lonchorhina_marinkellei,False,False,,,
1097,2013,Amblysomus_robustus,Robust Golden Mole,Afrosoricida,Chrysochloridae,VU,0.565903054115985,0.561873718787832,2.41960254236699,2.34331620614933,0.236206362092824,0.0789779629674384,2.46779583488825,0.658,1,1000,direct,Amblysomus_robustus,False,False,,,
1099,2038,Nesoryzomys_narboroughi,,Rodentia,Cricetidae,VU,0.565055913248036,0.20146955633086,2.3912520946782,0.626470728222276,0.242056540793805,0.075266199613191,1.62985066723091,0.956,1,1000,direct,Nesoryzomys_narboroughi,False,False,,,
1110,2050,Marmosops_juninensis,Junin Slender Opossum,Didelphimorphia,Didelphidae,VU,0.557443333430213,0.844303975637626,2.37633744204044,3.54762924656317,0.239151652476133,0.0759991350670372,2.94111637785016,0.614,1,1000,direct,Marmosops_juninensis,False,False,,,
1112,2107,Nycticebus_menagensis,Philippine Slow Loris,Primates,Lorisidae,VU,0.555669390642156,0.319436159958171,2.32720115017395,1.1064759904174,0.242782761473633,0.0762186818306503,1.6041501765082,0.778,1,1000,direct,Nycticebus_menagensis,False,False,,,
1114,2037,Pteropus_temminckii,Temminck's Flying Fox,Chiroptera,Pteropodidae,VU,0.554885274170091,0.335233375328353,2.39449616102488,1.17913895288764,0.244554875701307,0.0795758212186162,1.93300118773937,0.744,1,1000,direct,Pteropus_temminckii,False,False,,,
1115,2082,Cercocebus_atys,Sooty Mangabey,Primates,Cercopithecidae,VU,0.554823936628598,0.244354681932677,2.34953295246669,0.755980714752556,0.244310461480918,0.0789678119992155,2.01931742022943,0.887,1,1000,direct,Cercocebus_atys,False,False,,,
1125,2088,Myotis_vivesi,Fish-eating Bat,Chiroptera,Vespertilionidae,VU,0.548076765012603,0.244518265973973,2.34148231831915,0.859432469070777,0.24293833784475,0.0779452368761611,2.19260847397889,0.829,1,1000,direct,Myotis_vivesi,False,False,,,
1129,2115,Microcebus_tavaratra,Tavaratra Mouse Lemur,Primates,Cheirogaleidae,VU,0.544136312794115,0.249794079403717,2.32133141234455,0.839935470880443,0.243717515454933,0.0777691410389693,2.08538019485157,0.803,1,1000,direct,Microcebus_tavaratra,False,False,,,
1139,2084,Sylvisorex_camerunensis,,Eulipotyphla,Soricidae,VU,0.537813325225521,0.809517105790581,2.34738412839489,3.36482250502779,0.238481760883011,0.0777119034425548,2.52568276363785,0.608,1,1000,direct,Sylvisorex_camerunensis,False,False,,,
1142,2183,Hapalemur_griseus,Eastern Lesser Bamboo Lemur,Primates,Lemuridae,VU,0.537441578929387,0.290000579927477,2.24936555548634,1.02110547440929,0.243543412026614,0.0781444240532484,1.78774859279838,0.747,1,1000,direct,Hapalemur_griseus,False,False,,,
1152,2219,Apomys_camiguinensis,Camiguin Forest Mouse,Rodentia,Muridae,VU,0.53391703941293,0.199739177247964,2.21070006415489,0.564144353764541,0.247239821125348,0.076350753587332,2.17297359779518,0.868,1,1000,direct,Apomys_camiguinensis,False,False,,,
1157,2182,Rattus_satarae,Sahyadris Forest Rat,Rodentia,Muridae,VU,0.532216101480628,0.643717142260006,2.25032330705424,2.83907562886549,0.247239821125348,0.0760636751732047,1.97483429135805,0.564,1,1000,direct,Rattus_satarae,False,False,,,
1158,2120,Maxomys_whiteheadi,Whitehead’s Sundaic Maxomys,Rodentia,Muridae,VU,0.532174293698917,0.256920674809772,2.30871426273262,0.757422048772926,0.243998201655459,0.0778614653889753,2.09707887440268,0.792,1,1000,direct,Maxomys_whiteheadi,False,False,,,
1159,2158,Cercopithecus_lhoesti,L'Hoest's Monkey,Primates,Cercopithecidae,VU,0.531772943046993,0.210585895288802,2.2682014756,0.622355955087883,0.244149009477822,0.0788465337101313,1.77627482198548,0.87,1,1000,MDD_synonym,Allochrocebus_lhoesti,False,False,,,
1174,2226,Macaca_arctoides,Stump-tailed Macaque,Primates,Cercopithecidae,VU,0.521179814506632,0.209429028864406,2.20810088916172,0.610587461450797,0.243354587469274,0.0790385161737027,2.09877146863564,0.863,1,1000,direct,Macaca_arctoides,False,False,,,
1180,2321,Tragelaphus_derbianus,Giant Eland,Artiodactyla,Bovidae,VU,0.517862008155319,0.260046424014119,2.13288075167205,0.860143106613102,0.245262480154485,0.0719234369374329,2.08788161150928,0.77,1,1000,direct,Tragelaphus_derbianus,False,False,,,
1181,2252,Dorcopsis_luctuosa,Grey Dorcopsis,Diprotodontia,Macropodidae,VU,0.517768503946217,0.639529060823951,2.17824536103281,2.58823765027561,0.241857576997495,0.0779527901461228,2.26265550274908,0.598,1,1000,direct,Dorcopsis_luctuosa,False,False,,,
1186,2243,Petrogale_lateralis,Black-footed Rock Wallaby,Diprotodontia,Macropodidae,VU,0.514354222937413,0.241699647590257,2.18954946599268,0.804555067121258,0.241720971821586,0.0788755184166106,2.04009496096693,0.763,1,1000,direct,Petrogale_lateralis,False,False,,,
1193,2375,Komodomys_rintjanus,Nusa Tenggara Komodomys,Rodentia,Muridae,VU,0.512409568937057,0.684641376209218,2.09096766652961,2.93652874782744,0.248483604354063,0.0766050693648021,2.49783840462184,0.565,1,1000,direct,Komodomys_rintjanus,False,False,,,
1194,2322,Macaca_leonina,Northern Pig-tailed Macaque,Primates,Cercopithecidae,VU,0.512031249851061,0.213860392232307,2.13113048244019,0.606618203222363,0.243470598136701,0.078740611357361,1.93354118581282,0.837,1,1000,direct,Macaca_leonina,False,False,,,
1198,2282,Dipodomys_stephensi,Stephens' Kangaroo Rat,Rodentia,Heteromyidae,VU,0.509913084102004,0.23532668565154,2.15852458654164,0.742030541745639,0.244070196455499,0.0737230897014161,2.15940852831107,0.774,1,1000,direct,Dipodomys_stephensi,False,False,,,
1199,2304,Helarctos_malayanus,Sun Bear,Carnivora,Ursidae,VU,0.509139358428931,0.193890826082361,2.14314125891133,0.552800750042842,0.242813383458502,0.0798539052346878,2.180550337901,0.863,1,1000,direct,Helarctos_malayanus,False,False,,,
1207,2293,Macaca_radiata,Bonnet Macaque,Primates,Cercopithecidae,VU,0.505567001136331,0.231669557974978,2.15064408843866,0.689446703433218,0.243470598136701,0.078740611357361,1.51146876281065,0.798,1,1000,direct,Macaca_radiata,False,False,,,
1210,2336,Acerodon_leucotis,Palawan Fruit Bat,Chiroptera,Pteropodidae,VU,0.504093489508267,0.482869242266418,2.12165633848276,2.0281761486964,0.242859398620689,0.0794101690755991,1.64845018462225,0.615,1,1000,direct,Acerodon_leucotis,False,False,,,
1211,2272,Dipodomys_nitratoides,Fresno Kangaroo Rat,Rodentia,Heteromyidae,VU,0.504071962080506,0.234965256192973,2.16495733102828,0.776206083876278,0.243062198427907,0.0743200910820672,2.19203027054271,0.774,1,1000,direct,Dipodomys_nitratoides,False,False,,,
1217,2374,Trichechus_senegalensis,African Manatee,Sirenia,Trichechidae,VU,0.501297365502405,0.269959230585157,2.09227428000684,0.909359976037272,0.237565330635895,0.0791095137624667,0.92518850720085,0.722,1,1000,direct,Trichechus_senegalensis,False,False,,,
1218,2389,Sylvisorex_isabellae,Bioko Forest Shrew,Eulipotyphla,Soricidae,VU,0.501207283509992,0.822137263177109,2.08014581614805,3.39190142751385,0.242845482487743,0.0766074365895341,2.53480362866681,0.565,1,1000,direct,Sylvisorex_isabellae,False,False,,,
1220,2397,Balaenoptera_physalus,Fin Whale,Artiodactyla,Balaenopteridae,VU,0.500826617452754,0.180429297088951,2.0741679739527,0.424495145627091,0.243952759459889,0.0754376651831917,2.06817352714285,0.846,1,1000,direct,Balaenoptera_physalus,True,True,exact,Balaenoptera_physalus,GCA_965194825.1
1221,2340,Trichechus_inunguis,Amazonian Manatee,Sirenia,Trichechidae,VU,0.500817212255682,0.259981472438175,2.11981627412127,0.926023914641828,0.237108943626153,0.0792438546177704,0.92518850720085,0.728,1,1000,direct,Trichechus_inunguis,True,True,exact,Trichechus_inunguis,GCA_046562895.1
1222,2303,Callicebus_brunneus,Brown Titi Monkey,Primates,Pitheciidae,VU,0.500647928093356,1.00549533672675,2.14322782771373,4.18578251147783,0.242741061435803,0.0782944703876424,2.38708091701805,0.576,1,1000,MDD_synonym,Plecturocebus_brunneus,False,False,,,
1224,2363,Catopuma_temminckii,Asian Golden Cat,Carnivora,Felidae,VU,0.498819967327548,0.256719990101153,2.09930417007368,0.899470902779151,0.243098515287213,0.0790681470181493,2.0517647255567,0.72,1,1000,direct,Catopuma_temminckii,False,False,,,
1233,2426,Ateles_paniscus,Red-faced Black Spider Monkey,Primates,Atelidae,VU,0.493079095278103,0.21828034898849,2.04667478054922,0.639285757795044,0.244149009477822,0.0788955339011628,1.8313445767252,0.792,1,1000,direct,Ateles_paniscus,False,False,,,
1240,2410,Macaca_ochreata,Booted Macaque,Primates,Cercopithecidae,VU,0.490660950687301,0.198099270195501,2.06097141378184,0.604360250984099,0.243275771160828,0.0786509132668351,2.0016235760562,0.793,1,1000,direct,Macaca_ochreata,False,False,,,
1241,2476,Nycticebus_kayan,Kayan Slow Loris,Primates,Lorisidae,VU,0.490129034221239,0.446603715880463,2.0046853674547,1.8546564851396,0.242782761473633,0.0760635201751808,1.38935954461899,0.586,1,1000,direct,Nycticebus_kayan,False,False,,,
1259,2368,Hapalemur_occidentalis,Sambirano Lesser Bamboo Lemur,Primates,Lemuridae,VU,0.482621392684943,0.280601343376927,2.09508111526429,1.15426782590102,0.243543412026614,0.0781444240532484,0.73563127569154,0.632,1,1000,direct,Hapalemur_occidentalis,False,False,,,
1268,2430,Acerodon_mackloti,Sunda Fruit Bat,Chiroptera,Pteropodidae,VU,0.479753204201991,0.445173455653213,2.04180756618153,1.81853859341004,0.243451644007014,0.0796667818589114,1.50331925218042,0.605,1,1000,direct,Acerodon_mackloti,False,False,,,
1269,2475,Tapirus_kabomani,Lowland Tapir,Perissodactyla,Tapiridae,VU,0.478731640260726,0.259087106702344,2.00560655647109,0.915713234020955,0.243918279101649,0.0778139356643361,0.6219212650164,0.66,1,1000,MDD_synonym,Tapirus_terrestris,False,False,,,
1280,2435,Myomimus_roachi,Roach's Mouse-tailed Dormouse,Rodentia,Gliridae,VU,0.475486573189797,0.749868632947961,2.03986272039,2.75180348176448,0.244075979836707,0.0750848777013778,1.76944132987147,0.549,1,1000,direct,Myomimus_roachi,False,False,,,
1282,2460,Panthera_uncia,Snow Leopard,Carnivora,Felidae,VU,0.474733879546904,0.180207206621537,2.01781227374044,0.564030415949785,0.243797969589155,0.0773280609394918,2.013628213781,0.748,1,1000,direct,Panthera_uncia,False,False,,,
1301,2479,Mesocricetus_newtoni,Romanian Hamster,Rodentia,Cricetidae,VU,0.46749931433794,0.182228031490266,2.00224366526034,0.557630521811215,0.238171607880058,0.0771791647435413,1.8532459239331,0.738,1,1000,direct,Mesocricetus_newtoni,False,False,,,
1303,2501,Maxomys_pagensis,Mentawai Archipelago Maxomys,Rodentia,Muridae,VU,0.466218299681496,0.274500542134644,1.98116792221512,1.02087117604018,0.243998201655459,0.0779016004154492,1.34014622631253,0.618,1,1000,direct,Maxomys_pagensis,False,False,,,
1304,2469,Hylaeamys_laticeps,Large-headed Rice Rat,Rodentia,Cricetidae,VU,0.4659308065096,0.236654960384712,2.00764933473686,0.782239602592051,0.242233991135324,0.0748014716925561,1.73790686583759,0.683,1,1000,direct,Hylaeamys_laticeps,False,False,,,
1307,2473,Myosorex_sclateri,Sclater's Mouse Shrew,Eulipotyphla,Soricidae,VU,0.464573937930356,0.276407230636928,2.00669162513612,1.06782425890986,0.238481760883011,0.0780588824987448,1.67875300232028,0.626,1,1000,direct,Myosorex_sclateri,False,False,,,
1309,2541,Tapirus_terrestris,Lowland Tapir,Perissodactyla,Tapiridae,VU,0.464206216817243,0.255067831604847,1.95062302425829,0.997473134708823,0.243797969589155,0.0777672524317799,0.47708977452384,0.61,1,1000,direct,Tapirus_terrestris,False,False,,,
1311,2552,Thylogale_brunii,Dusky Pademelon,Diprotodontia,Macropodidae,VU,0.463354918388051,0.187353164748223,1.94424291572945,0.632586853406654,0.241288103249052,0.078860132033117,1.8770461561285,0.666,1,1000,direct,Thylogale_brunii,False,False,,,
1316,2527,Chiropotes_albinasus,White-nosed Saki,Primates,Pitheciidae,VU,0.46074562570694,0.232965905409413,1.96566355607525,0.824604780545772,0.24377404178549,0.076532273408404,1.68078404210232,0.639,1,1000,direct,Chiropotes_albinasus,False,False,,,
1319,2557,Urocitellus_townsendii,Townsend's Ground Squirrel,Rodentia,Sciuridae,VU,0.460288794743144,0.195388566012441,1.94357478896928,0.668850239317857,0.245443717932981,0.0759129335418721,1.9366346518693,0.695,1,1000,direct,Urocitellus_townsendii,False,False,,,
1322,2592,Sminthopsis_butleri,Butler's Dunnart,Dasyuromorphia,Dasyuridae,VU,0.458473393026882,0.210946421020484,1.91939359628387,0.696570237433914,0.24164509364401,0.0780457075818998,0.70348264836665,0.635,1,1000,direct,Sminthopsis_butleri,False,False,,,
1323,2577,Chlorotalpa_duthieae,Duthie's Golden Mole,Afrosoricida,Chrysochloridae,VU,0.457731924576681,0.38645546285764,1.92989262625965,1.52733196259321,0.237335060129336,0.0786020667438252,1.84408551086336,0.567,1,1000,direct,Chlorotalpa_duthieae,False,False,,,
1327,2586,Neofelis_diardi,Sunda Clouded Leopard,Carnivora,Felidae,VU,0.457056971047634,0.207483744695193,1.92397002099313,0.698291915346192,0.243797969589155,0.0773929318877135,1.292313660926,0.638,1,1000,direct,Neofelis_diardi,False,False,,,
1328,2548,Rhinolophus_mehelyi,Mehely's Horseshoe Bat,Chiroptera,Rhinolophidae,VU,0.456827485696641,0.266762708324478,1.94756653027022,0.928989465314818,0.247318922776503,0.0776850329353721,1.53556777456622,0.606,1,1000,direct,Rhinolophus_mehelyi,False,False,,,
1329,2530,Maxomys_rajah,Rajah Sundaic Maxomys,Rodentia,Muridae,VU,0.456796599071107,0.285994344354407,1.96102758039454,1.01686108999569,0.244141106943734,0.0778614653889753,1.33677122963689,0.617,1,1000,direct,Maxomys_rajah,False,False,,,
1333,2610,Avahi_laniger,Eastern Woolly Lemur,Primates,Indriidae,VU,0.454267759849801,0.383201719054157,1.90689196516197,1.51966621897281,0.242741061435803,0.0775479329796563,1.36615366523936,0.557,1,1000,direct,Avahi_laniger,False,False,,,
1335,2588,Neofelis_nebulosa,Clouded Leopard,Carnivora,Felidae,VU,0.454220146720837,0.209454567089226,1.92345926631104,0.701672028200321,0.243918279101649,0.0773929318877135,1.292313660926,0.642,1,1000,direct,Neofelis_nebulosa,True,True,exact,Neofelis_nebulosa,GCA_028018385.1
1340,2670,Lepilemur_seali,Seal's Sportive Lemur,Primates,Lepilemuridae,VU,0.452611377536074,0.401701679463937,1.86235836544001,1.58291764116629,0.244060842924806,0.0773056962458249,1.17020441422661,0.546,1,1000,direct,Lepilemur_seali,False,False,,,
1347,2618,Otomys_occidentalis,Western Vlei Rat,Rodentia,Muridae,VU,0.451218078789879,0.201486067273327,1.90083922810092,0.569691145462254,0.244718055922169,0.0778204778379677,1.53462522454377,0.657,1,1000,direct,Otomys_occidentalis,False,False,,,
1350,2686,Tarsius_wallacei,Wallace’s Tarsier,Primates,Tarsiidae,VU,0.447525961854575,0.286308950631591,1.84767865111221,0.992302461359438,0.243430714315617,0.0779772568801758,1.23965657064843,0.564,1,1000,direct,Tarsius_wallacei,False,False,,,
1358,2638,Myosorex_bururiensis,Bururi Mouse Shrew,Eulipotyphla,Soricidae,VU,0.442851658544681,0.636416114989224,1.88224173563642,2.55276388984294,0.238402484424973,0.0780300702170247,2.00505014779721,0.522,1,1000,direct,Myosorex_bururiensis,False,False,,,
1359,2667,Pearsonomys_annectens,,Rodentia,Cricetidae,VU,0.442374807166842,0.199231979447131,1.86444679330095,0.653869061779655,0.24086631535167,0.0742719677747184,1.72057050924476,0.61,1,1000,MDD_synonym,Geoxus_annectens,False,False,,,
1371,2620,Myosorex_okuensis,Oku Mouse Shrew,Eulipotyphla,Soricidae,VU,0.43957753412549,0.636386349929796,1.89940312113694,2.62873600777236,0.238481760883011,0.0782903422692299,2.03996585670148,0.533,1,1000,direct,Myosorex_okuensis,False,False,,,
1372,2727,Nanger_soemmerringii,Soemmerring's Gazelle,Artiodactyla,Bovidae,VU,0.439141042533776,0.19613709015694,1.81535356301141,0.65076713008296,0.245378121525951,0.0734349310991365,1.10191006446348,0.566,1,1000,direct,Nanger_soemmerringii,False,False,,,
1386,2687,Rhynchocyon_udzungwensis,Grey-faced Sengi,Macroscelidea,Macroscelididae,VU,0.435499502860944,0.335380892154777,1.84635059858442,1.34681691454962,0.236206362092824,0.0789602274236727,1.83130645689008,0.549,1,1000,direct,Rhynchocyon_udzungwensis,False,False,,,
1391,2685,Myotis_grisescens,Grey Bat,Chiroptera,Vespertilionidae,VU,0.433901913332586,0.23944807108867,1.84826461006645,0.872105477118986,0.242124180676618,0.0779750035368249,1.73233184200696,0.582,1,1000,direct,Myotis_grisescens,False,False,,,
1398,2762,Marmota_menzbieri,Menzbier's Marmot,Rodentia,Sciuridae,VU,0.431888147293637,0.194743238127512,1.78576529554348,0.661794742867936,0.246944056861299,0.0754278324391233,1.7637019899915,0.53,1,1000,direct,Marmota_menzbieri,False,False,,,
1401,2665,Phalanger_matabiru,Blue-eyed Cuscus,Diprotodontia,Phalangeridae,VU,0.429763223986042,0.568525175496069,1.8677547430266,2.35558281357466,0.24199314567114,0.0787962745263303,1.89415648253484,0.514,1,1000,direct,Phalanger_matabiru,False,False,,,
1405,2779,Mesocapromys_melanurus,,Rodentia,Echimyidae,VU,0.427506898373292,0.188158978178525,1.77690773073417,0.622272582304881,0.245249101443619,0.0748239964229434,0.873118061580775,0.533,1,1000,GBIF_iucn_link,Mesocapromys_melanurus,False,False,,,
1409,2755,Spilogale_putorius,Eastern Spotted Skunk,Carnivora,Mephitidae,VU,0.427082978527044,0.466111181182758,1.79102179059814,1.92655609796456,0.24063310757307,0.0799400809736427,1.79699450962931,0.509,1,1000,direct,Spilogale_putorius,False,False,,,
1413,2775,Hybomys_lunaris,Moon Striped Mouse,Rodentia,Muridae,VU,0.426735273359158,0.553520342459888,1.78084837151027,2.44158458572778,0.243190083530075,0.0785911547461652,1.71595861602687,0.508,1,1000,direct,Hybomys_lunaris,False,False,,,
1432,2789,Trachypithecus_pileatus,Capped Langur,Primates,Cercopithecidae,VU,0.420913218776723,0.249083069599293,1.76942076752262,0.999842443455416,0.243420213849582,0.0786942550669225,0.451072663642944,0.506,1,1000,direct,Trachypithecus_pileatus,False,False,,,
1437,2714,Alouatta_guariba,Brown Howler Monkey,Primates,Atelidae,VU,0.420216687672237,0.3123605670766,1.82158155044032,1.2593305521423,0.243763605583379,0.0783383203576956,1.55166972848907,0.549,1,1000,direct,Alouatta_guariba,False,False,,,
1448,2780,Octodon_bridgesi,Bridges's Degu,Rodentia,Octodontidae,VU,0.417370150479177,0.213766485007221,1.77637089836815,0.779178325897051,0.243648289087654,0.0743891746866385,1.39186471726096,0.528,1,1000,direct,Octodon_bridgesi,False,False,,,
1450,2771,Dryomys_niethammeri,Baluchistan Forest Dormouse,Rodentia,Gliridae,VU,0.416910199332865,0.684039449015261,1.78320239964284,2.77959971713309,0.243623602209081,0.075256668311226,2.17211658487478,0.514,1,1000,direct,Dryomys_niethammeri,False,False,,,
1468,2761,Alouatta_belzebul,Red-handed Howler Monkey,Primates,Atelidae,VU,0.407490046181279,0.338702524378813,1.78585939261612,1.38099441005967,0.244149009477822,0.0782399834873993,1.52716590914354,0.518,1,1000,direct,Alouatta_belzebul,False,False,,,
