EDGErank,EDrank,species,common_name,order,family,RLcat,EDGEmed,EDGEiqr,EDmed,EDiqr,pextmed,pextiqr,TBLmn,isEDGEsp_frac,is_EDGE_species,n_trees,match,matched_IUCN_name,on_vgp_list,has_vgp_genome,vgp_placement_tier,vgp_name,vgp_accession
51,14,Hylomys_megalotis,Long-eared Gymnure,Eulipotyphla,Erinaceidae,DD,5.61093550706814,15.6151545935636,32.6045548589795,4.76309267781383,0.166341651089203,0.465905675785966,32.90371245971,0.0,0,1000,direct,Hylomys_megalotis,False,False,,,
106,36,Nothrotheriops_shastensis,,Pilosa,Nothrotheriidae,NM,3.77870746422344,11.4094806318074,21.8373654466875,5.36844771883692,0.166822827201569,0.552536989291436,22.26804357659,0.0,0,1000,no_RedList_match,,False,False,,,
123,46,Mylodon_darwinii,,Pilosa,Mylodontidae,NM,3.4663190256083,9.92008364215604,19.3408628900644,6.00510706215459,0.166822827201569,0.552438559218972,19.601792449094,0.0,0,1000,no_RedList_match,,False,False,,,
130,54,Megaladapis_edwardsi,,Primates,Megaladapidae,NM,3.35097786070835,9.95518703061891,18.0652737768476,3.26771355264057,0.178735888288564,0.554784807447076,18.35219692447,0.0,0,1000,no_RedList_match,,False,False,,,
147,68,Chlamyphorus_truncatus,Pink Fairy Armadillo,Cingulata,Chlamyphoridae,DD,3.04751291391333,7.93142707262608,15.8705707382174,7.50370936278774,0.168121849204643,0.558810575821362,12.336431922646,0.0,0,1000,direct,Chlamyphorus_truncatus,False,False,,,
138,70,Calyptophractus_retusus,Greater Fairy Armadillo,Cingulata,Chlamyphoridae,DD,3.12609648180758,8.10635273638467,15.7033756851005,7.41232382644659,0.16799134920304,0.557624599455207,12.336431922646,0.0,0,1000,direct,Calyptophractus_retusus,False,False,,,
164,80,Carterodon_sulcidens,Owl's Spiny Rat,Rodentia,Echimyidae,DD,2.71525504523833,8.59568321568067,15.0773702249099,3.62241326379483,0.177380171543981,0.563095168794226,9.2539808146026,0.0,0,1000,direct,Carterodon_sulcidens,False,False,,,
195,96,Dendrogale_melanura,Bornean Smooth-tailed Treeshrew,Scandentia,Tupaiidae,DD,2.50525947283759,7.08083817123905,14.001389425,4.44917492,0.168804327640178,0.578809553580136,14.245704840667,0.0,0,1000,direct,Dendrogale_melanura,False,False,,,
235,102,Marmosa_rubra,Red Mouse Opossum,Didelphimorphia,Didelphidae,DD,2.10917766911331,5.78967765680241,13.3491071529272,3.96403207727708,0.188955170440201,0.661013412375342,12.0401007719692,0.0,0,1000,direct,Marmosa_rubra,False,False,,,
236,144,Coelodonta_antiquitatis,,Perissodactyla,Rhinocerotidae,NM,2.10730000197202,5.52811426016734,11.6649246142606,2.06412565595934,0.168560701239223,0.486386403076801,6.403843556243,0.0,0,1000,no_RedList_match,,False,False,,,
281,158,Marmosa_andersoni,,Didelphimorphia,Didelphidae,DD,1.85004088053401,5.57904271573436,11.18936631061,3.31411131614046,0.186454106274433,0.647761259448176,10.2489871549198,0.0,0,1000,direct,Marmosa_andersoni,False,False,,,
265,173,Cardiocranius_paradoxus,Five-toed Pygmy Jerboa,Rodentia,Dipodidae,DD,1.92080693514748,5.43685780275087,10.7845557816799,3.02181300279659,0.181883451503904,0.55363493472003,10.367268779178,0.0,0,1000,direct,Cardiocranius_paradoxus,False,False,,,
378,181,Gracilinanus_emiliae,Emilia's Gracile Opossum,Didelphimorphia,Didelphidae,DD,1.46970246438912,3.75656429025908,10.5092640897002,7.91584527934248,0.187104011110264,0.675198603345178,8.73038889952894,0.0,0,1000,direct,Gracilinanus_emiliae,False,False,,,
289,193,Mammut_americanum,,Proboscidea,Mammutidae,NM,1.82639520798716,4.94280641517991,10.209051094671,4.21313959349679,0.165146279109614,0.549682817055433,10.288292382293,0.0,0,1000,no_RedList_match,,False,False,,,
364,255,Calassomys_apicalis,,Rodentia,Cricetidae,NM,1.49782221940892,4.96447439183596,8.8783294215,1.59648672325,0.17769796903592,0.653359610792184,8.28797340485064,0.0,0,1000,no_RedList_match,,False,False,,,
511,261,Hipposideros_coronatus,Large Mindanao Leaf-nosed Bat,Chiroptera,Hipposideridae,DD,1.11063382532136,2.56040688942106,8.79216052309698,6.80966359633746,0.164473653464944,0.436011058775807,6.54933906962588,0.0,0,1000,direct,Hipposideros_coronatus,False,False,,,
371,266,Xeronycteris_vieirai,,Chiroptera,Phyllostomidae,DD,1.48141495934188,4.36874319293354,8.77507309934579,2.50658544344261,0.168783660283255,0.583504940096398,8.24767828526451,0.0,0,1000,direct,Xeronycteris_vieirai,False,False,,,
404,321,Monodelphis_gardneri,,Didelphimorphia,Didelphidae,NM,1.35752496675469,4.05746102106522,7.94481345294443,2.15891833635655,0.192165878292334,0.688740996943525,7.28719095382447,0.0,0,1000,no_RedList_match,,False,False,,,
442,331,Macrotarsomys_petteri,Petter's Big-footed Mouse,Rodentia,Nesomyidae,DD,1.25233327580649,3.0921488922145,7.78141319097802,7.32680731396244,0.180298561878804,0.630295391223334,4.94234336442593,0.0,0,1000,direct,Macrotarsomys_petteri,False,False,,,
549,350,Sylvisorex_konganensis,Kongana Shrew,Eulipotyphla,Soricidae,DD,1.05975541790513,2.62151393369131,7.65982967789708,6.44509230735234,0.164564993611017,0.529333330405618,5.83102146499127,0.0,0,1000,direct,Sylvisorex_konganensis,False,False,,,
400,364,Pattonomys_occasius,,Rodentia,Echimyidae,DD,1.37033866643109,4.00855273891233,7.35903229397043,2.11719745240503,0.171406973729214,0.552992579136426,7.533489795534,0.0,0,1000,direct,Pattonomys_occasius,False,False,,,
366,373,Huetia_leucorhina,Congo Golden Mole,Afrosoricida,Chrysochloridae,DD,1.49055026553824,3.48619387789791,7.27238246816385,8.4220112693836,0.16799134920304,0.553460462349434,10.5122906104726,0.0,0,1000,direct,Huetia_leucorhina,False,False,,,
389,375,Oryzorictes_tetradactylus,Four-toed Rice Tenrec,Afrosoricida,Tenrecidae,DD,1.41531733167909,3.39375143729542,7.25952588438138,9.48048315364373,0.16630085480796,0.54955609164373,8.59977774667662,0.0,0,1000,direct,Oryzorictes_tetradactylus,False,False,,,
480,424,Tasmacetus_shepherdi,Shepherd's Beaked Whale,Artiodactyla,Ziphiidae,DD,1.17872135244015,3.14144013645424,6.90823363550001,1.48574405725,0.168690885744765,0.497765480549961,6.58809334832683,0.0,0,1000,direct,Tasmacetus_shepherdi,False,False,,,
420,433,Peropteryx_pallidoptera,,Chiroptera,Emballonuridae,DD,1.30878548262457,4.08104676664418,6.80743626869786,1.82024669265754,0.182279456381909,0.613980448780612,6.976591042364,0.0,0,1000,direct,Peropteryx_pallidoptera,False,False,,,
497,448,Monodelphis_iheringi,Ihering's Short-tailed Opossum,Didelphimorphia,Didelphidae,DD,1.14442462552011,3.32626869509638,6.61042325103155,2.04606998687275,0.19191815927489,0.68271516977078,6.03844569661668,0.0,0,1000,direct,Monodelphis_iheringi,False,False,,,
628,451,Malpaisomys_insularis,,Rodentia,Muridae,NM,0.942579803183531,2.36485511346356,6.59626591328269,3.97812269190364,0.181037179303071,0.551918899817562,5.38323842489529,0.0,0,1000,no_RedList_match,,False,False,,,
547,457,Gracilinanus_peruanus,,Didelphimorphia,Didelphidae,NM,1.06257456018571,2.75120815883796,6.53382145809293,2.89308425471157,0.187104011110264,0.665140542900373,5.77823824642939,0.0,0,1000,no_RedList_match,,False,False,,,
502,494,Murina_loreliae,Lorelie Tube-nosed Bat,Chiroptera,Vespertilionidae,DD,1.12823237025984,3.05456416244303,6.22691311465142,2.0997118643889,0.193740177077535,0.637968992520366,5.56214710749899,0.0,0,1000,MDD_synonym,Murina_lorelieae,False,False,,,
465,496,Prionomys_batesi,Dollman's Tree Mouse,Rodentia,Nesomyidae,DD,1.20638825752584,2.94061230557692,6.2058075438812,7.43055042275521,0.180822331883572,0.636053641137341,6.67003346684984,0.0,0,1000,direct,Prionomys_batesi,False,False,,,
698,499,Crocidura_batakorum,Batak Shrew,Eulipotyphla,Soricidae,DD,0.881118887641152,2.15052194871037,6.17099210230108,5.9259200656683,0.166762954451852,0.474388334360178,4.99620840110267,0.0,0,1000,direct,Crocidura_batakorum,False,False,,,
495,500,Dendroprionomys_rousseloti,Velvet African Climbing Mouse,Rodentia,Nesomyidae,DD,1.15009395761982,2.79174825500494,6.16296456176151,7.54101217736173,0.182049713057435,0.65690920172947,6.65074693675296,0.0,0,1000,direct,Dendroprionomys_rousseloti,False,False,,,
572,510,Saccopteryx_gymnura,,Chiroptera,Emballonuridae,DD,1.02763821455729,3.25785454506797,6.07567928957844,1.90579321224946,0.180547109845956,0.606267749866535,5.45564106267704,0.0,0,1000,direct,Saccopteryx_gymnura,False,False,,,
575,532,Sminthopsis_archeri,Chestnut Dunnart,Dasyuromorphia,Dasyuridae,DD,1.02670911365659,2.94699839389357,5.97066026976413,1.46018069053068,0.169849818928791,0.583432376101136,5.9438967621421,0.0,0,1000,direct,Sminthopsis_archeri,False,False,,,
752,577,Exilisciurus_exilis,Least Pygmy Squirrel,Rodentia,Sciuridae,DD,0.8359303538457,1.78635174714954,5.72169486233887,5.61292128187597,0.182554764337875,0.574409253664236,5.15589189179089,0.0,0,1000,direct,Exilisciurus_exilis,False,False,,,
591,578,Myotragus_balearicus,,Cetartiodactyla,Bovidae,NM,0.997744713640028,3.03152955560646,5.72156430168748,1.15585059768088,0.174250467837342,0.550343980549963,5.746423290589,0.0,0,1000,no_RedList_match,,False,False,,,
619,579,Salinomys_delicatus,,Rodentia,Cricetidae,DD,0.947520066014366,2.72154805314115,5.71754600642988,1.20422676934254,0.178836655102767,0.62608573226981,5.32046339252214,0.0,0,1000,direct,Salinomys_delicatus,False,False,,,
714,596,Tupaia_dorsalis,Striped Treeshrew,Scandentia,Tupaiidae,DD,0.864421890808276,2.16578481040466,5.5911361477492,4.13117195369073,0.168804327640178,0.579264299583529,5.06791137155808,0.0,0,1000,direct,Tupaia_dorsalis,False,False,,,
778,599,Waiomys_mamasae,Mamasa Water Rat,Rodentia,Muridae,DD,0.807980026937673,1.95352510674228,5.58443437438382,4.42520845658113,0.184513414993001,0.614772278000057,4.32674305680196,0.0,0,1000,direct,Waiomys_mamasae,False,False,,,
652,612,Myomyscus_yemeni,Yemeni Mouse,Rodentia,Muridae,DD,0.924018474817181,2.88430284248104,5.5213937802792,1.06590371457728,0.17731467635847,0.546858541133124,5.35760164132789,0.0,0,1000,direct,Myomyscus_yemeni,False,False,,,
779,632,Maxomys_ochraceiventer,Ochraceous-bellied Bornean Maxomys,Rodentia,Muridae,DD,0.805006223626803,2.19021760228541,5.40214230252306,2.83998378023651,0.19257226440059,0.609783209463393,4.39347865712775,0.0,0,1000,direct,Maxomys_ochraceiventer,False,False,,,
613,649,Barbastella_beijingensis,Beijing Barbastelle,Chiroptera,Vespertilionidae,DD,0.956109145847429,3.04578115971888,5.33316573842029,1.51266724124345,0.17672088535038,0.606705720349033,5.134390189181,0.0,0,1000,direct,Barbastella_beijingensis,False,False,,,
634,676,Marmosa_tyleriana,Tyler's Mouse Opossum,Didelphimorphia,Didelphidae,DD,0.937603924172774,2.520178860403,5.22309587169414,1.90568395556565,0.186454106274433,0.654392310196432,4.76552455762444,0.0,0,1000,direct,Marmosa_tyleriana,False,False,,,
667,703,Dasypus_yepesi,Yungas Lesser Long-Nosed Armadillo,Cingulata,Dasypodidae,DD,0.905474299229792,2.57736905864232,5.10938886639898,7.33735408569458,0.166822827201569,0.546615961689005,6.94109882038966,0.0,0,1000,MDD_synonym,Dasypus_mazzai,False,False,,,
671,721,Isothrix_barbarabrownae,Barbara Brown’s Brush-tailed Rat,Rodentia,Echimyidae,DD,0.901542173621387,2.60480974608867,5.03277121907053,1.41800435760642,0.168594882788728,0.550213688748985,5.121971480693,0.0,0,1000,direct,Isothrix_barbarabrownae,False,False,,,
621,735,Murina_chrysochaetes,Golden-haired Tube-nosed Bat,Chiroptera,Vespertilionidae,DD,0.94733090987045,2.52602799711115,4.98904135473321,2.36207898826506,0.194585498174555,0.647463120175169,2.64968115202266,0.0,0,1000,direct,Murina_chrysochaetes,False,False,,,
837,740,Pteropus_lombocensis,Lombok Flying Fox,Chiroptera,Pteropodidae,DD,0.732079105198497,1.75841725734012,4.96984318738112,3.86094780389049,0.17670128536528,0.584268211902269,3.38084873633595,0.0,0,1000,direct,Pteropus_lombocensis,False,False,,,
685,755,Murina_peninsularis,,Chiroptera,Vespertilionidae,NM,0.88986489273158,2.54156784208078,4.91632871400232,1.84021862419549,0.193196560688065,0.637992779058441,4.45622241985684,0.0,0,1000,no_RedList_match,,False,False,,,
664,762,Cryptonanus_guahybae,,Didelphimorphia,Didelphidae,DD,0.909562572748115,2.6798127122553,4.8751114243648,1.49891979828153,0.179352246942142,0.649255569411286,3.91840997715063,0.0,0,1000,direct,Cryptonanus_guahybae,False,False,,,
570,765,Archaeolemur_majori,,Primates,Archaeolemuridae,NM,1.02846089160519,2.24297009697506,4.86497050697357,7.73089834718113,0.178163851179345,0.553019783469838,2.14229754839661,0.0,0,1000,no_RedList_match,,False,False,,,
592,786,Archaeolemur_edwardsi,,Primates,Archaeolemuridae,NM,0.996535398720199,2.31752673515827,4.77580464715152,7.75689991874396,0.178163851179345,0.552752465224524,2.14229754839661,0.0,0,1000,no_RedList_match,,False,False,,,
718,788,Elephantulus_fuscus,Dusky Sengi,Macroscelidea,Macroscelididae,DD,0.860028391436558,2.25576171876543,4.76948225715164,6.14545858304876,0.164877353137778,0.546540530418588,5.91933667058998,0.0,0,1000,direct,Elephantulus_fuscus,False,False,,,
816,805,Proedromys_liangshanensis,Liangshan Vole,Rodentia,Cricetidae,DD,0.757794252474915,1.94253900106679,4.69544680107434,1.10802720556238,0.184513414993001,0.669105812775034,4.13068985006405,0.0,0,1000,direct,Proedromys_liangshanensis,False,False,,,
696,809,Dasypus_pilosus,Hairy Long-nosed Armadillo,Cingulata,Dasypodidae,DD,0.882824475623776,2.31029110864528,4.67010500281493,7.02223440218246,0.16799134920304,0.553599896303838,6.57980571361957,0.0,0,1000,direct,Dasypus_pilosus,False,False,,,
720,814,Nesolagus_netscheri,Sumatran Striped Rabbit,Lagomorpha,Leporidae,DD,0.858718747329181,2.07823564719484,4.65747936882523,5.52374942203884,0.169326825143835,0.577766316550282,1.84831730392988,0.0,0,1000,direct,Nesolagus_netscheri,False,False,,,
866,815,Eptesicus_dimissus,Surat Helmeted Bat,Chiroptera,Vespertilionidae,DD,0.71426482664631,1.92061464795905,4.65530309894746,3.96080759916893,0.175827105608337,0.614805960895651,3.96461581655989,0.0,0,1000,MDD_synonym,Cassistrellus_dimissus,False,False,,,
739,833,Tonatia_bidens,,Chiroptera,Phyllostomidae,DD,0.844237103109188,2.50865693805419,4.5916637962395,1.26985763081975,0.180547109845956,0.596164299726519,4.564303149406,0.0,0,1000,direct,Tonatia_bidens,False,False,,,
670,834,Elephantulus_fuscipes,Dusky-footed Sengi,Macroscelidea,Macroscelididae,DD,0.903196591093856,2.1437378137621,4.5910571718225,6.75494362541904,0.165146279109614,0.553460462349434,6.00171992104627,0.0,0,1000,direct,Elephantulus_fuscipes,False,False,,,
789,843,Eremoryzomys_polius,,Rodentia,Cricetidae,DD,0.790615223858635,2.0979749718582,4.55793426923498,1.61259877910125,0.184039333381812,0.664093783816975,3.39878309156339,0.0,0,1000,direct,Eremoryzomys_polius,False,False,,,
706,858,Congosorex_polli,Greater Congo Shrew,Eulipotyphla,Soricidae,DD,0.872367538685447,2.38475626377173,4.48435101181074,5.93404151973904,0.16521604822198,0.548195135418072,3.78466905825942,0.0,0,1000,direct,Congosorex_polli,False,False,,,
906,861,Oreoryzomys_balneator,,Rodentia,Cricetidae,DD,0.686245946920704,1.86026092988413,4.46721631944816,1.36207537675127,0.179281478799195,0.655690554441865,3.91595430053854,0.0,0,1000,direct,Oreoryzomys_balneator,False,False,,,
942,867,Petaurista_lena,,Rodentia,Sciuridae,NM,0.66318097150458,1.6628248620168,4.45427438900949,3.11244640965358,0.180639228092253,0.596899602455226,3.88111489522376,0.0,0,1000,no_RedList_match,,False,False,,,
738,871,Elephantulus_pilicaudus,Karoo Rock Sengi,Macroscelidea,Macroscelididae,DD,0.84429531803132,2.48033025382625,4.44857490669441,6.23961024620648,0.164877353137778,0.553786552316116,6.08363418560424,0.0,0,1000,direct,Elephantulus_pilicaudus,False,False,,,
807,877,Thylamys_venustus,Buff-bellied Fat-tailed Mouse Opossum,Didelphimorphia,Didelphidae,DD,0.766052374582582,2.19843640681403,4.43327013380583,1.42543416118448,0.180298561878804,0.662507722338452,4.19355204643415,0.0,0,1000,direct,Thylamys_venustus,False,False,,,
755,896,Thylamys_tatei,,Didelphimorphia,Didelphidae,DD,0.830244232245644,2.44579505065955,4.373694106303,1.28505810217445,0.183576810700091,0.665726353550596,4.3086022898557,0.0,0,1000,direct,Thylamys_tatei,False,False,,,
818,898,Myotis_montivagus,Burmese Whiskered Myotis,Chiroptera,Vespertilionidae,DD,0.755480437117735,1.8925721285736,4.36172394208216,1.78598968945246,0.187352290787223,0.581839507301985,3.9535343576901,0.0,0,1000,direct,Myotis_montivagus,False,False,,,
747,900,Biswamoyopterus_laoensis,,Rodentia,Sciuridae,DD,0.839365219352786,1.94946546842661,4.36097344609955,4.13221889045809,0.182301474906387,0.615631683990644,1.62449745251354,0.0,0,1000,direct,Biswamoyopterus_laoensis,False,False,,,
969,903,Ctenomys_tuconax,,Rodentia,Ctenomyidae,DD,0.648023100014912,1.46577349230824,4.349488268,3.36290808739412,0.169534794301079,0.558211056736256,3.28618039219225,0.0,0,1000,direct,Ctenomys_tuconax,False,False,,,
856,912,Volemys_musseri,Marie's Vole,Rodentia,Cricetidae,DD,0.719810546817536,2.17434394796838,4.3223461267609,0.987082507892535,0.184852399085686,0.669105812775034,3.8795127066041,0.0,0,1000,direct,Volemys_musseri,False,False,,,
1069,921,Rhinolophus_chaseni,,Chiroptera,Rhinolophidae,NM,0.587715403091099,1.38010612095398,4.2972549475,3.03876480803533,0.164581443907176,0.465305534392945,3.33701646314677,0.0,0,1000,no_RedList_match,,False,False,,,
721,926,Elephantulus_revoilii,,Macroscelidea,Macroscelididae,DD,0.85841435362245,1.98442162919646,4.28808779306942,5.8813061145252,0.165146279109614,0.54970832026753,5.59830228999178,0.0,0,1000,GBIF_iucn_link,Elephantulus_revoili,False,False,,,
924,962,Micronycteris_brosseti,,Chiroptera,Phyllostomidae,DD,0.672444451464115,2.00693518981735,4.19519041653771,1.29755708441452,0.172769960546025,0.562722853312109,4.04028536178678,0.0,0,1000,direct,Micronycteris_brosseti,False,False,,,
1056,965,Sorex_mirabilis,Ussuri Shrew,Eulipotyphla,Soricidae,DD,0.595134325559264,1.66843130313746,4.18183539672588,1.86979731525475,0.165892358292883,0.477962723253221,3.52516423951526,0.0,0,1000,direct,Sorex_mirabilis,False,False,,,
880,976,Amphinectomys_savamis,Ucayali Water Rat,Rodentia,Cricetidae,DD,0.708795746967382,2.10973923817358,4.1540499192125,1.00177278175164,0.181350140272025,0.676966118202827,3.16156256581593,0.0,0,1000,direct,Amphinectomys_savamis,False,False,,,
799,985,Arctodus_simus,,Carnivora,Ursidae,NM,0.772457047129558,2.20740351346577,4.123295626022,1.06138126578633,0.178347210591111,0.544626272757253,3.343590232824,0.0,0,1000,no_RedList_match,,False,False,,,
902,997,Galenomys_garleppi,,Rodentia,Cricetidae,DD,0.691304801797452,1.85095284965332,4.09067519282092,1.05075674182931,0.178162589748789,0.62594256738048,3.64836930648235,0.0,0,1000,direct,Galenomys_garleppi,False,False,,,
1077,1010,Pipistrellus_ariel,,Chiroptera,Vespertilionidae,DD,0.58384834305691,1.6899399306666,4.06933397333749,3.81927055241801,0.183112582707948,0.627442581356524,3.40210804592635,0.0,0,1000,GBIF_accepted,Hypsugo_ariel,False,False,,,
900,1027,Mastomys_pernanus,Dwarf Mastomys,Rodentia,Muridae,DD,0.692590379435244,2.01911699356542,4.01826052445223,1.26983977380685,0.184513414993001,0.587231481388947,3.74001378916246,0.0,0,1000,direct,Mastomys_pernanus,False,False,,,
869,1056,Toromys_rhipidurus,Peruvian Toro,Rodentia,Echimyidae,DD,0.713457586234678,1.99464140917078,3.9414980886867,1.33367414808551,0.174022630227271,0.558211056736256,3.809395959683,0.0,0,1000,direct,Toromys_rhipidurus,False,False,,,
943,1064,Galea_musteloides,Common Yellow-toothed Cavy,Rodentia,Caviidae,DD,0.662590850994331,1.78543267572794,3.9288770018142,5.66976181163265,0.174022630227271,0.573205214987601,3.91613112417781,0.0,0,1000,direct,Galea_musteloides,False,False,,,
867,1070,Camelus_dromedarius,,Artiodactyla,Camelidae,NM,0.713991448824735,1.83206067661475,3.92441068228356,1.34731645561944,0.168202196853499,0.485227482784611,2.3978560706581,0.0,0,1000,no_RedList_match,,True,True,exact,Camelus_dromedarius,GCA_036321535.1
713,1074,Syntheosciurus_brochus,Bangs's Mountain Squirrel,Rodentia,Sciuridae,DD,0.865029214825682,2.04183323886261,3.91474539897416,3.73033721514234,0.184336811190649,0.617608456856585,4.18351533950062,0.0,0,1000,direct,Syntheosciurus_brochus,False,False,,,
826,1101,Kerodon_acrobata,,Rodentia,Caviidae,DD,0.742097160036647,1.8509918121808,3.83625645017283,1.45259993297419,0.177154133476431,0.569966868317704,3.670426386737,0.0,0,1000,direct,Kerodon_acrobata,False,False,,,
1063,1111,Saxatilomys_paulinae,Paulina’s Limestone Rat,Rodentia,Muridae,DD,0.591093806138935,1.43765381905439,3.82814497461405,2.76345934514788,0.1847344135563,0.62717503597055,2.90117374600167,0.0,0,1000,direct,Saxatilomys_paulinae,False,False,,,
1070,1117,Lasiurus_egregius,,Chiroptera,Vespertilionidae,DD,0.587368799089053,1.5856934960045,3.81569167078337,3.62501340939657,0.174070030175688,0.586035517666658,3.34606192201824,0.0,0,1000,direct,Lasiurus_egregius,False,False,,,
920,1129,Orcinus_orca,Killer Whale,Artiodactyla,Delphinidae,DD,0.67485887419007,1.81786458188898,3.794709444,0.829214238999999,0.168560701239223,0.48246004413116,3.856045129873,0.0,0,1000,direct,Orcinus_orca,True,True,exact,Orcinus_orca,GCA_937001465.1
1075,1141,Tonkinomys_daovantieni,Daovantien’s Limestone Rat,Rodentia,Muridae,DD,0.584074484497,1.47257685706242,3.77128779034549,2.71269379830591,0.18573905888994,0.633926186286414,2.8806353282773,0.0,0,1000,direct,Tonkinomys_daovantieni,False,False,,,
923,1161,Mesoplodon_traversii,Spade-toothed Whale,Artiodactyla,Ziphiidae,DD,0.672473179408536,1.63701279404579,3.70571665916512,1.37751824321516,0.168202196853499,0.491612741256193,3.60377202774485,0.0,0,1000,direct,Mesoplodon_traversii,False,False,,,
1017,1163,Scutisorex_thori,Thor’s Hero Shrew,Eulipotyphla,Soricidae,DD,0.621968458389426,1.87451716724414,3.69996207773459,1.21296071991611,0.164564993611017,0.529452283707688,3.6648716263,0.0,0,1000,direct,Scutisorex_thori,False,False,,,
915,1175,Sigmodontomys_aphrastus,Harris's Rice Water Rat,Rodentia,Cricetidae,DD,0.678935500882389,2.24129879153181,3.67646517954576,0.721781986708294,0.181350140272025,0.653882029036185,3.713481682526,0.0,0,1000,MDD_synonym,Tanyuromys_aphrastus,False,False,,,
839,1212,Chrysochloris_visagiei,Visagie's Golden Mole,Afrosoricida,Chrysochloridae,DD,0.731094754363508,1.61481513630833,3.59494497662633,4.41621577942826,0.166822827201569,0.544695646294861,4.44409082420483,0.0,0,1000,direct,Chrysochloris_visagiei,False,False,,,
922,1213,Juliomys_ossitenuis,,Rodentia,Cricetidae,NM,0.673424163368199,2.1524305283995,3.59413291662367,0.922774817263397,0.17769796903592,0.650777928327293,3.628636007628,0.0,0,1000,no_RedList_match,,False,False,,,
951,1224,Hsunycteris_thomasi,,Chiroptera,Phyllostomidae,NM,0.657633717625329,1.99877391824782,3.57171501862135,1.27139035090319,0.168471820934825,0.583504940096398,3.139508066731,0.0,0,1000,no_RedList_match,,False,False,,,
1106,1233,Thyroptera_lavali,,Chiroptera,Thyropteridae,DD,0.560141635427262,1.52384750133272,3.5637163548368,1.8783080147052,0.175737774548199,0.584268211902269,3.02883349204918,0.0,0,1000,direct,Thyroptera_lavali,False,False,,,
945,1245,Lagidium_ahuacaense,Ecuadorean Viscacha,Rodentia,Chinchillidae,DD,0.662149078008059,1.82487657924518,3.5496760246384,1.23935153876688,0.181621884245912,0.571335912880517,3.620049957391,0.0,0,1000,direct,Lagidium_ahuacaense,False,False,,,
963,1246,Olallamys_edax,,Rodentia,Echimyidae,DD,0.65168806344368,1.33693754288486,3.54887626892102,3.92202753578608,0.170528381961299,0.552992579136426,2.09963697731962,0.0,0,1000,direct,Olallamys_edax,False,False,,,
1067,1257,Euryoryzomys_emmonsae,Emmons's Rice Rat,Rodentia,Cricetidae,DD,0.588569656126326,1.75560434556362,3.53535472999501,1.06684101154151,0.182049713057435,0.667846573019597,3.22606560807708,0.0,0,1000,direct,Euryoryzomys_emmonsae,False,False,,,
860,1262,Chaetocauda_sichuanensis,Sichuan Dormouse,Rodentia,Gliridae,DD,0.718277503274999,1.75298437356597,3.52789829485796,5.07228058688817,0.168804327640178,0.573125398422442,5.05547376063964,0.0,0,1000,direct,Chaetocauda_sichuanensis,False,False,,,
831,1265,Selevinia_betpakdalaensis,,Rodentia,Gliridae,DD,0.737765646640673,1.75955984408366,3.52420399384086,5.45566606520629,0.168804327640178,0.570345024810685,4.95990191686642,0.0,0,1000,direct,Selevinia_betpakdalaensis,False,False,,,
1119,1277,Thomomys_nayarensis,,Rodentia,Geomyidae,NM,0.552250395383313,1.57864689142375,3.51162917144631,1.11620777839848,0.179232617678806,0.574183882001512,3.28121968103721,0.0,0,1000,no_RedList_match,,False,False,,,
968,1280,Dactylomys_peruanus,,Rodentia,Echimyidae,DD,0.648696979775146,1.74303797143959,3.49778148780346,1.18545415947925,0.170747534575112,0.553049317282041,3.606150056739,0.0,0,1000,direct,Dactylomys_peruanus,False,False,,,
1023,1283,Olallamys_albicauda,,Rodentia,Echimyidae,DD,0.616446314727257,1.47556896545752,3.49639587896645,4.0082383035494,0.170528381961299,0.54981353280003,2.09963697731962,0.0,0,1000,direct,Olallamys_albicauda,False,False,,,
1140,1294,Crocidura_horsfieldii,Horsfield's Shrew,Eulipotyphla,Soricidae,DD,0.537692511016387,1.34423169523128,3.47077135516709,3.17510583296162,0.166762954451852,0.527474430819069,3.06808579588185,0.0,0,1000,direct,Crocidura_horsfieldii,False,False,,,
1064,1305,Mogera_kanoana,,Eulipotyphla,Talpidae,NM,0.590692012720155,1.50070629384875,3.45577837890025,1.54657226531172,0.165991491034188,0.547599327655144,3.08278379783262,0.0,0,1000,no_RedList_match,,False,False,,,
980,1325,Archboldomys_maximus,Large Cordillera Shrew Mouse,Rodentia,Muridae,DD,0.639946134950586,1.8511341884619,3.4103156298364,0.817587367810328,0.1847344135563,0.627085451736279,2.600008711108,0.0,0,1000,direct,Archboldomys_maximus,False,False,,,
952,1328,Cryptonanus_unduaviensis,,Didelphimorphia,Didelphidae,DD,0.657173791885776,1.93867655003906,3.40267168124123,1.17558477548632,0.179352246942142,0.649428390481607,2.9529817777064,0.0,0,1000,direct,Cryptonanus_unduaviensis,False,False,,,
975,1333,Wiedomys_cerradensis,,Rodentia,Cricetidae,DD,0.643340152132554,2.0260631462659,3.39529317784018,0.843619935304789,0.17769796903592,0.653295908229667,3.14240205168,0.0,0,1000,direct,Wiedomys_cerradensis,False,False,,,
991,1334,Hsunycteris_pattoni,,Chiroptera,Phyllostomidae,NM,0.634193563102203,1.87766713386737,3.39241694913504,1.34381134023282,0.168595465815175,0.583504940096398,2.852001588086,0.0,0,1000,no_RedList_match,,False,False,,,
956,1353,Hsunycteris_cadenai,,Chiroptera,Phyllostomidae,NM,0.654501508541153,1.86634453621367,3.33297582951531,1.35654040050735,0.168783660283255,0.583504940096398,2.852001588086,0.0,0,1000,no_RedList_match,,False,False,,,
986,1362,Psammomys_vexillaris,Lesser Sand Rat,Rodentia,Muridae,DD,0.637196902956313,1.84363744177409,3.30582276409595,0.806926637270477,0.190092299286517,0.609467045696802,3.17398142435,0.0,0,1000,direct,Psammomys_vexillaris,False,False,,,
1200,1366,Lonchophylla_chocoana,,Chiroptera,Phyllostomidae,DD,0.508397987394736,1.196609907367,3.29591503041016,2.77610639520409,0.168471820934825,0.583504940096398,2.66185559774547,0.0,0,1000,direct,Lonchophylla_chocoana,False,False,,,
1039,1384,Rousettus_linduensis,Linduan Rousette,Chiroptera,Pteropodidae,DD,0.605812883470081,1.49620751439973,3.27076832767707,5.21201538608399,0.170095144505866,0.501470753536405,3.71182996610486,0.0,0,1000,direct,Rousettus_linduensis,False,False,,,
1176,1393,Crocidura_tarfayensis,Tarfaya Shrew,Eulipotyphla,Soricidae,DD,0.519619190390955,1.16865858920915,3.26033915145271,2.60267332791826,0.16799134920304,0.534845934386591,2.54904973011176,0.0,0,1000,direct,Crocidura_tarfayensis,False,False,,,
1090,1399,Myotis_punicus,Maghrebian Mouse-eared Bat,Chiroptera,Vespertilionidae,DD,0.574894807675649,1.4056258052142,3.25606009278986,1.32053698660821,0.187352290787223,0.568636904367388,2.97984245242344,0.0,0,1000,direct,Myotis_punicus,False,False,,,
1165,1405,Mus_crociduroides,Sumatran Shrewlike Mouse,Rodentia,Muridae,DD,0.525314246826402,1.34357711220227,3.24581567761698,1.29131135426896,0.182804400337094,0.554585651854004,2.73307041623785,0.0,0,1000,direct,Mus_crociduroides,False,False,,,
1093,1406,Megaloceros_giganteus,,Cetartiodactyla,Cervidae,NM,0.573734194639752,1.54367848901796,3.2443374715816,0.925804198518641,0.171722280025171,0.482878581378569,3.301877607095,0.0,0,1000,no_RedList_match,,False,False,,,
1043,1409,Murina_walstoni,Walston’s tube-nosed bat,Chiroptera,Vespertilionidae,DD,0.604674889595339,1.55850468601726,3.24025036551219,1.37626676837135,0.193196560688065,0.623532915542871,3.03735613081207,0.0,0,1000,direct,Murina_walstoni,False,False,,,
1134,1424,Tadarida_insignis,East Asian Free-tailed Bat,Chiroptera,Molossidae,DD,0.540437046238298,1.29950452280556,3.2120562737705,2.45830233395008,0.178541398339759,0.628245122567212,2.85931455901013,0.0,0,1000,direct,Tadarida_insignis,False,False,,,
1101,1427,Mesoplodon_hectori,Hector's Beaked Whale,Artiodactyla,Ziphiidae,DD,0.564864535630418,1.42078101363348,3.20982425561873,0.923132537301348,0.168202196853499,0.485863532634008,3.14493655577255,0.0,0,1000,direct,Mesoplodon_hectori,False,False,,,
1128,1429,Casinycteris_ophiodon,,Chiroptera,Pteropodidae,NM,0.545535176941071,1.55587115894365,3.20659558095137,0.93155637108252,0.165168265399699,0.476952325037436,3.225618656111,0.0,0,1000,no_RedList_match,,False,False,,,
1156,1433,Micronycteris_yatesi,,Chiroptera,Phyllostomidae,DD,0.53270574932597,1.46670179844495,3.20333986445879,1.09125759005923,0.172383613722401,0.566334547612524,3.12058527706172,0.0,0,1000,direct,Micronycteris_yatesi,False,False,,,
881,1452,Calomyscus_tsolovi,Tsolov's Mouse-like Hamster,Rodentia,Calomyscidae,DD,0.708675518792286,2.04118469658079,3.15542115465545,6.09365698745857,0.180822331883572,0.630122570153013,5.62642552212173,0.0,0,1000,direct,Calomyscus_tsolovi,False,False,,,
959,1464,Scleronycteris_ega,Ega Long-tongued Bat,Chiroptera,Phyllostomidae,DD,0.652821488757622,1.70744511913678,3.12948067494813,5.52700570022564,0.172383613722401,0.567959964668907,4.36705779522882,0.0,0,1000,direct,Scleronycteris_ega,False,False,,,
995,1466,Dryadonycteris_capixaba,,Chiroptera,Phyllostomidae,DD,0.631422247469519,1.53650535618202,3.1265704259949,5.26921672119967,0.172383613722401,0.567959964668907,4.05080797794005,0.0,0,1000,direct,Dryadonycteris_capixaba,False,False,,,
940,1470,Calomyscus_grandis,Noble Calomyscus,Rodentia,Calomyscidae,DD,0.664025369721284,1.79715940139549,3.12111525137815,6.00871563945941,0.181350140272025,0.634967696760073,5.39663321976847,0.0,0,1000,direct,Calomyscus_grandis,False,False,,,
971,1490,Salpingotulus_michaelis,,Rodentia,Dipodidae,DD,0.646982730180181,1.6720280774946,3.0922902616331,4.59855783749214,0.181203860843429,0.550254803616756,4.30819757966635,0.0,0,1000,direct,Salpingotulus_michaelis,False,False,,,
1195,1506,Chodsigoa_sodalis,Lesser Taiwanese Shrew,Eulipotyphla,Soricidae,DD,0.511405526963662,1.20647063717417,3.07449980658224,3.67939809655368,0.167096574834081,0.500360168797345,2.99403577060256,0.0,0,1000,direct,Chodsigoa_sodalis,False,False,,,
1295,1509,Oecomys_cleberi,,Rodentia,Cricetidae,DD,0.469416140291062,1.35761975632231,3.06780180689206,0.936409108951519,0.17979707063857,0.668564034728031,2.69836650502903,0.0,0,1000,direct,Oecomys_cleberi,False,False,,,
1148,1522,Saguinus_imperator,,Primates,Callitrichidae,NM,0.536015838367123,1.51398229216703,3.04514175491455,0.901696399234007,0.172141007761791,0.565874847506158,2.91964897244808,0.0,0,1000,no_RedList_match,,False,False,,,
1150,1540,Sundasciurus_rabori,Palawan Montane Squirrel,Rodentia,Sciuridae,DD,0.535003431298357,1.52457634736771,3.01382881431517,1.03375390138178,0.182301474906387,0.578083401065518,2.99608082089645,0.0,0,1000,direct,Sundasciurus_rabori,False,False,,,
1321,1561,Mus_callewaerti,Callewaert's Mouse,Rodentia,Muridae,DD,0.459246349509783,1.13768037530231,2.97836226616365,1.54264468143384,0.184513414993001,0.58222539455927,2.56550753903927,0.0,0,1000,direct,Mus_callewaerti,False,False,,,
1368,1574,Crocidura_abscondita,Javan Hidden Shrew,Eulipotyphla,Soricidae,DD,0.440058673127888,1.03100118931453,2.96766905162541,2.05650850753119,0.165605638882113,0.501452097770048,2.46033819126249,0.0,0,1000,GBIF_accepted,Crocidura_absconditus,False,False,,,
1204,1596,Thomomys_atrovarius,,Rodentia,Geomyidae,NM,0.506615227782318,1.36619062626922,2.93412420015223,1.06318087930059,0.177380171543981,0.57083472118099,2.56059168041919,0.0,0,1000,no_RedList_match,,False,False,,,
1254,1608,Thomomys_sheldoni,,Rodentia,Geomyidae,NM,0.485217386345957,1.29575248689918,2.90798405971159,1.13950959599491,0.177380171543981,0.57083472118099,2.50328678398372,0.0,0,1000,no_RedList_match,,False,False,,,
1104,1610,Glyphotes_simus,Sculptor Squirrel,Rodentia,Sciuridae,DD,0.562506939429266,1.36471797126932,2.90386414841475,4.10172458449629,0.179961640348652,0.572106070954525,3.6788908016518,0.0,0,1000,direct,Glyphotes_simus,False,False,,,
1228,1639,Praomys_verschureni,,Rodentia,Muridae,DD,0.496179381021732,1.38772291019117,2.86371075384472,0.771604934541221,0.17731467635847,0.546858541133124,2.6241366391957,0.0,0,1000,direct,Praomys_verschureni,False,False,,,
1080,1641,Neonycteris_pusilla,Least Big-eared Bat,Chiroptera,Phyllostomidae,DD,0.58054962646717,1.54516630155529,2.85918309035385,4.90194288257319,0.172383613722401,0.567574661323753,3.88994481857716,0.0,0,1000,direct,Neonycteris_pusilla,False,False,,,
982,1645,Cheirogaleus_minusculus,,Primates,Cheirogaleidae,NM,0.638563232327379,1.49623701778937,2.84990790278529,4.36368579931421,0.176671916695783,0.553276999682585,1.81327781610695,0.0,0,1000,no_RedList_match,,False,False,,,
1298,1679,Vampyressa_pusilla,,Chiroptera,Phyllostomidae,DD,0.468666971488312,1.36196167845064,2.80469029618931,0.967239153226686,0.17465091641944,0.582496426462962,2.63114568403751,0.0,0,1000,direct,Vampyressa_pusilla,False,False,,,
1341,1687,Neodon_leucurus,,Rodentia,Cricetidae,NM,0.452411953739371,1.41640190562329,2.79612440921742,0.744090394984077,0.185044092885353,0.635907244149826,2.61866590602687,0.0,0,1000,no_RedList_match,,False,False,,,
1141,1696,Monodelphis_sanctaerosae,,Didelphimorphia,Didelphidae,NM,0.537624656404381,1.29876001897327,2.78136347839578,1.01179292003957,0.192165878292334,0.680508403494283,2.59895642688864,0.0,0,1000,no_RedList_match,,False,False,,,
1367,1762,Mus_neavei,Neave's Mouse,Rodentia,Muridae,DD,0.440067941479827,1.1641724847644,2.70071161739507,0.983467038621896,0.184513414993001,0.58202024014823,2.38486429596932,0.0,0,1000,direct,Mus_neavei,False,False,,,
1349,1791,Euneomys_chinchilloides,Patagonian Chincilla Mouse,Rodentia,Cricetidae,DD,0.448344592562022,1.10116460457583,2.65733026281459,3.26660816384741,0.184039333381812,0.667703408130267,2.41238521087228,0.0,0,1000,direct,Euneomys_chinchilloides,False,False,,,
1456,1793,Crocidura_ninoyi,Sibuyan Shrew,Eulipotyphla,Soricidae,DD,0.413123007512085,0.975976599484929,2.65666514473351,1.54656654763462,0.165757839263197,0.501549187196714,2.22800534574928,0.0,0,1000,direct,Crocidura_ninoyi,False,False,,,
1285,1800,Equus_caballus,,Perissodactyla,Equidae,NM,0.471750037429208,1.18386759665148,2.64892524440306,1.48702956115249,0.169079260384171,0.49919799360868,0.73833005910379,0.0,0,1000,no_RedList_match,,True,True,exact,Equus_caballus,GCA_036426135.1
1262,1829,Chrotomys_sibuyanensis,Sibuyan Striped Shrew-rat,Rodentia,Muridae,DD,0.4821873880894,1.53954341554313,2.61809749440637,0.606260660434349,0.184513414993001,0.623774023064651,2.634581527806,0.0,0,1000,direct,Chrotomys_sibuyanensis,False,False,,,
1338,1839,Plecotus_christii,,Chiroptera,Vespertilionidae,DD,0.453415523106569,1.15604564989332,2.60334114510023,1.46783641005678,0.177750996161262,0.628374097235829,2.13330145953062,0.0,0,1000,direct,Plecotus_christii,False,False,,,
1153,1840,Dendromus_ruppi,Rupp's African Climbing Mouse,Rodentia,Nesomyidae,DD,0.533838040217349,1.41850794170928,2.60155055331459,4.00141268729974,0.180822331883572,0.653121884525024,3.32812558783604,0.0,0,1000,direct,Dendromus_ruppi,False,False,,,
1229,1842,Calcochloris_tytonis,Somali Golden Mole,Afrosoricida,Chrysochloridae,DD,0.494578492044896,1.24770122103416,2.59998009939393,2.78544258484128,0.16799134920304,0.553612690973234,2.87886766193074,0.0,0,1000,direct,Calcochloris_tytonis,False,False,,,
1325,1847,Plecotus_balensis,,Chiroptera,Vespertilionidae,DD,0.457568278439274,1.29733441998105,2.59764342645076,1.54112788961828,0.176938095184123,0.623569590516639,2.16510890679339,0.0,0,1000,direct,Plecotus_balensis,False,False,,,
1171,1851,Coleura_kibomalandy,Madagascar Sheath-tailed Bat,Chiroptera,Emballonuridae,DD,0.522281359485116,1.38067431618011,2.59672503094523,0.866828811863149,0.182814367944735,0.613161169580903,1.1132563043849,0.0,0,1000,direct,Coleura_kibomalandy,False,False,,,
1160,1853,Marmosops_fuscatus,Gray-bellied Slender Mouse Opossum,Didelphimorphia,Didelphidae,DD,0.531559224102998,1.40847490709316,2.59471869645659,3.76556507017601,0.190074876861224,0.68271516977078,3.32539048643451,0.0,0,1000,direct,Marmosops_fuscatus,False,False,,,
1135,1869,Dendromus_vernayi,Vernay's Climbing Mouse,Rodentia,Nesomyidae,DD,0.538827518993981,1.45255362819169,2.58007283281419,4.00559496518466,0.180822331883572,0.653121884525024,3.30560520267564,0.0,0,1000,direct,Dendromus_vernayi,False,False,,,
1464,1874,Chodsigoa_caovansunga,Van Sung's Shrew,Eulipotyphla,Soricidae,DD,0.409160891422651,0.987359361925628,2.57310772542427,2.46364403035898,0.166762954451852,0.500360168797345,2.41771476138133,0.0,0,1000,direct,Chodsigoa_caovansunga,False,False,,,
1376,1885,Equus_ovodovi,,Perissodactyla,Equidae,NM,0.438349327984275,1.05610060294067,2.55186828359144,0.727589339790223,0.169737589821379,0.50267674922067,2.35360649170577,0.0,0,1000,no_RedList_match,,False,False,,,
1173,1929,Marmosops_creightoni,Creighton's Slender Opossum,Didelphimorphia,Didelphidae,DD,0.52151820416648,1.38495029426106,2.51428867906855,3.85813566261681,0.190074876861224,0.675005256054472,3.17489828733656,0.0,0,1000,direct,Marmosops_creightoni,False,False,,,
1235,1944,Dologale_dybowskii,Pousargues's Mongoose,Carnivora,Herpestidae,DD,0.492165866416168,1.13576659590425,2.50262282910768,2.36805068105519,0.175709862409522,0.541499047587789,2.77127157842293,0.0,0,1000,direct,Dologale_dybowskii,False,False,,,
1422,1971,Hylopetes_lepidus,Arrow Flying Squirrel,Rodentia,Sciuridae,DD,0.423536642892433,1.08583369325746,2.47139895890607,1.31271599107993,0.183744619005032,0.619343253190042,2.08068068918082,0.0,0,1000,MDD_synonym,Hylopetes_sagitta,False,False,,,
1465,1977,Melogale_cucphuongensis,,Carnivora,Mustelidae,DD,0.408631930702814,1.07247263438993,2.46051892857303,1.81287755822308,0.178347210591111,0.536235881425142,2.20993058026601,0.0,0,1000,direct,Melogale_cucphuongensis,False,False,,,
1331,1990,Eligmodontia_dunaris,,Rodentia,Cricetidae,NM,0.454954605094459,1.44800326800187,2.44490540391939,0.559476370220351,0.177314754181087,0.644534117956335,2.476417867819,0.0,0,1000,no_RedList_match,,False,False,,,
1308,2008,Soricomys_leonardcoi,,Rodentia,Muridae,NM,0.464237051607053,1.40744514861557,2.42683409222703,0.535596178183619,0.1847344135563,0.623583843915812,2.47803903362,0.0,0,1000,no_RedList_match,,False,False,,,
1445,2031,Trinomys_mirapitanga,,Rodentia,Echimyidae,DD,0.418138452512317,1.21087083725135,2.40219949586082,3.98734847836521,0.170528381961299,0.555921975557751,2.71088027650319,0.0,0,1000,direct,Trinomys_mirapitanga,False,False,,,
1447,2034,Myotis_schaubi,Schaub's Myotis,Chiroptera,Vespertilionidae,DD,0.417542650704577,1.16010839131473,2.39810990287135,1.16250534664274,0.190099351652933,0.581739634722216,2.2503270659711,0.0,0,1000,direct,Myotis_schaubi,False,False,,,
1474,2045,Trinomys_paratus,,Rodentia,Echimyidae,DD,0.404718764429735,1.12486942591069,2.38198631813934,0.873721084048338,0.168804327640178,0.546816614525524,1.6394143951604,0.0,0,1000,direct,Trinomys_paratus,False,False,,,
1369,2054,Murina_jaintiana,Jaintia Tube-nosed Bat,Chiroptera,Vespertilionidae,DD,0.439975963888863,1.1599528335954,2.37315510910666,1.07905436007976,0.192788309468692,0.623943017985866,2.26521115719574,0.0,0,1000,direct,Murina_jaintiana,False,False,,,
1352,2060,Murina_aurata,,Chiroptera,Vespertilionidae,DD,0.446111965728201,1.20532494653453,2.36729579528997,0.962984092922542,0.192788309468692,0.637398846644018,2.25636576223332,0.0,0,1000,direct,Murina_aurata,False,False,,,
1377,2074,Mimon_koepckeae,,Chiroptera,Phyllostomidae,DD,0.43821417116372,1.20541074284869,2.355820913353,3.52288366028775,0.171009862162587,0.566719850957678,2.96078903712747,0.0,0,1000,MDD_synonym,Gardnerycteris_koepckeae,False,False,,,
1363,2078,Monodelphis_handleyi,Handley's Short-tailed Opossum,Didelphimorphia,Didelphidae,DD,0.441622990897581,1.32001290153359,2.35513469001545,0.876696040237887,0.190557514208792,0.674650041478908,2.26895728007049,0.0,0,1000,direct,Monodelphis_handleyi,False,False,,,
1415,2079,Halmaheramys_bokimekot,Spiny Boki Mekot Rat,Rodentia,Muridae,DD,0.425864947883619,0.949326674468614,2.35436041837858,3.16426626547635,0.186792079296111,0.637772154400839,2.09434081476169,0.0,0,1000,direct,Halmaheramys_bokimekot,False,False,,,
1389,2092,Uropsilus_aequodonenia,,Eulipotyphla,Talpidae,NM,0.434499650864105,1.18269212501963,2.33686536243288,0.844546580267668,0.166576368583006,0.547024460863499,2.2241472539373,0.0,0,1000,no_RedList_match,,False,False,,,
1243,2097,Marmosops_cracens,Slim-faced Slender Mouse Opossum,Didelphimorphia,Didelphidae,DD,0.488727328352406,1.39852784897995,2.33525773032227,3.61822539287916,0.190074876861224,0.678718781340556,3.05959700417794,0.0,0,1000,direct,Marmosops_cracens,False,False,,,
1234,2113,Microdillus_peeli,Somali Pygmy Gerbil,Rodentia,Muridae,DD,0.493062717437798,1.27837749431807,2.32449555791652,4.69822014819542,0.18573905888994,0.579600038183301,3.1290193888265,0.0,0,1000,direct,Microdillus_peeli,False,False,,,
1360,2117,Monodelphis_arlindoi,,Didelphimorphia,Didelphidae,NM,0.442126838220402,1.21082388686238,2.31895718020892,0.944519284843703,0.192957351509259,0.682449629538784,2.29462166576523,0.0,0,1000,no_RedList_match,,False,False,,,
1395,2121,Sylvisorex_pluvialis,Rain Forest Shrew,Eulipotyphla,Soricidae,DD,0.43253659935175,1.07717370444896,2.3086712034331,3.16665171248778,0.165991491034188,0.507053676709518,2.41023431216402,0.0,0,1000,direct,Sylvisorex_pluvialis,False,False,,,
1622,2127,Sorex_neomexicanus,,Eulipotyphla,Soricidae,DD,0.360813398220877,0.978631109632222,2.3026771539016,0.936555044205721,0.166762954451852,0.500294609037664,2.13625387145549,0.0,0,1000,direct,Sorex_neomexicanus,False,False,,,
1417,2132,Mesoplodon_carlhubbsi,Hubbs' Beaked Whale,Artiodactyla,Ziphiidae,DD,0.425571872729897,0.959697100185354,2.29722084597783,0.996679287699283,0.168202196853499,0.486088890254499,2.22697881575203,0.0,0,1000,direct,Mesoplodon_carlhubbsi,False,False,,,
1274,2152,Proechimys_hoplomyoides,,Rodentia,Echimyidae,DD,0.477343867624659,1.12034850128059,2.27333894258119,4.70814514118167,0.174022630227271,0.569966868317704,2.8957535694887,0.0,0,1000,direct,Proechimys_hoplomyoides,False,False,,,
1330,2171,Heliosciurus_undulatus,Zanj Sun Squirrel,Rodentia,Sciuridae,DD,0.456154816657848,1.08697284785016,2.25821739901372,4.21751169892937,0.183744619005032,0.574989477278725,3.04892648652883,0.0,0,1000,direct,Heliosciurus_undulatus,False,False,,,
1420,2174,Hydrochoerus_isthmius,Lesser Capybara,Rodentia,Caviidae,DD,0.423899712596102,1.14186965486753,2.25779515396997,2.89519694439048,0.177154133476431,0.571736068829472,2.60228229446554,0.0,0,1000,direct,Hydrochoerus_isthmius,False,False,,,
1570,2192,Akodon_philipmyersi,,Rodentia,Cricetidae,DD,0.377587152016635,1.1383066394269,2.23726654166122,0.560177408935814,0.182049713057435,0.638285135227893,1.99184431793558,0.0,0,1000,direct,Akodon_philipmyersi,False,False,,,
1609,2199,Oecomys_paricola,,Rodentia,Cricetidae,DD,0.363989332938922,1.06663591853741,2.22989120013794,0.996897534983248,0.182049713057435,0.667846573019597,2.0096878315699,0.0,0,1000,direct,Oecomys_paricola,False,False,,,
1455,2222,Sylvisorex_corbeti,Corbet's Forest Shrew,Eulipotyphla,Soricidae,DD,0.414390698358893,0.985838315934236,2.20937827877716,3.28390485298981,0.164882393362033,0.544693518029082,2.47105427499921,0.0,0,1000,direct,Sylvisorex_corbeti,False,False,,,
1541,2227,Hylomyscus_pamfi,,Rodentia,Muridae,DD,0.385591077070015,1.10353049959654,2.20783339386917,0.518632970245281,0.1847344135563,0.591880640023148,2.1294073210506,0.0,0,1000,direct,Hylomyscus_pamfi,False,False,,,
1595,2231,Akodon_lindberghi,Lindbergh's Grass Mouse,Rodentia,Cricetidae,DD,0.368448234476665,1.12566154817307,2.20590048780327,0.597273889219157,0.182049713057435,0.638285135227893,1.96479231232779,0.0,0,1000,direct,Akodon_lindberghi,False,False,,,
1137,2239,Leimacomys_buettneri,Groove-toothed Forest Mouse,Rodentia,Muridae,DD,0.538248460363734,1.27703153300792,2.19353359828045,3.72157337835276,0.191657551337719,0.609783209463393,3.11709516038603,0.0,0,1000,direct,Leimacomys_buettneri,False,False,,,
1586,2242,Oligoryzomys_moojeni,,Rodentia,Cricetidae,DD,0.372215671931296,1.14123367846456,2.19156185589114,0.549396676107661,0.17979707063857,0.666424727466656,2.03174336836222,0.0,0,1000,direct,Oligoryzomys_moojeni,False,False,,,
1396,2256,Echymipera_echinista,Menzies' Echymipera,Peramelemorphia,Peramelidae,DD,0.432490667079755,1.10296182508473,2.17367047815021,2.78798890834024,0.17236485768129,0.624832792428443,2.38899102291671,0.0,0,1000,direct,Echymipera_echinista,False,False,,,
1421,2260,Cuscomys_oblativa,Machu Picchu Arboreal Chinchilla Rat,Rodentia,Abrocomidae,DD,0.4236783828859,0.93148733848326,2.17222740534866,2.70039349342966,0.167936692693223,0.556202214161894,1.47284602997514,0.0,0,1000,direct,Cuscomys_oblativa,False,False,,,
1393,2271,Abrocoma_famatina,Famatina Chinchilla Rat,Rodentia,Abrocomidae,DD,0.433528236943122,1.00546084426959,2.16499367132704,3.79947252374459,0.168377190302714,0.55826779488187,2.34697285197282,0.0,0,1000,direct,Abrocoma_famatina,False,False,,,
1537,2276,Otomops_wroughtoni,Wroughton's Free-tailed Bat,Chiroptera,Molossidae,DD,0.386035507575537,0.943404642742257,2.16356522073597,2.44537826826976,0.180547109845956,0.635704842635232,1.83860841495996,0.0,0,1000,direct,Otomops_wroughtoni,False,False,,,
1592,2281,Micronycteris_giovanniae,,Chiroptera,Phyllostomidae,DD,0.369348036060558,1.04791073549934,2.15853422969463,0.695015416925768,0.172769960546025,0.563108156657264,2.14865853400653,0.0,0,1000,direct,Micronycteris_giovanniae,False,False,,,
1457,2284,Abrocoma_vaccarum,Mendozan Chinchilla Rat,Rodentia,Abrocomidae,DD,0.412610324838343,1.1189689938807,2.15736313016562,3.65913610359507,0.168377190302714,0.557987556277727,2.30875026640507,0.0,0,1000,direct,Abrocoma_vaccarum,False,False,,,
1411,2287,Sylvisorex_silvanorum,Bamenda Forest Shrew,Eulipotyphla,Soricidae,DD,0.426912846173416,1.08432207087495,2.15441396778377,3.14795151223469,0.164564993611017,0.535343879898972,2.45917123228944,0.0,0,1000,direct,Sylvisorex_silvanorum,False,False,,,
1518,2318,Cuscomys_ashaninka,Ashaninika Arboreal Chinchilla Rat,Rodentia,Abrocomidae,DD,0.391759204201965,0.957016634840238,2.13598110704101,2.72390547353253,0.167936692693223,0.55826779488187,1.47284602997514,0.0,0,1000,direct,Cuscomys_ashaninka,False,False,,,
1418,2328,Anonymomys_mindorensis,Mindoro Forest Anonymomys,Rodentia,Muridae,DD,0.424382895285525,1.17434830062907,2.12792806266698,2.88148203720806,0.184355599107235,0.623200341525139,2.56946102742691,0.0,0,1000,direct,Anonymomys_mindorensis,False,False,,,
1561,2329,Chimarrogale_sumatrana,Sumatran Water Shrew,Eulipotyphla,Soricidae,DD,0.380026468697045,1.01484420932472,2.12654603958196,3.03571208960269,0.166762954451852,0.495784660632214,1.94675971169938,0.0,0,1000,direct,Chimarrogale_sumatrana,False,False,,,
1334,2337,Glyphonycteris_behnii,Behn's Big-eared Bat,Chiroptera,Phyllostomidae,DD,0.45424047294701,1.03854805710987,2.1214613456086,3.08756625189626,0.180547109845956,0.596204031019047,2.60865103640126,0.0,0,1000,direct,Glyphonycteris_behnii,False,False,,,
1494,2380,Blanfordimys_juldaschi,,Rodentia,Cricetidae,NM,0.399532943226819,1.18720142252307,2.08713759591814,0.645008945783319,0.185785744229175,0.638838672438808,2.0581750705069,0.0,0,1000,no_RedList_match,,False,False,,,
1606,2381,Artibeus_inopinatus,Honduran Fruit-eating Bat,Chiroptera,Phyllostomidae,DD,0.364419806876926,1.03438251473529,2.08688829707132,0.686898535878129,0.168783660283255,0.566390757403383,2.0622127008817,0.0,0,1000,direct,Artibeus_inopinatus,False,False,,,
1452,2385,Nycteris_madagascariensis,Madagascar Slit-faced Bat,Chiroptera,Nycteridae,DD,0.416231010396952,1.04848342856163,2.0818521776209,3.33547926665374,0.182279456381909,0.605276209783691,3.03870335671399,0.0,0,1000,direct,Nycteris_madagascariensis,False,False,,,
1610,2399,Suncus_hosei,Bornean Pygmy Shrew,Eulipotyphla,Soricidae,DD,0.363788976875706,1.09494347844482,2.07047220544144,2.88493051786081,0.16467278405325,0.539834014511265,2.16336558635377,0.0,0,1000,direct,Suncus_hosei,False,False,,,
1470,2403,Suncus_ater,Black Shrew,Eulipotyphla,Soricidae,DD,0.406162133559052,0.913954366417112,2.06502619235263,3.05148949163956,0.166341651089203,0.501452097770048,2.30807317500125,0.0,0,1000,direct,Suncus_ater,False,False,,,
1585,2407,Rhinopoma_macinnesi,Macinnes's Mouse-tailed Bat,Chiroptera,Rhinopomatidae,DD,0.372253086437413,1.00765476186484,2.06355094187801,2.78970965351114,0.166107999318212,0.465948512464486,2.97038339939317,0.0,0,1000,direct,Rhinopoma_macinnesi,True,True,synonym_of_tip,Rhinopoma_cystops,GCA_055761895.1
1484,2416,Paraleptomys_wilhelmina,Short-haired Hydromyine,Rodentia,Muridae,DD,0.401928427829018,1.00687787756112,2.05669682034166,2.16653616965563,0.184513414993001,0.614772278000057,1.03803571802678,0.0,0,1000,direct,Paraleptomys_wilhelmina,False,False,,,
1320,2427,Steatomys_jacksoni,Jackson's Fat Mouse,Rodentia,Nesomyidae,DD,0.459336314652412,1.16146230677991,2.04632451810029,3.77991805397926,0.182049713057435,0.656835544509204,3.30165442099913,0.0,0,1000,direct,Steatomys_jacksoni,False,False,,,
1574,2436,Myoictis_leucura,Woolley’s Three-striped Dasyure,Dasyuromorphia,Dasyuridae,DD,0.376360276200521,1.07201980300127,2.03922258115672,0.8119055479523,0.171161541835892,0.585472916638402,2.0321648042527,0.0,0,1000,direct,Myoictis_leucura,False,False,,,
1545,2459,Myomimus_personatus,,Rodentia,Gliridae,DD,0.384823592436124,0.864722718261638,2.01827994399131,2.53351823778753,0.168804327640178,0.570345024810685,1.8261766586434,0.0,0,1000,direct,Myomimus_personatus,False,False,,,
1416,2465,Nycteris_parisii,Parisi's Slit-faced Bat,Chiroptera,Nycteridae,DD,0.425614558318718,1.14896615521744,2.01323787540705,3.54111760718394,0.181703501084761,0.59866247315233,3.26326499168647,0.0,0,1000,direct,Nycteris_parisii,False,False,,,
1481,2471,Abrocoma_uspallata,Uspallata Chinchilla Rat,Rodentia,Abrocomidae,DD,0.402305341633618,1.04713105634318,2.00721542046875,3.28948933020356,0.168391638613638,0.558211056736256,2.08657065567984,0.0,0,1000,direct,Abrocoma_uspallata,False,False,,,
1387,2477,Galea_monasteriensis,Common Yellow-toothed Cavy,Rodentia,Caviidae,DD,0.435315576597249,0.943877300006648,2.0042233920477,3.16859309112145,0.174022630227271,0.575985588599358,2.51067504907302,0.0,0,1000,MDD_synonym,Galea_musteloides,False,False,,,
1487,2487,Abrocoma_budini,Budin’s Chinchilla Rat,Rodentia,Abrocomidae,DD,0.401721953722875,1.06019288907962,1.99532096686798,3.37855915729213,0.168377190302714,0.556202214161894,2.29500518040333,0.0,0,1000,direct,Abrocoma_budini,False,False,,,
1590,2490,Thyroptera_wynneae,,Chiroptera,Thyropteridae,DD,0.369736486481101,1.06371715428499,1.990774989908,2.77866562860712,0.176894896240848,0.584268211902269,2.73784345619869,0.0,0,1000,direct,Thyroptera_wynneae,False,False,,,
1593,2504,Sylvisorex_oriundus,Lesser Forest Shrew,Eulipotyphla,Soricidae,DD,0.36920004234956,1.02994251296451,1.97747535000355,2.88812732921284,0.165605638882113,0.507053676709518,2.17692933282738,0.0,0,1000,direct,Sylvisorex_oriundus,False,False,,,
1453,2506,Thyroptera_devivoi,,Chiroptera,Thyropteridae,DD,0.415474007679814,1.11424095935938,1.97586471731413,2.8922309652792,0.176938095184123,0.584079676653373,2.99118926248958,0.0,0,1000,direct,Thyroptera_devivoi,False,False,,,
1476,2507,Nycteris_vinsoni,,Chiroptera,Nycteridae,DD,0.40453588734675,1.20950078331708,1.97522701284496,3.58097429757235,0.180547109845956,0.595723110060813,3.03451664168756,0.0,0,1000,direct,Nycteris_vinsoni,False,False,,,
1624,2508,Eumops_wilsoni,,Chiroptera,Molossidae,DD,0.360130569344031,1.1241942866669,1.97467253157538,0.857797856742724,0.178541398339759,0.638133558950068,1.95403786866065,0.0,0,1000,direct,Eumops_wilsoni,False,False,,,
1638,2521,Otaria_bryonia,,Carnivora,Otariidae,NM,0.35721715253891,1.01442396704888,1.97040980513543,0.542090804645349,0.176835213194532,0.531557360315854,1.9910257920727,0.0,0,1000,no_RedList_match,,False,False,,,
1758,2528,Hylaeamys_acritus,,Rodentia,Cricetidae,DD,0.323954361473032,0.85289141885305,1.96563413609695,0.806999146725173,0.178836655102767,0.660012747824462,1.66143511532685,0.0,0,1000,direct,Hylaeamys_acritus,False,False,,,
1514,2536,Myosorex_schalleri,Schaller's Mouse Shrew,Eulipotyphla,Soricidae,DD,0.392740031434255,0.902356905804696,1.95517103241628,2.67418783287473,0.16521604822198,0.547909396757174,2.04932640651256,0.0,0,1000,direct,Myosorex_schalleri,False,False,,,
1403,2551,Ammodillus_imbellis,Ammodile,Rodentia,Muridae,DD,0.428462570227926,1.00640766055913,1.94469580370006,3.60589326397848,0.18573905888994,0.566496906260122,2.68887445714673,0.0,0,1000,direct,Ammodillus_imbellis,False,False,,,
1685,2554,Aconaemys_porteri,Porter’s Rock Rat,Rodentia,Octodontidae,DD,0.342872573191111,0.921593908459145,1.94419150849096,0.866457335189257,0.168391638613638,0.569343211910221,2.0091701534294,0.0,0,1000,direct,Aconaemys_porteri,False,False,,,
1566,2563,Tryphomys_adustus,Luzon Tryphomys,Rodentia,Muridae,DD,0.37844989117342,1.01486206135057,1.939962949242,2.76550112640339,0.181203860843429,0.613531877353358,2.31946263031638,0.0,0,1000,direct,Tryphomys_adustus,False,False,,,
1300,2570,Hippidion_saldiasi,,Perissodactyla,Equidae,NM,0.468264312765383,1.15528344338211,1.93575893097319,4.74233810201655,0.17041261974261,0.520498664674339,0.26743545588194,0.0,0,1000,no_RedList_match,,False,False,,,
1551,2572,Nycteris_major,Dja Slit-faced Bat,Chiroptera,Nycteridae,DD,0.38154354232418,1.0190819475618,1.93451257186725,3.39811733090706,0.180547109845956,0.605276209783691,3.07014327788749,0.0,0,1000,direct,Nycteris_major,False,False,,,
1305,2580,Hippidion_principale,,Perissodactyla,Equidae,NM,0.465574744090131,1.14866835448021,1.9290242924727,4.49270459393897,0.170201363200541,0.510579231575641,0.26743545588194,0.0,0,1000,no_RedList_match,,False,False,,,
1692,2582,Mormopterus_halli,Cape York Free-tailed Bat,Chiroptera,Molossidae,DD,0.341550756205098,0.845312009754236,1.92823300548378,1.37029220060863,0.182814367944735,0.628128300112339,1.6396728768338,0.0,0,1000,GBIF_accepted,Ozimops_halli,False,False,,,
1764,2596,Mormopterus_loriae,Loria’s Free-tailed Bat,Chiroptera,Molossidae,DD,0.321390865148241,0.882928547385375,1.91746521108706,1.23901913459635,0.182279456381909,0.628245122567212,1.65000400231225,0.0,0,1000,MDD_synonym,Ozimops_loriae,False,False,,,
1664,2599,Juscelinomys_huanchacae,,Rodentia,Cricetidae,DD,0.348550346273312,0.850063528471612,1.91499131913962,1.6813029075431,0.185785744229175,0.666171186496977,0.944086724898632,0.0,0,1000,direct,Juscelinomys_huanchacae,False,False,,,
1520,2608,Surdisorex_polulus,Mt. Kenya Mole Shrew,Eulipotyphla,Soricidae,DD,0.390684947435036,1.0982030065372,1.90702234216211,3.11582408452893,0.165389535956814,0.505626983521482,2.50896082464995,0.0,0,1000,direct,Surdisorex_polulus,False,False,,,
1681,2609,Juscelinomys_guaporensis,,Rodentia,Cricetidae,DD,0.344267871376478,0.873289656656008,1.9069496138452,1.6300320809864,0.186454106274433,0.6661424307851,0.941638946881591,0.0,0,1000,MDD_synonym,Juscelinomys_huanchacae,False,False,,,
1414,2613,Hadromys_yunnanensis,Yunnan Hadromys,Rodentia,Muridae,DD,0.426127856055725,0.947220536162802,1.9054618586297,2.3075665932805,0.185440348058406,0.624465863082568,0.992202539375398,0.0,0,1000,direct,Hadromys_yunnanensis,False,False,,,
1647,2614,Philantomba_walteri,Walter's Duiker,Artiodactyla,Bovidae,DD,0.354097502723846,0.891558525988572,1.90487534689136,0.853581691670208,0.174705122815102,0.546410747192671,1.9012390636421,0.0,0,1000,direct,Philantomba_walteri,False,False,,,
1588,2615,Crateromys_paulus,Ilin Crateromys,Rodentia,Muridae,DD,0.370175402806843,0.97262433070387,1.90443440442519,1.61276344769195,0.1847344135563,0.63231398071858,1.18523321523669,0.0,0,1000,direct,Crateromys_paulus,False,False,,,
1503,2616,Aeromys_tephromelas,Black Flying Squirrel,Rodentia,Sciuridae,DD,0.397251283315766,0.923049436032218,1.90411429764205,2.50727092989766,0.180639228092253,0.60479712078324,2.12551432905026,0.0,0,1000,direct,Aeromys_tephromelas,False,False,,,
1538,2634,Myomimus_setzeri,Setzer's Mouse-tailed Dormouse,Rodentia,Gliridae,DD,0.386005369719746,0.862175039160726,1.88541073241851,2.58433361913175,0.16897905278174,0.573040524180659,1.72964158362339,0.0,0,1000,direct,Myomimus_setzeri,False,False,,,
1650,2640,Ctenodactylus_vali,Val's Gundi,Rodentia,Ctenodactylidae,DD,0.353422487799881,0.944117814377925,1.87910829826007,0.966767209549968,0.180639228092253,0.586321519904412,1.6987286778343,0.0,0,1000,direct,Ctenodactylus_vali,False,False,,,
1779,2645,Crocidura_wuchihensis,Hainan Island Shrew,Eulipotyphla,Soricidae,DD,0.318351749761864,0.728652602878681,1.87377383735032,1.0365799345538,0.165389535956814,0.521992370952717,1.668629669574,0.0,0,1000,direct,Crocidura_wuchihensis,False,False,,,
1702,2647,Dermanura_rosenbergii,Rosenberg’s Fruit-eating Bat,Chiroptera,Phyllostomidae,DD,0.337487665607303,0.975952396187639,1.87291672077351,0.604512120816021,0.171009862162587,0.58286876954404,1.8973731723645,0.0,0,1000,MDD_synonym,Dermanura_rosenbergi,False,False,,,
1427,2648,Diomys_crumpi,,Rodentia,Muridae,DD,0.422881129173333,0.901760335803172,1.87237210289028,2.64781036808214,0.1847344135563,0.627085451736279,2.28514757565946,0.0,0,1000,direct,Diomys_crumpi,False,False,,,
1607,2660,Surdisorex_schlitteri,Schlitter's Mole Shrew,Eulipotyphla,Soricidae,DD,0.364325275726828,0.974249604256026,1.86879333327596,3.00102959541881,0.16521604822198,0.505626983521482,2.42668022221794,0.0,0,1000,direct,Surdisorex_schlitteri,False,False,,,
1797,2677,Casinycteris_campomaanensis,Campo-Ma’an Fruit Bat,Chiroptera,Pteropodidae,DD,0.312698728511217,0.862946064710934,1.8521227112793,0.695978604967724,0.164611655022202,0.469893631405474,1.7789537442537,0.0,0,1000,direct,Casinycteris_campomaanensis,False,False,,,
1807,2680,Phyllomys_lamarum,Pallid Atlantic Tree Rat,Rodentia,Echimyidae,DD,0.310967042002852,0.863645867749618,1.85052328108917,0.855819680263698,0.169534794301079,0.553469033043658,1.65430080815171,0.0,0,1000,direct,Phyllomys_lamarum,False,False,,,
1643,2681,Pithecheirops_otion,Bornean Pithecheirops,Rodentia,Muridae,DD,0.355924413319417,0.920688282339483,1.84996373384204,2.66904739025955,0.184347989215724,0.583146907839951,2.23420156245416,0.0,0,1000,direct,Pithecheirops_otion,False,False,,,
1635,2722,Diplomys_caniceps,,Rodentia,Echimyidae,DD,0.35818925754111,0.791381900915291,1.81800128277616,2.14778272283175,0.170344008566499,0.549870270945645,1.79783472913388,0.0,0,1000,direct,Diplomys_caniceps,False,False,,,
1612,2729,Mammuthus_columbi,,Proboscidea,Mammutidae,NM,0.363385326375995,0.887207367076478,1.81477469871217,1.68645388215786,0.164276558945935,0.544559090594294,1.1207715215652,0.0,0,1000,no_RedList_match,,False,False,,,
1492,2735,Abditomys_latidens,Luzon Broad-toothed Rat,Rodentia,Muridae,DD,0.399677234143976,0.91778189518065,1.80839551373493,2.84611890585752,0.184476500337859,0.582699011373337,2.34842134876623,0.0,0,1000,direct,Abditomys_latidens,False,False,,,
1605,2741,Myosorex_kabogoensis,Misotshi-Kabogo Myosorex,Eulipotyphla,Soricidae,DD,0.364643385710553,0.894896864908178,1.80540276473429,2.50310605269205,0.165146279109614,0.544021256681599,1.89318120362634,0.0,0,1000,direct,Myosorex_kabogoensis,False,False,,,
1598,2759,Mammuthus_primigenius,,Proboscidea,Mammutidae,NM,0.367840897249964,0.841342390222228,1.7889438060879,1.54604866050843,0.164564993611017,0.54651502720649,1.1207715215652,0.0,0,1000,no_RedList_match,,False,False,,,
1854,2763,Ctenomys_andersoni,,Rodentia,Ctenomyidae,NM,0.30141534840307,0.743760577597733,1.78555155149858,1.03897919027298,0.169534794301079,0.558431281450491,1.47104648450297,0.0,0,1000,no_RedList_match,,False,False,,,
1620,2764,Mesoplodon_ginkgodens,Ginkgo-toothed Beaked Whale,Artiodactyla,Ziphiidae,DD,0.361045471267227,0.940431913785756,1.78509069141086,2.48767697412947,0.168690885744765,0.497765480549961,1.87245867640041,0.0,0,1000,direct,Mesoplodon_ginkgodens,False,False,,,
1716,2765,Echimys_vieirai,,Rodentia,Echimyidae,DD,0.333481920529914,0.841075950341775,1.7849311844267,2.5000384217507,0.174022630227271,0.55826779488187,2.03061871804374,0.0,0,1000,direct,Echimys_vieirai,False,False,,,
1726,2783,Eliurus_ellermani,Ellerman's Tufted-tail Rat,Rodentia,Nesomyidae,DD,0.330625475643898,0.964689225200727,1.77386958913364,0.896414492992231,0.184055079353686,0.649346693377465,1.6366820945218,0.0,0,1000,direct,Eliurus_ellermani,False,False,,,
1808,2784,Oligoryzomys_rupestris,,Rodentia,Cricetidae,DD,0.310892228216679,0.892076183462237,1.7730132507792,0.506406164835822,0.182049713057435,0.67690231158137,1.65194931520102,0.0,0,1000,direct,Oligoryzomys_rupestris,False,False,,,
1933,2792,Ctenomys_tucumanus,,Rodentia,Ctenomyidae,DD,0.286104719699845,0.738395785480502,1.76379547665555,1.02119993009886,0.168804327640178,0.569906129673086,1.53556359216205,0.0,0,1000,direct,Ctenomys_tucumanus,False,False,,,
1958,2795,Ctenomys_erikacuellarae,,Rodentia,Ctenomyidae,NM,0.28285899700388,0.803280128213517,1.76225753939621,1.00436726552867,0.170344008566499,0.561772231425026,1.46346626391529,0.0,0,1000,no_RedList_match,,False,False,,,
1611,2797,Salpingotus_heptneri,,Rodentia,Dipodidae,DD,0.363728705481338,0.891409386298887,1.76090160561705,2.65630952458931,0.181883451503904,0.553327239506033,2.29887138698827,0.0,0,1000,direct,Salpingotus_heptneri,False,False,,,
1672,2802,Dryomys_laniger,Woolly Dormouse,Rodentia,Gliridae,DD,0.347507803249916,0.840377125932625,1.75656051042554,2.48381473064358,0.17020488043982,0.573040524180659,2.25526600715148,0.0,0,1000,direct,Dryomys_laniger,False,False,,,
1714,2807,Equus_neogeus,,Perissodactyla,Equidae,NM,0.333697534034651,0.756312383148987,1.74761465555813,1.95424369739592,0.169079260384171,0.503805090965036,1.60140142461186,0.0,0,1000,no_RedList_match,,False,False,,,
1636,2819,Taphozous_achates,Indonesian Tomb Bat,Chiroptera,Emballonuridae,DD,0.358153292263055,0.944920609320298,1.73996712080439,2.66310963113719,0.180547109845956,0.625530886380676,2.46625775547512,0.0,0,1000,direct,Taphozous_achates,False,False,,,
1627,2820,Desmodus_draculae,,Chiroptera,Phyllostomidae,NM,0.35913949862118,0.898660845360779,1.73927861338058,2.56288302880266,0.172383613722401,0.567959964668907,2.22105213728035,0.0,0,1000,no_RedList_match,,False,False,,,
1828,2822,Vicugna_pacos,,Cetartiodactyla,Camelidae,NM,0.306366985788174,0.739685991388175,1.73805857555905,0.579461238312919,0.168560701239223,0.484257454606906,1.7231687769225,0.0,0,1000,no_RedList_match,,True,True,exact,Vicugna_pacos,GCA_056363735.1
1837,2838,Brucepattersonius_igniventris,Red-bellied Akodont,Rodentia,Cricetidae,DD,0.30466836484083,0.706963994638246,1.72193569677035,1.65151974264139,0.186442509462294,0.662601275612754,1.4538071513354,0.0,0,1000,direct,Brucepattersonius_igniventris,False,False,,,
1744,2841,Peropteryx_trinitatis,,Chiroptera,Emballonuridae,DD,0.326394206322812,0.977272336327762,1.72149590408888,0.671928860435543,0.182279456381909,0.613980448780612,1.65778026270898,0.0,0,1000,direct,Peropteryx_trinitatis,False,False,,,
1676,2842,Hylopetes_winstoni,Sumatran Flying Squirrel,Rodentia,Sciuridae,DD,0.34697040556038,0.839097404121673,1.72097194563695,2.08016078673345,0.18548751961592,0.620415974330073,1.84217502490648,0.0,0,1000,direct,Hylopetes_winstoni,False,False,,,
1613,2848,Akodon_pervalens,Tarija Akodont,Rodentia,Cricetidae,DD,0.363299286449012,0.836883424039547,1.71455574956104,2.82167161380645,0.182049713057435,0.638285135227893,2.02034026953127,0.0,0,1000,direct,Akodon_pervalens,False,False,,,
1649,2856,Taphozous_hamiltoni,Hamilton's Tomb Bat,Chiroptera,Emballonuridae,DD,0.353491497719005,1.00508013734968,1.71205421721265,2.49721309114927,0.180547109845956,0.614209134139734,2.5106163828681,0.0,0,1000,direct,Taphozous_hamiltoni,False,False,,,
1908,2857,Ctenomys_lessai,,Rodentia,Ctenomyidae,NM,0.291350626165634,0.705125466146682,1.71155686765005,0.892173649449639,0.169534794301079,0.55826779488187,1.48726877419537,0.0,0,1000,no_RedList_match,,False,False,,,
1704,2860,Echimys_saturnus,,Rodentia,Echimyidae,DD,0.33674260099287,0.775024861910674,1.70998169491488,2.55380776955066,0.174022630227271,0.558211056736256,2.0449185684906,0.0,0,1000,direct,Echimys_saturnus,False,False,,,
1718,2863,Equus_capensis,,Perissodactyla,Equidae,NM,0.333023690068777,0.828094057100453,1.70836758864846,2.14452582545766,0.169079260384171,0.503610255498843,1.6403145500024,0.0,0,1000,no_RedList_match,,False,False,,,
1749,2865,Delomys_altimontanus,,Rodentia,Cricetidae,NM,0.325993026873118,0.981305519354105,1.70663428058478,0.507539883368858,0.180822331883572,0.636868500274899,1.7359301133758,0.0,0,1000,no_RedList_match,,False,False,,,
1695,2911,Salpingotus_pallidus,,Rodentia,Dipodidae,DD,0.340042275952969,0.813871754617763,1.67533746692623,2.58165665457538,0.181883451503904,0.553149848447798,2.23496838415647,0.0,0,1000,direct,Salpingotus_pallidus,False,False,,,
1909,2914,Micronycteris_matses,,Chiroptera,Phyllostomidae,DD,0.291283640314888,0.756945003586426,1.67390969999475,0.556932214218758,0.172769960546025,0.566334547612524,1.67001574620573,0.0,0,1000,direct,Micronycteris_matses,False,False,,,
1847,2915,Eligmodontia_hirtipes,,Rodentia,Cricetidae,NM,0.303374463810063,0.977828235471325,1.67358475009425,0.497813100388922,0.17769796903592,0.650841630889809,1.6888149962622,0.0,0,1000,no_RedList_match,,False,False,,,
1777,2916,Hylopetes_platyurus,Jentink's Flying Squirrel,Rodentia,Sciuridae,DD,0.318693899444782,0.833101652150715,1.67270892626238,2.19860325077025,0.18548751961592,0.620415974330073,1.89680000352279,0.0,0,1000,direct,Hylopetes_platyurus,False,False,,,
1815,2925,Naemorhedus_griseus,,Artiodactyla,Bovidae,NM,0.309622304144175,0.767909350274102,1.66835702673626,0.646154189103179,0.174250467837342,0.548843614121569,1.6582457060295,0.0,0,1000,no_RedList_match,,False,False,,,
2166,2930,Miniopterus_griveaudi,,Chiroptera,Miniopteridae,DD,0.253682597683629,0.741102529996581,1.66367125838308,1.06547979207377,0.181703501084761,0.635459045511742,1.47269612215756,0.0,0,1000,direct,Miniopterus_griveaudi,False,False,,,
1848,2937,Homotherium_serum,,Carnivora,Felidae,NM,0.30327132740818,0.755171899510651,1.65540346783272,1.92504472377713,0.175015019727817,0.53863554313891,1.98710634916319,0.0,0,1000,no_RedList_match,,False,False,,,
1871,2940,Tarsius_lariang,Lariang Tarsier,Primates,Tarsiidae,DD,0.298685189507948,0.74397188811424,1.65379215099511,0.635531708669788,0.178735888288564,0.553914893752333,1.0176988166529,0.0,0,1000,direct,Tarsius_lariang,False,False,,,
1722,2962,Hylopetes_bartelsi,Bartels's Flying Squirrel,Rodentia,Sciuridae,DD,0.331712600281775,0.776033435543636,1.63857286230668,2.11629226298976,0.183744619005032,0.615002051260435,1.74448886888006,0.0,0,1000,direct,Hylopetes_bartelsi,False,False,,,
1844,2968,Vampyressa_elisabethae,,Chiroptera,Phyllostomidae,NM,0.303689564827454,0.755479002310901,1.63616283514155,2.05709547578897,0.171968786413411,0.578541830119849,1.83231709141202,0.0,0,1000,no_RedList_match,,False,False,,,
1750,2969,Paracrocidura_graueri,,Eulipotyphla,Soricidae,DD,0.325962766109182,0.745486703472648,1.63601753247917,2.06075492407609,0.165991491034188,0.528347766448222,2.19615198282772,0.0,0,1000,direct,Paracrocidura_graueri,False,False,,,
1788,2971,Smilodon_populator,,Carnivora,Felidae,NM,0.315839047786617,0.752595124995195,1.63589108640619,1.80389929954154,0.176139257685053,0.550494242959304,1.87101409762958,0.0,0,1000,no_RedList_match,,False,False,,,
2028,2987,Crocidura_caspica,Caspian Shrew,Eulipotyphla,Soricidae,DD,0.271649453867166,0.603354142840936,1.62800580384676,0.912985469436185,0.166341651089203,0.469600437137934,1.50683740054274,0.0,0,1000,direct,Crocidura_caspica,False,False,,,
1732,2992,Paraxerus_cooperi,,Rodentia,Sciuridae,DD,0.329672870068165,0.859380513747507,1.62446819914096,2.70324274724228,0.182554764337875,0.574783230916626,2.3254606411418,0.0,0,1000,direct,Paraxerus_cooperi,False,False,,,
2051,3002,Petaurista_hainana,,Rodentia,Sciuridae,NM,0.269437217073194,0.734861905259331,1.61577788149367,0.79663024604456,0.179465345243834,0.605644639553402,1.51656585620293,0.0,0,1000,no_RedList_match,,False,False,,,
1877,3006,Coendou_nycthemera,,Rodentia,Erethizontidae,DD,0.297697596847435,0.720775700871618,1.61187968433468,0.74068454623142,0.180639228092253,0.571556137594752,1.43190460273878,0.0,0,1000,direct,Coendou_nycthemera,False,False,,,
1773,3010,Asellia_arabica,Arabian Trident Bat,Chiroptera,Hipposideridae,DD,0.319641575837549,0.853899919519094,1.60911040549793,3.09014575028611,0.164515274651873,0.47058600109533,2.8385920569638,0.0,0,1000,direct,Asellia_arabica,False,False,,,
1757,3012,Lariscus_niobe,Niobe Ground Squirrel,Rodentia,Sciuridae,DD,0.323988358812326,0.764237176511692,1.60612968466259,2.67415318309206,0.182554764337875,0.574409253664236,2.39706849893891,0.0,0,1000,direct,Lariscus_niobe,False,False,,,
1957,3019,Anoura_fistulata,Tube-lipped Tailless Bat,Chiroptera,Phyllostomidae,DD,0.282916291153969,0.772444355434702,1.60270785340427,2.36702489224381,0.171009862162587,0.584268211902269,2.02829820920944,0.0,0,1000,direct,Anoura_fistulata,False,False,,,
1849,3024,Akodon_sanctipaulensis,Sao Paulo Grass Mouse,Rodentia,Cricetidae,DD,0.30215870664427,0.855693963460089,1.59858734753141,2.58360109691893,0.181350140272025,0.668118055848752,1.80816887097183,0.0,0,1000,direct,Akodon_sanctipaulensis,False,False,,,
1955,3031,Mazama_temama,Central American Red Brocket,Artiodactyla,Cervidae,DD,0.283153447725152,0.683336105157758,1.59634244014481,0.631477838414489,0.171722280025171,0.478652572759356,1.5910639030265,0.0,0,1000,direct,Mazama_temama,False,False,,,
1880,3042,Lagidium_wolffsohni,Wolffsohn's Viscacha,Rodentia,Chinchillidae,DD,0.297379212802032,0.799285470864368,1.59112585348563,0.725897408552007,0.181621884245912,0.572511835179632,1.5913765230104,0.0,0,1000,direct,Lagidium_wolffsohni,False,False,,,
1762,3045,Chaetodipus_lineatus,Lined Pocket Gopher,Rodentia,Heteromyidae,DD,0.321629045822518,0.808541709941424,1.58986414986757,2.2978107025397,0.179232617678806,0.566748475858503,2.15449798423733,0.0,0,1000,direct,Chaetodipus_lineatus,False,False,,,
1746,3047,Microhydromys_argenteus,Southern Groove-toothed Shrew Mouse,Rodentia,Muridae,DD,0.326266546188038,0.808858905080529,1.58926930193397,2.26335196216721,0.185440348058406,0.624310153678853,1.11389997361987,0.0,0,1000,direct,Microhydromys_argenteus,False,False,,,
1941,3050,Oreamnos_harringtoni,,Cetartiodactyla,Bovidae,NM,0.285325380485096,0.744716605632028,1.5885646553838,1.94741104188244,0.174250467837342,0.547649376149222,1.72554529530038,0.0,0,1000,no_RedList_match,,False,False,,,
2055,3065,Sturnira_burtonlimi,,Chiroptera,Phyllostomidae,DD,0.268941706701906,0.784257686454725,1.57696670329271,0.469009072248412,0.176938095184123,0.578223694847982,1.54448470820554,0.0,0,1000,direct,Sturnira_burtonlimi,False,False,,,
1859,3081,Sundasciurus_davensis,Davao Squirrel,Rodentia,Sciuridae,DD,0.300485636466289,0.754095059472829,1.56979566057439,2.09536825176529,0.182301474906387,0.57844952544909,1.91604997697076,0.0,0,1000,direct,Sundasciurus_davensis,False,False,,,
1754,3088,Murina_guilleni,,Chiroptera,Vespertilionidae,NM,0.324306460497733,0.816821684140844,1.56445126941949,2.18596387049779,0.193196560688065,0.631553896909882,1.56444765317035,0.0,0,1000,no_RedList_match,,False,False,,,
1809,3094,Pipistrellus_joffrei,,Chiroptera,Vespertilionidae,NM,0.31058999540863,0.819654472294575,1.56178420767233,2.23361628868125,0.183407470861438,0.636661230423367,1.93370591268565,0.0,0,1000,no_RedList_match,,False,False,,,
1705,3103,Funisciurus_bayonii,,Rodentia,Sciuridae,DD,0.336186659277331,0.864554581736712,1.55737205457662,2.63144722483259,0.182554764337875,0.5733127454537,2.23920628044672,0.0,0,1000,direct,Funisciurus_bayonii,False,False,,,
1948,3109,Coendou_ichillus,,Rodentia,Erethizontidae,DD,0.284299835133279,0.766175249195681,1.55606002723206,0.6802033774978,0.181621884245912,0.571116988770872,1.5377860777779,0.0,0,1000,direct,Coendou_ichillus,False,False,,,
1905,3112,Chiromyscus_thomasi,,Rodentia,Muridae,NM,0.292697915467794,0.818410519777974,1.55465123107992,0.54803061708732,0.1847344135563,0.633926186286414,1.4213714613044,0.0,0,1000,no_RedList_match,,False,False,,,
1824,3116,Tympanoctomys_kirchnerorum,Kirchner's VIscacha Rat,Rodentia,Octodontidae,DD,0.306810071868068,0.780521523149434,1.55415383620876,1.13066153017157,0.168804327640178,0.558211056736256,1.16013345201647,0.0,0,1000,direct,Tympanoctomys_kirchnerorum,False,False,,,
1882,3119,Molossops_neglectus,,Chiroptera,Molossidae,DD,0.29692324396967,0.803486770444191,1.5516206797634,0.845185403334564,0.180547109845956,0.638133558950068,1.36998074668756,0.0,0,1000,direct,Molossops_neglectus,False,False,,,
1748,3131,Gerbillus_nancillus,,Rodentia,Muridae,DD,0.326057455888146,0.833077730382152,1.54526247064311,3.37278569424646,0.18573905888994,0.551883775917271,1.93659483819608,0.0,0,1000,direct,Gerbillus_nancillus,False,False,,,
1793,3134,Microhydromys_richardsoni,,Rodentia,Muridae,DD,0.313589398571034,0.785878026785494,1.54495109808789,2.03038638781567,0.185440348058406,0.624019127487377,1.11389997361987,0.0,0,1000,direct,Microhydromys_richardsoni,False,False,,,
1812,3137,Makalata_obscura,,Rodentia,Echimyidae,DD,0.309853608536402,0.750146169228549,1.54329081864985,2.06749264990479,0.168804327640178,0.553435684837215,2.05338931485245,0.0,0,1000,direct,Makalata_obscura,False,False,,,
2061,3140,Myotis_phanluongi,,Chiroptera,Vespertilionidae,NM,0.268129530321578,0.769100864394506,1.54043190923207,0.639668910442032,0.187912423989923,0.566593736772068,1.48272238270733,0.0,0,1000,no_RedList_match,,False,False,,,
1938,3144,Hipposideros_camerunensis,Greater Roundleaf Bat,Chiroptera,Hipposideridae,DD,0.285598985354141,0.633861215156379,1.53842201274941,1.97592115354004,0.164473653464944,0.441734153733361,1.82069997320482,0.0,0,1000,MDD_synonym,Doryrhina_camerunensis,False,False,,,
1914,3151,Mesoplodon_bowdoini,Andrew's Beaked Whale,Artiodactyla,Ziphiidae,DD,0.290378146185467,0.757465268851125,1.53237323520539,2.34403984440593,0.17041261974261,0.481743437705722,1.55824842927809,0.0,0,1000,direct,Mesoplodon_bowdoini,False,False,,,
1928,3157,Anoura_canishina,,Chiroptera,Phyllostomidae,NM,0.287576556109421,0.724300159794223,1.52931837973718,2.26198856896346,0.171009862162587,0.572909472855602,1.96213729970175,0.0,0,1000,no_RedList_match,,False,False,,,
1772,3158,Heliosciurus_punctatus,Small Sun Squirrel,Rodentia,Sciuridae,DD,0.319815226490395,0.684738650171945,1.52872239946464,2.57250557947754,0.183744619005032,0.574672392763489,2.10045541473492,0.0,0,1000,direct,Heliosciurus_punctatus,False,False,,,
1810,3159,Eptesicus_platyops,Lagos Serotine,Chiroptera,Vespertilionidae,DD,0.310180798920447,0.79516680065934,1.52833424859908,2.42302189823789,0.175827105608337,0.572845973031936,1.9475807794871,0.0,0,1000,MDD_synonym,Cnephaeus_platyops,False,False,,,
1959,3188,Handleyomys_guerrerensis,,Rodentia,Cricetidae,NM,0.28267324768126,0.756131644930996,1.51125269526618,0.566949829462906,0.182049713057435,0.664632360375589,1.41546274294315,0.0,0,1000,no_RedList_match,,False,False,,,
1982,3195,Hipposideros_crumeniferus,Timor Leaf-nosed Bat,Chiroptera,Hipposideridae,DD,0.278982293596239,0.706360688733837,1.50794416268614,2.14156796955734,0.164611655022202,0.437077667502303,1.79823352832457,0.0,0,1000,direct,Hipposideros_crumeniferus,False,False,,,
1804,3197,Pipistrellus_macrotis,Big-eared Pipistrelle,Chiroptera,Vespertilionidae,DD,0.31161013880711,0.660309724973423,1.50647274328321,2.41523333272448,0.174070030175688,0.57866166533048,1.8418397488791,0.0,0,1000,GBIF_accepted,Hypsugo_macrotis,False,False,,,
2019,3201,Tragulus_javanicus,Javan Chevrotain,Artiodactyla,Tragulidae,DD,0.273290207451334,0.633287529829873,1.5025848412102,0.898420661595884,0.173503458183883,0.484330834813613,1.3155198635937,0.0,0,1000,direct,Tragulus_javanicus,False,False,,,
1823,3205,Eptesicus_tatei,Sombre Serotine,Chiroptera,Vespertilionidae,DD,0.306952289185148,0.824126217355719,1.49891969465842,2.16758764758709,0.183407470861438,0.639625141887594,1.8443736909877,0.0,0,1000,MDD_synonym,Cnephaeus_tatei,False,False,,,
2054,3207,Isothrix_orinoci,Orinoco Brush-tailed Rat,Rodentia,Echimyidae,DD,0.268974147578841,0.696387511376819,1.49778582182963,0.737781330915087,0.168804327640178,0.553212803850661,1.5359308776749,0.0,0,1000,direct,Isothrix_orinoci,False,False,,,
1904,3211,Eothenomys_proditor,Yulongxuen Red-backed Vole,Rodentia,Cricetidae,DD,0.292729403753564,0.850663587639056,1.49554851429556,0.447530536246193,0.185785744229175,0.645543282208935,1.4567004126833,0.0,0,1000,direct,Eothenomys_proditor,False,False,,,
2007,3217,Talpa_davidiana,Père David's Mole,Eulipotyphla,Talpidae,DD,0.275784920642787,0.688650097609612,1.49382656030927,1.94443327245333,0.16521604822198,0.552847058393466,1.88784747511993,0.0,0,1000,direct,Talpa_davidiana,False,False,,,
1918,3220,Funisciurus_substriatus,Kintampo Rope Squirrel,Rodentia,Sciuridae,DD,0.289900549645399,0.799678444923355,1.4909995685567,2.60679911231329,0.182989376203208,0.573927951228654,2.21327776651867,0.0,0,1000,direct,Funisciurus_substriatus,False,False,,,
1876,3225,Murina_fusca,Dusky Tube-nosed Bat,Chiroptera,Vespertilionidae,DD,0.2978267617767,0.780523317328082,1.48589845956166,2.05620815474478,0.193196560688065,0.637992779058441,1.50387513958263,0.0,0,1000,direct,Murina_fusca,False,False,,,
1924,3237,Funisciurus_duchaillui,,Rodentia,Sciuridae,DD,0.288474048457453,0.785073760392505,1.48000402921664,2.3142607640979,0.183433230574427,0.575219767925792,2.16382598746487,0.0,0,1000,direct,Funisciurus_duchaillui,False,False,,,
1993,3240,Hipposideros_inexpectatus,Crested Leaf-nosed Bat,Chiroptera,Hipposideridae,DD,0.277460754951709,0.67236977739221,1.47850726096739,2.06935466240346,0.164276558945935,0.436522963762065,1.76818156268147,0.0,0,1000,direct,Hipposideros_inexpectatus,False,False,,,
1861,3242,Eliurus_antsingy,Antsingy Tufted-tail Rat,Rodentia,Nesomyidae,DD,0.300032665916868,0.713306380639581,1.47799372511617,0.803273663105825,0.180822331883572,0.644019512497762,1.36711911182374,0.0,0,1000,direct,Eliurus_antsingy,False,False,,,
1895,3245,Chodsigoa_salenskii,Salenski's Shrew,Eulipotyphla,Soricidae,DD,0.293796521639633,0.693751786399533,1.47601073600091,2.09800030583953,0.166762954451852,0.502337670891555,1.83073445126001,0.0,0,1000,direct,Chodsigoa_salenskii,False,False,,,
1853,3254,Pipistrellus_inexspectatus,,Chiroptera,Vespertilionidae,DD,0.301718375964793,0.689199212687757,1.47137082817423,2.18011012034024,0.17772849736262,0.609961658459064,1.93018002670596,0.0,0,1000,direct,Pipistrellus_inexspectatus,False,False,,,
1947,3255,Cryptotis_lacertosus,,Eulipotyphla,Soricidae,DD,0.284429959901135,0.645862261540533,1.47135248856479,2.00905561547443,0.165757839263197,0.484947410666731,1.8281872309863,0.0,0,1000,direct,Cryptotis_lacertosus,False,False,,,
1825,3276,Akodon_aliquantulus,,Rodentia,Cricetidae,DD,0.306791652578138,0.790366942016759,1.46211946287977,2.48763166619454,0.185785744229175,0.662893289921699,1.79146266289552,0.0,0,1000,MDD_synonym,Akodon_caenosus,False,False,,,
2002,3283,Cerradomys_akroai,,Rodentia,Cricetidae,NM,0.276507631419216,0.823270763065668,1.45791955637554,0.495904511234514,0.183068879014153,0.664408525853279,1.404228495611,0.0,0,1000,no_RedList_match,,False,False,,,
2089,3284,Hipposideros_macrobullatus,Big-eared Leaf-nosed Bat,Chiroptera,Hipposideridae,DD,0.263699214672983,0.754441917250385,1.45775423470935,2.10215698434103,0.164276558945935,0.436522963762065,1.72789984452211,0.0,0,1000,direct,Hipposideros_macrobullatus,False,False,,,
1978,3287,Batomys_dentatus,Large-toothed Batomys,Rodentia,Muridae,DD,0.279886092874372,0.688273321175164,1.45621103333371,2.13010847574513,0.1847344135563,0.632479391950728,1.70476242638428,0.0,0,1000,direct,Batomys_dentatus,False,False,,,
1794,3291,Hesperoptenus_doriae,False Serotine Bat,Chiroptera,Vespertilionidae,DD,0.313586218362889,0.836214682254312,1.4517183665107,2.55291545428635,0.187352290787223,0.658467436595884,2.02400122421506,0.0,0,1000,direct,Hesperoptenus_doriae,False,False,,,
1916,3293,Glauconycteris_gleni,Glen's Wattled Bat,Chiroptera,Vespertilionidae,DD,0.290241128851968,0.75988937946121,1.45072080249806,2.09971276238774,0.175827105608337,0.62258614461601,1.77864187686483,0.0,0,1000,direct,Glauconycteris_gleni,False,False,,,
2145,3299,Hipposideros_nequam,Malayan Leaf-nosed Bat,Chiroptera,Hipposideridae,DD,0.257305967012054,0.65572201260148,1.44732423246617,1.97884313476747,0.164473653464944,0.437793647627483,1.6605855080175,0.0,0,1000,direct,Hipposideros_nequam,False,False,,,
1901,3314,Glauconycteris_humeralis,,Chiroptera,Vespertilionidae,DD,0.292917544457872,0.760244530354059,1.43767261876054,2.30399768337453,0.172507494163167,0.606311337754156,1.95664913593315,0.0,0,1000,direct,Glauconycteris_humeralis,False,False,,,
1956,3335,Neacomys_pictus,,Rodentia,Cricetidae,DD,0.283019011709892,0.788173817288948,1.42858198855401,1.97981009927996,0.180298561878804,0.665125987561713,1.54128907371767,0.0,0,1000,direct,Neacomys_pictus,False,False,,,
1834,3339,Graphiurus_monardi,Monard's Dormouse,Rodentia,Gliridae,DD,0.305223693606959,0.724627429437955,1.42769292248629,2.25396111766059,0.177631916742631,0.573798336440478,2.12229707785794,0.0,0,1000,direct,Graphiurus_monardi,False,False,,,
1992,3340,Cryptotis_mam,,Eulipotyphla,Soricidae,DD,0.277465349968516,0.694958965736964,1.42709566670644,2.01074761680116,0.165757839263197,0.484710465855674,1.76655679293716,0.0,0,1000,direct,Cryptotis_mam,False,False,,,
2078,3343,Sturnira_perla,,Chiroptera,Phyllostomidae,DD,0.26474647521787,0.747063075726347,1.42458544629559,0.487284266116642,0.17672088535038,0.569887043728842,1.40547746452143,0.0,0,1000,direct,Sturnira_perla,False,False,,,
1922,3350,Pipistrellus_musciculus,,Chiroptera,Vespertilionidae,DD,0.289530234504705,0.779433108784144,1.41994890676086,2.29724740911823,0.175827105608337,0.572323035284257,1.95766850238421,0.0,0,1000,GBIF_accepted,Hypsugo_musciculus,False,False,,,
2030,3351,Hipposideros_breviceps,Short-headed Leaf-nosed Bat,Chiroptera,Hipposideridae,DD,0.271461722567566,0.65276488808275,1.41946071490394,2.26485803946061,0.164276558945935,0.437188108181973,1.75199717795728,0.0,0,1000,direct,Hipposideros_breviceps,False,False,,,
1896,3358,Paraxerus_lucifer,,Rodentia,Sciuridae,DD,0.293767855421322,0.705744475675797,1.41320535020032,2.38306266787918,0.182554764337875,0.57445130345161,2.0464822277614,0.0,0,1000,direct,Paraxerus_lucifer,False,False,,,
1999,3369,Cryptotis_hondurensis,,Eulipotyphla,Soricidae,DD,0.276705502745983,0.757862995021266,1.40713274988081,1.88724127272352,0.165757839263197,0.484947410666731,1.70581509169864,0.0,0,1000,direct,Cryptotis_hondurensis,False,False,,,
2062,3370,Crocidura_zimmeri,,Eulipotyphla,Soricidae,DD,0.268051476651542,0.658716455843426,1.40705963574875,1.86267096336619,0.167474492415617,0.533410050315111,1.63166700816178,0.0,0,1000,direct,Crocidura_zimmeri,False,False,,,
2020,3371,Cryptotis_lacandonensis,,Eulipotyphla,Soricidae,NM,0.273288786512987,0.587455461064115,1.40690440699866,2.08558920481933,0.16521604822198,0.501740088883112,1.83431803597909,0.0,0,1000,no_RedList_match,,False,False,,,
2256,3372,Balaenoptera_omurai,Omura’s Whale,Artiodactyla,Balaenopteridae,DD,0.243090335938164,0.604042358151189,1.40669499519447,0.471363923722717,0.17041261974261,0.481743437705722,1.35068432040075,0.0,0,1000,direct,Balaenoptera_omurai,False,False,,,
1968,3382,Euneomys_fossor,Burrowing Euneomys,Rodentia,Cricetidae,DD,0.281823108556592,0.752995937143946,1.40292259247038,2.18645728763077,0.185025533721345,0.667468128420777,1.51109683132181,0.0,0,1000,direct,Euneomys_fossor,False,False,,,
2118,3383,Hipposideros_einnaythu,House-dwelling Leafnosed Bat,Chiroptera,Hipposideridae,DD,0.260632078355816,0.734119928658416,1.4027991846835,2.11637584532872,0.163530784100116,0.43765275155313,1.73983731138799,0.0,0,1000,direct,Hipposideros_einnaythu,False,False,,,
1906,3385,Glauconycteris_curryae,,Chiroptera,Vespertilionidae,DD,0.292390544314495,0.754907777194959,1.40229400772649,2.29003610425723,0.18403234180357,0.640453103410495,1.85534522417337,0.0,0,1000,direct,Glauconycteris_curryae,False,False,,,
2137,3397,Crocidura_longipes,Savanna Swamp Shrew,Eulipotyphla,Soricidae,DD,0.258099015117784,0.611912550500619,1.39637849718448,1.80940229165009,0.166341651089203,0.485667644855303,1.56190212962795,0.0,0,1000,direct,Crocidura_longipes,False,False,,,
1883,3403,Pipistrellus_minahassae,Minahassa Pipistrelle,Chiroptera,Vespertilionidae,DD,0.296801007790679,0.719435950246491,1.39401396720133,2.43470938047693,0.18403234180357,0.649593936407477,1.87524437568801,0.0,0,1000,direct,Pipistrellus_minahassae,False,False,,,
2291,3406,Crocidura_rapax,Chinese White-toothed Shrew,Eulipotyphla,Soricidae,DD,0.237914092773063,0.57053564770835,1.39319914402521,0.829579259165204,0.16521604822198,0.522086766974821,1.31589045338701,0.0,0,1000,direct,Crocidura_rapax,False,False,,,
2121,3411,Glauconycteris_machadoi,,Chiroptera,Vespertilionidae,DD,0.260021155272251,0.812250541555082,1.38967834600183,2.11212758067849,0.175827105608337,0.57866166533048,1.7866016708489,0.0,0,1000,direct,Glauconycteris_machadoi,False,False,,,
1975,3412,Cryptotis_venezuelensis,,Eulipotyphla,Soricidae,DD,0.280288436046975,0.623884323177134,1.38955187832383,1.96416036426092,0.165389535956814,0.485624808176784,1.69610098543245,0.0,0,1000,direct,Cryptotis_venezuelensis,False,False,,,
1954,3413,Tragulus_versicolor,Silver-backed Chevrotain,Artiodactyla,Tragulidae,DD,0.283228196733351,0.640997696609777,1.38881917414696,2.1293396925008,0.171722280025171,0.484382371243362,1.77720770390245,0.0,0,1000,direct,Tragulus_versicolor,False,False,,,
2222,3416,Cryptotis_orophila,,Eulipotyphla,Soricidae,DD,0.247880157474399,0.682339290668051,1.3883746918108,1.88206926381425,0.16521604822198,0.485667644855303,1.59829431912255,0.0,0,1000,direct,Cryptotis_orophila,False,False,,,
2082,3428,Crocidura_floweri,Flower's Shrew,Eulipotyphla,Soricidae,DD,0.264352110753898,0.700970443168326,1.38472871673887,1.93951574545146,0.165605638882113,0.5346152535059,1.60299246994743,0.0,0,1000,direct,Crocidura_floweri,False,False,,,
1966,3438,Pipistrellus_raceyi,Racey's Pipistrelle Bat,Chiroptera,Vespertilionidae,DD,0.281872264852662,0.747741933161852,1.38224275428971,2.29024744593546,0.185399536869399,0.65268448058394,1.8514329397984,0.0,0,1000,direct,Pipistrellus_raceyi,False,False,,,
1873,3443,Murina_beelzebub,Beelzebub Tube-nosed Bat,Chiroptera,Vespertilionidae,DD,0.298535997244906,0.616547594483307,1.37981352414686,1.90758066682625,0.193740177077535,0.630959964495459,1.40850733493361,0.0,0,1000,direct,Murina_beelzebub,False,False,,,
2094,3453,Petaurillus_emiliae,Lesser Pygmy Flying Squirrel,Rodentia,Sciuridae,DD,0.263257552138446,0.628148934394169,1.37682202450612,1.4954287523576,0.184336811190649,0.617608456856585,1.10791686414582,0.0,0,1000,direct,Petaurillus_emiliae,False,False,,,
2080,3455,Musseromys_inopinatus,Amuyao Tree-mouse,Rodentia,Muridae,DD,0.264515524435602,0.611063714857561,1.37645186431285,2.06079111519437,0.185440348058406,0.631867245123389,1.24198343675078,0.0,0,1000,direct,Musseromys_inopinatus,False,False,,,
1936,3456,Philander_olrogi,Olrog`s Four-eyed Opossum,Didelphimorphia,Didelphidae,DD,0.285626927595681,0.654003577944105,1.37519236683129,1.94852053046688,0.178162589748789,0.648895631964669,1.8059905315384,0.0,0,1000,direct,Philander_olrogi,False,False,,,
1915,3457,Harpiola_grisea,Peter's Tube-nosed Bat,Chiroptera,Vespertilionidae,DD,0.290326428461676,0.785178620002753,1.37478700457577,1.90749990607355,0.193740177077535,0.651250175387838,1.83096078621302,0.0,0,1000,direct,Harpiola_grisea,False,False,,,
2207,3459,Sturnira_koopmanhilli,,Chiroptera,Phyllostomidae,DD,0.249140017057155,0.680898661518397,1.37440783455926,0.564083084026003,0.17672088535038,0.569887043728842,1.34230602660548,0.0,0,1000,direct,Sturnira_koopmanhilli,False,False,,,
2136,3460,Pipistrellus_kitcheneri,Red-brown Pipistrelle,Chiroptera,Vespertilionidae,DD,0.258363214740128,0.705354850175705,1.37434779790277,2.10928605529606,0.180647392278266,0.622638074637335,1.72867293784317,0.0,0,1000,GBIF_accepted,Hypsugo_kitcheneri,False,False,,,
2016,3466,Phyllomys_kerri,,Rodentia,Echimyidae,DD,0.273648583346373,0.717178257502764,1.37058558416569,2.02328590049123,0.174022630227271,0.556484893320616,1.30891392396278,0.0,0,1000,direct,Phyllomys_kerri,False,False,,,
2104,3468,Pipistrellus_permixtus,,Chiroptera,Vespertilionidae,DD,0.26193610491949,0.707161403233056,1.37011318460479,1.9995245778831,0.174070030175688,0.585355862647298,1.70861672805144,0.0,0,1000,direct,Pipistrellus_permixtus,False,False,,,
2143,3470,Miracinonyx_trumani,,Carnivora,Felidae,NM,0.257414761580645,0.625398654480868,1.36927691234089,0.660432577737062,0.175556332017394,0.550163022288547,1.30462484433773,0.0,0,1000,no_RedList_match,,False,False,,,
2026,3473,Cryptotis_perijensis,,Eulipotyphla,Soricidae,DD,0.272007041276996,0.649038021955803,1.36843959798635,1.83284626382074,0.165389535956814,0.505626983521482,1.78666738211771,0.0,0,1000,direct,Cryptotis_perijensis,False,False,,,
2014,3478,Petaurillus_hosei,Hose's Pygmy Flying Squirrel,Rodentia,Sciuridae,DD,0.273754233593546,0.559775673246062,1.36661827557846,1.56305732663372,0.184336811190649,0.61927663457257,1.10620332978153,0.0,0,1000,direct,Petaurillus_hosei,False,False,,,
2083,3480,Musseromys_anacuao,Sierra Madre Tree-mouse,Rodentia,Muridae,DD,0.264252013273357,0.702740754071722,1.3662905443398,1.90158809109387,0.185044092885353,0.624310153678853,1.18793067432884,0.0,0,1000,direct,Musseromys_anacuao,False,False,,,
2059,3483,Cryptotis_brachyonyx,Eastern Cordillera Small-footed Shrew,Eulipotyphla,Soricidae,DD,0.268714508010397,0.642241714939373,1.36505262898352,1.82829164855243,0.165757839263197,0.501137481484465,1.6922967359926,0.0,0,1000,direct,Cryptotis_brachyonyx,False,False,,,
1995,3485,Ochotona_coreana,Korean Pika,Lagomorpha,Ochotonidae,DD,0.277212950921217,0.691234131575222,1.36411578194432,2.07281352420709,0.169326825143835,0.572106070954525,1.87434542403076,0.0,0,1000,direct,Ochotona_coreana,False,False,,,
2034,3493,Cryptotis_peruviensis,,Eulipotyphla,Soricidae,DD,0.27093003025097,0.697972039763889,1.36255966875559,2.09224389563058,0.165605638882113,0.485624808176784,1.8589168438762,0.0,0,1000,direct,Cryptotis_peruviensis,False,False,,,
2365,3494,Micronycteris_buriri,,Chiroptera,Phyllostomidae,DD,0.226985499577304,0.66347999430481,1.36254858822384,0.480076044635912,0.172769960546025,0.563108156657264,1.3575860120571,0.0,0,1000,direct,Micronycteris_buriri,False,False,,,
2300,3497,Cynomops_abrasus,,Chiroptera,Molossidae,DD,0.235710871642294,0.568120267456319,1.36123254980019,1.13372540255112,0.180547109845956,0.638133558950068,1.34969560326018,0.0,0,1000,direct,Cynomops_abrasus,False,False,,,
2073,3500,Crocidura_cranbrooki,Cranbrook's White-toothed Shrew,Eulipotyphla,Soricidae,DD,0.266520078927796,0.699610476341615,1.36061148209864,1.89893088180098,0.166762954451852,0.485667644855303,1.65175590276815,0.0,0,1000,direct,Crocidura_cranbrooki,False,False,,,
2231,3508,Maxomys_hylomyoides,Sumatran Mountain Maxomys,Rodentia,Muridae,DD,0.24632149612368,0.664185318523975,1.35889996673223,0.522429236185305,0.19257226440059,0.616993956713028,1.27170890559831,0.0,0,1000,direct,Maxomys_hylomyoides,False,False,,,
2148,3511,Crocidura_sapaensis,Sa Pa Shrew,Eulipotyphla,Soricidae,DD,0.256904542039942,0.66043487279032,1.35695156041275,1.79907900637668,0.166762954451852,0.527301077367044,1.57395521201143,0.0,0,1000,direct,Crocidura_sapaensis,False,False,,,
1921,3519,Anourosorex_schmidi,Giant Mole Shrew,Eulipotyphla,Soricidae,DD,0.289571368182801,0.893870215689774,1.35249366697952,2.81760761625691,0.167096574834081,0.512535925626245,3.0846333026405,0.0,0,1000,direct,Anourosorex_schmidi,False,False,,,
1898,3523,Kerivoula_cuprosa,,Chiroptera,Vespertilionidae,DD,0.293691948069121,0.727256815290182,1.35069478266011,1.96174512860304,0.187352290787223,0.658039779370142,1.66468360589228,0.0,0,1000,direct,Kerivoula_cuprosa,False,False,,,
2018,3527,Kerivoula_eriophora,,Chiroptera,Vespertilionidae,DD,0.273419859085339,0.710280129444138,1.34867322342173,1.83928643405974,0.192788309468692,0.657033131399782,1.64349453351578,0.0,0,1000,direct,Kerivoula_eriophora,False,False,,,
2038,3528,Graphiurus_surdus,Silent Dormouse,Rodentia,Gliridae,DD,0.270758156709265,0.719316341260642,1.34827003892023,2.26726038620474,0.172138219820499,0.572825476952589,2.04092966121343,0.0,0,1000,direct,Graphiurus_surdus,False,False,,,
1973,3530,Musseromys_beneficus,Mount Pulag Tree-mouse,Rodentia,Muridae,DD,0.280979668551392,0.672028853659673,1.34770500379435,1.95812829178898,0.185044092885353,0.632158271314865,1.21402480635137,0.0,0,1000,direct,Musseromys_beneficus,False,False,,,
2096,3531,Hipposideros_boeadii,Boeadi’s Roundleaf Bat,Chiroptera,Hipposideridae,DD,0.262970893445385,0.664729226616918,1.34765974003364,2.10035969446591,0.164473653464944,0.462424498114528,1.65957052491199,0.0,0,1000,direct,Hipposideros_boeadii,False,False,,,
2191,3532,Crocidura_religiosa,,Eulipotyphla,Soricidae,DD,0.250580238838947,0.615460257682706,1.34690105255045,1.8060494746281,0.165605638882113,0.53605113757738,1.60965581829364,0.0,0,1000,direct,Crocidura_religiosa,False,False,,,
2289,3537,Crocidura_ultima,Ultimate Shrew,Eulipotyphla,Soricidae,DD,0.238136352879746,0.634808897838926,1.34500703383455,1.79793550419484,0.165757839263197,0.535642147589205,1.5023766819549,0.0,0,1000,direct,Crocidura_ultima,False,False,,,
2057,3538,Eptesicus_kobayashii,Kobayashi's Serotine,Chiroptera,Vespertilionidae,DD,0.268856553967147,0.712546193443368,1.34466245489814,1.99893541772396,0.174070030175688,0.57866166533048,1.74703488601316,0.0,0,1000,MDD_synonym,Cnephaeus_kobayashii,False,False,,,
2006,3541,Chibchanomys_orcesi,Las Cajas Ichthyomyine,Rodentia,Cricetidae,DD,0.275892267912537,0.714139867294682,1.3438553325069,1.95065044447972,0.187043744980449,0.672121977081869,0.946954890187894,0.0,0,1000,direct,Chibchanomys_orcesi,False,False,,,
2271,3547,Crocidura_gracilipes,Peters' Musk Shrew,Eulipotyphla,Soricidae,DD,0.240110694681912,0.690387479698505,1.34153315454511,1.78482016999641,0.167474492415617,0.533371312254504,1.57719862782061,0.0,0,1000,direct,Crocidura_gracilipes,False,False,,,
1766,3554,Paratriaenops_pauliani,,Chiroptera,Rhinonycteridae,DD,0.320871080768791,0.694218253858442,1.33958594415099,2.24600049452927,0.164515274651873,0.492438256169321,2.34548854804681,0.0,0,1000,direct,Paratriaenops_pauliani,False,False,,,
2023,3557,Allactaga_tetradactyla,Four-toed Jerboa,Rodentia,Dipodidae,DD,0.272510308054924,0.653641955752307,1.33836898196312,1.69906213322454,0.180639228092253,0.567220842643618,1.78831636764603,0.0,0,1000,direct,Allactaga_tetradactyla,False,False,,,
2153,3563,Phyllotis_anitae,,Rodentia,Cricetidae,DD,0.255642973871504,0.689947498870783,1.33796483443413,0.714115622147677,0.180298561878804,0.62570728767099,0.27780858226011,0.0,0,1000,direct,Phyllotis_anitae,False,False,,,
2440,3564,Rhipidomys_cariri,,Rodentia,Cricetidae,DD,0.218671645357725,0.521916627266865,1.33729547573619,0.792572272553621,0.184476500337859,0.650322138082211,1.1986376933881,0.0,0,1000,direct,Rhipidomys_cariri,False,False,,,
1950,3569,Graphiurus_johnstoni,,Rodentia,Gliridae,DD,0.284015897374797,0.659632475885209,1.33516432708116,2.21752749073995,0.176573262048185,0.57303833778915,2.08630076934176,0.0,0,1000,direct,Graphiurus_johnstoni,False,False,,,
2141,3572,Crocidura_fischeri,Fischer's Shrew,Eulipotyphla,Soricidae,DD,0.257752767449431,0.708469870751264,1.33491582776603,2.05368551320612,0.16521604822198,0.522183856401487,1.60568875136385,0.0,0,1000,direct,Crocidura_fischeri,False,False,,,
1926,3576,Petaurillus_kinlochii,Selangor Pygmy Flying Squirrel,Rodentia,Sciuridae,DD,0.287991938133537,0.58855162318656,1.33245990975126,1.48363701663001,0.184336811190649,0.619343253190042,1.10947405788238,0.0,0,1000,direct,Petaurillus_kinlochii,False,False,,,
2032,3588,Graphiurus_angolensis,Angolan African Dormouse,Rodentia,Gliridae,DD,0.271282531938107,0.750833754143696,1.32824383197375,2.14932603699979,0.176573262048185,0.572429316714971,2.09639341754071,0.0,0,1000,direct,Graphiurus_angolensis,False,False,,,
2233,3589,Crocidura_tenuis,Timor Shrew,Eulipotyphla,Soricidae,DD,0.245992272427098,0.625856030829309,1.32799846626271,1.75974808392925,0.165605638882113,0.534878524865207,1.54205253201513,0.0,0,1000,direct,Crocidura_tenuis,False,False,,,
1945,3590,Pipistrellus_anthonyi,,Chiroptera,Vespertilionidae,NM,0.284675358007553,0.703596019070944,1.32790207551427,2.11904447161644,0.174070030175688,0.62280085564547,1.92916603086486,0.0,0,1000,no_RedList_match,,False,False,,,
2101,3593,Lonchophylla_inexpectata,,Chiroptera,Phyllostomidae,NM,0.262489138851097,0.629414626418767,1.32596398984194,2.07939361076968,0.168471820934825,0.583504940096398,1.67187694363725,0.0,0,1000,no_RedList_match,,False,False,,,
1961,3597,Akodon_josemariarguedasi,,Rodentia,Cricetidae,NM,0.282375606965793,0.643181866807717,1.325274922533,2.55988500715805,0.185785744229175,0.649685636115299,1.64821990026814,0.0,0,1000,no_RedList_match,,False,False,,,
2039,3599,Pipistrellus_lophurus,Burmese Pipistrelle,Chiroptera,Vespertilionidae,DD,0.270640874421951,0.727853717464766,1.32460585066905,2.2599625820094,0.170055854722854,0.585189705143303,1.78928114339266,0.0,0,1000,GBIF_accepted,Hypsugo_lophurus,False,False,,,
1972,3601,Graphiurus_crassicaudatus,Jentink's Dormouse,Rodentia,Gliridae,DD,0.281266436009555,0.700862515963053,1.32453487592999,2.29046482595079,0.177631916742631,0.573798336440478,2.02464889240641,0.0,0,1000,direct,Graphiurus_crassicaudatus,False,False,,,
2050,3613,Lophostoma_aequatorialis,,Chiroptera,Phyllostomidae,NM,0.269472805984949,0.675134173710491,1.31947718073714,2.09231810357745,0.181703501084761,0.613161169580903,1.84929367800536,0.0,0,1000,no_RedList_match,,False,False,,,
2035,3615,Chibchanomys_trichotis,Chibchan Water Mouse,Rodentia,Cricetidae,DD,0.270914357656943,0.745106783672951,1.31856092193444,1.86812414392185,0.187043744980449,0.672121977081869,0.946954890187894,0.0,0,1000,direct,Chibchanomys_trichotis,False,False,,,
2595,3618,Gerbillus_latastei,Lataste's Gerbil,Rodentia,Muridae,DD,0.20415006998776,0.524809379969479,1.31772744911882,1.02714919996624,0.188590011337757,0.582059065106613,1.09263813516197,0.0,0,1000,direct,Gerbillus_latastei,False,False,,,
2076,3619,Elephas_antiquus,,Proboscidea,Elephantidae,NM,0.266023174020125,0.637437763645809,1.31763126956529,1.35618454839263,0.163962091329907,0.539796630341804,0.79751794133186,0.0,0,1000,no_RedList_match,,False,False,,,
1929,3623,Elephas_cypriotes,,Proboscidea,Elephantidae,NM,0.287081668566218,0.675513639803818,1.3166853780094,1.37522697166156,0.164276558945935,0.544695646294861,0.79751794133186,0.0,0,1000,no_RedList_match,,False,False,,,
2081,3626,Pithecheir_parvus,Malay Peninsula Pithecheir,Rodentia,Muridae,DD,0.264406181357964,0.67825295397776,1.31630405465969,1.60895821995937,0.182932911459228,0.62717503597055,1.07791030352832,0.0,0,1000,direct,Pithecheir_parvus,False,False,,,
2066,3630,Macruromys_elegans,Lesser Small-toothed Rat,Rodentia,Muridae,DD,0.267754782792318,0.737039125351827,1.31412813660365,1.85379388112483,0.184513414993001,0.596653181892763,1.64433365555649,0.0,0,1000,direct,Macruromys_elegans,False,False,,,
2194,3631,Lonchophylla_fornicata,,Chiroptera,Phyllostomidae,DD,0.250198444728792,0.658249086249192,1.31406154175439,2.01173031363243,0.168471820934825,0.57214383695109,1.60015911540655,0.0,0,1000,direct,Lonchophylla_fornicata,False,False,,,
2103,3632,Crocidura_zaphiri,,Eulipotyphla,Soricidae,DD,0.262067439156574,0.581671791986893,1.31380687440435,1.8773345178197,0.164882393362033,0.52703191060291,1.59826432211805,0.0,0,1000,direct,Crocidura_zaphiri,False,False,,,
2024,3643,Musseromys_gulantang,Banahao Tree-Mouse,Rodentia,Muridae,DD,0.272386384082363,0.73956369030932,1.30942248151017,1.93960111811052,0.185440348058406,0.632158271314865,1.19682621558941,0.0,0,1000,direct,Musseromys_gulantang,False,False,,,
1991,3645,Pipistrellus_aero,,Chiroptera,Vespertilionidae,DD,0.277499879272903,0.759498086177031,1.30820242003812,2.23627608310367,0.18403234180357,0.640099808752673,1.86695550613876,0.0,0,1000,direct,Pipistrellus_aero,False,False,,,
2322,3646,Cavia_porcellus,,Rodentia,Caviidae,NM,0.232395739227846,0.661473665488806,1.30799650603882,0.58114662535558,0.174022630227271,0.577593837215263,1.22700906043317,0.0,0,1000,no_RedList_match,,False,False,,,
2310,3666,Crocidura_erica,Heather Shrew,Eulipotyphla,Soricidae,DD,0.234285564457327,0.607318060601278,1.30051017080524,1.88377580478529,0.166762954451852,0.485762040877407,1.4869345543078,0.0,0,1000,direct,Crocidura_erica,False,False,,,
2235,3674,Crocidura_lwiroensis,Lwiro Shrew,Eulipotyphla,Soricidae,DD,0.245776494517064,0.602863904428652,1.29786229333281,1.75983484768198,0.16521604822198,0.501452097770048,1.586515495956,0.0,0,1000,direct,Crocidura_lwiroensis,False,False,,,
2097,3683,Crocidura_pitmani,,Eulipotyphla,Soricidae,DD,0.262782993294707,0.613963467064251,1.29494338316693,1.98430909540298,0.165991491034188,0.525373409838294,1.63496896073589,0.0,0,1000,direct,Crocidura_pitmani,False,False,,,
2117,3684,Tragulus_williamsoni,Williamson's Chevrotain,Artiodactyla,Tragulidae,DD,0.260675287862801,0.742642477605706,1.29452829552214,1.76013492629121,0.173503458183883,0.484217133874622,1.78664874393147,0.0,0,1000,direct,Tragulus_williamsoni,False,False,,,
2372,3695,Pudu_mephistophiles,Northern Pudu,Artiodactyla,Cervidae,DD,0.226714138231708,0.55698095526515,1.29149866510389,0.515717905335177,0.171722280025171,0.46955559241157,0.56958949857326,0.0,0,1000,direct,Pudu_mephistophiles,False,False,,,
2251,3701,Crocidura_pergrisea,Pale Grey Shrew,Eulipotyphla,Soricidae,DD,0.243551205726214,0.59991450299284,1.28915307158138,1.65176797659282,0.165991491034188,0.521310520772334,1.48028938584373,0.0,0,1000,direct,Crocidura_pergrisea,False,False,,,
2334,3710,Thrichomys_laurentius,,Rodentia,Echimyidae,DD,0.230651461752559,0.584264690955697,1.28545331018568,0.604009364033851,0.170344008566499,0.552992579136426,1.29227671542732,0.0,0,1000,direct,Thrichomys_laurentius,False,False,,,
2189,3714,Hesperoptenus_gaskelli,Gaskell's False Serotine,Chiroptera,Vespertilionidae,DD,0.250829593246945,0.695033052515293,1.28361461002434,2.06453559438416,0.175827105608337,0.572845973031936,1.73338340777195,0.0,0,1000,direct,Hesperoptenus_gaskelli,False,False,,,
2041,3715,Pipistrellus_arabicus,Arabian Pipistrelle,Chiroptera,Vespertilionidae,DD,0.270598062832911,0.726173732287848,1.2825642600503,2.02909496697266,0.183407470861438,0.627442581356524,1.68933537506796,0.0,0,1000,GBIF_accepted,Hypsugo_arabicus,False,False,,,
2529,3716,Rhipidomys_tribei,,Rodentia,Cricetidae,DD,0.209346790427003,0.561485422458905,1.28253977046721,0.781417368704455,0.184476500337859,0.65690920172947,1.14646313937126,0.0,0,1000,direct,Rhipidomys_tribei,False,False,,,
2070,3717,Crocidura_fingui,Fingui White-Toothed Shrew,Eulipotyphla,Soricidae,DD,0.267011646464843,0.6417654823696,1.28205683186932,1.82141257434783,0.166762954451852,0.527301077367044,1.6266728140335,0.0,0,1000,direct,Crocidura_fingui,False,False,,,
2072,3721,Nycticeius_aenobarbus,,Chiroptera,Vespertilionidae,DD,0.266668207148698,0.836669952066264,1.28032493039953,2.22287080829044,0.179548637407013,0.623658636441171,2.09293352427101,0.0,0,1000,direct,Nycticeius_aenobarbus,False,False,,,
2147,3724,Lonchophylla_orcesi,,Chiroptera,Phyllostomidae,DD,0.256969960359408,0.669427858099175,1.27873523726835,2.15729603787161,0.168300561132132,0.572334736298628,1.61254730062851,0.0,0,1000,direct,Lonchophylla_orcesi,False,False,,,
2040,3725,Tadarida_ventralis,African Giant Free-tailed Bat,Chiroptera,Molossidae,DD,0.270615730355902,0.761845354578358,1.27797336261083,2.10322832263927,0.178541398339759,0.635459045511742,1.86747171692927,0.0,0,1000,direct,Tadarida_ventralis,False,False,,,
2213,3729,Crocidura_bottegi,Bottego's Shrew,Eulipotyphla,Soricidae,DD,0.24851902607612,0.613211946230658,1.27556022509521,1.86248306805069,0.166762954451852,0.474482730382282,1.56632297931242,0.0,0,1000,direct,Crocidura_bottegi,False,False,,,
2085,3730,Lophostoma_kalkoae,,Chiroptera,Phyllostomidae,DD,0.264195221342893,0.74559504564462,1.27552878695317,2.0425491424254,0.181703501084761,0.605315941076219,1.80476914906685,0.0,0,1000,direct,Lophostoma_kalkoae,False,False,,,
2151,3733,Mesomys_leniceps,,Rodentia,Echimyidae,DD,0.256371978368164,0.657780578576421,1.27477787679722,1.71983947231815,0.169534794301079,0.556588581717068,1.71714219610669,0.0,0,1000,direct,Mesomys_leniceps,False,False,,,
2173,3738,Pipistrellus_vordermanni,Vordermann's Pipistrelle,Chiroptera,Vespertilionidae,DD,0.253084896918133,0.674846752680757,1.27352506470782,2.11066123212406,0.174070030175688,0.570850013565285,1.68417288642712,0.0,0,1000,GBIF_accepted,Hypsugo_vordermanni,False,False,,,
2170,3759,Lasiurus_ebenus,,Chiroptera,Vespertilionidae,DD,0.253388110734879,0.612977123561304,1.26682219662149,1.97487182416999,0.17772849736262,0.598753353453769,1.67650480840345,0.0,0,1000,direct,Lasiurus_ebenus,False,False,,,
2185,3765,Crocidura_dhofarensis,Dhofarian Shrew,Eulipotyphla,Soricidae,DD,0.251273222306286,0.66114569995629,1.26549366714345,1.76771329525717,0.165757839263197,0.539570743151957,1.53318544858803,0.0,0,1000,direct,Crocidura_dhofarensis,False,False,,,
2149,3767,Crocidura_guy,Guy’s Shrew,Eulipotyphla,Soricidae,DD,0.25682263557008,0.587424994478048,1.26538207057083,1.70499613336022,0.165991491034188,0.501605725939104,1.49188721648111,0.0,0,1000,direct,Crocidura_guy,False,False,,,
2263,3768,Crocidura_katinka,,Eulipotyphla,Soricidae,DD,0.241498999974817,0.57996271768421,1.26503333723395,1.74719459358637,0.166762954451852,0.53455871476351,1.5123515881194,0.0,0,1000,direct,Crocidura_katinka,False,False,,,
2203,3769,Molossus_alvarezi,,Chiroptera,Molossidae,DD,0.249478595556757,0.69507150236321,1.26500067667252,1.87944546662393,0.182814367944735,0.628128300112339,1.6979078754614,0.0,0,1000,direct,Molossus_alvarezi,True,True,exact,Molossus_alvarezi,GCA_037157525.1
2129,3772,Cryptotis_niausa,Blind Small-eared Shrew,Eulipotyphla,Soricidae,DD,0.259200545785261,0.646482565359532,1.26378407352125,1.87736570421739,0.165605638882113,0.501314865069425,1.5746954542542,0.0,0,1000,direct,Cryptotis_niausa,False,False,,,
2424,3780,Otomys_dartmouthi,Ruwenzori Vlei Rat,Rodentia,Muridae,DD,0.220549266944715,0.609828129706012,1.2585972614728,0.401904318013028,0.179281478799195,0.545573729969399,1.10802253003081,0.0,0,1000,direct,Otomys_dartmouthi,False,False,,,
2232,3788,Crocidura_polia,Fuscous Shrew,Eulipotyphla,Soricidae,DD,0.246054200463477,0.615087643458762,1.25551335022083,1.7826220281311,0.166762954451852,0.485454643420595,1.58587557902666,0.0,0,1000,direct,Crocidura_polia,False,False,,,
2165,3792,Crocidura_nana,Dwarf White-toothed Shrew,Eulipotyphla,Soricidae,DD,0.253739825551284,0.605886660373733,1.25216733440155,1.90107335932887,0.165757839263197,0.527474430819069,1.56414880550068,0.0,0,1000,direct,Crocidura_nana,False,False,,,
2314,3794,Proechimys_trinitatus,Trinidad Spiny Rat,Rodentia,Echimyidae,DD,0.234047848113947,0.612569081503787,1.25191424193271,1.79157300954793,0.170528381961299,0.559677534770214,1.48348736965703,0.0,0,1000,MDD_synonym,Proechimys_trinitatis,False,False,,,
2351,3799,Crocidura_susiana,Iranian Shrew,Eulipotyphla,Soricidae,DD,0.228418710259792,0.663899383107709,1.24944688740556,1.70584266917141,0.16521604822198,0.501452097770048,1.47784743753608,0.0,0,1000,direct,Crocidura_susiana,False,False,,,
2247,3811,Crocidura_annamitensis,Annamite shrew,Eulipotyphla,Soricidae,DD,0.244188221924087,0.606444148106001,1.24626554849519,1.77122255052591,0.167474492415617,0.527160363939215,1.53091793476638,0.0,0,1000,direct,Crocidura_annamitensis,False,False,,,
2429,3813,Mops_bakarii,,Chiroptera,Molossidae,DD,0.219681427615894,0.556361281790065,1.24611580536684,1.2768209917207,0.183232404712714,0.623305106558338,1.19176680318368,0.0,0,1000,direct,Mops_bakarii,False,False,,,
2353,3818,Crocidura_armenica,Armenian Shrew,Eulipotyphla,Soricidae,DD,0.228403509862034,0.61320906613382,1.24321937832486,1.68428074155031,0.165389535956814,0.505244596386314,1.49033599899818,0.0,0,1000,direct,Crocidura_armenica,False,False,,,
2167,3827,Pogonomys_championi,Champion's Tree Mouse,Rodentia,Muridae,DD,0.253597783485317,0.618598121266783,1.2390278332377,1.5365895135636,0.184513414993001,0.613802276201053,1.47999126461218,0.0,0,1000,direct,Pogonomys_championi,False,False,,,
2369,3832,Bos_frontalis,,Artiodactyla,Bovidae,NM,0.226855629696044,0.598102517332154,1.23492574637849,0.482549484922564,0.173922185920503,0.498832142894709,0.7705178935425,0.0,0,1000,no_RedList_match,,False,False,,,
2493,3834,Dasyprocta_azarae,,Rodentia,Dasyproctidae,DD,0.212423982537783,0.508983416000118,1.23368074037659,1.09726041031062,0.178445515735906,0.57592484995474,1.18924173496924,0.0,0,1000,direct,Dasyprocta_azarae,False,False,,,
2099,3838,Graphiurus_walterverheyeni,,Rodentia,Gliridae,DD,0.262682318658282,0.716950461256677,1.2325458316069,2.22811721605725,0.176573262048185,0.57303833778915,2.08761096913761,0.0,0,1000,direct,Graphiurus_walterverheyeni,False,False,,,
2197,3843,Maxomys_baeodon,Small Bornean Maxomys,Rodentia,Muridae,DD,0.24999120977373,0.632958366688108,1.22988743060856,1.64020971907556,0.19257226440059,0.621792340670544,1.49583476382767,0.0,0,1000,direct,Maxomys_baeodon,False,False,,,
2134,3850,Glauconycteris_kenyacola,Kenyan Wattled Bat,Chiroptera,Vespertilionidae,DD,0.258523873952311,0.767993591200488,1.22610540573594,1.98410972584645,0.175827105608337,0.62258614461601,1.77708388909239,0.0,0,1000,direct,Glauconycteris_kenyacola,False,False,,,
2287,3857,Sciurus_flammifer,,Rodentia,Sciuridae,DD,0.23833966255833,0.571939643953345,1.22359968743323,1.84461441469099,0.184336811190649,0.61273852801505,1.59462139389755,0.0,0,1000,direct,Sciurus_flammifer,False,False,,,
2226,3861,Sorex_buchariensis,Pamir Shrew,Eulipotyphla,Soricidae,DD,0.24705262288001,0.608750948896444,1.22186846173088,1.85332083696795,0.166341651089203,0.468688717500592,1.77645870921628,0.0,0,1000,direct,Sorex_buchariensis,False,False,,,
2241,3864,Oenomys_ornatus,Ghana Rufous-nosed Rat,Rodentia,Muridae,DD,0.244917402576032,0.605232941378467,1.22078827564702,1.66394632441193,0.184476500337859,0.582543301969622,1.55094124207062,0.0,0,1000,direct,Oenomys_ornatus,False,False,,,
2221,3869,Callosciurus_albescens,Kloss’s Squirrel,Rodentia,Sciuridae,DD,0.247889258679875,0.614686050766805,1.21932699430257,1.85885705441799,0.180991959034462,0.572502231192143,1.71721187801487,0.0,0,1000,direct,Callosciurus_albescens,False,False,,,
2220,3872,Proechimys_kulinae,,Rodentia,Echimyidae,DD,0.247935020866999,0.598945048914998,1.21786147429551,1.71498478348353,0.170528381961299,0.559677534770214,1.46629882578028,0.0,0,1000,direct,Proechimys_kulinae,False,False,,,
2346,3875,Rhogeessa_hussoni,,Chiroptera,Vespertilionidae,DD,0.228978466112569,0.669937662598446,1.21716942677775,1.62363820813522,0.17672088535038,0.606998660282135,1.47012361139043,0.0,0,1000,direct,Rhogeessa_hussoni,False,False,,,
2302,3889,Oryzomys_dimidiatus,Thomas's Rice Rat,Rodentia,Cricetidae,DD,0.235287879904405,0.582625798749129,1.21271030486919,1.3424154571973,0.181350140272025,0.657650403646763,0.972943271080089,0.0,0,1000,direct,Oryzomys_dimidiatus,False,False,,,
2533,3898,Pteropus_speciosus,Philippine Gray Flying Fox,Chiroptera,Pteropodidae,DD,0.209005583177336,0.559126164414875,1.2092071187312,0.410091548955561,0.176675885137003,0.562875230941379,1.06668208171046,0.0,0,1000,direct,Pteropus_speciosus,False,False,,,
2374,3900,Sorex_ixtlanensis,,Eulipotyphla,Soricidae,DD,0.226254061929056,0.561964251606686,1.20792828115049,1.81913950438871,0.165991491034188,0.469300555250964,1.68649928724934,0.0,0,1000,direct,Sorex_ixtlanensis,False,False,,,
2422,3905,Neoromicia_melckorum,Melck's Serotine Bat,Chiroptera,Vespertilionidae,DD,0.221152279818728,0.630079925579308,1.20562918722739,1.87200870044463,0.17772849736262,0.621914645910884,1.57167118380558,0.0,0,1000,direct,Neoromicia_melckorum,False,False,,,
2229,3915,Uromys_siebersi,Great Key Island Uromys,Rodentia,Muridae,DD,0.24676142512354,0.592660023739929,1.20075447568304,1.77461390411353,0.180859327457414,0.570263733564334,1.08174056330055,0.0,0,1000,direct,Uromys_siebersi,False,False,,,
2380,3918,Petaurista_marica,,Rodentia,Sciuridae,NM,0.225274370898214,0.580878127366575,1.19949207661879,0.613087839945221,0.178445515735906,0.596899602455226,1.14842098316161,0.0,0,1000,no_RedList_match,,False,False,,,
2312,3924,Neoromicia_helios,Heller's Serotine,Chiroptera,Vespertilionidae,DD,0.234188938502933,0.608859879575432,1.19740979639748,1.65138147574436,0.175827105608337,0.61459124986619,1.5196599617273,0.0,0,1000,MDD_synonym,Afronycteris_helios,False,False,,,
2269,3939,Crocidura_hilliana,Hill's Shrew,Eulipotyphla,Soricidae,DD,0.240186099152542,0.544530699648745,1.19173898463826,1.82899272156142,0.166341651089203,0.525373409838294,1.49134669029942,0.0,0,1000,direct,Crocidura_hilliana,False,False,,,
2473,3945,Myotis_simus,,Chiroptera,Vespertilionidae,DD,0.214408409793453,0.580729755290146,1.19048751492919,0.537805115738693,0.18403234180357,0.560361017383153,1.15138742914483,0.0,0,1000,direct,Myotis_simus,False,False,,,
2276,3947,Crocidura_grandis,Greater Mindanao Shrew,Eulipotyphla,Soricidae,DD,0.23962545879674,0.587940377291207,1.19000202044103,1.73640180765581,0.165991491034188,0.528347766448222,1.45351581711661,0.0,0,1000,direct,Crocidura_grandis,False,False,,,
2308,3948,Tylomys_fulviventer,,Rodentia,Cricetidae,DD,0.234395942159774,0.616624368930085,1.18977340334342,1.7485144742603,0.188371595048236,0.672435297356601,1.2214095141883,0.0,0,1000,direct,Tylomys_fulviventer,False,False,,,
2349,3953,Crocidura_vosmaeri,Banka Shrew,Eulipotyphla,Soricidae,DD,0.228679146345472,0.625489473296137,1.18802804843153,1.73415403674909,0.165605638882113,0.53605113757738,1.50213375839347,0.0,0,1000,direct,Crocidura_vosmaeri,False,False,,,
2366,3957,Neoromicia_flavescens,,Chiroptera,Vespertilionidae,NM,0.226963556108919,0.620197711701101,1.18712823040138,1.59332412754367,0.17672088535038,0.613796891576769,1.46480999170122,0.0,0,1000,no_RedList_match,,False,False,,,
2420,3959,Proechimys_mincae,,Rodentia,Echimyidae,DD,0.221460332921328,0.59633328708547,1.18667656561965,1.699842331334,0.169534794301079,0.559900415756767,1.46262961091923,0.0,0,1000,direct,Proechimys_mincae,False,False,,,
2230,3962,Myotis_hermani,Herman's Myotis,Chiroptera,Vespertilionidae,DD,0.246650906409477,0.587552503011547,1.18523102183774,1.57858492136476,0.187352290787223,0.567163882648416,1.30341870453333,0.0,0,1000,direct,Myotis_hermani,False,False,,,
2303,3967,Sciurus_pucheranii,Andean Squirrel,Rodentia,Sciuridae,DD,0.235266191832241,0.583631330046357,1.18104178798854,1.61625977219768,0.186212836295837,0.614805820145514,1.56052753581721,0.0,0,1000,direct,Sciurus_pucheranii,False,False,,,
2375,3970,Crocidura_selina,Moon Shrew,Eulipotyphla,Soricidae,DD,0.226189140969346,0.63739481175666,1.18026005866624,1.7782055235937,0.166762954451852,0.527301077367044,1.51147541946146,0.0,0,1000,direct,Crocidura_selina,False,False,,,
2323,3972,Otomops_johnstonei,Johnstone's Giant Mastiff Bat,Chiroptera,Molossidae,DD,0.23230202819268,0.587362551751534,1.17970757858065,1.70090773251965,0.181703501084761,0.638379356073558,1.28783048173761,0.0,0,1000,direct,Otomops_johnstonei,False,False,,,
2327,3976,Chelemys_delfini,,Rodentia,Cricetidae,NM,0.231496086651008,0.614111166344021,1.17770123968395,1.16450812872142,0.177314754181087,0.644346438054596,1.23882363016357,0.0,0,1000,no_RedList_match,,False,False,,,
2270,3986,Tylomys_panamensis,Panamá Climbing Rat,Rodentia,Cricetidae,DD,0.24017553172842,0.545270653504917,1.17509482882332,1.64958236585739,0.187662999398214,0.670241203399852,1.13712461305551,0.0,0,1000,direct,Tylomys_panamensis,False,False,,,
2282,3990,Mormopterus_doriae,Sumatran Mastiff Bat,Chiroptera,Molossidae,DD,0.238687306221842,0.689512106045366,1.17422692570206,1.98463137755088,0.180547109845956,0.614209134139734,1.74413116835409,0.0,0,1000,direct,Mormopterus_doriae,False,False,,,
2214,3992,Hyomys_dammermani,Western White-eared Giant Rat,Rodentia,Muridae,DD,0.248491172043952,0.647383471257438,1.17412901740473,1.82735085200477,0.182932911459228,0.606914266766858,1.48284303130402,0.0,0,1000,direct,Hyomys_dammermani,False,False,,,
2382,3993,Myotis_dieteri,,Chiroptera,Vespertilionidae,DD,0.225098123518096,0.596507884072419,1.1740755181698,1.39529241006544,0.189237056180909,0.56806675849104,1.31752751108635,0.0,0,1000,direct,Myotis_dieteri,False,False,,,
2280,3995,Crocidura_planiceps,Flat-headed Shrew,Eulipotyphla,Soricidae,DD,0.239414167504814,0.599334979305489,1.17341740200772,1.88126031567121,0.165757839263197,0.521779369518009,1.45983864452226,0.0,0,1000,direct,Crocidura_planiceps,False,False,,,
2250,4007,Lasiurus_castaneus,,Chiroptera,Vespertilionidae,DD,0.243763039491883,0.619224597338566,1.17041094670465,1.70134501545935,0.179042431178678,0.606557134877646,1.56780956904948,0.0,0,1000,direct,Lasiurus_castaneus,False,False,,,
2324,4009,Rhogeessa_menchuae,,Chiroptera,Vespertilionidae,DD,0.232285212482066,0.539088993591652,1.1683839458203,1.62607897561536,0.175827105608337,0.605141085793831,1.43244807185465,0.0,0,1000,direct,Rhogeessa_menchuae,False,False,,,
2264,4013,Otomops_formosus,Java Giant Mastiff Bat,Chiroptera,Molossidae,DD,0.240614680643447,0.602133826061166,1.16656169949002,1.82310778703332,0.181703501084761,0.635704842635232,1.32112977675298,0.0,0,1000,direct,Otomops_formosus,False,False,,,
2534,4015,Calomys_cerqueirai,,Rodentia,Cricetidae,NM,0.209002571490949,0.603086096975692,1.16585760442203,0.428541160227573,0.180298561878804,0.625770990233506,1.15687716007901,0.0,0,1000,no_RedList_match,,False,False,,,
2275,4016,Myotis_australis,Australian Myotis,Chiroptera,Vespertilionidae,DD,0.239700037683651,0.539893794854274,1.16575017935323,1.44486015330281,0.189237056180909,0.600643919259753,1.27238000080928,0.0,0,1000,direct,Myotis_australis,False,False,,,
2469,4022,Petaurista_grandis,,Rodentia,Sciuridae,NM,0.214703481914257,0.496409631574625,1.16303741062468,0.669509465985955,0.179465345243834,0.596653609613513,1.09615447413712,0.0,0,1000,no_RedList_match,,False,False,,,
2471,4024,Neoromicia_robertsi,Roberts's Serotine,Chiroptera,Vespertilionidae,DD,0.214485582869651,0.538911650927712,1.16285639236858,0.580939183463472,0.178793730311879,0.613796891576769,0.79311706897611,0.0,0,1000,GBIF_accepted,Laephotis_robertsi,False,False,,,
2583,4033,Heteromys_nubicolens,,Rodentia,Heteromyidae,NM,0.204923812598507,0.570236587491227,1.15799124298567,0.563892250296608,0.179232617678806,0.55920613698566,1.09444656784569,0.0,0,1000,no_RedList_match,,False,False,,,
2330,4040,Proechimys_urichi,Trinidad Spiny Rat,Rodentia,Echimyidae,DD,0.231097131281561,0.587508364683573,1.15629611581656,1.80076530983294,0.176321516849534,0.569906129673086,1.51242960032417,0.0,0,1000,MDD_synonym,Proechimys_trinitatis,False,False,,,
2477,4047,Sylvilagus_insonus,Omiltemi Cottontail,Lagomorpha,Leporidae,DD,0.214058864606767,0.565706313403637,1.1534257345896,1.60340148257225,0.168383038110173,0.570532371841943,1.26156189764443,0.0,0,1000,direct,Sylvilagus_insonus,False,False,,,
2702,4055,Cynomops_paranus,Brown Dog-faced Bat,Chiroptera,Molossidae,DD,0.191882429533444,0.522393075672722,1.1487696795617,0.991743146674584,0.181703501084761,0.637945763280793,1.14860391736483,0.0,0,1000,direct,Cynomops_paranus,False,False,,,
2387,4062,Hylaeamys_tatei,,Rodentia,Cricetidae,DD,0.224682367718661,0.580967058253768,1.14581969776567,1.34427578406688,0.178836655102767,0.660012747824462,1.29997720696873,0.0,0,1000,direct,Hylaeamys_tatei,False,False,,,
2392,4065,Sciurus_pyrrhinus,,Rodentia,Sciuridae,DD,0.224270598621664,0.614116262064254,1.14525698967727,1.7177267239213,0.18548751961592,0.614805820145514,1.5231382641568,0.0,0,1000,direct,Sciurus_pyrrhinus,False,False,,,
2568,4070,Proechimys_chrysaeolus,,Rodentia,Echimyidae,DD,0.20603632392402,0.550673565858688,1.14341838547257,1.69808707355991,0.169534794301079,0.559900415756767,1.42353269478053,0.0,0,1000,direct,Proechimys_chrysaeolus,False,False,,,
2376,4072,Tylonycteris_pygmaeus,,Chiroptera,Vespertilionidae,DD,0.226112501975187,0.55708643331442,1.14320165197914,1.50854388660495,0.174070030175688,0.611493665525625,1.40982609207623,0.0,0,1000,direct,Tylonycteris_pygmaeus,False,False,,,
2468,4078,Microsciurus_santanderensis,Santander Dwarf Squirrel,Rodentia,Sciuridae,DD,0.215112299341236,0.588094335418233,1.14137411083236,1.7240196277598,0.183744619005032,0.596937709979588,1.51695058755073,0.0,0,1000,direct,Microsciurus_santanderensis,False,False,,,
2262,4081,Myotis_handleyi,,Chiroptera,Vespertilionidae,NM,0.242083711619339,0.577621452241252,1.13996213987948,1.64458529251221,0.189237056180909,0.568484553138109,1.29388392985435,0.0,0,1000,no_RedList_match,,False,False,,,
2443,4099,Proechimys_gardneri,,Rodentia,Echimyidae,DD,0.218297730867362,0.639950662482655,1.1325037524179,1.89604133329762,0.171290342518457,0.570009818069538,1.47662102964854,0.0,0,1000,direct,Proechimys_gardneri,False,False,,,
2292,4100,Myopterus_daubentonii,Daubenton's Free-tailed Bat,Chiroptera,Molossidae,DD,0.237716782397173,0.674584154809974,1.13236755081838,1.69815657310424,0.179042431178678,0.623569590516639,1.59627841662678,0.0,0,1000,direct,Myopterus_daubentonii,False,False,,,
2411,4101,Myotis_morrisi,,Chiroptera,Vespertilionidae,DD,0.222400406354814,0.582612030906116,1.13198465530487,1.46690327123351,0.185905841420832,0.563671848721927,1.28239529078813,0.0,0,1000,direct,Myotis_morrisi,False,False,,,
2472,4107,Myotis_csorbai,Csorba’s Mouse-eared Myotis,Chiroptera,Vespertilionidae,DD,0.214470145966695,0.535075024900472,1.13047804443749,1.42862166754986,0.190780908650772,0.573742578790367,1.25301475057131,0.0,0,1000,direct,Myotis_csorbai,False,False,,,
2519,4115,Myotis_alcathoe,Alcathoe Whiskered Bat,Chiroptera,Vespertilionidae,DD,0.210428125256904,0.525219310873946,1.1275914463229,0.570679230361215,0.185043695292369,0.560361017383153,0.86955532206744,0.0,0,1000,direct,Myotis_alcathoe,False,False,,,
2357,4122,Chiropodomys_calamianensis,Palawan Pencil-tailed Tree Mouse,Rodentia,Muridae,DD,0.227595723158855,0.584920676784148,1.12502499693607,1.92537912146597,0.182804400337094,0.559265441060455,1.5431761664749,0.0,0,1000,direct,Chiropodomys_calamianensis,False,False,,,
2602,4125,Myotis_anjouanensis,,Chiroptera,Vespertilionidae,DD,0.203156537714834,0.458897788368356,1.1232724499183,0.587963063095295,0.185905841420832,0.563519497492648,0.91451880327215,0.0,0,1000,direct,Myotis_anjouanensis,False,False,,,
2572,4132,Rhinolophus_francisi,,Chiroptera,Rhinolophidae,NM,0.205771390953222,0.557615294793518,1.12061141216319,1.5624690506525,0.164581443907176,0.450501884831969,1.44690081554105,0.0,0,1000,no_RedList_match,,False,False,,,
2363,4142,Petaurista_siangensis,,Rodentia,Sciuridae,NM,0.227264199536796,0.568593762905692,1.11571486276483,1.74307937224343,0.180639228092253,0.605644639553402,1.53504352583731,0.0,0,1000,no_RedList_match,,False,False,,,
2437,4143,Proechimys_magdalenae,,Rodentia,Echimyidae,DD,0.218991121844807,0.641561386846213,1.11539426260513,1.64428981955125,0.170528381961299,0.559796727360315,1.4105693221366,0.0,0,1000,MDD_synonym,Proechimys_chrysaeolus,False,False,,,
2428,4145,Proechimys_oconnelli,,Rodentia,Echimyidae,DD,0.219866827828865,0.574053968651078,1.11486288964408,1.70704213572175,0.171290342518457,0.569966868317704,1.44745407553362,0.0,0,1000,direct,Proechimys_oconnelli,False,False,,,
2425,4147,Chiropodomys_muroides,Gray-bellied Pencil-tailed Tree Mouse,Rodentia,Muridae,DD,0.220490857114837,0.596197060836892,1.11399160006959,1.79280076668713,0.184347989215724,0.554487523573227,1.53851019787025,0.0,0,1000,direct,Chiropodomys_muroides,False,False,,,
2539,4158,Myotis_midastactus,,Chiroptera,Vespertilionidae,NM,0.208650295603182,0.570541392543676,1.11114000437777,1.43710807147957,0.185043695292369,0.563671848721927,1.3029428657652,0.0,0,1000,no_RedList_match,,False,False,,,
2616,4159,Sorex_kozlovi,Kozlov's Shrew,Eulipotyphla,Soricidae,DD,0.201755708181152,0.543619741045204,1.1109450965213,1.64352075930713,0.165605638882113,0.499019592942612,1.5859684555177,0.0,0,1000,direct,Sorex_kozlovi,False,False,,,
2771,4162,Miniopterus_griffithsi,Griffiths’s Long-fingered Bat,Chiroptera,Miniopteridae,DD,0.184625630700102,0.54003321282262,1.11042084137871,0.631056028574556,0.179548637407013,0.623440615848022,1.03920122650472,0.0,0,1000,direct,Miniopterus_griffithsi,False,False,,,
2364,4185,Carpomys_melanurus,Large Luzon Carpomys,Rodentia,Muridae,DD,0.227014924726539,0.558040965400682,1.10070615787027,1.69921247381925,0.1847344135563,0.624465863082568,1.40719428107377,0.0,0,1000,direct,Carpomys_melanurus,False,False,,,
2499,4188,Margaretamys_parvus,Little Margareta Rat,Rodentia,Muridae,DD,0.212102773367762,0.595724989915716,1.10026901500273,1.49338766960304,0.184513414993001,0.627085451736279,1.34966364035185,0.0,0,1000,direct,Margaretamys_parvus,False,False,,,
2484,4189,Myotis_oreias,Singaporese Whiskered Myotis,Chiroptera,Vespertilionidae,DD,0.213629899991993,0.545985376441695,1.10008602450045,1.53645435227304,0.180474730371037,0.556224787580202,1.27498893585765,0.0,0,1000,direct,Myotis_oreias,False,False,,,
2551,4190,Myotis_cobanensis,,Chiroptera,Vespertilionidae,DD,0.207794292745928,0.493709414516958,1.0998746905666,1.54448313721519,0.181579758791239,0.556039525153798,1.24718302248938,0.0,0,1000,direct,Myotis_cobanensis,False,False,,,
2320,4191,Lemmus_portenkoi,,Rodentia,Cricetidae,DD,0.233136453815061,0.603676155962584,1.09977225903358,1.57196712356653,0.185044092885353,0.634993896857468,1.37623312929386,0.0,0,1000,direct,Lemmus_portenkoi,False,False,,,
2558,4197,Myotis_soror,Reddish myotis,Chiroptera,Vespertilionidae,DD,0.207179036512039,0.51613047872314,1.09829598888007,1.44812206745607,0.182344968628846,0.557204946399341,1.20994606588185,0.0,0,1000,direct,Myotis_soror,False,False,,,
2350,4198,Myotis_bucharensis,Bokhara Whiskered Bat,Chiroptera,Vespertilionidae,DD,0.22853184767508,0.50955431419635,1.09799213264378,1.53315637481653,0.181579758791239,0.557204946399341,1.24626046634642,0.0,0,1000,direct,Myotis_bucharensis,False,False,,,
2398,4202,Otomops_papuensis,Papuan Free-tailed Bat,Chiroptera,Molossidae,DD,0.223887935101402,0.700566474180186,1.09635352879459,1.7605140657733,0.181703501084761,0.635704842635232,1.36016071755611,0.0,0,1000,direct,Otomops_papuensis,False,False,,,
2634,4204,Hypsugo_dolichodon,Long-toothed Pipistrelle,Chiroptera,Vespertilionidae,DD,0.199279043883915,0.507708050325094,1.09583937195023,1.28554847218663,0.175827105608337,0.61008451804336,1.13743102462387,0.0,0,1000,direct,Hypsugo_dolichodon,False,False,,,
2344,4211,Myotis_insularum,Insular Myotis,Chiroptera,Vespertilionidae,DD,0.229142992992041,0.512818225353364,1.09381415577654,1.45400134591273,0.193196560688065,0.618862500919553,1.21365291036386,0.0,0,1000,direct,Myotis_insularum,False,False,,,
2451,4217,Myotis_aelleni,Southern Myotis,Chiroptera,Vespertilionidae,DD,0.217137171527394,0.541536287925344,1.09246383723264,1.44960429582189,0.185905841420832,0.563845657917256,1.28814926239623,0.0,0,1000,direct,Myotis_aelleni,False,False,,,
2562,4218,Sorex_alaskanus,Glacier Bay Water Shrew,Eulipotyphla,Soricidae,DD,0.206940809693258,0.595772102591189,1.09202075459091,1.76070511040521,0.167602450460526,0.506916444008895,1.66566669963635,0.0,0,1000,direct,Sorex_alaskanus,False,False,,,
2693,4219,Bos_grunniens,,Artiodactyla,Bovidae,NM,0.192915559294932,0.472285572164987,1.09134141846656,0.395672511330855,0.173431851346135,0.482201886343718,0.9092812620385,0.0,0,1000,no_RedList_match,,False,False,,,
2592,4220,Orthogeomys_cuniculus,Oaxacan Pocket Gopher,Rodentia,Geomyidae,DD,0.204547418404133,0.510037503551747,1.0910805821132,1.48064764176287,0.181203860843429,0.579726311622281,1.35331119419595,0.0,0,1000,direct,Orthogeomys_cuniculus,False,False,,,
2467,4227,Myotis_badius,Chestnut Myotis,Chiroptera,Vespertilionidae,DD,0.215167701389997,0.594735578198953,1.08928233118028,1.45429748291345,0.179293662991265,0.555243719140129,1.26848302376225,0.0,0,1000,direct,Myotis_badius,False,False,,,
2550,4234,Sciurus_sanborni,,Rodentia,Sciuridae,DD,0.207860922193522,0.553589725881928,1.08682228148307,1.82350264041132,0.183168192728247,0.604267678400303,1.51366183625107,0.0,0,1000,direct,Sciurus_sanborni,False,False,,,
2476,4245,Reithrodontomys_paradoxus,Nicaraguan Harvest Mouse,Rodentia,Cricetidae,DD,0.214222178905797,0.539849228426749,1.08221171347886,1.40067452703397,0.190405080920532,0.67828273302975,1.16489034215912,0.0,0,1000,direct,Reithrodontomys_paradoxus,False,False,,,
2446,4250,Otomops_secundus,Mantled Free-tailed Bat,Chiroptera,Molossidae,DD,0.217502578551907,0.558217813218451,1.08037489767291,1.67378120447591,0.180547109845956,0.635575867966615,1.29813224460424,0.0,0,1000,direct,Otomops_secundus,False,False,,,
2546,4262,Sorex_sinalis,Chinese Shrew,Eulipotyphla,Soricidae,DD,0.208167647612082,0.536371511473063,1.07607289250272,1.53030764991926,0.167096574834081,0.502380507570074,1.54799229052358,0.0,0,1000,direct,Sorex_sinalis,False,False,,,
2510,4264,Glischropus_aquilus,,Chiroptera,Vespertilionidae,NM,0.211165416204639,0.550604638985692,1.07542592746524,1.5123927947815,0.17672088535038,0.57709056527971,1.32693757535173,0.0,0,1000,no_RedList_match,,False,False,,,
2478,4265,Mus_oubanguii,Oubangui Mouse,Rodentia,Muridae,DD,0.214041732694533,0.516643247943712,1.07489404345695,1.50812780911644,0.184476500337859,0.58202024014823,1.3306616700444,0.0,0,1000,direct,Mus_oubanguii,False,False,,,
2744,4279,Nyctimene_sanctacrucis,Nendö Tube-nosed Bat,Chiroptera,Pteropodidae,DD,0.187670924144488,0.51394329307562,1.06785972226056,1.54417183433394,0.168595465815175,0.492591405918125,1.39970060563286,0.0,0,1000,direct,Nyctimene_sanctacrucis,False,False,,,
2506,4286,Myotis_izecksohni,,Chiroptera,Vespertilionidae,DD,0.21140069165858,0.500862556976123,1.06485468293221,1.56939595239728,0.187352290787223,0.592802883270273,1.27279834123253,0.0,0,1000,direct,Myotis_izecksohni,False,False,,,
2679,4296,Mazama_americana,Red Brocket,Artiodactyla,Cervidae,DD,0.194664586122065,0.472605537863643,1.06054482886248,0.525799424538991,0.173431851346135,0.48246004413116,1.04156805690584,0.0,0,1000,direct,Mazama_americana,False,False,,,
2669,4298,Rhinolophus_sakejiensis,,Chiroptera,Rhinolophidae,DD,0.195514310093304,0.486205097281763,1.06029863578329,1.3665057720943,0.164276558945935,0.441533754911427,1.39216955629265,0.0,0,1000,direct,Rhinolophus_sakejiensis,False,False,,,
2644,4307,Myotis_diminutus,,Chiroptera,Vespertilionidae,DD,0.198142256666258,0.499769088025292,1.05541337679274,1.40398683934338,0.181579758791239,0.557019683972937,1.18818947882283,0.0,0,1000,direct,Myotis_diminutus,False,False,,,
2576,4329,Rhinolophus_nereis,Anamban Horseshoe Bat,Chiroptera,Rhinolophidae,DD,0.205357425394697,0.500198768832618,1.04758468640721,1.48782890545422,0.165442603596593,0.466005933449091,1.45495055245774,0.0,0,1000,direct,Rhinolophus_nereis,False,False,,,
2516,4331,Ellobius_alaicus,,Rodentia,Cricetidae,DD,0.210849340967073,0.544137218125327,1.0466669062894,1.666118413735,0.184852399085686,0.654270228091624,1.46254080022348,0.0,0,1000,direct,Ellobius_alaicus,False,False,,,
2687,4338,Rhinolophus_mitratus,Mitred Horseshoe Bat,Chiroptera,Rhinolophidae,DD,0.193303460908546,0.540608173026494,1.04286479635484,1.4686375981991,0.166762954451852,0.465029282864858,1.3400245524191,0.0,0,1000,direct,Rhinolophus_mitratus,False,False,,,
3033,4345,Rhinolophus_convexus,Convex Horseshoe Bat,Chiroptera,Rhinolophidae,DD,0.164046534949143,0.503520152312616,1.04124927332338,1.3031321240104,0.163530784100116,0.442242131653213,1.27104892124427,0.0,0,1000,direct,Rhinolophus_convexus,False,False,,,
2799,4360,Rhinolophus_adami,Adam's Horseshoe Bat,Chiroptera,Rhinolophidae,DD,0.18285612422572,0.509464471878783,1.03492034840443,1.55639760690663,0.164473653464944,0.466005933449091,1.39334359924941,0.0,0,1000,direct,Rhinolophus_adami,False,False,,,
2668,4369,Cerradomys_langguthi,,Rodentia,Cricetidae,NM,0.195591156899118,0.567687176585612,1.03233651211926,0.369070240197334,0.184039333381812,0.664408525853279,1.0419825424235,0.0,0,1000,no_RedList_match,,False,False,,,
2964,4373,Crocidura_mindorus,Mindoro Shrew,Eulipotyphla,Soricidae,DD,0.170563780079441,0.430680957787783,1.03026021431882,0.543441264982127,0.165991491034188,0.501605725939104,0.91419747991711,0.0,0,1000,direct,Crocidura_mindorus,False,False,,,
2692,4376,Rhinolophus_maendeleo,Maendeleo Horseshoe Bat,Chiroptera,Rhinolophidae,DD,0.192998183814962,0.464284721445767,1.02953732342833,1.44591103011342,0.166762954451852,0.465029282864858,1.30035363549061,0.0,0,1000,direct,Rhinolophus_maendeleo,False,False,,,
2819,4388,Nyctimene_cyclotis,Round-eared Tube-nosed Bat,Chiroptera,Pteropodidae,DD,0.181575583878453,0.501542136869838,1.02525254750481,1.52189181990178,0.168328786088906,0.492438256169321,1.33418593345752,0.0,0,1000,direct,Nyctimene_cyclotis,False,False,,,
2646,4393,Sylvilagus_varynaensis,Venezuelan Lowland Rabbit,Lagomorpha,Leporidae,DD,0.197795858905368,0.516195914570588,1.02211043024274,1.57325717267695,0.167201609279599,0.561702193508168,1.25273615400416,0.0,0,1000,direct,Sylvilagus_varynaensis,False,False,,,
2507,4395,Chiropodomys_pusillus,Lesser Pencil-tailed Tree Mouse,Rodentia,Muridae,DD,0.21126764700772,0.612110431425115,1.02185856648975,1.92896625260108,0.182804400337094,0.554487523573227,1.56038113880216,0.0,0,1000,direct,Chiropodomys_pusillus,False,False,,,
2596,4407,Scotoecus_albofuscus,Light-winged Lesser House Bat,Chiroptera,Vespertilionidae,DD,0.204098902367589,0.534643812847244,1.01579115349276,1.72844315211705,0.170238909629781,0.60639097737365,1.59492631792074,0.0,0,1000,direct,Scotoecus_albofuscus,False,False,,,
2535,4412,Myotis_rufopictus,Orange-fingered Myotis,Chiroptera,Vespertilionidae,DD,0.208981463465785,0.522210328800566,1.01312480498165,1.41663616583775,0.190099351652933,0.601794563943173,1.19035990383492,0.0,0,1000,direct,Myotis_rufopictus,False,False,,,
2686,4413,Nyctimene_draconilla,Lesser Tube-nosed Bat,Chiroptera,Pteropodidae,DD,0.193890470484411,0.499899470194761,1.01256090296917,1.50145896371175,0.170095144505866,0.498584020917048,1.32752350886672,0.0,0,1000,direct,Nyctimene_draconilla,False,False,,,
2555,4429,Aotus_jorgehernandezi,Hernández-Camacho’s Night Monkey,Primates,Aotidae,DD,0.207402969282061,0.573366760038165,1.0074891889325,1.43639940742546,0.177513548684819,0.57247491324217,1.34843559839115,0.0,0,1000,direct,Aotus_jorgehernandezi,False,False,,,
2736,4434,Sturnira_sorianoi,,Chiroptera,Phyllostomidae,DD,0.188216767604086,0.536623748831177,1.00464519800295,1.34582919883589,0.17672088535038,0.582274446959609,1.21406219150281,0.0,0,1000,direct,Sturnira_sorianoi,False,False,,,
2921,4437,Rhinolophus_schnitzleri,Schnitzler’s Horseshoe Bat,Chiroptera,Rhinolophidae,DD,0.173654748925929,0.470039883434663,1.00372810465321,1.30003187515465,0.164581443907176,0.466005933449091,1.23722809247009,0.0,0,1000,direct,Rhinolophus_schnitzleri,False,False,,,
2496,4446,Phyllotis_osgoodi,,Rodentia,Cricetidae,DD,0.212268547303871,0.474989099987159,1.00112156748566,1.26543200274776,0.178836655102767,0.625770990233506,1.18465874879414,0.0,0,1000,direct,Phyllotis_osgoodi,False,False,,,
2637,4455,Rhinolophus_silvestris,Forest Horseshoe Bat,Chiroptera,Rhinolophidae,DD,0.199038609275313,0.472789806735599,0.998818386303687,1.42965053781138,0.164473653464944,0.461585966438189,1.35466551885858,0.0,0,1000,direct,Rhinolophus_silvestris,False,False,,,
2630,4461,Glischropus_javanus,Javan Thick-thumbed Bat,Chiroptera,Vespertilionidae,DD,0.199564250068216,0.496077692428402,0.996676766597946,1.59600832307014,0.174070030175688,0.57709056527971,1.32933031828124,0.0,0,1000,direct,Glischropus_javanus,False,False,,,
2579,4462,Sturnira_mistratensis,,Chiroptera,Phyllostomidae,DD,0.205246171378786,0.543503901920877,0.996522041607599,1.45188776396676,0.176938095184123,0.577974342802501,1.35956656733295,0.0,0,1000,direct,Sturnira_mistratensis,False,False,,,
2455,4470,Meriones_zarudnyi,,Rodentia,Muridae,DD,0.216525675697992,0.537578739904716,0.994535349112779,1.52335914432264,0.187664990530121,0.58762099617658,1.39783872428046,0.0,0,1000,direct,Meriones_zarudnyi,False,False,,,
2664,4478,Nyctimene_masalai,Demonic Tube-nosed Bat,Chiroptera,Pteropodidae,DD,0.195867927011308,0.506015109372666,0.992078385438463,1.32003723150766,0.168328786088906,0.492489091874593,1.4152638990785,0.0,0,1000,direct,Nyctimene_masalai,False,False,,,
2775,4479,Coendou_quichua,,Rodentia,Erethizontidae,DD,0.184402415770712,0.485148727146535,0.991793043778023,0.530975663082288,0.178445515735906,0.574692274165113,0.97293134454247,0.0,0,1000,direct,Coendou_quichua,False,False,,,
2511,4480,Brucepattersonius_paradisus,Arroyo of Paradise Akodont,Rodentia,Cricetidae,DD,0.211075321022244,0.45390668317576,0.991704118146512,1.48535269364794,0.185785744229175,0.662893289921699,1.06296142109469,0.0,0,1000,direct,Brucepattersonius_paradisus,False,False,,,
2488,4485,Mus_goundae,Gounda Mouse,Rodentia,Muridae,DD,0.213249566430988,0.527513575440397,0.9894144124339,1.55632326124548,0.182804400337094,0.569884407614221,1.28974632756254,0.0,0,1000,direct,Mus_goundae,False,False,,,
2655,4487,Rhinolophus_shortridgei,Shortridge's Horseshoe Bat,Chiroptera,Rhinolophidae,DD,0.196659661539827,0.459749226720992,0.988493714594817,1.38693531189666,0.164276558945935,0.462424498114528,1.33589085481599,0.0,0,1000,direct,Rhinolophus_shortridgei,False,False,,,
2601,4489,Homo_sapiens,,Primates,Hominidae,NM,0.203181161249371,0.519774630602583,0.987488031977296,0.454075163531535,0.177513548684819,0.572232123815454,0.899206645021,0.0,0,1000,no_RedList_match,,True,True,exact,Homo_sapiens,GCA_009914755.4
2600,4490,Brucepattersonius_guarani,Guaraní Akodont,Rodentia,Cricetidae,DD,0.203191847918781,0.463878489851902,0.987358888164495,1.42373902655688,0.186442509462294,0.665204352550452,1.01300571155667,0.0,0,1000,direct,Brucepattersonius_guarani,False,False,,,
2620,4493,Brucepattersonius_albinasus,Gray-bellied Akodont,Rodentia,Cricetidae,DD,0.201124363769128,0.501099084540686,0.984593409288946,1.43686713898137,0.186442509462294,0.662481299739779,1.04179810726079,0.0,0,1000,MDD_synonym,Brucepattersonius_griserufescens,False,False,,,
3099,4494,Rhinolophus_subrufus,,Chiroptera,Rhinolophidae,DD,0.159165543429185,0.394893546280019,0.983955013020334,0.53121891000552,0.164276558945935,0.462547542697903,0.93636859744254,0.0,0,1000,direct,Rhinolophus_subrufus,False,False,,,
2754,4496,Rhinolophus_keyensis,Kai Horseshoe Bat,Chiroptera,Rhinolophidae,DD,0.186661872591887,0.499886328972484,0.98381010383978,1.41764520773527,0.164276558945935,0.451478535416201,1.40822719451785,0.0,0,1000,direct,Rhinolophus_keyensis,False,False,,,
2859,4497,Brucepattersonius_griserufescens,Gray-bellied Akodont,Rodentia,Cricetidae,DD,0.178284797655142,0.516425006351675,0.983013533738386,1.41015856799308,0.185785744229175,0.655843153406238,1.01683442735854,0.0,0,1000,direct,Brucepattersonius_griserufescens,False,False,,,
2948,4505,Cavia_patzelti,Sacha Guinea Pig,Rodentia,Caviidae,DD,0.171579556803657,0.468401642757693,0.980179771588776,0.570037738434787,0.177154133476431,0.577533098570645,0.89282013966414,0.0,0,1000,direct,Cavia_patzelti,False,False,,,
2618,4508,Grammomys_buntingi,Bunting's Thicket Rat,Rodentia,Muridae,DD,0.201280162551511,0.527743177263495,0.978431462657785,1.47146696493726,0.183918432151188,0.562440470673856,1.23496585496103,0.0,0,1000,direct,Grammomys_buntingi,False,False,,,
2548,4533,Nyctinomops_kalinowskii,,Chiroptera,Molossidae,NM,0.207907175589695,0.538107456894481,0.969723597489756,1.47078846577644,0.180547109845956,0.637610621202389,1.37339820390362,0.0,0,1000,no_RedList_match,,False,False,,,
2665,4535,Microtus_evoronensis,Evoron Vole,Rodentia,Cricetidae,DD,0.195817835791459,0.490863091179127,0.969647929704315,1.30553068658009,0.184513414993001,0.63915979307467,1.08815606748137,0.0,0,1000,MDD_synonym,Alexandromys_evoronensis,False,False,,,
3036,4559,Miniopterus_fuliginosus,,Chiroptera,Miniopteridae,NM,0.163677074870245,0.483960760248449,0.961672094563183,0.609512898680805,0.180547109845956,0.636026532829089,0.58964398065497,0.0,0,1000,no_RedList_match,,False,False,,,
2791,4566,Chiroderma_vizottoi,Vizotto's Big-eyed Bat,Chiroptera,Phyllostomidae,DD,0.183440450099584,0.499447443061803,0.958772364297313,1.22775123670734,0.17672088535038,0.569750770561398,1.23288222836334,0.0,0,1000,direct,Chiroderma_vizottoi,False,False,,,
2652,4569,Phoniscus_aerosa,Dubious Trumpet-eared Bat,Chiroptera,Vespertilionidae,DD,0.197025327594771,0.56237141252953,0.958194007890049,1.56791327743161,0.180547109845956,0.641268285055058,1.4467681078328,0.0,0,1000,MDD_synonym,Phoniscus_aerosus,False,False,,,
2761,4570,Brucepattersonius_misionensis,Misiones Akodont,Rodentia,Cricetidae,DD,0.185382845636763,0.509859573046462,0.957988588768244,1.35091934075828,0.185785744229175,0.662601275612754,0.974088037601347,0.0,0,1000,direct,Brucepattersonius_misionensis,False,False,,,
2659,4572,Oecomys_sydandersoni,,Rodentia,Cricetidae,NM,0.196290214289709,0.46268981571991,0.957543575698678,1.28104404122817,0.182049713057435,0.667721856260918,1.12422639601902,0.0,0,1000,no_RedList_match,,False,False,,,
2805,4591,Coendou_baturitensis,Baturite Porcupine,Rodentia,Erethizontidae,DD,0.182292162664603,0.454098592958594,0.951529442955172,1.26882564684466,0.178445515735906,0.572568573325247,1.16648781655085,0.0,0,1000,direct,Coendou_baturitensis,False,False,,,
3019,4592,Miniopterus_minor,,Chiroptera,Miniopteridae,DD,0.165391044287129,0.454205512536239,0.951475611807966,0.598615710414627,0.182814367944735,0.640195793229896,0.88369330981014,0.0,0,1000,direct,Miniopterus_minor,False,False,,,
2949,4603,Scotophilus_borbonicus,Lesser Yellow Bat,Chiroptera,Vespertilionidae,DD,0.171569713109502,0.511091423816381,0.947107600926971,0.549441943933928,0.176938095184123,0.636026532829089,0.93688606985521,0.0,0,1000,direct,Scotophilus_borbonicus,False,False,,,
2835,4607,Pteropus_loochoensis,Okinawa Flying-fox,Chiroptera,Pteropodidae,DD,0.179658358320674,0.504313110233014,0.945743104488749,1.06409180015728,0.171968786413411,0.529486480154423,0.95818844956882,0.0,0,1000,direct,Pteropus_loochoensis,False,False,,,
2713,4610,Dasyprocta_kalinowskii,,Rodentia,Dasyproctidae,DD,0.190488053710745,0.526803760877075,0.94533009759383,1.34921941921045,0.177154133476431,0.57592484995474,1.24351069475311,0.0,0,1000,direct,Dasyprocta_kalinowskii,False,False,,,
2848,4614,Rhinolophus_luctoides,,Chiroptera,Rhinolophidae,NM,0.178968843607208,0.480019082097291,0.943834625015394,1.40134282922013,0.164473653464944,0.440833355855281,1.21995083151013,0.0,0,1000,no_RedList_match,,False,False,,,
2787,4617,Grammomys_aridulus,Arid Thicket Rat,Rodentia,Muridae,DD,0.183702072593759,0.505316754523595,0.942905951231644,1.32222998251727,0.183918432151188,0.58370871808983,1.18968511227067,0.0,0,1000,direct,Grammomys_aridulus,False,False,,,
2373,4621,Lophuromys_sabunii,Sabuni's Brush Furred Rat,Rodentia,Muridae,DD,0.22629281591133,0.518102561677106,0.941197949280835,1.41485907326868,0.189386835157634,0.594242824031715,1.28922444583318,0.0,0,1000,direct,Lophuromys_sabunii,False,False,,,
2956,4640,Pteropus_keyensis,Kei Flying Fox,Chiroptera,Pteropodidae,DD,0.17113979440783,0.408161073369822,0.931814390737483,1.0777082647858,0.171968786413411,0.538549662376626,0.919497483483379,0.0,0,1000,direct,Pteropus_keyensis,False,False,,,
2911,4644,Necromys_punctulatus,Spotted Bolo Mouse,Rodentia,Cricetidae,DD,0.17431548607446,0.448019736660851,0.931201880236905,1.39690742154435,0.185440348058406,0.656135167715183,1.16598484799366,0.0,0,1000,direct,Necromys_punctulatus,False,False,,,
2709,4646,Lophuromys_machangui,Machangu's Brush Furred Rat,Rodentia,Muridae,DD,0.190984080694444,0.50196183407032,0.930822318785597,1.336380122285,0.189386835157634,0.609783209463393,1.10205594697993,0.0,0,1000,direct,Lophuromys_machangui,False,False,,,
2935,4662,Lonchorhina_inusitata,,Chiroptera,Phyllostomidae,DD,0.172657010936284,0.45350706395858,0.927172285596684,0.473598314236788,0.179548637407013,0.586361523825125,0.70320178794767,0.0,0,1000,direct,Lonchorhina_inusitata,False,False,,,
3053,4671,Coendou_roosmalenorum,Roosmalen's Porcupine,Rodentia,Erethizontidae,DD,0.162607881407437,0.470883523107107,0.924383121437421,1.11660220761116,0.178445515735906,0.571392651026132,1.07627924921661,0.0,0,1000,direct,Coendou_roosmalenorum,False,False,,,
2673,4676,Neodon_forresti,Forrest's Mountain Vole,Rodentia,Cricetidae,DD,0.195047738378703,0.482686780910761,0.923816463854738,1.19451881814871,0.185785744229175,0.638547646247332,1.01522978823812,0.0,0,1000,direct,Neodon_forresti,False,False,,,
3049,4685,Microtus_anatolicus,Anatolian Vole,Rodentia,Cricetidae,DD,0.162834103600881,0.469392008911596,0.92084069288791,0.298435886699843,0.184513414993001,0.645708693441083,0.88994249963589,0.0,0,1000,direct,Microtus_anatolicus,False,False,,,
2999,4688,Muntiacus_rooseveltorum,Roosevelts' Muntjac,Artiodactyla,Cervidae,DD,0.167402382970415,0.359277413040897,0.919428096468296,0.54333514517643,0.174250467837342,0.48618186895501,0.83554932802357,0.0,0,1000,direct,Muntiacus_rooseveltorum,False,False,,,
2913,4700,Microtus_mujanensis,Muya Valley Vole,Rodentia,Cricetidae,DD,0.174194461082615,0.434271824856367,0.916204928639644,1.26104257842626,0.185044092885353,0.645816855567939,1.07564103484151,0.0,0,1000,MDD_synonym,Alexandromys_mujanensis,False,False,,,
2703,4706,Mylomys_rex,,Rodentia,Muridae,DD,0.191868274957847,0.460993391038767,0.91409751803514,1.27789529957014,0.184476500337859,0.591658757921304,1.15237452524656,0.0,0,1000,direct,Mylomys_rex,False,False,,,
3093,4709,Mops_sarasinorum,Sulawesian Free-tailed Bat,Chiroptera,Molossidae,DD,0.159787747818331,0.471837675469635,0.913392190116869,1.25739245676336,0.182279456381909,0.623404817248843,1.07950190773893,0.0,0,1000,direct,Mops_sarasinorum,False,False,,,
2746,4715,Haeromys_margarettae,Margaret’s Haeromys,Rodentia,Muridae,DD,0.187486818636364,0.431918995663755,0.912105840850955,1.23089732686073,0.184513414993001,0.591484434813693,1.14158130270968,0.0,0,1000,direct,Haeromys_margarettae,False,False,,,
2698,4717,Lophuromys_stanleyi,Stanley's Brush Furred Rat,Rodentia,Muridae,DD,0.192315539863444,0.551881033751004,0.911133578066536,1.31905036436392,0.188590011337757,0.600119521048712,1.23314412591035,0.0,0,1000,direct,Lophuromys_stanleyi,False,False,,,
2937,4720,Glauconycteris_egeria,,Chiroptera,Vespertilionidae,DD,0.172593964414715,0.444410325467263,0.910740862335848,0.695628489512492,0.18403234180357,0.652882538216991,0.89566692720282,0.0,0,1000,direct,Glauconycteris_egeria,False,False,,,
2936,4725,Crunomys_suncoides,Katanglad Shrew Mouse,Rodentia,Muridae,DD,0.172640248063016,0.452823498860147,0.908902270924596,0.368806078174171,0.193369921075011,0.612089398886078,0.83058383302024,0.0,0,1000,direct,Crunomys_suncoides,False,False,,,
2784,4743,Lophuromys_cinereus,,Rodentia,Muridae,DD,0.183805769624308,0.533717821400666,0.904801357046539,1.26022897646798,0.190092299286517,0.609663983930992,1.12078419223723,0.0,0,1000,direct,Lophuromys_cinereus,False,False,,,
3180,4746,Muntiacus_feae,Fea's Muntjac,Artiodactyla,Cervidae,DD,0.153233750538321,0.360151865708521,0.903460725969069,0.537971080818445,0.171722280025171,0.482253422773467,0.77023480776318,0.0,0,1000,direct,Muntiacus_feae,False,False,,,
2834,4747,Pteropus_intermedius,Andersen's Flying Fox,Chiroptera,Pteropodidae,DD,0.179708147714868,0.446556282782076,0.902981554198701,1.10872585400706,0.171968786413411,0.552373562312716,0.905898070373178,0.0,0,1000,direct,Pteropus_intermedius,False,False,,,
2684,4754,Grammomys_caniceps,Grey-headed Thicket Rat,Rodentia,Muridae,DD,0.193918417145497,0.437335079017328,0.901444910919714,1.39974076257092,0.184347989215724,0.583503563678791,1.14031727830301,0.0,0,1000,direct,Grammomys_caniceps,False,False,,,
2723,4755,Madoqua_piacentinii,Silver Dik-dik,Artiodactyla,Bovidae,DD,0.189919668838202,0.51371944071607,0.90133242971741,1.45532548304178,0.173922185920503,0.498322157826964,1.31275373064084,0.0,0,1000,direct,Madoqua_piacentinii,False,False,,,
2828,4759,Solomys_salamonis,Florida Giant Rat,Rodentia,Muridae,DD,0.180587341062891,0.396249311256255,0.900712527375998,0.76462648288316,0.181203860843429,0.557283129855698,0.578739805546507,0.0,0,1000,direct,Solomys_salamonis,False,False,,,
2912,4764,Myoictis_wavicus,Tate’s Three-striped Dasyure,Dasyuromorphia,Dasyuridae,DD,0.174230811760865,0.459698264157299,0.898877308867671,0.497011296540894,0.171161541835892,0.592736534390343,0.845716608351,0.0,0,1000,direct,Myoictis_wavicus,False,False,,,
3046,4766,Scapteromys_meridionalis,,Rodentia,Cricetidae,NM,0.162921922858341,0.471445020933309,0.89772262892486,0.338966751516117,0.185440348058406,0.663269601948324,0.8944706990273,0.0,0,1000,no_RedList_match,,False,False,,,
2701,4773,Callicebus_miltoni,Milton’s Titi Monkey,Primates,Pitheciidae,DD,0.191971645946253,0.459380920820992,0.896319901834603,1.38980405316962,0.177214341813134,0.550430439853311,1.12981031778449,0.0,0,1000,GBIF_accepted,Plecturocebus_miltoni,False,False,,,
2696,4777,Scotophilus_nucella,Robbins's House Bat,Chiroptera,Vespertilionidae,DD,0.192545120724608,0.488780475874395,0.895074900881444,1.38992757923924,0.179548637407013,0.628374097235829,1.4075070130967,0.0,0,1000,direct,Scotophilus_nucella,False,False,,,
2675,4779,Graomys_edithae,,Rodentia,Cricetidae,DD,0.19493986318497,0.486410809892037,0.894493105566747,1.32580675438656,0.178162589748789,0.645346927610388,1.34082824527015,0.0,0,1000,direct,Graomys_edithae,False,False,,,
2866,4783,Callicebus_stephennashi,Stephen Nash’s Titi Monkey,Primates,Pitheciidae,DD,0.177588636411765,0.470878099141299,0.893153170906648,1.38360809589673,0.176040603037455,0.548110000916055,1.14594100334158,0.0,0,1000,GBIF_accepted,Plecturocebus_stephennashi,False,False,,,
2763,4787,Lophuromys_menageshae,North Western Rift Brush-furred Rat,Rodentia,Muridae,DD,0.185122131099231,0.516553684790911,0.89272462540403,1.26889114556488,0.190092299286517,0.594558987798305,1.13778992245895,0.0,0,1000,direct,Lophuromys_menageshae,False,False,,,
2782,4788,Crunomys_fallax,Luzon Shrew Mouse,Rodentia,Muridae,DD,0.183945102830393,0.430061435930356,0.892718592667465,1.0583852394414,0.193369921075011,0.616993956713028,1.03361815881339,0.0,0,1000,direct,Crunomys_fallax,False,False,,,
2977,4793,Myotis_longipes,Kashmir Cave Bat,Chiroptera,Vespertilionidae,DD,0.16963308095178,0.438919377092136,0.89165144234381,0.494370276353527,0.187912423989923,0.568267442936568,0.72723512305123,0.0,0,1000,direct,Myotis_longipes,False,False,,,
2837,4796,Pithecia_vanzolinii,Vanzolini’s Bald-faced Saki,Primates,Pitheciidae,DD,0.179574979319601,0.426117408155573,0.890926582800684,1.39216860915149,0.178163851179345,0.558140673714476,1.14270376468546,0.0,0,1000,direct,Pithecia_vanzolinii,False,False,,,
2711,4811,Holochilus_lagigliai,,Rodentia,Cricetidae,NM,0.190679898928855,0.490913526173377,0.88860119478493,1.28718795575984,0.181350140272025,0.668118055848752,1.19322051008333,0.0,0,1000,no_RedList_match,,False,False,,,
2854,4841,Myotis_annamiticus,Annamit Myotis,Chiroptera,Vespertilionidae,DD,0.178590115439443,0.389803723030706,0.882599610236391,0.525747829914234,0.186821816200561,0.568267442936568,0.719806567916691,0.0,0,1000,direct,Myotis_annamiticus,False,False,,,
2826,4842,Mirzamys_norahae,Mirza’s Eastern Moss-rat,Rodentia,Muridae,DD,0.180892435262437,0.435442790057195,0.882464684094974,1.16451857526843,0.184513414993001,0.591484434813693,1.14720276582736,0.0,0,1000,direct,Mirzamys_norahae,False,False,,,
2877,4857,Neusticomys_ferreirai,,Rodentia,Cricetidae,DD,0.176514564387408,0.420557733257265,0.876233297358049,1.16919509337713,0.185785744229175,0.662601275612754,1.01991447894692,0.0,0,1000,direct,Neusticomys_ferreirai,False,False,,,
2783,4858,Lophuromys_makundii,Makundi's Brush-furred Rat,Rodentia,Muridae,DD,0.183887121476189,0.508229318079266,0.875978470606048,1.34073550553617,0.190092299286517,0.600316459282902,1.12805917621753,0.0,0,1000,direct,Lophuromys_makundii,False,False,,,
2966,4859,Miniopterus_newtoni,,Chiroptera,Miniopteridae,DD,0.170462689965219,0.472434725061149,0.875624669232938,1.12243237886865,0.182279456381909,0.634721396734602,1.15736548242577,0.0,0,1000,direct,Miniopterus_newtoni,False,False,,,
2938,4874,Fukomys_vandewoestijneae,Caroline's Mole Rat,Rodentia,Bathyergidae,DD,0.172314749994831,0.479868240548127,0.870891123263257,1.2431930558921,0.183300764633813,0.615778815088293,1.14836870130579,0.0,0,1000,direct,Fukomys_vandewoestijneae,False,False,,,
3076,4881,Muntiacus_gongshanensis,Gongshan Muntjac,Artiodactyla,Cervidae,DD,0.160876919594886,0.366382458859465,0.867831436615794,1.13887132461527,0.174250467837342,0.486206729583633,0.9015944960293,0.0,0,1000,direct,Muntiacus_gongshanensis,False,False,,,
3040,4884,Lemniscomys_roseveari,Rosevear's Striped Grass Mouse,Rodentia,Muridae,DD,0.163509793126789,0.465348811664793,0.866951236807701,1.32808083208259,0.1847344135563,0.605275747785911,1.12442068433079,0.0,0,1000,direct,Lemniscomys_roseveari,False,False,,,
2920,4890,Petinomys_hageni,Hagen's Flying Squirrel,Rodentia,Sciuridae,DD,0.173661823109605,0.415455310439281,0.866375255321795,1.04498056715873,0.183168192728247,0.617928386243259,0.949327591785914,0.0,0,1000,direct,Petinomys_hageni,False,False,,,
3106,4891,Phyllomys_sulinus,Southern Atlantic Tree Rat,Rodentia,Echimyidae,DD,0.158729198817895,0.393919346083887,0.866126334815823,0.541705738585736,0.171290342518457,0.556484893320616,0.83520381376542,0.0,0,1000,direct,Phyllomys_sulinus,False,False,,,
2944,4894,Falsistrellus_petersi,Peters's Pipistrelle,Chiroptera,Vespertilionidae,DD,0.171772650018325,0.431910921480624,0.865776425808277,1.16381868675157,0.17672088535038,0.627442581356524,1.00821648408196,0.0,0,1000,direct,Falsistrellus_petersi,False,False,,,
3020,4895,Triaenops_parvus,Yemeni Trident Leaf-nosed Bat,Chiroptera,Rhinonycteridae,DD,0.165217840811703,0.515179889770858,0.865666539485589,1.31913714420106,0.164515274651873,0.496547562744698,1.42613544641769,0.0,0,1000,direct,Triaenops_parvus,False,False,,,
3268,4898,Crocidura_panayensis,Panay White-toothed Shrew,Eulipotyphla,Soricidae,DD,0.146695395432114,0.369828268603652,0.864494704110544,0.451628244257674,0.165991491034188,0.505436081835085,0.64213057661511,0.0,0,1000,direct,Crocidura_panayensis,False,False,,,
2890,4899,Dasymys_nudipes,Angolan Shaggy Rat,Rodentia,Muridae,DD,0.17559124610657,0.426340294707731,0.86442439438368,1.3226220203493,0.185440348058406,0.610503961094954,1.14041011947224,0.0,0,1000,direct,Dasymys_nudipes,False,False,,,
3188,4904,Eumops_maurus,,Chiroptera,Molossidae,DD,0.152736801806076,0.442404050180438,0.86291954430213,0.494490565164426,0.178541398339759,0.638250381404941,0.74766172962174,0.0,0,1000,direct,Eumops_maurus,False,False,,,
3034,4906,Falsistrellus_mordax,Pungent Pipistrelle,Chiroptera,Vespertilionidae,DD,0.163985551698919,0.428069189723681,0.862559486666056,1.12106969388056,0.17672088535038,0.627244522589548,0.97736759510786,0.0,0,1000,direct,Falsistrellus_mordax,False,False,,,
3224,4918,Otomys_orestes,,Rodentia,Muridae,NM,0.150275150274105,0.408391907993712,0.859802562575232,0.307047513461089,0.177942142714032,0.53865186845383,0.753788749512,0.0,0,1000,no_RedList_match,,False,False,,,
2862,4921,Muntiacus_puhoatensis,Puhoat Muntjac,Artiodactyla,Cervidae,DD,0.178045731915916,0.393112658925509,0.858687896725082,1.06426137944372,0.171722280025171,0.486206729583633,0.94466569432313,0.0,0,1000,direct,Muntiacus_puhoatensis,False,False,,,
2893,4925,Baiyankamys_habbema,Mountain Water Rat,Rodentia,Muridae,DD,0.175476152073686,0.439479087043182,0.856510422464555,1.24134631724599,0.182932911459228,0.588462680665113,1.11898313186167,0.0,0,1000,direct,Baiyankamys_habbema,False,False,,,
3038,4926,Microtus_nasarovi,Nasarov's Vole,Rodentia,Cricetidae,DD,0.163663351306432,0.460871583403255,0.85643718103629,1.23269424329244,0.186442509462294,0.645543282208935,1.01352038062448,0.0,0,1000,direct,Microtus_nasarovi,False,False,,,
3042,4928,Pithecia_pissinattii,Pissinatti’s Saki,Primates,Pitheciidae,DD,0.163145790234391,0.448291721960195,0.856196220328291,1.2636366831502,0.177214341813134,0.558140673714476,1.09880975595035,0.0,0,1000,direct,Pithecia_pissinattii,False,False,,,
2929,4929,Fukomys_ilariae,Somali Striped Mole-rat,Rodentia,Bathyergidae,DD,0.172964369134679,0.479322346131133,0.856131271525009,1.18201412845961,0.183300764633813,0.615778815088293,1.15267193768977,0.0,0,1000,direct,Fukomys_ilariae,False,False,,,
3077,4942,Petinomys_sagitta,Arrow Flying Squirrel,Rodentia,Sciuridae,DD,0.160826499675747,0.410688748752502,0.851766805239481,1.02224285277289,0.183168192728247,0.615118597656152,0.958583887316471,0.0,0,1000,GBIF_accepted,Hylopetes_sagitta,False,False,,,
2931,4954,Fukomys_foxi,Nigerian Mole Rat,Rodentia,Bathyergidae,DD,0.172872037015856,0.426783066878699,0.849638738660374,1.14331389261058,0.182301474906387,0.597483690516825,1.11951783872687,0.0,0,1000,direct,Fukomys_foxi,False,False,,,
2996,4959,Thomasomys_pyrrhonotus,Thomas's Oldfield Mouse,Rodentia,Cricetidae,DD,0.167882140383998,0.394051247993311,0.84732906988297,1.26645009213241,0.184347989215724,0.636553758238596,1.07173651345674,0.0,0,1000,direct,Thomasomys_pyrrhonotus,False,False,,,
2788,4965,Dasymys_foxi,Fox's Shaggy Rat,Rodentia,Muridae,DD,0.183579848361345,0.484924421185546,0.844905899837538,1.29535180992084,0.185044092885353,0.605043911337277,1.15820808668884,0.0,0,1000,direct,Dasymys_foxi,False,False,,,
3078,4970,Miniopterus_mossambicus,,Chiroptera,Miniopteridae,NM,0.160775889518134,0.446563990078089,0.843884874204079,1.23752719773781,0.179548637407013,0.635793888559764,1.09259595724537,0.0,0,1000,no_RedList_match,,False,False,,,
3000,4981,Chaerephon_russatus,Russet Wrinkle-lipped Bat,Chiroptera,Molossidae,DD,0.167372585247029,0.439655109259367,0.840895146883107,1.20531909094855,0.183232404712714,0.623305106558338,1.01762814338136,0.0,0,1000,MDD_synonym,Mops_russatus,False,False,,,
2892,4982,Eumops_chiribaya,,Chiroptera,Molossidae,NM,0.17550697121023,0.456248876986009,0.840833912566508,1.29213952337972,0.179548637407013,0.637945763280793,1.19912301548021,0.0,0,1000,no_RedList_match,,False,False,,,
2900,4988,Rattus_adustus,Burnished Enggano Rat,Rodentia,Muridae,DD,0.174992965613665,0.407373910633214,0.838781867468951,1.06237240830597,0.188530979315155,0.635273823931595,0.93534716204528,0.0,0,1000,direct,Rattus_adustus,False,False,,,
2840,4991,Pithecia_insuta,,Primates,Pitheciidae,NM,0.179499676836098,0.441187582179143,0.838052180478173,1.29708777935998,0.178163851179345,0.558140673714476,1.14857544870455,0.0,0,1000,no_RedList_match,,False,False,,,
3338,5004,Hipposideros_pendelburyi,,Chiroptera,Hipposideridae,NM,0.141648391901355,0.365299353250064,0.830600680993661,0.433849141293936,0.164473653464944,0.437793647627483,0.79815973444628,0.0,0,1000,no_RedList_match,,False,False,,,
3026,5007,Graomys_centralis,,Rodentia,Cricetidae,DD,0.164662681891151,0.407913408658361,0.830348055327555,0.460995227604826,0.178162589748789,0.645346927610388,0.80154891016617,0.0,0,1000,MDD_synonym,Graomys_chacoensis,False,False,,,
2838,5008,Neusticomys_oyapocki,,Rodentia,Cricetidae,DD,0.179534958569766,0.446947886299616,0.830012278102752,1.13540798989649,0.186442509462294,0.665204352550452,1.03156993648663,0.0,0,1000,direct,Neusticomys_oyapocki,False,False,,,
2875,5010,Lemniscomys_hoogstraali,Hoogstraal's Striped Grass Mouse,Rodentia,Muridae,DD,0.177007419766042,0.449280110826488,0.829312829591769,1.33171661125246,0.1847344135563,0.605275747785911,1.10818785928957,0.0,0,1000,direct,Lemniscomys_hoogstraali,False,False,,,
3315,5023,Lama_glama,,Artiodactyla,Camelidae,NM,0.143481455182612,0.343092400640223,0.825159802784046,0.400655572248069,0.168202196853499,0.484564767580794,0.8255187610858,0.0,0,1000,no_RedList_match,,False,False,,,
3055,5025,Aethomys_stannarius,Tinfields Rock Rat,Rodentia,Muridae,DD,0.162530679461614,0.484747569819238,0.824728582998282,1.40529908639583,0.181037179303071,0.562910350976412,1.25799619204623,0.0,0,1000,direct,Aethomys_stannarius,False,False,,,
3070,5029,Thomasomys_popayanus,Popayán Oldfield Mouse,Rodentia,Cricetidae,DD,0.161549652503274,0.407259206989865,0.823260192046792,1.24668714769061,0.179281478799195,0.637585961983334,1.06731340819634,0.0,0,1000,direct,Thomasomys_popayanus,False,False,,,
2934,5039,Pithecia_isabela,Isabel's Saki,Primates,Pitheciidae,DD,0.172670451190929,0.441969989873507,0.819179766889988,1.30998773759989,0.177513548684819,0.565096659612381,1.12311314364788,0.0,0,1000,direct,Pithecia_isabela,False,False,,,
3011,5046,Ctenomys_coludo,,Rodentia,Ctenomyidae,DD,0.165859558698617,0.422996934070506,0.815962682542003,1.03908722204417,0.169534794301079,0.55826779488187,0.926454260884588,0.0,0,1000,direct,Ctenomys_coludo,False,False,,,
3232,5048,Ctenomys_tulduco,,Rodentia,Ctenomyidae,DD,0.149577087125288,0.416942473003106,0.81582214131758,1.05414214726298,0.168804327640178,0.55826779488187,0.983192929469646,0.0,0,1000,direct,Ctenomys_tulduco,False,False,,,
2982,5049,Rattus_blangorum,Aceh Rat,Rodentia,Muridae,DD,0.16897203376629,0.413491247338785,0.815296788063173,1.10424434606386,0.195301454737209,0.632336470328511,0.91906222742338,0.0,0,1000,direct,Rattus_blangorum,False,False,,,
2998,5060,Homo_neanderthalensis,,Primates,Hominidae,NM,0.167484498364236,0.401971827021782,0.811882157700816,0.449783420438798,0.177214341813134,0.571669318063644,0.7094604346304,0.0,0,1000,no_RedList_match,,False,False,,,
2970,5067,Thamnomys_schoutedeni,Schouteden's Thicket Rat,Rodentia,Muridae,DD,0.17018111692263,0.435398691650929,0.809657439513144,1.17506890099072,0.176905459429293,0.596321081889117,1.07088379942702,0.0,0,1000,direct,Thamnomys_schoutedeni,False,False,,,
3083,5076,Aethomys_silindensis,Selinda Veld Rat,Rodentia,Muridae,DD,0.160626350625052,0.454410104466135,0.804426879838606,1.25115559629564,0.181037179303071,0.562910350976412,1.24565409029586,0.0,0,1000,direct,Aethomys_silindensis,False,False,,,
3155,5077,Ctenomys_fochi,,Rodentia,Ctenomyidae,DD,0.154745917939841,0.373995818375626,0.803818268944326,1.07355577019332,0.169534794301079,0.569906129673086,0.995779681433191,0.0,0,1000,direct,Ctenomys_fochi,False,False,,,
3044,5079,Rhipidomys_caucensis,,Rodentia,Cricetidae,DD,0.162977048433351,0.442282251946202,0.802701404801856,1.08137447482103,0.184347989215724,0.663856057549815,1.01862217863189,0.0,0,1000,direct,Rhipidomys_caucensis,False,False,,,
3010,5081,Pithecia_cazuzai,Cazuza's Saki,Primates,Pitheciidae,DD,0.16588296609088,0.415568606636798,0.80222842145387,1.28393922078634,0.177513548684819,0.565096659612381,1.09257027150519,0.0,0,1000,direct,Pithecia_cazuzai,False,False,,,
2885,5082,Rattus_omichlodes,Arianus's Rat,Rodentia,Muridae,DD,0.175940614043638,0.389273954092946,0.801611811797405,1.13327399808233,0.188530979315155,0.635351957358832,0.961158188869647,0.0,0,1000,direct,Rattus_omichlodes,False,False,,,
3096,5084,Ctenomys_viperinus,,Rodentia,Ctenomyidae,DD,0.159573131621439,0.365827274734877,0.800725366166411,1.00071373167547,0.168804327640178,0.561608744856406,0.922325409894946,0.0,0,1000,direct,Ctenomys_viperinus,False,False,,,
3079,5092,Rattus_koopmani,Koopman’s Peleng Island Rat,Rodentia,Muridae,DD,0.160701700713532,0.422343686170889,0.799850332215326,1.05484100371206,0.190968699891668,0.621792340670544,0.885535486452334,0.0,0,1000,direct,Rattus_koopmani,False,False,,,
3196,5097,Chaerephon_gallagheri,Gallagher's Wrinkle-lipped Bat,Chiroptera,Molossidae,DD,0.152220461296536,0.407387852005299,0.798259569612066,1.03826896302481,0.182814367944735,0.623176131889721,0.95712076068717,0.0,0,1000,MDD_synonym,Mops_gallagheri,False,False,,,
3194,5103,Nyctophilus_heran,Sundan Long-eared Bat,Chiroptera,Vespertilionidae,DD,0.152317397758118,0.383368413883524,0.796943437100813,1.05174155848202,0.182814367944735,0.63457526798895,0.869463453527978,0.0,0,1000,direct,Nyctophilus_heran,False,False,,,
3282,5105,Aconaemys_sagei,Sage's Rock Rat,Rodentia,Octodontidae,DD,0.145906186091661,0.370870516704919,0.796157748314766,0.462515786522802,0.168391638613638,0.56885286661767,0.75516423458056,0.0,0,1000,direct,Aconaemys_sagei,False,False,,,
3071,5107,Mops_trevori,Trevor's Mops Bat,Chiroptera,Molossidae,DD,0.161278458023922,0.383838400897792,0.795920324663504,1.09265385758246,0.181703501084761,0.614789078468588,1.01477895662473,0.0,0,1000,direct,Mops_trevori,False,False,,,
2810,5111,Abrawayaomys_chebezi,,Rodentia,Cricetidae,DD,0.182141668257905,0.449827795498246,0.794344571546944,1.27804767971743,0.185785744229175,0.665496366859397,1.20341446691575,0.0,0,1000,direct,Abrawayaomys_chebezi,False,False,,,
3202,5114,Mops_niangarae,Niangara Mops Bat,Chiroptera,Molossidae,DD,0.151842524403034,0.424798923573353,0.793443359239686,1.15090441427681,0.182279456381909,0.623377309918743,0.980846826317147,0.0,0,1000,direct,Mops_niangarae,False,False,,,
3162,5120,Ctenomys_johannis,,Rodentia,Ctenomyidae,DD,0.154598539891079,0.384069447521533,0.79152830863527,1.04472049229122,0.170344008566499,0.561772231425026,1.00614522478587,0.0,0,1000,direct,Ctenomys_johannis,False,False,,,
3176,5121,Miniopterus_shortridgei,Shortridge's Long-fingered Bat,Chiroptera,Miniopteridae,DD,0.153382179659404,0.424759442763578,0.790778966330027,1.1335705040688,0.179042431178678,0.614109423449229,1.17842770112497,0.0,0,1000,direct,Miniopterus_shortridgei,False,False,,,
3206,5126,Ctenomys_knighti,,Rodentia,Ctenomyidae,DD,0.151467231425133,0.404398062938274,0.788394085323079,0.99968817624351,0.168377190302714,0.552386871039418,0.888872786064871,0.0,0,1000,direct,Ctenomys_knighti,False,False,,,
3296,5127,Ctenomys_validus,,Rodentia,Ctenomyidae,DD,0.144767527585832,0.424580988947197,0.787914045699618,1.00439766830899,0.168391638613638,0.556484893320616,0.910683074004297,0.0,0,1000,direct,Ctenomys_validus,False,False,,,
3048,5129,Stenocephalemys_ruppi,Rupp's Mouse,Rodentia,Muridae,DD,0.162910492100348,0.406856147921159,0.787235410987265,1.00592930318567,0.178784204552274,0.554790806265044,1.11984372193982,0.0,0,1000,direct,Stenocephalemys_ruppi,False,False,,,
3164,5131,Rhipidomys_ochrogaster,,Rodentia,Cricetidae,DD,0.154460555196724,0.411062462871477,0.786628580653616,1.26972435767977,0.184823094322055,0.663667323935985,1.06375458328002,0.0,0,1000,direct,Rhipidomys_ochrogaster,False,False,,,
3089,5141,Coccymys_kirrhos,Tawny Coccymys,Rodentia,Muridae,DD,0.160172187428169,0.387119335338502,0.784122480739973,1.11181300915094,0.184347989215724,0.549455423763666,0.95637431712443,0.0,0,1000,direct,Coccymys_kirrhos,False,False,,,
3264,5148,Ctenomys_famosus,,Rodentia,Ctenomyidae,DD,0.146790954601216,0.405889926425797,0.782279604944513,1.11224278176185,0.168804327640178,0.55826779488187,0.978287008165482,0.0,0,1000,direct,Ctenomys_famosus,False,False,,,
3226,5149,Ctenomys_pontifex,San Luis Tuco-tuco,Rodentia,Ctenomyidae,DD,0.150070766920194,0.383744529207293,0.782199943586239,1.05170737917207,0.168804327640178,0.556365700730515,0.966047643468264,0.0,0,1000,direct,Ctenomys_pontifex,False,False,,,
3239,5154,Ctenomys_juris,,Rodentia,Ctenomyidae,DD,0.148717187668214,0.375854451628424,0.780216724761521,1.00224906533106,0.168804327640178,0.55826779488187,0.914717121695944,0.0,0,1000,direct,Ctenomys_juris,False,False,,,
3120,5155,Muntiacus_montanus,Sumatran Mountain Muntjac,Artiodactyla,Cervidae,DD,0.157562858905098,0.353448374751974,0.779680265041161,1.02459290114321,0.171722280025171,0.486206729583633,0.937340715372886,0.0,0,1000,direct,Muntiacus_montanus,False,False,,,
3432,5156,Lonchophylla_orienticollina,,Chiroptera,Phyllostomidae,DD,0.134812154811705,0.359987139600598,0.779059495650156,0.432156522543957,0.168595465815175,0.57214383695109,0.684962069584774,0.0,0,1000,direct,Lonchophylla_orienticollina,False,False,,,
3317,5158,Felis_catus,,Carnivora,Felidae,NM,0.143382192346923,0.352001575082073,0.778112155115107,0.38001185010177,0.173503458183883,0.538385215513756,0.74939604504009,0.0,0,1000,no_RedList_match,,False,False,,,
3146,5161,Coccymys_albidens,White-toothed Mouse,Rodentia,Muridae,DD,0.155458245741087,0.414146877981571,0.776773863412259,1.10584617533893,0.184347989215724,0.549455423763666,0.968702229172156,0.0,0,1000,MDD_synonym,Brassomys_albidens,False,False,,,
3328,5163,Coendou_vestitus,,Rodentia,Erethizontidae,DD,0.142162301700773,0.356088973959777,0.776247069212067,0.485243917342414,0.181621884245912,0.571392651026132,0.7408862208654,0.0,0,1000,direct,Coendou_vestitus,False,False,,,
3198,5175,Gerbillus_agag,Agag Gerbil,Rodentia,Muridae,DD,0.152113130592217,0.398690016935233,0.772078725202011,1.13403650847023,0.187803958302717,0.580058977743283,1.00099890568596,0.0,0,1000,direct,Gerbillus_agag,False,False,,,
3369,5180,Muntiacus_truongsonensis,Annamite Muntjac,Artiodactyla,Cervidae,DD,0.139462994688182,0.305019772658149,0.769494460830873,0.487728440473724,0.173503458183883,0.486206729583633,0.65063277303257,0.0,0,1000,direct,Muntiacus_truongsonensis,False,False,,,
3200,5187,Melomys_arcium,Rossel Island Melomys,Rodentia,Muridae,DD,0.152035390425656,0.370131363790095,0.767199679826407,1.01615426205108,0.181203860843429,0.570263733564334,0.866692800298169,0.0,0,1000,direct,Melomys_arcium,False,False,,,
2798,5193,Ichthyomys_stolzmanni,,Rodentia,Cricetidae,DD,0.182933483062469,0.396759752550566,0.766419461104823,1.20922628370189,0.186442509462294,0.665204352550452,1.03084498520118,0.0,0,1000,direct,Ichthyomys_stolzmanni,False,False,,,
3292,5194,Ctenomys_brasiliensis,,Rodentia,Ctenomyidae,DD,0.144965559473611,0.406325175859864,0.766129970922279,1.00830248405798,0.169534794301079,0.556202214161894,0.935958734452724,0.0,0,1000,direct,Ctenomys_brasiliensis,False,False,,,
3326,5202,Nyctophilus_shirleyae,Shirley's Long-eared Bat,Chiroptera,Vespertilionidae,DD,0.142301511703529,0.36278285033158,0.764026137419502,1.02851762465785,0.182221820014356,0.626901636139938,0.81411425146399,0.0,0,1000,direct,Nyctophilus_shirleyae,False,False,,,
3143,5207,Rattus_tawitawiensis,Tawitawi Forest Rat,Rodentia,Muridae,DD,0.155564817635461,0.421287933171872,0.762694747334567,1.07488310082201,0.187308601474219,0.633641174844345,0.906875594998928,0.0,0,1000,direct,Rattus_tawitawiensis,False,False,,,
3110,5209,Ctenomys_dorsalis,Chacoan Tuco-tuco,Rodentia,Ctenomyidae,DD,0.158405432745499,0.381893079151786,0.762378167342053,1.0195156000365,0.168804327640178,0.556202214161894,0.93917825420958,0.0,0,1000,direct,Ctenomys_dorsalis,False,False,,,
3213,5215,Rattus_korinchi,Sumatran Mountain Rat,Rodentia,Muridae,DD,0.151069497349208,0.355270870065235,0.761382394011202,1.03599388525749,0.188530979315155,0.635273823931595,0.845531584413402,0.0,0,1000,direct,Rattus_korinchi,False,False,,,
3251,5216,Gerbillus_stigmonyx,,Rodentia,Muridae,DD,0.147577195327978,0.414124495662071,0.761271580355162,1.09551503836556,0.187664990530121,0.579452815527116,0.97590683231552,0.0,0,1000,direct,Gerbillus_stigmonyx,False,False,,,
3386,5220,Melomys_paveli,Pavel’s Seram Melomys,Rodentia,Muridae,DD,0.138028042777061,0.379696127984902,0.76036780704416,0.854833582648146,0.180102745531761,0.552204273927458,0.768480865150915,0.0,0,1000,direct,Melomys_paveli,False,False,,,
3415,5226,Cryptotis_peregrina,Oaxacan Broad-clawed Shrew,Eulipotyphla,Soricidae,DD,0.135877104710872,0.319683746484847,0.759219121601593,0.564325077402691,0.165757839263197,0.473668100171606,0.68629603269743,0.0,0,1000,direct,Cryptotis_peregrina,False,False,,,
3409,5227,Rhipidomys_ipukensis,,Rodentia,Cricetidae,DD,0.136408649263727,0.391499904764219,0.759186125942996,0.361191622144299,0.184823094322055,0.663667323935985,0.74503057550357,0.0,0,1000,direct,Rhipidomys_ipukensis,False,False,,,
3086,5228,Ctenomys_yatesi,,Rodentia,Ctenomyidae,NM,0.160249973751878,0.38980726449747,0.75913868514361,1.08592025583819,0.170344008566499,0.569786937082984,1.02484710842496,0.0,0,1000,no_RedList_match,,False,False,,,
3074,5230,Gerbillus_acticola,,Rodentia,Muridae,DD,0.161075534181523,0.428138864073909,0.757990836038789,1.12395190040674,0.187803958302717,0.581911842450427,0.995305091676642,0.0,0,1000,direct,Gerbillus_acticola,False,False,,,
3064,5235,Ursus_spelaeus,,Carnivora,Ursidae,NM,0.162117920523697,0.404317954618108,0.757024307566288,0.71064303802947,0.175709862409522,0.539855862089863,0.44184914789545,0.0,0,1000,no_RedList_match,,False,False,,,
3082,5245,Ichthyomys_tweedii,,Rodentia,Cricetidae,DD,0.16064366162472,0.399926908198022,0.754359911736984,1.09066770315088,0.186442509462294,0.665204352550452,0.944959105521136,0.0,0,1000,direct,Ichthyomys_tweedii,False,False,,,
3015,5255,Rattus_enganus,Enggano Island Rat,Rodentia,Muridae,DD,0.165696470919623,0.428616634257146,0.749682551485402,1.04735549524583,0.190968699891668,0.625994942513531,0.907077677829926,0.0,0,1000,direct,Rattus_enganus,False,False,,,
3238,5256,Melomys_cooperae,Yamdena Island Melomys,Rodentia,Muridae,DD,0.148760219375424,0.347064666001494,0.749498734165554,0.975742593927521,0.180102745531761,0.552124054228602,0.813681913030335,0.0,0,1000,direct,Melomys_cooperae,False,False,,,
3337,5259,Rattus_timorensis,Timor Forest Rat,Rodentia,Muridae,DD,0.14168291844284,0.414655699492233,0.748630867352584,1.08381819473358,0.195301454737209,0.628352017412689,0.887865546778282,0.0,0,1000,direct,Rattus_timorensis,False,False,,,
3298,5260,Thallomys_shortridgei,Shortridge's Rat,Rodentia,Muridae,DD,0.144699871732253,0.375690559300196,0.748571694811265,0.917063963741559,0.184347989215724,0.591880640023148,0.875500447577809,0.0,0,1000,direct,Thallomys_shortridgei,False,False,,,
3158,5261,Gerbillus_burtoni,Burton's Gerbil,Rodentia,Muridae,DD,0.154696495358096,0.394236588099185,0.748380622245274,1.06961053888767,0.187803958302717,0.580058977743283,0.923317943929588,0.0,0,1000,direct,Gerbillus_burtoni,False,False,,,
3252,5267,Pseudohydromys_musseri,Musser's Shrew Mouse,Rodentia,Muridae,DD,0.147575424007527,0.337715920147538,0.745683347542775,1.01366436008071,0.178439416960953,0.607246366770504,0.838010469243631,0.0,0,1000,direct,Pseudohydromys_musseri,False,False,,,
3397,5270,Muntiacus_putaoensis,Leaf Muntjac,Artiodactyla,Cervidae,DD,0.137312381188475,0.341179453592312,0.744145366960187,0.505176124403101,0.173503458183883,0.48227828340209,0.64268534444771,0.0,0,1000,direct,Muntiacus_putaoensis,False,False,,,
3312,5271,Pseudohydromys_germani,German's One-toothed Moss Mouse,Rodentia,Muridae,DD,0.143548431386331,0.382457811311179,0.743988513825563,1.13546073895454,0.17731467635847,0.606724087618019,0.864093607936603,0.0,0,1000,direct,Pseudohydromys_germani,False,False,,,
3172,5279,Gerbillus_cosensis,Cosens's Gerbil,Rodentia,Muridae,DD,0.153516773414085,0.381390365968109,0.736157254904427,1.1084453185601,0.18706853260202,0.554060242475905,0.940715088521523,0.0,0,1000,direct,Gerbillus_cosensis,False,False,,,
3027,5282,Ursus_deningeri,,Carnivora,Ursidae,NM,0.164621181895013,0.383682893037388,0.736038620715134,0.707846662658941,0.175709862409522,0.539855862089863,0.44184914789545,0.0,0,1000,no_RedList_match,,False,False,,,
3178,5285,Rattus_pelurus,Peleng Island Xanthurus Rat,Rodentia,Muridae,DD,0.153295459106727,0.373744572286517,0.734286936003282,1.09916806188767,0.186792079296111,0.629903140772455,0.898629054090343,0.0,0,1000,direct,Rattus_pelurus,False,False,,,
3322,5296,Nyctophilus_timoriensis,,Chiroptera,Vespertilionidae,NM,0.142643297183787,0.361550527299791,0.731957828044565,1.01717850923933,0.179293662991265,0.634721396734602,0.80735198327973,0.0,0,1000,no_RedList_match,,False,False,,,
3316,5300,Ovis_aries,,Artiodactyla,Bovidae,NM,0.143399743239901,0.35278355018699,0.730829138646709,0.49910169503651,0.175444415003349,0.553019783469838,0.50972790674463,0.0,0,1000,no_RedList_match,,True,True,exact,Ovis_aries,GCA_040805955.1
3276,5301,Pseudohydromys_patriciae,Woolley’s Moss Mouse,Rodentia,Muridae,DD,0.146341677941843,0.395401071884367,0.730712787199391,0.989346014496117,0.180102745531761,0.613802276201053,0.865908585027579,0.0,0,1000,direct,Pseudohydromys_patriciae,False,False,,,
3291,5304,Gerbillus_lowei,,Rodentia,Muridae,DD,0.144979415772787,0.395269248453027,0.730146765208115,1.07613212189283,0.187664990530121,0.55819698311828,0.91316534447953,0.0,0,1000,direct,Gerbillus_lowei,False,False,,,
3215,5313,Paramelomys_steini,Stein’s Paramelomys,Rodentia,Muridae,DD,0.150881185800056,0.392712902859893,0.725444896156448,1.12605769423819,0.181037179303071,0.559740994319189,0.976657649736038,0.0,0,1000,direct,Paramelomys_steini,False,False,,,
3277,5316,Ovis_orientalis,,Artiodactyla,Bovidae,NM,0.146255418298863,0.338989899501343,0.723385980411375,0.522922638929415,0.175444415003349,0.549372669838727,0.50972790674463,0.0,0,1000,no_RedList_match,,False,False,,,
3160,5324,Rattus_arfakienis,,Rodentia,Muridae,NM,0.15461735286845,0.379348277665536,0.720894844925993,1.0715326423612,0.193718691941238,0.624912660654676,0.850724021386174,0.0,0,1000,no_RedList_match,,False,False,,,
3170,5325,Gerbillus_grobbeni,,Rodentia,Muridae,DD,0.153525405789161,0.382721580442493,0.720877597630089,1.08383914564461,0.18706853260202,0.579452815527116,0.944640611280412,0.0,0,1000,direct,Gerbillus_grobbeni,False,False,,,
3303,5326,Bos_indicus,,Artiodactyla,Bovidae,NM,0.144249193183378,0.346858733248555,0.720794434413841,0.51632164693667,0.171722280025171,0.48618186895501,0.4914427115473,0.0,0,1000,no_RedList_match,,False,False,,,
3323,5328,Pseudohydromys_eleanorae,Laurie’s Moss-mouse,Rodentia,Muridae,DD,0.142520267303042,0.386956172059541,0.719692384777733,1.01002485480656,0.180102745531761,0.614134376204699,0.828999989239023,0.0,0,1000,direct,Pseudohydromys_eleanorae,False,False,,,
3371,5338,Bos_taurus,,Artiodactyla,Bovidae,NM,0.139389061607135,0.31864579133677,0.717242463906676,0.499665385509378,0.171722280025171,0.482253422773467,0.23342177889333,0.0,0,1000,no_RedList_match,,True,True,exact,Bos_taurus,GCA_003369695.2
3451,5340,Melomys_howi,Riama Island Melomys,Rodentia,Muridae,DD,0.133047937669618,0.327905085572136,0.71618685661151,0.886839657018726,0.182804400337094,0.581922111867452,0.770118432066006,0.0,0,1000,direct,Melomys_howi,False,False,,,
3521,5348,Alticola_albicaudus,White-tailed Mountain Vole,Rodentia,Cricetidae,DD,0.128702758144291,0.374845721251717,0.713902406099434,0.31203354377565,0.185785744229175,0.63915979307467,0.68226830846868,0.0,0,1000,direct,Alticola_albicaudus,False,False,,,
3391,5353,Melomys_bougainville,Bougainville Melomys,Rodentia,Muridae,DD,0.137670663128157,0.378174978641336,0.712802629504389,0.94498733581997,0.182804400337094,0.570165605283556,0.774634540678518,0.0,0,1000,direct,Melomys_bougainville,False,False,,,
3498,5354,Akodon_varius,Variable Grass Mouse,Rodentia,Cricetidae,DD,0.130371742678507,0.350741419971048,0.712787795398585,0.352570137109195,0.185785744229175,0.649955388014376,0.657619659804266,0.0,0,1000,direct,Akodon_varius,False,False,,,
3534,5366,Praomys_coetzeei,Coetzee's Soft-furred Mouse,Rodentia,Muridae,DD,0.127854660334024,0.364468827197329,0.709559588470991,0.274335981722266,0.179015570899546,0.555061205112739,0.66362732153724,0.0,0,1000,direct,Praomys_coetzeei,False,False,,,
3366,5372,Gerbillus_brockmani,,Rodentia,Muridae,DD,0.139599181000208,0.404379976459001,0.708223602612844,1.13722126649458,0.187803958302717,0.580058977743283,0.931590712719068,0.0,0,1000,direct,Gerbillus_brockmani,False,False,,,
3151,5375,Gerbillus_bottai,,Rodentia,Muridae,DD,0.1551118174608,0.378953555001801,0.707075514358444,1.13901251040843,0.188590011337757,0.581911842450427,0.926172234482779,0.0,0,1000,direct,Gerbillus_bottai,False,False,,,
3335,5376,Pseudohydromys_pumehanae,Southern Small-toothed Moss-mouse,Rodentia,Muridae,DD,0.141817048276993,0.364907833578592,0.70706410377844,1.00276229313551,0.17731467635847,0.606914266766858,0.84341301040774,0.0,0,1000,direct,Pseudohydromys_pumehanae,False,False,,,
3272,5384,Pseudohydromys_carlae,Huon Small-toothed Moss-mouse,Rodentia,Muridae,DD,0.146534352629862,0.344043176191818,0.701322555419953,0.990759225084322,0.179029317346247,0.606724087618019,0.862293263640916,0.0,0,1000,direct,Pseudohydromys_carlae,False,False,,,
3361,5386,Gerbillus_percivali,Percival's Gerbil,Rodentia,Muridae,DD,0.139789764047552,0.356890781020662,0.698874261134673,1.05477621015889,0.18573905888994,0.579600038183301,0.870754032780817,0.0,0,1000,direct,Gerbillus_percivali,False,False,,,
3464,5395,Diclidurus_ingens,,Chiroptera,Emballonuridae,DD,0.132329006345793,0.36243844062186,0.691546056128491,0.342288097806995,0.181703501084761,0.587133813618285,0.56373988586706,0.0,0,1000,direct,Diclidurus_ingens,False,False,,,
3681,5404,Ctenomys_minutus,Tiny Tuco-tuco,Rodentia,Ctenomyidae,DD,0.117881262555553,0.310918760928568,0.687962102143755,0.371996465772438,0.168391638613638,0.556365700730515,0.566842022111704,0.0,0,1000,direct,Ctenomys_minutus,False,False,,,
3222,5411,Gerbillus_principulus,,Rodentia,Muridae,DD,0.150342624621782,0.35876187889749,0.682797008913823,1.07449417680126,0.18313119061466,0.548943475787977,0.9063296879436,0.0,0,1000,direct,Gerbillus_principulus,False,False,,,
3250,5414,Cryptonanus_agricolai,Agricola's Gracile Opossum,Didelphimorphia,Didelphidae,DD,0.147749967121363,0.341810830532532,0.681424748932177,0.390176501423229,0.179352246942142,0.649255569411286,0.45004325039729,0.0,0,1000,direct,Cryptonanus_agricolai,False,False,,,
3265,5416,Gerbillus_somalicus,,Rodentia,Muridae,DD,0.146750323471358,0.36481049483967,0.681022637781777,1.07349827817865,0.187803958302717,0.566955845820104,0.919279317167096,0.0,0,1000,direct,Gerbillus_somalicus,False,False,,,
3502,5418,Pipistrellus_eisentrauti,,Chiroptera,Vespertilionidae,NM,0.13021691250133,0.310845880282658,0.679098250927855,0.466825392898377,0.175827105608337,0.627244522589548,0.51027830831871,0.0,0,1000,no_RedList_match,,False,False,,,
3347,5429,Pseudohydromys_occidentalis,Western Shrew Mouse,Rodentia,Muridae,DD,0.140921721241259,0.347978036459417,0.67363584894647,0.990250535314755,0.17731467635847,0.606724087618019,0.819966510903813,0.0,0,1000,direct,Pseudohydromys_occidentalis,False,False,,,
3406,5432,Gerbillus_jamesi,James's Gerbil,Rodentia,Muridae,DD,0.136648014126452,0.321394671295248,0.672596931710546,1.09911596063151,0.18313119061466,0.548943475787977,0.914821496779185,0.0,0,1000,direct,Gerbillus_jamesi,False,False,,,
3516,5435,Platyrrhinus_nitelinea,Western Broad-nosed Bat,Chiroptera,Phyllostomidae,DD,0.129175638577562,0.365986986759284,0.670522959358996,0.95033850919301,0.172388211540444,0.578319850616496,0.936763714036709,0.0,0,1000,direct,Platyrrhinus_nitelinea,False,False,,,
3746,5442,Ctenomys_fulvus,,Rodentia,Ctenomyidae,DD,0.114230041813797,0.302908561090621,0.665329065021162,0.39496613109238,0.170344008566499,0.569786937082984,0.60516373516868,0.0,0,1000,direct,Ctenomys_fulvus,False,False,,,
3332,5445,Dicrostonyx_unalascensis,,Rodentia,Cricetidae,DD,0.141959051461502,0.391575058451216,0.663949036017732,1.13477714802284,0.185440348058406,0.634993896857468,1.15342358491781,0.0,0,1000,direct,Dicrostonyx_unalascensis,False,False,,,
3289,5452,Eudorcas_rufina,,Artiodactyla,Bovidae,NM,0.145212983039104,0.32701643948841,0.662108338312681,1.16649668588154,0.169308464911072,0.485671883887265,0.988656407478,0.0,0,1000,no_RedList_match,,False,False,,,
3584,5456,Fukomys_micklemi,,Rodentia,Bathyergidae,NM,0.123495102533361,0.3095555251038,0.659171500421867,0.492928140329474,0.180639228092253,0.587151600807724,0.65011428335096,0.0,0,1000,no_RedList_match,,False,False,,,
3413,5460,Murina_shuipuensis,Shuifu Tube-nosed Bat,Chiroptera,Vespertilionidae,DD,0.135898786279829,0.318325536177868,0.657123934331875,0.427811912964574,0.192788309468692,0.646778475958019,0.61159745355322,0.0,0,1000,direct,Murina_shuipuensis,False,False,,,
3344,5462,Pelomys_hopkinsi,,Rodentia,Muridae,DD,0.141174896606669,0.390434476103538,0.656608804512876,1.19681874374447,0.183918432151188,0.583368789941795,1.01050482538561,0.0,0,1000,direct,Pelomys_hopkinsi,False,False,,,
3496,5470,Apomys_littoralis,Mindanao Lowland Apomys,Rodentia,Muridae,DD,0.130517592213879,0.348827428931514,0.651516753206252,0.976579362983743,0.185044092885353,0.62684912956696,0.909175097461447,0.0,0,1000,direct,Apomys_littoralis,False,False,,,
3499,5472,Gerbillus_muriculus,,Rodentia,Muridae,DD,0.130350839147074,0.335990996628108,0.651364041405623,0.9982883556544,0.18573905888994,0.579600038183301,0.832079732498249,0.0,0,1000,direct,Gerbillus_muriculus,False,False,,,
3632,5475,Eligmodontia_bolsonensis,,Rodentia,Cricetidae,NM,0.120623966902713,0.350234649112141,0.648334311510822,0.281259410534889,0.17769796903592,0.653359610792184,0.5449812675429,0.0,0,1000,no_RedList_match,,False,False,,,
3556,5479,Genetta_abyssinica,Ethiopian Genet,Carnivora,Viverridae,DD,0.126026474516797,0.354783992462946,0.645174181215496,0.86315122843831,0.17891924770033,0.550163022288547,1.05626530028244,0.0,0,1000,direct,Genetta_abyssinica,False,False,,,
3553,5482,Histiotus_alienus,,Chiroptera,Vespertilionidae,DD,0.12645718266,0.31667598610368,0.64179502155077,0.944390371279492,0.182221820014356,0.6273906513352,0.82681253309091,0.0,0,1000,direct,Histiotus_alienus,False,False,,,
3558,5487,Mysateles_garridoi,,Rodentia,Echimyidae,NM,0.125793461850417,0.345025245890217,0.638742077430618,0.828474434950069,0.182301474906387,0.572568573325247,0.7814057984969,0.0,0,1000,no_RedList_match,,False,False,,,
3652,5489,Apomys_brownorum,Mt. Tapulao Forest Mouse,Rodentia,Muridae,DD,0.119334216225245,0.328381558378956,0.638279087849949,0.248789516799774,0.185857044419326,0.62684912956696,0.6326156714867,0.0,0,1000,direct,Apomys_brownorum,False,False,,,
3307,5492,Dicrostonyx_vinogradovi,,Rodentia,Cricetidae,DD,0.143939081429523,0.344244937662816,0.634407745854196,1.06855766587674,0.185440348058406,0.634993896857468,1.08852289101846,0.0,0,1000,direct,Dicrostonyx_vinogradovi,False,False,,,
3555,5496,Histiotus_velatus,,Chiroptera,Vespertilionidae,DD,0.126210120812072,0.317026126333907,0.63182604930432,0.912039188034198,0.183112582707948,0.6273906513352,0.801725840246233,0.0,0,1000,direct,Histiotus_velatus,False,False,,,
3457,5512,Nectomys_magdalenae,Magdalena Water Rat,Rodentia,Cricetidae,DD,0.132550839498271,0.343325988288893,0.61801996123355,1.02563856259678,0.182049713057435,0.668564034728031,0.883107455777356,0.0,0,1000,direct,Nectomys_magdalenae,False,False,,,
3288,5514,Sciurocheirus_makandensis,Makandé Squirrel Galago,Primates,Galagidae,DD,0.145404841923349,0.362190991405787,0.615855655883816,1.26494128415719,0.176671916695783,0.538519804389662,1.02860552460268,0.0,0,1000,direct,Sciurocheirus_makandensis,False,False,,,
3686,5518,Platyrrhinus_umbratus,Shadowy Broad-nosed Bat,Chiroptera,Phyllostomidae,DD,0.117659690046822,0.31737181454097,0.614845885713067,0.855139572755072,0.171968786413411,0.578319850616496,0.843447127722237,0.0,0,1000,direct,Platyrrhinus_umbratus,False,False,,,
3772,5521,Epomophorus_anselli,,Chiroptera,Pteropodidae,DD,0.112240245917219,0.268372327986582,0.611838466231339,0.826019582600391,0.164611655022202,0.470333116248817,0.766410597319717,0.0,0,1000,direct,Epomophorus_anselli,False,False,,,
3456,5522,Ctenomys_scagliai,,Rodentia,Ctenomyidae,DD,0.132656710646626,0.326291131621877,0.609009682511781,0.72654002466362,0.170344008566499,0.571556137594752,0.30812772938268,0.0,0,1000,direct,Ctenomys_scagliai,False,False,,,
3621,5527,Histiotus_humboldti,,Chiroptera,Vespertilionidae,DD,0.121318280154179,0.344296911536088,0.606635238092748,0.926936807713604,0.183407470861438,0.63457526798895,0.796802659239891,0.0,0,1000,direct,Histiotus_humboldti,False,False,,,
3345,5533,Ctenomys_saltarius,Salta Tuco-tuco,Rodentia,Ctenomyidae,DD,0.141132977416295,0.314599104562428,0.60289840924437,0.713879569577426,0.170344008566499,0.569786937082984,0.31113609880123,0.0,0,1000,direct,Ctenomys_saltarius,False,False,,,
4014,5543,Rhinolophus_arcuatus,Arcuate Horseshoe Bat,Chiroptera,Rhinolophidae,DD,0.0978250816333146,0.243633140864308,0.598415139405462,0.336706807064008,0.164473653464944,0.462424498114528,0.5664392613665,0.0,0,1000,direct,Rhinolophus_arcuatus,False,False,,,
3782,5548,Miniopterus_petersoni,Peterson's Long-fingered Bat,Chiroptera,Miniopteridae,DD,0.111991279689885,0.320963110234473,0.595645295832733,0.393485039488791,0.182814367944735,0.634721396734602,0.58793774194283,0.0,0,1000,direct,Miniopterus_petersoni,False,False,,,
3748,5558,Peromyscus_carletoni,,Rodentia,Cricetidae,NM,0.114209026185596,0.320215885825825,0.592937377194699,0.272241964375578,0.187043744980449,0.671751244953338,0.582089205927199,0.0,0,1000,no_RedList_match,,False,False,,,
3943,5567,Alces_americanus,,Cetartiodactyla,Cervidae,NM,0.102264060310031,0.269918049370283,0.582666207387464,0.271909120429576,0.171722280025171,0.46955559241157,0.26127103359453,0.0,0,1000,no_RedList_match,,False,False,,,
3716,5571,Murina_pluvialis,Rainforest Tube-nosed Bat,Chiroptera,Vespertilionidae,DD,0.116184114206485,0.278915903357795,0.578729336071319,0.375755799308919,0.193196560688065,0.631530110371807,0.48735502372117,0.0,0,1000,direct,Murina_pluvialis,False,False,,,
3877,5580,Epomophorus_grandis,Lesser Angolan Epauletted Fruit Bat,Chiroptera,Pteropodidae,DD,0.106220174280061,0.252273688456211,0.572395851834015,0.84217033384936,0.164611655022202,0.470333116248817,0.72765082570612,0.0,0,1000,direct,Epomophorus_grandis,False,False,,,
3723,5586,Murina_tubinaris,Scully's Tube-nosed Bat,Chiroptera,Vespertilionidae,DD,0.115664964388987,0.276406604005448,0.568051732586069,0.413755226455701,0.193196560688065,0.631377759142527,0.480929031959,0.0,0,1000,direct,Murina_tubinaris,False,False,,,
4039,5610,Sorex_leucogaster,,Eulipotyphla,Soricidae,DD,0.0966781539879539,0.253517696774705,0.543060542797058,0.210233826681825,0.166762954451852,0.500360168797345,0.55503805914853,0.0,0,1000,direct,Sorex_leucogaster,False,False,,,
4001,5611,Ctenomys_sericeus,,Rodentia,Ctenomyidae,DD,0.0991475116779455,0.265834389897358,0.542560031852344,0.302408554218899,0.168804327640178,0.558211056736256,0.48922710750313,0.0,0,1000,direct,Ctenomys_sericeus,False,False,,,
3797,5616,Homo_denisova,,Primates,Hominidae,NM,0.111363870084792,0.276793919969751,0.536538302859215,0.468938656798939,0.177513548684819,0.571392907972993,0.34413643615807,0.0,0,1000,no_RedList_match,,False,False,,,
3804,5618,Homo_heidelbergensis,,Primates,Hominidae,NM,0.110763555309295,0.275559461182369,0.536115307770184,0.492803854260452,0.177513548684819,0.571438756251679,0.34413643615807,0.0,0,1000,no_RedList_match,,False,False,,,
3754,5619,Laephotis_angolensis,Angolan Long-eared Serotine,Chiroptera,Vespertilionidae,DD,0.113897463792623,0.273299784161787,0.536008499555775,0.766837460273252,0.17672088535038,0.61008451804336,0.801171859434794,0.0,0,1000,direct,Laephotis_angolensis,False,False,,,
4067,5620,Ctenomys_fodax,,Rodentia,Ctenomyidae,DD,0.0950744747051608,0.244312318053479,0.53472883752665,0.304244136870544,0.168597979077863,0.558211056736256,0.47524827973226,0.0,0,1000,direct,Ctenomys_fodax,False,False,,,
4111,5622,Platyrrhinus_guianensis,,Chiroptera,Phyllostomidae,NM,0.0925931844389976,0.254724563202899,0.533352437257296,0.254286599975393,0.17465091641944,0.582274446959609,0.512441310017,0.0,0,1000,no_RedList_match,,False,False,,,
3998,5627,Ictidomys_parvidens,,Rodentia,Sciuridae,NM,0.0993649845141549,0.252101002935815,0.528332991846318,0.26844868793086,0.186212836295837,0.584624629364639,0.46080359738399,0.0,0,1000,no_RedList_match,,False,False,,,
4125,5643,Crocidura_monax,Kilimanjaro Shrew,Eulipotyphla,Soricidae,DD,0.0908474525955308,0.235097333693101,0.511558171490728,0.311570407886504,0.16799134920304,0.533512025682332,0.42090070885814,0.0,0,1000,direct,Crocidura_monax,False,False,,,
4021,5651,Hydromys_neobritannicus,New Britain Water Rat,Rodentia,Muridae,DD,0.0974714447392496,0.232263467190147,0.502022995963275,0.596648510406185,0.178439416960953,0.580240341846124,0.503201795848404,0.0,0,1000,direct,Hydromys_neobritannicus,False,False,,,
4009,5655,Hydromys_ziegleri,Ziegler's Water Rat,Rodentia,Muridae,DD,0.0982897667111872,0.234506014235085,0.499243115848569,0.540024174408834,0.180102745531761,0.587565443168462,0.485468408997081,0.0,0,1000,direct,Hydromys_ziegleri,False,False,,,
3966,5664,Hydromys_hussoni,Western Water Rat,Rodentia,Muridae,DD,0.101101294871279,0.217116511638188,0.487128074602927,0.551244129262693,0.180859327457414,0.595747400349605,0.48807719961454,0.0,0,1000,direct,Hydromys_hussoni,False,False,,,
4307,5674,Ctenomys_yolandae,Yolanda's Tuco-tuco,Rodentia,Ctenomyidae,DD,0.0805852342001911,0.212564824427436,0.47126756485134,0.264977933464138,0.168804327640178,0.555921975557751,0.251469041311993,0.0,0,1000,direct,Ctenomys_yolandae,False,False,,,
4225,5680,Crocidura_mutesae,Ugandan Musk Shrew,Eulipotyphla,Soricidae,DD,0.0844556418412548,0.208035798000355,0.462950640393298,0.310727190543524,0.166341651089203,0.527995315202436,0.45266016009841,0.0,0,1000,direct,Crocidura_mutesae,False,False,,,
4235,5690,Allactaga_firouzi,Iranian Jerboa,Rodentia,Dipodidae,DD,0.0840917362131583,0.220311931171419,0.457467871658525,0.278440615096482,0.180639228092253,0.556022672740809,0.25759601435958,0.0,0,1000,direct,Allactaga_firouzi,False,False,,,
4233,5693,Cerradomys_goytaca,,Rodentia,Cricetidae,NM,0.0841027112322788,0.254485727944849,0.455439919790312,0.253032408234732,0.183068879014153,0.664616202060976,0.45067605582533,0.0,0,1000,no_RedList_match,,False,False,,,
4023,5696,Sciurus_gilvigularis,Yellow-throated Squirrel,Rodentia,Sciuridae,DD,0.0973425605482791,0.211826306227216,0.453099204546753,0.479308584602393,0.184336811190649,0.604267678400303,0.49352492055221,0.0,0,1000,direct,Sciurus_gilvigularis,False,False,,,
4375,5710,Ctenomys_coyhaiquensis,,Rodentia,Ctenomyidae,DD,0.0773380577271824,0.198634424457988,0.434540774544731,0.300946062050831,0.169534794301079,0.558211056736256,0.42968254122577,0.0,0,1000,direct,Ctenomys_coyhaiquensis,False,False,,,
4322,5716,Gerbillus_occiduus,Occidental Gerbil,Rodentia,Muridae,DD,0.0799662803686467,0.193553862361411,0.426450182707924,0.257788878080403,0.188590011337757,0.582059065106613,0.377165929146663,0.0,0,1000,direct,Gerbillus_occiduus,False,False,,,
4279,5718,Akodon_mystax,Caparaó Akodont,Rodentia,Cricetidae,DD,0.0823390985197954,0.220970084262384,0.425810302760679,0.222425138172816,0.183068879014153,0.650509817983949,0.40290825044597,0.0,0,1000,direct,Akodon_mystax,False,False,,,
4442,5739,Ctenomys_colburni,Colburn's Tuco-tuco,Rodentia,Ctenomyidae,DD,0.0744843993980895,0.179279748813398,0.399661200054013,0.242411467574377,0.168391638613638,0.558211056736256,0.34667126298818,0.0,0,1000,direct,Ctenomys_colburni,False,False,,,
4472,5747,Capra_hircus,,Artiodactyla,Bovidae,NM,0.0729359656423551,0.179797864852561,0.39514269161007,0.23921472503216,0.174705122815102,0.547573175720481,0.33971020812092,0.0,0,1000,no_RedList_match,,True,True,exact,Capra_hircus,GCA_041735815.1
4469,5776,Rhynchomys_tapulao,,Rodentia,Muridae,DD,0.0730332147024391,0.181823880297992,0.375350789331149,0.177886067468315,0.184513414993001,0.606724087618019,0.34705380818695,0.0,0,1000,direct,Rhynchomys_tapulao,False,False,,,
4372,5778,Acomys_cilicicus,Asia Minor Spiny Mouse,Rodentia,Muridae,DD,0.0773921307103627,0.191073875187223,0.372067864668851,0.258071906790689,0.190968699891668,0.606789805755444,0.30503262231024,0.0,0,1000,direct,Acomys_cilicicus,False,False,,,
4524,5783,Scotophilus_tandrefana,Western Yellow Bat,Chiroptera,Vespertilionidae,DD,0.0700334374825441,0.193167896688749,0.368914093686816,0.210195957654059,0.179042431178678,0.635704842635232,0.245762497667417,0.0,0,1000,direct,Scotophilus_tandrefana,False,False,,,
4552,5801,Brucepattersonius_soricinus,Soricine Akodont,Rodentia,Cricetidae,DD,0.0686305396074824,0.170807252267474,0.348869448918056,0.229157818843241,0.185440348058406,0.656135167715183,0.27933669745178,0.0,0,1000,direct,Brucepattersonius_soricinus,False,False,,,
4725,5819,Eptesicus_bobrinskoi,Bobrinski's Serotine,Chiroptera,Vespertilionidae,DD,0.0628021446548124,0.173013325416025,0.331398980288137,0.222123800060559,0.182814367944735,0.637159524225386,0.281437384743891,0.0,0,1000,direct,Eptesicus_bobrinskoi,False,False,,,
4816,5822,Pithecia_irrorata,Gray’s Bald-faced Saki,Primates,Pitheciidae,DD,0.0594380570655668,0.15431907571865,0.329575808116543,0.244251841023687,0.177513548684819,0.565279455265102,0.289162520483804,0.0,0,1000,direct,Pithecia_irrorata,False,False,,,
4901,5840,Genetta_poensis,King Genet,Carnivora,Viverridae,DD,0.0563154534133007,0.140235849058812,0.298699277069801,0.157902539328881,0.177513548684819,0.551013863496659,0.24857352175595,0.0,0,1000,direct,Genetta_poensis,False,False,,,
4955,5847,Orthogeomys_matagalpae,,Rodentia,Geomyidae,NM,0.0543253268173174,0.132816646029428,0.284692486711618,0.196131812151539,0.181883451503904,0.579418616408284,0.27227378314185,0.0,0,1000,no_RedList_match,,False,False,,,
5373,5893,Orthogeomys_thaeleri,,Rodentia,Geomyidae,NM,0.0420232377093292,0.101438747287622,0.220076452751396,0.144668484920603,0.181203860843429,0.582538662501064,0.195103307758752,0.0,0,1000,no_RedList_match,,False,False,,,
5486,5896,Sorex_portenkoi,,Eulipotyphla,Soricidae,DD,0.0380840443392351,0.0963165317518714,0.212284098332765,0.133846721376595,0.167096574834081,0.497001416817578,0.22094839137715,0.0,0,1000,direct,Sorex_portenkoi,False,False,,,
5100,5897,Acomys_nesiotes,Cyprus Spiny Mouse,Rodentia,Muridae,DD,0.0494652421043426,0.108146411707279,0.20420485604287,0.240248878526731,0.190968699891668,0.609663983930992,0.09731642134312,0.0,0,1000,direct,Acomys_nesiotes,False,False,,,
5195,5898,Acomys_minous,Crete Spiny Mouse,Rodentia,Muridae,DD,0.0466432808609763,0.10902348999609,0.202825225935595,0.224573698797064,0.190092299286517,0.606909031287844,0.09773909429797,0.0,0,1000,direct,Acomys_minous,True,True,exact,Acomys_minous,GCA_964271855.1
5513,5902,Uroderma_bakeri,,Chiroptera,Phyllostomidae,NM,0.0373600959607422,0.0926897934765259,0.192137405155404,0.101994331327404,0.17672088535038,0.569887043728842,0.066389674056938,0.0,0,1000,no_RedList_match,,False,False,,,
5595,5907,Oligoryzomys_brendae,Brenda’s Colilargo,Rodentia,Cricetidae,DD,0.0343687714693314,0.0910747102332796,0.177115570237933,0.0995290750047236,0.182049713057435,0.667846573019597,0.093457139250856,0.0,0,1000,direct,Oligoryzomys_brendae,False,False,,,
5743,5909,Micropteropus_intermedius,Hayman's Lesser Epauletted Fruit Bat,Chiroptera,Pteropodidae,DD,0.0241424177613784,0.0586474999747368,0.140394274593496,0.149481391366291,0.164611655022202,0.47058600109533,0.157947784055047,0.0,0,1000,MDD_synonym,Epomophorus_intermedius,False,False,,,
5726,5910,Cerradomys_vivoi,,Rodentia,Cricetidae,NM,0.0256975149743781,0.0635452854638271,0.124448578547379,0.0938206460214035,0.184039333381812,0.664408525853279,0.09557567319669,0.0,0,1000,no_RedList_match,,False,False,,,
