EDGErank,species,order,family,genus,RLcat,EDGEmed,EDGEiqr,EDmed,EDiqr,pextmed,pextiqr,TBLmn,isEDGEsp,isEDGEsp_frac,n_trees,match,mdd_sciName,extinct,EDGE_list_rank
1,Burramys_parvus,Diprotodontia,Burramyidae,Burramys,CR,24.4288352768582,4.26718653068784,25.8333946417601,4.4678316146383,0.969017552722647,0.0652740733396005,25.89502436858,1,1.0,1000,direct,Burramys_parvus,0.0,1
2,Daubentonia_madagascariensis,Primates,Daubentoniidae,Daubentonia,EN,20.0411644184954,11.4326095717708,40.23966447,7.9875085525,0.485787927334518,0.286754805576868,41.0324468814,1,1.0,1000,direct,Daubentonia_madagascariensis,0.0,2
3,Gymnobelideus_leadbeateri,Diprotodontia,Petauridae,Gymnobelideus,CR,19.5534365482907,3.32273151644772,20.5618230155105,3.18905435670835,0.967575510453126,0.0662981227538091,20.67481468046,1,1.0,1000,direct,Gymnobelideus_leadbeateri,0.0,3
5,Myrmecobius_fasciatus,Dasyuromorphia,Myrmecobiidae,Myrmecobius,EN,14.9427440471831,8.69718257276751,31.418465855,4.95583162566982,0.477873992604072,0.267504895809732,18.4315649679916,1,1.0,1000,direct,Myrmecobius_fasciatus,0.0,4
6,Manis_culionensis,Pholidota,Manidae,Manis,CR,14.762869842737,6.93892834669313,15.5856917570112,7.15002042917572,0.970356921865497,0.0643093832084664,6.59108618365414,1,1.0,1000,direct,Manis_culionensis,0.0,5
7,Desmana_moschata,Eulipotyphla,Talpidae,Desmana,CR,14.3347338126028,4.56312341146115,15.1524298913282,4.68006525442127,0.968126321131184,0.0631341423864674,12.533966043835,1,1.0,1000,direct,Desmana_moschata,0.0,6
8,Manis_pentadactyla,Pholidota,Manidae,Manis,CR,14.2305190945144,6.63240784481634,14.9962479587076,7.10916194866603,0.970255103189162,0.0643691045698731,0.868426868798592,1,1.0,1000,direct,Manis_pentadactyla,0.0,7
9,Manis_javanica,Pholidota,Manidae,Manis,CR,14.1766755545633,6.62788639767391,14.970963113293,6.60861819597227,0.970255103189162,0.0643103644654012,0.853712047122,1,1.0,1000,direct,Manis_javanica,0.0,8
11,Varecia_variegata,Primates,Lemuridae,Varecia,CR,12.0680147972203,2.80016900856675,12.6348710165972,2.68344045611888,0.970140448847516,0.0600388275090146,0.9384068616351,1,1.0,1000,direct,Varecia_variegata,0.0,9
12,Varecia_rubra,Primates,Lemuridae,Varecia,CR,12.0536721476995,2.77098000311766,12.6173093348197,2.66854049082393,0.970168698415343,0.0598034797959762,0.9384068616351,1,1.0,1000,direct,Varecia_rubra,0.0,10
20,Solisorex_pearsoni,Eulipotyphla,Soricidae,Solisorex,EN,11.2957921534854,7.42838271936586,24.83131725,5.693875665,0.485332410029096,0.281547552060227,22.5141185617028,1,0.984,1000,direct,Solisorex_pearsoni,0.0,11
21,Indri_indri,Primates,Indriidae,Indri,CR,10.4777834411613,2.33945298898505,10.9761721077651,2.43606539800417,0.969992492781841,0.0587467320169043,11.271215715527,1,1.0,1000,direct,Indri_indri,0.0,12
22,Manis_crassicaudata,Pholidota,Manidae,Manis,EN,10.3805169266787,6.05213803366778,21.2727951200673,5.78760821861504,0.487398791112181,0.294179283478246,6.80566695792007,1,1.0,1000,direct,Manis_crassicaudata,0.0,13
23,Hypogeomys_antimena,Rodentia,Nesomyidae,Hypogeomys,CR,10.3008976882293,3.0549797311084,10.8597365120737,2.96045607445083,0.969031333205242,0.0609183163912893,9.72751231063368,1,0.984,1000,direct,Hypogeomys_antimena,0.0,14
24,Ailurus_fulgens,Carnivora,Ailuridae,Ailurus,EN,9.70857183717701,5.57042467723476,20.31460987,3.514355915,0.486207987129446,0.281093695747637,20.2370479331,1,1.0,1000,direct,Ailurus_fulgens,0.0,15
25,Mystacina_robusta,Chiroptera,Mystacinidae,Mystacina,CR,9.51965559243238,4.53241511821956,10.0589504654225,4.71059398105612,0.970552445223898,0.0630151400127725,4.62739623117148,1,1.0,1000,direct,Mystacina_robusta,0.0,16
27,Neohylomys_hainanensis,Eulipotyphla,Erinaceidae,Neohylomys,EN,9.08741115835165,5.04528443682103,17.8405150559185,3.60643258695394,0.497897419964513,0.287806923582753,18.17555097967,1,1.0,1000,direct,Neohylomys_hainanensis,0.0,17
28,Pongo_abelii,Primates,Hominidae,Pongo,CR,9.07893809047151,1.90926475997548,9.55068613066188,1.8957187650385,0.970337072830097,0.0626589653720927,2.0097940558689,1,1.0,1000,direct,Pongo_abelii,0.0,18
29,Pongo_pygmaeus,Primates,Hominidae,Pongo,CR,9.07487390306284,1.91436173147808,9.51989859223483,1.92989462272,0.970496380151356,0.0626699867613592,2.0097940558689,1,1.0,1000,direct,Pongo_pygmaeus,0.0,19
30,Mirimiri_acrodonta,Chiroptera,Pteropodidae,Mirimiri,CR,8.96216293455609,2.31399738422893,9.37569033833381,2.37949546214124,0.972014482950201,0.0617597947941174,8.69163652187902,1,0.965,1000,direct,Mirimiri_acrodonta,0.0,20
31,Lipotes_vexillifer,Artiodactyla,Lipotidae,Lipotes,CR,8.79674332645601,1.84244597595333,9.21785343376307,1.84782389243277,0.971487706269254,0.0605287664654335,8.6685384082747,1,0.986,1000,direct,Lipotes_vexillifer,0.0,21
32,Galemys_pyrenaicus,Eulipotyphla,Talpidae,Galemys,EN,8.59451777892427,5.24717847493974,17.5119502512448,6.61802005446437,0.475060464888952,0.291477875834344,12.583411617353,1,1.0,1000,direct,Galemys_pyrenaicus,0.0,22
33,Bradypus_torquatus,Pilosa,Bradypodidae,Bradypus,EN,7.9187935569245,4.58014772569058,16.3467699150738,4.92040924517498,0.472051599209105,0.291228960577283,12.7363018402141,1,1.0,1000,direct,Bradypus_torquatus,0.0,23
34,Cheirogaleus_sibreei,Primates,Cheirogaleidae,Cheirogaleus,CR,7.65581152986988,2.38202504605327,8.00481657648464,2.46739453581763,0.970705609022416,0.0590220693147838,7.10353949555482,1,0.949,1000,direct,Cheirogaleus_sibreei,0.0,24
35,Dicerorhinus_sumatrensis,Perissodactyla,Rhinocerotidae,Dicerorhinus,CR,7.4559502653093,2.91692112056289,7.77050448928329,3.08162283410894,0.970552582153358,0.0640166266798522,6.403843556243,1,1.0,1000,direct,Dicerorhinus_sumatrensis,0.0,25
36,Bradypus_pygmaeus,Pilosa,Bradypodidae,Bradypus,CR,7.35241334562432,8.79553258559765,7.7332729167243,9.10147050482541,0.967518866204957,0.0637844103757803,6.2813185110724,1,0.873,1000,direct,Bradypus_pygmaeus,0.0,26
37,Bunolagus_monticularis,Lagomorpha,Leporidae,Bunolagus,CR,7.35225982767196,2.74112096961431,7.64927746300897,2.77326207289781,0.970450772009991,0.0600881893813111,6.41202883017328,1,0.921,1000,direct,Bunolagus_monticularis,0.0,27
38,Mystacina_tuberculata,Chiroptera,Mystacinidae,Mystacina,VU,7.22241031120793,2.45649810622642,30.3368324334319,6.52923732969241,0.242859398620689,0.0794655636130417,4.62739623117148,1,1.0,1000,direct,Mystacina_tuberculata,0.0,28
40,Pseudoryx_nghetinhensis,Artiodactyla,Bovidae,Pseudoryx,CR,6.90285015224545,2.21455593591366,7.25037895948419,2.23124365359993,0.971654723932162,0.0538582222707426,6.45464263496204,1,0.982,1000,direct,Pseudoryx_nghetinhensis,0.0,29
41,Zaglossus_attenboroughi,Monotremata,Tachyglossidae,Zaglossus,CR,6.84003522010026,5.10925397443714,7.1748529080035,5.39966688130144,0.967455089452413,0.0647343697944022,5.01865801395542,1,0.998,1000,direct,Zaglossus_attenboroughi,0.0,30
42,Zaglossus_bruijnii,Monotremata,Tachyglossidae,Zaglossus,CR,6.82206609992293,5.23058897634913,7.15854305632152,5.47679463852373,0.967518866204957,0.0646934708696501,5.0577226906716,1,0.995,1000,direct,Zaglossus_bruijnii,0.0,31
43,Phascolarctos_cinereus,Diprotodontia,Phascolarctidae,Phascolarctos,VU,6.70386612549364,2.23622774180289,28.0650221183788,3.9042442154002,0.241081713717168,0.0776844438419977,27.97987998172,1,1.0,1000,direct,Phascolarctos_cinereus,0.0,32
45,Macrotis_lagotis,Peramelemorphia,Thylacomyidae,Macrotis,VU,6.37241711038737,2.18009680732858,27.0089787344616,4.67255597540155,0.241438704112126,0.0766738956818199,6.10900274566065,1,1.0,1000,direct,Macrotis_lagotis,0.0,33
46,Macrotarsomys_ingens,Rodentia,Nesomyidae,Macrotarsomys,EN,6.29634559614022,3.64190123852787,13.8322207318871,3.32563577642485,0.479724149359584,0.254954612964261,12.3255877274089,1,0.987,1000,direct,Macrotarsomys_ingens,0.0,34
47,Platanista_gangetica,Artiodactyla,Platanistidae,Platanista,EN,6.25790843244763,3.56477247652546,13.031825705,2.637112185,0.489819036257043,0.276165838367673,12.6217422229254,1,0.998,1000,direct,Platanista_gangetica,0.0,35
48,Diceros_bicornis,Perissodactyla,Rhinocerotidae,Diceros,CR,6.19541410012036,1.2810941839314,6.55362393960427,1.35967537072073,0.970681108270359,0.0640212749972664,5.599863916168,1,1.0,1000,direct,Diceros_bicornis,0.0,36
49,Rhinoceros_sondaicus,Perissodactyla,Rhinocerotidae,Rhinoceros,CR,5.87461090247561,1.32233184475454,6.16234602124141,1.3219349848205,0.970752204720894,0.0638020646465357,4.345315974799,1,1.0,1000,direct,Rhinoceros_sondaicus,0.0,37
50,Petauroides_volans,Diprotodontia,Pseudocheiridae,Petauroides,EN,5.84962973624491,3.18234964033321,12.3075982539548,2.55951973925892,0.473934003899485,0.285659657281705,11.147999463644,1,1.0,1000,direct,Petauroides_volans,0.0,38
51,Callistomys_pictus,Rodentia,Echimyidae,Callistomys,EN,5.81357847858348,3.07530986780078,11.638206675,2.83088518,0.49680441263765,0.271754012143866,11.4229983744968,1,0.982,1000,direct,Callistomys_pictus,0.0,39
52,Tokudaia_muenninki,Rodentia,Muridae,Tokudaia,CR,5.63935838480284,1.54085999041784,5.96492061451382,1.63654940999236,0.971256721251837,0.0598445632849638,4.156733661084,1,1.0,1000,direct,Tokudaia_muenninki,0.0,40
54,Latidens_salimalii,Chiroptera,Pteropodidae,Latidens,EN,5.60397188276529,3.91061056484496,12.4878966761295,4.09471901218035,0.496217463674415,0.295095160725581,10.0884761607533,1,0.952,1000,direct,Latidens_salimalii,0.0,41
55,Potorous_gilbertii,Diprotodontia,Potoroidae,Potorous,CR,5.59442712551335,1.39267967022714,5.93217795118547,1.54285567562636,0.96740548127805,0.0656830960214105,3.8228454137195,1,1.0,1000,direct,Potorous_gilbertii,0.0,42
57,Allocebus_trichotis,Primates,Cheirogaleidae,Allocebus,EN,5.51079508736354,3.01176304505171,11.0660506100007,2.57979891124463,0.490183656289765,0.287926927857761,11.298743075443,1,1.0,1000,direct,Allocebus_trichotis,0.0,43
59,Choeropsis_liberiensis,Artiodactyla,Hippopotamidae,Choeropsis,EN,5.47898031187781,2.90707215802044,11.0693905030137,2.60972887493589,0.492824666571706,0.277272615103188,4.704819510962,1,1.0,1000,direct,Choeropsis_liberiensis,0.0,44
60,Propithecus_coquereli,Primates,Indriidae,Propithecus,CR,5.45093422563003,1.562460323826,5.71609405117235,1.6438886415438,0.970101068965987,0.0592863115158967,0.95036508010573,1,1.0,1000,direct,Propithecus_coquereli,0.0,45
61,Propithecus_tattersalli,Primates,Indriidae,Propithecus,CR,5.4471726549211,1.53642363668578,5.76109527573718,1.61306371693104,0.969992492781841,0.0590220693147838,0.96016578812606,1,1.0,1000,direct,Propithecus_tattersalli,0.0,46
63,Propithecus_deckenii,Primates,Indriidae,Propithecus,CR,5.44403660374777,1.61586310417858,5.69535384566065,1.57806450619219,0.970140448847516,0.0587555618040333,0.39296514351075,1,1.0,1000,direct,Propithecus_deckenii,0.0,47
64,Propithecus_verreauxi,Primates,Indriidae,Propithecus,CR,5.43536851700163,1.61989188669382,5.73032586735628,1.58802067858873,0.970140448847516,0.0587555618040333,0.39836858085876,1,1.0,1000,direct,Propithecus_verreauxi,0.0,48
65,Pygathrix_cinerea,Primates,Cercopithecidae,Pygathrix,CR,5.34719457050772,1.28856315548599,5.62249511562777,1.29437474855997,0.970168698415343,0.0625772058805667,2.1687867699307,1,1.0,1000,direct,Pygathrix_cinerea,0.0,49
66,Pygathrix_nemaeus,Primates,Cercopithecidae,Pygathrix,CR,5.31877239896014,1.25555597812855,5.59306119391306,1.31344926146585,0.970267930434586,0.0625544495736062,1.7286525300609,1,1.0,1000,direct,Pygathrix_nemaeus,0.0,50
67,Pygathrix_nigripes,Primates,Cercopithecidae,Pygathrix,CR,5.30089101665198,1.25210807486643,5.58860009708536,1.34015803069723,0.970267930434586,0.0626058754060843,1.7286525300609,1,1.0,1000,direct,Pygathrix_nigripes,0.0,51
68,Santamartamys_rufodorsalis,Rodentia,Echimyidae,Santamartamys,CR,5.21449808793133,1.94425020875315,5.48966896392102,1.99664841590557,0.971195634328994,0.0581255461919219,5.38231123624001,1,0.961,1000,direct,Santamartamys_rufodorsalis,0.0,52
69,Parantechinus_apicalis,Dasyuromorphia,Dasyuridae,Parantechinus,EN,5.15434602724495,2.8356441085088,10.6504422681012,1.99482557631255,0.477873992604072,0.277377566494308,10.729721059391,1,1.0,1000,direct,Parantechinus_apicalis,0.0,53
70,Gorilla_gorilla,Primates,Hominidae,Gorilla,CR,5.08464781872611,1.18406787679031,5.31579659628527,1.20703746960099,0.970732182770476,0.0625673258498765,1.1484672296089,1,1.0,1000,direct,Gorilla_gorilla,0.0,54
71,Gorilla_beringei,Primates,Hominidae,Gorilla,CR,5.07178757252691,1.18751070299504,5.33401090459406,1.20157295443985,0.970925260099311,0.0617369903915672,1.1484672296089,1,1.0,1000,direct,Gorilla_beringei,0.0,55
72,Tapirus_indicus,Perissodactyla,Tapiridae,Tapirus,EN,5.06129277559993,2.86856831014063,10.3618830600721,1.99215680828868,0.488884130876556,0.278400794456661,10.137294306357,1,1.0,1000,direct,Tapirus_indicus,0.0,56
73,Propithecus_candidus,Primates,Indriidae,Propithecus,CR,5.02281487531583,1.86593960853652,5.29497639456943,1.91690558976771,0.970101068965987,0.0590220693147838,1.12310259137101,1,1.0,1000,direct,Propithecus_candidus,0.0,57
74,Propithecus_coronatus,Primates,Indriidae,Propithecus,CR,5.00115278077807,1.89810873774647,5.34551341676937,1.93646460897904,0.969992492781841,0.0586357699999256,1.18439717259204,1,1.0,1000,direct,Propithecus_coronatus,0.0,58
75,Okapia_johnstoni,Artiodactyla,Giraffidae,Okapia,EN,4.62926618957885,2.58002788997201,9.38061589769566,2.08588992911636,0.488884130876556,0.270393031026851,7.892312417003,1,1.0,1000,direct,Okapia_johnstoni,0.0,59
77,Chaetomys_subspinosus,Rodentia,Erethizontidae,Chaetomys,VU,4.53836128716239,1.68112265074375,18.992933735,5.21295599499999,0.244328775509288,0.0750378041694619,19.54753145838,1,1.0,1000,direct,Chaetomys_subspinosus,0.0,60
78,Dasyurus_hallucatus,Dasyuromorphia,Dasyuridae,Dasyurus,EN,4.41771717261734,2.52838773638245,9.15209893693389,1.63164461961702,0.477873992604072,0.27762240532749,9.237434752752,1,1.0,1000,direct,Dasyurus_hallucatus,0.0,61
79,Prolemur_simus,Primates,Lemuridae,Prolemur,CR,4.40926343722351,1.10236150498458,4.63072761762168,1.15844237391655,0.970168698415343,0.0596718604998523,4.694838026286,1,1.0,1000,direct,Prolemur_simus,0.0,62
80,Platacanthomys_lasiurus,Rodentia,Platacanthomyidae,Platacanthomys,VU,4.38764319858121,4.56402473611318,18.3462955267798,18.313777466258,0.245615576217225,0.075899658701331,18.483391676102,1,1.0,1000,direct,Platacanthomys_lasiurus,0.0,63
83,Propithecus_perrieri,Primates,Indriidae,Propithecus,CR,4.25401265354573,1.7819968025029,4.47527907014377,1.84111249729733,0.969992492781841,0.0587467320169043,1.2261996552491,1,1.0,1000,direct,Propithecus_perrieri,0.0,64
84,Rhynchomeles_prattorum,Peramelemorphia,Peramelidae,Rhynchomeles,EN,4.24288680922552,3.56517362440296,8.56811598934106,5.87162363186616,0.482213169737514,0.27081882583176,9.631256764466,1,1.0,1000,direct,Rhynchomeles_prattorum,0.0,65
85,Phyllomys_mantiqueirensis,Rodentia,Echimyidae,Phyllomys,CR,4.24128716120243,1.83019602585084,4.45471257784179,1.86666034481329,0.971917945114711,0.0567272189991099,3.55038385011866,1,0.898,1000,direct,Phyllomys_mantiqueirensis,0.0,66
86,Hippopotamus_amphibius,Artiodactyla,Hippopotamidae,Hippopotamus,VU,4.19482637079917,1.87844621814882,17.4882680203317,7.67717252520916,0.245036159814798,0.0772746674980673,1.25442879520455,1,1.0,1000,direct,Hippopotamus_amphibius,0.0,67
88,Plecotus_sardus,Chiroptera,Vespertilionidae,Plecotus,CR,4.15176873291222,2.04157184606351,4.37692259115495,2.09484909546081,0.973278697082507,0.0537002744007925,4.17395163960118,1,0.879,1000,direct,Plecotus_sardus,0.0,68
91,Smutsia_gigantea,Pholidota,Manidae,Smutsia,EN,4.12004432540581,2.59819230611887,8.49696798896142,3.1854514506827,0.486437580716684,0.293573302089991,5.8117235335683,1,1.0,1000,direct,Smutsia_gigantea,0.0,69
93,Cricetus_cricetus,Rodentia,Cricetidae,Cricetus,CR,4.07173239653932,2.28999795755492,4.30039154664084,2.40731779303655,0.967589098252418,0.0616373966628061,3.53903878739868,1,0.812,1000,direct,Cricetus_cricetus,0.0,70
95,Propithecus_diadema,Primates,Indriidae,Propithecus,CR,3.96220953013344,1.93374764568465,4.1589131028315,1.95589605100699,0.969992492781841,0.0586357699999256,0.79908508627972,1,1.0,1000,direct,Propithecus_diadema,0.0,71
96,Ailurops_melanotis,Diprotodontia,Phalangeridae,Ailurops,CR,3.92607319263083,2.51305445610102,4.17982765947073,2.65957520375948,0.969017552722647,0.0652070892991468,3.04457053286206,1,0.99,1000,direct,Ailurops_melanotis,0.0,72
99,Pentalagus_furnessi,Lagomorpha,Leporidae,Pentalagus,EN,3.90242123396658,2.51611024506355,8.5998597660095,3.22131137060988,0.487816086382669,0.270775064020241,6.38643149556288,1,0.919,1000,direct,Pentalagus_furnessi,0.0,73
100,Simias_concolor,Primates,Cercopithecidae,Simias,CR,3.89576632285501,1.37863745419686,4.13871672593752,1.41232359931578,0.970267930434586,0.0625250770462054,1.7094248680988,1,1.0,1000,direct,Simias_concolor,0.0,74
101,Delanymys_brooksi,Rodentia,Nesomyidae,Delanymys,VU,3.88143849729195,2.66479641547403,17.6344519432956,10.8224878563584,0.240737277073419,0.0740262941485837,13.7631217432983,1,0.987,1000,direct,Delanymys_brooksi,0.0,75
102,Sarcophilus_harrisii,Dasyuromorphia,Dasyuridae,Sarcophilus,EN,3.86793204237025,2.17510283109693,8.07147666159001,1.45999919556782,0.478567228635719,0.278473969120477,8.091462485908,1,1.0,1000,direct,Sarcophilus_harrisii,0.0,76
103,Oryctolagus_cuniculus,Lagomorpha,Leporidae,Oryctolagus,EN,3.86784152587805,2.54954982261735,8.32175466353026,2.78732060646046,0.488202543034757,0.270465815118776,7.18801321527454,1,0.914,1000,direct,Oryctolagus_cuniculus,0.0,77
104,Peromyscus_mayensis,Rodentia,Cricetidae,Peromyscus,CR,3.84131417436632,0.894970677129759,4.04083615000126,0.871611022704864,0.970198921405592,0.0594457932000437,3.38042301108534,1,0.886,1000,direct,Peromyscus_mayensis,0.0,78
105,Suncus_dayi,Eulipotyphla,Soricidae,Suncus,EN,3.83382954778733,3.54618606733652,8.66559806108706,6.49831869352483,0.487266487211265,0.280884959368886,6.71560450431122,1,0.901,1000,direct,Suncus_dayi,0.0,79
107,Caprolagus_hispidus,Lagomorpha,Leporidae,Caprolagus,EN,3.77721191127624,2.57100086184926,8.245937002634,3.16079013228245,0.488034627054486,0.270775064020241,6.89838755515055,1,0.876,1000,direct,Caprolagus_hispidus,0.0,80
108,Petaurus_abidi,Diprotodontia,Petauridae,Petaurus,CR,3.75899593327083,2.61253825826207,3.99825011663443,2.72808761331369,0.968318623716859,0.0662981227538091,3.60742566376059,1,0.822,1000,direct,Petaurus_abidi,0.0,81
109,Geocapromys_ingrahami,Rodentia,Echimyidae,Geocapromys,CR,3.67217609599225,1.32169321246379,3.84580761587034,1.34289551111621,0.971348387062748,0.0589333814869302,1.25495587538469,1,1.0,1000,direct,Geocapromys_ingrahami,0.0,82
112,Solenodon_cubanus,Eulipotyphla,Solenodontidae,Atopogale,EN,3.64338369600516,3.68763034575097,6.96275785459991,7.1063169164118,0.472501746298596,0.291945020876848,4.59463059576743,1,1.0,1000,synonym:MSW3,Atopogale_cubana,0.0,83
113,Akodon_latebricola,Rodentia,Cricetidae,Neomicroxus,EN,3.61050804668105,2.15889039389405,7.87077751610101,1.87769165597672,0.479690237020728,0.263690836263993,7.03810858763529,1,0.948,1000,synonym:MSW3,Neomicroxus_latebricola,0.0,84
115,Propithecus_edwardsi,Primates,Indriidae,Propithecus,EN,3.57885597643301,2.12007386323333,7.12314585828501,1.79538944888906,0.48556610495807,0.286703308919812,0.8002408461304,1,1.0,1000,direct,Propithecus_edwardsi,0.0,85
116,Pipanacoctomys_aureus,Rodentia,Octodontidae,Pipanacoctomys,CR,3.56502198472012,1.23490962095655,3.76284162808282,1.28591747779165,0.970732380734455,0.0581478964675684,3.784716165629,1,0.999,1000,direct,Pipanacoctomys_aureus,0.0,86
118,Pteronura_brasiliensis,Carnivora,Mustelidae,Pteronura,EN,3.54513319619018,2.14433407624602,7.49676451587245,1.54781295648303,0.482284987725897,0.280629564923994,7.596889341843,1,1.0,1000,direct,Pteronura_brasiliensis,0.0,87
120,Lepilemur_jamesorum,Primates,Lepilemuridae,Lepilemur,CR,3.49381666795663,1.57368978862645,3.6562959736706,1.6855388230655,0.970903392170865,0.0584723471221642,2.41150235167994,1,0.913,1000,synonym:nominalName,Lepilemur_jamesi,0.0,88
121,Priodontes_maximus,Cingulata,Tolypeutidae,Priodontes,VU,3.49224012772197,1.36551034176301,14.8817615960859,4.02561831036164,0.237561333857516,0.0783467590074948,15.063860148262,1,1.0,1000,direct,Priodontes_maximus,0.0,89
123,Eupetaurus_cinereus,Rodentia,Sciuridae,Eupetaurus,EN,3.45423833434016,1.93435999166901,7.20520292797881,2.26114971897492,0.49314630222302,0.273443145999136,7.0826966521077,1,0.993,1000,direct,Eupetaurus_cinereus,0.0,90
124,Cynogale_bennettii,Carnivora,Viverridae,Cynogale,EN,3.45365348492484,1.8958799533258,7.10227652932669,1.50780111117992,0.489819036257043,0.278404199047508,7.169347426808,1,1.0,1000,direct,Cynogale_bennettii,0.0,91
125,Zygogeomys_trichopus,Rodentia,Geomyidae,Zygogeomys,EN,3.44203321202529,1.88513106224938,7.1197836765,1.39131083075,0.487077943894182,0.271235064996952,7.189752656053,1,1.0,1000,direct,Zygogeomys_trichopus,0.0,92
127,Lagostrophus_fasciatus,Diprotodontia,Macropodidae,Lagostrophus,VU,3.41254648766034,1.14677709005212,14.426841285,2.443069095,0.241288103249052,0.0783232403549769,14.445242008467,1,1.0,1000,direct,Lagostrophus_fasciatus,0.0,93
128,Oreonax_flavicauda,Primates,Atelidae,Lagothrix,CR,3.41007818484189,3.08662525771162,3.55666470313515,3.30408420022552,0.970953998653753,0.0610163104031599,4.2583068781342,1,0.906,1000,synonym:MSW3,Lagothrix_flavicauda,0.0,94
130,Phataginus_tricuspis,Pholidota,Manidae,Phataginus,EN,3.34496351775249,3.77739976883325,6.3763326722119,7.45368351181992,0.48701700482296,0.293242953448215,3.4252270462062,1,0.996,1000,direct,Phataginus_tricuspis,0.0,95
131,Myrmecophaga_tridactyla,Pilosa,Myrmecophagidae,Myrmecophaga,VU,3.31859967863767,1.36308754566241,13.9674092524544,4.46026553485714,0.237791604364075,0.079754029188403,14.213051531121,1,1.0,1000,direct,Myrmecophaga_tridactyla,0.0,96
132,Spermophilus_suslicus,Rodentia,Sciuridae,Spermophilus,CR,3.3162245963531,1.31623550942748,3.50006781859479,1.30848181498883,0.971160169083264,0.0611714083393639,3.24557671604669,1,0.847,1000,direct,Spermophilus_suslicus,0.0,97
133,Equus_africanus,Perissodactyla,Equidae,Equus,CR,3.30156833069835,0.924234830850504,3.45691812935408,0.893191500983634,0.970552582153358,0.0639325201847936,3.17390444223196,1,0.914,1000,direct,Equus_africanus,0.0,98
134,Eubalaena_glacialis,Artiodactyla,Balaenidae,Eubalaena,CR,3.25205315687411,0.698209737716812,3.42549804104377,0.678461628058782,0.970903392170865,0.0590948226110889,3.37508256891505,1,0.968,1000,direct,Eubalaena_glacialis,0.0,99
135,Trinomys_yonenagae,Rodentia,Echimyidae,Trinomys,EN,3.24816115899463,1.85875292771586,6.76922296116941,2.11646817035363,0.492795564965308,0.271139022148859,6.67266208916993,1,0.97,1000,direct,Trinomys_yonenagae,0.0,100
136,Pseudocheirus_occidentalis,Diprotodontia,Pseudocheiridae,Pseudocheirus,CR,3.2148413823408,4.48059416268414,3.41201476474455,4.62836635599734,0.967744721841013,0.0667635565037434,4.05344887790879,1,0.773,1000,direct,Pseudocheirus_occidentalis,0.0,101
137,Feroculus_feroculus,Eulipotyphla,Soricidae,Feroculus,EN,3.15512523088944,3.04239935343578,6.88074206435896,5.98200162193806,0.487789885160026,0.283360908608199,5.44777081611268,1,0.863,1000,direct,Feroculus_feroculus,0.0,102
142,Hapalemur_aureus,Primates,Lemuridae,Hapalemur,CR,3.09186193654981,1.2335323969374,3.26019916187241,1.25205999010764,0.970168698415343,0.059402762362866,2.92224950674692,1,0.868,1000,direct,Hapalemur_aureus,0.0,103
143,Abrocoma_boliviensis,Rodentia,Abrocomidae,Abrocoma,CR,3.08992932104567,6.56484478591794,3.36673583508643,6.86257782681568,0.970732380734455,0.0581554944232545,4.33975525493901,1,0.681,1000,direct,Abrocoma_boliviensis,0.0,104
144,Nasalis_larvatus,Primates,Cercopithecidae,Nasalis,EN,3.08163358800421,1.72805240556011,6.23309081495409,1.35080131822547,0.486510715974722,0.287145968066641,1.7094248680988,1,1.0,1000,direct,Nasalis_larvatus,0.0,105
145,Habromys_simulatus,Rodentia,Cricetidae,Habromys,CR,3.05063744110217,1.0152222638339,3.22898122296714,1.04389025284107,0.970198921405592,0.0595365965256607,1.56540455413973,1,0.884,1000,direct,Habromys_simulatus,0.0,106
146,Habromys_chinanteco,Rodentia,Cricetidae,Habromys,CR,3.04955281253209,1.00983699803105,3.22904008331322,1.00000951229183,0.970306862514629,0.0594548516129259,1.58236685384615,1,0.886,1000,direct,Habromys_chinanteco,0.0,107
148,Tokudaia_tokunoshimensis,Rodentia,Muridae,Tokudaia,EN,3.02862469965986,1.90794811319183,5.85496185501185,2.71507260270963,0.492281920017614,0.283793021372734,1.104077914273,1,0.999,1000,direct,Tokudaia_tokunoshimensis,0.0,108
149,Tokudaia_osimensis,Rodentia,Muridae,Tokudaia,EN,2.98615239368103,1.8865498559595,5.90678378128453,2.90738446487605,0.492418670624126,0.284737143767266,1.104077914273,1,1.0,1000,direct,Tokudaia_osimensis,0.0,109
150,Rhinopithecus_avunculus,Primates,Cercopithecidae,Rhinopithecus,CR,2.95356366285376,0.950271177126011,3.11104741018029,0.998330398964552,0.970267930434586,0.0626058754060843,1.8156516872236,1,0.998,1000,direct,Rhinopithecus_avunculus,0.0,110
151,Zaglossus_bartoni,Monotremata,Tachyglossidae,Zaglossus,VU,2.95097685251813,1.83108625248969,12.5260845971942,7.03502545660593,0.238481760883011,0.0787416874081874,5.11923685144456,1,1.0,1000,direct,Zaglossus_bartoni,0.0,111
152,Macroderma_gigas,Chiroptera,Megadermatidae,Macroderma,VU,2.86987016613381,0.984980562931435,11.7192505526479,2.56479605059799,0.246953386379361,0.07735060543476,11.895525449209,1,1.0,1000,direct,Macroderma_gigas,0.0,112
153,Rhinoceros_unicornis,Perissodactyla,Rhinocerotidae,Rhinoceros,VU,2.85480002591774,0.952750767777673,11.8373323790733,2.41185396656935,0.243797969589155,0.0777533810393706,4.345315974799,1,1.0,1000,direct,Rhinoceros_unicornis,0.0,113
154,Cryptochloris_wintoni,Afrosoricida,Chrysochloridae,Cryptochloris,CR,2.85059290572101,1.96174440503637,2.99123690085041,2.06490650061066,0.966366759696468,0.0647744057398862,1.95150452892239,1,0.839,1000,direct,Cryptochloris_wintoni,0.0,114
155,Congosorex_phillipsorum,Eulipotyphla,Soricidae,Congosorex,CR,2.83237487685116,3.97494466760251,2.97360771789635,4.14113498475585,0.967518866204957,0.062859484916536,3.50732863050535,1,0.701,1000,direct,Congosorex_phillipsorum,0.0,115
156,Dipodomys_gravipes,Rodentia,Heteromyidae,Dipodomys,CR,2.82381592798149,0.821391962356644,2.96434045870061,0.845791140565027,0.970586139700088,0.0572362849683587,2.93329087804186,1,0.952,1000,direct,Dipodomys_gravipes,0.0,116
157,Peroryctes_broadbenti,Peramelemorphia,Peramelidae,Peroryctes,EN,2.81449249764507,1.52835661775144,5.83221330333513,1.55692077697758,0.477873992604072,0.267597820112312,5.486687613583,1,1.0,1000,synonym:MSW3,Peroryctes_broadbentii,0.0,117
158,Rhinopithecus_brelichi,Primates,Cercopithecidae,Rhinopithecus,CR,2.76382974220516,0.984541244673183,2.90256323883069,1.04459150205133,0.97038162961448,0.0625654709628727,1.3693642143944,1,0.979,1000,direct,Rhinopithecus_brelichi,0.0,118
159,Pteralopex_flanneryi,Chiroptera,Pteropodidae,Pteralopex,CR,2.76190289041534,2.26604153450287,2.87699049657561,2.33356586156855,0.972076159137107,0.0617997862488714,1.61189182477492,1,0.802,1000,direct,Pteralopex_flanneryi,0.0,119
160,Smutsia_temminckii,Pholidota,Manidae,Smutsia,VU,2.76085252966831,1.378070137904,11.6534614420706,5.07664952501777,0.24293833784475,0.0795867877150554,5.8117235335683,1,1.0,1000,direct,Smutsia_temminckii,0.0,120
162,Pteralopex_pulchra,Chiroptera,Pteropodidae,Pteralopex,CR,2.74106019547056,2.27136023188762,2.89355709020869,2.38859289809522,0.972076159137107,0.0617711371115852,1.65376924169306,1,0.799,1000,direct,Pteralopex_pulchra,0.0,121
163,Geocapromys_brownii,Rodentia,Echimyidae,Geocapromys,EN,2.72842204511588,1.52203626212151,5.55350646744849,1.5305855690033,0.492832936069451,0.26957935583969,1.31983019031498,1,1.0,1000,direct,Geocapromys_brownii,0.0,122
165,Brachyteles_arachnoides,Primates,Atelidae,Brachyteles,CR,2.70303640494834,0.862165545669553,2.83126863761463,0.892336527506159,0.971046491143967,0.0617865902584413,1.0262490309015,1,0.975,1000,direct,Brachyteles_arachnoides,0.0,123
166,Giraffa_camelopardalis,Artiodactyla,Giraffidae,Giraffa,VU,2.69750435982226,0.982749136583259,11.2115739494993,2.55707719058436,0.243674501931548,0.0743183845266789,7.892312417003,1,1.0,1000,direct,Giraffa_camelopardalis,0.0,124
167,Brachyteles_hypoxanthus,Primates,Atelidae,Brachyteles,CR,2.6924114884103,0.865372909357038,2.84542277166167,0.887850180324477,0.971205938507324,0.0612937052171937,1.0262490309015,1,0.978,1000,direct,Brachyteles_hypoxanthus,0.0,125
168,Rousettus_bidens,Chiroptera,Pteropodidae,Boneia,VU,2.68573476261324,0.98296670816973,11.2114213099458,2.21595252725492,0.24601531831274,0.0811116386236484,10.8104014486835,1,0.986,1000,synonym:MSW3,Boneia_bidens,0.0,126
169,Chalinolobus_tuberculatus,Chiroptera,Vespertilionidae,Chalinolobus,CR,2.68073394376597,2.05846063426068,2.81314686424292,2.15862612174213,0.971947432056028,0.0582844101841218,2.41391735024692,1,0.721,1000,direct,Chalinolobus_tuberculatus,0.0,127
170,Catagonus_wagneri,Artiodactyla,Tayassuidae,Parachoerus,EN,2.67768673520627,1.6379327243029,5.59061975504298,1.72985655807298,0.489819036257043,0.276897790968637,5.486617790572,1,1.0,1000,synonym:MSW3,Parachoerus_wagneri,0.0,128
171,Chimarrogale_phaeura,Eulipotyphla,Soricidae,Chimarrogale,EN,2.66733825763479,2.5722692610291,6.04581306068663,4.63948496245075,0.493632974419255,0.28307096204181,4.87575289634911,1,0.86,1000,direct,Chimarrogale_phaeura,0.0,129
172,Lemur_catta,Primates,Lemuridae,Lemur,EN,2.65809836608231,1.56283592213974,5.34769912133733,1.23301116922971,0.487029024104238,0.291315748359731,5.398296475443,1,1.0,1000,direct,Lemur_catta,0.0,130
173,Presbytis_chrysomelas,Primates,Cercopithecidae,Presbytis,CR,2.65697859966299,1.61345191097692,2.79736549970671,1.70189523209514,0.97038162961448,0.061503618168917,2.25625031680247,1,0.757,1000,direct,Presbytis_chrysomelas,0.0,131
174,Hipposideros_coxi,Chiroptera,Hipposideridae,Hipposideros,EN,2.65259647035263,2.30036964224207,6.02833602546788,3.7820643598556,0.496217463674415,0.297663373588022,4.94546520365865,1,0.858,1000,direct,Hipposideros_coxi,0.0,132
175,Lonchorhina_orinocensis,Chiroptera,Phyllostomidae,Lonchorhina,VU,2.63921746242603,1.09612196123938,11.0143070086047,3.18955574972417,0.245516772328093,0.0785637469337553,10.3226196926173,1,0.997,1000,direct,Lonchorhina_orinocensis,0.0,133
177,Beatragus_hunteri,Artiodactyla,Bovidae,Beatragus,CR,2.62419342359856,0.841178127782582,2.75805750998647,0.851646395129597,0.971423688428519,0.0566308779478821,2.797749511094,1,0.973,1000,direct,Beatragus_hunteri,0.0,134
178,Nomascus_hainanus,Primates,Hylobatidae,Nomascus,CR,2.60599120730996,0.865096798234156,2.74169917897153,0.90687670904988,0.970732182770476,0.0626475548683987,1.511700150299,1,0.94,1000,direct,Nomascus_hainanus,0.0,135
180,Nomascus_nasutus,Primates,Hylobatidae,Nomascus,CR,2.60018818577842,0.887364354279335,2.73219092975154,0.87582626951567,0.970925260099311,0.0627276388781718,1.49195110227737,1,0.931,1000,direct,Nomascus_nasutus,0.0,136
181,Lepilemur_septentrionalis,Primates,Lepilemuridae,Lepilemur,CR,2.59630101985674,1.11895479698279,2.72610255608333,1.14429281372702,0.971022851990672,0.0578720952629346,2.09888146867696,1,0.834,1000,direct,Lepilemur_septentrionalis,0.0,137
182,Chrotogale_owstoni,Carnivora,Viverridae,Chrotogale,EN,2.59267815230227,1.42536156256768,5.3475477900992,1.22352182247542,0.487339447307544,0.278304148956905,5.365853309866,1,1.0,1000,direct,Chrotogale_owstoni,0.0,138
184,Sminthopsis_psammophila,Dasyuromorphia,Dasyuridae,Sminthopsis,VU,2.57999226681025,0.908611257831764,10.9797835949218,2.18856574620507,0.24164509364401,0.0779029989517023,10.6760528079226,1,0.986,1000,direct,Sminthopsis_psammophila,0.0,139
185,Tapirus_bairdii,Perissodactyla,Tapiridae,Tapirus,EN,2.55564077651047,1.41577263923022,5.13960808244919,1.22727567311961,0.489298725607373,0.278324789761971,4.717602487026,1,1.0,1000,direct,Tapirus_bairdii,0.0,140
187,Dasyuroides_byrnei,Dasyuromorphia,Dasyuridae,Dasyuroides,VU,2.5408030860788,0.860068025653695,10.7974038482602,2.01255387737493,0.24164509364401,0.0780817110580953,10.837808588306,1,1.0,1000,direct,Dasyuroides_byrnei,0.0,141
188,Dendrolagus_mayri,Diprotodontia,Macropodidae,Dendrolagus,CR,2.54020097845226,3.2337399380307,2.64437323123903,3.38691504199378,0.969540590054367,0.0648869174978324,2.63568838455108,1,0.703,1000,direct,Dendrolagus_mayri,0.0,142
189,Dendrolagus_scottae,Diprotodontia,Macropodidae,Dendrolagus,CR,2.53873888727773,3.31089377369578,2.67522347684516,3.48639623545551,0.969737797498439,0.0638781828199029,2.67652708767344,1,0.7,1000,direct,Dendrolagus_scottae,0.0,143
190,Dugong_dugon,Sirenia,Dugongidae,Dugong,VU,2.53736844646276,1.39975912610887,10.8866796845883,4.72211485349888,0.236761557662488,0.0790945682789764,10.649137990503,1,1.0,1000,direct,Dugong_dugon,0.0,144
192,Dendrolagus_pulcherrimus,Diprotodontia,Macropodidae,Dendrolagus,CR,2.51162284503972,3.47667381996177,2.64833564442288,3.53175603277577,0.969540590054367,0.0638668701612848,2.50026800809345,1,0.673,1000,direct,Dendrolagus_pulcherrimus,0.0,145
193,Tarsius_tarsier,Primates,Tarsiidae,Tarsius,VU,2.50975151818091,1.44582477863688,10.9869239829596,5.99357795023021,0.243746381587006,0.0780496232349075,7.49971940911215,1,0.999,1000,direct,Tarsius_tarsier,0.0,146
195,Enhydra_lutris,Carnivora,Mustelidae,Enhydra,EN,2.49442859190611,1.37349357011906,5.15070407475634,1.18746052335897,0.482722139237721,0.279841006169049,5.210479978941,1,1.0,1000,direct,Enhydra_lutris,0.0,147
196,Aproteles_bulmerae,Chiroptera,Pteropodidae,Aproteles,CR,2.4889842903599,4.17983320385645,2.6264288949214,4.33002650360696,0.971780072742575,0.062013169400248,3.16986072203704,1,0.636,1000,direct,Aproteles_bulmerae,0.0,148
197,Eulemur_flavifrons,Primates,Lemuridae,Eulemur,CR,2.48471204301069,0.79089440409619,2.62552938852416,0.78973859013834,0.970903392170865,0.059045984953399,1.591489875912,1,0.965,1000,direct,Eulemur_flavifrons,0.0,149
198,Microakodontomys_transitorius,Rodentia,Cricetidae,Microakodontomys,EN,2.47465000780027,1.4725058797261,5.469199726,1.390511578823,0.485010383861242,0.265169958886794,4.12257325776293,1,0.941,1000,direct,Microakodontomys_transitorius,0.0,150
199,Anthops_ornatus,Chiroptera,Hipposideridae,Anthops,VU,2.46810881135003,2.64964832202795,11.7035560439964,10.4271124542199,0.245394082208774,0.0783229914130113,8.45645103382051,1,0.866,1000,direct,Anthops_ornatus,0.0,151
203,Rhinopithecus_strykeri,Primates,Cercopithecidae,Rhinopithecus,CR,2.44332748423868,1.03576853490412,2.54677290134676,1.07390919925516,0.970168698415343,0.0625654709628727,0.7274212675101,1,0.913,1000,direct,Rhinopithecus_strykeri,0.0,152
204,Dendromus_kahuziensis,Rodentia,Nesomyidae,Dendromus,CR,2.43578727338248,3.72345363922702,2.5660478776309,3.81635921722409,0.969011460749559,0.0610791761979455,3.31596585890027,1,0.637,1000,direct,Dendromus_kahuziensis,0.0,153
205,Phaner_furcifer,Primates,Cheirogaleidae,Phaner,EN,2.43276970459946,1.98448545022683,4.73963453518895,3.56044355671032,0.490183656289765,0.287218263300493,2.15284456599433,1,0.971,1000,direct,Phaner_furcifer,0.0,154
206,Phaner_parienti,Primates,Cheirogaleidae,Phaner,EN,2.39668224998441,2.00098600076127,4.79100713979054,3.84088358116748,0.48844630441227,0.287394266686554,2.09612639370299,1,0.973,1000,direct,Phaner_parienti,0.0,155
207,Pteromyscus_pulverulentus,Rodentia,Sciuridae,Pteromyscus,EN,2.39330787693669,1.4330920339331,5.01494007603479,1.67833014107001,0.49532741591327,0.273171106002089,4.9131236338693,1,0.982,1000,direct,Pteromyscus_pulverulentus,0.0,156
208,Phaner_pallescens,Primates,Cheirogaleidae,Phaner,EN,2.38421935325323,2.03917159045889,4.72995224963097,3.6592189511356,0.490183656289765,0.288963874589905,2.05722414146781,1,0.975,1000,direct,Phaner_pallescens,0.0,157
209,Habromys_lepturus,Rodentia,Cricetidae,Habromys,CR,2.37770279843804,0.706040497464367,2.502965475229,0.743876419948649,0.970198921405592,0.0594457932000437,0.75481017323146,1,0.841,1000,direct,Habromys_lepturus,0.0,158
210,Habromys_ixtlani,Rodentia,Cricetidae,Habromys,CR,2.37755903896026,0.734645176806545,2.50217150475771,0.701940940199931,0.97035630746287,0.0594093413104266,0.7230660232845,1,0.837,1000,direct,Habromys_ixtlani,0.0,159
212,Macaca_sylvanus,Primates,Cercopithecidae,Macaca,EN,2.35868665170692,1.36414976831763,4.94954131950126,1.23768803799922,0.485947565096241,0.286331982350817,4.60081293175015,1,0.995,1000,direct,Macaca_sylvanus,0.0,160
214,Eudiscoderma_thongareeae,Chiroptera,Megadermatidae,Eudiscoderma,CR,2.35226149673101,4.22649962013753,2.49332928010534,4.42385178302776,0.973276213931794,0.0552787099643023,3.74571467253056,1,0.617,1000,direct,Eudiscoderma_thongareeae,0.0,161
215,Marmosops_handleyi,Didelphimorphia,Didelphidae,Marmosops,CR,2.34203322112393,3.57233870447763,2.4337563241447,3.79518586609288,0.967682911044549,0.0663989183801163,3.26708175229333,1,0.637,1000,direct,Marmosops_handleyi,0.0,162
216,Xenomys_nelsoni,Rodentia,Cricetidae,Xenomys,EN,2.3308603207244,2.10384668235181,5.59693743898272,3.80539662349822,0.47606839871576,0.280309040623121,4.75226260882466,1,0.842,1000,direct,Xenomys_nelsoni,0.0,163
217,Phaner_electromontis,Primates,Cheirogaleidae,Phaner,EN,2.33031597046815,1.99844219669091,4.54998959246129,3.59388142109282,0.490183656289765,0.288963874589905,1.92719172509293,1,0.972,1000,direct,Phaner_electromontis,0.0,164
219,Loxodonta_africana,Proboscidea,Elephantidae,Loxodonta,EN,2.32402110346273,1.50181748141704,4.8062058173084,2.03871541218338,0.466624755698088,0.284666820610091,4.921141537377,1,0.998,1000,direct,Loxodonta_africana,0.0,165
220,Pharotis_imogene,Chiroptera,Vespertilionidae,Pharotis,CR,2.31784366213912,4.32583947311954,2.48846612505752,4.57200888345487,0.970356921865497,0.0639393968607673,3.72186226485449,1,0.613,1000,direct,Pharotis_imogene,0.0,166
221,Hylomyscus_baeri,Rodentia,Muridae,Hylomyscus,EN,2.25956676220458,1.31750929335803,4.66965668514979,0.956798934773963,0.492418670624126,0.288861124120834,4.52247664694986,1,0.965,1000,direct,Hylomyscus_baeri,0.0,167
222,Romerolagus_diazi,Lagomorpha,Leporidae,Romerolagus,EN,2.21708135022071,4.43800128083118,4.28103938812157,9.45384246179459,0.491978787974214,0.276753739275815,4.81488981380352,1,0.762,1000,direct,Romerolagus_diazi,0.0,168
223,Crocidura_zimmermanni,Eulipotyphla,Soricidae,Crocidura,EN,2.21692780998064,2.60216263446205,5.05953869608435,5.12892717078143,0.48326944765462,0.282957768681316,4.02194241703599,1,0.775,1000,direct,Crocidura_zimmermanni,0.0,169
224,Sturnira_nana,Chiroptera,Phyllostomidae,Sturnira,EN,2.20532173666192,1.2398552819591,4.621774508,1.3824048675,0.489112485267875,0.27668681534475,4.29176596834887,1,0.943,1000,direct,Sturnira_nana,0.0,170
225,Potorous_longipes,Diprotodontia,Potoroidae,Potorous,VU,2.20196761041595,0.763921578087619,9.31792726642536,1.84022183093443,0.238733841001208,0.0774032342061244,8.770506262514,1,1.0,1000,direct,Potorous_longipes,0.0,171
227,Nomascus_concolor,Primates,Hylobatidae,Nomascus,CR,2.17568391672629,0.729679188368794,2.28286473180854,0.776901815003352,0.970732182770476,0.0626475548683987,1.41404461841061,1,0.881,1000,direct,Nomascus_concolor,0.0,172
228,Spilocuscus_rufoniger,Diprotodontia,Phalangeridae,Spilocuscus,CR,2.17433450764493,1.50890218844612,2.28703158273304,1.60887120012612,0.969540590054367,0.0652070892991468,1.81212881137384,1,0.668,1000,direct,Spilocuscus_rufoniger,0.0,173
229,Addax_nasomaculatus,Artiodactyla,Bovidae,Addax,CR,2.14489802009317,0.692012708417302,2.24649888985584,0.710600316813201,0.970605427818649,0.0568451373611998,2.258562721227,1,0.838,1000,direct,Addax_nasomaculatus,0.0,174
230,Spilocuscus_wilsoni,Diprotodontia,Phalangeridae,Spilocuscus,CR,2.12579677581859,2.29746013171905,2.26706669715004,2.52995220591046,0.969017552722647,0.0652070892991468,2.43092725719715,1,0.618,1000,direct,Spilocuscus_wilsoni,0.0,175
233,Rhinopithecus_roxellana,Primates,Cercopithecidae,Rhinopithecus,EN,2.09682233096582,1.1998077650136,4.24595343569389,1.31887229641453,0.487158164690312,0.287907314236971,1.3693642143944,1,1.0,1000,direct,Rhinopithecus_roxellana,0.0,176
234,Ailurops_ursinus,Diprotodontia,Phalangeridae,Ailurops,VU,2.08808398320725,0.750817216303422,8.77790256673069,1.82749114070459,0.240748820088661,0.078436884694528,3.04457053286206,1,1.0,1000,direct,Ailurops_ursinus,0.0,177
235,Myotis_yanbarensis,Chiroptera,Vespertilionidae,Myotis,CR,2.07447277234597,1.01878123098338,2.18949508117412,1.05816037881809,0.970406339189167,0.0615706775421735,2.03078630387402,1,0.72,1000,direct,Myotis_yanbarensis,0.0,178
236,Bubalus_mindorensis,Artiodactyla,Bovidae,Bubalus,CR,2.07315145698918,0.750255297353226,2.18248464656931,0.758492383287927,0.971589141955709,0.0547555432631528,1.8043654058615,1,0.817,1000,direct,Bubalus_mindorensis,0.0,179
237,Rhinopithecus_bieti,Primates,Cercopithecidae,Rhinopithecus,EN,2.06458516532606,1.16231396618265,4.23870648698993,1.35173054937512,0.487158164690312,0.287873681846916,0.7274212675101,1,1.0,1000,direct,Rhinopithecus_bieti,0.0,180
238,Chinchilla_chinchilla,Rodentia,Chinchillidae,Chinchilla,EN,2.06095564250491,1.19579522354861,4.17890302566192,1.60317352745082,0.491916408029508,0.270719651199114,1.9757308839369,1,0.999,1000,direct,Chinchilla_chinchilla,0.0,181
239,Heteromys_nelsoni,Rodentia,Heteromyidae,Heteromys,EN,2.05614944998517,1.55704149140004,4.53228029818275,2.6194458542355,0.481584072209517,0.271694028404561,3.76844281640846,1,0.86,1000,direct,Heteromys_nelsoni,0.0,182
240,Chinchilla_lanigera,Rodentia,Chinchillidae,Chinchilla,EN,2.05265142940271,1.21417720108401,4.16358833878004,1.51360458840735,0.491423868908558,0.270621291485632,1.9757308839369,1,1.0,1000,synonym:MSW3,Chinchilla_laniger,0.0,183
241,Symphalangus_syndactylus,Primates,Hylobatidae,Symphalangus,EN,2.04825459017353,1.19375981083958,4.22511958681202,0.912088220040959,0.490312360283627,0.289564596857985,4.249649355966,1,1.0,1000,direct,Symphalangus_syndactylus,0.0,184
242,Ailuropoda_melanoleuca,Carnivora,Ursidae,Ailuropoda,VU,2.04577034869208,0.727778560681794,8.60842656116917,1.75558987106847,0.242793856918379,0.0798539052346878,8.642694150944,1,1.0,1000,direct,Ailuropoda_melanoleuca,0.0,185
243,Nycticebus_pygmaeus,Primates,Lorisidae,Xanthonycticebus,EN,2.04000455650308,1.42145096971858,4.38182653757623,1.84997506915739,0.487029024104238,0.280800029302148,3.81416697964961,1,0.928,1000,synonym:MSW3,Xanthonycticebus_pygmaeus,0.0,186
244,Cryptochloris_zyli,Afrosoricida,Chrysochloridae,Cryptochloris,EN,2.03882586870629,1.54308250014463,4.07353299485281,2.55973195740737,0.467714292400376,0.284159228051406,1.95150452892239,1,0.959,1000,direct,Cryptochloris_zyli,0.0,187
245,Tarsius_tumpara,Primates,Tarsiidae,Tarsius,CR,2.02933330493249,2.84880696162506,2.16506305998375,2.96149461504893,0.971022851990672,0.0591295987052729,2.28366592570742,1,0.583,1000,direct,Tarsius_tumpara,0.0,188
246,Physeter_macrocephalus,Artiodactyla,Physeteridae,Physeter,VU,2.02862342350114,0.872349095523907,8.47357007043913,2.34377597264714,0.244647472992592,0.077236725693093,7.81409337387978,1,0.97,1000,direct,Physeter_macrocephalus,0.0,189
247,Eulemur_mongoz,Primates,Lemuridae,Eulemur,CR,2.02701353782129,0.51585245789312,2.14224863958466,0.539398127683173,0.970903392170865,0.0588294279594723,2.0124212592682,1,0.88,1000,direct,Eulemur_mongoz,0.0,190
248,Caenolestes_convelatus,Paucituberculata,Caenolestidae,Caenolestes,VU,2.02634372256167,1.04036952937404,8.71199362224195,3.60139630678787,0.240378877718319,0.0736429142829359,7.89258728945472,1,0.998,1000,direct,Caenolestes_convelatus,0.0,191
249,Leptonycteris_nivalis,Chiroptera,Phyllostomidae,Leptonycteris,EN,2.0143081124723,1.1880991805659,4.11796306368323,1.22103661522961,0.496169683244819,0.292924215514576,4.038155812968,1,1.0,1000,direct,Leptonycteris_nivalis,0.0,192
250,Biswamoyopterus_biswasi,Rodentia,Sciuridae,Biswamoyopterus,CR,2.00387076425674,2.77869269762234,2.13583113433883,2.91560135702511,0.971643508298513,0.061615949161657,1.62449745251354,1,0.568,1000,direct,Biswamoyopterus_biswasi,0.0,193
251,Mystromys_albicaudatus,Rodentia,Nesomyidae,Mystromys,VU,1.99202470159603,1.79592116014271,8.77471012267742,7.39241814355755,0.240518744138533,0.0742549448282639,7.6229627329415,1,0.872,1000,direct,Mystromys_albicaudatus,0.0,194
252,Porcula_salvania,Artiodactyla,Suidae,Porcula,EN,1.98850812305713,2.44707087884098,3.72501483378088,4.36235887846811,0.493511594932958,0.277608326156974,5.7205831614595,1,0.912,1000,direct,Porcula_salvania,0.0,195
254,Lamottemys_okuensis,Rodentia,Muridae,Lamottemys,EN,1.98263504721624,2.06435520954196,4.44144588089075,4.01041731605201,0.488500207163901,0.292747710491631,3.59193163617266,1,0.752,1000,direct,Lamottemys_okuensis,0.0,196
255,Cryptoprocta_ferox,Carnivora,Eupleridae,Cryptoprocta,VU,1.93825910088572,0.703018074265932,8.08465835306315,1.82864938419321,0.243098515287213,0.078758217337189,2.21254954054395,1,1.0,1000,direct,Cryptoprocta_ferox,0.0,197
257,Dendrolagus_matschiei,Diprotodontia,Macropodidae,Dendrolagus,EN,1.9318760796768,1.21439054498931,4.10179638341245,1.55515719918464,0.483345061909206,0.282573821290002,3.34962249730675,1,0.957,1000,direct,Dendrolagus_matschiei,0.0,198
260,Lycaon_pictus,Carnivora,Canidae,Lycaon,EN,1.91897405137251,1.07760089979086,3.98760117294169,1.00761601395202,0.479958255146201,0.281864075314236,4.02377194691,1,1.0,1000,direct,Lycaon_pictus,0.0,199
261,Pteralopex_atrata,Chiroptera,Pteropodidae,Pteralopex,EN,1.91631530454599,1.63771525077714,3.7641720570079,2.8779719246763,0.497307899702545,0.291306472885291,1.74894128140434,1,0.933,1000,direct,Pteralopex_atrata,0.0,200
262,Petrogale_persephone,Diprotodontia,Macropodidae,Petrogale,EN,1.90929392556777,1.285216570985,4.18141835201959,1.49156694080669,0.479651248545996,0.281383110523961,3.69743438635188,1,0.921,1000,direct,Petrogale_persephone,0.0,201
263,Microgale_jenkinsae,Afrosoricida,Tenrecidae,Microgale,EN,1.89925442816844,2.71548375892372,3.83966059816213,5.38601408783194,0.465734260787695,0.293803819303928,5.07754172658259,1,0.785,1000,direct,Microgale_jenkinsae,0.0,202
264,Rhagomys_rufescens,Rodentia,Cricetidae,Rhagomys,VU,1.88339492099777,0.742099232503711,8.17058993837075,1.91492810231769,0.24086631535167,0.0752431907223864,6.97251273885121,1,0.949,1000,direct,Rhagomys_rufescens,0.0,203
265,Murina_harpioloides,Chiroptera,Vespertilionidae,Murina,EN,1.87918806117386,1.6537337262008,3.83605900643952,2.82910373577117,0.489138631572289,0.279767632910264,2.59834937392878,1,0.92,1000,direct,Murina_harpioloides,0.0,204
266,Pteralopex_anceps,Chiroptera,Pteropodidae,Pteralopex,EN,1.87438613801765,1.53887004798415,3.74832849367706,2.63581517535533,0.497307899702545,0.291306472885291,1.71685073301966,1,0.943,1000,direct,Pteralopex_anceps,0.0,205
267,Nilopegamys_plumbeus,Rodentia,Muridae,Nilopegamys,CR,1.86949236833501,2.76582218987972,1.97342652809569,2.93062872158664,0.973118110661883,0.0561101120619588,2.40859431958423,1,0.541,1000,direct,Nilopegamys_plumbeus,0.0,206
268,Microgale_jobihely,Afrosoricida,Tenrecidae,Microgale,EN,1.86286184921682,2.62584150338586,3.76301797461308,4.96383376300882,0.465352730472314,0.292493942403514,5.12198710053912,1,0.794,1000,direct,Microgale_jobihely,0.0,207
269,Ochotona_koslowi,Lagomorpha,Ochotonidae,Ochotona,EN,1.85111304127915,1.15436876831529,3.87645604582533,1.4207045597776,0.490481686609364,0.278216570818547,3.65398353576193,1,0.946,1000,direct,Ochotona_koslowi,0.0,208
271,Macrogalidia_musschenbroekii,Carnivora,Viverridae,Macrogalidia,VU,1.85087798082165,0.625426197933002,7.75469619464575,1.61338767400778,0.243918279101649,0.077986451837472,7.779682725535,1,1.0,1000,direct,Macrogalidia_musschenbroekii,0.0,209
272,Rheithrosciurus_macrotis,Rodentia,Sciuridae,Rheithrosciurus,VU,1.85055148187521,1.51564705322925,8.39217732373851,5.87715590271016,0.246382874169083,0.0759592230787599,5.99149246228972,1,0.927,1000,direct,Rheithrosciurus_macrotis,0.0,210
274,Lepilemur_microdon,Primates,Lepilemuridae,Lepilemur,EN,1.84797058856834,1.30173532859136,3.98280390605666,1.65656232681584,0.493289449274799,0.289208905371651,2.97379211853758,1,0.937,1000,direct,Lepilemur_microdon,0.0,211
275,Ruwenzorisorex_suncoides,Eulipotyphla,Soricidae,Ruwenzorisorex,VU,1.84640368589036,1.6535123456333,8.18928160837867,6.49392231284564,0.239425617519377,0.0776305878466609,6.26908704453881,1,0.882,1000,direct,Ruwenzorisorex_suncoides,0.0,212
276,Myotis_pruinosus,Chiroptera,Vespertilionidae,Myotis,EN,1.84428899470573,1.29786809554184,3.92860894417228,1.66512990516594,0.486669289940397,0.282430757559442,3.55009054048014,1,0.87,1000,direct,Myotis_pruinosus,0.0,213
277,Amblysomus_marleyi,Afrosoricida,Chrysochloridae,Amblysomus,EN,1.84041317719211,1.48665846797921,3.98956375095779,2.49416132208824,0.465734260787695,0.285206463776436,3.87731517174359,1,0.882,1000,direct,Amblysomus_marleyi,0.0,214
278,Pipistrellus_subflavus,Chiroptera,Vespertilionidae,Perimyotis,VU,1.83937466567163,2.0910440427652,8.22304755623042,8.655851025551,0.245913439180371,0.0734505837052986,6.24488635306901,1,0.814,1000,synonym:MSW3,Perimyotis_subflavus,0.0,215
279,Dasyurus_viverrinus,Dasyuromorphia,Dasyuridae,Dasyurus,EN,1.83209815287826,1.06323899080756,3.87442458857495,1.03896980683881,0.479358354701894,0.278897627741032,3.881828781281,1,1.0,1000,direct,Dasyurus_viverrinus,0.0,216
281,Thylamys_karimii,Didelphimorphia,Didelphidae,Thylamys,VU,1.81975595663368,0.740734182154036,7.71853726554876,2.10212574992472,0.240518220671084,0.0768400869169658,7.15188759163842,1,0.945,1000,direct,Thylamys_karimii,0.0,217
283,Limnogale_mergulus,Afrosoricida,Tenrecidae,Microgale,VU,1.80148064895223,2.47734491910043,7.77160789091106,10.7547372146595,0.236477482828949,0.0810250194198748,8.39690189456105,1,0.882,1000,synonym:MSW3,Microgale_mergulus,0.0,218
284,Phalanger_matanim,Diprotodontia,Phalangeridae,Phalanger,CR,1.79552699121739,2.2011173503758,1.86959390320582,2.33201108406776,0.969702234783321,0.0647684019897463,2.08109539920259,1,0.535,1000,direct,Phalanger_matanim,0.0,219
285,Bos_sauveli,Artiodactyla,Bovidae,Bos,CR,1.79226607314133,0.589492060396856,1.89138367289908,0.582559959523189,0.971654723932162,0.0538582222707426,1.5291975021607,1,0.632,1000,direct,Bos_sauveli,0.0,220
286,Pontoporia_blainvillei,Artiodactyla,Pontoporiidae,Pontoporia,VU,1.78310490034051,0.626594155780389,7.39901185024863,1.59228453406609,0.245497660209467,0.0763742143339394,7.05075571559804,1,0.989,1000,direct,Pontoporia_blainvillei,0.0,221
287,Dorcopsis_atrata,Diprotodontia,Macropodidae,Dorcopsis,CR,1.77630464817192,2.40097324462781,1.88925033694343,2.50556415312807,0.969540590054367,0.0642080950814206,2.40602737957526,1,0.528,1000,direct,Dorcopsis_atrata,0.0,222
288,Perameles_bougainville,Peramelemorphia,Peramelidae,Perameles,VU,1.76726353647683,0.645843023413281,7.52129096030324,1.78802021578899,0.24030300449005,0.0771490302578588,5.84518593862183,1,1.0,1000,direct,Perameles_bougainville,0.0,223
289,Lepilemur_hollandorum,Primates,Lepilemuridae,Lepilemur,CR,1.76542325998646,1.49039195066161,1.85970450486331,1.52990569654161,0.971222493100047,0.0579973758970329,1.2264611029199,1,0.532,1000,direct,Lepilemur_hollandorum,0.0,224
290,Nomascus_siki,Primates,Hylobatidae,Nomascus,CR,1.75959216572787,0.747327412993966,1.86192503551832,0.764363533533644,0.971046491143967,0.0627528143611434,0.43323013092442,1,0.58,1000,direct,Nomascus_siki,0.0,225
291,Callimico_goeldii,Primates,Callitrichidae,Callimico,VU,1.7582794058053,1.15044784285048,7.7723392688421,4.32032143498942,0.245683034794913,0.0775671667411154,5.73080139507547,1,0.914,1000,direct,Callimico_goeldii,0.0,226
292,Nomascus_leucogenys,Primates,Hylobatidae,Nomascus,CR,1.75434857307549,0.736557687666744,1.85839136634621,0.770506391754354,0.970925260099311,0.0627570114055727,0.41871609183171,1,0.579,1000,direct,Nomascus_leucogenys,0.0,227
293,Phalanger_lullulae,Diprotodontia,Phalangeridae,Phalanger,EN,1.74184519755124,1.77185818057301,3.74167392342896,3.52399861529373,0.481056921408359,0.278699562321406,3.24919641065588,1,0.769,1000,direct,Phalanger_lullulae,0.0,228
295,Lasiorhinus_krefftii,Diprotodontia,Vombatidae,Lasiorhinus,CR,1.73661987582902,0.769786003300416,1.82587894272244,0.804447717578924,0.969408616115037,0.0652070892991468,1.618928103193,1,0.543,1000,direct,Lasiorhinus_krefftii,0.0,229
296,Chrysospalax_trevelyani,Afrosoricida,Chrysochloridae,Chrysospalax,EN,1.73562574126652,1.57485383991641,3.64584151517866,2.6691914345383,0.466624755698088,0.285582939899159,2.96590737537371,1,0.905,1000,direct,Chrysospalax_trevelyani,0.0,230
297,Crocidura_miya,Eulipotyphla,Soricidae,Crocidura,EN,1.73054935683375,1.63637123258751,3.68393214955702,3.02075172456118,0.479457057607838,0.28483885425567,2.75190401959161,1,0.773,1000,direct,Crocidura_miya,0.0,231
299,Setonix_brachyurus,Diprotodontia,Macropodidae,Setonix,VU,1.72467756496186,0.914997774440532,7.7008540045,3.10141376748866,0.23861971544081,0.0776110733709807,5.31660571994925,1,0.989,1000,direct,Setonix_brachyurus,0.0,232
300,Redunca_fulvorufula,Artiodactyla,Bovidae,Redunca,EN,1.72383190961487,0.973673273705062,3.51868573158347,1.09452765063671,0.495110542781442,0.274138450786933,3.552081245221,1,0.997,1000,direct,Redunca_fulvorufula,0.0,233
301,Dipodomys_ingens,Rodentia,Heteromyidae,Dipodomys,EN,1.72142947345131,0.986334644368393,3.53051809567272,0.933642562506166,0.487804028891327,0.266360695298341,3.53603272755788,1,0.969,1000,direct,Dipodomys_ingens,0.0,234
302,Myosorex_eisentrauti,Eulipotyphla,Soricidae,Myosorex,CR,1.71853523000449,2.36231932434158,1.85069693411688,2.5001591706855,0.967466984559784,0.0619067905351654,1.9361745575476,1,0.522,1000,direct,Myosorex_eisentrauti,0.0,235
304,Eulemur_macaco,Primates,Lemuridae,Eulemur,EN,1.7133765085424,0.939355990050652,3.51680764726069,0.763687731281548,0.489504728028494,0.292205841573367,1.591489875912,1,1.0,1000,direct,Eulemur_macaco,0.0,236
305,Hylomys_parvus,Eulipotyphla,Erinaceidae,Hylomys,VU,1.71129870963191,0.651912663630569,7.19014319124569,2.00348546758798,0.246291871791583,0.0772820608331369,6.600167775093,1,1.0,1000,direct,Hylomys_parvus,0.0,237
306,Lepilemur_leucopus,Primates,Lepilemuridae,Lepilemur,EN,1.70973997284581,1.15456570067656,3.63418627307989,1.62218178542852,0.490890241210987,0.285294005492548,2.63510391418682,1,0.921,1000,direct,Lepilemur_leucopus,0.0,238
307,Trinomys_moojeni,Rodentia,Echimyidae,Trinomys,EN,1.70862979572509,1.01014927085755,3.57405137811756,1.28636906586242,0.489599216874709,0.270117424998359,3.39227937054915,1,0.975,1000,direct,Trinomys_moojeni,0.0,239
308,Lepilemur_tymerlachsoni,Primates,Lepilemuridae,Lepilemur,CR,1.70693869944644,1.53979295633667,1.78221697172282,1.64099105305256,0.97112732079161,0.0580649827715117,1.28405551023824,1,0.509,1000,direct,Lepilemur_tymerlachsoni,0.0,240
309,Rhynchocyon_chrysopygus,Macroscelidea,Macroscelididae,Rhynchocyon,EN,1.70531047463675,5.05488956574311,3.58432355590168,10.4158562819343,0.465597953354821,0.284404045062837,9.71077163395962,1,0.69,1000,direct,Rhynchocyon_chrysopygus,0.0,241
310,Balantiopteryx_infusca,Chiroptera,Emballonuridae,Balantiopteryx,VU,1.69467684559426,0.600929138827401,6.95243765729673,1.71806464833614,0.246059419333368,0.0735433107715157,6.648819926076,1,1.0,1000,direct,Balantiopteryx_infusca,0.0,242
312,Odobenus_rosmarus,Carnivora,Odobenidae,Odobenus,VU,1.68654972999048,0.645673603083616,7.16424205950091,1.64650586875004,0.241115813930247,0.0795408674566983,7.233219844806,1,1.0,1000,direct,Odobenus_rosmarus,0.0,243
313,Muntiacus_vuquangensis,Artiodactyla,Cervidae,Muntiacus,CR,1.67512151406327,1.17721323106024,1.78226010277466,1.21537500775969,0.970756411784619,0.0577059010503458,1.56045046988887,1,0.513,1000,direct,Muntiacus_vuquangensis,0.0,244
314,Cystophora_cristata,Carnivora,Phocidae,Cystophora,EN,1.67438442417541,0.990505603613132,3.438693790827,0.836585313890251,0.480497294600884,0.283147885142945,3.505984982555,1,1.0,1000,direct,Cystophora_cristata,0.0,245
315,Arabitragus_jayakari,Artiodactyla,Bovidae,Arabitragus,EN,1.67385494973722,0.934150396448977,3.41694364468217,0.886869005868424,0.494694578125788,0.285049598901378,2.974585158941,1,1.0,1000,direct,Arabitragus_jayakari,0.0,246
316,Hipposideros_pomona,Chiroptera,Hipposideridae,Hipposideros,EN,1.66988187867399,1.25893433911344,3.78235645560533,2.09940435043964,0.494750215186082,0.295325569322739,3.0701766139098,1,0.791,1000,direct,Hipposideros_pomona,0.0,247
317,Balantiopteryx_io,Chiroptera,Emballonuridae,Balantiopteryx,VU,1.66642641025245,0.587388719707484,6.95943355244306,1.74391701045118,0.246124997597564,0.0735775072212126,6.648819926076,1,1.0,1000,direct,Balantiopteryx_io,0.0,248
318,Crocidura_hikmiya,Eulipotyphla,Soricidae,Crocidura,EN,1.65884679439799,1.61309587365326,3.68892581789209,3.28706706129504,0.481672497261972,0.283608798419183,2.6923038062258,1,0.749,1000,direct,Crocidura_hikmiya,0.0,249
319,Emballonura_semicaudata,Chiroptera,Emballonuridae,Emballonura,EN,1.64674309858889,2.04547939354813,3.3759494828305,4.04738004101006,0.498411802408894,0.273545884886979,3.60941777267903,1,0.735,1000,direct,Emballonura_semicaudata,0.0,250
325,Tarsius_bancanus,Primates,Tarsiidae,Cephalopachus,VU,1.62297261532875,0.993369244002916,6.9854842707335,3.80646191891627,0.243365087935309,0.078054076152846,4.56058208132107,1,0.987,1000,synonym:MSW3,Cephalopachus_bancanus,0.0,251
326,Tachyoryctes_macrocephalus,Rodentia,Spalacidae,Tachyoryctes,EN,1.61802330839877,2.09184810077312,3.02962853316476,4.15690775004499,0.496157640287477,0.282324586932972,3.59074143532279,1,0.731,1000,direct,Tachyoryctes_macrocephalus,0.0,252
328,Tolypeutes_tricinctus,Cingulata,Tolypeutidae,Tolypeutes,VU,1.61524470218249,1.56934071886288,6.87015334084838,6.35610805595673,0.237791604364075,0.07868306124009,6.34813656782457,1,0.992,1000,direct,Tolypeutes_tricinctus,0.0,253
331,Liomys_spectabilis,Rodentia,Heteromyidae,Heteromys,EN,1.59356733738811,0.948446170096994,3.28999168311324,1.04152630204558,0.485375293432832,0.272812975540731,3.1799235992916,1,0.989,1000,synonym:MSW3,Heteromys_spectabilis,0.0,254
332,Cheirogaleus_medius,Primates,Cheirogaleidae,Cheirogaleus,VU,1.58666387049683,0.691873270169276,6.64399280105682,1.98665210426542,0.244060842924806,0.0769676026995215,5.88072680504615,1,0.949,1000,direct,Cheirogaleus_medius,0.0,255
333,Peromyscus_ochraventer,Rodentia,Cricetidae,Peromyscus,EN,1.57981320698629,1.00065083292667,3.43421087291359,0.818264473602967,0.488670182987714,0.287589889763851,2.88798430327096,1,0.926,1000,direct,Peromyscus_ochraventer,0.0,256
334,Rousettus_spinalatus,Chiroptera,Pteropodidae,Rousettus,VU,1.57679461729642,0.665842576489625,6.67345073679193,1.9366321452874,0.245599666271901,0.0801876815579475,6.44311035171778,1,0.954,1000,direct,Rousettus_spinalatus,0.0,257
335,Megadendromus_nikolausi,Rodentia,Nesomyidae,Megadendromus,VU,1.56257764318734,1.79572817862862,6.51254268748591,7.48262536287933,0.240518744138533,0.0738951921866637,6.47486356458351,1,0.877,1000,direct,Megadendromus_nikolausi,0.0,258
336,Cheirogaleus_lavasoensis,Primates,Cheirogaleidae,Cheirogaleus,EN,1.55999006663461,0.974358238651792,3.24042552993192,1.12000735894075,0.490183656289765,0.286894248777049,2.4741660425561,1,0.913,1000,direct,Cheirogaleus_lavasoensis,0.0,259
337,Reithrodontomys_raviventris,Rodentia,Cricetidae,Reithrodontomys,EN,1.55991768329721,1.01146579555723,3.43414973091834,0.937685026526858,0.477539079420862,0.279499294822218,3.08154763785791,1,0.88,1000,direct,Reithrodontomys_raviventris,0.0,260
338,Eulemur_coronatus,Primates,Lemuridae,Eulemur,EN,1.54709769709434,0.926030189531245,3.17510357288687,0.737737274608057,0.48844630441227,0.290319628371067,3.174537941995,1,0.999,1000,direct,Eulemur_coronatus,0.0,261
340,Fossa_fossana,Carnivora,Eupleridae,Fossa,VU,1.5410296999182,0.56866075097349,6.4882375344689,1.64241135164643,0.242975788672422,0.0794223569244753,5.539169741185,1,1.0,1000,direct,Fossa_fossana,0.0,262
341,Nilgiritragus_hylocrius,Artiodactyla,Bovidae,Nilgiritragus,EN,1.53687918859465,0.83082003779647,3.07492987465197,0.857469803139778,0.492078342730834,0.28122094073616,3.089151428715,1,0.991,1000,direct,Nilgiritragus_hylocrius,0.0,263
342,Eupleres_goudotii,Carnivora,Eupleridae,Eupleres,VU,1.53077698999789,0.568922299601869,6.43987495131474,1.59488316602845,0.242850834286174,0.0793011401814995,5.539169741185,1,1.0,1000,direct,Eupleres_goudotii,0.0,264
343,Emballonura_serii,Chiroptera,Emballonuridae,Emballonura,VU,1.52655519306007,0.749031340670218,6.36677222073249,2.52956481749061,0.246124997597564,0.0745629400404892,6.13662769115196,1,0.962,1000,direct,Emballonura_serii,0.0,265
344,Rhinopoma_hadramauticum,Chiroptera,Rhinopomatidae,Rhinopoma,EN,1.52643759077167,1.09675741813258,3.11431364044437,1.6692579387611,0.497897419964513,0.28950917623974,2.82761520661005,1,0.807,1000,direct,Rhinopoma_hadramauticum,0.0,266
345,Panthera_tigris,Carnivora,Felidae,Panthera,EN,1.51565773345254,0.871517737369358,3.14802153779176,0.699172608874034,0.489702867340526,0.276714200816885,3.194992357431,1,1.0,1000,direct,Panthera_tigris,0.0,267
346,Eubalaena_japonica,Artiodactyla,Balaenidae,Eubalaena,EN,1.51296664649083,0.843939535770692,3.05722657151806,0.565820943378733,0.490000404918483,0.27139990191949,3.00665338683474,1,0.969,1000,direct,Eubalaena_japonica,0.0,268
347,Neopteryx_frosti,Chiroptera,Pteropodidae,Neopteryx,EN,1.51229209395257,2.47434023631189,2.84291379761339,5.20299061608226,0.497307899702545,0.295713058362292,3.53689948892291,1,0.672,1000,direct,Neopteryx_frosti,0.0,269
349,Trachypithecus_geei,Primates,Cercopithecidae,Trachypithecus,EN,1.49804653462426,1.00320376106715,3.2221329161644,1.21956008027021,0.487554133397616,0.290520819628335,2.95428374263653,1,0.874,1000,direct,Trachypithecus_geei,0.0,270
350,Megadontomys_cryophilus,Rodentia,Cricetidae,Megadontomys,EN,1.49643454957289,0.875360042661748,3.11670971062352,0.749085896060374,0.481197695226766,0.278990345859837,2.479620327607,1,0.998,1000,direct,Megadontomys_cryophilus,0.0,271
354,Mirza_coquereli,Primates,Cheirogaleidae,Mirza,EN,1.48611598927143,0.833104087738726,3.01782436982201,0.849021171525916,0.490183656289765,0.288153579491731,1.09517253873,1,0.997,1000,direct,Mirza_coquereli,0.0,272
359,Mandrillus_leucophaeus,Primates,Cercopithecidae,Mandrillus,EN,1.47762404322834,0.827851836276155,3.03016295147869,0.780404401449624,0.490481686609364,0.289430124964937,2.74614588585,1,0.998,1000,direct,Mandrillus_leucophaeus,0.0,273
360,Micropotamogale_lamottei,Afrosoricida,Potamogalidae,Micropotamogale,VU,1.47653817896355,1.81382293588327,5.88795401775253,7.07329832044879,0.236761557662488,0.0794389161298026,7.00073259101052,1,0.941,1000,direct,Micropotamogale_lamottei,0.0,274
362,Marmosa_xerophila,Didelphimorphia,Didelphidae,Marmosa,VU,1.4698780471784,0.645684634354773,6.36000024251328,2.13301783792478,0.2395255397493,0.0753132375924747,6.03138512436568,1,0.939,1000,direct,Marmosa_xerophila,0.0,275
366,Rucervus_eldii,Artiodactyla,Cervidae,Rucervus,EN,1.46571144095753,0.817598224424347,2.99383942180071,0.727883252562336,0.487288887180536,0.266948113646392,2.321587683753,1,1.0,1000,direct,Rucervus_eldii,0.0,276
368,Cercopithecus_hamlyni,Primates,Cercopithecidae,Cercopithecus,VU,1.45480594780524,0.547740353749574,6.1381113365,1.30278161075,0.245809998450805,0.0787855256564403,5.91563097667724,1,0.991,1000,direct,Cercopithecus_hamlyni,0.0,277
370,Dendrolagus_mbaiso,Diprotodontia,Macropodidae,Dendrolagus,EN,1.43617772111249,1.67740786732629,2.71507227309247,3.39338382710024,0.482904011072377,0.283495311155926,2.60466763211648,1,0.728,1000,direct,Dendrolagus_mbaiso,0.0,278
372,Crocidura_canariensis,Eulipotyphla,Soricidae,Crocidura,EN,1.42425210794889,1.32147589611666,3.09708585905813,2.48511798557082,0.48326944765462,0.282197389963086,2.51173709935388,1,0.731,1000,direct,Crocidura_canariensis,0.0,279
373,Rangifer_tarandus,Artiodactyla,Cervidae,Rangifer,VU,1.42217594770104,0.4966434296033,5.97721709150004,1.39450356474996,0.243320943767257,0.072680375218412,6.022117993507,1,1.0,1000,direct,Rangifer_tarandus,0.0,280
375,Dendrolagus_notatus,Diprotodontia,Macropodidae,Dendrolagus,EN,1.41011904046874,1.93873042079939,2.89166611564385,3.88876796455853,0.484031680347557,0.282416677634825,2.65492327425881,1,0.709,1000,direct,Dendrolagus_notatus,0.0,281
376,Nomascus_gabriellae,Primates,Hylobatidae,Nomascus,EN,1.4028047392582,0.806714679370575,2.86977232573455,1.03712984433681,0.490312360283627,0.29065616803449,0.81123089137465,1,0.967,1000,direct,Nomascus_gabriellae,0.0,282
379,Nesolagus_timminsi,Lagomorpha,Leporidae,Nesolagus,EN,1.3974428439887,2.46143519543876,2.76574584747695,4.72592301740246,0.491029620967453,0.276968543123534,1.84831730392988,1,0.65,1000,direct,Nesolagus_timminsi,0.0,283
381,Nomascus_annamensis,Primates,Hylobatidae,Nomascus,EN,1.38294679811276,0.85582275143545,2.91587192241769,1.05752270275485,0.490312360283627,0.29065616803449,0.84257893695452,1,0.958,1000,direct,Nomascus_annamensis,0.0,284
382,Dorcatragus_megalotis,Artiodactyla,Bovidae,Dorcatragus,VU,1.37924884757251,0.503371209526833,5.73755240236831,1.07040801254245,0.245262480154485,0.0734349310991365,5.767205153841,1,1.0,1000,direct,Dorcatragus_megalotis,0.0,285
383,Pan_paniscus,Primates,Hominidae,Pan,EN,1.37702195007648,0.801151166628446,2.81070416315559,0.963336814320113,0.487816086382669,0.288908277119299,1.3841131707554,1,0.962,1000,direct,Pan_paniscus,0.0,286
384,Pan_troglodytes,Primates,Hominidae,Pan,EN,1.37287737048881,0.815087907884553,2.79994837967198,0.9394800625122,0.486906684682026,0.287488860370137,1.3841131707554,1,0.957,1000,direct,Pan_troglodytes,0.0,287
387,Megadontomys_thomasi,Rodentia,Cricetidae,Megadontomys,EN,1.36602240707116,0.771917471805217,2.81011512098027,0.726696429295676,0.479590231752292,0.279485903862145,1.9091528074257,1,0.991,1000,direct,Megadontomys_thomasi,0.0,288
391,Macaca_fascicularis,Primates,Cercopithecidae,Macaca,EN,1.35341482133067,0.793006549697024,2.78133197732219,0.763346573977724,0.488202543034757,0.290949383039766,2.70998905520058,1,0.967,1000,direct,Macaca_fascicularis,0.0,289
392,Megadontomys_nelsoni,Rodentia,Cricetidae,Megadontomys,EN,1.3517202138611,0.774423842377524,2.81323516381046,0.762702821277014,0.479590231752292,0.2794173461719,1.9091528074257,1,0.988,1000,direct,Megadontomys_nelsoni,0.0,290
393,Hesperoptenus_tomesi,Chiroptera,Vespertilionidae,Hesperoptenus,VU,1.35008076124798,1.45116810952229,5.91137609682317,5.89169853541042,0.243769251416132,0.0758324272327444,4.81874013481779,1,0.805,1000,direct,Hesperoptenus_tomesi,0.0,291
394,Phyllomys_lundi,Rodentia,Echimyidae,Phyllomys,EN,1.34631285071262,0.931785596616672,2.84484738595175,1.28555584317641,0.496447409599272,0.269586055407793,2.40713865302379,1,0.834,1000,direct,Phyllomys_lundi,0.0,292
398,Loris_tardigradus,Primates,Lorisidae,Loris,EN,1.32993951682847,0.745026285999917,2.6424154203445,0.762506240621008,0.485925019256114,0.281576551182936,1.0887945654113,1,0.981,1000,direct,Loris_tardigradus,0.0,293
405,Arctictis_binturong,Carnivora,Viverridae,Arctictis,VU,1.31082252048219,0.463900961380021,5.5764775158895,1.27219180488281,0.242975788672422,0.0789333733364279,5.616475817446,1,1.0,1000,direct,Arctictis_binturong,0.0,294
409,Leontopithecus_chrysopygus,Primates,Callitrichidae,Leontopithecus,EN,1.29226620484218,1.24889690709228,2.60566611911512,2.16600377673147,0.495923726102257,0.28982603211865,1.61748403554122,1,0.739,1000,direct,Leontopithecus_chrysopygus,0.0,295
410,Tarsius_sangirensis,Primates,Tarsiidae,Tarsius,EN,1.29010032187263,1.74700458030679,2.58485606712699,3.4116945665292,0.489128016056468,0.288024845884317,2.66019636119341,1,0.67,1000,direct,Tarsius_sangirensis,0.0,296
411,Vormela_peregusna,Carnivora,Mustelidae,Vormela,VU,1.2887702794204,0.496932893381391,5.45245698997185,1.26152902861175,0.241680389060108,0.0803121394963416,5.508350935869,1,1.0,1000,direct,Vormela_peregusna,0.0,297
412,Lonchorhina_fernandezi,Chiroptera,Phyllostomidae,Lonchorhina,EN,1.28800804202486,1.85687707489968,2.51871531517974,3.59868060641874,0.497307899702545,0.280396848288759,3.00800206639142,1,0.617,1000,direct,Lonchorhina_fernandezi,0.0,298
413,Sundasciurus_fraterculus,Rodentia,Sciuridae,Sundasciurus,VU,1.28586485901108,0.564078080734245,5.36759201864052,1.78510424873817,0.246944056861299,0.0749517757914102,5.04772705344429,1,0.981,1000,direct,Sundasciurus_fraterculus,0.0,299
414,Myotis_capaccinii,Chiroptera,Vespertilionidae,Myotis,VU,1.28154744659844,0.668629933480721,5.44132302859272,2.29580705762634,0.243387092631136,0.0779971594521057,4.92691347530464,1,0.884,1000,direct,Myotis_capaccinii,0.0,300
415,Tupaia_nicobarica,Scandentia,Tupaiidae,Tupaia,EN,1.27954229537598,1.73491892338723,2.71445262269891,3.56819273316167,0.490481686609364,0.282042442623014,3.19457896739559,1,0.655,1000,direct,Tupaia_nicobarica,0.0,301
416,Peromyscus_melanocarpus,Rodentia,Cricetidae,Peromyscus,EN,1.27887764295827,0.828940806212848,2.74640832371773,0.762820487920254,0.484774095701942,0.284831936298947,2.26179410695892,1,0.879,1000,direct,Peromyscus_melanocarpus,0.0,302
417,Microtus_umbrosus,Rodentia,Cricetidae,Microtus,EN,1.27432774865106,0.782513248911316,2.73800524993165,0.82324360114842,0.469225928046922,0.2885634690628,2.52691697271037,1,0.881,1000,direct,Microtus_umbrosus,0.0,303
418,Hipposideros_turpis,Chiroptera,Hipposideridae,Hipposideros,EN,1.2719503605827,0.984599141529618,2.72973275437251,1.43936060922854,0.496217463674415,0.292161716507376,2.39126808999049,1,0.769,1000,direct,Hipposideros_turpis,0.0,304
421,Leontopithecus_caissara,Primates,Callitrichidae,Leontopithecus,EN,1.26691856784915,1.26168643418241,2.57907717723178,2.34041739993858,0.495756537497738,0.28982603211865,1.55534222878568,1,0.715,1000,direct,Leontopithecus_caissara,0.0,305
422,Srilankamys_ohiensis,Rodentia,Muridae,Srilankamys,VU,1.26247440555299,1.1764868445892,5.910795869,4.32699767382471,0.244141106943734,0.0780113743669383,4.38563954285033,1,0.814,1000,direct,Srilankamys_ohiensis,0.0,306
423,Pteralopex_taki,Chiroptera,Pteropodidae,Pteralopex,VU,1.26129772832152,0.802845278283056,5.35736744808967,3.22658359004256,0.246197227172228,0.0792613228504545,1.58097597424403,1,0.992,1000,direct,Pteralopex_taki,0.0,307
424,Suncus_fellowesgordoni,Eulipotyphla,Soricidae,Suncus,EN,1.2591952341587,0.887685544639873,2.64103560569869,1.4038125824234,0.486131950263181,0.282714476518265,2.32455893156749,1,0.774,1000,direct,Suncus_fellowesgordoni,0.0,308
429,Trachypithecus_vetulus,Primates,Cercopithecidae,Semnopithecus,EN,1.24099705576225,0.737818188941156,2.53813952725039,0.826118163351088,0.487554133397616,0.289408099366049,2.43237621977936,1,0.884,1000,synonym:MSW3,Semnopithecus_vetulus,0.0,309
430,Cheirogaleus_major,Primates,Cheirogaleidae,Cheirogaleus,VU,1.23655129110292,0.543099966937799,5.24236302690023,1.73685647004756,0.244060842924806,0.0773234309374808,4.57009423803968,1,0.939,1000,direct,Cheirogaleus_major,0.0,310
431,Tarsius_pumilus,Primates,Tarsiidae,Tarsius,EN,1.23287863310718,1.53678742904856,2.41497356714468,2.70561307651513,0.489128016056468,0.287530330593744,1.8468011446997,1,0.657,1000,direct,Tarsius_pumilus,0.0,311
434,Myosorex_kihaulei,Eulipotyphla,Soricidae,Myosorex,EN,1.22670043128409,1.33228579482299,2.50849030427705,2.54417979527946,0.471799977215062,0.284488199608255,1.1062547190665,1,0.663,1000,direct,Myosorex_kihaulei,0.0,312
435,Mirza_zaza,Primates,Cheirogaleidae,Mirza,VU,1.22425702477497,0.590649669956887,5.07434258799119,2.2947296174478,0.244060842924806,0.0775196798208256,1.09517253873,1,1.0,1000,direct,Mirza_zaza,0.0,313
438,Lepilemur_mustelinus,Primates,Lepilemuridae,Lepilemur,VU,1.22228733499113,0.828271407312204,5.25341941875324,3.37053093438261,0.244269261480445,0.0770763400455883,2.36485506497913,1,0.954,1000,direct,Lepilemur_mustelinus,0.0,314
439,Tarsius_pelengensis,Primates,Tarsiidae,Tarsius,EN,1.22197819775417,1.60484419617472,2.57369950873004,2.9054798159588,0.489128016056468,0.287197902933424,2.24217657362055,1,0.665,1000,direct,Tarsius_pelengensis,0.0,315
440,Saccopteryx_antioquensis,Chiroptera,Emballonuridae,Saccopteryx,EN,1.21867748024844,1.60896272213719,2.47779388903246,3.1804143777076,0.497076692493722,0.270944939907645,2.6230333909795,1,0.64,1000,direct,Saccopteryx_antioquensis,0.0,316
441,Myosorex_geata,Eulipotyphla,Soricidae,Myosorex,EN,1.21774272255175,1.38891272350744,2.52241700499908,2.52861348606907,0.472051599209105,0.284220594900437,1.13383768171717,1,0.661,1000,direct,Myosorex_geata,0.0,317
443,Dama_mesopotamica,Artiodactyla,Cervidae,Dama,EN,1.21459087694232,0.691699916905433,2.43384695522592,0.771542761993236,0.486736851108714,0.268123811697535,2.432741128166,1,0.908,1000,direct,Dama_mesopotamica,0.0,318
448,Microcebus_sambiranensis,Primates,Cheirogaleidae,Microcebus,EN,1.20689022121169,0.835842726971705,2.6241981562752,1.01639134735154,0.490183656289765,0.286894248777049,2.27776459819902,1,0.825,1000,direct,Microcebus_sambiranensis,0.0,319
451,Cephalophus_zebra,Artiodactyla,Bovidae,Cephalophula,VU,1.20320418466961,0.392413406185884,4.9885393705,1.14092412750001,0.24497132155228,0.0737192512254239,5.020589877964,1,1.0,1000,synonym:MSW3,Cephalophula_zebra,0.0,320
453,Chilonatalus_micropus,Chiroptera,Natalidae,Chilonatalus,VU,1.20003865354003,0.536987951839087,5.01131040922981,1.77130504698778,0.246991028366865,0.0718037164163905,4.896937076416,1,1.0,1000,direct,Chilonatalus_micropus,0.0,321
455,Microcebus_tanosi,Primates,Cheirogaleidae,Microcebus,EN,1.19692616979248,0.757428053583948,2.52243226859721,0.878379084738743,0.490183656289765,0.287239292490036,2.27960940546869,1,0.838,1000,direct,Microcebus_tanosi,0.0,322
456,Hylobates_pileatus,Primates,Hylobatidae,Hylobates,EN,1.1956745132592,0.7258709621362,2.45100007290939,0.677663635614108,0.490312360283627,0.289429840310019,2.464694034019,1,0.955,1000,direct,Hylobates_pileatus,0.0,323
457,Dyacopterus_rickarti,Chiroptera,Pteropodidae,Dyacopterus,EN,1.19393706516034,1.55722036654397,2.35544249440221,2.75181365206464,0.496934170750205,0.295544554718974,2.64337552485005,1,0.636,1000,direct,Dyacopterus_rickarti,0.0,324
458,Acerodon_jubatus,Chiroptera,Pteropodidae,Acerodon,EN,1.19381800748871,1.2998350960772,2.41789623525422,2.40707634489954,0.489007350343147,0.293078891961598,2.12047386640486,1,0.664,1000,direct,Acerodon_jubatus,0.0,325
459,Podoxymys_roraimae,Rodentia,Cricetidae,Podoxymys,VU,1.19345701316761,0.449077295947795,5.05964304250002,0.986836766999988,0.244279270468979,0.0749432075014686,4.74836465022519,1,0.945,1000,direct,Podoxymys_roraimae,0.0,326
460,Rhogeessa_genowaysi,Chiroptera,Vespertilionidae,Rhogeessa,EN,1.19207050668592,0.897565901360559,2.49764598683607,1.43682081433643,0.504057374113551,0.274220894898739,2.31723262239503,1,0.751,1000,direct,Rhogeessa_genowaysi,0.0,327
463,Cuon_alpinus,Carnivora,Canidae,Cuon,EN,1.17493361487733,0.671108022925531,2.45812110401411,0.774219290653895,0.481273530837235,0.280851212680451,0.5295695598223,1,0.93,1000,direct,Cuon_alpinus,0.0,328
468,Chrysospalax_villosus,Afrosoricida,Chrysochloridae,Chrysospalax,VU,1.16700204519689,0.747710071813329,4.94944793720714,3.08775961468986,0.236761557662488,0.0793535256884961,2.96590737537371,1,0.984,1000,direct,Chrysospalax_villosus,0.0,329
469,Reithrodontomys_hirsutus,Rodentia,Cricetidae,Reithrodontomys,VU,1.16526823630803,0.47379258816882,5.04049259405813,1.12105684496564,0.239967947541314,0.0773544046926548,4.55281758582367,1,0.921,1000,direct,Reithrodontomys_hirsutus,0.0,330
472,Tomopeas_ravus,Chiroptera,Molossidae,Tomopeas,EN,1.15695385137536,2.22094113220452,2.2721531442018,4.09355224564628,0.503271855235629,0.27272143115508,4.08628937175789,1,0.582,1000,synonym:MSW3,Tomopeas_ravum,0.0,331
479,Microcebus_macarthurii,Primates,Cheirogaleidae,Microcebus,EN,1.13679850156517,0.781529336070155,2.33842915621528,1.29880915924832,0.490183656289765,0.287557233363838,2.07675557511564,1,0.732,1000,direct,Microcebus_macarthurii,0.0,332
484,Marmosops_pakaraimae,Didelphimorphia,Didelphidae,Marmosops,VU,1.11996391753206,0.909818033482351,5.02560440574528,3.8196541627061,0.239768456431963,0.0767107050673038,4.05938962685488,1,0.821,1000,direct,Marmosops_pakaraimae,0.0,333
485,Diplogale_hosei,Carnivora,Viverridae,Diplogale,VU,1.11680168000037,0.415512770115043,4.66534101085503,1.13682297405176,0.24378749565102,0.0786922810381485,4.471894209267,1,1.0,1000,direct,Diplogale_hosei,0.0,334
487,Antechinus_arktos,Dasyuromorphia,Dasyuridae,Antechinus,EN,1.11544828168745,1.48638287661135,2.22846785645554,2.9392948886701,0.48154342133153,0.275089883045148,2.65067544017248,1,0.595,1000,direct,Antechinus_arktos,0.0,335
489,Voalavo_antsahabensis,Rodentia,Nesomyidae,Voalavo,EN,1.11279244023203,1.52367284595013,2.22503083698805,2.93886682884973,0.479690237020728,0.258717809187179,2.61613135392125,1,0.602,1000,direct,Voalavo_antsahabensis,0.0,336
493,Anotomys_leander,Rodentia,Cricetidae,Anotomys,EN,1.10936712642286,1.3629361000824,2.22903734287953,2.54507330306839,0.490063814883996,0.280043061279672,2.37346889665881,1,0.61,1000,direct,Anotomys_leander,0.0,337
496,Suncus_aequatorius,Eulipotyphla,Soricidae,Suncus,EN,1.10451207307194,1.61324221917676,2.21576181664188,3.15915727774163,0.473186786216008,0.28220641190561,2.56343065749982,1,0.593,1000,direct,Suncus_aequatorius,0.0,338
498,Murina_rozendaali,Chiroptera,Vespertilionidae,Murina,VU,1.10321862659731,0.504391873420486,4.6478403752469,1.69253928642757,0.243815279424788,0.0772519210347954,4.23344680834002,1,0.945,1000,direct,Murina_rozendaali,0.0,339
500,Microtus_oaxacensis,Rodentia,Cricetidae,Microtus,EN,1.09901572243906,0.673679410843876,2.35309053768672,0.664341365536187,0.472397014874066,0.286598674291631,2.1536182681598,1,0.847,1000,direct,Microtus_oaxacensis,0.0,340
503,Nesomys_lambertoni,Rodentia,Nesomyidae,Nesomys,EN,1.09802197524747,1.38533433915658,2.15812947291049,2.67480758086637,0.480412608069097,0.254658245139871,2.63229517458901,1,0.588,1000,direct,Nesomys_lambertoni,0.0,341
507,Dinaromys_bogdanovi,Rodentia,Cricetidae,Dinaromys,VU,1.08817459842712,1.05264768182634,5.01928323495349,4.13723990581844,0.241808489657217,0.0788445159944621,4.04916972251008,1,0.745,1000,direct,Dinaromys_bogdanovi,0.0,342
510,Echymipera_davidi,Peramelemorphia,Peramelidae,Echymipera,EN,1.08268960227486,1.45232741526924,2.23519908773163,3.0480179974331,0.478567228635719,0.27081882583176,2.53674351732735,1,0.595,1000,direct,Echymipera_davidi,0.0,343
513,Diplothrix_legata,Rodentia,Muridae,Diplothrix,EN,1.07959867181646,1.2066436155912,2.22750697048057,2.45646863058706,0.50153476628034,0.286636146998058,1.84999287497234,1,0.58,1000,direct,Diplothrix_legata,0.0,344
515,Mindomys_hammondi,Rodentia,Cricetidae,Mindomys,EN,1.07862282632218,1.40596010734907,2.2214929083173,2.93216624206007,0.483998942665454,0.266928596074132,2.28383966878563,1,0.559,1000,direct,Mindomys_hammondi,0.0,345
517,Sylvilagus_brasiliensis,Lagomorpha,Leporidae,Sylvilagus,EN,1.07245602578594,1.07061618968427,2.33998876990578,2.11461767963854,0.488034627054486,0.271004243632499,2.04901565288031,1,0.625,1000,direct,Sylvilagus_brasiliensis,0.0,346
519,Myotis_scotti,Chiroptera,Vespertilionidae,Myotis,VU,1.07066739491814,0.605650097658456,4.55167014551281,2.14681808972421,0.243006760157716,0.0777567828912183,3.93063215623349,1,0.862,1000,direct,Myotis_scotti,0.0,347
522,Reithrodontomys_tenuirostris,Rodentia,Cricetidae,Reithrodontomys,EN,1.06907300274674,0.689866630907871,2.34824075123956,0.690341075595386,0.476797375103485,0.279631986345659,2.18931522556822,1,0.851,1000,direct,Reithrodontomys_tenuirostris,0.0,348
523,Bubalus_arnee,Artiodactyla,Bovidae,Bubalus,EN,1.06904402849502,0.656839667906436,2.14910054870236,0.748964899722537,0.492714514809495,0.272146054937503,1.3320815443731,1,0.792,1000,direct,Bubalus_arnee,0.0,349
524,Wilfredomys_oenax,Rodentia,Cricetidae,Wilfredomys,EN,1.06724685959269,1.46192528807456,2.03953203158014,2.75744503701463,0.490372418270785,0.281319710823997,2.42911173580778,1,0.565,1000,direct,Wilfredomys_oenax,0.0,350
525,Lepilemur_hubbardorum,Primates,Lepilemuridae,Lepilemur,EN,1.06562785857781,0.726155531085896,2.21749448450474,1.05174191282196,0.490183656289765,0.287351151704762,0.93979539506111,1,0.74,1000,synonym:nominalName,Lepilemur_hubbardi,0.0,351
529,Murina_aenea,Chiroptera,Vespertilionidae,Murina,VU,1.06161321047578,0.459475045573176,4.44693168263777,1.60508853432389,0.244103042497636,0.0774313429474104,4.09758455507571,1,0.965,1000,direct,Murina_aenea,0.0,352
532,Kobus_megaceros,Artiodactyla,Bovidae,Kobus,EN,1.05480662918928,0.630449741474027,2.13994861144163,0.734368812958849,0.494694578125788,0.274138450786933,2.0298312155487,1,0.758,1000,direct,Kobus_megaceros,0.0,353
534,Iomys_sipora,Rodentia,Sciuridae,Iomys,EN,1.05459926974687,1.44655506295976,2.09589689031307,2.96852112522441,0.49483332029144,0.274464282351886,2.45464902876697,1,0.577,1000,direct,Iomys_sipora,0.0,354
535,Dendrolagus_goodfellowi,Diprotodontia,Macropodidae,Dendrolagus,EN,1.05275218331501,0.66522944934939,2.17521126214002,0.973098073735955,0.483541103059877,0.282125057329812,1.61399735464186,1,0.721,1000,direct,Dendrolagus_goodfellowi,0.0,355
538,Lepilemur_aeeclis,Primates,Lepilemuridae,Lepilemur,EN,1.0490646253047,0.713770235444855,2.16993382042355,1.0084181832551,0.490183656289765,0.28658281745273,1.4710693671485,1,0.717,1000,direct,Lepilemur_aeeclis,0.0,356
540,Orcaella_brevirostris,Artiodactyla,Delphinidae,Orcaella,EN,1.0458038684202,0.606053690291708,2.10080526837688,0.613183151081016,0.492824666571706,0.273375176343441,1.855085945235,1,0.821,1000,direct,Orcaella_brevirostris,0.0,357
542,Liberiictis_kuhni,Carnivora,Herpestidae,Liberiictis,VU,1.04088257508863,0.49721455275764,4.46473621156493,1.59173360850651,0.243211116576945,0.0791117595274201,3.93500894876138,1,0.922,1000,direct,Liberiictis_kuhni,0.0,358
544,Leontopithecus_chrysomelas,Primates,Callitrichidae,Leontopithecus,EN,1.03705280481984,0.866172925964704,2.07982261525614,1.42676566088172,0.495756537497738,0.28955977541404,0.33585222155103,1,0.617,1000,direct,Leontopithecus_chrysomelas,0.0,359
546,Lepilemur_randrianasoloi,Primates,Lepilemuridae,Lepilemur,EN,1.03296748266914,0.692337409416486,2.1372360152255,0.996032994836817,0.490890241210987,0.286379871905526,1.43131824283475,1,0.713,1000,direct,Lepilemur_randrianasoloi,0.0,360
549,Nesoromys_ceramicus,Rodentia,Muridae,Rattus,EN,1.02827873439949,1.60961435595069,2.01459861795195,2.989378495977,0.501917746447111,0.286053105404842,2.49793500237384,1,0.554,1000,synonym:MSW3,Rattus_ceramicus,0.0,361
550,Leontopithecus_rosalia,Primates,Callitrichidae,Leontopithecus,EN,1.02765143309519,0.853106860527926,2.05479359469312,1.52283383438953,0.495923726102257,0.291326878215937,0.33242626370498,1,0.611,1000,direct,Leontopithecus_rosalia,0.0,362
552,Tremarctos_ornatus,Carnivora,Ursidae,Tremarctos,VU,1.02699722509093,0.531654268762244,4.22251282975709,2.02910418077947,0.242793856918379,0.0798539052346878,3.343590232824,1,1.0,1000,direct,Tremarctos_ornatus,0.0,363
556,Monodelphis_reigi,Didelphimorphia,Didelphidae,Monodelphis,VU,1.02483393521821,0.451817688061513,4.29929693845907,1.45082315835709,0.240274218140376,0.0754448544692266,4.06761854051384,1,0.907,1000,direct,Monodelphis_reigi,0.0,364
557,Dactylopsila_tatei,Diprotodontia,Petauridae,Dactylopsila,EN,1.02443174652879,1.76370891415472,2.10522460122883,3.45872012590481,0.47315702837003,0.286003287405566,2.8981878681159,1,0.558,1000,direct,Dactylopsila_tatei,0.0,365
560,Suncus_mertensi,Eulipotyphla,Soricidae,Suncus,EN,1.02209347817947,1.69046783929904,2.10183642629151,3.29970197428694,0.487266487211265,0.280347698348135,2.47198487020563,1,0.559,1000,direct,Suncus_mertensi,0.0,366
561,Phaenomys_ferrugineus,Rodentia,Cricetidae,Phaenomys,EN,1.02005103934077,1.43221578788648,2.10327194807177,2.7929641737264,0.489683703046073,0.279652785325784,2.53349232427477,1,0.571,1000,direct,Phaenomys_ferrugineus,0.0,367
562,Proedromys_bedfordi,Rodentia,Cricetidae,Proedromys,VU,1.01881261073871,0.437716918439881,4.40849177429885,1.11952496964845,0.23901752232636,0.0779735981272973,3.78028395469729,1,0.894,1000,direct,Proedromys_bedfordi,0.0,368
564,Myosorex_longicaudatus,Eulipotyphla,Soricidae,Myosorex,EN,1.01741268527171,1.38748354792395,2.05876129974863,2.67314289196891,0.471512264581218,0.284482776126231,2.13471595444419,1,0.564,1000,direct,Myosorex_longicaudatus,0.0,369
565,Murina_ryukyuana,Chiroptera,Vespertilionidae,Murina,EN,1.0173058143935,0.682815993393322,2.07939804485844,0.977580613314737,0.489356491409012,0.279767632910264,1.89165526546119,1,0.687,1000,direct,Murina_ryukyuana,0.0,370
566,Kadarsanomys_sodyi,Rodentia,Muridae,Kadarsanomys,EN,1.01554144719592,1.57497909961586,1.93285588010221,2.96097300880638,0.505735228851869,0.289746060996278,2.38282551672963,1,0.539,1000,direct,Kadarsanomys_sodyi,0.0,371
567,Antechinus_vandycki,Dasyuromorphia,Dasyuridae,Antechinus,EN,1.00827844601869,1.43945827066853,2.10642579013559,2.75176530895371,0.477873992604072,0.277377566494308,2.45398531148918,1,0.583,1000,direct,Antechinus_vandycki,0.0,372
568,Cephalophus_jentinki,Artiodactyla,Bovidae,Cephalophus,EN,1.00557027700765,0.568165783456213,2.04531811687879,0.611251723690046,0.495756537497738,0.275412955791182,2.0040480944894,1,0.741,1000,direct,Cephalophus_jentinki,0.0,373
570,Hylobates_lar,Primates,Hylobatidae,Hylobates,EN,1.00226026040605,0.598810895193338,2.08009672005193,0.551471744965967,0.490312360283627,0.290005079281237,2.0196436922644,1,0.809,1000,direct,Hylobates_lar,0.0,374
573,Praomys_morio,Rodentia,Muridae,Praomys,EN,0.993759846746047,0.617831223596604,2.07222260860741,0.49425859609066,0.492281920017614,0.29467999922655,2.00230063933088,1,0.804,1000,direct,Praomys_morio,0.0,375
574,Sylvisorex_morio,Eulipotyphla,Soricidae,Sylvisorex,EN,0.99334435034963,1.70943097596014,2.03356013354274,3.28636659584682,0.486727872494886,0.282441207402611,2.35969287455762,1,0.548,1000,direct,Sylvisorex_morio,0.0,376
576,Tetracerus_quadricornis,Artiodactyla,Bovidae,Tetracerus,VU,0.981864069546326,0.467187977817974,4.24741477109826,1.63627502697582,0.244269261480445,0.0726276604281446,3.71376480005622,1,0.919,1000,direct,Tetracerus_quadricornis,0.0,377
578,Callorhinus_ursinus,Carnivora,Otariidae,Callorhinus,VU,0.979615192415381,0.380935734868107,4.20134624750027,1.02583681550223,0.241115813930247,0.0795408674566983,4.216382321014,1,1.0,1000,direct,Callorhinus_ursinus,0.0,378
583,Inia_geoffrensis,Artiodactyla,Iniidae,Inia,EN,0.974334800832836,0.717327058464973,1.94127778110404,1.0580433765322,0.494244086429593,0.27435627719531,1.5299369241875,1,0.602,1000,direct,Inia_geoffrensis,0.0,379
585,Lepilemur_fleuretae,Primates,Lepilemuridae,Lepilemur,EN,0.972193649669054,0.889523175505988,1.89002660294748,1.51738404935333,0.489504728028494,0.286548334723293,1.20191909911169,1,0.553,1000,direct,Lepilemur_fleuretae,0.0,380
587,Lepilemur_wrightae,Primates,Lepilemuridae,Lepilemur,EN,0.968812950095795,0.945665522279267,1.92865133557894,1.54172316391843,0.492078342730834,0.286453454354832,1.15253985392279,1,0.566,1000,synonym:nominalName,Lepilemur_wrighti,0.0,381
590,Phocarctos_hookeri,Carnivora,Otariidae,Phocarctos,EN,0.961462370654962,0.551024997891232,2.02862947825455,0.564344136603018,0.480497294600884,0.282978050990659,1.8345730278516,1,0.771,1000,direct,Phocarctos_hookeri,0.0,382
591,Neophoca_cinerea,Carnivora,Otariidae,Neophoca,EN,0.961160969971404,0.563345237846739,2.01987224723656,0.563774945946114,0.481273530837235,0.282922643672124,1.8345730278516,1,0.768,1000,direct,Neophoca_cinerea,0.0,383
592,Microgale_dryas,Afrosoricida,Tenrecidae,Microgale,VU,0.960221849844446,1.30490358847236,4.04240123835712,5.83385496583876,0.237108943626153,0.0806947019136512,5.19293267217287,1,0.782,1000,direct,Microgale_dryas,0.0,384
594,Lepilemur_betsileo,Primates,Lepilemuridae,Lepilemur,EN,0.955854493856834,0.908314139406687,1.91178818333889,1.56410094679861,0.490890241210987,0.288195540337874,1.22578746268251,1,0.556,1000,direct,Lepilemur_betsileo,0.0,385
595,Cercopithecus_preussi,Primates,Cercopithecidae,Allochrocebus,EN,0.955208429742216,0.563624630760711,2.01374628691657,0.618994807731703,0.490481686609364,0.287369346300379,1.75041896866032,1,0.732,1000,synonym:MSW3,Allochrocebus_preussi,0.0,386
596,Myosorex_gnoskei,Eulipotyphla,Soricidae,Myosorex,EN,0.952210433256612,1.44629460744173,1.9183950550357,2.62827151683241,0.471799977215062,0.284488199608255,2.27982562830241,1,0.538,1000,direct,Myosorex_gnoskei,0.0,387
597,Cercopithecus_diana,Primates,Cercopithecidae,Cercopithecus,EN,0.94806636755973,0.676550092410944,1.90041390555917,1.13609636094303,0.491978787974214,0.289834104255237,1.8347986738028,1,0.579,1000,direct,Cercopithecus_diana,0.0,388
599,Eliurus_penicillatus,Rodentia,Nesomyidae,Eliurus,EN,0.94736123513352,1.2514719122954,1.95640117128965,2.59628684884013,0.479542773697369,0.258556618001418,2.46935205358513,1,0.547,1000,direct,Eliurus_penicillatus,0.0,389
603,Ammotragus_lervia,Artiodactyla,Bovidae,Ammotragus,VU,0.944726237944314,0.360519041104608,3.9387061399191,0.995315033844083,0.245378121525951,0.076044669271588,2.974585158941,1,1.0,1000,direct,Ammotragus_lervia,0.0,390
604,Cephalophus_adersi,Artiodactyla,Bovidae,Leucocephalophus,VU,0.943462708042041,0.339393991996746,3.94656825101442,0.906378629505409,0.245683034794913,0.0722016940127662,3.942367379199,1,1.0,1000,synonym:MSW3,Leucocephalophus_adersi,0.0,391
607,Myosorex_rumpii,Eulipotyphla,Soricidae,Myosorex,EN,0.941971278928257,1.30279635618296,1.91836372012294,2.67134514543324,0.471799977215062,0.288691330132335,2.05682986522607,1,0.541,1000,direct,Myosorex_rumpii,0.0,392
608,Elephas_maximus,Proboscidea,Elephantidae,Elephas,EN,0.941261988071983,0.7854302523003,1.94911696697,1.28320776352054,0.465734260787695,0.284643134475895,1.8230620280805,1,0.593,1000,direct,Elephas_maximus,0.0,393
610,Lepilemur_scottorum,Primates,Lepilemuridae,Lepilemur,EN,0.939097485845925,0.891232280417792,1.84162553530977,1.59059558676648,0.491508721079618,0.285091059945344,1.18651973574901,1,0.536,1000,direct,Lepilemur_scottorum,0.0,394
611,Hipposideros_alongensis,Chiroptera,Hipposideridae,Hipposideros,VU,0.938534555458002,0.705792406705986,4.18752157130387,2.82961507943057,0.245814517063555,0.0784584460263843,3.38816612199853,1,0.794,1000,direct,Hipposideros_alongensis,0.0,395
613,Notopteris_neocaledonica,Chiroptera,Pteropodidae,Notopteris,EN,0.937025046830419,1.22632905173586,1.86932698692434,2.35257932862714,0.497890173481139,0.296558505619683,1.50459365250598,1,0.527,1000,synonym:MSW3,Notopteris_neocaledonicus,0.0,396
614,Eidolon_dupreanum,Chiroptera,Pteropodidae,Eidolon,VU,0.936618267729785,0.404116369075233,3.87285584971698,1.43245750897663,0.246059419333368,0.079399988578165,2.3739318164987,1,0.983,1000,direct,Eidolon_dupreanum,0.0,397
615,Equus_grevyi,Perissodactyla,Equidae,Equus,EN,0.935607419363582,0.560086975407092,1.97112275046488,0.588900253073791,0.487288887180536,0.277618384100842,1.78467733952931,1,0.697,1000,direct,Equus_grevyi,0.0,398
616,Amorphochilus_schnablii,Chiroptera,Furipteridae,Amorphochilus,VU,0.935515611699864,1.26874844320405,3.9259710881426,5.19152041389312,0.245063948457488,0.0786581819022419,4.80059124957733,1,0.865,1000,direct,Amorphochilus_schnablii,0.0,399
617,Lepilemur_milanoii,Primates,Lepilemuridae,Lepilemur,EN,0.934615390628738,0.912045124409955,1.82855631734893,1.58494533367468,0.491508721079618,0.285938499974151,1.17079663856739,1,0.523,1000,direct,Lepilemur_milanoii,0.0,400
618,Cheirogaleus_crossleyi,Primates,Cheirogaleidae,Cheirogaleus,VU,0.933713592224131,0.462661312777204,3.92878064683574,1.61826039326441,0.243717515454933,0.0773672494546457,2.4530568347804,1,0.921,1000,direct,Cheirogaleus_crossleyi,0.0,401
619,Antechinus_bellus,Dasyuromorphia,Dasyuridae,Antechinus,VU,0.933168022205356,0.54792710643905,3.99237542756094,1.97224743984649,0.241438704112126,0.0776251194011273,3.48963125899614,1,0.867,1000,direct,Antechinus_bellus,0.0,402
620,Lepilemur_edwardsi,Primates,Lepilemuridae,Lepilemur,EN,0.932505122254328,0.690024003455316,1.86934976202057,1.09562905971965,0.492078342730834,0.286453454354832,0.7433399813545,1,0.558,1000,direct,Lepilemur_edwardsi,0.0,403
621,Monachus_monachus,Carnivora,Phocidae,Monachus,VU,0.931986193130509,0.336057062544156,3.92551735380252,0.996625174009099,0.240949249438684,0.0786324408157088,3.675966829099,1,1.0,1000,direct,Monachus_monachus,0.0,404
622,Myotis_sicarius,Chiroptera,Vespertilionidae,Myotis,VU,0.93111208266767,0.51791818313396,3.98950862307668,1.75140652596543,0.24363304171511,0.0781017681243647,3.54885632615289,1,0.85,1000,direct,Myotis_sicarius,0.0,405
623,Neomonachus_schauinslandi,Carnivora,Phocidae,Neomonachus,VU,0.93070186694456,0.355291633472593,3.91630807931669,0.993775732741145,0.240949249438684,0.0783702755310563,3.675966829099,1,1.0,1000,direct,Neomonachus_schauinslandi,0.0,406
625,Lepilemur_petteri,Primates,Lepilemuridae,Lepilemur,EN,0.928375998099435,0.868799375112092,1.88198209322194,1.53688488562458,0.493289449274799,0.289208905371651,1.14202004641243,1,0.541,1000,direct,Lepilemur_petteri,0.0,407
626,Pteronotus_paraguanensis,Chiroptera,Mormoopidae,Pteronotus,EN,0.928000670264462,1.42336757308904,1.91002016554033,2.76569742486485,0.494750215186082,0.288754619653628,2.57278896444818,1,0.541,1000,direct,Pteronotus_paraguanensis,0.0,408
628,Suncus_zeylanicus,Eulipotyphla,Soricidae,Suncus,EN,0.926179824153829,1.5115688512649,1.92358324498405,2.94926034881377,0.486727872494886,0.280989744817383,2.3202944553756,1,0.535,1000,direct,Suncus_zeylanicus,0.0,409
629,Mus_famulus,Rodentia,Muridae,Mus,EN,0.924255595169931,0.629379149943571,1.9655135870729,0.760721401507392,0.500772094762007,0.291827883610384,1.72587006474675,1,0.64,1000,direct,Mus_famulus,0.0,410
632,Microgale_nasoloi,Afrosoricida,Tenrecidae,Microgale,VU,0.921245177820216,1.26701105254416,3.91901744067153,5.49093017767931,0.236761557662488,0.07980179947863,5.0603454615242,1,0.78,1000,direct,Microgale_nasoloi,0.0,411
633,Macaca_siberu,Primates,Cercopithecidae,Macaca,EN,0.920302203578062,0.53939033152755,1.89377697512714,0.560839620693852,0.487554133397616,0.28674615239769,1.73783313682301,1,0.652,1000,direct,Macaca_siberu,0.0,412
634,Paulamys_naso,Rodentia,Muridae,Paulamys,EN,0.918951852614869,1.43796877659899,1.92460749951757,2.89330473237779,0.48951979905574,0.287886414785338,2.27117058880673,1,0.531,1000,direct,Paulamys_naso,0.0,413
635,Lepilemur_dorsalis,Primates,Lepilemuridae,Lepilemur,EN,0.918663642880878,0.604548217753247,1.89461370175394,0.84292499144118,0.492083655544921,0.286379871905526,1.3925088899899,1,0.603,1000,direct,Lepilemur_dorsalis,0.0,414
639,Petrogale_concinna,Diprotodontia,Macropodidae,Petrogale,EN,0.91569271035674,0.583592780002457,1.80614028740781,0.822052332983507,0.481056921408359,0.283244951623188,1.77529694023902,1,0.558,1000,direct,Petrogale_concinna,0.0,415
641,Hipposideros_ridleyi,Chiroptera,Hipposideridae,Hipposideros,VU,0.912361257008061,0.561731926162197,4.0432987647972,2.21835119752333,0.245063948457488,0.079736310928743,3.3765923613151,1,0.819,1000,direct,Hipposideros_ridleyi,0.0,416
645,Myotis_atacamensis,Chiroptera,Vespertilionidae,Myotis,EN,0.907947660562922,0.597309734697443,1.92884369470986,0.854571438321468,0.483772291346153,0.280934310642477,1.84324195653489,1,0.625,1000,direct,Myotis_atacamensis,0.0,417
646,Lepilemur_otto,Primates,Lepilemuridae,Lepilemur,EN,0.907086361908666,0.698587177031244,1.8414206007385,1.12080303853899,0.490890241210987,0.285091059945344,0.552101814821697,1,0.554,1000,direct,Lepilemur_otto,0.0,418
648,Bubalus_quarlesi,Artiodactyla,Bovidae,Bubalus,EN,0.905165196041345,0.614281995782428,1.79641040699217,0.791160029009378,0.494293984180757,0.271960303781438,0.65866948390116,1,0.542,1000,direct,Bubalus_quarlesi,0.0,419
649,Canis_simensis,Carnivora,Canidae,Canis,EN,0.903574780714336,0.519225898528185,1.87861518134669,0.60558552039813,0.480497294600884,0.28099958526274,1.8945997948305,1,0.611,1000,direct,Canis_simensis,0.0,420
651,Rhinolophus_maclaudi,Chiroptera,Rhinolophidae,Rhinolophus,EN,0.903113225705119,0.742674753120071,1.86627263657159,1.3185417934389,0.501569596728198,0.290616353727978,0.932431423010025,1,0.546,1000,direct,Rhinolophus_maclaudi,0.0,421
654,Ateles_geoffroyi,Primates,Atelidae,Ateles,EN,0.900631872396311,0.523566951753547,1.83200991450175,0.607469554438201,0.490481686609364,0.290443343743802,1.1244713166872,1,0.581,1000,direct,Ateles_geoffroyi,0.0,422
655,Bubalus_depressicornis,Artiodactyla,Bovidae,Bubalus,EN,0.900326237574702,0.602869009042762,1.81956819084156,0.800296039684704,0.492714514809495,0.272146054937503,0.65866948390116,1,0.569,1000,direct,Bubalus_depressicornis,0.0,423
658,Ateles_fusciceps,Primates,Atelidae,Ateles,EN,0.897868825745407,0.52016097399269,1.8272914431629,0.61794532700521,0.490481686609364,0.288542306368798,1.1244713166872,1,0.568,1000,direct,Ateles_fusciceps,0.0,424
659,Rhinolophus_ruwenzorii,Chiroptera,Rhinolophidae,Rhinolophus,EN,0.897018844403567,0.754044096265282,1.91326873543656,1.25431262266234,0.500253798764943,0.291111731462088,0.94469428336916,1,0.551,1000,direct,Rhinolophus_ruwenzorii,0.0,425
660,Neamblysomus_gunningi,Afrosoricida,Chrysochloridae,Neamblysomus,EN,0.895709570402133,0.664578738817301,1.868256213218,1.05909455241429,0.466624755698088,0.282921295621375,1.20987607380253,1,0.563,1000,direct,Neamblysomus_gunningi,0.0,426
661,Hoolock_hoolock,Primates,Hylobatidae,Hoolock,EN,0.8943442718109,0.48187949125374,1.82023505371594,0.582937349789425,0.486906684682026,0.287488860370137,0.9104088335423,1,0.569,1000,direct,Hoolock_hoolock,0.0,427
667,Rusa_alfredi,Artiodactyla,Cervidae,Rusa,EN,0.88713828411669,0.717636277133252,1.9723158775513,1.28577608558033,0.487704390287669,0.266870990532336,1.7310029161608,1,0.588,1000,direct,Rusa_alfredi,0.0,428
668,Myosorex_tenuis,Eulipotyphla,Soricidae,Myosorex,EN,0.886909926461558,1.28946152028946,1.83399310858232,2.43945072928108,0.471512264581218,0.286602950693507,2.0200849960637,1,0.519,1000,direct,Myosorex_tenuis,0.0,429
671,Myosorex_blarina,Eulipotyphla,Soricidae,Myosorex,EN,0.885400095365531,1.23500420177363,1.76366721805905,2.27503316488427,0.472501746298596,0.285823638439067,1.77343291937025,1,0.507,1000,direct,Myosorex_blarina,0.0,430
674,Neamblysomus_julianae,Afrosoricida,Chrysochloridae,Neamblysomus,EN,0.882867484669805,0.644210805085862,1.85813695557583,1.08611755517965,0.465734260787695,0.283059640753798,1.20987607380253,1,0.559,1000,direct,Neamblysomus_julianae,0.0,431
676,Budorcas_taxicolor,Artiodactyla,Bovidae,Budorcas,VU,0.882462162833046,0.312280260258974,3.69310468508206,0.982687774817992,0.245378121525951,0.0757754463859244,3.651324159344,1,1.0,1000,direct,Budorcas_taxicolor,0.0,432
681,Niviventer_hinpoon,Rodentia,Muridae,Niviventer,EN,0.876600452345408,0.558351331262378,1.84525751992216,0.573843600474653,0.50167031299976,0.286555189939519,1.71443992510987,1,0.584,1000,direct,Niviventer_hinpoon,0.0,433
685,Presbytis_thomasi,Primates,Cercopithecidae,Presbytis,VU,0.872283742218973,0.655488427530817,3.96253920650175,2.72150545303163,0.243027270573548,0.0788598064715509,2.98554522092572,1,0.781,1000,direct,Presbytis_thomasi,0.0,434
686,Acerodon_humilis,Chiroptera,Pteropodidae,Acerodon,EN,0.870069069858966,1.03143494081216,1.77269429336746,1.87022327765801,0.488139849166357,0.290686660249676,1.58832735872182,1,0.504,1000,direct,Acerodon_humilis,0.0,435
687,Phalanger_alexandrae,Diprotodontia,Phalangeridae,Phalanger,EN,0.867079260178383,1.26671993325666,1.82151029481354,2.44141398820746,0.482904011072377,0.280466792878289,2.0283606967563,1,0.509,1000,direct,Phalanger_alexandrae,0.0,436
690,Lutra_sumatrana,Carnivora,Mustelidae,Lutra,EN,0.864063105645501,0.531425807522309,1.8088180827656,0.607430980645855,0.485961412789215,0.279062797731477,1.6134848301129,1,0.562,1000,direct,Lutra_sumatrana,0.0,437
693,Otomys_burtoni,Rodentia,Muridae,Otomys,EN,0.861887748109065,0.527228757131363,1.78359885795471,0.53633775873033,0.492418670624126,0.286364947274984,1.57600239827229,1,0.536,1000,direct,Otomys_burtoni,0.0,438
695,Microcebus_marohita,Primates,Cheirogaleidae,Microcebus,EN,0.860043347042332,0.596215595019473,1.81617120588131,0.860863927024478,0.491508721079618,0.289883259057672,0.772771953542259,1,0.544,1000,synonym:nominalName,Microcebus_jollyae,0.0,439
697,Balaenoptera_musculus,Artiodactyla,Balaenopteridae,Balaenoptera,EN,0.859186397019082,0.475104469854356,1.75288969343104,0.46469595779974,0.490000404918483,0.272807034242835,1.72248136998187,1,0.513,1000,direct,Balaenoptera_musculus,0.0,440
700,Macaca_munzala,Primates,Cercopithecidae,Macaca,EN,0.858267189476292,0.561971134983258,1.80720093437832,0.686863706650764,0.488034627054486,0.287299114526453,1.49549366107344,1,0.554,1000,direct,Macaca_munzala,0.0,441
706,Mesoplodon_perrini,Artiodactyla,Ziphiidae,Mesoplodon,EN,0.853532362469405,1.30500130539954,1.75256448447304,2.41979270558915,0.489323359367054,0.272883038937525,1.9088664598259,1,0.504,1000,direct,Mesoplodon_perrini,0.0,442
709,Eliurus_petteri,Rodentia,Nesomyidae,Voalavo,EN,0.851040012851867,1.17053378185,1.83622385034432,2.28079916927854,0.479690237020728,0.257234433366568,2.19285480875493,1,0.517,1000,synonym:MSW3,Voalavo_petteri,0.0,443
710,Hylopetes_sipora,Rodentia,Sciuridae,Hylopetes,EN,0.850579547339518,1.15058737726315,1.7821004674483,2.1057465900252,0.497316925356789,0.272578089251908,1.88205182457997,1,0.5,1000,direct,Hylopetes_sipora,0.0,444
712,Hipposideros_marisae,Chiroptera,Hipposideridae,Hipposideros,VU,0.847021782936853,0.629693030231843,3.70375639374715,2.41783199234382,0.246293916383256,0.0789972153889945,2.78684169599922,1,0.786,1000,direct,Hipposideros_marisae,0.0,445
713,Hippocamelus_bisulcus,Artiodactyla,Cervidae,Hippocamelus,EN,0.846335096805875,0.515469257444325,1.75048632062097,0.719981244759602,0.488411217654925,0.264378420647005,1.69392379284309,1,0.521,1000,direct,Hippocamelus_bisulcus,0.0,446
714,Miniopterus_schreibersii,Chiroptera,Miniopteridae,Miniopterus,VU,0.846131024753472,0.908980931992449,3.70734326444897,3.80087953541813,0.248002500972842,0.0739231889752558,3.11043335630414,1,0.699,1000,direct,Miniopterus_schreibersii,0.0,447
720,Microgale_monticola,Afrosoricida,Tenrecidae,Microgale,VU,0.84143395724869,1.31022202273104,3.5617975433457,5.38071103651356,0.236477482828949,0.0805461284535841,5.10216105675405,1,0.754,1000,direct,Microgale_monticola,0.0,448
728,Lophocebus_aterrimus,Primates,Cercopithecidae,Lophocebus,VU,0.834488357187785,0.374035529004612,3.51835153792482,1.13863842452733,0.243420213849582,0.0793943178469099,2.97603784800348,1,0.961,1000,direct,Lophocebus_aterrimus,0.0,449
729,Archboldomys_luzonensis,Rodentia,Muridae,Archboldomys,VU,0.832949209253331,0.469208418886224,3.33264433040796,1.89708739466071,0.247787756236223,0.0755298859957356,2.600008711108,1,0.994,1000,direct,Archboldomys_luzonensis,0.0,450
731,Spalax_graecus,Rodentia,Spalacidae,Spalax,VU,0.828632017804927,0.411662035174585,3.51948850889369,1.36751539086538,0.245920399871511,0.0758503432255372,3.36556055078872,1,0.887,1000,direct,Spalax_graecus,0.0,451
737,Caenolestes_sangay,Paucituberculata,Caenolestidae,Caenolestes,VU,0.825305104999119,0.396712838251917,3.55858533752351,1.42802900652312,0.240840079238177,0.0737641299534085,2.91779627136036,1,0.924,1000,direct,Caenolestes_sangay,0.0,452
739,Brachytarsomys_villosa,Rodentia,Nesomyidae,Brachytarsomys,VU,0.821783880646021,1.21482055658252,3.56330347257195,5.33459994565315,0.240876811501169,0.0732538340917496,4.32186332624314,1,0.759,1000,synonym:MSW3,Brachytarsomys_villosus,0.0,453
744,Vampyressa_melissa,Chiroptera,Phyllostomidae,Vampyressa,VU,0.819027343104467,0.37738066580096,3.46446154768917,1.23388590687742,0.244554875701307,0.0768092187901733,3.19286436110819,1,0.906,1000,direct,Vampyressa_melissa,0.0,454
746,Mandrillus_sphinx,Primates,Cercopithecidae,Mandrillus,VU,0.815561994486295,0.299945371197934,3.4017903706007,0.814510658951951,0.244149009477822,0.0787308458941352,2.74614588585,1,1.0,1000,direct,Mandrillus_sphinx,0.0,455
749,Dendrolagus_dorianus,Diprotodontia,Macropodidae,Dendrolagus,VU,0.810553022432109,0.415072405612753,3.53253498628577,1.40226699988569,0.242146283639138,0.0781941753051996,2.77748641709813,1,0.939,1000,direct,Dendrolagus_dorianus,0.0,456
752,Xeromys_myoides,Rodentia,Muridae,Xeromys,VU,0.80854077029676,0.637147756617666,3.57467405000043,2.55073335051273,0.248458521683314,0.0765225932605688,2.86636916628705,1,0.748,1000,direct,Xeromys_myoides,0.0,457
765,Arctonyx_collaris,Carnivora,Mustelidae,Arctonyx,VU,0.783387980364415,0.31026382922399,3.30535481706954,0.849254782165395,0.240819630961062,0.0803710783872584,3.346522133266,1,1.0,1000,direct,Arctonyx_collaris,0.0,458
766,Megaerops_kusnotoi,Chiroptera,Pteropodidae,Megaerops,VU,0.781727256534919,0.310251519521042,3.24969370930307,0.976881237121441,0.245508527673304,0.0799513460502642,3.262036170044,1,0.997,1000,direct,Megaerops_kusnotoi,0.0,459
769,Musonycteris_harrisoni,Chiroptera,Phyllostomidae,Musonycteris,VU,0.774223874316139,0.304361700803041,3.22584346488501,0.978917855201344,0.245516772328093,0.0793140114240667,3.20672977637315,1,0.975,1000,direct,Musonycteris_harrisoni,0.0,460
771,Pseudochirops_coronatus,Diprotodontia,Pseudocheiridae,Pseudochirops,VU,0.770966477819419,0.91560912774314,3.26508883837711,3.73264891959549,0.238308743441718,0.0776973014823573,3.73089495649538,1,0.759,1000,direct,Pseudochirops_coronatus,0.0,461
773,Phascogale_pirata,Dasyuromorphia,Dasyuridae,Phascogale,VU,0.76875126621652,0.75935182409118,3.17228743562963,3.14670004860263,0.241081713717168,0.0772071308260006,3.21584088379307,1,0.796,1000,direct,Phascogale_pirata,0.0,462
774,Perameles_gunnii,Peramelemorphia,Peramelidae,Perameles,VU,0.768339401422183,0.335298733770219,3.24942205786479,1.11576965528808,0.241081713717168,0.0776514080608778,2.71259558999433,1,0.993,1000,direct,Perameles_gunnii,0.0,463
784,Caenolestes_condorensis,Paucituberculata,Caenolestidae,Caenolestes,VU,0.761642718566686,0.824555627799372,3.23716718000299,3.53492160169237,0.240518744138533,0.0736429142829359,3.24747751248357,1,0.759,1000,direct,Caenolestes_condorensis,0.0,464
788,Dyacopterus_brooksi,Chiroptera,Pteropodidae,Dyacopterus,VU,0.756041265065932,0.842950740696748,3.16765808296784,3.38523174640118,0.246018906623657,0.0798606791271248,2.83052105533406,1,0.813,1000,direct,Dyacopterus_brooksi,0.0,465
804,Conilurus_penicillatus,Rodentia,Muridae,Conilurus,VU,0.741338823699569,0.3375335019948,3.15735566652232,1.0078011271192,0.247549303978891,0.0771665564979438,0.937025215101269,1,0.879,1000,direct,Conilurus_penicillatus,0.0,466
807,Tayassu_pecari,Artiodactyla,Tayassuidae,Tayassu,VU,0.740034836898743,0.349607552237404,3.11789315380451,1.15848411243557,0.244307987797156,0.0773999986150059,2.5276241037569,1,0.969,1000,direct,Tayassu_pecari,0.0,467
812,Rucervus_duvaucelii,Artiodactyla,Cervidae,Rucervus,VU,0.73624197885852,0.288079346844873,3.11191263929957,0.828642553542743,0.242793856918379,0.072701707374596,0.50083218246038,1,0.991,1000,direct,Rucervus_duvaucelii,0.0,468
813,Presbytis_frontata,Primates,Cercopithecidae,Presbytis,VU,0.735479161525181,0.515486293940697,3.1791752704201,2.09822316864125,0.243275771160828,0.0788598064715509,2.23821305832371,1,0.766,1000,direct,Presbytis_frontata,0.0,469
815,Blastocerus_dichotomus,Artiodactyla,Cervidae,Blastocerus,VU,0.733518146816314,0.294564171589291,3.09817034140139,0.952781251784561,0.243320943767257,0.0722890109740649,2.93288911044875,1,0.923,1000,direct,Blastocerus_dichotomus,0.0,470
817,Pteropus_poliocephalus,Chiroptera,Pteropodidae,Pteropus,VU,0.731875939090102,0.499843221371989,3.21918663397449,1.79907284600763,0.245759954811375,0.079153546766214,2.40825668476575,1,0.794,1000,direct,Pteropus_poliocephalus,0.0,471
818,Ammodorcas_clarkei,Artiodactyla,Bovidae,Ammodorcas,VU,0.731617776180693,1.13352567981595,3.10894831467592,4.8764668664754,0.244803071181706,0.0724310114978426,2.49202810165356,1,0.716,1000,direct,Ammodorcas_clarkei,0.0,472
828,Crocidura_rhoditis,Eulipotyphla,Soricidae,Crocidura,VU,0.725577156459827,0.671355737791142,3.21669026204696,2.65570719357366,0.243346707133113,0.076461993268763,2.5880536491153,1,0.703,1000,direct,Crocidura_rhoditis,0.0,473
837,Acinonyx_jubatus,Carnivora,Felidae,Acinonyx,VU,0.718409975843454,0.300123171544403,3.06067106454931,0.912889118268588,0.242975788672422,0.078758217337189,2.83807740724759,1,0.911,1000,direct,Acinonyx_jubatus,0.0,474
852,Bos_gaurus,Artiodactyla,Bovidae,Bos,VU,0.710103066853419,0.257244615727771,2.92821677750009,0.675383363438713,0.245497660209467,0.0731738640167853,1.5291975021607,1,0.997,1000,direct,Bos_gaurus,0.0,475
860,Dendrolagus_stellarum,Diprotodontia,Macropodidae,Dendrolagus,VU,0.704515574589768,0.827709188463386,2.97320851700481,3.41295855928597,0.238829381678611,0.0772815216400709,2.7238142685448,1,0.724,1000,direct,Dendrolagus_stellarum,0.0,476
875,Hydropotes_inermis,Artiodactyla,Cervidae,Hydropotes,VU,0.694652494442734,0.3132980182423,2.9275751510979,1.10452461369482,0.244269261480445,0.0724792269229285,2.9678957806245,1,0.946,1000,direct,Hydropotes_inermis,0.0,477
876,Sicista_kazbegica,Rodentia,Sminthidae,Sicista,VU,0.693919036773048,0.769510921333968,3.08685390594632,3.16725501902713,0.244659312643113,0.0757820775913782,2.56443216929187,1,0.672,1000,direct,Sicista_kazbegica,0.0,478
880,Pteropus_capistratus,Chiroptera,Pteropodidae,Pteropus,VU,0.689836524990981,0.427403888415315,3.05337013512817,1.58720593980254,0.244810345816329,0.0789426093947662,2.28798390807867,1,0.789,1000,direct,Pteropus_capistratus,0.0,479
881,Onychogalea_fraenata,Diprotodontia,Macropodidae,Onychogalea,VU,0.688925632656305,0.34303425788692,2.92688535004182,1.17387173462907,0.241857576997495,0.0788013671383285,2.43818096724927,1,0.889,1000,synonym:MSW3,Onychogalea_frenata,0.0,480
882,Naemorhedus_baileyi,Artiodactyla,Bovidae,Naemorhedus,VU,0.688296169881558,0.261946040564118,2.85739316973516,0.83290431258903,0.245526990386018,0.0734398272452295,2.910719801916,1,0.994,1000,direct,Naemorhedus_baileyi,0.0,481
890,Crocidura_telfordi,Eulipotyphla,Soricidae,Crocidura,VU,0.680400288774443,0.599251256958029,2.9629490254202,2.56326183950902,0.240343304471968,0.0776305878466609,2.59641996296158,1,0.725,1000,direct,Crocidura_telfordi,0.0,482
896,Hoolock_leuconedys,Primates,Hylobatidae,Hoolock,VU,0.676482938552431,0.303127407123156,2.8437687895457,1.06954477927157,0.243354587469274,0.0788732102539006,0.9104088335423,1,0.98,1000,direct,Hoolock_leuconedys,0.0,483
906,Eonycteris_robusta,Chiroptera,Pteropodidae,Eonycteris,VU,0.672363890062262,0.289093724292341,2.80138455932483,1.02963801424545,0.245814517063555,0.0799365265986756,2.4936676749447,1,0.95,1000,direct,Eonycteris_robusta,0.0,484
910,Crocidura_wimmeri,Eulipotyphla,Soricidae,Crocidura,VU,0.670502093319068,0.482472083813565,2.97018890997604,1.96377324337586,0.240224519122209,0.0774925522964154,2.44129268156547,1,0.747,1000,direct,Crocidura_wimmeri,0.0,485
911,Coelops_robinsoni,Chiroptera,Hipposideridae,Coelops,VU,0.670104671441032,0.436614793258281,2.82271635112053,1.66503396415054,0.245814517063555,0.078027390042864,2.19487606389874,1,0.782,1000,direct,Coelops_robinsoni,0.0,486
915,Notopteris_macdonaldi,Chiroptera,Pteropodidae,Notopteris,VU,0.669292888507441,0.874630776136803,2.94351653723055,3.59896338249436,0.246197227172228,0.080067080609627,1.50459365250598,1,0.694,1000,synonym:MSW3,Notopteris_macdonaldii,0.0,487
929,Crocidura_musseri,Eulipotyphla,Soricidae,Crocidura,VU,0.65542367142976,0.513118377524483,2.84082399317344,2.07796761654902,0.243188963492623,0.0765977544506235,2.47848525957016,1,0.737,1000,direct,Crocidura_musseri,0.0,488
939,Dendrolagus_ursinus,Diprotodontia,Macropodidae,Dendrolagus,VU,0.649043810816078,0.819601250081412,2.76180250869255,3.43279392474538,0.242146283639138,0.0782473319534261,2.53888946755174,1,0.703,1000,direct,Dendrolagus_ursinus,0.0,489
944,Mazama_pandora,Artiodactyla,Cervidae,Odocoileus,VU,0.645795611463264,0.279704489167586,2.71570986647286,0.899156886367284,0.243320943767257,0.0722122315471306,2.59766952664507,1,0.899,1000,synonym:MSW3,Odocoileus_pandora,0.0,490
948,Macropus_parma,Diprotodontia,Macropodidae,Notamacropus,VU,0.641958167267163,0.324623383513188,2.77013539616737,1.07079807750278,0.241347948143784,0.0779527901461228,2.6057010013054,1,0.918,1000,synonym:MSW3,Notamacropus_parma,0.0,491
960,Petaurus_australis,Diprotodontia,Petauridae,Petaurus,VU,0.634369850794706,0.971915640715488,2.64705720701451,3.98631678062688,0.238829381678611,0.0796448339027204,3.22066440963239,1,0.615,1000,direct,Petaurus_australis,0.0,492
962,Crocidura_phuquocensis,Eulipotyphla,Soricidae,Crocidura,VU,0.634252047318737,0.490293244023683,2.73710516226211,1.78327423409489,0.240793998821969,0.0769292045864001,2.33814170752162,1,0.748,1000,direct,Crocidura_phuquocensis,0.0,493
966,Trichechus_manatus,Sirenia,Trichechidae,Trichechus,VU,0.631083197359329,0.343199307760674,2.66588594567751,1.23193095026587,0.237565330635895,0.0790945682789764,1.6918231498299,1,0.889,1000,direct,Trichechus_manatus,0.0,494
970,Eulemur_rubriventer,Primates,Lemuridae,Eulemur,VU,0.627785376375391,0.222215166545745,2.62643418443258,0.635160369218994,0.244060842924806,0.0779304404782478,2.0124212592682,1,0.986,1000,direct,Eulemur_rubriventer,0.0,495
984,Dipodomys_elator,Rodentia,Heteromyidae,Dipodomys,VU,0.623314678591068,0.272025339664412,2.57065395570192,0.908102570454201,0.243169536588266,0.0739061814979599,2.5595947509426,1,0.924,1000,direct,Dipodomys_elator,0.0,496
988,Dendromus_lachaisei,Rodentia,Nesomyidae,Dendromus,VU,0.62025335133306,0.898079433049494,2.60665111973836,3.79743813643252,0.240844276539244,0.0738986274892262,3.07987680258357,1,0.64,1000,direct,Dendromus_lachaisei,0.0,497
993,Moschus_moschiferus,Artiodactyla,Moschidae,Moschus,VU,0.618225837472727,0.298081040266101,2.6006244521561,0.945327068029144,0.244060842924806,0.0724477968501058,2.09211020768712,1,0.893,1000,direct,Moschus_moschiferus,0.0,498
997,Melursus_ursinus,Carnivora,Ursidae,Melursus,VU,0.615177436087231,0.231018727126013,2.61231481174784,0.609695314220579,0.242868777340185,0.0798539052346878,2.639208900049,1,0.987,1000,direct,Melursus_ursinus,0.0,499
999,Hipposideros_halophyllus,Chiroptera,Hipposideridae,Hipposideros,VU,0.614801700516349,0.410490984721255,2.65879182233065,1.43864985333676,0.245063948457488,0.0796243436194416,2.27759233008966,1,0.763,1000,direct,Hipposideros_halophyllus,0.0,500
1002,Dendrolagus_spadix,Diprotodontia,Macropodidae,Dendrolagus,VU,0.613352804324708,0.313586888330854,2.6242276544601,1.1171254002886,0.242146283639138,0.0781941753051996,1.6402756218551,1,0.856,1000,direct,Dendrolagus_spadix,0.0,501
1007,Spilocuscus_papuensis,Diprotodontia,Phalangeridae,Spilocuscus,VU,0.607774406938284,0.79114174584177,2.53712660836472,3.11321118902756,0.240854246184275,0.0783341633195885,2.30519499319083,1,0.652,1000,direct,Spilocuscus_papuensis,0.0,502
1008,Rhogeessa_mira,Chiroptera,Vespertilionidae,Rhogeessa,VU,0.607595290942701,0.39006153262357,2.55172685927154,1.3503617115374,0.248342064780044,0.0731890458932589,2.31537838544948,1,0.758,1000,direct,Rhogeessa_mira,0.0,503
1014,Hippocamelus_antisensis,Artiodactyla,Cervidae,Hippocamelus,VU,0.60192755117359,0.281278518917035,2.5681602251913,0.872558225674815,0.243805285382177,0.072672362769415,2.38394019008986,1,0.858,1000,direct,Hippocamelus_antisensis,0.0,504
1023,Acerodon_celebensis,Chiroptera,Pteropodidae,Acerodon,VU,0.597509714658765,0.616147126101941,2.54160464567778,2.60625113619617,0.243451644007014,0.0792089508297294,2.21356569581911,1,0.693,1000,direct,Acerodon_celebensis,0.0,505
1024,Equus_zebra,Perissodactyla,Equidae,Equus,VU,0.597102597153005,0.251753437123306,2.53887699895988,0.673322571113326,0.243452033672191,0.0775032169387307,2.3280073189488,1,0.882,1000,direct,Equus_zebra,0.0,506
1032,Tupaia_chrysogaster,Scandentia,Tupaiidae,Tupaia,VU,0.593762902848634,0.849488049697763,2.53272071027984,3.46738567522336,0.244149009477822,0.0775846244273132,3.07988581842582,1,0.653,1000,direct,Tupaia_chrysogaster,0.0,507
1034,Colobus_angolensis,Primates,Cercopithecidae,Colobus,VU,0.592969024739129,0.250380738991194,2.50503303849579,0.782373933121523,0.242960452648994,0.0780891491515693,2.06414106482852,1,0.939,1000,direct,Colobus_angolensis,0.0,508
1036,Pteropus_ornatus,Chiroptera,Pteropodidae,Pteropus,VU,0.592194772400292,0.349019213575759,2.52826438424032,1.27805143515624,0.244810345816329,0.0792932640592536,1.94904985115414,1,0.765,1000,direct,Pteropus_ornatus,0.0,509
1048,Orcaella_heinsohni,Artiodactyla,Delphinidae,Orcaella,VU,0.587265887839088,0.227639275758883,2.43894636475282,0.641857767743729,0.24483614543652,0.0754557854243055,1.855085945235,1,0.959,1000,direct,Orcaella_heinsohni,0.0,510
1057,Macaca_nigrescens,Primates,Cercopithecidae,Macaca,VU,0.579355397532935,0.232796628803589,2.45872173020762,0.674728121329676,0.242789626474683,0.0787681308533062,2.39836667515775,1,0.936,1000,direct,Macaca_nigrescens,0.0,511
1062,Miopithecus_talapoin,Primates,Cercopithecidae,Miopithecus,VU,0.575758742036229,0.233686899713625,2.41014785948179,0.777313850019758,0.244107282596253,0.0776388204670277,1.9426642753964,1,0.934,1000,direct,Miopithecus_talapoin,0.0,512
1063,Carpitalpa_arendsi,Afrosoricida,Chrysochloridae,Carpitalpa,VU,0.575666324935246,0.369071021612072,2.44483144969257,1.53860112948252,0.236477482828949,0.0790521654703083,2.2461836916018,1,0.744,1000,direct,Carpitalpa_arendsi,0.0,513
1066,Lonchorhina_marinkellei,Chiroptera,Phyllostomidae,Lonchorhina,VU,0.573902371835111,0.899113372211564,2.44644375570612,3.79971929025827,0.246279587503323,0.075553961208034,3.02359387946908,1,0.617,1000,direct,Lonchorhina_marinkellei,0.0,514
1073,Amblysomus_robustus,Afrosoricida,Chrysochloridae,Amblysomus,VU,0.565903054115985,0.561873718787832,2.41960254236699,2.34331620614933,0.236206362092824,0.0789779629674384,2.46779583488825,1,0.659,1000,direct,Amblysomus_robustus,0.0,515
1075,Nesoryzomys_narboroughi,Rodentia,Cricetidae,Nesoryzomys,VU,0.565055913248036,0.201489302920479,2.3912520946782,0.626470728222276,0.242056540793805,0.075266199613191,1.62985066723091,1,0.956,1000,direct,Nesoryzomys_narboroughi,0.0,516
1086,Pteropus_temminckii,Chiroptera,Pteropodidae,Pteropus,VU,0.558008278379746,0.333414374556568,2.39798458069168,1.16493995055936,0.244554875701307,0.0795758212186162,1.93300118773937,1,0.749,1000,direct,Pteropus_temminckii,0.0,517
1087,Marmosops_juninensis,Didelphimorphia,Didelphidae,Marmosops,VU,0.557443333430213,0.844303975637626,2.37633744204044,3.54762924656317,0.239151652476133,0.0759991350670372,2.94111637785016,1,0.614,1000,direct,Marmosops_juninensis,0.0,518
1091,Nycticebus_menagensis,Primates,Lorisidae,Nycticebus,VU,0.555669390642156,0.319436159958171,2.32720115017395,1.1064759904174,0.242782761473633,0.0762186818306503,1.6041501765082,1,0.778,1000,direct,Nycticebus_menagensis,0.0,519
1092,Cercocebus_atys,Primates,Cercopithecidae,Cercocebus,VU,0.554823936628598,0.244354681932677,2.34953295246669,0.755980714752556,0.244310461480918,0.0789678119992155,2.01931742022943,1,0.888,1000,direct,Cercocebus_atys,0.0,520
1105,Myotis_vivesi,Chiroptera,Vespertilionidae,Myotis,VU,0.547283304178864,0.244825723219695,2.33675972960499,0.863496414610923,0.24293833784475,0.0779452368761611,2.19260847397889,1,0.823,1000,direct,Myotis_vivesi,0.0,521
1108,Maxomys_whiteheadi,Rodentia,Muridae,Crunomys,VU,0.542384451931973,0.25732204053214,2.33955396797041,0.791856809303549,0.243998201655459,0.0778614653889753,2.09707887440268,1,0.799,1000,synonym:MSW3,Crunomys_whiteheadi,0.0,522
1109,Microcebus_tavaratra,Primates,Cheirogaleidae,Microcebus,VU,0.54196224663469,0.248396712525993,2.31182115180114,0.836208812392121,0.243717515454933,0.0777691410389693,2.08538019485157,1,0.801,1000,direct,Microcebus_tavaratra,0.0,523
1119,Sylvisorex_camerunensis,Eulipotyphla,Soricidae,Sylvisorex,VU,0.537813325225521,0.809517105790581,2.34738412839489,3.36482250502779,0.238481760883011,0.0777119034425548,2.52568276363785,1,0.609,1000,direct,Sylvisorex_camerunensis,0.0,524
1121,Hapalemur_griseus,Primates,Lemuridae,Hapalemur,VU,0.537441578929387,0.290000579927477,2.24936555548634,1.02110547440929,0.243543412026614,0.0781444240532484,1.78774859279838,1,0.747,1000,direct,Hapalemur_griseus,0.0,525
1129,Apomys_camiguinensis,Rodentia,Muridae,Apomys,VU,0.53391703941293,0.199739177247964,2.21070006415489,0.564144353764541,0.247239821125348,0.076350753587332,2.17297359779518,1,0.869,1000,direct,Apomys_camiguinensis,0.0,526
1133,Rattus_satarae,Rodentia,Muridae,Rattus,VU,0.532216101480628,0.643717142260006,2.25032330705424,2.83907562886549,0.247239821125348,0.0760636751732047,1.97483429135805,1,0.564,1000,direct,Rattus_satarae,0.0,527
1134,Cercopithecus_lhoesti,Primates,Cercopithecidae,Allochrocebus,VU,0.531772943046993,0.210585895288802,2.2682014756,0.622355955087883,0.244149009477822,0.0788465337101313,1.77627482198548,1,0.87,1000,synonym:MSW3,Allochrocebus_lhoesti,0.0,528
1149,Macaca_arctoides,Primates,Cercopithecidae,Macaca,VU,0.521179814506632,0.209429028864406,2.20810088916172,0.610587461450797,0.243354587469274,0.0790385161737027,2.09877146863564,1,0.864,1000,direct,Macaca_arctoides,0.0,529
1156,Tragelaphus_derbianus,Artiodactyla,Bovidae,Tragelaphus,VU,0.517862008155319,0.260046424014119,2.13288075167205,0.860143106613102,0.245262480154485,0.0719234369374329,2.08788161150928,1,0.772,1000,direct,Tragelaphus_derbianus,0.0,530
1157,Dorcopsis_luctuosa,Diprotodontia,Macropodidae,Dorcopsis,VU,0.517768503946217,0.639529060823951,2.17824536103281,2.58823765027561,0.241857576997495,0.0779527901461228,2.26265550274908,1,0.598,1000,direct,Dorcopsis_luctuosa,0.0,531
1164,Petrogale_lateralis,Diprotodontia,Macropodidae,Petrogale,VU,0.514354222937413,0.241699647590257,2.18954946599268,0.804555067121258,0.241720971821586,0.0788755184166106,2.04009496096693,1,0.764,1000,direct,Petrogale_lateralis,0.0,532
1171,Komodomys_rintjanus,Rodentia,Muridae,Komodomys,VU,0.512409568937057,0.684641376209218,2.09096766652961,2.93206442357445,0.248483604354063,0.0766050693648021,2.49783840462184,1,0.566,1000,direct,Komodomys_rintjanus,0.0,533
1172,Macaca_leonina,Primates,Cercopithecidae,Macaca,VU,0.512031249851061,0.213860392232307,2.13113048244019,0.606618203222363,0.243470598136701,0.078740611357361,1.93354118581282,1,0.837,1000,direct,Macaca_leonina,0.0,534
1173,Dipodomys_stephensi,Rodentia,Heteromyidae,Dipodomys,VU,0.509913084102004,0.23532668565154,2.15852458654164,0.742030541745639,0.244070196455499,0.0737230897014161,2.15940852831107,1,0.772,1000,direct,Dipodomys_stephensi,0.0,535
1174,Helarctos_malayanus,Carnivora,Ursidae,Helarctos,VU,0.509139358428931,0.193890826082361,2.14314125891133,0.552800750042842,0.242813383458502,0.0798539052346878,2.180550337901,1,0.862,1000,direct,Helarctos_malayanus,0.0,536
1175,Callicebus_brunneus,Primates,Pitheciidae,Plecturocebus,VU,0.508537696440886,0.998661289771368,2.22441855254777,4.1262525210478,0.242741061435803,0.0782944703876424,2.38708091701805,1,0.581,1000,synonym:MSW3,Plecturocebus_brunneus,0.0,537
1184,Macaca_radiata,Primates,Cercopithecidae,Macaca,VU,0.505567001136331,0.231669557974978,2.15064408843866,0.689446703433218,0.243470598136701,0.078740611357361,1.51146876281065,1,0.799,1000,direct,Macaca_radiata,0.0,538
1188,Acerodon_leucotis,Chiroptera,Pteropodidae,Acerodon,VU,0.504093489508267,0.482869242266418,2.12165633848276,2.0281761486964,0.242859398620689,0.0794101690755991,1.64845018462225,1,0.617,1000,direct,Acerodon_leucotis,0.0,539
1189,Dipodomys_nitratoides,Rodentia,Heteromyidae,Dipodomys,VU,0.504071962080506,0.234965256192973,2.16495733102828,0.776206083876278,0.243062198427907,0.0743200910820672,2.19203027054271,1,0.775,1000,direct,Dipodomys_nitratoides,0.0,540
1194,Trichechus_senegalensis,Sirenia,Trichechidae,Trichechus,VU,0.501297365502405,0.269959230585157,2.09227428000684,0.909359976037272,0.237565330635895,0.0791095137624667,0.92518850720085,1,0.723,1000,direct,Trichechus_senegalensis,0.0,541
1195,Sylvisorex_isabellae,Eulipotyphla,Soricidae,Sylvisorex,VU,0.501207283509992,0.822137263177109,2.08014581614805,3.39190142751385,0.242845482487743,0.0766074365895341,2.53480362866681,1,0.566,1000,direct,Sylvisorex_isabellae,0.0,542
1198,Balaenoptera_physalus,Artiodactyla,Balaenopteridae,Balaenoptera,VU,0.500826617452754,0.180429297088951,2.0741679739527,0.424495145627091,0.243952759459889,0.0754376651831917,2.06817352714285,1,0.849,1000,direct,Balaenoptera_physalus,0.0,543
1199,Trichechus_inunguis,Sirenia,Trichechidae,Trichechus,VU,0.500817212255682,0.259981472438175,2.11981627412127,0.926023914641828,0.237108943626153,0.0792438546177704,0.92518850720085,1,0.73,1000,direct,Trichechus_inunguis,0.0,544
1202,Catopuma_temminckii,Carnivora,Felidae,Catopuma,VU,0.49881862869278,0.256720472331442,2.09930368711241,0.899444660985765,0.243098515287213,0.0790681470181493,2.0517647255567,1,0.719,1000,direct,Catopuma_temminckii,0.0,545
1218,Ateles_paniscus,Primates,Atelidae,Ateles,VU,0.493079095278103,0.21828034898849,2.04667478054921,0.639285757795045,0.244149009477822,0.0788955339011628,1.8313445767252,1,0.795,1000,direct,Ateles_paniscus,0.0,546
1222,Macaca_ochreata,Primates,Cercopithecidae,Macaca,VU,0.490660950687301,0.198099270195501,2.06097141378184,0.604360250984099,0.243275771160828,0.0786509132668351,2.0016235760562,1,0.795,1000,direct,Macaca_ochreata,0.0,547
1224,Nycticebus_kayan,Primates,Lorisidae,Nycticebus,VU,0.490129034221239,0.446603715880463,2.0046853674547,1.8546564851396,0.242782761473633,0.0760635201751808,1.38935954461899,1,0.586,1000,direct,Nycticebus_kayan,0.0,548
1242,Hapalemur_occidentalis,Primates,Lemuridae,Hapalemur,VU,0.482621392684943,0.280601343376927,2.09508111526429,1.15426782590102,0.243543412026614,0.0781444240532484,0.73563127569154,1,0.633,1000,direct,Hapalemur_occidentalis,0.0,549
1248,Acerodon_mackloti,Chiroptera,Pteropodidae,Acerodon,VU,0.479753204201991,0.445173455653213,2.04180756618153,1.81853859341004,0.243451644007014,0.0796667818589114,1.50331925218042,1,0.605,1000,synonym:MSW3,Acerodon_macklotii,0.0,550
1250,Tapirus_kabomani,Perissodactyla,Tapiridae,Tapirus,VU,0.478731640260726,0.259087106702344,2.00560655647109,0.915713234020955,0.243918279101649,0.0778139356643361,0.6219212650164,1,0.662,1000,synonym:nominalName,Tapirus_terrestris,0.0,551
1261,Myomimus_roachi,Rodentia,Gliridae,Myomimus,VU,0.475486573189797,0.749868632947961,2.03986272039,2.75180348176448,0.244075979836707,0.0750848777013778,1.76944132987147,1,0.55,1000,direct,Myomimus_roachi,0.0,552
1263,Panthera_uncia,Carnivora,Felidae,Panthera,VU,0.474733879546904,0.180207206621537,2.01781227374044,0.564030415949785,0.243797969589155,0.0773280609394918,2.013628213781,1,0.747,1000,direct,Panthera_uncia,0.0,553
1285,Mesocricetus_newtoni,Rodentia,Cricetidae,Mesocricetus,VU,0.467499314337941,0.182428742694961,2.00291468213021,0.557685813821571,0.238171607880058,0.0771791647435413,1.8532459239331,1,0.74,1000,direct,Mesocricetus_newtoni,0.0,554
1286,Maxomys_pagensis,Rodentia,Muridae,Crunomys,VU,0.466218299681496,0.274500542134554,1.98116792221512,1.02087117604019,0.243998201655459,0.0779016004154492,1.34014622631253,1,0.619,1000,synonym:MSW3,Crunomys_pagensis,0.0,555
1289,Myosorex_sclateri,Eulipotyphla,Soricidae,Myosorex,VU,0.464573937930356,0.276407230636928,2.00669162513612,1.06782425890986,0.238481760883011,0.0780588824987448,1.67875300232028,1,0.628,1000,direct,Myosorex_sclateri,0.0,556
1292,Tapirus_terrestris,Perissodactyla,Tapiridae,Tapirus,VU,0.464206216817243,0.255067831604847,1.95062302425829,0.997473134708823,0.243797969589155,0.0777672524317799,0.47708977452384,1,0.611,1000,direct,Tapirus_terrestris,0.0,557
1298,Chiropotes_albinasus,Primates,Pitheciidae,Chiropotes,VU,0.46074562570694,0.232965905409413,1.96566355607525,0.824604780545772,0.24377404178549,0.076532273408404,1.68078404210232,1,0.64,1000,direct,Chiropotes_albinasus,0.0,558
1301,Urocitellus_townsendii,Rodentia,Sciuridae,Urocitellus,VU,0.460288794743144,0.195388566012441,1.94357478896928,0.668850239317857,0.245443717932981,0.0759129335418721,1.9366346518693,1,0.697,1000,direct,Urocitellus_townsendii,0.0,559
1306,Sminthopsis_butleri,Dasyuromorphia,Dasyuridae,Sminthopsis,VU,0.458473393026882,0.210946421020484,1.9193935962839,0.696570237433939,0.24164509364401,0.0780457075818998,0.70348264836665,1,0.639,1000,direct,Sminthopsis_butleri,0.0,560
1308,Chlorotalpa_duthieae,Afrosoricida,Chrysochloridae,Chlorotalpa,VU,0.457731924576681,0.38645546285764,1.92989262625965,1.52733196259321,0.237335060129336,0.0786020667438252,1.84408551086336,1,0.566,1000,direct,Chlorotalpa_duthieae,0.0,561
1312,Rhinolophus_mehelyi,Chiroptera,Rhinolophidae,Rhinolophus,VU,0.457061422098025,0.264648714550923,1.94750134932568,0.926180300155231,0.247318922776503,0.0776850329353721,1.53556777456622,1,0.609,1000,direct,Rhinolophus_mehelyi,0.0,562
1313,Neofelis_diardi,Carnivora,Felidae,Neofelis,VU,0.457056971047634,0.207483744695193,1.92397002099313,0.698291915346192,0.243797969589155,0.0773929318877135,1.292313660926,1,0.636,1000,direct,Neofelis_diardi,0.0,563
1314,Maxomys_rajah,Rodentia,Muridae,Crunomys,VU,0.456796599071107,0.285994344354406,1.96102758039454,1.01686108999569,0.244141106943734,0.0778614653889753,1.33677122963689,1,0.619,1000,synonym:MSW3,Crunomys_rajah,0.0,564
1316,Thylogale_brunii,Diprotodontia,Macropodidae,Thylogale,VU,0.455250860250843,0.184816250755686,1.91828193400011,0.643375896048233,0.241288103249052,0.078860132033117,1.8770461561285,1,0.63,1000,direct,Thylogale_brunii,0.0,565
1318,Avahi_laniger,Primates,Indriidae,Avahi,VU,0.454267759849801,0.383201719054157,1.90689196516197,1.51966621897281,0.242741061435803,0.0775479329796563,1.36615366523936,1,0.555,1000,direct,Avahi_laniger,0.0,566
1320,Neofelis_nebulosa,Carnivora,Felidae,Neofelis,VU,0.454220146720837,0.209454567089226,1.92345926631104,0.701672028200321,0.243918279101649,0.0773929318877135,1.292313660926,1,0.643,1000,direct,Neofelis_nebulosa,0.0,567
1325,Lepilemur_seali,Primates,Lepilemuridae,Lepilemur,VU,0.452611377536074,0.401701679463937,1.86235836544001,1.58291764116629,0.244060842924806,0.0773056962458249,1.17020441422661,1,0.545,1000,direct,Lepilemur_seali,0.0,568
1329,Otomys_occidentalis,Rodentia,Muridae,Otomys,VU,0.451218078789879,0.201486067273327,1.90083922810092,0.569691145462254,0.244718055922169,0.0778204778379677,1.53462522454377,1,0.658,1000,direct,Otomys_occidentalis,0.0,569
1331,Tarsius_wallacei,Primates,Tarsiidae,Tarsius,VU,0.447525961854575,0.286308950631591,1.84767865111221,0.992302461359438,0.243430714315617,0.0779772568801758,1.23965657064843,1,0.565,1000,direct,Tarsius_wallacei,0.0,570
1340,Myosorex_bururiensis,Eulipotyphla,Soricidae,Myosorex,VU,0.442851658544681,0.636416114989224,1.88224173563642,2.55276388984294,0.238402484424973,0.0780300702170247,2.00505014779721,1,0.524,1000,direct,Myosorex_bururiensis,0.0,571
1341,Pearsonomys_annectens,Rodentia,Cricetidae,Geoxus,VU,0.442374807166842,0.199231979447131,1.86444679330095,0.653869061779655,0.24086631535167,0.0742719677747184,1.72057050924476,1,0.616,1000,synonym:MSW3,Geoxus_annectens,0.0,572
1354,Myosorex_okuensis,Eulipotyphla,Soricidae,Myosorex,VU,0.43957753412549,0.636386349929796,1.89940312113694,2.62873600777236,0.238481760883011,0.0782903422692299,2.03996585670148,1,0.532,1000,direct,Myosorex_okuensis,0.0,573
1356,Nanger_soemmerringii,Artiodactyla,Bovidae,Nanger,VU,0.439141042529426,0.196137090149409,1.81535356298624,0.650767130105853,0.245378121525951,0.0734349310991365,1.10191006446348,1,0.566,1000,direct,Nanger_soemmerringii,0.0,574
1368,Rhynchocyon_udzungwensis,Macroscelidea,Macroscelididae,Rhynchocyon,VU,0.435499502860944,0.335380892154777,1.84635059858442,1.34681691454962,0.236206362092824,0.0789602274236727,1.83130645689008,1,0.55,1000,direct,Rhynchocyon_udzungwensis,0.0,575
1376,Myotis_grisescens,Chiroptera,Vespertilionidae,Myotis,VU,0.432601540843289,0.240012529935777,1.84334134234776,0.880031204888223,0.242124180676618,0.0779750035368249,1.73233184200696,1,0.581,1000,direct,Myotis_grisescens,0.0,576
1380,Marmota_menzbieri,Rodentia,Sciuridae,Marmota,VU,0.431888147293637,0.194743238127512,1.78576529554348,0.661794742867936,0.246944056861299,0.0754278324391233,1.7637019899915,1,0.53,1000,direct,Marmota_menzbieri,0.0,577
1386,Phalanger_matabiru,Diprotodontia,Phalangeridae,Phalanger,VU,0.429763223986042,0.568525175496069,1.8677547430266,2.35558281357466,0.24199314567114,0.0787962745263303,1.89415648253484,1,0.514,1000,direct,Phalanger_matabiru,0.0,578
1388,Mesocapromys_melanurus,Rodentia,Echimyidae,Mesocapromys,VU,0.427506898373292,0.188158978178525,1.77690773073417,0.622272582304881,0.245249101443619,0.0748239964229434,0.873118061580775,1,0.535,1000,direct,Mesocapromys_melanurus,0.0,579
1393,Spilogale_putorius,Carnivora,Mephitidae,Spilogale,VU,0.427082978527044,0.466111181182758,1.79102179059814,1.92655609796456,0.24063310757307,0.0799400809736427,1.79699450962931,1,0.509,1000,direct,Spilogale_putorius,0.0,580
1410,Trachypithecus_pileatus,Primates,Cercopithecidae,Trachypithecus,VU,0.420913218776723,0.249083069599293,1.76942076752262,0.999842443455416,0.243420213849582,0.0786942550669225,0.451072663642944,1,0.508,1000,direct,Trachypithecus_pileatus,0.0,581
1415,Procolobus_verus,Primates,Cercopithecidae,Procolobus,VU,0.420373048567735,0.669301030758003,1.77948258258998,2.73059685783011,0.243354587469274,0.0786879533381463,1.68723569563198,1,0.501,1000,direct,Procolobus_verus,0.0,582
1417,Alouatta_guariba,Primates,Atelidae,Alouatta,VU,0.420023440007109,0.328065657653595,1.82157738052425,1.33024617666818,0.243763605583379,0.0783383203576956,1.55166972848907,1,0.548,1000,direct,Alouatta_guariba,0.0,583
1430,Octodon_bridgesi,Rodentia,Octodontidae,Octodon,VU,0.417370150479177,0.213766485007221,1.77637089836815,0.779178325897051,0.243648289087654,0.0743891746866385,1.39186471726096,1,0.529,1000,synonym:MSW3,Octodon_bridgesii,0.0,584
1432,Dryomys_niethammeri,Rodentia,Gliridae,Dryomys,VU,0.416910199332865,0.684039449015261,1.78320239964284,2.77959971713309,0.243623602209081,0.075256668311226,2.17211658487478,1,0.513,1000,direct,Dryomys_niethammeri,0.0,585
1456,Alouatta_belzebul,Primates,Atelidae,Alouatta,VU,0.405349023695307,0.346435203046549,1.78098424060924,1.41664923468157,0.244149009477822,0.0782399834873993,1.52716590914354,1,0.513,1000,direct,Alouatta_belzebul,0.0,586
