EDGErank,species,order,family,genus,RLcat,EDGEmed,EDGEiqr,EDmed,EDiqr,pextmed,pextiqr,TBLmn,isEDGEsp,isEDGEsp_frac,n_trees,match,mdd_sciName,extinct,high_ED,dd_watch_rank
53,Hylomys_megalotis,Eulipotyphla,Erinaceidae,Otohylomys,DD,5.61093594557428,15.6151575265648,32.6045578000381,4.7630964563202,0.166341651089203,0.465905675785966,32.90371245971,0,0.0,1000,synonym:MSW3,Otohylomys_megalotis,0.0,1,1
106,Nothrotheriops_shastensis,,,,DD,3.77870746422344,11.4094806318074,21.8373654466875,5.36844771883692,0.166822827201569,0.552536989291436,22.26804357659,0,0.0,1000,unmatched,,,1,2
122,Mylodon_darwinii,,,,DD,3.4663190256083,9.92008364215604,19.3408628900644,6.00510706215459,0.166822827201569,0.552438559218972,19.601792449094,0,0.0,1000,unmatched,,,1,3
129,Megaladapis_edwardsi,,,,DD,3.35097786070835,9.95518703061891,18.0652737768476,3.26771355264057,0.178735888288564,0.554784807447076,18.35219692447,0,0.0,1000,unmatched,,,1,4
147,Chlamyphorus_truncatus,Cingulata,Chlamyphoridae,Chlamyphorus,DD,3.04751291391503,7.9314270726263,15.8705707382179,7.50370936278843,0.168121849204643,0.558810575821362,12.336431922646,0,0.0,1000,direct,Chlamyphorus_truncatus,0.0,1,5
138,Calyptophractus_retusus,Cingulata,Chlamyphoridae,Calyptophractus,DD,3.12609648180763,8.10635273638478,15.703375685101,7.41232382644705,0.16799134920304,0.557624599455207,12.336431922646,0,0.0,1000,direct,Calyptophractus_retusus,0.0,1,6
164,Carterodon_sulcidens,Rodentia,Echimyidae,Carterodon,DD,2.71525504523833,8.59568321568067,15.0773702249099,3.62241326379483,0.177380171543981,0.563095168794226,9.2539808146026,0,0.0,1000,direct,Carterodon_sulcidens,0.0,1,7
194,Dendrogale_melanura,Scandentia,Tupaiidae,Dendrogale,DD,2.50525947283759,7.08083817123905,14.001389425,4.44917492,0.168804327640178,0.578809553580136,14.245704840667,0,0.0,1000,direct,Dendrogale_melanura,0.0,1,8
231,Marmosa_rubra,Didelphimorphia,Didelphidae,Marmosa,DD,2.10917766911335,5.78967765680251,13.3491071529273,3.96403207727707,0.188955170440201,0.661013412375342,12.0401007719692,0,0.0,1000,direct,Marmosa_rubra,0.0,1,9
232,Coelodonta_antiquitatis,,,,DD,2.10730000197202,5.52811426016734,11.6649246142606,2.06412565595934,0.168560701239223,0.486386403076801,6.403843556243,0,0.0,1000,unmatched,,,1,10
273,Marmosa_andersoni,Didelphimorphia,Didelphidae,Marmosa,DD,1.8500408819798,5.5790427161985,11.1893663132767,3.3141112855048,0.186454106274433,0.647761259448176,10.2489871549198,0,0.0,1000,direct,Marmosa_andersoni,0.0,1,11
258,Cardiocranius_paradoxus,Rodentia,Dipodidae,Cardiocranius,DD,1.92080693514748,5.43685780275087,10.7845557816799,3.02181300279659,0.181883451503904,0.55363493472003,10.367268779178,0,0.0,1000,direct,Cardiocranius_paradoxus,0.0,1,12
363,Gracilinanus_emiliae,Didelphimorphia,Didelphidae,Gracilinanus,DD,1.46970246438912,3.75656429025908,10.5092640897002,7.91584527934248,0.187104011110264,0.675198603345178,8.73038889952894,0,0.0,1000,direct,Gracilinanus_emiliae,0.0,1,13
280,Mammut_americanum,,,,DD,1.82639520798716,4.94280641517991,10.209051094671,4.21313959349679,0.165146279109614,0.549682817055433,10.288292382293,0,0.0,1000,unmatched,,,1,14
259,Phataginus_tetradactyla,,,,DD,1.92020024887401,5.2415807739148,9.82681767204346,4.45608702202909,0.180474730371037,0.555735709524702,3.4252270462062,0,0.0,1000,unmatched,,,1,15
321,Uropsilus_investigator,Eulipotyphla,Talpidae,Uropsilus,DD,1.6389346964335,4.69555565644318,9.01086926749722,2.27014710111028,0.16630085480796,0.546912865797509,9.161910307844,0,0.0,1000,direct,Uropsilus_investigator,0.0,1,16
348,Calassomys_apicalis,Rodentia,Cricetidae,Calassomys,NE,1.49903758801171,4.95723757507887,8.8815987585,1.59137427125,0.17769796903592,0.653359610792184,8.28797340485064,0,0.0,1000,direct,Calassomys_apicalis,0.0,1,17
491,Hipposideros_coronatus,Chiroptera,Hipposideridae,Hipposideros,DD,1.11063382532136,2.56040688942106,8.79216052309698,6.80966359633746,0.164473653464944,0.436011058775807,6.54933906962588,0,0.0,1000,direct,Hipposideros_coronatus,0.0,1,18
357,Xeronycteris_vieirai,Chiroptera,Phyllostomidae,Xeronycteris,DD,1.48141495934188,4.36874319293354,8.77507309934579,2.50658544344261,0.168783660283255,0.583504940096398,8.24767828526451,0,0.0,1000,direct,Xeronycteris_vieirai,0.0,1,19
396,Monodelphis_gardneri,Didelphimorphia,Didelphidae,Monodelphis,NE,1.3380756212043,3.97144326607913,7.90423615187267,2.29473309496535,0.192165878292334,0.688740996943525,7.28719095382447,0,0.0,1000,direct,Monodelphis_gardneri,0.0,1,20
427,Macrotarsomys_petteri,Rodentia,Nesomyidae,Macrotarsomys,DD,1.25233327580649,3.0921488922145,7.78141319097802,7.32680731396244,0.180298561878804,0.630295391223334,4.94234336442593,0,0.0,1000,direct,Macrotarsomys_petteri,0.0,1,21
530,Sylvisorex_konganensis,Eulipotyphla,Soricidae,Sylvisorex,DD,1.05975541790513,2.62151393369131,7.65982967789708,6.44509230735234,0.164564993611017,0.529333330405618,5.83102146499127,0,0.0,1000,direct,Sylvisorex_konganensis,0.0,1,22
385,Pattonomys_occasius,,,,DD,1.37033866643109,4.00855273891233,7.35903229397043,2.11719745240503,0.171406973729214,0.552992579136426,7.533489795534,0,0.0,1000,unmatched,,,1,23
352,Huetia_leucorhina,Afrosoricida,Chrysochloridae,Huetia,DD,1.49055026553824,3.48619387789791,7.27238246816385,8.4220112693836,0.16799134920304,0.553460462349434,10.5122906104726,0,0.0,1000,direct,Huetia_leucorhina,0.0,1,24
374,Oryzorictes_tetradactylus,Afrosoricida,Tenrecidae,Oryzorictes,DD,1.41531733167909,3.39375143729542,7.25952588438138,9.48048315364373,0.16630085480796,0.54955609164373,8.59977774667662,0,0.0,1000,direct,Oryzorictes_tetradactylus,0.0,1,25
461,Tasmacetus_shepherdi,Artiodactyla,Ziphiidae,Tasmacetus,DD,1.17872135244015,3.14144013645424,6.90823363550001,1.48574405725,0.168690885744765,0.497765480549961,6.58809334832683,0,0.0,1000,direct,Tasmacetus_shepherdi,0.0,1,26
407,Peropteryx_pallidoptera,Chiroptera,Emballonuridae,Peropteryx,DD,1.30878548262457,4.08104676664418,6.80743626869786,1.82024669265754,0.182279456381909,0.613980448780612,6.976591042364,0,0.0,1000,direct,Peropteryx_pallidoptera,0.0,1,27
606,Malpaisomys_insularis,,,,DD,0.942579803183531,2.36485511346356,6.59626591328269,3.97812269190364,0.181037179303071,0.551918899817562,5.38323842489529,0,0.0,1000,unmatched,,,1,28
497,Monodelphis_iheringi,Didelphimorphia,Didelphidae,Monodelphis,DD,1.10393723801601,3.20572949555382,6.58886937185885,2.1154347611907,0.19191815927489,0.68271516977078,6.03844569661668,0,0.0,1000,direct,Monodelphis_iheringi,0.0,1,29
528,Gracilinanus_peruanus,Didelphimorphia,Didelphidae,Gracilinanus,NE,1.06257456018571,2.75120815883796,6.53382145809293,2.89308425471157,0.187104011110264,0.665140542900373,5.77823824642939,0,0.0,1000,direct,Gracilinanus_peruanus,0.0,1,30
482,Murina_loreliae,Chiroptera,Vespertilionidae,Murina,DD,1.12823237025984,3.05456416244303,6.22691311465142,2.0997118643889,0.193740177077535,0.637968992520366,5.56214710749899,0,0.0,1000,synonym:nominalName,Murina_lorelieae,0.0,1,31
449,Prionomys_batesi,Rodentia,Nesomyidae,Prionomys,DD,1.20638825752584,2.94061230557692,6.2058075438812,7.43055042275521,0.180822331883572,0.636053641137341,6.67003346684984,0,0.0,1000,direct,Prionomys_batesi,0.0,1,32
677,Crocidura_batakorum,Eulipotyphla,Soricidae,Crocidura,DD,0.881118887641152,2.15052194871037,6.17099210230108,5.9259200656683,0.166762954451852,0.474388334360178,4.99620840110267,0,0.0,1000,direct,Crocidura_batakorum,0.0,1,33
474,Dendroprionomys_rousseloti,Rodentia,Nesomyidae,Dendroprionomys,DD,1.15009395761982,2.79174825500494,6.16296456176151,7.54101217736173,0.182049713057435,0.65690920172947,6.65074693675296,0,0.0,1000,direct,Dendroprionomys_rousseloti,0.0,1,34
551,Saccopteryx_gymnura,Chiroptera,Emballonuridae,Saccopteryx,DD,1.02763821455729,3.25785454506797,6.07567928957844,1.90579321224946,0.180547109845956,0.606267749866535,5.45564106267704,0,0.0,1000,direct,Saccopteryx_gymnura,0.0,1,35
624,Neoromicia_nana,,,,DD,0.928933045477895,2.33900993668362,6.01829172543304,4.22243280557529,0.17672088535038,0.614445121120539,4.97199259409796,0,0.0,1000,unmatched,,,1,36
554,Sminthopsis_archeri,Dasyuromorphia,Dasyuridae,Sminthopsis,DD,1.02670911365659,2.94699839389357,5.97066026976414,1.46018069053068,0.169849818928791,0.583432376101136,5.9438967621421,0,0.0,1000,direct,Sminthopsis_archeri,0.0,1,37
727,Exilisciurus_exilis,Rodentia,Sciuridae,Exilisciurus,DD,0.8359303538457,1.78635174714954,5.72169486233887,5.61292128187597,0.182554764337875,0.574409253664236,5.15589189179089,0,0.0,1000,direct,Exilisciurus_exilis,0.0,1,38
571,Myotragus_balearicus,,,,DD,0.997744713640028,3.03152955560646,5.72156430168748,1.15585059768088,0.174250467837342,0.550343980549963,5.746423290589,0,0.0,1000,unmatched,,,1,39
598,Salinomys_delicatus,Rodentia,Cricetidae,Salinomys,DD,0.947520066014366,2.71620554896071,5.71974688962246,1.19452564145416,0.178836655102767,0.62608573226981,5.32046339252214,0,0.0,1000,direct,Salinomys_delicatus,0.0,1,40
689,Tupaia_dorsalis,Scandentia,Tupaiidae,Tupaia,DD,0.864421890808276,2.16578481040466,5.5911361477492,4.13117195369073,0.168804327640178,0.579264299583529,5.06791137155808,0,0.0,1000,direct,Tupaia_dorsalis,0.0,1,41
754,Waiomys_mamasae,Rodentia,Muridae,Waiomys,DD,0.807980026937673,1.95352510674228,5.58443437438382,4.42520845658113,0.184513414993001,0.614772278000057,4.32674305680196,0,0.0,1000,direct,Waiomys_mamasae,0.0,1,42
631,Myomyscus_yemeni,Rodentia,Muridae,Ochromyscus,DD,0.924018474817181,2.88430284248104,5.5213937802792,1.06590371457728,0.17731467635847,0.546858541133124,5.35760164132789,0,0.0,1000,synonym:MSW3,Ochromyscus_yemeni,0.0,1,43
755,Maxomys_ochraceiventer,Rodentia,Muridae,Crunomys,DD,0.805006223626819,2.19021760228616,5.40214230349736,2.83998378012335,0.19257226440059,0.609783209463393,4.39347865712775,0,0.0,1000,synonym:MSW3,Crunomys_ochraceiventer,0.0,1,44
801,Euroscaptor_parvidens,Eulipotyphla,Talpidae,Euroscaptor,DD,0.748501965322776,1.59393375909716,5.35265680261866,4.24079272522461,0.165757839263197,0.547797801691183,4.43888812414159,0,0.0,1000,direct,Euroscaptor_parvidens,0.0,1,45
593,Barbastella_beijingensis,Chiroptera,Vespertilionidae,Barbastella,DD,0.956109145847429,3.04578115971888,5.33316573842029,1.51266724124345,0.17672088535038,0.606705720349033,5.134390189181,0,0.0,1000,direct,Barbastella_beijingensis,0.0,1,46
612,Marmosa_tyleriana,Didelphimorphia,Didelphidae,Marmosa,DD,0.937604087077906,2.52017893403398,5.22309606759144,1.90568386606285,0.186454106274433,0.654392310196432,4.76552455762444,0,0.0,1000,direct,Marmosa_tyleriana,0.0,1,47
588,Tonatia_bidens,Chiroptera,Phyllostomidae,Tonatia,DD,0.968690615858301,2.78958400881066,5.18197452694887,1.66448990513973,0.180547109845956,0.596164299726519,4.564303149406,0,0.0,1000,direct,Tonatia_bidens,0.0,1,48
584,Tonatia_saurophila,,,,DD,0.974017440403539,2.90722921425514,5.17788396830906,1.59258176999632,0.179548637407013,0.596164299726519,4.564303149406,0,0.0,1000,unmatched,,,1,49
791,Eptesicus_isabellinus,,,,DD,0.754350923630691,1.65183177799719,5.139436895,4.75180934157571,0.182221820014356,0.62258614461601,4.08872899158916,0,0.0,1000,unmatched,,,1,50
647,Dasypus_yepesi,Cingulata,Dasypodidae,Dasypus,DD,0.905474299229792,2.57736905864232,5.10938886639898,7.33735408569458,0.166822827201569,0.546615961689005,6.94109882038966,0,0.0,1000,synonym:MSW3,Dasypus_mazzai,0.0,1,51
653,Isothrix_barbarabrownae,Rodentia,Echimyidae,Isothrix,DD,0.901542173621387,2.60480974608867,5.03277121907053,1.41800435760642,0.168594882788728,0.550213688748985,5.121971480693,0,0.0,1000,direct,Isothrix_barbarabrownae,0.0,1,52
600,Murina_chrysochaetes,Chiroptera,Vespertilionidae,Murina,DD,0.94733090987045,2.52602799711115,4.98904135473321,2.36207898826506,0.194585498174555,0.647463120175169,2.64968115202266,0,0.0,1000,direct,Murina_chrysochaetes,0.0,1,53
805,Pteropus_lombocensis,Chiroptera,Pteropodidae,Pteropus,DD,0.740424479508674,1.77887711636882,4.96984318778888,3.80377604807535,0.17670128536528,0.584268211902269,3.38084873633595,0,0.0,1000,direct,Pteropus_lombocensis,0.0,1,54
664,Murina_peninsularis,Chiroptera,Vespertilionidae,Murina,NE,0.88986489273158,2.54156784208078,4.91632871400232,1.84021862419549,0.193196560688065,0.637992779058441,4.45622241985684,0,0.0,1000,direct,Murina_peninsularis,0.0,1,55
792,Sorex_thibetanus,Eulipotyphla,Soricidae,Sorex,DD,0.753905388941411,1.91943596501011,4.8667210227563,1.5269179904438,0.165389535956814,0.47809399405547,4.20944753555412,0,0.0,1000,direct,Sorex_thibetanus,0.0,1,56
548,Archaeolemur_majori,,,,DD,1.02846089160519,2.24297009697506,4.86497050697357,7.73089834718113,0.178163851179345,0.553019783469838,2.14229754839661,0,0.0,1000,unmatched,,,1,57
572,Archaeolemur_edwardsi,Primates,Archaeolemuridae,Archaeolemur,NE,0.996535398720199,2.31752673515827,4.77580464715152,7.75689991874396,0.178163851179345,0.552752465224524,2.14229754839661,0,0.0,1000,direct,Archaeolemur_edwardsi,1.0,1,58
696,Elephantulus_fuscus,Macroscelidea,Macroscelididae,Elephantulus,DD,0.860028391436558,2.25576171876543,4.76948225715164,6.14545858304876,0.164877353137778,0.546540530418588,5.91933667058998,0,0.0,1000,direct,Elephantulus_fuscus,0.0,1,59
902,Pipistrellus_pulveratus,,,,DD,0.67424765923061,1.79005511798804,4.7236544245,4.4021247878548,0.17672088535038,0.627244522589548,3.88873091364806,0,0.0,1000,unmatched,,,1,60
789,Proedromys_liangshanensis,,,,DD,0.755828245759664,1.92140483513069,4.69544680107434,1.11534977121394,0.184513414993001,0.669105812775034,4.13068985006405,0,0.0,1000,unmatched,,,1,61
703,Lutra_maculicollis,,,,DD,0.855263999231898,2.48104288391967,4.67576708159489,1.05545864050568,0.176835213194532,0.539379366322384,4.719022907556,0,0.0,1000,unmatched,,,1,62
675,Dasypus_pilosus,Cingulata,Dasypodidae,Dasypus,DD,0.882824475623776,2.31029110864528,4.67010500281493,7.02223440218246,0.16799134920304,0.553599896303838,6.57980571361957,0,0.0,1000,direct,Dasypus_pilosus,0.0,1,63
846,Eptesicus_dimissus,Chiroptera,Vespertilionidae,Cassistrellus,DD,0.712986640581998,1.91901797401037,4.66188918138526,3.96110244362499,0.175827105608337,0.614805960895651,3.96461581655989,0,0.0,1000,synonym:MSW3,Cassistrellus_dimissus,0.0,1,64
698,Nesolagus_netscheri,Lagomorpha,Leporidae,Nesolagus,DD,0.858718747329181,2.07823564719484,4.65747936882523,5.52374942203884,0.169326825143835,0.577766316550282,1.84831730392988,0,0.0,1000,direct,Nesolagus_netscheri,0.0,1,65
772,Thylamys_venustus,Didelphimorphia,Didelphidae,Thylamys,DD,0.769988323011561,2.30453734707528,4.60308902574186,1.55281378082307,0.180298561878804,0.662507722338452,4.19355204643415,0,0.0,1000,direct,Thylamys_venustus,0.0,1,66
650,Elephantulus_fuscipes,Macroscelidea,Macroscelididae,Elephantulus,DD,0.903196591093856,2.1437378137621,4.5910571718225,6.75494362541904,0.165146279109614,0.553460462349434,6.00171992104627,0,0.0,1000,direct,Elephantulus_fuscipes,0.0,1,67
762,Eremoryzomys_polius,Rodentia,Cricetidae,Eremoryzomys,DD,0.792998337494165,2.10950912736753,4.56876665942364,1.59263976532322,0.184039333381812,0.664093783816975,3.39878309156339,0,0.0,1000,direct,Eremoryzomys_polius,0.0,1,68
887,Petaurista_lena,Rodentia,Sciuridae,Petaurista,NE,0.684945685613711,1.76110464754608,4.51042299319204,2.80093654910023,0.180639228092253,0.596899602455226,3.88111489522376,0,0.0,1000,direct,Petaurista_lena,0.0,1,69
684,Congosorex_polli,Eulipotyphla,Soricidae,Congosorex,DD,0.872367538685447,2.38475626377173,4.48435101181074,5.93404151973904,0.16521604822198,0.548195135418072,3.78466905825942,0,0.0,1000,direct,Congosorex_polli,0.0,1,70
884,Oreoryzomys_balneator,Rodentia,Cricetidae,Oreoryzomys,DD,0.686245946920704,1.86026092988413,4.46721631944816,1.36207537675127,0.179281478799195,0.655690554441865,3.91595430053854,0,0.0,1000,direct,Oreoryzomys_balneator,0.0,1,71
715,Elephantulus_pilicaudus,Macroscelidea,Macroscelididae,Elephantulus,DD,0.84429531803132,2.48033025382625,4.44857490669441,6.23961024620648,0.164877353137778,0.553786552316116,6.08363418560424,0,0.0,1000,direct,Elephantulus_pilicaudus,0.0,1,72
973,Crocidura_neglecta,Eulipotyphla,Soricidae,Crocidura,NE,0.627428109902494,1.44753480571193,4.37982458767713,3.30594714937467,0.165389535956814,0.522086766974821,3.2698960053131,0,0.0,1000,direct,Crocidura_neglecta,0.0,1,73
751,Thylamys_tatei,Didelphimorphia,Didelphidae,Thylamys,DD,0.809549316615706,2.44598941981419,4.37369410634572,1.29139075423574,0.183576810700091,0.665726353550596,4.3086022898557,0,0.0,1000,direct,Thylamys_tatei,0.0,1,74
722,Biswamoyopterus_laoensis,Rodentia,Sciuridae,Biswamoyopterus,DD,0.839365219352786,1.94946546842661,4.36097344609955,4.13221889045809,0.182301474906387,0.615631683990644,1.62449745251354,0,0.0,1000,direct,Biswamoyopterus_laoensis,0.0,1,75
800,Myotis_montivagus,Chiroptera,Vespertilionidae,Myotis,DD,0.750593112951384,1.86953657069648,4.35841812390919,1.7889428439154,0.187352290787223,0.581839507301985,3.9535343576901,0,0.0,1000,direct,Myotis_montivagus,0.0,1,76
836,Dremomys_gularis,Rodentia,Sciuridae,Dremomys,DD,0.719013193744723,1.78113219711574,4.35319237467415,1.61476920523275,0.181974615188121,0.576116456750119,4.13126375015597,0,0.0,1000,direct,Dremomys_gularis,0.0,1,77
829,Volemys_musseri,Rodentia,Cricetidae,Volemys,DD,0.725279757291964,2.13085857709552,4.33160314660036,0.98795015451732,0.184852399085686,0.669105812775034,3.8795127066041,0,0.0,1000,direct,Volemys_musseri,0.0,1,78
1046,Rhinolophus_chaseni,Chiroptera,Rhinolophidae,Rhinolophus,NE,0.587715403091099,1.38010612095398,4.2972549475,3.00428394428921,0.164581443907176,0.465305534392945,3.33701646314677,0,0.0,1000,direct,Rhinolophus_chaseni,0.0,1,79
699,Elephantulus_revoilii,,,,DD,0.85841435362245,1.98442162919646,4.28808779306942,5.8813061145252,0.165146279109614,0.54970832026753,5.59830228999178,0,0.0,1000,unmatched,,,1,80
980,Ctenomys_tuconax,Rodentia,Ctenomyidae,Ctenomys,DD,0.624153793250105,1.42678234589604,4.28004064488342,3.57739628773314,0.169534794301079,0.558211056736256,3.28618039219225,0,0.0,1000,direct,Ctenomys_tuconax,0.0,1,81
864,Cryptonanus_guahybae,Didelphimorphia,Didelphidae,Cryptonanus,DD,0.701726602500385,1.81695372708019,4.22032128315595,2.13073605984565,0.179352246942142,0.649255569411286,3.91840997715063,0,0.0,1000,direct,Cryptonanus_guahybae,0.0,1,82
905,Micronycteris_brosseti,Chiroptera,Phyllostomidae,Micronycteris,DD,0.672444451464115,2.00693518981735,4.19519041653771,1.29755708441452,0.172769960546025,0.562722853312109,4.04028536178678,0,0.0,1000,direct,Micronycteris_brosseti,0.0,1,83
1018,Sorex_mirabilis,Eulipotyphla,Soricidae,Sorex,DD,0.60016272086539,1.67257018042185,4.18372918580087,1.83976826403355,0.165892358292883,0.477962723253221,3.52516423951526,0,0.0,1000,direct,Sorex_mirabilis,0.0,1,84
855,Amphinectomys_savamis,Rodentia,Cricetidae,Amphinectomys,DD,0.708795746967382,2.11280236787297,4.15768519658616,0.9896012796662,0.181350140272025,0.676966118202827,3.16156256581593,0,0.0,1000,direct,Amphinectomys_savamis,0.0,1,85
770,Arctodus_simus,,,,DD,0.772457047129558,2.20740351346577,4.123295626022,1.06138126578633,0.178347210591111,0.544626272757253,3.343590232824,0,0.0,1000,unmatched,,,1,86
1026,Pipistrellus_ariel,,,,DD,0.597006793270218,1.73890450325252,4.095281422,3.7583524798172,0.183112582707948,0.627442581356524,3.40210804592635,0,0.0,1000,unmatched,,,1,87
879,Galenomys_garleppi,Rodentia,Cricetidae,Galenomys,DD,0.691304801797452,1.85095284965332,4.09067519282092,1.05075674182931,0.178162589748789,0.62594256738048,3.64836930648235,0,0.0,1000,synonym:MSW3,Galenomys_garleppii,0.0,1,88
725,Callibella_humilis,,,,DD,0.838059099965286,1.8535065692211,4.02489000863441,3.40858186239184,0.172141007761791,0.556721271293159,3.94444897348717,0,0.0,1000,unmatched,,,1,89
878,Mastomys_pernanus,Rodentia,Muridae,Serengetimys,DD,0.692590379435244,2.01911699356542,4.01826052445223,1.26983977380685,0.184513414993001,0.587231481388947,3.74001378916246,0,0.0,1000,synonym:MSW3,Serengetimys_pernanus,0.0,1,90
1027,Pipistrellus_cadornae,,,,DD,0.59589320144862,1.34749406112981,3.9601500846836,3.28886218524801,0.183112582707948,0.6273906513352,3.23729335997539,0,0.0,1000,unmatched,,,1,91
845,Toromys_rhipidurus,Rodentia,Echimyidae,Toromys,DD,0.713457586234678,1.99464140917078,3.9414980886867,1.33367414808551,0.174022630227271,0.558211056736256,3.809395959683,0,0.0,1000,direct,Toromys_rhipidurus,0.0,1,92
923,Galea_musteloides,Rodentia,Caviidae,Galea,DD,0.662590850994331,1.78543267572794,3.9288770018142,5.66976181163265,0.174022630227271,0.573205214987601,3.91613112417781,0,0.0,1000,direct,Galea_musteloides,0.0,1,93
691,Syntheosciurus_brochus,Rodentia,Sciuridae,Syntheosciurus,DD,0.863493490385906,2.03729469746755,3.91474539897416,3.73111481240689,0.184336811190649,0.617608456856585,4.18351533950062,0,0.0,1000,direct,Syntheosciurus_brochus,0.0,1,94
1035,Mormopterus_eleryi,,,,DD,0.592384533432992,1.63142540640933,3.88130049042548,3.19942065924669,0.182279456381909,0.638379356073558,3.28542658491559,0,0.0,1000,unmatched,,,1,95
803,Kerodon_acrobata,Rodentia,Caviidae,Kerodon,DD,0.742097160036647,1.8509918121808,3.83625645017283,1.45259993297419,0.177154133476431,0.569966868317704,3.670426386737,0,0.0,1000,direct,Kerodon_acrobata,0.0,1,96
1038,Saxatilomys_paulinae,Rodentia,Muridae,Saxatilomys,DD,0.591093806138935,1.43765381905439,3.82814497461405,2.76345934514788,0.1847344135563,0.62717503597055,2.90117374600167,0,0.0,1000,direct,Saxatilomys_paulinae,0.0,1,97
1047,Lasiurus_egregius,Chiroptera,Vespertilionidae,Lasiurus,DD,0.587368799089053,1.5856934960045,3.81569167078337,3.62501340939657,0.174070030175688,0.586035517666658,3.34606192201824,0,0.0,1000,direct,Lasiurus_egregius,0.0,1,98
900,Orcinus_orca,Artiodactyla,Delphinidae,Orcinus,DD,0.67485887419007,1.81786458188898,3.794709444,0.829214238999999,0.168560701239223,0.48246004413116,3.856045129873,0,0.0,1000,direct,Orcinus_orca,0.0,1,99
1051,Tonkinomys_daovantieni,Rodentia,Muridae,Tonkinomys,DD,0.584074484497,1.47257685706242,3.77128779034549,2.71269379830591,0.18573905888994,0.633926186286414,2.8806353282773,0,0.0,1000,direct,Tonkinomys_daovantieni,0.0,1,100
904,Mesoplodon_traversii,Artiodactyla,Ziphiidae,Mesoplodon,DD,0.672473179408536,1.63701279404579,3.70571665916512,1.37751824321516,0.168202196853499,0.491612741256193,3.60377202774485,0,0.0,1000,direct,Mesoplodon_traversii,0.0,1,101
987,Scutisorex_thori,Eulipotyphla,Soricidae,Scutisorex,DD,0.621968458389426,1.87451716724414,3.69996207773459,1.21296071991611,0.164564993611017,0.529452283707688,3.6648716263,0,0.0,1000,direct,Scutisorex_thori,0.0,1,102
893,Sigmodontomys_aphrastus,Rodentia,Cricetidae,Tanyuromys,DD,0.678935500882389,2.24129879153181,3.67646517954576,0.721781986708294,0.181350140272025,0.653882029036185,3.713481682526,0,0.0,1000,synonym:MSW3,Tanyuromys_aphrastus,0.0,1,103
949,Marmosa_paraguayanus,,,,DD,0.640416041481838,1.80148364879192,3.64802379828843,1.33476714152262,0.186454106274433,0.650416259378156,3.52274478093622,0,0.0,1000,unmatched,,,1,104
819,Chrysochloris_visagiei,Afrosoricida,Chrysochloridae,Chrysochloris,DD,0.731094754363508,1.61481513630833,3.59494497662633,4.41621577942826,0.166822827201569,0.544695646294861,4.44409082420483,0,0.0,1000,direct,Chrysochloris_visagiei,0.0,1,105
903,Juliomys_ossitenuis,Rodentia,Cricetidae,Juliomys,NE,0.673424163368199,2.1524305283995,3.59413291662367,0.922774817263397,0.17769796903592,0.650777928327293,3.628636007628,0,0.0,1000,direct,Juliomys_ossitenuis,0.0,1,106
920,Lagidium_ahuacaense,Rodentia,Chinchillidae,Lagidium,DD,0.66553660240452,1.82877336390811,3.5923904484729,1.24252611236397,0.181621884245912,0.571335912880517,3.620049957391,0,0.0,1000,direct,Lagidium_ahuacaense,0.0,1,107
1072,Handleyomys_alfaroi,,,,DD,0.568823382503345,1.59187463032096,3.56473340734707,1.12596991617991,0.183918432151188,0.676694635373672,3.08567832033555,0,0.0,1000,unmatched,,,1,108
1084,Thyroptera_lavali,Chiroptera,Thyropteridae,Thyroptera,DD,0.560141635427262,1.52384750133272,3.5637163548368,1.8783080147052,0.175737774548199,0.584268211902269,3.02883349204918,0,0.0,1000,direct,Thyroptera_lavali,0.0,1,109
976,Peromyscus_furvus,Rodentia,Cricetidae,Peromyscus,DD,0.625467524487509,1.77683221931498,3.55132319550015,0.774371765693605,0.187043744980449,0.671751244953338,3.06018857015846,0,0.0,1000,direct,Peromyscus_furvus,0.0,1,110
938,Olallamys_edax,Rodentia,Echimyidae,Olallamys,DD,0.65168806344368,1.33693754288486,3.54887626892102,3.92202753578608,0.170528381961299,0.552992579136426,2.09963697731962,0,0.0,1000,direct,Olallamys_edax,0.0,1,111
1044,Euryoryzomys_emmonsae,Rodentia,Cricetidae,Euryoryzomys,DD,0.588569656126326,1.75560434556362,3.53535472999501,1.06684101154151,0.182049713057435,0.667846573019597,3.22606560807708,0,0.0,1000,direct,Euryoryzomys_emmonsae,0.0,1,112
838,Chaetocauda_sichuanensis,Rodentia,Gliridae,Chaetocauda,DD,0.718277503274999,1.75298437356597,3.52789829485796,5.07228058688817,0.168804327640178,0.573125398422442,5.05547376063964,0,0.0,1000,direct,Chaetocauda_sichuanensis,0.0,1,113
809,Selevinia_betpakdalaensis,Rodentia,Gliridae,Selevinia,DD,0.737765646640673,1.75955984408366,3.52420399384086,5.45566606520629,0.168804327640178,0.570345024810685,4.95990191686642,0,0.0,1000,direct,Selevinia_betpakdalaensis,0.0,1,114
1070,Gerbilliscus_gambiana,,,,DD,0.571171780259228,1.5217063550878,3.52014913209957,0.969272755759926,0.181203860843429,0.529960385199544,3.29868176948343,0,0.0,1000,unmatched,,,1,115
1096,Thomomys_nayarensis,,,,DD,0.552250395383313,1.57864689142375,3.51162917144631,1.11620777839848,0.179232617678806,0.574183882001512,3.28121968103721,0,0.0,1000,unmatched,,,1,116
941,Dactylomys_peruanus,Rodentia,Echimyidae,Dactylomys,DD,0.648696979775146,1.74303797143959,3.49778148780346,1.18545415947925,0.170747534575112,0.553049317282041,3.606150056739,0,0.0,1000,direct,Dactylomys_peruanus,0.0,1,117
995,Olallamys_albicauda,Rodentia,Echimyidae,Olallamys,DD,0.616446314727257,1.47556896545752,3.49639587896645,4.0082383035494,0.170528381961299,0.54981353280003,2.09963697731962,0,0.0,1000,direct,Olallamys_albicauda,0.0,1,118
1120,Crocidura_horsfieldii,Eulipotyphla,Soricidae,Crocidura,DD,0.537692511016387,1.34423169523128,3.46762542180432,3.17645013765539,0.166762954451852,0.527474430819069,3.06808579588185,0,0.0,1000,direct,Crocidura_horsfieldii,0.0,1,119
1100,Euneomys_mordax,Rodentia,Cricetidae,Euneomys,DD,0.551076553310538,1.42870709218795,3.46345441407787,2.89380649873009,0.185025533721345,0.667468128420777,2.44549660402541,0,0.0,1000,synonym:nominalName,Euneomys_fossor,0.0,1,120
1040,Mogera_kanoana,Eulipotyphla,Talpidae,Mogera,NE,0.590692012720155,1.50070629384875,3.45577837890025,1.54657226531172,0.165991491034188,0.547599327655144,3.08278379783262,0,0.0,1000,direct,Mogera_kanoana,0.0,1,121
1095,Euneomys_chinchilloides,Rodentia,Cricetidae,Euneomys,DD,0.553900707111018,1.49043065670861,3.43117351982849,2.89705272626458,0.184039333381812,0.667703408130267,2.41238521087228,0,0.0,1000,direct,Euneomys_chinchilloides,0.0,1,122
951,Archboldomys_maximus,Rodentia,Muridae,Archboldomys,DD,0.639946134950586,1.8511341884619,3.4103156298364,0.817587367810328,0.1847344135563,0.627085451736279,2.600008711108,0,0.0,1000,direct,Archboldomys_maximus,0.0,1,123
946,Wiedomys_cerradensis,Rodentia,Cricetidae,Wiedomys,DD,0.643340152132554,2.0260631462659,3.39529317784018,0.843619935304789,0.17769796903592,0.653295908229667,3.14240205168,0,0.0,1000,direct,Wiedomys_cerradensis,0.0,1,124
957,Psammomys_vexillaris,Rodentia,Muridae,Psammomys,DD,0.637196902956314,1.84363744177409,3.30582276409595,0.806926637270451,0.190092299286517,0.609467045696802,3.17398142435,0,0.0,1000,direct,Psammomys_vexillaris,0.0,1,125
1176,Lonchophylla_chocoana,Chiroptera,Phyllostomidae,Lonchophylla,DD,0.508397987394736,1.196609907367,3.29591503041016,2.77610639520407,0.168471820934825,0.583504940096398,2.66185559774547,0,0.0,1000,direct,Lonchophylla_chocoana,0.0,1,126
927,Paracoelops_megalotis,,,,DD,0.6609970818033,1.55670543078084,3.26576169442957,5.16583524953052,0.164473653464944,0.496800447591211,4.61295708247166,0,0.0,1000,unmatched,,,1,127
1083,Petaurista_caniceps,Rodentia,Sciuridae,Petaurista,NE,0.560493231335969,1.39106670942975,3.2654232366185,1.51056873071263,0.180639228092253,0.596899602455226,2.99811215174623,0,0.0,1000,direct,Petaurista_caniceps,0.0,1,128
1113,Chodsigoa_sodalis,Eulipotyphla,Soricidae,Chodsigoa,DD,0.538555636268554,1.27158745342897,3.26481614921842,3.59949989735122,0.167096574834081,0.500360168797345,2.99403577060256,0,0.0,1000,direct,Chodsigoa_sodalis,0.0,1,129
1151,Crocidura_tarfayensis,Eulipotyphla,Soricidae,Crocidura,DD,0.519619190390955,1.15826345776215,3.26033915145271,2.60267332791826,0.16799134920304,0.534845934386591,2.54904973011176,0,0.0,1000,synonym:MSW3,Crocidura_tarfayaensis,0.0,1,130
1081,Myotis_punicus,Chiroptera,Vespertilionidae,Myotis,DD,0.56241476779754,1.40085795923398,3.25475783267905,1.32186523067365,0.187352290787223,0.568636904367388,2.97984245242344,0,0.0,1000,direct,Myotis_punicus,0.0,1,131
1140,Mus_crociduroides,Rodentia,Muridae,Mus,DD,0.525314246826402,1.34357711220227,3.24581567761698,1.29131135426896,0.182804400337094,0.554585651854004,2.73307041623785,0,0.0,1000,direct,Mus_crociduroides,0.0,1,132
1067,Megaloceros_giganteus,,,,DD,0.573734194639752,1.54367848901796,3.2443374715816,0.925804198518641,0.171722280025171,0.482878581378569,3.301877607095,0,0.0,1000,unmatched,,,1,133
1012,Murina_walstoni,Chiroptera,Vespertilionidae,Murina,DD,0.604674889595339,1.55850468601726,3.24025036551219,1.37626676837135,0.193196560688065,0.623532915542871,3.03735613081207,0,0.0,1000,direct,Murina_walstoni,0.0,1,134
1061,Dermanura_aztecus,,,,DD,0.576543487822897,1.78953916988447,3.22717379248819,0.845805683243583,0.171968786413411,0.58286876954404,3.257611591536,0,0.0,1000,unmatched,,,1,135
1111,Tadarida_insignis,Chiroptera,Molossidae,Tadarida,DD,0.540437046238298,1.29950452280556,3.2120562737705,2.45830233395008,0.178541398339759,0.628245122567212,2.85931455901013,0,0.0,1000,direct,Tadarida_insignis,0.0,1,136
1077,Mesoplodon_hectori,Artiodactyla,Ziphiidae,Mesoplodon,DD,0.564864535630418,1.42078101363348,3.20982425561873,0.923132537301348,0.168202196853499,0.485863532634008,3.14493655577255,0,0.0,1000,direct,Mesoplodon_hectori,0.0,1,137
1107,Casinycteris_ophiodon,Chiroptera,Pteropodidae,Casinycteris,NE,0.545535176941071,1.55587115894365,3.20659558095137,0.93155637108252,0.165168265399699,0.476952325037436,3.225618656111,0,0.0,1000,direct,Casinycteris_ophiodon,0.0,1,138
1132,Micronycteris_yatesi,Chiroptera,Phyllostomidae,Micronycteris,DD,0.53270574932597,1.46670179844495,3.20333986445879,1.09125759005923,0.172383613722401,0.566334547612524,3.12058527706172,0,0.0,1000,direct,Micronycteris_yatesi,0.0,1,139
1025,Rousettus_linduensis,Chiroptera,Pteropodidae,Rousettus,DD,0.59702325454337,1.41801645330839,3.19218253285575,5.16476528929411,0.170095144505866,0.501470753536405,3.71182996610486,0,0.0,1000,direct,Rousettus_linduensis,0.0,1,140
1015,Camelus_dromedarius,Artiodactyla,Camelidae,Camelus,NE,0.601681694874639,1.50529277260983,3.16189579824939,1.54653200088791,0.168202196853499,0.485227482784611,2.3978560706581,0,0.0,1000,direct,Camelus_dromedarius,0.0,1,141
856,Calomyscus_tsolovi,Rodentia,Calomyscidae,Calomyscus,DD,0.708675518792286,2.04118469658079,3.15542115465545,6.09365698745857,0.180822331883572,0.630122570153013,5.62642552212173,0,0.0,1000,direct,Calomyscus_tsolovi,0.0,1,142
933,Scleronycteris_ega,Chiroptera,Phyllostomidae,Scleronycteris,DD,0.652821488757622,1.70744511913678,3.12948067494813,5.52700570022564,0.172383613722401,0.567959964668907,4.36705779522882,0,0.0,1000,direct,Scleronycteris_ega,0.0,1,143
965,Dryadonycteris_capixaba,Chiroptera,Phyllostomidae,Dryadonycteris,DD,0.631422247469519,1.53650535618202,3.1265704259949,5.26921672119967,0.172383613722401,0.567959964668907,4.05080797794005,0,0.0,1000,direct,Dryadonycteris_capixaba,0.0,1,144
922,Calomyscus_grandis,Rodentia,Calomyscidae,Calomyscus,DD,0.664025369721284,1.79715940139549,3.12111525137815,6.00871563945941,0.181350140272025,0.634967696760073,5.39663321976847,0,0.0,1000,direct,Calomyscus_grandis,0.0,1,145
1102,Cryptonanus_unduaviensis,Didelphimorphia,Didelphidae,Cryptonanus,DD,0.549887023556337,1.40912898337879,3.1007187576411,1.41161256009067,0.179352246942142,0.649428390481607,2.9529817777064,0,0.0,1000,direct,Cryptonanus_unduaviensis,0.0,1,146
943,Salpingotulus_michaelis,Rodentia,Dipodidae,Salpingotus,DD,0.646982730180181,1.6720280774946,3.0922902616331,4.59855783749214,0.181203860843429,0.550254803616756,4.30819757966635,0,0.0,1000,synonym:MSW3,Salpingotus_michaelis,0.0,1,147
1278,Oecomys_cleberi,Rodentia,Cricetidae,Oecomys,DD,0.469416140291062,1.35761975632231,3.06780180689206,0.936409108951519,0.17979707063857,0.668564034728031,2.69836650502903,0,0.0,1000,direct,Oecomys_cleberi,0.0,1,148
1159,Hsunycteris_pattoni,Chiroptera,Phyllostomidae,Hsunycteris,DD,0.515845329484171,1.64100054535528,3.01446470377495,0.979714061147618,0.168595465815175,0.583504940096398,2.852001588086,0,0.0,1000,direct,Hsunycteris_pattoni,0.0,1,149
1126,Sundasciurus_rabori,Rodentia,Sciuridae,Sundasciurus,DD,0.535003431298357,1.52457634736771,3.01382881431517,1.03375390138178,0.182301474906387,0.578083401065518,2.99608082089645,0,0.0,1000,direct,Sundasciurus_rabori,0.0,1,150
1139,Hsunycteris_cadenai,Chiroptera,Phyllostomidae,Hsunycteris,DD,0.526532372102321,1.60920405438838,3.01228552474597,0.98633142100817,0.168783660283255,0.583504940096398,2.852001588086,0,0.0,1000,direct,Hsunycteris_cadenai,0.0,1,151
832,Desmalopex_microleucopterus,,,,DD,0.723610313334258,1.64792002836786,3.01133797401598,5.64788658520309,0.17150344251411,0.501870178417846,1.0093271130246,0,0.0,1000,unmatched,,,1,152
1249,Tadarida_jobimena,,,,DD,0.479142194400545,1.21997435393656,2.99747083725035,2.05711373796465,0.181703501084761,0.614209134139734,2.70179226587367,0,0.0,1000,unmatched,,,1,153
867,Desmalopex_leucopterus,,,,DD,0.699220767830032,1.66141232783506,2.99610024492777,5.6772122563908,0.17150344251411,0.501870178417846,1.0093271130246,0,0.0,1000,unmatched,,,1,154
1305,Mus_callewaerti,Rodentia,Muridae,Mus,DD,0.459246349509783,1.13768037530231,2.97836226616365,1.54264468143384,0.184513414993001,0.58222539455927,2.56550753903927,0,0.0,1000,direct,Mus_callewaerti,0.0,1,155
1093,Marmosa_regina,Didelphimorphia,Didelphidae,Marmosa,NE,0.55420990918635,1.50250931706005,2.97126556378368,1.15225085523805,0.187763937442611,0.650416259378156,2.80978760066641,0,0.0,1000,synonym:nominalName,Marmosa_isthmica,0.0,1,156
1351,Crocidura_abscondita,Eulipotyphla,Soricidae,Crocidura,NE,0.440058673127888,1.03100118931453,2.96766905162541,2.05650850753119,0.165605638882113,0.501452097770048,2.46033819126249,0,0.0,1000,direct,Crocidura_abscondita,0.0,1,157
1182,Thomomys_atrovarius,,,,DD,0.506615227782318,1.36619062626922,2.93412420015223,1.06318087930059,0.177380171543981,0.57083472118099,2.56059168041919,0,0.0,1000,unmatched,,,1,158
1136,Caracal_aurata,,,,DD,0.52913835579098,1.34543553284162,2.9101719936393,0.817832982586014,0.170201363200541,0.520693500140532,2.902466253606,0,0.0,1000,unmatched,,,1,159
1238,Thomomys_sheldoni,,,,DD,0.485217386345957,1.29575248689918,2.90798405971159,1.13950959599491,0.177380171543981,0.57083472118099,2.50328678398372,0,0.0,1000,unmatched,,,1,160
1080,Glyphotes_simus,Rodentia,Sciuridae,Glyphotes,DD,0.562506939429266,1.36471797126932,2.90386414841475,4.10172458449629,0.179961640348652,0.572106070954525,3.6788908016518,0,0.0,1000,direct,Glyphotes_simus,0.0,1,161
1211,Mazama_nemorivaga,,,,DD,0.493935600111015,1.18077488084352,2.88025453694724,0.928322226089712,0.173431851346135,0.48227828340209,2.68979210677374,0,0.0,1000,unmatched,,,1,162
1206,Praomys_verschureni,Rodentia,Muridae,Congomys,DD,0.496179381021732,1.38772291019117,2.86371075384472,0.771604934541221,0.17731467635847,0.546858541133124,2.6241366391957,0,0.0,1000,synonym:MSW3,Congomys_verschureni,0.0,1,163
1055,Neonycteris_pusilla,Chiroptera,Phyllostomidae,Neonycteris,DD,0.58054962646717,1.54516630155529,2.85918309035385,4.90194288257319,0.172383613722401,0.567574661323753,3.88994481857716,0,0.0,1000,direct,Neonycteris_pusilla,0.0,1,164
953,Cheirogaleus_minusculus,Primates,Cheirogaleidae,Cheirogaleus,NE,0.638563232327346,1.49623701778932,2.84990790278527,4.36368579931398,0.176671916695783,0.553276999682585,1.81327781610695,0,0.0,1000,direct,Cheirogaleus_minusculus,0.0,1,165
1281,Vampyressa_pusilla,Chiroptera,Phyllostomidae,Vampyressa,DD,0.468666971488312,1.36196167845064,2.80469029618931,0.967239153226686,0.17465091641944,0.582496426462962,2.63114568403751,0,0.0,1000,direct,Vampyressa_pusilla,0.0,1,166
1131,Monodelphis_sanctaerosae,Didelphimorphia,Didelphidae,Monodelphis,NE,0.533524054159611,1.28238443173052,2.75484845461112,1.02972729346362,0.192165878292334,0.680508403494283,2.59895642688864,0,0.0,1000,direct,Monodelphis_sanctaerosae,0.0,1,167
1350,Mus_neavei,Rodentia,Muridae,Mus,DD,0.440067941479827,1.1641724847644,2.70071161739507,0.983467038621896,0.184513414993001,0.58202024014823,2.38486429596932,0,0.0,1000,direct,Mus_neavei,0.0,1,168
1196,Uropsilus_andersoni,Eulipotyphla,Talpidae,Uropsilus,DD,0.501018172816158,1.34190868783067,2.69336853511676,1.18669963159674,0.16630085480796,0.54500571539689,2.2241472539373,0,0.0,1000,direct,Uropsilus_andersoni,0.0,1,169
1153,Uropsilus_aequodonenia,Eulipotyphla,Talpidae,Uropsilus,NE,0.518187943351665,1.3648909496702,2.6883405666709,1.23815497312948,0.166576368583006,0.547024460863499,2.2241472539373,0,0.0,1000,direct,Uropsilus_aequodonenia,0.0,1,170
1339,Chodsigoa_caovansunga,Eulipotyphla,Soricidae,Chodsigoa,DD,0.442931621691246,0.994159231550463,2.68004584818166,2.28114857207067,0.166762954451852,0.500360168797345,2.41771476138133,0,0.0,1000,direct,Chodsigoa_caovansunga,0.0,1,171
1438,Crocidura_ninoyi,Eulipotyphla,Soricidae,Crocidura,DD,0.413123007512085,0.975976599484929,2.65666514473351,1.54656654763462,0.165757839263197,0.501549187196714,2.22800534574928,0,0.0,1000,direct,Crocidura_ninoyi,0.0,1,172
1267,Equus_caballus,Perissodactyla,Equidae,Equus,NE,0.471750037429208,1.18386759665148,2.64892524440306,1.48702956115249,0.169079260384171,0.49919799360868,0.73833005910379,0,0.0,1000,direct,Equus_caballus,0.0,1,173
1243,Chrotomys_sibuyanensis,Rodentia,Muridae,Chrotomys,DD,0.4821873880894,1.53954341554313,2.61809749440637,0.606260660434349,0.184513414993001,0.623774023064651,2.634581527806,0,0.0,1000,direct,Chrotomys_sibuyanensis,0.0,1,174
1117,Dendromus_ruppi,Rodentia,Nesomyidae,Dendromus,DD,0.538161902794933,1.44558026173404,2.61804594420763,3.9296904096961,0.180822331883572,0.653121884525024,3.32812558783604,0,0.0,1000,direct,Dendromus_ruppi,0.0,1,175
1323,Plecotus_christii,Chiroptera,Vespertilionidae,Plecotus,DD,0.453415523106569,1.15604564989332,2.60334114510023,1.46783641005678,0.177750996161262,0.628374097235829,2.13330145953062,0,0.0,1000,direct,Plecotus_christii,0.0,1,176
1209,Calcochloris_tytonis,Afrosoricida,Chrysochloridae,Huetia,DD,0.494578492044896,1.24770122103416,2.59998009939393,2.78544258484128,0.16799134920304,0.553612690973234,2.87886766193074,0,0.0,1000,synonym:MSW3,Huetia_tytonis,0.0,1,177
1145,Coleura_kibomalandy,Chiroptera,Emballonuridae,Coleura,DD,0.522884639307788,1.3891843952558,2.59840238957898,0.869716668904268,0.182814367944735,0.613161169580903,1.1132563043849,0,0.0,1000,direct,Coleura_kibomalandy,0.0,1,178
1310,Plecotus_balensis,Chiroptera,Vespertilionidae,Plecotus,DD,0.457568278439274,1.29733441998105,2.59764342645076,1.54112788961828,0.176938095184123,0.623569590516639,2.16510890679339,0,0.0,1000,direct,Plecotus_balensis,0.0,1,179
1103,Dendromus_vernayi,Rodentia,Nesomyidae,Dendromus,DD,0.549485427012049,1.46719150347799,2.59696859899539,3.92820231831643,0.180822331883572,0.653121884525024,3.30560520267564,0,0.0,1000,direct,Dendromus_vernayi,0.0,1,180
1135,Marmosops_fuscatus,Didelphimorphia,Didelphidae,Marmosops,DD,0.531559224102998,1.40847490709316,2.59471869645659,3.76556507017601,0.190074876861224,0.68271516977078,3.32539048643451,0,0.0,1000,direct,Marmosops_fuscatus,0.0,1,181
1208,Monodelphis_umbristriatus,,,,DD,0.495797119151266,1.39650209572623,2.58772186165924,1.04597781683257,0.19191815927489,0.684970358866744,2.3743687577906,0,0.0,1000,unmatched,,,1,182
1360,Equus_ovodovi,,,,DD,0.438349327984275,1.05610060294067,2.55186828359144,0.727589339790223,0.169737589821379,0.50267674922067,2.35360649170577,0,0.0,1000,unmatched,,,1,183
1427,Pipistrellus_savii,,,,DD,0.418412974749217,1.19401493349635,2.53432107152481,1.67865599655381,0.17772849736262,0.627244522589548,2.14782523045726,0,0.0,1000,unmatched,,,1,184
1148,Marmosops_creightoni,Didelphimorphia,Didelphidae,Marmosops,DD,0.52151820416648,1.38495029426106,2.51428867906855,3.85813566261681,0.190074876861224,0.675005256054472,3.17489828733656,0,0.0,1000,direct,Marmosops_creightoni,0.0,1,185
1220,Dologale_dybowskii,Carnivora,Herpestidae,Dologale,DD,0.492165866416168,1.13576659590425,2.50262282910768,2.36805068105519,0.175709862409522,0.541499047587789,2.77127157842293,0,0.0,1000,direct,Dologale_dybowskii,0.0,1,186
1402,Hylopetes_lepidus,Rodentia,Sciuridae,Hylopetes,DD,0.423536642892433,1.08583369325746,2.47139895890607,1.31271599107993,0.183744619005032,0.619343253190042,2.08068068918082,0,0.0,1000,synonym:MSW3,Hylopetes_sagitta,0.0,1,187
1416,Handleyomys_rostratus,,,,DD,0.420073374980369,1.28023060218304,2.46688974933067,1.1126302546943,0.183068879014153,0.664408525853279,1.96517677487247,0,0.0,1000,unmatched,,,1,188
1448,Melogale_cucphuongensis,Carnivora,Mustelidae,Melogale,DD,0.408631930702814,1.07247263438993,2.46051892857303,1.81287755822308,0.178347210591111,0.536235881425142,2.20993058026601,0,0.0,1000,direct,Melogale_cucphuongensis,0.0,1,189
1497,Pipistrellus_alaschanicus,,,,DD,0.394974668635011,1.11489312415311,2.45467356578098,1.89586874510928,0.178793730311879,0.634721396734602,2.06747237307538,0,0.0,1000,unmatched,,,1,190
1293,Lagidium_peruanum,Rodentia,Chinchillidae,Lagidium,NE,0.464062774791309,1.22228625791002,2.45421235348286,0.926228904207449,0.181621884245912,0.572511835179632,2.4760961981021,0,0.0,1000,direct,Lagidium_peruanum,0.0,1,191
1317,Eligmodontia_dunaris,Rodentia,Cricetidae,Eligmodontia,NE,0.454954605094459,1.44800326800187,2.44490540391939,0.559476370220351,0.177314754181087,0.644534117956335,2.476417867819,0,0.0,1000,direct,Eligmodontia_dunaris,0.0,1,192
1439,Cryptotis_alticola,Eulipotyphla,Soricidae,Cryptotis,DD,0.411218647732145,1.00521362611254,2.44289415860948,3.31954974281925,0.165605638882113,0.468688717500592,2.41597493969383,0,0.0,1000,direct,Cryptotis_alticola,0.0,1,193
1348,Handleyomys_melanotis,,,,DD,0.440560859655547,1.25956161826356,2.43777404757522,1.03672383391929,0.183918432151188,0.676694635373672,2.01746090388506,0,0.0,1000,unmatched,,,1,194
1291,Soricomys_leonardcoi,,,,DD,0.464237051607053,1.40744514861557,2.42683409222703,0.535596178183619,0.1847344135563,0.623583843915812,2.47803903362,0,0.0,1000,unmatched,,,1,195
1375,Galagoides_cocos,,,,DD,0.432780044141157,1.06778983373958,2.41997544759764,1.41480230455977,0.176139257685053,0.538519804389662,2.07693429571031,0,0.0,1000,unmatched,,,1,196
1423,Trinomys_mirapitanga,Rodentia,Echimyidae,Trinomys,DD,0.419466380873176,1.21087081460437,2.40916240746364,3.97672669959774,0.170528381961299,0.555921975557751,2.71088027650319,0,0.0,1000,direct,Trinomys_mirapitanga,0.0,1,197
1434,Myotis_schaubi,Chiroptera,Vespertilionidae,Myotis,DD,0.416252227671941,1.12710715334859,2.39077687573247,1.16346390489231,0.190099351652933,0.581739634722216,2.2503270659711,0,0.0,1000,direct,Myotis_schaubi,0.0,1,198
1457,Trinomys_paratus,Rodentia,Echimyidae,Trinomys,DD,0.4047189266256,1.12486947288676,2.38198654981791,0.873720498430695,0.168804327640178,0.546816614525524,1.6394143951604,0,0.0,1000,direct,Trinomys_paratus,0.0,1,199
1352,Murina_jaintiana,Chiroptera,Vespertilionidae,Murina,DD,0.439975963888863,1.1599528335954,2.37315510910666,1.07905436007976,0.192788309468692,0.623943017985866,2.26521115719574,0,0.0,1000,direct,Murina_jaintiana,0.0,1,200
1333,Murina_aurata,Chiroptera,Vespertilionidae,Murina,DD,0.446111965728201,1.20532494653453,2.36729579528997,0.962984092922542,0.192788309468692,0.637398846644018,2.25636576223332,0,0.0,1000,direct,Murina_aurata,0.0,1,201
1374,Pseudalopex_sechurae,,,,DD,0.43286897465106,1.21556428521884,2.36096610473624,0.704917393508145,0.175015019727817,0.536829813839565,2.39650064828,0,0.0,1000,unmatched,,,1,202
1362,Mimon_koepckeae,Chiroptera,Phyllostomidae,Gardnerycteris,DD,0.43821417116372,1.20541074284869,2.355820913353,3.51183425829751,0.171009862162587,0.566719850957678,2.96078903712747,0,0.0,1000,synonym:MSW3,Gardnerycteris_koepckeae,0.0,1,203
1397,Halmaheramys_bokimekot,Rodentia,Muridae,Halmaheramys,DD,0.425864947883619,0.949326674468614,2.35436041837858,3.16426626547635,0.186792079296111,0.637772154400839,2.09434081476169,0,0.0,1000,direct,Halmaheramys_bokimekot,0.0,1,204
1361,Monodelphis_handleyi,Didelphimorphia,Didelphidae,Monodelphis,DD,0.438343566504733,1.31076912458082,2.34077033950915,0.884567355999254,0.190557514208792,0.674650041478908,2.26895728007049,0,0.0,1000,direct,Monodelphis_handleyi,0.0,1,205
1245,Aethomys_namaquensis,,,,DD,0.481010914903786,1.30811433803884,2.33978321950894,6.18693442367823,0.184347989215724,0.596050683041422,3.23160526359283,0,0.0,1000,unmatched,,,1,206
1284,Camelus_bactrianus,Artiodactyla,Camelidae,Camelus,NE,0.467746909510065,1.15107585665463,2.33968471546381,1.53519306237339,0.168560701239223,0.491920054230082,0.7559246259778,0,0.0,1000,direct,Camelus_bactrianus,0.0,1,207
1227,Marmosops_cracens,Didelphimorphia,Didelphidae,Marmosops,DD,0.488727328352406,1.39852784897995,2.33525773032227,3.61822539287916,0.190074876861224,0.678718781340556,3.05959700417794,0,0.0,1000,synonym:nominalName,Marmosops_fuscatus,0.0,1,208
1219,Microdillus_peeli,Rodentia,Muridae,Microdillus,DD,0.493062717437798,1.27837749431807,2.32449555791652,4.69822014819542,0.18573905888994,0.579600038183301,3.1290193888265,0,0.0,1000,direct,Microdillus_peeli,0.0,1,209
1377,Sylvisorex_pluvialis,Eulipotyphla,Soricidae,Sylvisorex,DD,0.43253659935175,1.07717370444896,2.3086712034331,3.16665171248778,0.165991491034188,0.507053676709518,2.41023431216402,0,0.0,1000,direct,Sylvisorex_pluvialis,0.0,1,210
1450,Sminthopsis_griseoventer,,,,DD,0.407412045693095,1.14237527455593,2.30703340714605,1.30849091975342,0.169279560751684,0.578364053162686,2.1431441929185,0,0.0,1000,unmatched,,,1,211
1345,Monodelphis_arlindoi,Didelphimorphia,Didelphidae,Monodelphis,NE,0.441363896635827,1.2115669431725,2.30571259480422,0.954744498043544,0.192957351509259,0.682449629538784,2.29462166576523,0,0.0,1000,direct,Monodelphis_arlindoi,0.0,1,212
1398,Mesoplodon_carlhubbsi,Artiodactyla,Ziphiidae,Mesoplodon,DD,0.425571872729897,0.959697100185354,2.29722084597783,0.996679287699283,0.168202196853499,0.486088890254499,2.22697881575203,0,0.0,1000,direct,Mesoplodon_carlhubbsi,0.0,1,213
1355,Antechinus_argentus,Dasyuromorphia,Dasyuridae,Antechinus,NE,0.439312941789988,1.04011342124786,2.28833683672195,2.86082736880568,0.17236485768129,0.619561958756573,2.51883754289408,0,0.0,1000,direct,Antechinus_argentus,0.0,1,214
1256,Proechimys_hoplomyoides,Rodentia,Echimyidae,Proechimys,DD,0.477343867624659,1.12034850128059,2.27333894258119,4.70814514118167,0.174022630227271,0.569966868317704,2.8957535694887,0,0.0,1000,direct,Proechimys_hoplomyoides,0.0,1,215
1315,Heliosciurus_undulatus,Rodentia,Sciuridae,Heliosciurus,DD,0.456154816657848,1.08697284785016,2.25821739901372,4.21751169892937,0.183744619005032,0.574989477278725,3.04892648652883,0,0.0,1000,direct,Heliosciurus_undulatus,0.0,1,216
1400,Hydrochoerus_isthmius,Rodentia,Caviidae,Hydrochoerus,DD,0.423899712596102,1.14186965486753,2.25779515396997,2.89519694439048,0.177154133476431,0.571736068829472,2.60228229446554,0,0.0,1000,direct,Hydrochoerus_isthmius,0.0,1,217
1525,Neoromicia_roseveari,,,,DD,0.386402999077179,1.06687436904883,2.23970372752179,1.48936230506655,0.17672088535038,0.613919751161064,1.68877276369902,0,0.0,1000,unmatched,,,1,218
1543,Akodon_philipmyersi,Rodentia,Cricetidae,Akodon,DD,0.381719020357567,1.13808811192179,2.23761150767307,0.559719619955162,0.182049713057435,0.638285135227893,1.99184431793558,0,0.0,1000,direct,Akodon_philipmyersi,0.0,1,219
1602,Oecomys_paricola,Rodentia,Cricetidae,Oecomys,DD,0.363989332938922,1.06663591853741,2.22989120013794,0.996897534983248,0.182049713057435,0.667846573019597,2.0096878315699,0,0.0,1000,direct,Oecomys_paricola,0.0,1,220
1437,Sylvisorex_corbeti,Eulipotyphla,Soricidae,Sylvisorex,DD,0.414390698358893,0.985838315934236,2.20937827877716,3.28390485298981,0.164882393362033,0.544693518029082,2.47105427499921,0,0.0,1000,direct,Sylvisorex_corbeti,0.0,1,221
1532,Hylomyscus_pamfi,Rodentia,Muridae,Hylomyscus,DD,0.385591077070015,1.10353049959654,2.20783339386917,0.518632970245281,0.1847344135563,0.591880640023148,2.1294073210506,0,0.0,1000,direct,Hylomyscus_pamfi,0.0,1,222
1569,Akodon_lindberghi,Rodentia,Cricetidae,Akodon,DD,0.372815394976216,1.12557742860254,2.2066157963206,0.59638277365737,0.182049713057435,0.638285135227893,1.96479231232779,0,0.0,1000,direct,Akodon_lindberghi,0.0,1,223
1115,Leimacomys_buettneri,Rodentia,Muridae,Leimacomys,DD,0.538248460363734,1.27703153300792,2.19353359828045,3.72157337835276,0.191657551337719,0.609783209463393,3.11709516038603,0,0.0,1000,direct,Leimacomys_buettneri,0.0,1,224
1575,Oligoryzomys_moojeni,Rodentia,Cricetidae,Oligoryzomys,DD,0.372215671931296,1.14123367846456,2.19156185589114,0.549396676107661,0.17979707063857,0.666424727466656,2.03174336836222,0,0.0,1000,direct,Oligoryzomys_moojeni,0.0,1,225
1378,Echymipera_echinista,Peramelemorphia,Peramelidae,Echymipera,DD,0.432490667079755,1.10296182508473,2.17367047815021,2.78798890834024,0.17236485768129,0.624832792428443,2.38899102291671,0,0.0,1000,direct,Echymipera_echinista,0.0,1,226
1247,Monodelphis_unistriatus,,,,DD,0.480784693433242,1.23013709013962,2.16424916632438,2.96692785492286,0.19191815927489,0.685098879071134,2.85816542756028,0,0.0,1000,unmatched,,,1,227
1528,Otomops_wroughtoni,Chiroptera,Molossidae,Otomops,DD,0.386035507575537,0.943404642742257,2.16356522073597,2.44537826826976,0.180547109845956,0.635704842635232,1.83860841495996,0,0.0,1000,direct,Otomops_wroughtoni,0.0,1,228
1583,Micronycteris_giovanniae,Chiroptera,Phyllostomidae,Micronycteris,DD,0.369348036060558,1.04791073549934,2.15853422969463,0.695015416925768,0.172769960546025,0.563108156657264,2.14865853400653,0,0.0,1000,direct,Micronycteris_giovanniae,0.0,1,229
1395,Sylvisorex_silvanorum,Eulipotyphla,Soricidae,Sylvisorex,DD,0.426912846173416,1.08432207087495,2.15441396778377,3.14795151223469,0.164564993611017,0.535343879898972,2.45917123228944,0,0.0,1000,direct,Sylvisorex_silvanorum,0.0,1,230
1517,Dermanura_glaucus,,,,DD,0.389004524540677,1.20216892326843,2.15379594824215,0.603318399223023,0.171968786413411,0.571698565746269,2.192316857994,0,0.0,1000,unmatched,,,1,231
1508,Hypsugo_bemainty,,,,DD,0.39060697710067,0.995167837249353,2.15181880018493,1.57538306650416,0.175827105608337,0.609961658459064,1.66995339746302,0,0.0,1000,unmatched,,,1,232
1401,Anonymomys_mindorensis,Rodentia,Muridae,Anonymomys,DD,0.423746747240694,1.17434830062907,2.12792806266698,2.89107296080251,0.184355599107235,0.623200341525139,2.56946102742691,0,0.0,1000,direct,Anonymomys_mindorensis,0.0,1,233
1551,Chimarrogale_sumatrana,Eulipotyphla,Soricidae,Chimarrogale,DD,0.380026468697045,1.01484420932472,2.12654603958197,3.03571208960267,0.166762954451852,0.495784660632214,1.94675971169938,0,0.0,1000,direct,Chimarrogale_sumatrana,0.0,1,234
1512,Leontocebus_nigricollis,,,,DD,0.390045190191097,1.13136520559279,2.12635722901545,0.617505722109436,0.17020488043982,0.556320636725575,2.192054906562,0,0.0,1000,unmatched,,,1,235
1426,Neoromicia_brunnea,,,,DD,0.418630564179648,1.08770760177668,2.12528787340194,1.48217297883312,0.17772849736262,0.621914645910884,1.65334869059242,0,0.0,1000,unmatched,,,1,236
1510,Cuscomys_ashaninka,Rodentia,Abrocomidae,Cuscomys,DD,0.390224127728131,0.924836137496036,2.12438771851359,2.69960577204616,0.167936692693223,0.55826779488187,1.47284602997514,0,0.0,1000,direct,Cuscomys_ashaninka,0.0,1,237
1319,Glyphonycteris_behnii,Chiroptera,Phyllostomidae,Glyphonycteris,DD,0.45424047294701,1.03854805710987,2.1214613456086,3.08756625189626,0.180547109845956,0.596204031019047,2.60865103640126,0,0.0,1000,direct,Glyphonycteris_behnii,0.0,1,238
1444,Cuscomys_oblativa,Rodentia,Abrocomidae,Cuscomys,DD,0.410163562451048,0.929072637588435,2.11045134190191,2.60928904556571,0.167936692693223,0.556202214161894,1.47284602997514,0,0.0,1000,synonym:MSW3,Cuscomys_oblativus,0.0,1,239
1484,Antechinus_mysticus,Dasyuromorphia,Dasyuridae,Antechinus,NE,0.397611874090601,0.997364750128324,2.09030200805397,2.64235955817339,0.17236485768129,0.619437981417351,2.50083131299689,0,0.0,1000,direct,Antechinus_mysticus,0.0,1,240
1476,Blanfordimys_juldaschi,,,,DD,0.399532943226819,1.18720142252307,2.08713759591814,0.645011980860641,0.185785744229175,0.638838672438808,2.0581750705069,0,0.0,1000,unmatched,,,1,241
1598,Artibeus_inopinatus,Chiroptera,Phyllostomidae,Artibeus,DD,0.364419806876926,1.03438251473529,2.08688829707132,0.686898535878129,0.168783660283255,0.566390757403383,2.0622127008817,0,0.0,1000,direct,Artibeus_inopinatus,0.0,1,242
1605,Suncus_hosei,Eulipotyphla,Soricidae,Suncus,DD,0.363788976875706,1.09494347844482,2.07047220544144,2.88493051786081,0.16467278405325,0.539834014511265,2.16336558635377,0,0.0,1000,direct,Suncus_hosei,0.0,1,243
1453,Suncus_ater,Eulipotyphla,Soricidae,Palawanosorex,DD,0.406162133559052,0.913954366417112,2.06502619235263,3.05148949163956,0.166341651089203,0.501452097770048,2.30807317500125,0,0.0,1000,synonym:MSW3,Palawanosorex_ater,0.0,1,244
1464,Paraleptomys_wilhelmina,Rodentia,Muridae,Paraleptomys,DD,0.401928427829018,1.00687787756112,2.05669682034166,2.16653616965563,0.184513414993001,0.614772278000057,1.03803571802678,0,0.0,1000,direct,Paraleptomys_wilhelmina,0.0,1,245
1509,Procolobus_badius,,,,DD,0.390398929481064,0.949504076195013,2.05187993183926,3.32282521401748,0.176040603037455,0.58105212272301,1.91281862354685,0,0.0,1000,unmatched,,,1,246
1304,Steatomys_jacksoni,Rodentia,Nesomyidae,Steatomys,DD,0.459336314652412,1.16146230677991,2.04632451810029,3.77991805397926,0.182049713057435,0.656835544509204,3.30165442099913,0,0.0,1000,direct,Steatomys_jacksoni,0.0,1,247
1452,Euneomys_fossor,Rodentia,Cricetidae,Euneomys,DD,0.406572021759584,1.04512628770097,2.04470981710054,2.63231118399679,0.185025533721345,0.667468128420777,1.51109683132181,0,0.0,1000,direct,Euneomys_fossor,0.0,1,248
1563,Myoictis_leucura,Dasyuromorphia,Dasyuridae,Myoictis,DD,0.376360275793931,1.07201979197599,2.0392225618684,0.811905553628833,0.171161541835892,0.585472916638402,2.0321648042527,0,0.0,1000,direct,Myoictis_leucura,0.0,1,249
1756,Eptesicus_pachyomus,,,,DD,0.323258652047483,0.786888531655401,2.0241708961653,1.2682817194274,0.185399536869399,0.649119269542397,1.77694866547896,0,0.0,1000,unmatched,,,1,250
1536,Myomimus_personatus,Rodentia,Gliridae,Myomimus,DD,0.384823592436124,0.864722718261638,2.01827994399131,2.53351823778753,0.168804327640178,0.570345024810685,1.8261766586434,0,0.0,1000,direct,Myomimus_personatus,0.0,1,251
1487,Euneomys_petersoni,Rodentia,Cricetidae,Euneomys,DD,0.397162136819719,0.944085057895255,2.00553166970666,2.44197026244146,0.185025533721345,0.667531830983293,1.37419217267091,0,0.0,1000,synonym:nominalName,Euneomys_chinchilloides,0.0,1,252
1369,Galea_monasteriensis,Rodentia,Caviidae,Galea,DD,0.435315576597249,0.943877300006648,2.0042233920477,3.16859309112145,0.174022630227271,0.575985588599358,2.51067504907302,0,0.0,1000,synonym:nominalName,Galea_musteloides,0.0,1,253
1784,Fukomys_whytei,Rodentia,Bathyergidae,Fukomys,NE,0.315701833011861,0.766751750550705,1.99449395759323,2.00532697919345,0.180639228092253,0.586567512746125,1.80024726194365,0,0.0,1000,direct,Fukomys_whytei,0.0,1,254
1581,Thyroptera_wynneae,Chiroptera,Thyropteridae,Thyroptera,DD,0.369736486481101,1.06371715428499,1.990774989908,2.77866562860712,0.176894896240848,0.584268211902269,2.73784345619869,0,0.0,1000,direct,Thyroptera_wynneae,0.0,1,255
1446,Inia_boliviensis,Artiodactyla,Iniidae,Inia,NE,0.409555373329946,1.01139416340713,1.98042928564855,1.79115928644783,0.169737589821379,0.500467968441526,1.1636166987828,0,0.0,1000,direct,Inia_boliviensis,0.0,1,256
1584,Sylvisorex_oriundus,Eulipotyphla,Soricidae,Sylvisorex,DD,0.36920004234956,1.02994251296451,1.97747535000355,2.88812732921284,0.165605638882113,0.507053676709518,2.17692933282738,0,0.0,1000,direct,Sylvisorex_oriundus,0.0,1,257
1435,Thyroptera_devivoi,Chiroptera,Thyropteridae,Thyroptera,DD,0.415474007679814,1.11424095935938,1.97586471731413,2.8922309652792,0.176938095184123,0.584079676653373,2.99118926248958,0,0.0,1000,direct,Thyroptera_devivoi,0.0,1,258
1617,Eumops_wilsoni,Chiroptera,Molossidae,Eumops,DD,0.360130569344031,1.1241942866669,1.97467253157538,0.857797856742724,0.178541398339759,0.638133558950068,1.95403786866065,0,0.0,1000,direct,Eumops_wilsoni,0.0,1,259
1630,Otaria_bryonia,,,,DD,0.357217135333379,1.01442396680854,1.97040979496038,0.542090804627364,0.176835213194532,0.531557360315854,1.9910257920727,0,0.0,1000,unmatched,,,1,260
1502,Myosorex_schalleri,Eulipotyphla,Soricidae,Myosorex,DD,0.392740031434255,0.902356905804696,1.95517103241628,2.67418783287473,0.16521604822198,0.547909396757174,2.04932640651256,0,0.0,1000,direct,Myosorex_schalleri,0.0,1,261
1387,Ammodillus_imbellis,Rodentia,Muridae,Ammodillus,DD,0.428462570227926,1.00640766055913,1.94469580370006,3.60589326397848,0.18573905888994,0.566496906260122,2.68887445714673,0,0.0,1000,direct,Ammodillus_imbellis,0.0,1,262
1682,Aconaemys_porteri,Rodentia,Octodontidae,Aconaemys,DD,0.342872573191111,0.921593908459145,1.94419150849096,0.866457335189257,0.168391638613638,0.569343211910221,2.0091701534294,0,0.0,1000,direct,Aconaemys_porteri,0.0,1,263
1813,Meriones_chengi,Rodentia,Muridae,Meriones,NE,0.310255365385664,0.806495519863136,1.94416620553012,1.24049480832298,0.189386835157634,0.59400504652754,1.60421529049358,0,0.0,1000,synonym:nominalName,Meriones_psammophilus,0.0,1,264
1366,Inia_araguaiaensis,Artiodactyla,Iniidae,Inia,NE,0.436180668324896,1.02167138548994,1.94032549547162,1.80564831326064,0.169079260384171,0.500886505688936,1.1636166987828,0,0.0,1000,direct,Inia_araguaiaensis,0.0,1,265
1556,Tryphomys_adustus,Rodentia,Muridae,Tryphomys,DD,0.37844989117342,1.01486206139681,1.939962949242,2.76550112640339,0.181203860843429,0.613531877353358,2.31946263031638,0,0.0,1000,direct,Tryphomys_adustus,0.0,1,266
1648,Dendromus_kivu,Rodentia,Nesomyidae,Dendromus,NE,0.351623363882987,0.901700984964376,1.93822196884932,1.1043536618215,0.182049713057435,0.667245892594747,1.82161065020533,0,0.0,1000,synonym:nominalName,Dendromus_nyasae,0.0,1,267
1283,Hippidion_saldiasi,,,,DD,0.468264312765383,1.15528344338211,1.93575893097319,4.74233810201655,0.17041261974261,0.520498664674339,0.26743545588194,0,0.0,1000,unmatched,,,1,268
1287,Hippidion_principale,,,,DD,0.465574744090131,1.14866835448021,1.9290242924727,4.49270459393897,0.170201363200541,0.510579231575641,0.26743545588194,0,0.0,1000,unmatched,,,1,269
1688,Mormopterus_halli,,,,DD,0.341550823249679,0.84531194245311,1.92873288290217,1.37035888144848,0.182814367944735,0.628128300112339,1.6396728768338,0,0.0,1000,unmatched,,,1,270
1613,Abrocoma_vaccarum,Rodentia,Abrocomidae,Abrocoma,DD,0.361395124106221,0.935473327695911,1.92390066837673,3.30625837554579,0.168377190302714,0.557987556277727,2.30875026640507,0,0.0,1000,direct,Abrocoma_vaccarum,0.0,1,271
1665,Reithrodontomys_bakeri,Rodentia,Cricetidae,Reithrodontomys,NE,0.347970425691713,0.929195499359713,1.91843966197063,0.638284213911279,0.190405080920532,0.67828273302975,1.77385306579306,0,0.0,1000,synonym:nominalName,Reithrodontomys_wagneri,0.0,1,272
1591,Peromyscus_sagax,Rodentia,Cricetidae,Peromyscus,DD,0.367284905598179,1.01747205569054,1.91817161783015,1.05780364641092,0.188371595048236,0.676128840768637,0.24869279708202,0,0.0,1000,direct,Peromyscus_sagax,0.0,1,273
1759,Mormopterus_loriae,Chiroptera,Molossidae,Ozimops,DD,0.321391202117787,0.882928610209628,1.91746521342015,1.23901996428653,0.182279456381909,0.628245122567212,1.65000400231225,0,0.0,1000,synonym:MSW3,Ozimops_loriae,0.0,1,274
1658,Juscelinomys_huanchacae,Rodentia,Cricetidae,Juscelinomys,DD,0.348550346273312,0.850063528471612,1.91499131913962,1.6813029075431,0.185785744229175,0.666171186496977,0.944086724898632,0,0.0,1000,direct,Juscelinomys_huanchacae,0.0,1,275
1507,Surdisorex_polulus,Eulipotyphla,Soricidae,Surdisorex,DD,0.390684947435036,1.0982030065372,1.90702234216211,3.11582408452893,0.165389535956814,0.505626983521482,2.50896082464995,0,0.0,1000,direct,Surdisorex_polulus,0.0,1,276
1677,Juscelinomys_guaporensis,Rodentia,Cricetidae,Juscelinomys,DD,0.344267871376478,0.873289656656008,1.90689780692412,1.6300320809864,0.186454106274433,0.6661424307851,0.941638946881591,0,0.0,1000,synonym:nominalName,Juscelinomys_huanchacae,0.0,1,277
1481,Nycteris_parisii,Chiroptera,Nycteridae,Nycteris,DD,0.398587556428013,1.13180772327677,1.90669651992815,3.43124121782543,0.181703501084761,0.59866247315233,3.26326499168647,0,0.0,1000,direct,Nycteris_parisii,0.0,1,278
1399,Hadromys_yunnanensis,Rodentia,Muridae,Hadromys,DD,0.425276159996317,0.947220536162802,1.9054618586297,2.31398358295374,0.185440348058406,0.624465863082568,0.992202539375398,0,0.0,1000,direct,Hadromys_yunnanensis,0.0,1,279
1641,Philantomba_walteri,Artiodactyla,Bovidae,Philantomba,DD,0.354097502723846,0.891558525988572,1.90487534689136,0.853581691670208,0.174705122815102,0.546410747192671,1.9012390636421,0,0.0,1000,direct,Philantomba_walteri,0.0,1,280
1579,Crateromys_paulus,Rodentia,Muridae,Crateromys,DD,0.370175402806843,0.97262433070387,1.90443440442519,1.61276344769195,0.1847344135563,0.63231398071858,1.18523321523669,0,0.0,1000,direct,Crateromys_paulus,0.0,1,281
1486,Aeromys_tephromelas,Rodentia,Sciuridae,Aeromys,DD,0.397251283315766,0.923049436032218,1.90411429764205,2.50727092989766,0.180639228092253,0.60479712078324,2.12551432905026,0,0.0,1000,direct,Aeromys_tephromelas,0.0,1,282
1786,Hylaeamys_acritus,Rodentia,Cricetidae,Hylaeamys,DD,0.315355858537628,0.834045589519494,1.895260898067,0.800497186589996,0.178836655102767,0.660012747824462,1.66143511532685,0,0.0,1000,direct,Hylaeamys_acritus,0.0,1,283
1577,Chaetophractus_nationi,,,,DD,0.370828696122114,0.863719660258387,1.89318667834382,2.02711325329028,0.167474492415617,0.557624599455207,2.11963495589653,0,0.0,1000,unmatched,,,1,284
1697,Dermanura_rosenbergii,Chiroptera,Phyllostomidae,Dermanura,DD,0.338737671214339,0.975191752367771,1.89084680226427,0.610507543573663,0.171009862162587,0.58286876954404,1.8973731723645,0,0.0,1000,synonym:nominalName,Dermanura_rosenbergi,0.0,1,285
1529,Myomimus_setzeri,Rodentia,Gliridae,Myomimus,DD,0.386005369719746,0.862175039160726,1.88541073241851,2.58433361913175,0.16897905278174,0.573040524180659,1.72964158362339,0,0.0,1000,direct,Myomimus_setzeri,0.0,1,286
1644,Ctenodactylus_vali,Rodentia,Ctenodactylidae,Ctenodactylus,DD,0.353422487799881,0.944117814377925,1.87910829826007,0.966767209549968,0.180639228092253,0.586321519904412,1.6987286778343,0,0.0,1000,direct,Ctenodactylus_vali,0.0,1,287
1774,Crocidura_wuchihensis,Eulipotyphla,Soricidae,Crocidura,DD,0.318351749758082,0.728915326405254,1.87377383737013,1.03657993455368,0.165389535956814,0.521992370952717,1.668629669574,0,0.0,1000,direct,Crocidura_wuchihensis,0.0,1,288
1406,Diomys_crumpi,Rodentia,Muridae,Diomys,DD,0.422881142253065,0.901760335803172,1.87237210289028,2.64781036808214,0.1847344135563,0.627085451736279,2.28514757565946,0,0.0,1000,direct,Diomys_crumpi,0.0,1,289
1755,Petaurista_albiventer,Rodentia,Sciuridae,Petaurista,NE,0.323380954468245,0.925173600967583,1.86885544617979,0.846362180111132,0.179465345243834,0.596899602455226,1.68347100524632,0,0.0,1000,direct,Petaurista_albiventer,0.0,1,290
1599,Surdisorex_schlitteri,Eulipotyphla,Soricidae,Surdisorex,DD,0.364325275726828,0.974249604256026,1.86879333327596,3.00102959541881,0.16521604822198,0.505626983521482,2.42668022221794,0,0.0,1000,direct,Surdisorex_schlitteri,0.0,1,291
1800,Casinycteris_campomaanensis,Chiroptera,Pteropodidae,Casinycteris,DD,0.312698728511217,0.862946064710934,1.8521227112793,0.695978604967724,0.164611655022202,0.469893631405474,1.7789537442537,0,0.0,1000,direct,Casinycteris_campomaanensis,0.0,1,292
1810,Phyllomys_lamarum,Rodentia,Echimyidae,Phyllomys,DD,0.310967042002852,0.863645867749618,1.85052328108917,0.855819680263698,0.169534794301079,0.553469033043658,1.65430080815171,0,0.0,1000,direct,Phyllomys_lamarum,0.0,1,293
1637,Pithecheirops_otion,Rodentia,Muridae,Pithecheirops,DD,0.355924413319417,0.922475205654553,1.84940853774678,2.66904740421632,0.184347989215724,0.583146907839951,2.23420156245416,0,0.0,1000,direct,Pithecheirops_otion,0.0,1,294
1636,Nycteris_major,Chiroptera,Nycteridae,Nycteris,DD,0.356383350433927,1.01804261243803,1.82171659030925,3.19693625210286,0.180547109845956,0.605276209783691,3.07014327788749,0,0.0,1000,direct,Nycteris_major,0.0,1,295
1628,Diplomys_caniceps,Rodentia,Echimyidae,Diplomys,DD,0.35818925754111,0.791381900915291,1.81800128277616,2.14778272283175,0.170344008566499,0.549870270945645,1.79783472913388,0,0.0,1000,direct,Diplomys_caniceps,0.0,1,296
1607,Mammuthus_columbi,,,,DD,0.363385326375995,0.887207367076478,1.81477469871217,1.68645388215786,0.164276558945935,0.544559090594294,1.1207715215652,0,0.0,1000,unmatched,,,1,297
1772,Styloctenium_mindorensis,,,,DD,0.318561711876939,0.812433901659479,1.81466368981801,0.654665963168926,0.171968786413411,0.504454376749615,0.35486631422859,0,0.0,1000,unmatched,,,1,298
1477,Abditomys_latidens,Rodentia,Muridae,Abditomys,DD,0.399527427604606,0.91778189518065,1.80839551373493,2.84354928758464,0.184476500337859,0.582699011373337,2.34842134876623,0,0.0,1000,direct,Abditomys_latidens,0.0,1,299
1597,Myosorex_kabogoensis,Eulipotyphla,Soricidae,Myosorex,DD,0.364643385710553,0.894896864908178,1.80540276473429,2.50310605269205,0.165146279109614,0.544021256681599,1.89318120362634,0,0.0,1000,direct,Myosorex_kabogoensis,0.0,1,300
1589,Mammuthus_primigenius,,,,DD,0.367840897249964,0.841342390222228,1.7889438060879,1.54604866050843,0.164564993611017,0.54651502720649,1.1207715215652,0,0.0,1000,unmatched,,,1,301
1618,Mesoplodon_ginkgodens,Artiodactyla,Ziphiidae,Mesoplodon,DD,0.360097575884834,0.940431913785756,1.78509069141086,2.47612155100838,0.168690885744765,0.497765480549961,1.87245867640041,0,0.0,1000,direct,Mesoplodon_ginkgodens,0.0,1,302
1715,Echimys_vieirai,Rodentia,Echimyidae,Echimys,DD,0.333481920529914,0.841075950341775,1.7849311844267,2.5000384217507,0.174022630227271,0.55826779488187,2.03061871804374,0,0.0,1000,direct,Echimys_vieirai,0.0,1,303
1722,Eliurus_ellermani,Rodentia,Nesomyidae,Eliurus,DD,0.330625475643898,0.964689225200727,1.77386958913364,0.896414492992231,0.184055079353686,0.649346693377465,1.6366820945218,0,0.0,1000,direct,Eliurus_ellermani,0.0,1,304
1811,Oligoryzomys_rupestris,Rodentia,Cricetidae,Oligoryzomys,DD,0.310892228216679,0.892076183462237,1.7730132507792,0.506406164835822,0.182049713057435,0.67690231158137,1.65194931520102,0,0.0,1000,direct,Oligoryzomys_rupestris,0.0,1,305
1521,Cricetulus_tibetanus,,,,DD,0.387331884568932,0.918933220783971,1.77267011192196,3.27963365959966,0.185785744229175,0.672267488358064,2.01223824749576,0,0.0,1000,unmatched,,,1,306
1911,Ctenomys_andersoni,Rodentia,Ctenomyidae,Ctenomys,NE,0.293281996567773,0.737597085621038,1.76463283578277,1.06332475173661,0.169534794301079,0.558431281450491,1.47104648450297,0,0.0,1000,direct,Ctenomys_andersoni,0.0,1,307
1928,Thrichomys_fosteri,Rodentia,Echimyidae,Thrichomys,NE,0.290485590618759,0.831513952994777,1.7640397412102,0.664694848137272,0.169534794301079,0.54981353280003,1.76700294537779,0,0.0,1000,direct,Thrichomys_fosteri,0.0,1,308
1606,Salpingotus_heptneri,Rodentia,Dipodidae,Salpingotus,DD,0.363728705481338,0.891409386298887,1.76090160561705,2.65630952458931,0.181883451503904,0.553327239506033,2.29887138698827,0,0.0,1000,direct,Salpingotus_heptneri,0.0,1,309
1669,Dryomys_laniger,Rodentia,Gliridae,Dryomys,DD,0.347507803249916,0.840377125932625,1.75656051042554,2.48381473064358,0.17020488043982,0.573040524180659,2.25526600715148,0,0.0,1000,direct,Dryomys_laniger,0.0,1,310
1713,Equus_neogeus,,,,DD,0.333697534034651,0.756312383148987,1.74761465555813,1.95424369739592,0.169079260384171,0.503805090965036,1.60140142461186,0,0.0,1000,unmatched,,,1,311
1796,Galagoides_zanzibaricus,,,,DD,0.313164416561255,0.80322262129242,1.74057153709627,1.1410233789162,0.176671916695783,0.538519804389662,1.35415322755751,0,0.0,1000,unmatched,,,1,312
1629,Taphozous_achates,Chiroptera,Emballonuridae,Taphozous,DD,0.358153292263055,0.944920609320298,1.73996712080439,2.66310963113719,0.180547109845956,0.625530886380676,2.46625775547512,0,0.0,1000,direct,Taphozous_achates,0.0,1,313
1622,Desmodus_draculae,,,,DD,0.35913949862118,0.898660845360779,1.73927861338058,2.56288302880266,0.172383613722401,0.567959964668907,2.22105213728035,0,0.0,1000,unmatched,,,1,314
1841,Vicugna_pacos,,,,DD,0.306037487041436,0.746011612464925,1.73647855410678,0.578052686580775,0.168560701239223,0.484257454606906,1.7231687769225,0,0.0,1000,unmatched,,,1,315
2010,Ctenomys_tucumanus,Rodentia,Ctenomyidae,Ctenomys,DD,0.276561683064223,0.701159457301554,1.73365696606333,1.07098134670995,0.168804327640178,0.569906129673086,1.53556359216205,0,0.0,1000,direct,Ctenomys_tucumanus,0.0,1,316
2057,Ctenomys_erikacuellarae,Rodentia,Ctenomyidae,Ctenomys,NE,0.270874808688036,0.798281943780314,1.73231887905536,1.03729894134626,0.170344008566499,0.561772231425026,1.46346626391529,0,0.0,1000,direct,Ctenomys_erikacuellarae,0.0,1,317
1576,Abrocoma_budini,Rodentia,Abrocomidae,Abrocoma,DD,0.371041588201199,0.989651474583804,1.72667663209084,3.15009573502639,0.168377190302714,0.556202214161894,2.29500518040333,0,0.0,1000,direct,Abrocoma_budini,0.0,1,318
1789,Galagoides_granti,,,,DD,0.314547307240805,0.756938578926884,1.72523235033384,1.15973118041275,0.176671916695783,0.54679890182389,1.34573906667505,0,0.0,1000,unmatched,,,1,319
1603,Akodon_pervalens,Rodentia,Cricetidae,Akodon,DD,0.363973365952559,0.852434429336205,1.72320817031077,2.81418324387169,0.182049713057435,0.638285135227893,2.02034026953127,0,0.0,1000,direct,Akodon_pervalens,0.0,1,320
1738,Peropteryx_trinitatis,Chiroptera,Emballonuridae,Peropteryx,DD,0.326394206322812,0.977272336327762,1.72149590408888,0.671928860435543,0.182279456381909,0.613980448780612,1.65778026270898,0,0.0,1000,direct,Peropteryx_trinitatis,0.0,1,321
1673,Hylopetes_winstoni,Rodentia,Sciuridae,Hylopetes,DD,0.34697040556038,0.839097404121673,1.72097194563695,2.08016078673345,0.18548751961592,0.620415974330073,1.84217502490648,0,0.0,1000,direct,Hylopetes_winstoni,0.0,1,322
1643,Taphozous_hamiltoni,Chiroptera,Emballonuridae,Taphozous,DD,0.353491497719005,1.00508013734968,1.71205421721265,2.49721309114927,0.180547109845956,0.614209134139734,2.5106163828681,0,0.0,1000,direct,Taphozous_hamiltoni,0.0,1,323
1703,Echimys_saturnus,Rodentia,Echimyidae,Echimys,DD,0.33674260099287,0.775024861910674,1.70998169491488,2.55380776955066,0.174022630227271,0.558211056736256,2.0449185684906,0,0.0,1000,direct,Echimys_saturnus,0.0,1,324
1717,Equus_capensis,,,,DD,0.333023690068777,0.828094057100453,1.70836758864846,2.14452582545766,0.169079260384171,0.503610255498843,1.6403145500024,0,0.0,1000,unmatched,,,1,325
1742,Delomys_altimontanus,Rodentia,Cricetidae,Delomys,NE,0.325993026873118,0.981305519354105,1.70663428058478,0.507539883368858,0.180822331883572,0.636868500274899,1.7359301133758,0,0.0,1000,direct,Delomys_altimontanus,0.0,1,326
1820,Geomys_streckeri,Rodentia,Geomyidae,Geomys,NE,0.30949257044912,0.903859438642082,1.69945781568901,0.592539061137528,0.177380171543981,0.569600202149003,1.720500059511,0,0.0,1000,direct,Geomys_streckeri,0.0,1,327
1768,Chodsigoa_parva,Eulipotyphla,Soricidae,Chodsigoa,DD,0.319501434889001,0.761406002269101,1.69387084858202,2.33450014092608,0.167096574834081,0.502337670891555,1.84836467623187,0,0.0,1000,direct,Chodsigoa_parva,0.0,1,328
1777,Pipistrellus_joffrei,,,,DD,0.317870532179999,0.856096475873425,1.67721625394418,2.24273267651502,0.183407470861438,0.636661230423367,1.93370591268565,0,0.0,1000,unmatched,,,1,329
1693,Salpingotus_pallidus,Rodentia,Dipodidae,Salpingotus,DD,0.340042275952969,0.813871754617763,1.67533746692623,2.58165665457538,0.181883451503904,0.553149848447798,2.23496838415647,0,0.0,1000,direct,Salpingotus_pallidus,0.0,1,330
1922,Micronycteris_matses,Chiroptera,Phyllostomidae,Micronycteris,DD,0.291283640314888,0.756945003586426,1.67390969999475,0.556932214218758,0.172769960546025,0.566334547612524,1.67001574620573,0,0.0,1000,direct,Micronycteris_matses,0.0,1,331
1853,Eligmodontia_hirtipes,Rodentia,Cricetidae,Eligmodontia,NE,0.303374463810063,0.977828235471325,1.67358475009425,0.497813100388922,0.17769796903592,0.650841630889809,1.6888149962622,0,0.0,1000,direct,Eligmodontia_hirtipes,0.0,1,332
1771,Hylopetes_platyurus,Rodentia,Sciuridae,Hylopetes,DD,0.318693899444782,0.833101652150715,1.67270892626238,2.19860325077025,0.18548751961592,0.620415974330073,1.89680000352279,0,0.0,1000,direct,Hylopetes_platyurus,0.0,1,333
2171,Miniopterus_griveaudi,Chiroptera,Miniopteridae,Miniopterus,DD,0.256628548971213,0.735529569486068,1.67070365348824,1.0774256518415,0.181703501084761,0.635459045511742,1.47269612215756,0,0.0,1000,direct,Miniopterus_griveaudi,0.0,1,334
1970,Ctenomys_lessai,Rodentia,Ctenomyidae,Ctenomys,NE,0.283025524065257,0.687100566731308,1.66910635234556,0.928350612237928,0.169534794301079,0.55826779488187,1.48726877419537,0,0.0,1000,direct,Ctenomys_lessai,0.0,1,335
1819,Naemorhedus_griseus,Artiodactyla,Bovidae,Naemorhedus,NE,0.309622304144175,0.767909350274102,1.66835702673626,0.646154189103179,0.174250467837342,0.548843614121569,1.6582457060295,0,0.0,1000,direct,Naemorhedus_griseus,0.0,1,336
1881,Tarsius_lariang,Primates,Tarsiidae,Tarsius,DD,0.298685189507948,0.74397188811424,1.65379215099511,0.635531708669788,0.178735888288564,0.553914893752333,1.0176988166529,0,0.0,1000,direct,Tarsius_lariang,0.0,1,337
1876,Homotherium_serum,,,,DD,0.299365753088039,0.757230733179703,1.65131501464983,1.93156865890193,0.175015019727817,0.53863554313891,1.98710634916319,0,0.0,1000,unmatched,,,1,338
1812,Handleyomys_guerrerensis,,,,DD,0.310729753848668,0.816118879379279,1.64762047862135,0.670246061332253,0.182049713057435,0.664632360375589,1.41546274294315,0,0.0,1000,unmatched,,,1,339
1719,Hylopetes_bartelsi,Rodentia,Sciuridae,Hylopetes,DD,0.331712600281775,0.776033435543636,1.63857286230668,2.11629226298976,0.183744619005032,0.615002051260435,1.74448886888006,0,0.0,1000,direct,Hylopetes_bartelsi,0.0,0,340
1851,Vampyressa_elisabethae,Chiroptera,Phyllostomidae,Vampyressa,NE,0.303689328192012,0.755479002293887,1.63616283514155,2.05709484983734,0.171968786413411,0.578541830119849,1.83231709141202,0,0.0,1000,direct,Vampyressa_elisabethae,0.0,0,341
1743,Paracrocidura_graueri,Eulipotyphla,Soricidae,Paracrocidura,DD,0.325962766109182,0.745486703472648,1.63601753247917,2.06075492407609,0.165991491034188,0.528347766448222,2.19615198282772,0,0.0,1000,direct,Paracrocidura_graueri,0.0,0,342
1690,Coelops_hirsutus,Chiroptera,Hipposideridae,Coelops,NE,0.340649443691861,0.818686484848333,1.63094885413957,1.52675065018851,0.164581443907176,0.45045904815345,1.75722438981454,0,0.0,1000,direct,Coelops_hirsutus,0.0,0,343
1915,Mormopterus_kitcheneri,,,,DD,0.292714447003889,0.754574164623432,1.62940805392989,0.890811034546558,0.183232404712714,0.625185378566681,1.57576226924984,0,0.0,1000,unmatched,,,0,344
1794,Smilodon_populator,,,,DD,0.313358511435962,0.744882097116947,1.62851330728915,1.8244601596016,0.176139257685053,0.550494242959304,1.87101409762958,0,0.0,1000,unmatched,,,0,345
2048,Crocidura_caspica,Eulipotyphla,Soricidae,Crocidura,DD,0.271649453867166,0.604264734619278,1.62800580384676,0.912985469436185,0.166341651089203,0.469600437137934,1.50683740054274,0,0.0,1000,direct,Crocidura_caspica,0.0,0,346
1831,Lagidium_wolffsohni,Rodentia,Chinchillidae,Lagidium,DD,0.30729497782931,0.825078937257461,1.62757512770913,0.735286184986845,0.181621884245912,0.572511835179632,1.5913765230104,0,0.0,1000,direct,Lagidium_wolffsohni,0.0,0,347
1727,Paraxerus_cooperi,Rodentia,Sciuridae,Paraxerus,DD,0.329672870068165,0.859380513747507,1.62446819914096,2.70324274724228,0.182554764337875,0.574783230916626,2.3254606411418,0,0.0,1000,direct,Paraxerus_cooperi,0.0,0,348
2046,Petaurista_hainana,,,,DD,0.27207885343669,0.742809053183179,1.61738246264771,0.792942547718019,0.179465345243834,0.605644639553402,1.51656585620293,0,0.0,1000,unmatched,,,0,349
1857,Akodon_sanctipaulensis,Rodentia,Cricetidae,Akodon,DD,0.302609096355945,0.871865378941723,1.61355060216971,2.59517011691757,0.181350140272025,0.668118055848752,1.80816887097183,0,0.0,1000,direct,Akodon_sanctipaulensis,0.0,0,350
2129,Abrothrix_andinus,Rodentia,Cricetidae,Abrothrix,NE,0.261373904747703,0.752354552645104,1.61295162004575,0.52162102272182,0.180822331883572,0.663856057549815,1.53144826561548,0,0.0,1000,synonym:MSW3,Abrothrix_andina,0.0,0,351
1888,Coendou_nycthemera,Rodentia,Erethizontidae,Coendou,DD,0.297697596847435,0.720775700871618,1.61187968433468,0.74068454623142,0.180639228092253,0.571556137594752,1.43190460273878,0,0.0,1000,direct,Coendou_nycthemera,0.0,0,352
1766,Asellia_arabica,Chiroptera,Hipposideridae,Asellia,DD,0.319605394839094,0.852522767984429,1.60911040549793,3.09428214133307,0.164515274651873,0.47058600109533,2.8385920569638,0,0.0,1000,direct,Asellia_arabica,0.0,0,353
1752,Lariscus_niobe,Rodentia,Sciuridae,Lariscus,DD,0.323988358812326,0.764237176511692,1.60612968466259,2.67415318309206,0.182554764337875,0.574409253664236,2.39706849893891,0,0.0,1000,direct,Lariscus_niobe,0.0,0,354
1939,Mazama_temama,Artiodactyla,Cervidae,Mazama,DD,0.288484698731854,0.687213973286095,1.60432534043213,0.617845441891635,0.171722280025171,0.478652572759356,1.5910639030265,0,0.0,1000,direct,Mazama_temama,0.0,0,355
1972,Anoura_fistulata,Chiroptera,Phyllostomidae,Anoura,DD,0.282916291153969,0.772444355434702,1.60270785340427,2.36702489224381,0.171009862162587,0.584268211902269,2.02829820920944,0,0.0,1000,direct,Anoura_fistulata,0.0,0,356
1740,Microhydromys_argenteus,Rodentia,Muridae,Microhydromys,DD,0.326266546188038,0.808858905080529,1.58926930193397,2.26335196216721,0.185440348058406,0.624310153678853,1.11389997361987,0,0.0,1000,direct,Microhydromys_argenteus,0.0,0,357
1761,Eptesicus_platyops,Chiroptera,Vespertilionidae,Cnephaeus,DD,0.3207808311229,0.818389719312587,1.58865632138055,2.49682232367173,0.175827105608337,0.572845973031936,1.9475807794871,0,0.0,1000,synonym:MSW3,Cnephaeus_platyops,0.0,0,358
1956,Oreamnos_harringtoni,,,,DD,0.285325380485096,0.744716605632028,1.5885646553838,1.94741104188244,0.174250467837342,0.547649376149222,1.72554529530038,0,0.0,1000,unmatched,,,0,359
2073,Sturnira_burtonlimi,Chiroptera,Phyllostomidae,Sturnira,DD,0.268941706701906,0.784257686454725,1.57696670329271,0.469009072248412,0.176938095184123,0.578223694847982,1.54448470820554,0,0.0,1000,direct,Sturnira_burtonlimi,0.0,0,360
1801,Chodsigoa_salenskii,Eulipotyphla,Soricidae,Chodsigoa,DD,0.312567743502644,0.723052130725882,1.57240724771246,2.16503631546791,0.166762954451852,0.502337670891555,1.83073445126001,0,0.0,1000,direct,Chodsigoa_salenskii,0.0,0,361
1716,Hesperoptenus_doriae,Chiroptera,Vespertilionidae,Hesperoptenus,DD,0.333159521276137,0.864257260820752,1.5714057126638,2.69686342499137,0.187352290787223,0.658467436595884,2.02400122421506,0,0.0,1000,direct,Hesperoptenus_doriae,0.0,0,362
1866,Sundasciurus_davensis,Rodentia,Sciuridae,Sundasciurus,DD,0.300485636466289,0.754095059472829,1.56979566057439,2.09536825176529,0.182301474906387,0.57844952544909,1.91604997697076,0,0.0,1000,direct,Sundasciurus_davensis,0.0,0,363
1780,Pipistrellus_macrotis,,,,DD,0.316902049918271,0.726683168341429,1.56834328227078,2.47591603084905,0.174070030175688,0.57866166533048,1.8418397488791,0,0.0,1000,unmatched,,,0,364
1791,Pipistrellus_inexspectatus,Chiroptera,Vespertilionidae,Pipistrellus,DD,0.314326124550627,0.784740486920367,1.56800533350663,2.29666840009918,0.17772849736262,0.609961658459064,1.93018002670596,0,0.0,1000,direct,Pipistrellus_inexspectatus,0.0,0,365
1750,Murina_guilleni,Chiroptera,Vespertilionidae,Murina,NE,0.324306460497733,0.816821684140844,1.56445126941949,2.18596387049779,0.193196560688065,0.631553896909882,1.56444765317035,0,0.0,1000,direct,Murina_guilleni,0.0,0,366
1704,Funisciurus_bayonii,Rodentia,Sciuridae,Funisciurus,DD,0.336186659277331,0.864554581736712,1.55737205457662,2.63144722483259,0.182554764337875,0.5733127454537,2.23920628044672,0,0.0,1000,direct,Funisciurus_bayonii,0.0,0,367
1962,Coendou_ichillus,Rodentia,Erethizontidae,Coendou,DD,0.284299835133279,0.766175249195681,1.55606002723206,0.6802033774978,0.181621884245912,0.571116988770872,1.5377860777779,0,0.0,1000,direct,Coendou_ichillus,0.0,0,368
1916,Chiromyscus_thomasi,Rodentia,Muridae,Chiromyscus,NE,0.292697915467794,0.818410519777974,1.55465123107992,0.54803061708732,0.1847344135563,0.633926186286414,1.4213714613044,0,0.0,1000,direct,Chiromyscus_thomasi,0.0,0,369
1969,Maxomys_hylomyoides,Rodentia,Muridae,Crunomys,DD,0.283094235146175,0.773951256795135,1.55423328072509,0.731261011117903,0.19257226440059,0.616993956713028,1.27170890559831,0,0.0,1000,synonym:MSW3,Crunomys_hylomyoides,0.0,0,370
1834,Tympanoctomys_kirchnerorum,Rodentia,Octodontidae,Tympanoctomys,DD,0.306810071868068,0.780521523149434,1.55415383620876,1.13066153017157,0.168804327640178,0.558211056736256,1.16013345201647,0,0.0,1000,direct,Tympanoctomys_kirchnerorum,0.0,0,371
1892,Molossops_neglectus,Chiroptera,Molossidae,Molossops,DD,0.296923228621561,0.803487055005634,1.55161969358063,0.845185857289988,0.180547109845956,0.638133558950068,1.36998074668756,0,0.0,1000,direct,Molossops_neglectus,0.0,0,372
1985,Maxomys_tajuddinii,,,,DD,0.280467735592744,0.724657599774536,1.55157749726202,0.787343655790742,0.19257226440059,0.621792340670544,1.21467551730362,0,0.0,1000,unmatched,,,0,373
2026,Dermanura_cinereus,,,,DD,0.274947744331453,0.803766938619706,1.54664465863483,0.456291688660084,0.172388211540444,0.571446057875822,1.5730352913424,0,0.0,1000,unmatched,,,0,374
1802,Microhydromys_richardsoni,Rodentia,Muridae,Microhydromys,DD,0.312343660088675,0.785598884228911,1.54495109808789,2.03038638781567,0.185440348058406,0.624019127487377,1.11389997361987,0,0.0,1000,direct,Microhydromys_richardsoni,0.0,0,375
1816,Makalata_obscura,,,,DD,0.309853608536402,0.750146169228549,1.54329081864985,2.06749264990479,0.168804327640178,0.553435684837215,2.05338931485245,0,0.0,1000,unmatched,,,0,376
2085,Myotis_phanluongi,Chiroptera,Vespertilionidae,Myotis,NE,0.267462333649107,0.75838949152228,1.54038517740286,0.640469699768866,0.187912423989923,0.566593736772068,1.48272238270733,0,0.0,1000,direct,Myotis_phanluongi,0.0,0,377
1953,Hipposideros_camerunensis,Chiroptera,Hipposideridae,Doryrhina,DD,0.285598985354141,0.633861215156379,1.53842201274941,1.97592115354004,0.164473653464944,0.441734153733361,1.82069997320482,0,0.0,1000,synonym:MSW3,Doryrhina_camerunensis,0.0,0,378
1904,Cryptotis_lacertosus,Eulipotyphla,Soricidae,Cryptotis,DD,0.294517966098752,0.678021534335108,1.53555710608504,2.02436063474518,0.165757839263197,0.484947410666731,1.8281872309863,0,0.0,1000,direct,Cryptotis_lacertosus,0.0,0,379
1747,Galagoides_rondoensis,,,,DD,0.325743075724211,0.747200308795122,1.5346023512742,2.1643875789355,0.176671916695783,0.54679890182389,1.77289550937542,0,0.0,1000,unmatched,,,0,380
1929,Mesoplodon_bowdoini,Artiodactyla,Ziphiidae,Mesoplodon,DD,0.290378146185467,0.757465268851125,1.53237323520539,2.34062486524538,0.17041261974261,0.481743437705722,1.55824842927809,0,0.0,1000,direct,Mesoplodon_bowdoini,0.0,0,381
1943,Anoura_canishina,,,,DD,0.287576556109421,0.724300159794223,1.52931837973718,2.26198856896346,0.171009862162587,0.572909472855602,1.96213729970175,0,0.0,1000,unmatched,,,0,382
1765,Heliosciurus_punctatus,Rodentia,Sciuridae,Heliosciurus,DD,0.319815226490395,0.684738650171945,1.52872239946464,2.57250557947754,0.183744619005032,0.574672392763489,2.10045541473492,0,0.0,1000,direct,Heliosciurus_punctatus,0.0,0,383
2186,Cryptotis_obscura,,,,DD,0.254183551072025,0.584186993781147,1.52818294546798,1.20551110158929,0.165757839263197,0.473668100171606,1.21360775465446,0,0.0,1000,unmatched,,,0,384
1748,Gerbillus_nancillus,Rodentia,Muridae,Gerbillus,DD,0.325450534719666,0.825106433693117,1.5263503686105,3.37456988330289,0.18573905888994,0.551883775917271,1.93659483819608,0,0.0,1000,direct,Gerbillus_nancillus,0.0,0,385
1856,Glauconycteris_humeralis,Chiroptera,Vespertilionidae,Glauconycteris,DD,0.302775268549983,0.811065465991223,1.51941125654365,2.40785244449369,0.172507494163167,0.606311337754156,1.95664913593315,0,0.0,1000,direct,Glauconycteris_humeralis,0.0,0,386
1903,Pipistrellus_raceyi,Chiroptera,Vespertilionidae,Pipistrellus,DD,0.2947345992279,0.805423098033042,1.51044819217567,2.38288940178372,0.185399536869399,0.65268448058394,1.8514329397984,0,0.0,1000,direct,Pipistrellus_raceyi,0.0,0,387
1855,Akodon_oenos,Rodentia,Cricetidae,Akodon,NE,0.302849716946504,0.786927524732836,1.50964779261578,2.73837429317927,0.178836655102767,0.645346927610388,1.91277529772374,0,0.0,1000,direct,Akodon_oenos,0.0,0,388
1994,Hipposideros_crumeniferus,Chiroptera,Hipposideridae,Hipposideros,DD,0.278982293596239,0.706360688733837,1.50794416268614,2.14156796955734,0.164611655022202,0.437077667502303,1.79823352832457,0,0.0,1000,direct,Hipposideros_crumeniferus,0.0,0,389
1804,Eptesicus_tatei,Chiroptera,Vespertilionidae,Cnephaeus,DD,0.312154098166051,0.834394452964784,1.50697987227575,2.23250590098381,0.183407470861438,0.639625141887594,1.8443736909877,0,0.0,1000,synonym:MSW3,Cnephaeus_tatei,0.0,0,390
2039,Tragulus_javanicus,Artiodactyla,Tragulidae,Tragulus,DD,0.273290207451334,0.633287529829873,1.5025848412102,0.898420661595884,0.173503458183883,0.484330834813613,1.3155198635937,0,0.0,1000,direct,Tragulus_javanicus,0.0,0,391
2072,Isothrix_orinoci,Rodentia,Echimyidae,Isothrix,DD,0.268974147578841,0.696387511376819,1.49778582182963,0.737781330915087,0.168804327640178,0.553212803850661,1.5359308776749,0,0.0,1000,direct,Isothrix_orinoci,0.0,0,392
1914,Eothenomys_proditor,Rodentia,Cricetidae,Anteliomys,DD,0.292729404837338,0.850663577647008,1.49554851894364,0.4475305664811,0.185785744229175,0.645543282208935,1.4567004126833,0,0.0,1000,synonym:MSW3,Anteliomys_proditor,0.0,0,393
1867,Pipistrellus_musciculus,,,,DD,0.300453202012345,0.783563531219733,1.49501679672898,2.32288571414976,0.175827105608337,0.572323035284257,1.95766850238421,0,0.0,1000,unmatched,,,0,394
2019,Talpa_davidiana,Eulipotyphla,Talpidae,Talpa,DD,0.275784920642787,0.688650097609612,1.49382656030927,1.94443327245333,0.16521604822198,0.552847058393466,1.88784747511993,0,0.0,1000,direct,Talpa_davidiana,0.0,0,395
1931,Funisciurus_substriatus,Rodentia,Sciuridae,Funisciurus,DD,0.289900549645399,0.799678444923355,1.4909995685567,2.60679911231329,0.182989376203208,0.573927951228654,2.21327776651867,0,0.0,1000,direct,Funisciurus_substriatus,0.0,0,396
1917,Glauconycteris_gleni,Chiroptera,Vespertilionidae,Glauconycteris,DD,0.292511771003584,0.763162904284293,1.49032240856355,2.14622972808809,0.175827105608337,0.62258614461601,1.77864187686483,0,0.0,1000,direct,Glauconycteris_gleni,0.0,0,397
1887,Murina_fusca,Chiroptera,Vespertilionidae,Murina,DD,0.2978267617767,0.780523317328082,1.48589845956166,2.05620815474478,0.193196560688065,0.637992779058441,1.50387513958263,0,0.0,1000,direct,Murina_fusca,0.0,0,398
1940,Funisciurus_duchaillui,Rodentia,Sciuridae,Funisciurus,DD,0.288474048457453,0.785073760392505,1.48000402921664,2.3142607640979,0.183433230574427,0.575219767925792,2.16382598746487,0,0.0,1000,direct,Funisciurus_duchaillui,0.0,0,399
2003,Hipposideros_inexpectatus,Chiroptera,Hipposideridae,Hipposideros,DD,0.277460754951709,0.67236977739221,1.47850726096739,2.06935466240346,0.164276558945935,0.436522963762065,1.76818156268147,0,0.0,1000,direct,Hipposideros_inexpectatus,0.0,0,400
1870,Eliurus_antsingy,Rodentia,Nesomyidae,Eliurus,DD,0.300032665916868,0.713306380639581,1.47799372511617,0.803273663105825,0.180822331883572,0.644019512497762,1.36711911182374,0,0.0,1000,direct,Eliurus_antsingy,0.0,0,401
2061,Nasuella_meridensis,,,,DD,0.270549741219762,0.686097394211206,1.46916197409209,0.626807662533962,0.177513548684819,0.524002769805354,1.3794726645751,0,0.0,1000,unmatched,,,0,402
1828,Akodon_aliquantulus,Rodentia,Cricetidae,Akodon,DD,0.308183280409193,0.79118398901284,1.46751363349636,2.50695374882564,0.185785744229175,0.662893289921699,1.79146266289552,0,0.0,1000,synonym:MSW3,Akodon_caenosus,0.0,0,403
1896,Galagoides_nyasae,,,,DD,0.296060782064841,0.674761715942567,1.46649128151187,2.03726576208957,0.176139257685053,0.547146726343616,1.71972235684094,0,0.0,1000,unmatched,,,0,404
2012,Cerradomys_akroai,Rodentia,Cricetidae,Cerradomys,NE,0.276507631419216,0.823270763065668,1.45791955637554,0.495904511234514,0.183068879014153,0.664408525853279,1.404228495611,0,0.0,1000,direct,Cerradomys_akroai,0.0,0,405
2113,Hipposideros_macrobullatus,Chiroptera,Hipposideridae,Hipposideros,DD,0.263699214672983,0.754441917250385,1.45775423470935,2.10215698434103,0.164276558945935,0.436522963762065,1.72789984452211,0,0.0,1000,direct,Hipposideros_macrobullatus,0.0,0,406
1949,Cryptotis_hondurensis,Eulipotyphla,Soricidae,Cryptotis,DD,0.286368864902643,0.763278881025278,1.45752106146741,1.9209018045882,0.165757839263197,0.484947410666731,1.70581509169864,0,0.0,1000,direct,Cryptotis_hondurensis,0.0,0,407
1989,Batomys_dentatus,Rodentia,Muridae,Batomys,DD,0.279886092874372,0.688273321175164,1.45621103333371,2.13010847574513,0.1847344135563,0.632479391950728,1.70476242638428,0,0.0,1000,direct,Batomys_dentatus,0.0,0,408
2032,Brucepattersonius_igniventris,Rodentia,Cricetidae,Brucepattersonius,DD,0.273818985289007,0.609426910942081,1.45520188483634,1.72656810030492,0.186442509462294,0.662601275612754,1.4538071513354,0,0.0,1000,synonym:nominalName,Brucepattersonius_soricinus,0.0,0,409
1798,Cricetulus_lama,,,,DD,0.312910173729695,0.840350461921242,1.45340753401434,2.46306591786167,0.184513414993001,0.669388298009501,1.95515807925483,0,0.0,1000,unmatched,,,0,410
1890,Glauconycteris_curryae,Chiroptera,Vespertilionidae,Glauconycteris,DD,0.297336508678594,0.767335351455508,1.44796061905325,2.35085331756054,0.18403234180357,0.640453103410495,1.85534522417337,0,0.0,1000,direct,Glauconycteris_curryae,0.0,0,411
2166,Hipposideros_nequam,Chiroptera,Hipposideridae,Hipposideros,DD,0.257305967012054,0.65572201260148,1.44732423246617,1.97884313476747,0.164473653464944,0.437793647627483,1.6605855080175,0,0.0,1000,direct,Hipposideros_nequam,0.0,0,412
1822,Pipistrellus_minahassae,Chiroptera,Vespertilionidae,Alionoctula,DD,0.309220664398111,0.738420437059967,1.44529278362979,2.52339931671375,0.18403234180357,0.649593936407477,1.87524437568801,0,0.0,1000,synonym:MSW3,Alionoctula_minahassae,0.0,0,413
1998,Procolobus_pennantii,,,,DD,0.278318637954365,0.716606584242679,1.44498049403614,1.97966620817078,0.176573262048185,0.58105212272301,1.34232382604212,0,0.0,1000,unmatched,,,0,414
1879,Philander_olrogi,Didelphimorphia,Didelphidae,Philander,NE,0.299040976487877,0.665452688852121,1.4448384119345,2.03549133599435,0.178162589748789,0.648895631964669,1.8059905315384,0,0.0,1000,synonym:nominalName,Philander_canus,0.0,0,415
1966,Cryptotis_mam,Eulipotyphla,Soricidae,Cryptotis,DD,0.2835319487576,0.704140494781656,1.44223889710012,2.07361669385622,0.165757839263197,0.484710465855674,1.76655679293716,0,0.0,1000,direct,Cryptotis_mam,0.0,0,416
1986,Cryptotis_lacandonensis,Eulipotyphla,Soricidae,Cryptotis,NE,0.280326745500869,0.599689551185045,1.440929233717,2.17049888959655,0.16521604822198,0.501740088883112,1.83431803597909,0,0.0,1000,direct,Cryptotis_lacandonensis,0.0,0,417
1958,Philander_mondolfii,Didelphimorphia,Didelphidae,Philander,NE,0.284991081929681,0.659941491877919,1.43699396576869,1.9638660478195,0.178162589748789,0.648210934385638,1.76986559025165,0,0.0,1000,synonym:nominalName,Philander_canus,0.0,0,418
2098,Procolobus_kirkii,,,,DD,0.265070460747084,0.678371115861917,1.43655598767519,1.94710211602096,0.177214341813134,0.580600776184715,1.33387753968015,0,0.0,1000,unmatched,,,0,419
1946,Cryptotis_venezuelensis,Eulipotyphla,Soricidae,Cryptotis,DD,0.287049753409379,0.633872424256295,1.43424717320948,2.04605120916758,0.165389535956814,0.485624808176784,1.69610098543245,0,0.0,1000,direct,Cryptotis_venezuelensis,0.0,0,420
2021,Pipistrellus_permixtus,Chiroptera,Vespertilionidae,Pipistrellus,DD,0.275555810692294,0.747682837354413,1.43054521734331,2.03975319719683,0.174070030175688,0.585355862647298,1.70861672805144,0,0.0,1000,direct,Pipistrellus_permixtus,0.0,0,421
2103,Pipistrellus_kitcheneri,,,,DD,0.264438337338115,0.748965875862157,1.43042548123911,2.12386776754255,0.180647392278266,0.622638074637335,1.72867293784317,0,0.0,1000,unmatched,,,0,422
1971,Neacomys_pictus,Rodentia,Cricetidae,Neacomys,DD,0.283019011709892,0.788173817288948,1.42858198855401,1.97981009927996,0.180298561878804,0.665125987561713,1.54128907371767,0,0.0,1000,direct,Neacomys_pictus,0.0,0,423
1844,Graphiurus_monardi,Rodentia,Gliridae,Graphiurus,DD,0.305223693606959,0.724627429437955,1.42769292248629,2.25396111766059,0.177631916742631,0.573798336440478,2.12229707785794,0,0.0,1000,direct,Graphiurus_monardi,0.0,0,424
1858,Pipistrellus_murrayi,,,,DD,0.30214693685181,0.828873996810338,1.4273436347151,2.26724138751102,0.17772849736262,0.6273906513352,1.86824772197069,0,0.0,1000,unmatched,,,0,425
2156,Cryptotis_orophila,Eulipotyphla,Soricidae,Cryptotis,DD,0.258535510657763,0.682598037064316,1.42615485771634,1.90315923740434,0.16521604822198,0.485667644855303,1.59829431912255,0,0.0,1000,synonym:MSW3,Cryptotis_orophilus,0.0,0,426
2100,Sturnira_perla,Chiroptera,Phyllostomidae,Sturnira,DD,0.26474647521787,0.747063075726347,1.42458544629559,0.487284266116642,0.17672088535038,0.569887043728842,1.40547746452143,0,0.0,1000,direct,Sturnira_perla,0.0,0,427
1919,Pipistrellus_imbricatus,,,,DD,0.292117587861577,0.769857029222335,1.42357343491469,2.27412187522995,0.172507494163167,0.61459124986619,1.85870631036979,0,0.0,1000,unmatched,,,0,428
2020,Glauconycteris_machadoi,Chiroptera,Vespertilionidae,Glauconycteris,DD,0.275556682656281,0.839209635229194,1.42134863133333,2.12595636908547,0.175827105608337,0.57866166533048,1.7866016708489,0,0.0,1000,direct,Glauconycteris_machadoi,0.0,0,429
2050,Hipposideros_breviceps,Chiroptera,Hipposideridae,Hipposideros,DD,0.271461722567566,0.65276488808275,1.41946071490394,2.26485803946061,0.164276558945935,0.437188108181973,1.75199717795728,0,0.0,1000,direct,Hipposideros_breviceps,0.0,0,430
2005,Pipistrellus_lophurus,,,,DD,0.276988251669194,0.765475934046723,1.41481979481213,2.35250035096698,0.170055854722854,0.585189705143303,1.78928114339266,0,0.0,1000,unmatched,,,0,431
1923,Galagoides_orinus,,,,DD,0.29119199493628,0.707459930817654,1.41475777754998,2.21041283545997,0.176139257685053,0.549841330744357,1.83389372056742,0,0.0,1000,unmatched,,,0,432
1908,Paraxerus_lucifer,Rodentia,Sciuridae,Paraxerus,DD,0.293767855421322,0.705744475675797,1.41320535020032,2.38306266787918,0.182554764337875,0.57445130345161,2.0464822277614,0,0.0,1000,direct,Paraxerus_lucifer,0.0,0,433
2025,Eptesicus_kobayashii,Chiroptera,Vespertilionidae,Cnephaeus,DD,0.275002006035467,0.718864879013242,1.41256881451611,2.02213695109275,0.174070030175688,0.57866166533048,1.74703488601316,0,0.0,1000,synonym:MSW3,Cnephaeus_kobayashii,0.0,0,434
1988,Cryptotis_peruviensis,Eulipotyphla,Soricidae,Cryptotis,DD,0.280105412258518,0.719691025613234,1.41078071115552,2.10204206824332,0.165605638882113,0.485624808176784,1.8589168438762,0,0.0,1000,direct,Cryptotis_peruviensis,0.0,0,435
1795,Handleyomys_rhabdops,,,,DD,0.313256310093643,0.731355135200782,1.40896040425522,1.79530018416575,0.183918432151188,0.667846573019597,1.38840519203496,0,0.0,1000,unmatched,,,0,436
2077,Crocidura_zimmeri,Eulipotyphla,Soricidae,Crocidura,DD,0.268051476651542,0.65881747260674,1.40705963574875,1.86267170199559,0.167474492415617,0.533410050315111,1.63166700816178,0,0.0,1000,direct,Crocidura_zimmeri,0.0,0,437
2279,Balaenoptera_omurai,Artiodactyla,Balaenopteridae,Balaenoptera,DD,0.243090335938164,0.604042358151189,1.40669499519447,0.471363923722717,0.17041261974261,0.481743437705722,1.35068432040075,0,0.0,1000,direct,Balaenoptera_omurai,0.0,0,438
1901,Pipistrellus_anthonyi,,,,DD,0.294975319669552,0.728549877433862,1.40514310308924,2.15162694516108,0.174070030175688,0.62280085564547,1.92916603086486,0,0.0,1000,unmatched,,,0,439
2139,Hipposideros_einnaythu,Chiroptera,Hipposideridae,Hipposideros,DD,0.260632078355816,0.734119928658416,1.4027991846835,2.11637584532872,0.163530784100116,0.43765275155313,1.73983731138799,0,0.0,1000,direct,Hipposideros_einnaythu,0.0,0,440
2031,Cryptotis_perijensis,Eulipotyphla,Soricidae,Cryptotis,DD,0.274298507374247,0.658463109740486,1.3978211669587,1.85662559968047,0.165389535956814,0.505626983521482,1.78666738211771,0,0.0,1000,direct,Cryptotis_perijensis,0.0,0,441
2158,Crocidura_longipes,Eulipotyphla,Soricidae,Crocidura,DD,0.258099015117784,0.611912550512809,1.39633474560301,1.80940229165009,0.166341651089203,0.485667644855303,1.56190212962795,0,0.0,1000,direct,Crocidura_longipes,0.0,0,442
2317,Crocidura_rapax,Eulipotyphla,Soricidae,Crocidura,DD,0.237914092773227,0.570535647602991,1.39319914423406,0.829579259118522,0.16521604822198,0.522086766974821,1.31589045338701,0,0.0,1000,direct,Crocidura_rapax,0.0,0,443
1968,Tragulus_versicolor,Artiodactyla,Tragulidae,Tragulus,DD,0.283228196733351,0.640997696609777,1.38881917414696,2.1293396925008,0.171722280025171,0.484382371243362,1.77720770390245,0,0.0,1000,direct,Tragulus_versicolor,0.0,0,444
2104,Crocidura_floweri,Eulipotyphla,Soricidae,Crocidura,DD,0.264352110753898,0.700042877206418,1.38472871673887,1.94874023215026,0.165605638882113,0.5346152535059,1.60299246994743,0,0.0,1000,direct,Crocidura_floweri,0.0,0,445
2041,Cryptotis_brachyonyx,Eulipotyphla,Soricidae,Cryptotis,DD,0.273177355908214,0.654759367373717,1.38286796663327,1.87151881188495,0.165757839263197,0.501137481484465,1.6922967359926,0,0.0,1000,direct,Cryptotis_brachyonyx,0.0,0,446
2210,Handleyomys_saturatior,,,,DD,0.251282858752757,0.733472448318846,1.38207135675657,0.678038267515263,0.180298561878804,0.654391814536922,1.14077461749292,0,0.0,1000,unmatched,,,0,447
1991,Procolobus_preussi,,,,DD,0.279571111834218,0.671114681424097,1.38025968235006,1.82145970355252,0.176040603037455,0.581136996964794,1.23291708951002,0,0.0,1000,unmatched,,,0,448
1883,Murina_beelzebub,Chiroptera,Vespertilionidae,Murina,DD,0.298535997244906,0.616547594483307,1.37981352414686,1.90758066682625,0.193740177077535,0.630959964495459,1.40850733493361,0,0.0,1000,direct,Murina_beelzebub,0.0,0,449
2148,Procolobus_rufomitratus,,,,DD,0.259573683547471,0.646580541196712,1.37841566811907,1.88262972233551,0.176573262048185,0.578724679338352,1.33547953400703,0,0.0,1000,unmatched,,,0,450
2119,Petaurillus_emiliae,Rodentia,Sciuridae,Petaurillus,DD,0.263257552138446,0.628148934394169,1.37682202450612,1.4954287523576,0.184336811190649,0.617608456856585,1.10791686414582,0,0.0,1000,direct,Petaurillus_emiliae,0.0,0,451
2102,Musseromys_inopinatus,Rodentia,Muridae,Musseromys,DD,0.264515524435602,0.611063714857561,1.37645186431285,2.06079111519437,0.185440348058406,0.631867245123389,1.24198343675078,0,0.0,1000,direct,Musseromys_inopinatus,0.0,0,452
1930,Harpiola_grisea,Chiroptera,Vespertilionidae,Harpiola,DD,0.290326428461676,0.785178620002753,1.37478700457577,1.90749990607355,0.193740177077535,0.651250175387838,1.83096078621302,0,0.0,1000,direct,Harpiola_grisea,0.0,0,453
2229,Sturnira_koopmanhilli,Chiroptera,Phyllostomidae,Sturnira,DD,0.249140017057155,0.680898661518397,1.37440783455926,0.564083084026003,0.17672088535038,0.569887043728842,1.34230602660548,0,0.0,1000,direct,Sturnira_koopmanhilli,0.0,0,454
2071,Crocidura_cranbrooki,Eulipotyphla,Soricidae,Crocidura,DD,0.269026245084554,0.697901393478238,1.37131833130654,1.92248310396184,0.166762954451852,0.485667644855303,1.65175590276815,0,0.0,1000,direct,Crocidura_cranbrooki,0.0,0,455
2034,Phyllomys_kerri,Rodentia,Echimyidae,Phyllomys,DD,0.273648583346373,0.717178257502764,1.37058558416569,2.02328590049123,0.174022630227271,0.556484893320616,1.30891392396278,0,0.0,1000,direct,Phyllomys_kerri,0.0,0,456
2167,Miracinonyx_trumani,,,,DD,0.257083513785254,0.624704458448806,1.36825901716706,0.659961615449165,0.175556332017394,0.550163022288547,1.30462484433773,0,0.0,1000,unmatched,,,0,457
2275,Herpestes_edwardsii,,,,DD,0.2433294226192,0.64529557604859,1.36770106714854,0.501465018215216,0.176835213194532,0.550704735260563,1.30384528030519,0,0.0,1000,unmatched,,,0,458
2033,Petaurillus_hosei,Rodentia,Sciuridae,Petaurillus,DD,0.273754233593546,0.559775673246062,1.36661827557846,1.56305732663372,0.184336811190649,0.61927663457257,1.10620332978153,0,0.0,1000,direct,Petaurillus_hosei,0.0,0,459
2106,Musseromys_anacuao,Rodentia,Muridae,Musseromys,DD,0.264252013273357,0.702740754071722,1.3662905443398,1.90158809109387,0.185044092885353,0.624310153678853,1.18793067432884,0,0.0,1000,direct,Musseromys_anacuao,0.0,0,460
2271,Handleyomys_chapmani,,,,DD,0.243872171108783,0.688414685725587,1.36435135392495,0.693500792716576,0.181350140272025,0.657921886475918,1.11623164369737,0,0.0,1000,unmatched,,,0,461
2147,Crocidura_sapaensis,Eulipotyphla,Soricidae,Crocidura,DD,0.259581173121919,0.663767148557389,1.36414745827057,1.82050033567888,0.166762954451852,0.527301077367044,1.57395521201143,0,0.0,1000,direct,Crocidura_sapaensis,0.0,0,462
2004,Ochotona_coreana,Lagomorpha,Ochotonidae,Ochotona,DD,0.277212950921217,0.691234131575222,1.36411578194432,2.07281352420709,0.169326825143835,0.572106070954525,1.87434542403076,0,0.0,1000,direct,Ochotona_coreana,0.0,0,463
2051,Neoromicia_helios,Chiroptera,Vespertilionidae,Afronycteris,DD,0.271395603083925,0.682667082422894,1.36361252717265,1.92976180264698,0.175827105608337,0.61459124986619,1.5196599617273,0,0.0,1000,synonym:MSW3,Afronycteris_helios,0.0,0,464
2016,Cryptotis_tropicalis,Eulipotyphla,Soricidae,Cryptotis,DD,0.276302059697631,0.710993040861257,1.36257849316934,2.03240631166853,0.165757839263197,0.484710465855674,1.62331175062171,0,0.0,1000,direct,Cryptotis_tropicalis,0.0,0,465
2390,Micronycteris_buriri,Chiroptera,Phyllostomidae,Micronycteris,DD,0.226985499577304,0.66347999430481,1.36254858822384,0.480076044635912,0.172769960546025,0.563108156657264,1.3575860120571,0,0.0,1000,direct,Micronycteris_buriri,0.0,0,466
2035,Procolobus_gordonorum,,,,DD,0.273621252699404,0.717943986351052,1.3622403029165,1.92340080548713,0.177214341813134,0.580600776184715,1.25860290815095,0,0.0,1000,unmatched,,,0,467
2328,Cynomops_abrasus,Chiroptera,Molossidae,Cynomops,DD,0.235352797694908,0.566595296045169,1.35728856605656,1.13199524891563,0.180547109845956,0.638133558950068,1.34969560326018,0,0.0,1000,direct,Cynomops_abrasus,0.0,0,468
2330,Hypsugo_dolichodon,Chiroptera,Vespertilionidae,Hypsugo,DD,0.235269732939362,0.645694169018071,1.35684947446488,1.44204988836915,0.175827105608337,0.61008451804336,1.13743102462387,0,0.0,1000,direct,Hypsugo_dolichodon,0.0,0,469
1973,Akodon_josemariarguedasi,Rodentia,Cricetidae,Akodon,NE,0.282710076137986,0.641928241292231,1.35584349044705,2.56300901892636,0.185785744229175,0.649685636115299,1.64821990026814,0,0.0,1000,direct,Akodon_josemariarguedasi,0.0,0,470
2179,Crocidura_religiosa,Eulipotyphla,Soricidae,Crocidura,DD,0.255194361121215,0.615460257682608,1.35580158978064,1.8076414231578,0.165605638882113,0.53605113757738,1.60965581829364,0,0.0,1000,direct,Crocidura_religiosa,0.0,0,471
1933,Pipistrellus_aero,Chiroptera,Vespertilionidae,Pipistrellus,DD,0.289656289896609,0.780421460906155,1.35372935403844,2.32778279585334,0.18403234180357,0.640099808752673,1.86695550613876,0,0.0,1000,direct,Pipistrellus_aero,0.0,0,472
1935,Anourosorex_schmidi,Eulipotyphla,Soricidae,Anourosorex,DD,0.289571368182801,0.893870215689774,1.35249366697952,2.81760761625691,0.167096574834081,0.512535925626245,3.0846333026405,0,0.0,1000,direct,Anourosorex_schmidi,0.0,0,473
1910,Kerivoula_cuprosa,Chiroptera,Vespertilionidae,Kerivoula,DD,0.293691948069121,0.727256815290182,1.35069478266011,1.96174512860304,0.187352290787223,0.658039779370142,1.66468360589228,0,0.0,1000,direct,Kerivoula_cuprosa,0.0,0,474
2037,Kerivoula_eriophora,Chiroptera,Vespertilionidae,Kerivoula,DD,0.273419859085339,0.710280129444138,1.34867322342173,1.83928643405974,0.192788309468692,0.657033131399782,1.64349453351578,0,0.0,1000,direct,Kerivoula_eriophora,0.0,0,475
2059,Graphiurus_surdus,Rodentia,Gliridae,Graphiurus,DD,0.270758156709265,0.719316341260642,1.34827003892023,2.26726038620474,0.172138219820499,0.572825476952589,2.04092966121343,0,0.0,1000,direct,Graphiurus_surdus,0.0,0,476
1984,Musseromys_beneficus,Rodentia,Muridae,Musseromys,DD,0.280979668551392,0.672028853659673,1.34770500379435,1.95812829178898,0.185044092885353,0.632158271314865,1.21402480635137,0,0.0,1000,direct,Musseromys_beneficus,0.0,0,477
2122,Hipposideros_boeadii,Chiroptera,Hipposideridae,Hipposideros,DD,0.262970893445385,0.664729226616918,1.34765974003364,2.10035969446591,0.164473653464944,0.462424498114528,1.65957052491199,0,0.0,1000,direct,Hipposideros_boeadii,0.0,0,478
2316,Crocidura_ultima,Eulipotyphla,Soricidae,Crocidura,DD,0.238136352879746,0.634808897838926,1.3472629864338,1.78551600640691,0.165757839263197,0.535642147589205,1.5023766819549,0,0.0,1000,direct,Crocidura_ultima,0.0,0,479
2240,Crocidura_tenuis,Eulipotyphla,Soricidae,Crocidura,DD,0.247871820138785,0.627090831655753,1.34518937802832,1.78092901046591,0.165605638882113,0.534878524865207,1.54205253201513,0,0.0,1000,direct,Crocidura_tenuis,0.0,0,480
2018,Chibchanomys_orcesi,Rodentia,Cricetidae,Neusticomys,DD,0.275828698539126,0.714138879575199,1.34385227283308,1.95034625675644,0.187043744980449,0.672121977081869,0.946954890187894,0,0.0,1000,synonym:MSW3,Neusticomys_orcesi,0.0,0,481
2023,Allactaga_tetradactyla,Rodentia,Dipodidae,Scarturus,DD,0.275141764474468,0.651596165973211,1.34381958802778,1.6824973074929,0.180639228092253,0.567220842643618,1.78831636764603,0,0.0,1000,synonym:MSW3,Scarturus_tetradactylus,0.0,0,482
2297,Crocidura_gracilipes,Eulipotyphla,Soricidae,Crocidura,DD,0.240110694681912,0.690316228458523,1.34153315454511,1.79409569799898,0.167474492415617,0.533371312254504,1.57719862782061,0,0.0,1000,direct,Crocidura_gracilipes,0.0,0,483
2164,Neoromicia_melckorum,,,,DD,0.257364093810419,0.726881799353975,1.3393158285883,2.11709583911877,0.17772849736262,0.621914645910884,1.57167118380558,0,0.0,1000,unmatched,,,0,484
2177,Phyllotis_anitae,Rodentia,Cricetidae,Phyllotis,DD,0.255642973871504,0.689947498870783,1.33796483443413,0.714115622147677,0.180298561878804,0.62570728767099,0.27780858226011,0,0.0,1000,direct,Phyllotis_anitae,0.0,0,485
2460,Rhipidomys_cariri,Rodentia,Cricetidae,Rhipidomys,DD,0.218671645357725,0.521916627266865,1.33729547573619,0.792572272553621,0.184476500337859,0.650322138082211,1.1986376933881,0,0.0,1000,direct,Rhipidomys_cariri,0.0,0,486
1964,Graphiurus_johnstoni,Rodentia,Gliridae,Graphiurus,DD,0.284015897374797,0.659632475885209,1.33516432708116,2.21752749073995,0.176573262048185,0.57303833778915,2.08630076934176,0,0.0,1000,direct,Graphiurus_johnstoni,0.0,0,487
2163,Crocidura_fischeri,Eulipotyphla,Soricidae,Crocidura,DD,0.257752767449431,0.70917381223122,1.33491582776603,2.06900662451282,0.16521604822198,0.522183856401487,1.60568875136385,0,0.0,1000,direct,Crocidura_fischeri,0.0,0,488
1942,Petaurillus_kinlochii,Rodentia,Sciuridae,Petaurillus,DD,0.287991938133537,0.58855162318656,1.33245990975126,1.48363701663001,0.184336811190649,0.619343253190042,1.10947405788238,0,0.0,1000,direct,Petaurillus_kinlochii,0.0,0,489
1776,Paratriaenops_pauliani,Chiroptera,Rhinonycteridae,Paratriaenops,DD,0.317905903456196,0.692165942523342,1.33233670307562,2.24544882519737,0.164515274651873,0.492438256169321,2.34548854804681,0,0.0,1000,direct,Paratriaenops_pauliani,0.0,0,490
2053,Graphiurus_angolensis,Rodentia,Gliridae,Graphiurus,DD,0.271282531938107,0.750833754143696,1.32824383197375,2.14932603699979,0.176573262048185,0.572429316714971,2.09639341754071,0,0.0,1000,direct,Graphiurus_angolensis,0.0,0,491
2093,Eptesicus_guadeloupensis,Chiroptera,Vespertilionidae,Eptesicus,NE,0.266170030155911,0.682990942130193,1.32783092360935,2.01568063667268,0.174070030175688,0.578220139925991,1.74034829381242,0,0.0,1000,synonym:nominalName,Eptesicus_dutertreus,0.0,0,492
2126,Lonchophylla_inexpectata,Chiroptera,Phyllostomidae,Lonchophylla,NE,0.262489138851096,0.629414626418766,1.32596398983844,2.07939361076968,0.168471820934825,0.583504940096398,1.67187694363725,0,0.0,1000,direct,Lonchophylla_inexpectata,0.0,0,493
1983,Graphiurus_crassicaudatus,Rodentia,Gliridae,Graphiurus,DD,0.281266436009555,0.700862515963053,1.32453487592999,2.29046482595079,0.177631916742631,0.573798336440478,2.02464889240641,0,0.0,1000,direct,Graphiurus_crassicaudatus,0.0,0,494
2157,Hesperoptenus_gaskelli,Chiroptera,Vespertilionidae,Hesperoptenus,DD,0.258464663298013,0.699731470132557,1.32408618282245,2.12798523858715,0.175827105608337,0.572845973031936,1.73338340777195,0,0.0,1000,direct,Hesperoptenus_gaskelli,0.0,0,495
2182,Molossus_alvarezi,Chiroptera,Molossidae,Molossus,DD,0.254940044083887,0.707448862741268,1.32243599506048,1.9008642498306,0.182814367944735,0.628128300112339,1.6979078754614,0,0.0,1000,direct,Molossus_alvarezi,0.0,0,496
2090,Petaurista_magnificus,Rodentia,Sciuridae,Petaurista,NE,0.26681008933205,0.711564302975318,1.32055694298698,1.80500040014455,0.179465345243834,0.605644639553402,1.72538118154691,0,0.0,1000,synonym:nominalName,Petaurista_albiventer,0.0,0,497
2069,Lophostoma_aequatorialis,,,,DD,0.269472805984949,0.675134173710491,1.31947718073714,2.09231810357745,0.181703501084761,0.613161169580903,1.84929367800536,0,0.0,1000,unmatched,,,0,498
2086,Cryptotis_niausa,Eulipotyphla,Soricidae,Cryptotis,DD,0.267303471011758,0.682414490859188,1.31898279903916,1.91497329638392,0.165605638882113,0.501314865069425,1.5746954542542,0,0.0,1000,direct,Cryptotis_niausa,0.0,0,499
2056,Chibchanomys_trichotis,Rodentia,Cricetidae,Chibchanomys,DD,0.270912363302737,0.745501469873599,1.31856092167036,1.856725302869,0.187043744980449,0.672121977081869,0.946954890187894,0,0.0,1000,direct,Chibchanomys_trichotis,0.0,0,500
2096,Elephas_antiquus,,,,DD,0.266023174020125,0.637437763645809,1.31763126956529,1.35618454839263,0.163962091329907,0.539796630341804,0.79751794133186,0,0.0,1000,unmatched,,,0,501
2087,Pipistrellus_vordermanni,,,,DD,0.267058082202617,0.685143708785575,1.31686418307291,2.14343075834881,0.174070030175688,0.570850013565285,1.68417288642712,0,0.0,1000,unmatched,,,0,502
1945,Elephas_cypriotes,,,,DD,0.287081668566218,0.675513639803818,1.3166853780094,1.37522697166156,0.164276558945935,0.544695646294861,0.79751794133186,0,0.0,1000,unmatched,,,0,503
2134,Crocidura_zaphiri,Eulipotyphla,Soricidae,Crocidura,DD,0.260904615836599,0.583238256401918,1.31668426347145,1.88954095893318,0.164882393362033,0.52703191060291,1.59826432211805,0,0.0,1000,direct,Crocidura_zaphiri,0.0,0,504
2111,Pithecheir_parvus,Rodentia,Muridae,Pithecheir,DD,0.264060101544949,0.67825295397776,1.31630119006761,1.60895821995937,0.182932911459228,0.62717503597055,1.07791030352832,0,0.0,1000,synonym:MSW3,Pithecheir_parva,0.0,0,505
2080,Macruromys_elegans,Rodentia,Muridae,Macruromys,DD,0.267754782792318,0.737039125351827,1.31412813660365,1.85379388112483,0.184513414993001,0.596653181892763,1.64433365555649,0,0.0,1000,direct,Macruromys_elegans,0.0,0,506
2216,Lonchophylla_fornicata,Chiroptera,Phyllostomidae,Lonchophylla,DD,0.250198444728792,0.658249086249185,1.31406154175439,2.01173031363244,0.168471820934825,0.57214383695109,1.60015911540655,0,0.0,1000,direct,Lonchophylla_fornicata,0.0,0,507
2612,Gerbillus_latastei,Rodentia,Muridae,Gerbillus,DD,0.203972473762035,0.505172404409932,1.31159956067345,1.0519684370243,0.188590011337757,0.582059065106613,1.09263813516197,0,0.0,1000,direct,Gerbillus_latastei,0.0,0,508
2024,Pipistrellus_arabicus,,,,DD,0.27501255990255,0.729214994540083,1.31096653445104,2.07791292967318,0.183407470861438,0.627442581356524,1.68933537506796,0,0.0,1000,unmatched,,,0,509
2044,Musseromys_gulantang,Rodentia,Muridae,Musseromys,DD,0.272386384082363,0.73956369030932,1.30942248151017,1.93960111811052,0.185440348058406,0.632158271314865,1.19682621558941,0,0.0,1000,direct,Musseromys_gulantang,0.0,0,510
2082,Eptesicus_lobatus,,,,DD,0.267711088836946,0.690788701949819,1.3093767089514,2.10165621781186,0.183407470861438,0.637159524225386,1.77434034593054,0,0.0,1000,unmatched,,,0,511
2352,Cavia_porcellus,Rodentia,Caviidae,Cavia,NE,0.232395739227846,0.661473665488806,1.30799650603882,0.58114662535558,0.174022630227271,0.577593837215263,1.22700906043317,0,0.0,1000,direct,Cavia_porcellus,0.0,0,512
1979,Tadarida_ventralis,Chiroptera,Molossidae,Tadarida,DD,0.281833360935526,0.775753958235453,1.30654355530496,2.14745967903468,0.178541398339759,0.635459045511742,1.86747171692927,0,0.0,1000,direct,Tadarida_ventralis,0.0,0,513
2381,Pudu_mephistophiles,Artiodactyla,Cervidae,Pudella,DD,0.228698762030514,0.537735269783664,1.30386792558909,0.504431919219645,0.171722280025171,0.46955559241157,0.56958949857326,0,0.0,1000,synonym:MSW3,Pudella_mephistophiles,0.0,0,514
2337,Crocidura_erica,Eulipotyphla,Soricidae,Crocidura,DD,0.234285564457345,0.614365178360738,1.30305472099668,1.92134441737305,0.166762954451852,0.485762040877407,1.4869345543078,0,0.0,1000,direct,Crocidura_erica,0.0,0,515
2099,Crocidura_pitmani,Eulipotyphla,Soricidae,Crocidura,DD,0.265010523896162,0.614678727482891,1.3022517413457,1.98907439150286,0.165991491034188,0.525373409838294,1.63496896073589,0,0.0,1000,direct,Crocidura_pitmani,0.0,0,516
2486,Dasyprocta_azarae,Rodentia,Dasyproctidae,Dasyprocta,DD,0.215302549361755,0.501113272347555,1.29923652628676,1.14814760210392,0.178445515735906,0.57592484995474,1.18924173496924,0,0.0,1000,direct,Dasyprocta_azarae,0.0,0,517
2254,Crocidura_lwiroensis,Eulipotyphla,Soricidae,Crocidura,DD,0.245776494517064,0.604601689109408,1.29786229333281,1.76258075390372,0.16521604822198,0.501452097770048,1.586515495956,0,0.0,1000,direct,Crocidura_lwiroensis,0.0,0,518
2138,Tragulus_williamsoni,Artiodactyla,Tragulidae,Tragulus,DD,0.260675287862801,0.742642477605706,1.29452829552214,1.76013492629121,0.173503458183883,0.484217133874622,1.78664874393147,0,0.0,1000,direct,Tragulus_williamsoni,0.0,0,519
2362,Thrichomys_laurentius,Rodentia,Echimyidae,Thrichomys,DD,0.230955284455711,0.591418997800334,1.28958686428367,0.603889205721733,0.170344008566499,0.552992579136426,1.29227671542732,0,0.0,1000,direct,Thrichomys_laurentius,0.0,0,520
2273,Crocidura_pergrisea,Eulipotyphla,Soricidae,Crocidura,DD,0.243551205726214,0.601386397955757,1.28915307158138,1.67046642063394,0.165991491034188,0.521310520772334,1.48028938584373,0,0.0,1000,direct,Crocidura_pergrisea,0.0,0,521
2550,Rhipidomys_tribei,Rodentia,Cricetidae,Rhipidomys,DD,0.209346790427003,0.561485422458905,1.28253977046721,0.781417368704455,0.184476500337859,0.65690920172947,1.14646313937126,0,0.0,1000,direct,Rhipidomys_tribei,0.0,0,522
2075,Crocidura_fingui,Eulipotyphla,Soricidae,Crocidura,DD,0.268902881826091,0.641955158699301,1.28205683186945,1.8289614473314,0.166762954451852,0.527301077367044,1.6266728140335,0,0.0,1000,direct,Crocidura_fingui,0.0,0,523
2091,Nycticeius_aenobarbus,Chiroptera,Vespertilionidae,Nycticeius,DD,0.266668207148698,0.836669952066264,1.28032493039953,2.22287080829044,0.179548637407013,0.623658636441171,2.09293352427101,0,0.0,1000,direct,Nycticeius_aenobarbus,0.0,0,524
2169,Lonchophylla_orcesi,Chiroptera,Phyllostomidae,Lonchophylla,DD,0.256969960359408,0.669427858099175,1.27873523726835,2.1572960378716,0.168300561132132,0.572334736298628,1.61254730062851,0,0.0,1000,direct,Lonchophylla_orcesi,0.0,0,525
2120,Glauconycteris_kenyacola,Chiroptera,Vespertilionidae,Glauconycteris,DD,0.263129828819043,0.768929882490149,1.27626264945376,1.98819525348005,0.175827105608337,0.62258614461601,1.77708388909239,0,0.0,1000,direct,Glauconycteris_kenyacola,0.0,0,526
2219,Crocidura_bottegi,Eulipotyphla,Soricidae,Crocidura,DD,0.24986754998674,0.620282710999993,1.27583176798362,1.87909314460516,0.166762954451852,0.474482730382282,1.56632297931242,0,0.0,1000,direct,Crocidura_bottegi,0.0,0,527
2109,Lophostoma_kalkoae,Chiroptera,Phyllostomidae,Lophostoma,DD,0.264195221342893,0.74559504564462,1.27552878695317,2.0425491424254,0.181703501084761,0.605315941076219,1.80476914906685,0,0.0,1000,direct,Lophostoma_kalkoae,0.0,0,528
2174,Mesomys_leniceps,Rodentia,Echimyidae,Mesomys,DD,0.256371978368164,0.657780578576421,1.27477787679722,1.71983947231815,0.169534794301079,0.556588581717068,1.71714219610669,0,0.0,1000,direct,Mesomys_leniceps,0.0,0,529
2194,Lasiurus_ebenus,Chiroptera,Vespertilionidae,Lasiurus,DD,0.253388110734879,0.612977123561304,1.26682219662149,1.97487182416999,0.17772849736262,0.598753353453769,1.67650480840345,0,0.0,1000,direct,Lasiurus_ebenus,0.0,0,530
2212,Crocidura_dhofarensis,Eulipotyphla,Soricidae,Crocidura,DD,0.25093589076586,0.666943402636544,1.2659205224824,1.78948059859508,0.165757839263197,0.539570743151957,1.53318544858803,0,0.0,1000,direct,Crocidura_dhofarensis,0.0,0,531
2183,Maxomys_baeodon,Rodentia,Muridae,Crunomys,DD,0.254505420604552,0.637988723759282,1.26522602714316,1.62024997647176,0.19257226440059,0.621792340670544,1.49583476382767,0,0.0,1000,synonym:MSW3,Crunomys_baeodon,0.0,0,532
2287,Crocidura_katinka,Eulipotyphla,Soricidae,Crocidura,DD,0.241806964152781,0.58274273132553,1.26503333723395,1.75778154615729,0.166762954451852,0.53455871476351,1.5123515881194,0,0.0,1000,direct,Crocidura_katinka,0.0,0,533
2251,Crocidura_polia,Eulipotyphla,Soricidae,Crocidura,DD,0.246054200463477,0.615763591645578,1.26365181631646,1.81340157874292,0.166762954451852,0.485454643420595,1.58587557902666,0,0.0,1000,direct,Crocidura_polia,0.0,0,534
2170,Crocidura_guy,Eulipotyphla,Soricidae,Crocidura,DD,0.25682263557008,0.584330187432675,1.26278524071478,1.70499613456079,0.165991491034188,0.501605725939104,1.49188721648111,0,0.0,1000,direct,Crocidura_guy,0.0,0,535
2443,Otomys_dartmouthi,Rodentia,Muridae,Otomys,DD,0.220549266944715,0.609828129706012,1.2585972614728,0.401904318013028,0.179281478799195,0.545573729969399,1.10802253003081,0,0.0,1000,direct,Otomys_dartmouthi,0.0,0,536
2188,Crocidura_nana,Eulipotyphla,Soricidae,Crocidura,DD,0.253965233032376,0.607016780189589,1.25584917757855,1.90032873025305,0.165757839263197,0.527474430819069,1.56414880550068,0,0.0,1000,direct,Crocidura_nana,0.0,0,537
2377,Crocidura_susiana,Eulipotyphla,Soricidae,Crocidura,DD,0.228952668362831,0.664398390584379,1.25374169655529,1.70761007535641,0.16521604822198,0.501452097770048,1.47784743753608,0,0.0,1000,direct,Crocidura_susiana,0.0,0,538
2341,Proechimys_trinitatus,Rodentia,Echimyidae,Proechimys,DD,0.234047848113947,0.612569081503787,1.25191424193271,1.79157300954793,0.170528381961299,0.559677534770214,1.48348736965703,0,0.0,1000,synonym:MSW3,Proechimys_trinitatis,0.0,0,539
2365,Crocidura_armenica,Eulipotyphla,Soricidae,Crocidura,DD,0.230736805212005,0.615726895240473,1.24681168477578,1.69675303532379,0.165389535956814,0.505244596386314,1.49033599899818,0,0.0,1000,direct,Crocidura_armenica,0.0,0,540
2269,Crocidura_annamitensis,Eulipotyphla,Soricidae,Crocidura,DD,0.244188221924092,0.604390488965629,1.24626554849519,1.78050989692567,0.167474492415617,0.527160363939215,1.53091793476638,0,0.0,1000,direct,Crocidura_annamitensis,0.0,0,541
2448,Mops_bakarii,Chiroptera,Molossidae,Mops,DD,0.219681427615907,0.556361281913016,1.24611580780702,1.27682099188716,0.183232404712714,0.623305106558338,1.19176680318368,0,0.0,1000,direct,Mops_bakarii,0.0,0,542
2198,Mormopterus_doriae,Chiroptera,Molossidae,Mormopterus,DD,0.253177436752108,0.694456615155306,1.24144446496926,2.04401958046775,0.180547109845956,0.614209134139734,1.74413116835409,0,0.0,1000,direct,Mormopterus_doriae,0.0,0,543
2190,Pogonomys_championi,Rodentia,Muridae,Pogonomys,DD,0.253597783485317,0.618598121266783,1.2390278332377,1.5365895135636,0.184513414993001,0.613802276201053,1.47999126461218,0,0.0,1000,direct,Pogonomys_championi,0.0,0,544
2394,Bos_frontalis,Artiodactyla,Bovidae,Bos,NE,0.226855629696044,0.598102517332154,1.23492574637849,0.482549484922564,0.173922185920503,0.498832142894709,0.7705178935425,0,0.0,1000,direct,Bos_frontalis,0.0,0,545
2124,Graphiurus_walterverheyeni,Rodentia,Gliridae,Graphiurus,DD,0.262682318658282,0.716950461256677,1.2325458316069,2.22811721605725,0.176573262048185,0.57303833778915,2.08761096913761,0,0.0,1000,direct,Graphiurus_walterverheyeni,0.0,0,546
2263,Oenomys_ornatus,Rodentia,Muridae,Oenomys,DD,0.244917402576032,0.605232941378467,1.22078827564702,1.66394632441193,0.184476500337859,0.582543301969622,1.55094124207062,0,0.0,1000,direct,Oenomys_ornatus,0.0,0,547
2238,Proechimys_kulinae,Rodentia,Echimyidae,Proechimys,DD,0.247935020866999,0.598945048914998,1.21786147429551,1.71498478348353,0.170528381961299,0.559677534770214,1.46629882578028,0,0.0,1000,direct,Proechimys_kulinae,0.0,0,548
2379,Sorex_ixtlanensis,Eulipotyphla,Soricidae,Sorex,DD,0.2289259216673,0.573332070538854,1.21745838793155,1.87302931360032,0.165991491034188,0.469300555250964,1.68649928724934,0,0.0,1000,direct,Sorex_ixtlanensis,0.0,0,549
2375,Rhogeessa_hussoni,Chiroptera,Vespertilionidae,Rhogeessa,DD,0.228978466112569,0.669937662598437,1.21716942677775,1.62363820813522,0.17672088535038,0.606998660282135,1.47012361139043,0,0.0,1000,direct,Rhogeessa_hussoni,0.0,0,550
2241,Neoromicia_flavescens,,,,DD,0.247617297335706,0.652531193589436,1.21587759159829,1.82993144427801,0.17672088535038,0.613796891576769,1.46480999170122,0,0.0,1000,unmatched,,,0,551
2230,Sorex_buchariensis,Eulipotyphla,Soricidae,Sorex,DD,0.248929473939374,0.59319798264195,1.21438703549027,1.88216454201014,0.166341651089203,0.468688717500592,1.77645870921628,0,0.0,1000,direct,Sorex_buchariensis,0.0,0,552
2398,Petaurista_marica,Rodentia,Sciuridae,Petaurista,NE,0.226413230887207,0.589791553063886,1.21393629746485,0.602976851753669,0.178445515735906,0.596899602455226,1.14842098316161,0,0.0,1000,direct,Petaurista_marica,0.0,0,553
2329,Oryzomys_dimidiatus,Rodentia,Cricetidae,Oryzomys,DD,0.235287879904405,0.582625798749129,1.21271030486919,1.3424154571973,0.181350140272025,0.657650403646763,0.972943271080089,0,0.0,1000,direct,Oryzomys_dimidiatus,0.0,0,554
2552,Pteropus_speciosus,Chiroptera,Pteropodidae,Pteropus,DD,0.20918632237774,0.566142246670857,1.2092071187312,0.409724921052696,0.176675885137003,0.562875230941379,1.06668208171046,0,0.0,1000,direct,Pteropus_speciosus,0.0,0,555
2249,Uromys_siebersi,Rodentia,Muridae,Uromys,DD,0.24676142512354,0.592660023739929,1.20075447568304,1.77461390411353,0.180859327457414,0.570263733564334,1.08174056330055,0,0.0,1000,direct,Uromys_siebersi,0.0,0,556
2290,Crocidura_grandis,Eulipotyphla,Soricidae,Crocidura,DD,0.24065017415248,0.587637188269292,1.19517204776302,1.74054784908906,0.165991491034188,0.528347766448222,1.45351581711661,0,0.0,1000,direct,Crocidura_grandis,0.0,0,557
2295,Crocidura_hilliana,Eulipotyphla,Soricidae,Crocidura,DD,0.24018609754957,0.544535006203802,1.1932437541182,1.82776731483641,0.166341651089203,0.525373409838294,1.49134669029942,0,0.0,1000,direct,Crocidura_hilliana,0.0,0,558
2336,Tylomys_fulviventer,Rodentia,Cricetidae,Tylomys,DD,0.234395942159774,0.616624368930085,1.18977340334342,1.7485144742603,0.188371595048236,0.672435297356601,1.2214095141883,0,0.0,1000,direct,Tylomys_fulviventer,0.0,0,559
2382,Crocidura_vosmaeri,Eulipotyphla,Soricidae,Crocidura,DD,0.228679146345472,0.625587834236197,1.18802804843153,1.73794389887137,0.165605638882113,0.53605113757738,1.50213375839347,0,0.0,1000,direct,Crocidura_vosmaeri,0.0,0,560
2286,Petaurista_siangensis,Rodentia,Sciuridae,Petaurista,NE,0.241919914122969,0.591724963550246,1.18782755757851,1.77478098334432,0.180639228092253,0.605644639553402,1.53504352583731,0,0.0,1000,direct,Petaurista_siangensis,0.0,0,561
2506,Myotis_simus,Chiroptera,Vespertilionidae,Myotis,DD,0.213099885283819,0.580729379391919,1.18713211500766,0.536473528443445,0.18403234180357,0.560361017383153,1.15138742914483,0,0.0,1000,direct,Myotis_simus,0.0,0,562
2436,Petaurista_grandis,Rodentia,Sciuridae,Petaurista,NE,0.221686412711844,0.517839188420344,1.18696947466456,0.672480007808769,0.179465345243834,0.596653609613513,1.09615447413712,0,0.0,1000,direct,Petaurista_grandis,0.0,0,563
2438,Proechimys_mincae,Rodentia,Echimyidae,Proechimys,DD,0.221460332921328,0.59633328708547,1.18667656561965,1.699842331334,0.169534794301079,0.559900415756767,1.46262961091923,0,0.0,1000,direct,Proechimys_mincae,0.0,0,564
2400,Crocidura_selina,Eulipotyphla,Soricidae,Crocidura,DD,0.226189140969346,0.637394811756251,1.18315696097055,1.78037346982943,0.166762954451852,0.527301077367044,1.51147541946146,0,0.0,1000,direct,Crocidura_selina,0.0,0,565
1899,Thylamys_sponsorius,Didelphimorphia,Didelphidae,Thylamys,NE,0.295961271773874,0.773707318624204,1.18160498266761,2.54118398334589,0.181350140272025,0.662147784891835,0.26113526795028,0,0.0,1000,direct,Thylamys_sponsorius,0.0,0,566
2353,Otomops_johnstonei,Chiroptera,Molossidae,Otomops,DD,0.23230202819268,0.587362551751534,1.17970757858065,1.70090773251965,0.181703501084761,0.638379356073558,1.28783048173761,0,0.0,1000,direct,Otomops_johnstonei,0.0,0,567
2357,Chelemys_delfini,,,,DD,0.231496086651008,0.614111166344021,1.17770123968395,1.16450812872141,0.177314754181087,0.644346438054596,1.23882363016357,0,0.0,1000,unmatched,,,0,568
2278,Myotis_hermani,Chiroptera,Vespertilionidae,Myotis,DD,0.243147682950856,0.585644676165084,1.17510545265784,1.59206778953937,0.187352290787223,0.567163882648416,1.30341870453333,0,0.0,1000,direct,Myotis_hermani,0.0,0,569
2296,Tylomys_panamensis,Rodentia,Cricetidae,Tylomys,DD,0.24017553172842,0.545270653504917,1.17509482882332,1.64958236585739,0.187662999398214,0.670241203399852,1.13712461305551,0,0.0,1000,direct,Tylomys_panamensis,0.0,0,570
2232,Hyomys_dammermani,Rodentia,Muridae,Hyomys,DD,0.248491172043952,0.647383471257438,1.17412901740473,1.82735085200477,0.182932911459228,0.606914266766858,1.48284303130402,0,0.0,1000,direct,Hyomys_dammermani,0.0,0,571
2304,Crocidura_planiceps,Eulipotyphla,Soricidae,Crocidura,DD,0.239414167504814,0.599417453781153,1.17341740200772,1.88126031567121,0.165757839263197,0.521779369518009,1.45983864452226,0,0.0,1000,direct,Crocidura_planiceps,0.0,0,572
2532,Allactaga_toussi,,,,DD,0.211136740558869,0.554791409608909,1.17232790195015,0.721919068775991,0.179232617678806,0.551012922342039,1.08560433499677,0,0.0,1000,unmatched,,,0,573
2384,Mazama_bricenii,,,,DD,0.228043810431582,0.54637152657443,1.17187919629036,1.18702015120044,0.171722280025171,0.478027414154254,1.15204142556826,0,0.0,1000,unmatched,,,0,574
2272,Lasiurus_castaneus,Chiroptera,Vespertilionidae,Lasiurus,DD,0.243763039491883,0.619224597338566,1.17041094670465,1.70134501545935,0.179042431178678,0.606557134877646,1.56780956904948,0,0.0,1000,direct,Lasiurus_castaneus,0.0,0,575
2514,Neoromicia_matroka,,,,DD,0.212577431094033,0.523723878137214,1.16851403869634,0.705517852549865,0.178793730311879,0.613919751161064,1.09815562528317,0,0.0,1000,unmatched,,,0,576
2354,Rhogeessa_menchuae,Chiroptera,Vespertilionidae,Rhogeessa,DD,0.232285212482066,0.539088993591651,1.1683839458203,1.62607897561536,0.175827105608337,0.605141085793831,1.43244807185465,0,0.0,1000,direct,Rhogeessa_menchuae,0.0,0,577
2292,Otomops_formosus,Chiroptera,Molossidae,Otomops,DD,0.240614680643447,0.602133826061166,1.16656169949002,1.82310778703332,0.181703501084761,0.635704842635232,1.32112977675298,0,0.0,1000,direct,Otomops_formosus,0.0,0,578
2554,Calomys_cerqueirai,Rodentia,Cricetidae,Calomys,NE,0.209002571490949,0.603086096975692,1.16585760442203,0.428541160227573,0.180298561878804,0.625770990233506,1.15687716007901,0,0.0,1000,direct,Calomys_cerqueirai,0.0,0,579
2433,Myotis_dieteri,Chiroptera,Vespertilionidae,Myotis,DD,0.222152688597673,0.597833412636735,1.16134304974792,1.41666810989079,0.189237056180909,0.56806675849104,1.31752751108635,0,0.0,1000,direct,Myotis_dieteri,0.0,0,580
2344,Sciurus_pucheranii,Rodentia,Sciuridae,Sciurus,DD,0.233784665135394,0.564942669768265,1.16129616668984,1.61558915354563,0.186212836295837,0.614805820145514,1.56052753581721,0,0.0,1000,direct,Sciurus_pucheranii,0.0,0,581
2309,Neoromicia_malagasyensis,,,,DD,0.238924893854368,0.599151361440905,1.1604354605274,0.850699738263799,0.17772849736262,0.609961658459064,0.81598689005663,0,0.0,1000,unmatched,,,0,582
2600,Heteromys_nubicolens,Rodentia,Heteromyidae,Heteromys,NE,0.204923812598507,0.570236587491227,1.15799124298567,0.563892250296608,0.179232617678806,0.55920613698566,1.09444656784569,0,0.0,1000,direct,Heteromys_nubicolens,0.0,0,583
2361,Proechimys_urichi,Rodentia,Echimyidae,Proechimys,DD,0.231097131281561,0.587508364683573,1.15629611581656,1.80076530983294,0.176321516849534,0.569906129673086,1.51242960032417,0,0.0,1000,synonym:nominalName,Proechimys_trinitatis,0.0,0,584
2359,Neoromicia_robertsi,,,,DD,0.231194695023747,0.594081192138107,1.14882167305066,0.894818168160379,0.178793730311879,0.613796891576769,0.79311706897611,0,0.0,1000,unmatched,,,0,585
2306,Myotis_australis,Chiroptera,Vespertilionidae,Myotis,DD,0.239281252004601,0.531004710479748,1.14573613879328,1.44911435991306,0.189237056180909,0.600643919259753,1.27238000080928,0,0.0,1000,direct,Myotis_australis,0.0,0,586
2428,Hybomys_badius,Rodentia,Muridae,Hybomys,NE,0.222496190109746,0.567147177653232,1.14452921143459,1.50178201932475,0.185044092885353,0.604663600958572,1.27223649660647,0,0.0,1000,synonym:nominalName,Hybomys_rufocanus,0.0,0,587
2587,Proechimys_chrysaeolus,Rodentia,Echimyidae,Proechimys,DD,0.20603632392402,0.550673565858688,1.14341838547257,1.69808707355991,0.169534794301079,0.559900415756767,1.42353269478053,0,0.0,1000,direct,Proechimys_chrysaeolus,0.0,0,588
2401,Tylonycteris_pygmaeus,,,,DD,0.226112501975187,0.55708643189482,1.14320165197914,1.50854388660495,0.174070030175688,0.611493665525625,1.40982609207623,0,0.0,1000,unmatched,,,0,589
1936,Thylamys_cinderella,Didelphimorphia,Didelphidae,Thylamys,DD,0.289428334575303,0.74094043986689,1.13613618523724,2.42357304939905,0.183576810700091,0.665726353550596,0.26151925079158,0,0.0,1000,synonym:nominalName,Thylamys_venustus,0.0,0,590
2465,Proechimys_gardneri,Rodentia,Echimyidae,Proechimys,DD,0.218297730867362,0.639950662482655,1.1325037524179,1.89604133329762,0.171290342518457,0.570009818069538,1.47662102964854,0,0.0,1000,direct,Proechimys_gardneri,0.0,0,591
2319,Myopterus_daubentonii,Chiroptera,Molossidae,Myopterus,DD,0.237716782397173,0.674584154809974,1.13236755081838,1.69815657310424,0.179042431178678,0.623569590516639,1.59627841662678,0,0.0,1000,direct,Myopterus_daubentonii,0.0,0,592
2335,Sciurus_arizonensis,Rodentia,Sciuridae,Sciurus,DD,0.23443784837812,0.60699832222597,1.12951051880776,1.65441269765589,0.18548751961592,0.613368390040924,1.54111667163491,0,0.0,1000,direct,Sciurus_arizonensis,0.0,0,593
2440,Sciurus_pyrrhinus,Rodentia,Sciuridae,Sciurus,DD,0.220938469003304,0.615144467418348,1.1293516105391,1.72599421071777,0.18548751961592,0.614805820145514,1.5231382641568,0,0.0,1000,direct,Sciurus_pyrrhinus,0.0,0,594
2556,Rhinolophus_francisi,Chiroptera,Rhinolophidae,Rhinolophus,NE,0.208913488887312,0.563389844683501,1.12911131105567,1.54600320219588,0.164581443907176,0.450501884831969,1.44690081554105,0,0.0,1000,direct,Rhinolophus_francisi,0.0,0,595
2288,Myotis_handleyi,Chiroptera,Vespertilionidae,Myotis,NE,0.241526422651002,0.572001742429546,1.12904977317377,1.64337492087594,0.189237056180909,0.568484553138109,1.29388392985435,0,0.0,1000,direct,Myotis_handleyi,0.0,0,596
2607,Sorex_kozlovi,Eulipotyphla,Soricidae,Sorex,DD,0.204553991799746,0.54812372734879,1.12824397413108,1.71392554649391,0.165605638882113,0.499019592942612,1.5859684555177,0,0.0,1000,direct,Sorex_kozlovi,0.0,0,597
2482,Eothenomys_cachinus,Rodentia,Cricetidae,Eothenomys,NE,0.215576895908076,0.617576453728788,1.12676348789438,0.377973910534779,0.185785744229175,0.638994381842522,1.0910321378007,0,0.0,1000,synonym:nominalName,Eothenomys_eleusis,0.0,0,598
2439,Myotis_morrisi,Chiroptera,Vespertilionidae,Myotis,DD,0.221277682439036,0.583158096973802,1.12655111753881,1.47251647816216,0.185905841420832,0.563671848721927,1.28239529078813,0,0.0,1000,direct,Myotis_morrisi,0.0,0,599
2498,Microsciurus_santanderensis,Rodentia,Sciuridae,Microsciurus,DD,0.213739588901453,0.577968376287281,1.12627090356866,1.735755978223,0.183744619005032,0.596937709979588,1.51695058755073,0,0.0,1000,direct,Microsciurus_santanderensis,0.0,0,600
2327,Reithrodontomys_burti,Rodentia,Cricetidae,Reithrodontomys,DD,0.235565045075914,0.560489949891741,1.1260180211649,1.62234193374502,0.189634179562213,0.678556306388753,1.25617169837135,0,0.0,1000,direct,Reithrodontomys_burti,0.0,0,601
2385,Chiropodomys_calamianensis,Rodentia,Muridae,Chiropodomys,DD,0.227595723158855,0.584920676784148,1.12502499693607,1.92537912146597,0.182804400337094,0.559265441060455,1.5431761664749,0,0.0,1000,direct,Chiropodomys_calamianensis,0.0,0,602
2502,Myotis_csorbai,Chiroptera,Vespertilionidae,Myotis,DD,0.213287605390462,0.536328709243611,1.12384150585513,1.44109896646837,0.190780908650772,0.573742578790367,1.25301475057131,0,0.0,1000,synonym:nominalName,Myotis_longipes,0.0,0,603
2540,Myotis_alcathoe,Chiroptera,Vespertilionidae,Myotis,DD,0.210183488707391,0.526438566591142,1.11952688928862,0.576277648133259,0.185043695292369,0.560361017383153,0.86955532206744,0,0.0,1000,direct,Myotis_alcathoe,0.0,0,604
2794,Miniopterus_griffithsi,Chiroptera,Miniopteridae,Miniopterus,DD,0.184631477631378,0.53959770701593,1.11949364987219,0.636352768061569,0.179548637407013,0.623440615848022,1.03920122650472,0,0.0,1000,direct,Miniopterus_griffithsi,0.0,0,605
2456,Proechimys_magdalenae,Rodentia,Echimyidae,Proechimys,DD,0.218991121844807,0.641561386846213,1.11539426260513,1.64428981955125,0.170528381961299,0.559796727360315,1.4105693221366,0,0.0,1000,synonym:nominalName,Proechimys_chrysaeolus,0.0,0,606
2447,Proechimys_oconnelli,Rodentia,Echimyidae,Proechimys,DD,0.219866827828865,0.574053968651078,1.11486288964408,1.70704213572175,0.171290342518457,0.569966868317704,1.44745407553362,0,0.0,1000,direct,Proechimys_oconnelli,0.0,0,607
2545,Leontocebus_lagonotus,,,,DD,0.209721439267606,0.536052265027857,1.11427813734539,0.4549080013082,0.17020488043982,0.552673523094463,1.009186029856,0,0.0,1000,unmatched,,,0,608
2445,Chiropodomys_muroides,Rodentia,Muridae,Chiropodomys,DD,0.220490857114837,0.596197060836892,1.11399160006959,1.79280076668713,0.184347989215724,0.554487523573227,1.53851019787025,0,0.0,1000,direct,Chiropodomys_muroides,0.0,0,609
2638,Myotis_anjouanensis,Chiroptera,Vespertilionidae,Myotis,DD,0.200791982623113,0.454738661216199,1.11271860514766,0.591814648495433,0.185905841420832,0.563519497492648,0.91451880327215,0,0.0,1000,direct,Myotis_anjouanensis,0.0,0,610
2650,Leontocebus_tripartitus,,,,DD,0.199282654253532,0.530237744041581,1.10990451291159,0.452054147379363,0.169743438536495,0.552940922066598,1.009186029856,0,0.0,1000,unmatched,,,0,611
2559,Myotis_midastactus,Chiroptera,Vespertilionidae,Myotis,NE,0.208650295603182,0.569044121690519,1.10857567712064,1.44857368915988,0.185043695292369,0.563671848721927,1.3029428657652,0,0.0,1000,direct,Myotis_midastactus,0.0,0,612
2115,Pipistrellus_eisentrauti,,,,DD,0.263657801681874,0.671609913856491,1.10770032771112,1.52849360668366,0.175827105608337,0.627244522589548,0.51027830831871,0,0.0,1000,unmatched,,,0,613
2389,Carpomys_melanurus,Rodentia,Muridae,Carpomys,DD,0.227014924726539,0.558040965400682,1.10070615787027,1.69921247381925,0.1847344135563,0.624465863082568,1.40719428107377,0,0.0,1000,direct,Carpomys_melanurus,0.0,0,614
2204,Pipistrellus_crassulus,,,,DD,0.251893174184996,0.657403922320898,1.10045387890493,1.55386248378407,0.175827105608337,0.6273906513352,0.51841843876226,0,0.0,1000,unmatched,,,0,615
2520,Margaretamys_parvus,Rodentia,Muridae,Margaretamys,DD,0.212102773367762,0.595724989915716,1.10026901500273,1.49338766960304,0.184513414993001,0.627085451736279,1.34966364035185,0,0.0,1000,direct,Margaretamys_parvus,0.0,0,616
2349,Lemmus_portenkoi,Rodentia,Cricetidae,Lemmus,NE,0.233136453815061,0.603676155962584,1.09977225903358,1.57196712356653,0.185044092885353,0.634993896857468,1.37623312929386,0,0.0,1000,synonym:nominalName,Lemmus_novosibiricus,0.0,0,617
2419,Otomops_papuensis,Chiroptera,Molossidae,Otomops,DD,0.223887935101402,0.700566474180186,1.09635352879459,1.7605140657733,0.181703501084761,0.635704842635232,1.36016071755611,0,0.0,1000,direct,Otomops_papuensis,0.0,0,618
2624,Myotis_cobanensis,Chiroptera,Vespertilionidae,Myotis,DD,0.202461866247067,0.488044121801869,1.09598644048803,1.55914596560297,0.181579758791239,0.556039525153798,1.24718302248938,0,0.0,1000,direct,Myotis_cobanensis,0.0,0,619
2584,Sorex_sinalis,Eulipotyphla,Soricidae,Sorex,DD,0.206245092251971,0.549447053581004,1.09267720052281,1.53300962922669,0.167096574834081,0.502380507570074,1.54799229052358,0,0.0,1000,direct,Sorex_sinalis,0.0,0,620
2707,Bos_grunniens,Artiodactyla,Bovidae,Bos,NE,0.192915559294932,0.472285572164987,1.09134141846656,0.395672511330855,0.173431851346135,0.482201886343718,0.9092812620385,0,0.0,1000,direct,Bos_grunniens,0.0,0,621
2604,Aonyx_congicus,,,,DD,0.204666502226344,0.520897766927662,1.09068330460397,0.984388063005631,0.175709862409522,0.539855862089863,1.05027067915413,0,0.0,1000,unmatched,,,0,622
2698,Nyctimene_sanctacrucis,Chiroptera,Pteropodidae,Nyctimene,DD,0.19451447303957,0.518028240097571,1.08943802712257,1.55285033024139,0.168595465815175,0.492591405918125,1.39970060563286,0,0.0,1000,direct,Nyctimene_sanctacrucis,0.0,0,623
2512,Myotis_oreias,,,,DD,0.212607520987309,0.546563061645242,1.08918884472549,1.53778412148999,0.180474730371037,0.556224787580202,1.27498893585765,0,0.0,1000,unmatched,,,0,624
2708,Dermanura_toltecus,,,,DD,0.192888075099146,0.534903614837645,1.08885345225744,0.430979104024224,0.171009862162587,0.571698565746269,1.0129348059795,0,0.0,1000,unmatched,,,0,625
2450,Hylaeamys_tatei,Rodentia,Cricetidae,Hylaeamys,DD,0.219483995673363,0.551674043909257,1.08572197958597,1.37527357817385,0.178836655102767,0.660012747824462,1.29997720696873,0,0.0,1000,direct,Hylaeamys_tatei,0.0,0,626
2403,Myotis_insularum,Chiroptera,Vespertilionidae,Myotis,DD,0.225993556077121,0.511304891987063,1.08486211073805,1.45349714466041,0.193196560688065,0.618862500919553,1.21365291036386,0,0.0,1000,direct,Myotis_insularum,0.0,0,627
2513,Myotis_badius,Chiroptera,Vespertilionidae,Myotis,DD,0.212578881346084,0.591624466143033,1.08476086525604,1.45080341429324,0.179293662991265,0.555243719140129,1.26848302376225,0,0.0,1000,direct,Myotis_badius,0.0,0,628
2616,Myotis_soror,Chiroptera,Vespertilionidae,Myotis,DD,0.203348245372186,0.511341416119065,1.08417219508916,1.43902761669438,0.182344968628846,0.557204946399341,1.20994606588185,0,0.0,1000,direct,Myotis_soror,0.0,0,629
2470,Otomops_secundus,Chiroptera,Molossidae,Otomops,DD,0.217502578551907,0.558217813218451,1.08037489767291,1.67378120447591,0.180547109845956,0.635575867966615,1.29813224460424,0,0.0,1000,direct,Otomops_secundus,0.0,0,630
2620,Sylvilagus_insonus,Lagomorpha,Leporidae,Sylvilagus,DD,0.202723557219713,0.510880381695459,1.07997489085458,1.5263857507292,0.168383038110173,0.570532371841943,1.26156189764443,0,0.0,1000,direct,Sylvilagus_insonus,0.0,0,631
2393,Myotis_bucharensis,Chiroptera,Vespertilionidae,Myotis,DD,0.226874783605755,0.500109709396918,1.07941092781373,1.51609749559039,0.181579758791239,0.557204946399341,1.24626046634642,0,0.0,1000,direct,Myotis_bucharensis,0.0,0,632
2531,Glischropus_aquilus,Chiroptera,Vespertilionidae,Glischropus,NE,0.211165416204634,0.550604638985692,1.07542592746524,1.51239279478149,0.17672088535038,0.57709056527971,1.32693757535173,0,0.0,1000,direct,Glischropus_aquilus,0.0,0,633
2493,Mus_oubanguii,Rodentia,Muridae,Mus,DD,0.214041732694533,0.516643247943712,1.07489404345695,1.50812780911644,0.184476500337859,0.58202024014823,1.3306616700444,0,0.0,1000,direct,Mus_oubanguii,0.0,0,634
2645,Rhinolophus_sakejiensis,Chiroptera,Rhinolophidae,Rhinolophus,DD,0.200109376803871,0.494659512439477,1.07401441030025,1.36105234877439,0.164276558945935,0.441533754911427,1.39216955629265,0,0.0,1000,direct,Rhinolophus_sakejiensis,0.0,0,635
2526,Sorex_alaskanus,Eulipotyphla,Soricidae,Sorex,NE,0.211453498959077,0.585175814654881,1.07162656654933,1.79030908064444,0.167602450460526,0.506916444008895,1.66566669963635,0,0.0,1000,synonym:nominalName,Sorex_navigator,0.0,0,636
2680,Mazama_americana,Artiodactyla,Cervidae,Mazama,DD,0.196280965910454,0.478084506421763,1.06245389645412,0.52260135347298,0.173431851346135,0.48246004413116,1.04156805690584,0,0.0,1000,direct,Mazama_americana,0.0,0,637
2560,Myotis_izecksohni,Chiroptera,Vespertilionidae,Myotis,DD,0.208619585006364,0.502149142950247,1.05853654984296,1.57751243009878,0.187352290787223,0.592802883270273,1.27279834123253,0,0.0,1000,direct,Myotis_izecksohni,0.0,0,638
2684,Sorex_cansulus,Eulipotyphla,Soricidae,Sorex,DD,0.19573385158689,0.535039674938823,1.05160310153514,1.76052844692624,0.166762954451852,0.506411431181778,1.57232630675835,0,0.0,1000,direct,Sorex_cansulus,0.0,0,639
2676,Rhinolophus_mitratus,Chiroptera,Rhinolophidae,Rhinolophus,DD,0.196521208673166,0.540492271455462,1.04850779372926,1.47423726143979,0.166762954451852,0.465029282864858,1.3400245524191,0,0.0,1000,direct,Rhinolophus_mitratus,0.0,0,640
2749,Nyctimene_cyclotis,Chiroptera,Pteropodidae,Nyctimene,DD,0.188708542510332,0.503519797086418,1.04811159533053,1.53567642754355,0.168328786088906,0.492438256169321,1.33418593345752,0,0.0,1000,direct,Nyctimene_cyclotis,0.0,0,641
2585,Rhinolophus_nereis,Chiroptera,Rhinolophidae,Rhinolophus,DD,0.206138848998862,0.500559913417352,1.04758468640725,1.47864908342815,0.165442603596593,0.466005933449091,1.45495055245774,0,0.0,1000,direct,Rhinolophus_nereis,0.0,0,642
2668,Nyctimene_draconilla,Chiroptera,Pteropodidae,Nyctimene,DD,0.197044535923089,0.512293122225611,1.04498092614588,1.49514187314678,0.170095144505866,0.498584020917048,1.32752350886672,0,0.0,1000,direct,Nyctimene_draconilla,0.0,0,643
3035,Rhinolophus_convexus,Chiroptera,Rhinolophidae,Rhinolophus,DD,0.166351354178144,0.505824385681282,1.04393833745169,1.30785351993091,0.163530784100116,0.442242131653213,1.27104892124427,0,0.0,1000,direct,Rhinolophus_convexus,0.0,0,644
2689,Rhinolophus_maendeleo,Chiroptera,Rhinolophidae,Rhinolophus,DD,0.195355327869766,0.467311148157444,1.04170721205459,1.43878518567488,0.166762954451852,0.465029282864858,1.30035363549061,0,0.0,1000,direct,Rhinolophus_maendeleo,0.0,0,645
2665,Myotis_diminutus,Chiroptera,Vespertilionidae,Myotis,DD,0.197106069007528,0.49898933942962,1.0406270339286,1.40753353085392,0.181579758791239,0.557019683972937,1.18818947882283,0,0.0,1000,direct,Myotis_diminutus,0.0,0,646
2814,Rhinolophus_adami,Chiroptera,Rhinolophidae,Rhinolophus,DD,0.183275877406713,0.508108286153114,1.03810709836878,1.5465893085524,0.164473653464944,0.466005933449091,1.39334359924941,0,0.0,1000,direct,Rhinolophus_adami,0.0,0,647
2772,Sylvilagus_cognatus,Lagomorpha,Leporidae,Sylvilagus,NE,0.186784027207169,0.461577729540003,1.03477815421064,1.59183611177224,0.167691132088187,0.561702193508168,1.25278157979846,0,0.0,1000,synonym:nominalName,Sylvilagus_holzneri,0.0,0,648
2686,Cerradomys_langguthi,Rodentia,Cricetidae,Cerradomys,NE,0.195591156899118,0.567687176585612,1.03233651211926,0.369070240197334,0.184039333381812,0.664408525853279,1.0419825424235,0,0.0,1000,direct,Cerradomys_langguthi,0.0,0,649
2553,Reithrodontomys_paradoxus,Rodentia,Cricetidae,Reithrodontomys,DD,0.209118151485478,0.531093422603788,1.03026455149134,1.40743479785583,0.190405080920532,0.67828273302975,1.16489034215912,0,0.0,1000,direct,Reithrodontomys_paradoxus,0.0,0,650
2986,Crocidura_mindorus,Eulipotyphla,Soricidae,Crocidura,DD,0.170563780079441,0.430680957787783,1.03026021431882,0.543441264982127,0.165991491034188,0.501605725939104,0.91419747991711,0,0.0,1000,direct,Crocidura_mindorus,0.0,0,651
2527,Chiropodomys_pusillus,Rodentia,Muridae,Chiropodomys,DD,0.21126764700772,0.612110431425115,1.02185856648975,1.92896625260108,0.182804400337094,0.554487523573227,1.56038113880216,0,0.0,1000,direct,Chiropodomys_pusillus,0.0,0,652
2611,Scotoecus_albofuscus,Chiroptera,Vespertilionidae,Scotoecus,DD,0.204098902367589,0.534643812847244,1.01579115349276,1.72864948071139,0.170238909629781,0.60639097737365,1.59492631792074,0,0.0,1000,direct,Scotoecus_albofuscus,0.0,0,653
2656,Nyctimene_masalai,Chiroptera,Pteropodidae,Nyctimene,DD,0.1986562530187,0.52363128501118,1.01570642641334,1.3166518469656,0.168328786088906,0.492489091874593,1.4152638990785,0,0.0,1000,direct,Nyctimene_masalai,0.0,0,654
2444,Meriones_zarudnyi,Rodentia,Muridae,Meriones,DD,0.220547276107537,0.550696698620254,1.01368261753732,1.53372831229701,0.187664990530121,0.58762099617658,1.39783872428046,0,0.0,1000,direct,Meriones_zarudnyi,0.0,0,655
2579,Myotis_rufopictus,Chiroptera,Vespertilionidae,Myotis,DD,0.206803297088896,0.524810104535101,1.01009248410521,1.42150745732328,0.190099351652933,0.601794563943173,1.19035990383492,0,0.0,1000,direct,Myotis_rufopictus,0.0,0,656
2754,Sturnira_sorianoi,Chiroptera,Phyllostomidae,Sturnira,DD,0.188216767604086,0.536623748831177,1.00464519800295,1.34582919883589,0.17672088535038,0.582274446959609,1.21406219150281,0,0.0,1000,direct,Sturnira_sorianoi,0.0,0,657
2649,Rhinolophus_silvestris,Chiroptera,Rhinolophidae,Rhinolophus,DD,0.199443239908039,0.471670871188262,1.00435535368255,1.43277610115672,0.164473653464944,0.461585966438189,1.35466551885858,0,0.0,1000,direct,Rhinolophus_silvestris,0.0,0,658
2517,Phyllotis_osgoodi,Rodentia,Cricetidae,Phyllotis,DD,0.212268547303871,0.474989099987159,1.00112156748566,1.26543200274776,0.178836655102767,0.625770990233506,1.18465874879414,0,0.0,1000,direct,Phyllotis_osgoodi,0.0,0,659
2674,Rhinolophus_shortridgei,Chiroptera,Rhinolophidae,Rhinolophus,DD,0.19684260632942,0.459514210364085,1.00043692883365,1.37312727478957,0.164276558945935,0.462424498114528,1.33589085481599,0,0.0,1000,direct,Rhinolophus_shortridgei,0.0,0,660
2646,Glischropus_javanus,Chiroptera,Vespertilionidae,Glischropus,DD,0.199564250068216,0.496077692428402,0.996676766597946,1.59600832307014,0.174070030175688,0.57709056527971,1.32933031828124,0,0.0,1000,direct,Glischropus_javanus,0.0,0,661
2597,Sturnira_mistratensis,Chiroptera,Phyllostomidae,Sturnira,DD,0.205246171378786,0.543503901920877,0.996522041607599,1.45188776396676,0.176938095184123,0.577974342802501,1.35956656733295,0,0.0,1000,direct,Sturnira_mistratensis,0.0,0,662
2888,Dermanura_incomitatus,,,,DD,0.177827072743853,0.500553366682421,0.993161369088284,0.40967014807955,0.171968786413411,0.58286876954404,0.9504853966227,0,0.0,1000,unmatched,,,0,663
2565,Sigmodon_planifrons,Rodentia,Cricetidae,Sigmodon,NE,0.208432430083404,0.532845245570121,0.992974694750106,1.37340821216849,0.187043744980449,0.662481299739779,1.33839659608578,0,0.0,1000,direct,Sigmodon_planifrons,0.0,0,664
2796,Coendou_quichua,Rodentia,Erethizontidae,Coendou,DD,0.184402415770712,0.485148727146535,0.991793043778023,0.530975663082288,0.178445515735906,0.574692274165113,0.97293134454247,0,0.0,1000,direct,Coendou_quichua,0.0,0,665
2766,Rhinolophus_keyensis,Chiroptera,Rhinolophidae,Rhinolophus,DD,0.187198777507755,0.508844079284842,0.991076888315975,1.4068942218866,0.164276558945935,0.451478535416201,1.40822719451785,0,0.0,1000,direct,Rhinolophus_keyensis,0.0,0,666
2503,Mus_goundae,Rodentia,Muridae,Mus,DD,0.213249566430988,0.527513575440397,0.9894144124339,1.55632326124548,0.182804400337094,0.569884407614221,1.28974632756254,0,0.0,1000,direct,Mus_goundae,0.0,0,667
2617,Homo_sapiens,Primates,Hominidae,Homo,NE,0.203181161249371,0.519774630602583,0.987488031977296,0.454075163531535,0.177513548684819,0.572232123815454,0.899206645021,0,0.0,1000,direct,Homo_sapiens,0.0,0,668
3116,Rhinolophus_subrufus,Chiroptera,Rhinolophidae,Rhinolophus,DD,0.159438246167054,0.393635206939902,0.980488637265022,0.531182166425541,0.164276558945935,0.462547542697903,0.93636859744254,0,0.0,1000,direct,Rhinolophus_subrufus,0.0,0,669
2971,Cavia_patzelti,Rodentia,Caviidae,Cavia,DD,0.171579556803657,0.468401642757693,0.980179771588776,0.570037738434787,0.177154133476431,0.577533098570645,0.89282013966414,0,0.0,1000,direct,Cavia_patzelti,0.0,0,670
2973,Emballonura_tiavato,,,,DD,0.171409452150815,0.48052414328919,0.9733670602551,0.525211268711437,0.181703501084761,0.605315941076219,0.38736591485664,0,0.0,1000,unmatched,,,0,671
2570,Nyctinomops_kalinowskii,,,,DD,0.207907175589695,0.538107456894481,0.969723597489756,1.47078846577644,0.180547109845956,0.637610621202389,1.37339820390362,0,0.0,1000,unmatched,,,0,672
2710,Microtus_evoronensis,Rodentia,Cricetidae,Alexandromys,DD,0.192640012290652,0.493476384033188,0.969647929704315,1.28620606864133,0.184513414993001,0.63915979307467,1.08815606748137,0,0.0,1000,synonym:MSW3,Alexandromys_evoronensis,0.0,0,673
3047,Miniopterus_fuliginosus,Chiroptera,Miniopteridae,Miniopterus,NE,0.164844613919206,0.491270675674074,0.966482656023,0.607981621351568,0.180547109845956,0.636026532829089,0.58964398065497,0,0.0,1000,direct,Miniopterus_fuliginosus,0.0,0,674
2744,Dasyprocta_kalinowskii,Rodentia,Dasyproctidae,Dasyprocta,DD,0.189421391088292,0.544647849052155,0.963695809409933,1.40015247274097,0.177154133476431,0.57592484995474,1.24351069475311,0,0.0,1000,direct,Dasyprocta_kalinowskii,0.0,0,675
2669,Phoniscus_aerosa,Chiroptera,Vespertilionidae,Phoniscus,DD,0.197025327594771,0.56237141252953,0.958194007890049,1.56791327743161,0.180547109845956,0.641268285055058,1.4467681078328,0,0.0,1000,synonym:MSW3,Phoniscus_aerosus,0.0,0,676
2533,Aethomys_granti,,,,DD,0.211125548503716,0.52645994409334,0.957674689924625,1.68693394017609,0.183918432151188,0.592300787870039,1.30115008356031,0,0.0,1000,unmatched,,,0,677
2678,Oecomys_sydandersoni,Rodentia,Cricetidae,Oecomys,NE,0.196290214289709,0.46268981571991,0.957543575698678,1.28104404122817,0.182049713057435,0.667721856260918,1.12422639601902,0,0.0,1000,direct,Oecomys_sydandersoni,0.0,0,678
2704,Acomys_airensis,Rodentia,Muridae,Acomys,NE,0.193165445755392,0.550126254182601,0.953111261802159,1.47110620617124,0.191657551337719,0.609663983930992,1.48447821457626,0,0.0,1000,synonym:nominalName,Acomys_chudeaui,0.0,0,679
3043,Miniopterus_minor,Chiroptera,Miniopteridae,Miniopterus,DD,0.165391044287129,0.4487778446642,0.951715636979925,0.591131167175197,0.182814367944735,0.640195793229896,0.88369330981014,0,0.0,1000,direct,Miniopterus_minor,0.0,0,680
2825,Coendou_baturitensis,Rodentia,Erethizontidae,Coendou,DD,0.182292162664603,0.454098592958594,0.951529442955172,1.26882564684466,0.178445515735906,0.572568573325247,1.16648781655085,0,0.0,1000,direct,Coendou_baturitensis,0.0,0,681
2875,Sylvilagus_varynaensis,Lagomorpha,Leporidae,Sylvilagus,DD,0.178722406177645,0.518024347455266,0.948005194745984,1.51216688216805,0.167201609279599,0.561702193508168,1.25273615400416,0,0.0,1000,direct,Sylvilagus_varynaensis,0.0,0,682
2972,Scotophilus_borbonicus,Chiroptera,Vespertilionidae,Scotophilus,DD,0.171569713109502,0.511091423816381,0.947107600926971,0.549441943933928,0.176938095184123,0.636026532829089,0.93688606985521,0,0.0,1000,direct,Scotophilus_borbonicus,0.0,0,683
2856,Rhinolophus_luctoides,Chiroptera,Rhinolophidae,Rhinolophus,NE,0.180276033800515,0.479410498838092,0.944967449019235,1.40753645863504,0.164473653464944,0.440833355855281,1.21995083151013,0,0.0,1000,direct,Rhinolophus_luctoides,0.0,0,684
2399,Lophuromys_sabunii,Rodentia,Muridae,Lophuromys,DD,0.22629281591133,0.518102561677106,0.941197949280835,1.41485907326868,0.189386835157634,0.594242824031715,1.28922444583318,0,0.0,1000,direct,Lophuromys_sabunii,0.0,0,685
2978,Pteropus_keyensis,Chiroptera,Pteropodidae,Pteropus,DD,0.171139794416149,0.411008910167397,0.936489696119298,1.0683637501896,0.171968786413411,0.538549662376626,0.919497483483379,0,0.0,1000,direct,Pteropus_keyensis,0.0,0,686
2904,Microtus_hyperboreus,,,,DD,0.176096517889324,0.475208549809305,0.932194900898762,1.1694286718425,0.184852399085686,0.625390760886388,1.05461201890155,0,0.0,1000,unmatched,,,0,687
2935,Necromys_punctulatus,Rodentia,Cricetidae,Necromys,DD,0.17431548607446,0.448019736660851,0.931201880236913,1.39690742154435,0.185440348058406,0.656135167715183,1.16598484799366,0,0.0,1000,direct,Necromys_punctulatus,0.0,0,688
2725,Lophuromys_machangui,Rodentia,Muridae,Lophuromys,DD,0.190984080694444,0.50196183407032,0.930822318785597,1.336380122285,0.189386835157634,0.609783209463393,1.10205594697993,0,0.0,1000,direct,Lophuromys_machangui,0.0,0,689
2959,Lonchorhina_inusitata,Chiroptera,Phyllostomidae,Lonchorhina,DD,0.172657010936284,0.45350706395858,0.927172285596684,0.473598314236788,0.179548637407013,0.586361523825125,0.70320178794767,0,0.0,1000,direct,Lonchorhina_inusitata,0.0,0,690
2898,Aethomys_stannarius,Rodentia,Muridae,Aethomys,DD,0.17660771180731,0.538343608284456,0.92660786929871,1.50558170964411,0.181037179303071,0.562910350976412,1.25799619204623,0,0.0,1000,direct,Aethomys_stannarius,0.0,0,691
3071,Coendou_roosmalenorum,Rodentia,Erethizontidae,Coendou,DD,0.162607881407437,0.470883523107107,0.924383121437421,1.11660220761116,0.178445515735906,0.571392651026132,1.07627924921661,0,0.0,1000,direct,Coendou_roosmalenorum,0.0,0,692
2800,Callicebus_aureipalatii,,,,DD,0.184276842989751,0.494593173734229,0.919723237558253,1.2926544993439,0.178735888288564,0.553914893752333,1.16907068629996,0,0.0,1000,unmatched,,,0,693
3028,Muntiacus_rooseveltorum,Artiodactyla,Cervidae,Muntiacus,DD,0.167402382970415,0.359277413040897,0.919428096468296,0.54333514517643,0.174250467837342,0.48618186895501,0.83554932802357,0,0.0,1000,direct,Muntiacus_rooseveltorum,0.0,0,694
2776,Fukomys_ilariae,Rodentia,Bathyergidae,Fukomys,DD,0.186463477748829,0.494839539193916,0.918319280585342,1.21883544426698,0.183300764633813,0.615778815088293,1.15267193768977,0,0.0,1000,direct,Fukomys_ilariae,0.0,0,695
3109,Microtus_anatolicus,Rodentia,Cricetidae,Microtus,DD,0.160221118296306,0.461087090852558,0.918176587668923,0.309075414268633,0.184513414993001,0.645708693441083,0.88994249963589,0,0.0,1000,direct,Microtus_anatolicus,0.0,0,696
2699,Neodon_forresti,Rodentia,Cricetidae,Neodon,DD,0.194242405423044,0.481017842831934,0.916945611895465,1.18929808981747,0.185785744229175,0.638547646247332,1.01522978823812,0,0.0,1000,direct,Neodon_forresti,0.0,0,697
2797,Fukomys_vandewoestijneae,Rodentia,Bathyergidae,Fukomys,DD,0.184393731674322,0.529754683194218,0.916564761901571,1.29279703339858,0.183300764633813,0.615778815088293,1.14836870130579,0,0.0,1000,direct,Fukomys_vandewoestijneae,0.0,0,698
3103,Sylvilagus_robustus,Lagomorpha,Leporidae,Sylvilagus,NE,0.160490974719416,0.36634863440894,0.915962991447238,0.601621106259697,0.167691132088187,0.561702193508168,0.81470954103452,0,0.0,1000,synonym:nominalName,Sylvilagus_holzneri,0.0,0,699
3092,Mops_sarasinorum,Chiroptera,Molossidae,Mops,DD,0.1610862299441,0.474489075011845,0.915429235018109,1.25723177396806,0.182279456381909,0.623404817248843,1.07950190773893,0,0.0,1000,direct,Mops_sarasinorum,0.0,0,700
2939,Microtus_mujanensis,Rodentia,Cricetidae,Alexandromys,DD,0.173893215762712,0.43427182486415,0.91526545422732,1.25228676121791,0.185044092885353,0.645816855567939,1.07564103484151,0,0.0,1000,synonym:MSW3,Alexandromys_mujanensis,0.0,0,701
2719,Mylomys_rex,Rodentia,Muridae,Mylomys,DD,0.191868274957847,0.460993391038767,0.91409751803514,1.27789529957014,0.184476500337859,0.591658757921304,1.15237452524656,0,0.0,1000,direct,Mylomys_rex,0.0,0,702
2743,Fukomys_foxi,Rodentia,Bathyergidae,Fukomys,DD,0.189439263976274,0.444841892033966,0.913948691212846,1.18456631892717,0.182301474906387,0.597483690516825,1.11951783872687,0,0.0,1000,direct,Fukomys_foxi,0.0,0,703
2778,Pseudomys_pilligaensis,Rodentia,Muridae,Pseudomys,NE,0.186039691948273,0.443788136219971,0.91328535330124,1.34971399753356,0.180102745531761,0.541909569339276,1.16557987399984,0,0.0,1000,synonym:nominalName,Pseudomys_mimulus,0.0,0,704
2764,Haeromys_margarettae,Rodentia,Muridae,Haeromys,DD,0.187486818636364,0.431918995663755,0.912105840850955,1.22924039397729,0.184513414993001,0.591484434813693,1.14158130270968,0,0.0,1000,direct,Haeromys_margarettae,0.0,0,705
2714,Lophuromys_stanleyi,Rodentia,Muridae,Lophuromys,DD,0.192315539863444,0.551881033751004,0.911133578066536,1.31905036436392,0.188590011337757,0.600119521048712,1.23314412591035,0,0.0,1000,direct,Lophuromys_stanleyi,0.0,0,706
2950,Glauconycteris_egeria,Chiroptera,Vespertilionidae,Glauconycteris,DD,0.173430304134038,0.444927542424326,0.91074086235998,0.694797975853496,0.18403234180357,0.652882538216991,0.89566692720282,0,0.0,1000,direct,Glauconycteris_egeria,0.0,0,707
2960,Crunomys_suncoides,Rodentia,Muridae,Crunomys,DD,0.172640260997028,0.452823505985089,0.908902280864107,0.368806070269961,0.193369921075011,0.612089398886078,0.83058383302024,0,0.0,1000,direct,Crunomys_suncoides,0.0,0,708
2807,Lophuromys_cinereus,Rodentia,Muridae,Lophuromys,DD,0.183805769624308,0.533717821400666,0.904801357046539,1.26022897646798,0.190092299286517,0.609663983930992,1.12078419223723,0,0.0,1000,direct,Lophuromys_cinereus,0.0,0,709
3201,Muntiacus_feae,Artiodactyla,Cervidae,Muntiacus,DD,0.153233750538321,0.360151865708521,0.903460725969069,0.537971080818445,0.171722280025171,0.482253422773467,0.77023480776318,0,0.0,1000,direct,Muntiacus_feae,0.0,0,710
2855,Pteropus_intermedius,Chiroptera,Pteropodidae,Pteropus,DD,0.180389299777937,0.444179576630436,0.902981554198701,1.10877050250932,0.171968786413411,0.552373562312716,0.905898070373178,0,0.0,1000,direct,Pteropus_intermedius,0.0,0,711
2740,Madoqua_piacentinii,Artiodactyla,Bovidae,Madoqua,DD,0.189919668838202,0.51371944071607,0.90133242971741,1.45532548304178,0.173922185920503,0.498322157826964,1.31275373064084,0,0.0,1000,direct,Madoqua_piacentinii,0.0,0,712
2738,Callicebus_miltoni,,,,DD,0.189951181662208,0.461036884433594,0.901140375452677,1.40650105391295,0.177214341813134,0.550430439853311,1.12981031778449,0,0.0,1000,unmatched,,,0,713
3002,Callicebus_dubius,,,,DD,0.169103796450849,0.487281752658203,0.901067240401273,1.11925250782484,0.176040603037455,0.554451718947908,1.07711486815229,0,0.0,1000,unmatched,,,0,714
2852,Solomys_salamonis,Rodentia,Muridae,Solomys,DD,0.180587341062891,0.396249311256255,0.900712527375998,0.76462648288316,0.181203860843429,0.557283129855698,0.578739805546507,0,0.0,1000,direct,Solomys_salamonis,0.0,0,715
2936,Myoictis_wavicus,,,,DD,0.17423081024214,0.459698263778365,0.898877304854973,0.497011282006281,0.171161541835892,0.592736534390343,0.845716608351,0,0.0,1000,unmatched,,,0,716
3066,Scapteromys_meridionalis,Rodentia,Cricetidae,Scapteromys,NE,0.162921922858341,0.471445020933309,0.89772262892486,0.339211705932365,0.185440348058406,0.663269601948324,0.8944706990273,0,0.0,1000,direct,Scapteromys_meridionalis,0.0,0,717
2782,Pithecia_rylandsi,Primates,Pitheciidae,Pithecia,DD,0.185853104606613,0.478320663386463,0.896752059038334,1.37411513299069,0.177214341813134,0.558140673714476,1.1137993542802,0,0.0,1000,synonym:nominalName,Pithecia_irrorata,0.0,0,718
2712,Scotophilus_nucella,Chiroptera,Vespertilionidae,Scotophilus,DD,0.192545120724608,0.488780475874395,0.895074900881444,1.38992757923924,0.179548637407013,0.628374097235829,1.4075070130967,0,0.0,1000,direct,Scotophilus_nucella,0.0,0,719
2695,Graomys_edithae,Rodentia,Cricetidae,Graomys,DD,0.19493986318497,0.486410809892037,0.894493105566747,1.32580675438656,0.178162589748789,0.645346927610388,1.34082824527015,0,0.0,1000,direct,Graomys_edithae,0.0,0,720
2823,Pithecia_vanzolinii,Primates,Pitheciidae,Pithecia,DD,0.182552152454086,0.430635967853349,0.89366271882107,1.40127192568403,0.178163851179345,0.558140673714476,1.14270376468546,0,0.0,1000,direct,Pithecia_vanzolinii,0.0,0,721
2788,Lophuromys_menageshae,Rodentia,Muridae,Lophuromys,DD,0.185122131099231,0.516553684790911,0.89272462540403,1.26889114556488,0.190092299286517,0.594558987798305,1.13778992245895,0,0.0,1000,direct,Lophuromys_menageshae,0.0,0,722
2805,Crunomys_fallax,Rodentia,Muridae,Crunomys,DD,0.183945196192575,0.430061495474105,0.892718703254175,1.05838489522879,0.193369921075011,0.616993956713028,1.03361815881339,0,0.0,1000,direct,Crunomys_fallax,0.0,0,723
2889,Callicebus_stephennashi,,,,DD,0.177583605685958,0.477098794281933,0.889885887094354,1.36392511565428,0.176040603037455,0.548110000916055,1.14594100334158,0,0.0,1000,unmatched,,,0,724
2728,Holochilus_lagigliai,Rodentia,Cricetidae,Holochilus,NE,0.190679898928855,0.490913526173377,0.88860119478493,1.28718795575984,0.181350140272025,0.668118055848752,1.19322051008333,0,0.0,1000,direct,Holochilus_lagigliai,0.0,0,725
3130,Laephotis_botswanae,Chiroptera,Vespertilionidae,Laephotis,DD,0.158132980403605,0.420925768785828,0.887993720005915,0.553561050078494,0.175827105608337,0.610267001553225,0.844001955108585,0,0.0,1000,synonym:nominalName,Laephotis_angolensis,0.0,0,726
2870,Callicebus_vieirai,,,,DD,0.179047517022037,0.47180922206832,0.886578907972447,1.28971339565942,0.176040603037455,0.555482804514044,1.12530185977415,0,0.0,1000,unmatched,,,0,727
2850,Callicebus_caquetensis,,,,DD,0.180618504894138,0.446149089282841,0.885528391632295,1.26190606455713,0.176040603037455,0.555482804514044,1.09285375547424,0,0.0,1000,unmatched,,,0,728
2846,Mirzamys_norahae,Rodentia,Muridae,Mirzamys,DD,0.180892435262437,0.434640934055777,0.882464684094974,1.16451857526843,0.184513414993001,0.591484434813693,1.14720276582736,0,0.0,1000,direct,Mirzamys_norahae,0.0,0,729
2858,Pithecia_insuta,,,,DD,0.180056915064322,0.466980807770147,0.879636827390376,1.31409919001492,0.178163851179345,0.558140673714476,1.14857544870455,0,0.0,1000,unmatched,,,0,730
2900,Neusticomys_ferreirai,,,,DD,0.176514564387259,0.420557733273392,0.876233297357966,1.16919509211122,0.185785744229175,0.662601275612754,1.01991447894692,0,0.0,1000,unmatched,,,0,731
2806,Lophuromys_makundii,Rodentia,Muridae,Lophuromys,DD,0.183887121476189,0.508229318079266,0.875978470606048,1.34073550553617,0.190092299286517,0.600316459282902,1.12805917621753,0,0.0,1000,direct,Lophuromys_makundii,0.0,0,732
2886,Aethomys_silindensis,Rodentia,Muridae,Aethomys,DD,0.177902542211244,0.502894029909598,0.87570507705019,1.4162756500257,0.181037179303071,0.562910350976412,1.24565409029586,0,0.0,1000,direct,Aethomys_silindensis,0.0,0,733
2865,Miniopterus_oceanensis,Chiroptera,Miniopteridae,Miniopterus,NE,0.179322132166431,0.465854005850996,0.87378586788988,1.17421067975789,0.179548637407013,0.628463143160361,1.14958546366917,0,0.0,1000,synonym:nominalName,Miniopterus_orianae,0.0,0,734
2949,Pithecia_mittermeieri,Primates,Pitheciidae,Pithecia,DD,0.173468212137485,0.451700242901174,0.872959915959167,1.32399964714076,0.177214341813134,0.555124574788534,1.14871665774678,0,0.0,1000,synonym:nominalName,Pithecia_irrorata,0.0,0,735
2987,Miniopterus_newtoni,Chiroptera,Miniopteridae,Miniopterus,DD,0.170462689965225,0.478409504800816,0.868225535550553,1.11792757734617,0.182279456381909,0.634721396734602,1.15736548242577,0,0.0,1000,direct,Miniopterus_newtoni,0.0,0,736
3094,Muntiacus_gongshanensis,Artiodactyla,Cervidae,Muntiacus,DD,0.160876919594886,0.366382458859465,0.867831436615794,1.13887132461527,0.174250467837342,0.486206729583633,0.9015944960293,0,0.0,1000,direct,Muntiacus_gongshanensis,0.0,0,737
3061,Lemniscomys_roseveari,Rodentia,Muridae,Lemniscomys,DD,0.163509793126789,0.465348811664793,0.866951236807701,1.32808083208259,0.1847344135563,0.605275747785911,1.12442068433079,0,0.0,1000,direct,Lemniscomys_roseveari,0.0,0,738
2877,Callicebus_urubambensis,,,,DD,0.178700179237422,0.508527201987603,0.866638855351963,1.38383396542197,0.176040603037455,0.554451718947908,1.11687234097301,0,0.0,1000,unmatched,,,0,739
3030,Brucepattersonius_albinasus,Rodentia,Cricetidae,Brucepattersonius,DD,0.16712865322957,0.465129596552648,0.866531634554823,1.28932713085331,0.186442509462294,0.662481299739779,1.04179810726079,0,0.0,1000,synonym:nominalName,Brucepattersonius_griserufescens,0.0,0,740
2945,Petinomys_hageni,Rodentia,Sciuridae,Petinomys,DD,0.173661823109605,0.415455310439281,0.866375255321795,1.04498056715873,0.183168192728247,0.617928386243259,0.949327591785914,0,0.0,1000,direct,Petinomys_hageni,0.0,0,741
3125,Phyllomys_sulinus,Rodentia,Echimyidae,Phyllomys,DD,0.158729198817895,0.393919346083887,0.866126334815823,0.541705738585736,0.171290342518457,0.556484893320616,0.83520381376542,0,0.0,1000,direct,Phyllomys_sulinus,0.0,0,742
2968,Falsistrellus_petersi,Chiroptera,Vespertilionidae,Hypsugo,DD,0.171772650018325,0.431910921480624,0.865776425808277,1.16381868675157,0.17672088535038,0.627442581356524,1.00821648408196,0,0.0,1000,synonym:MSW3,Hypsugo_petersi,0.0,0,743
3044,Triaenops_parvus,Chiroptera,Rhinonycteridae,Triaenops,DD,0.165217840664131,0.515179918651925,0.865666543027976,1.31913673472438,0.164515274651873,0.496547562744698,1.42613544641769,0,0.0,1000,direct,Triaenops_parvus,0.0,0,744
3289,Crocidura_panayensis,Eulipotyphla,Soricidae,Crocidura,DD,0.146695395432114,0.369947240323872,0.864494704110544,0.451628244257674,0.165991491034188,0.505436081835085,0.64213057661511,0,0.0,1000,direct,Crocidura_panayensis,0.0,0,745
2916,Dasymys_nudipes,Rodentia,Muridae,Dasymys,DD,0.17559124610657,0.426340294707731,0.86442439438368,1.3226220203493,0.185440348058406,0.610503961094954,1.14041011947224,0,0.0,1000,direct,Dasymys_nudipes,0.0,0,746
3211,Eumops_maurus,Chiroptera,Molossidae,Eumops,DD,0.152736801806076,0.442404050180438,0.86291954430213,0.494490565164426,0.178541398339759,0.638250381404941,0.74766172962174,0,0.0,1000,direct,Eumops_maurus,0.0,0,747
3056,Falsistrellus_mordax,Chiroptera,Vespertilionidae,Hypsugo,DD,0.163985551698919,0.428069189723681,0.862559486666056,1.12106969388056,0.17672088535038,0.627244522589548,0.97736759510786,0,0.0,1000,synonym:MSW3,Hypsugo_mordax,0.0,0,748
3247,Otomys_orestes,Rodentia,Muridae,Otomys,NE,0.150275150274105,0.408391907993712,0.859802562575232,0.307047513461089,0.177942142714032,0.53865186845383,0.753788749512,0,0.0,1000,direct,Otomys_orestes,0.0,0,749
2883,Muntiacus_puhoatensis,Artiodactyla,Cervidae,Muntiacus,DD,0.178045731915916,0.393112658925509,0.858687896725082,1.06426137944372,0.171722280025171,0.486206729583633,0.94466569432313,0,0.0,1000,direct,Muntiacus_puhoatensis,0.0,0,750
3024,Pithecia_pissinattii,Primates,Pitheciidae,Pithecia,DD,0.167846387020815,0.445416690332301,0.858533593329793,1.3145426451519,0.177214341813134,0.558140673714476,1.09880975595035,0,0.0,1000,synonym:nominalName,Pithecia_irrorata,0.0,0,751
2919,Baiyankamys_habbema,Rodentia,Muridae,Baiyankamys,DD,0.175476152073686,0.439479037901185,0.856510418993697,1.2413463172509,0.182932911459228,0.588462680665113,1.11898313186167,0,0.0,1000,direct,Baiyankamys_habbema,0.0,0,752
3096,Petinomys_sagitta,,,,DD,0.160826499675747,0.410688748752502,0.851766805239481,1.02224285277289,0.183168192728247,0.615118597656152,0.958583887316471,0,0.0,1000,unmatched,,,0,753
3023,Thomasomys_pyrrhonotus,Rodentia,Cricetidae,Thomasomys,DD,0.167882140383998,0.394051247993311,0.84732906988297,1.26645009213241,0.184347989215724,0.636553758238596,1.07173651345674,0,0.0,1000,direct,Thomasomys_pyrrhonotus,0.0,0,754
2809,Dasymys_foxi,Rodentia,Muridae,Dasymys,DD,0.183579848361345,0.484924421185546,0.844905899837538,1.29535180992084,0.185044092885353,0.605043911337277,1.15820808668884,0,0.0,1000,direct,Dasymys_foxi,0.0,0,755
3015,Chaerephon_russatus,Chiroptera,Molossidae,Mops,DD,0.168553335849005,0.438863436298604,0.844286508092116,1.19987596676082,0.183232404712714,0.623305106558338,1.01762814338136,0,0.0,1000,synonym:MSW3,Mops_russatus,0.0,0,756
3090,Miniopterus_mossambicus,Chiroptera,Miniopteridae,Miniopterus,NE,0.161105193936633,0.44784292026339,0.842802073365567,1.24220396631661,0.179548637407013,0.635793888559764,1.09259595724537,0,0.0,1000,direct,Miniopterus_mossambicus,0.0,0,757
2918,Eumops_chiribaya,Chiroptera,Molossidae,Eumops,NE,0.17550697121023,0.456248876986009,0.840833912566508,1.29213952337972,0.179548637407013,0.637945763280793,1.19912301548021,0,0.0,1000,direct,Eumops_chiribaya,0.0,0,758
2926,Rattus_adustus,Rodentia,Muridae,Rattus,DD,0.174992965613665,0.407373910633214,0.838781867468951,1.06237240830597,0.188530979315155,0.635273823931595,0.93534716204528,0,0.0,1000,direct,Rattus_adustus,0.0,0,759
3224,Leontocebus_weddelli,,,,DD,0.152020660720579,0.361514984726358,0.83630799548798,0.401329708966747,0.169743438536495,0.556993492566201,0.7129429832607,0,0.0,1000,unmatched,,,0,760
3095,Brucepattersonius_griserufescens,Rodentia,Cricetidae,Brucepattersonius,DD,0.160831616333926,0.443797222143647,0.831698555343518,1.3314409720729,0.185785744229175,0.655843153406238,1.01683442735854,0,0.0,1000,direct,Brucepattersonius_griserufescens,0.0,0,761
3192,Leontocebus_fuscicollis,,,,DD,0.153590824950207,0.411367182268604,0.831561809570523,0.373217518785008,0.169743438536495,0.556993492566201,0.7350508750295,0,0.0,1000,unmatched,,,0,762
3358,Hipposideros_pendelburyi,,,,DD,0.141648391901355,0.365299353250064,0.830600680993661,0.433849141293936,0.164473653464944,0.437793647627483,0.79815973444628,0,0.0,1000,unmatched,,,0,763
3051,Graomys_centralis,Rodentia,Cricetidae,Graomys,DD,0.164662681891151,0.407913408658361,0.830348055327555,0.460995227604826,0.178162589748789,0.645346927610388,0.80154891016617,0,0.0,1000,synonym:MSW3,Graomys_chacoensis,0.0,0,764
2861,Neusticomys_oyapocki,Rodentia,Cricetidae,Daptomys,DD,0.179534958568283,0.446947886800285,0.83001227810275,1.13540798996789,0.186442509462294,0.665204352550452,1.03156993648663,0,0.0,1000,synonym:MSW3,Daptomys_oyapocki,0.0,0,765
2897,Lemniscomys_hoogstraali,Rodentia,Muridae,Lemniscomys,DD,0.177007419766042,0.449280110826488,0.829312829591769,1.33171661125246,0.1847344135563,0.605275747785911,1.10818785928957,0,0.0,1000,direct,Lemniscomys_hoogstraali,0.0,0,766
3086,Leontocebus_nigrifrons,,,,DD,0.161657663922382,0.388879514401695,0.827350073992894,0.37938008627109,0.169743438536495,0.556320636725575,0.7350508750295,0,0.0,1000,unmatched,,,0,767
3236,Leontocebus_cruzlimai,,,,DD,0.150890407492553,0.378462365381611,0.824715400471891,0.40562234282688,0.169743438536495,0.557260891538336,0.7129429832607,0,0.0,1000,unmatched,,,0,768
3341,Lama_glama,Artiodactyla,Camelidae,Lama,NE,0.142924146585803,0.342218412128543,0.823444968118111,0.400917063822266,0.168202196853499,0.484564767580794,0.8255187610858,0,0.0,1000,direct,Lama_glama,0.0,0,769
3088,Thomasomys_popayanus,Rodentia,Cricetidae,Thomasomys,DD,0.161549652503274,0.407259206989865,0.823260192046792,1.24668714769061,0.179281478799195,0.637585961983334,1.06731340819634,0,0.0,1000,direct,Thomasomys_popayanus,0.0,0,770
2963,Pithecia_isabela,Primates,Pitheciidae,Pithecia,DD,0.17191127123912,0.445638618506677,0.815627982601078,1.35322603452553,0.177513548684819,0.565096659612381,1.12311314364788,0,0.0,1000,direct,Pithecia_isabela,0.0,0,771
3005,Rattus_blangorum,Rodentia,Muridae,Rattus,DD,0.16897203376629,0.413491247338785,0.815296788063173,1.10424434606386,0.195301454737209,0.632336470328511,0.91906222742338,0,0.0,1000,direct,Rattus_blangorum,0.0,0,772
3026,Homo_neanderthalensis,,,,DD,0.167484498364236,0.401971827021782,0.811882157700816,0.449783420438798,0.177214341813134,0.571669318063644,0.7094604346304,0,0.0,1000,unmatched,,,0,773
2810,Grammomys_minnae,Rodentia,Muridae,Grammomys,NE,0.183537493124092,0.420403674253953,0.811340520424233,1.40236957294309,0.183068879014153,0.583788937788686,1.21172425460954,0,0.0,1000,synonym:nominalName,Grammomys_polionops,0.0,0,774
3220,Chaerephon_gallagheri,Chiroptera,Molossidae,Mops,DD,0.152220461296536,0.412099383082718,0.810421237441854,1.0347764632016,0.182814367944735,0.623176131889721,0.95712076068717,0,0.0,1000,synonym:MSW3,Mops_gallagheri,0.0,0,775
2992,Thamnomys_schoutedeni,Rodentia,Muridae,Thamnomys,DD,0.17018111692263,0.435398691650929,0.809657439513144,1.17506890099072,0.176905459429293,0.596321081889117,1.07088379942702,0,0.0,1000,direct,Thamnomys_schoutedeni,0.0,0,776
3176,Miniopterus_shortridgei,Chiroptera,Miniopteridae,Miniopterus,DD,0.154852618650182,0.424647636879081,0.809565497365992,1.13205408345071,0.179042431178678,0.614109423449229,1.17842770112497,0,0.0,1000,direct,Miniopterus_shortridgei,0.0,0,777
3064,Rhipidomys_caucensis,Rodentia,Cricetidae,Rhipidomys,DD,0.162977048433351,0.442282251946202,0.802701404801856,1.08137447482103,0.184347989215724,0.663856057549815,1.01862217863189,0,0.0,1000,direct,Rhipidomys_caucensis,0.0,0,778
2910,Rattus_omichlodes,Rodentia,Muridae,Rattus,DD,0.175940614043638,0.389273954092946,0.801611811797405,1.13327399808233,0.188530979315155,0.635351957358832,0.961158188869647,0,0.0,1000,direct,Rattus_omichlodes,0.0,0,779
3076,Mops_trevori,Chiroptera,Molossidae,Mops,DD,0.162373832446544,0.385669193196132,0.801473933384476,1.08203866799562,0.181703501084761,0.614789078468588,1.01477895662473,0,0.0,1000,direct,Mops_trevori,0.0,0,780
3027,Pithecia_cazuzai,Primates,Pitheciidae,Pithecia,DD,0.167480667416422,0.418115482598917,0.800684837341727,1.31407279848247,0.177513548684819,0.565096659612381,1.09257027150519,0,0.0,1000,direct,Pithecia_cazuzai,0.0,0,781
3100,Rattus_koopmani,Rodentia,Muridae,Rattus,DD,0.160701700713532,0.422343686170889,0.799850332215326,1.05484100371206,0.190968699891668,0.621792340670544,0.885535486452334,0,0.0,1000,direct,Rattus_koopmani,0.0,0,782
3218,Nyctophilus_heran,Chiroptera,Vespertilionidae,Nyctophilus,DD,0.152317397758139,0.383368413883537,0.796943437101456,1.05174155848141,0.182814367944735,0.63457526798895,0.869463453527978,0,0.0,1000,direct,Nyctophilus_heran,0.0,0,783
3304,Aconaemys_sagei,Rodentia,Octodontidae,Aconaemys,DD,0.145906186091661,0.370870516704919,0.796157748314766,0.462515786522802,0.168391638613638,0.56885286661767,0.75516423458056,0,0.0,1000,direct,Aconaemys_sagei,0.0,0,784
3277,Fukomys_micklemi,Rodentia,Bathyergidae,Fukomys,NE,0.147460248928676,0.354096145117471,0.794254018138588,0.62062534026707,0.180639228092253,0.587151600807724,0.65011428335096,0,0.0,1000,direct,Fukomys_micklemi,0.0,0,785
3219,Mops_niangarae,Chiroptera,Molossidae,Mops,DD,0.152311309660707,0.43898359863171,0.793443359239686,1.14022476532441,0.182279456381909,0.623377309918743,0.980846826317147,0,0.0,1000,direct,Mops_niangarae,0.0,0,786
2879,Grammomys_caniceps,Rodentia,Muridae,Grammomys,NE,0.178419482317337,0.388378752740767,0.789780482623384,1.31558739018553,0.184347989215724,0.583503563678791,1.14031727830301,0,0.0,1000,synonym:nominalName,Grammomys_surdaster,0.0,0,787
3068,Stenocephalemys_ruppi,Rodentia,Muridae,Stenocephalemys,DD,0.162910492100348,0.406856147921159,0.787235410987265,1.00592930318567,0.178784204552274,0.554790806265044,1.11984372193982,0,0.0,1000,direct,Stenocephalemys_ruppi,0.0,0,788
3184,Rhipidomys_ochrogaster,Rodentia,Cricetidae,Rhipidomys,DD,0.154460555196724,0.411062462871477,0.786628580653616,1.26972435767977,0.184823094322055,0.663667323935985,1.06375458328002,0,0.0,1000,direct,Rhipidomys_ochrogaster,0.0,0,789
3110,Coccymys_kirrhos,Rodentia,Muridae,Coccymys,DD,0.160172187428169,0.387119335338502,0.784122480739973,1.11181300915094,0.184347989215724,0.549455423763666,0.95637431712443,0,0.0,1000,direct,Coccymys_kirrhos,0.0,0,790
3186,Fukomys_amatus,Rodentia,Bathyergidae,Fukomys,NE,0.154210501830087,0.3405059217355,0.781373058931082,0.66172471070699,0.181621884245912,0.591707045279607,0.64546987985313,0,0.0,1000,direct,Fukomys_amatus,0.0,0,791
3139,Muntiacus_montanus,Artiodactyla,Cervidae,Muntiacus,DD,0.157562858905098,0.353448374751974,0.779680265041161,1.02459290114321,0.171722280025171,0.486206729583633,0.937340715372886,0,0.0,1000,direct,Muntiacus_montanus,0.0,0,792
3460,Lonchophylla_orienticollina,Chiroptera,Phyllostomidae,Lonchophylla,DD,0.134812154811704,0.359987139600599,0.779059495650152,0.432156522543963,0.168595465815175,0.57214383695109,0.684962069584774,0,0.0,1000,direct,Lonchophylla_orienticollina,0.0,0,793
3337,Felis_catus,Carnivora,Felidae,Felis,NE,0.143382192346923,0.352001575082073,0.778112155115107,0.38001185010177,0.173503458183883,0.538385215513756,0.74939604504009,0,0.0,1000,direct,Felis_catus,0.0,0,794
3167,Coccymys_albidens,Rodentia,Muridae,Brassomys,DD,0.155458245741087,0.414146877981571,0.776773863412259,1.10584617533893,0.184347989215724,0.549455423763666,0.968702229172156,0,0.0,1000,synonym:MSW3,Brassomys_albidens,0.0,0,795
3163,Ctenomys_viperinus,Rodentia,Ctenomyidae,Ctenomys,DD,0.155583314998039,0.346582212088587,0.776719810341293,1.0098152311374,0.168804327640178,0.561608744856406,0.922325409894946,0,0.0,1000,direct,Ctenomys_viperinus,0.0,0,796
3349,Coendou_vestitus,Rodentia,Erethizontidae,Coendou,DD,0.142162301700773,0.356088973959777,0.776247069212067,0.485243917342414,0.181621884245912,0.571392651026132,0.7408862208654,0,0.0,1000,direct,Coendou_vestitus,0.0,0,797
3272,Ctenomys_tulduco,Rodentia,Ctenomyidae,Ctenomys,DD,0.147819901677073,0.413407687053158,0.776180511650106,1.04209551237144,0.168804327640178,0.55826779488187,0.983192929469646,0,0.0,1000,direct,Ctenomys_tulduco,0.0,0,798
3290,Ctenomys_fochi,Rodentia,Ctenomyidae,Ctenomys,DD,0.146681875953169,0.356833908307439,0.775315891599565,1.10147137359988,0.169534794301079,0.569906129673086,0.995779681433191,0,0.0,1000,direct,Ctenomys_fochi,0.0,0,799
3212,Ctenomys_johannis,Rodentia,Ctenomyidae,Ctenomys,DD,0.152661064441425,0.374466367129886,0.773433581998924,1.01904109008474,0.170344008566499,0.561772231425026,1.00614522478587,0,0.0,1000,direct,Ctenomys_johannis,0.0,0,800
3397,Thylogale_lanatus,,,,DD,0.13879156250042,0.381678973335371,0.773340042101306,0.387268155161516,0.165986041475851,0.567762608818834,0.48706436027652,0,0.0,1000,unmatched,,,0,801
3387,Muntiacus_truongsonensis,Artiodactyla,Cervidae,Muntiacus,DD,0.139462994688182,0.305019772658149,0.769494460830873,0.487728440473724,0.173503458183883,0.486206729583633,0.65063277303257,0,0.0,1000,direct,Muntiacus_truongsonensis,0.0,0,802
3223,Melomys_arcium,Rodentia,Muridae,Melomys,DD,0.152035390425656,0.370131363790095,0.767199679826407,1.01615426205108,0.181203860843429,0.570263733564334,0.866692800298169,0,0.0,1000,direct,Melomys_arcium,0.0,0,803
2818,Ichthyomys_stolzmanni,Rodentia,Cricetidae,Ichthyomys,DD,0.182933462878993,0.396759713609245,0.766419460910258,1.20923216535707,0.186442509462294,0.665204352550452,1.03084498520118,0,0.0,1000,direct,Ichthyomys_stolzmanni,0.0,0,804
3122,Ctenomys_coludo,Rodentia,Ctenomyidae,Ctenomys,DD,0.158818222617213,0.399254815357601,0.76574290231497,1.069573896418,0.169534794301079,0.55826779488187,0.926454260884588,0,0.0,1000,direct,Ctenomys_coludo,0.0,0,805
3231,Gerbillus_agag,Rodentia,Muridae,Gerbillus,DD,0.151404239634004,0.392738545430281,0.765080091191246,1.12663776317215,0.187803958302717,0.580058977743283,1.00099890568596,0,0.0,1000,direct,Gerbillus_agag,0.0,0,806
3347,Nyctophilus_shirleyae,Chiroptera,Vespertilionidae,Nyctophilus,DD,0.142301511703536,0.362782850331585,0.764026137419868,1.02851762465769,0.182221820014356,0.626901636139938,0.81411425146399,0,0.0,1000,direct,Nyctophilus_shirleyae,0.0,0,807
3336,Ctenomys_famosus,Rodentia,Ctenomyidae,Ctenomys,DD,0.143495552373829,0.401612048265466,0.763803989635898,1.0943205745238,0.168804327640178,0.55826779488187,0.978287008165482,0,0.0,1000,synonym:nominalName,Ctenomys_coludo,0.0,0,808
3287,Ctenomys_knighti,Rodentia,Ctenomyidae,Ctenomys,DD,0.146767909200748,0.393472791744307,0.763004859461258,1.0088058881872,0.168377190302714,0.552386871039418,0.888872786064871,0,0.0,1000,direct,Ctenomys_knighti,0.0,0,809
3164,Rattus_tawitawiensis,Rodentia,Muridae,Rattus,DD,0.155564817635461,0.421287933171872,0.762694747334567,1.07488310082201,0.187308601474219,0.633641174844345,0.906875594998928,0,0.0,1000,direct,Rattus_tawitawiensis,0.0,0,810
3235,Rattus_korinchi,Rodentia,Muridae,Rattus,DD,0.151069497349208,0.355270870065235,0.761382394011202,1.03599388525749,0.188530979315155,0.635273823931595,0.845531584413402,0,0.0,1000,direct,Rattus_korinchi,0.0,0,811
3430,Cryptotis_peregrina,Eulipotyphla,Soricidae,Cryptotis,DD,0.136726015907938,0.319472222540458,0.761249362431168,0.567246400169258,0.165757839263197,0.473668100171606,0.68629603269743,0,0.0,1000,synonym:MSW3,Cryptotis_peregrinus,0.0,0,812
3406,Melomys_paveli,Rodentia,Muridae,Melomys,DD,0.138028042777061,0.379696127984902,0.76036780704416,0.854833582648146,0.180102745531761,0.552204273927458,0.768480865150915,0,0.0,1000,direct,Melomys_paveli,0.0,0,813
3433,Rhipidomys_ipukensis,Rodentia,Cricetidae,Rhipidomys,DD,0.136408649263727,0.391499904764219,0.759186125942996,0.361191622144299,0.184823094322055,0.663667323935985,0.74503057550357,0,0.0,1000,direct,Rhipidomys_ipukensis,0.0,0,814
3305,Ctenomys_pontifex,Rodentia,Ctenomyidae,Ctenomys,DD,0.145844542100043,0.376027378598267,0.759008676018406,1.0582722635105,0.168804327640178,0.556365700730515,0.966047643468264,0,0.0,1000,direct,Ctenomys_pontifex,0.0,0,815
3286,Gerbillus_stigmonyx,Rodentia,Muridae,Gerbillus,DD,0.146961888312038,0.407637848243394,0.758517741013995,1.0992572119425,0.187664990530121,0.579452815527116,0.97590683231552,0,0.0,1000,direct,Gerbillus_stigmonyx,0.0,0,816
3081,Ursus_spelaeus,,,,DD,0.162117920523697,0.404317954618108,0.757024307566288,0.71064303802947,0.175709862409522,0.539855862089863,0.44184914789545,0,0.0,1000,unmatched,,,0,817
3102,Ichthyomys_tweedii,Rodentia,Cricetidae,Ichthyomys,DD,0.16064366162472,0.399926911281997,0.754359905491826,1.09066766769934,0.186442509462294,0.665204352550452,0.944959105521136,0,0.0,1000,direct,Ichthyomys_tweedii,0.0,0,818
3097,Gerbillus_acticola,Rodentia,Muridae,Gerbillus,DD,0.160819911228159,0.42733746147079,0.753313261567706,1.12438858324918,0.187803958302717,0.581911842450427,0.995305091676642,0,0.0,1000,direct,Gerbillus_acticola,0.0,0,819
3316,Ctenomys_juris,Rodentia,Ctenomyidae,Ctenomys,DD,0.144940972848106,0.363945336708286,0.751591720321946,1.00176299470854,0.168804327640178,0.55826779488187,0.914717121695944,0,0.0,1000,direct,Ctenomys_juris,0.0,0,820
3039,Rattus_enganus,Rodentia,Muridae,Rattus,DD,0.165696470919623,0.428616634257146,0.749682551485402,1.04735549524583,0.190968699891668,0.625994942513531,0.907077677829926,0,0.0,1000,direct,Rattus_enganus,0.0,0,821
3263,Melomys_cooperae,Rodentia,Muridae,Melomys,DD,0.148760219375424,0.347064666001494,0.749498734165554,0.975742593927521,0.180102745531761,0.552124054228602,0.813681913030335,0,0.0,1000,direct,Melomys_cooperae,0.0,0,822
3357,Rattus_timorensis,Rodentia,Muridae,Rattus,DD,0.14168291844284,0.414655699492233,0.748630867352584,1.08381819473358,0.195301454737209,0.628352017412689,0.887865546778282,0,0.0,1000,direct,Rattus_timorensis,0.0,0,823
3320,Thallomys_shortridgei,Rodentia,Muridae,Thallomys,DD,0.144699870025948,0.375690119203438,0.748572675026163,0.917063930402241,0.184347989215724,0.591880640023148,0.875500447577809,0,0.0,1000,direct,Thallomys_shortridgei,0.0,0,824
3377,Myotis_longipes,Chiroptera,Vespertilionidae,Myotis,DD,0.140215009525881,0.336085636870713,0.747462729647305,0.378468662695765,0.187912423989923,0.568267442936568,0.72723512305123,0,0.0,1000,direct,Myotis_longipes,0.0,0,825
3500,Chaerephon_atsinanana,,,,DD,0.131889243710563,0.353963596677851,0.745725704697223,0.533512366795696,0.182279456381909,0.623746631962827,0.690696665657609,0,0.0,1000,unmatched,,,0,826
3274,Pseudohydromys_musseri,Rodentia,Muridae,Pseudohydromys,DD,0.147575424007527,0.337715920147538,0.745683347542775,1.01366436008071,0.178439416960953,0.607246366770504,0.838010469243631,0,0.0,1000,direct,Pseudohydromys_musseri,0.0,0,827
3373,Ctenomys_brasiliensis,Rodentia,Ctenomyidae,Ctenomys,DD,0.140366775259632,0.404884825538006,0.74541712693927,1.00477903969149,0.169534794301079,0.556202214161894,0.935958734452724,0,0.0,1000,direct,Ctenomys_brasiliensis,0.0,0,828
3423,Muntiacus_putaoensis,Artiodactyla,Cervidae,Muntiacus,DD,0.137312381188475,0.341179453592312,0.744145366960187,0.505176124403101,0.173503458183883,0.48227828340209,0.64268534444771,0,0.0,1000,direct,Muntiacus_putaoensis,0.0,0,829
3334,Pseudohydromys_germani,Rodentia,Muridae,Pseudohydromys,DD,0.143548431386331,0.382457811311179,0.743988513825563,1.13546073895454,0.17731467635847,0.606724087618019,0.864093607936603,0,0.0,1000,direct,Pseudohydromys_germani,0.0,0,830
3183,Gerbillus_burtoni,Rodentia,Muridae,Gerbillus,DD,0.154473805753295,0.385723567697392,0.741949370423015,1.06613371080631,0.187803958302717,0.580058977743283,0.923317943929588,0,0.0,1000,direct,Gerbillus_burtoni,0.0,0,831
3318,Ctenomys_dorsalis,Rodentia,Ctenomyidae,Ctenomys,DD,0.144838293980643,0.366097734021391,0.737585310469103,1.00472815243763,0.168804327640178,0.556202214161894,0.93917825420958,0,0.0,1000,direct,Ctenomys_dorsalis,0.0,0,832
3052,Ursus_deningeri,,,,DD,0.164621181895013,0.383682893037388,0.736038620715134,0.707846662658941,0.175709862409522,0.539855862089863,0.44184914789545,0,0.0,1000,unmatched,,,0,833
3175,Ctenomys_yatesi,Rodentia,Ctenomyidae,Ctenomys,NE,0.154857051381215,0.382621827287126,0.735183354576573,1.08740182969101,0.170344008566499,0.569786937082984,1.02484710842496,0,0.0,1000,direct,Ctenomys_yatesi,0.0,0,834
3198,Rattus_pelurus,Rodentia,Muridae,Rattus,DD,0.153295459106727,0.373744572286517,0.734286936003282,1.09916806188767,0.186792079296111,0.629903140772455,0.898629054090343,0,0.0,1000,direct,Rattus_pelurus,0.0,0,835
3331,Myodes_shanseius,,,,DD,0.14390114786585,0.367496559341194,0.733523074386069,0.914726220176731,0.184852399085686,0.639442278309137,0.89831343884327,0,0.0,1000,unmatched,,,0,836
3205,Gerbillus_cosensis,Rodentia,Muridae,Gerbillus,DD,0.153057197866256,0.376666651786919,0.732643799666927,1.10235224264557,0.18706853260202,0.554060242475905,0.940715088521523,0,0.0,1000,synonym:nominalName,Gerbillus_agag,0.0,0,837
3343,Nyctophilus_timoriensis,Chiroptera,Vespertilionidae,Nyctophilus,NE,0.142643297183798,0.361550527299718,0.731957828044565,1.01717850923967,0.179293662991265,0.634721396734602,0.80735198327973,0,0.0,1000,direct,Nyctophilus_timoriensis,0.0,0,838
3299,Pseudohydromys_patriciae,Rodentia,Muridae,Pseudohydromys,DD,0.146341677941843,0.395401071884367,0.730712787199391,0.989346014496117,0.180102745531761,0.613802276201053,0.865908585027579,0,0.0,1000,direct,Pseudohydromys_patriciae,0.0,0,839
3418,Pseudalopex_gymnocercus,,,,DD,0.137573355838617,0.35581100663961,0.730693129339827,0.342022104616568,0.175015019727817,0.532842352159462,0.68164189510995,0,0.0,1000,unmatched,,,0,840
3354,Gerbillus_lowei,Rodentia,Muridae,Gerbillus,DD,0.141826905705534,0.392311504415795,0.72599577368332,1.06800161548424,0.187664990530121,0.55819698311828,0.91316534447953,0,0.0,1000,direct,Gerbillus_lowei,0.0,0,841
3237,Paramelomys_steini,Rodentia,Muridae,Paramelomys,DD,0.150881185800056,0.392712902859893,0.725444896156448,1.12605769423819,0.181037179303071,0.559740994319189,0.976657649736038,0,0.0,1000,direct,Paramelomys_steini,0.0,0,842
3181,Rattus_arfakienis,,,,DD,0.15461735286845,0.379348277665536,0.720894844925993,1.0715326423612,0.193718691941238,0.624912660654676,0.850724021386174,0,0.0,1000,unmatched,,,0,843
3325,Bos_indicus,Artiodactyla,Bovidae,Bos,NE,0.144249193183378,0.346858733248555,0.720794434413841,0.51632164693667,0.171722280025171,0.48618186895501,0.4914427115473,0,0.0,1000,synonym:nominalName,Bos_taurus,0.0,0,844
3345,Pseudohydromys_eleanorae,Rodentia,Muridae,Pseudohydromys,DD,0.142520267303042,0.386956172059541,0.719692384777733,1.01002485480656,0.180102745531761,0.614134376204699,0.828999989239023,0,0.0,1000,direct,Pseudohydromys_eleanorae,0.0,0,845
3389,Bos_taurus,Artiodactyla,Bovidae,Bos,NE,0.139389061607135,0.31864579133677,0.717242463906676,0.499665385509378,0.171722280025171,0.482253422773467,0.23342177889333,0,0.0,1000,direct,Bos_taurus,0.0,0,846
3480,Melomys_howi,Rodentia,Muridae,Melomys,DD,0.133047937669618,0.327905085572136,0.71618685661151,0.886839657018726,0.182804400337094,0.581922111867452,0.770118432066006,0,0.0,1000,direct,Melomys_howi,0.0,0,847
3209,Gerbillus_grobbeni,Rodentia,Muridae,Gerbillus,DD,0.152867238728854,0.380476961447485,0.7160852983912,1.08193105878721,0.18706853260202,0.579452815527116,0.944640611280412,0,0.0,1000,direct,Gerbillus_grobbeni,0.0,0,848
3543,Alticola_albicaudus,Rodentia,Cricetidae,Alticola,DD,0.129083787043983,0.38139196674376,0.715178213433396,0.307222750899195,0.185785744229175,0.63915979307467,0.68226830846868,0,0.0,1000,synonym:MSW3,Alticola_albicauda,0.0,0,849
3522,Akodon_varius,Rodentia,Cricetidae,Akodon,DD,0.13053657513233,0.350532605890892,0.713875273287938,0.352953887696817,0.185785744229175,0.649955388014376,0.657619659804266,0,0.0,1000,direct,Akodon_varius,0.0,0,850
3414,Melomys_bougainville,Rodentia,Muridae,Melomys,DD,0.137670663128157,0.378174978641336,0.712802629504389,0.94498733581997,0.182804400337094,0.570165605283556,0.774634540678518,0,0.0,1000,direct,Melomys_bougainville,0.0,0,851
3568,Praomys_coetzeei,Rodentia,Muridae,Praomys,DD,0.127854660334024,0.364468827197329,0.709559588470991,0.274335981722266,0.179015570899546,0.555061205112739,0.66362732153724,0,0.0,1000,direct,Praomys_coetzeei,0.0,0,852
3355,Pseudohydromys_pumehanae,Rodentia,Muridae,Pseudohydromys,DD,0.141817048276993,0.364907833578592,0.70706410377844,1.00276229313551,0.17731467635847,0.606914266766858,0.84341301040774,0,0.0,1000,direct,Pseudohydromys_pumehanae,0.0,0,853
3415,Gerbillus_brockmani,Rodentia,Muridae,Gerbillus,DD,0.137668762169221,0.394364206553727,0.702168594706608,1.1305184620494,0.187803958302717,0.580058977743283,0.931590712719068,0,0.0,1000,direct,Gerbillus_brockmani,0.0,0,854
3295,Pseudohydromys_carlae,Rodentia,Muridae,Pseudohydromys,DD,0.146534352629862,0.344043176191818,0.701322555419953,0.990759225084322,0.179029317346247,0.606724087618019,0.862293263640916,0,0.0,1000,direct,Pseudohydromys_carlae,0.0,0,855
3199,Gerbillus_bottai,Rodentia,Muridae,Gerbillus,DD,0.153259289267571,0.379796314742309,0.698032167201006,1.12864942910982,0.188590011337757,0.581911842450427,0.926172234482779,0,0.0,1000,direct,Gerbillus_bottai,0.0,0,856
3447,Platyrrhinus_nigellus,Chiroptera,Phyllostomidae,Platyrrhinus,DD,0.135520327262784,0.339267979029975,0.696467591312552,0.939339609832272,0.171968786413411,0.569983199497356,0.908778681236674,0,0.0,1000,synonym:nominalName,Platyrrhinus_umbratus,0.0,0,857
3491,Diclidurus_ingens,Chiroptera,Emballonuridae,Diclidurus,DD,0.132329006345793,0.36243844062186,0.691546056128491,0.342288097806995,0.181703501084761,0.587133813618285,0.56373988586706,0,0.0,1000,direct,Diclidurus_ingens,0.0,0,858
3732,Ctenomys_minutus,Rodentia,Ctenomyidae,Ctenomys,DD,0.116923522152118,0.302504863134538,0.684864306468552,0.378555613804509,0.168391638613638,0.556365700730515,0.566842022111704,0,0.0,1000,synonym:nominalName,Ctenomys_brasiliensis,0.0,0,859
3542,Platyrrhinus_nitelinea,Chiroptera,Phyllostomidae,Platyrrhinus,DD,0.12917563552443,0.369335043829847,0.683653388047607,0.990169028479707,0.172388211540444,0.578319850616496,0.936763714036709,0,0.0,1000,direct,Platyrrhinus_nitelinea,0.0,0,860
3306,Gerbillus_somalicus,Rodentia,Muridae,Gerbillus,DD,0.145802641075449,0.360386702272263,0.679611812436638,1.06848343717272,0.187803958302717,0.566955845820104,0.919279317167096,0,0.0,1000,direct,Gerbillus_somalicus,0.0,0,861
3563,Pseudalopex_fulvipes,,,,DD,0.127978059484524,0.307716319292024,0.679115532064148,0.600880427261121,0.175015019727817,0.532842352159462,0.426886723114457,0,0.0,1000,unmatched,,,0,862
3255,Gerbillus_principulus,Rodentia,Muridae,Gerbillus,DD,0.14964849492889,0.356931339932537,0.678036249724298,1.07095346366945,0.18313119061466,0.548943475787977,0.9063296879436,0,0.0,1000,direct,Gerbillus_principulus,0.0,0,863
3432,Natalus_espiritosantensis,Chiroptera,Natalidae,Natalus,NE,0.136468015899332,0.355026412682452,0.67506097408613,0.94127805719662,0.179548637407013,0.623404817248843,0.93574370711067,0,0.0,1000,synonym:nominalName,Natalus_macrourus,0.0,0,864
3366,Pseudohydromys_occidentalis,Rodentia,Muridae,Pseudohydromys,DD,0.140921721241259,0.347978036459417,0.67363584894647,0.990250535314755,0.17731467635847,0.606724087618019,0.819966510903813,0,0.0,1000,direct,Pseudohydromys_occidentalis,0.0,0,865
3442,Gerbillus_jamesi,Rodentia,Muridae,Gerbillus,DD,0.135664841423518,0.319742480157943,0.670053564505853,1.08506721705503,0.18313119061466,0.548943475787977,0.914821496779185,0,0.0,1000,direct,Gerbillus_jamesi,0.0,0,866
3636,Pseudalopex_vetulus,,,,DD,0.12220442711219,0.285441248748137,0.666916626865244,0.601295883925658,0.174705122815102,0.532842352159462,0.426886723114457,0,0.0,1000,unmatched,,,0,867
3313,Eudorcas_rufina,Artiodactyla,Bovidae,Eudorcas,NE,0.145212982993085,0.327016439348519,0.662108338068942,1.16649668580517,0.169308464911072,0.485671883887265,0.988656407478,0,0.0,1000,direct,Eudorcas_rufina,1.0,0,868
3792,Ctenomys_fulvus,Rodentia,Ctenomyidae,Ctenomys,DD,0.113100046667421,0.295730501851265,0.657145997497519,0.413010478715795,0.170344008566499,0.569786937082984,0.60516373516868,0,0.0,1000,direct,Ctenomys_fulvus,0.0,0,869
3437,Murina_shuipuensis,Chiroptera,Vespertilionidae,Murina,DD,0.135898786279829,0.318325536177868,0.657123934331875,0.427811912964574,0.192788309468692,0.646778475958019,0.61159745355322,0,0.0,1000,direct,Murina_shuipuensis,0.0,0,870
3362,Pelomys_hopkinsi,Rodentia,Muridae,Pelomys,DD,0.141174896606669,0.390434476103538,0.656608804512876,1.19681874374447,0.183918432151188,0.583368789941795,1.01050482538561,0,0.0,1000,direct,Pelomys_hopkinsi,0.0,0,871
3523,Apomys_littoralis,Rodentia,Muridae,Apomys,DD,0.130517592213879,0.348827428931514,0.651516753206252,0.976579362983743,0.185044092885353,0.62684912956696,0.909175097461447,0,0.0,1000,direct,Apomys_littoralis,0.0,0,872
3662,Eligmodontia_bolsonensis,Rodentia,Cricetidae,Eligmodontia,NE,0.120623966902713,0.350234649179105,0.648334311510822,0.281259410534889,0.17769796903592,0.653359610792184,0.5449812675429,0,0.0,1000,direct,Eligmodontia_bolsonensis,0.0,0,873
3602,Mormopterus_lumsdenae,,,,DD,0.124836217363461,0.315780237578756,0.648130399639763,0.475569777335544,0.182814367944735,0.625185378566681,0.64500627247335,0,0.0,1000,unmatched,,,0,874
3527,Gerbillus_muriculus,Rodentia,Muridae,Gerbillus,DD,0.130235937604172,0.336869142125038,0.647661333122237,1.00113619064429,0.18573905888994,0.579600038183301,0.832079732498249,0,0.0,1000,direct,Gerbillus_muriculus,0.0,0,875
3478,Dicrostonyx_unalascensis,Rodentia,Cricetidae,Dicrostonyx,DD,0.133642714245212,0.378539935784308,0.646962632085019,1.08138615274642,0.185440348058406,0.634993896857468,1.15342358491781,0,0.0,1000,direct,Dicrostonyx_unalascensis,0.0,0,876
3587,Genetta_abyssinica,Carnivora,Viverridae,Genetta,DD,0.126026474516797,0.354783992462946,0.645174181215496,0.86315122843831,0.17891924770033,0.550163022288547,1.05626530028244,0,0.0,1000,direct,Genetta_abyssinica,0.0,0,877
3584,Histiotus_alienus,Chiroptera,Vespertilionidae,Histiotus,DD,0.12645718266,0.31667598610368,0.64179502155077,0.9443903712795,0.182221820014356,0.6273906513352,0.82681253309091,0,0.0,1000,direct,Histiotus_alienus,0.0,0,878
3589,Mysateles_garridoi,Rodentia,Echimyidae,Capromys,NE,0.125793461850417,0.345025245890217,0.638742077430618,0.828474434950069,0.182301474906387,0.572568573325247,0.7814057984969,0,0.0,1000,synonym:MSW3,Capromys_garridoi,0.0,0,879
3686,Apomys_brownorum,Rodentia,Muridae,Apomys,DD,0.119334216225245,0.328381558378956,0.638279087849949,0.248789516799774,0.185857044419326,0.62684912956696,0.6326156714867,0,0.0,1000,direct,Apomys_brownorum,0.0,0,880
3638,Eothenomys_miletus,Rodentia,Cricetidae,Eothenomys,NE,0.122113940592524,0.325438110261013,0.632560975146659,0.274307217164194,0.186442509462294,0.638838672438808,0.5816572055589,0,0.0,1000,synonym:nominalName,Eothenomys_eleusis,0.0,0,881
3586,Histiotus_velatus,Chiroptera,Vespertilionidae,Histiotus,DD,0.126210120812072,0.317026126333907,0.631826049304322,0.912039188034188,0.183112582707948,0.6273906513352,0.801725840246233,0,0.0,1000,direct,Histiotus_velatus,0.0,0,882
3484,Nectomys_magdalenae,Rodentia,Cricetidae,Nectomys,DD,0.132550839498271,0.343325988288893,0.61801996123355,1.02563856259678,0.182049713057435,0.668564034728031,0.883107455777356,0,0.0,1000,direct,Nectomys_magdalenae,0.0,0,883
3314,Sciurocheirus_makandensis,Primates,Galagidae,Sciurocheirus,DD,0.145092485039346,0.361186602375815,0.616562350343059,1.26559512697191,0.176671916695783,0.538519804389662,1.02860552460268,0,0.0,1000,direct,Sciurocheirus_makandensis,0.0,0,884
3562,Laephotis_angolensis,Chiroptera,Vespertilionidae,Laephotis,DD,0.128029549531691,0.317289071999672,0.613794737157851,0.796250556579439,0.17672088535038,0.61008451804336,0.801171859434794,0,0.0,1000,direct,Laephotis_angolensis,0.0,0,885
3805,Epomophorus_anselli,Chiroptera,Pteropodidae,Epomophorus,DD,0.112240245917219,0.268372327986582,0.611838466231339,0.826019582600391,0.164611655022202,0.470333116248817,0.766410597319717,0,0.0,1000,direct,Epomophorus_anselli,0.0,0,886
3709,Platyrrhinus_umbratus,Chiroptera,Phyllostomidae,Platyrrhinus,DD,0.118034990542175,0.312076843377182,0.610918489448178,0.861718011255536,0.171968786413411,0.578319850616496,0.843447127722237,0,0.0,1000,direct,Platyrrhinus_umbratus,0.0,0,887
3648,Histiotus_humboldti,Chiroptera,Vespertilionidae,Histiotus,DD,0.121318280154179,0.344296911536088,0.606635238092748,0.926936807713604,0.183407470861438,0.63457526798895,0.796802659239891,0,0.0,1000,direct,Histiotus_humboldti,0.0,0,888
3526,Ctenomys_scagliai,Rodentia,Ctenomyidae,Ctenomys,DD,0.130375568872419,0.319383690971025,0.602451154014973,0.697020627239487,0.170344008566499,0.571556137594752,0.30812772938268,0,0.0,1000,direct,Ctenomys_scagliai,0.0,0,889
3786,Canis_anthus,,,,DD,0.113488635357165,0.290843435821151,0.601405362580825,0.286593693453146,0.176388197899809,0.543798232479265,0.5970569962206,0,0.0,1000,unmatched,,,0,890
4042,Rhinolophus_arcuatus,Chiroptera,Rhinolophidae,Rhinolophus,DD,0.0978250816333146,0.244654115133119,0.599386287859608,0.335537972913845,0.164473653464944,0.462424498114528,0.5664392613665,0,0.0,1000,direct,Rhinolophus_arcuatus,0.0,0,891
3783,Peromyscus_carletoni,Rodentia,Cricetidae,Peromyscus,NE,0.113876925190358,0.31891598902724,0.596255804081357,0.273644040413641,0.187043744980449,0.671751244953338,0.582089205927199,0,0.0,1000,direct,Peromyscus_carletoni,0.0,0,892
3803,Miniopterus_petersoni,Chiroptera,Miniopteridae,Miniopterus,DD,0.112325314048471,0.321092907625149,0.595645295832733,0.391502434142287,0.182814367944735,0.634721396734602,0.58793774194283,0,0.0,1000,direct,Miniopterus_petersoni,0.0,0,893
3405,Ctenomys_saltarius,Rodentia,Ctenomyidae,Ctenomys,DD,0.138075611902217,0.309774254815209,0.593593397396019,0.709618686397412,0.170344008566499,0.569786937082984,0.31113609880123,0,0.0,1000,direct,Ctenomys_saltarius,0.0,0,894
3753,Ovis_aries,Artiodactyla,Bovidae,Ovis,NE,0.115750779961025,0.28053911572797,0.5860061408264,0.285977514143719,0.175444415003349,0.553019783469838,0.50972790674463,0,0.0,1000,direct,Ovis_aries,0.0,0,895
3966,Alces_americanus,,,,DD,0.102264060310031,0.269918049370283,0.582666207387464,0.271909120429576,0.171722280025171,0.46955559241157,0.26127103359453,0,0.0,1000,unmatched,,,0,896
3800,Cryptonanus_agricolai,Didelphimorphia,Didelphidae,Cryptonanus,DD,0.112520496140287,0.278555218431231,0.582290584260362,0.338289634419849,0.179352246942142,0.649255569411286,0.45004325039729,0,0.0,1000,direct,Cryptonanus_agricolai,0.0,0,897
3715,Leontocebus_leucogenys,,,,DD,0.117785612261567,0.298078608472299,0.579060033912614,0.541109445532389,0.17020488043982,0.556320636725575,0.33157525293941,0,0.0,1000,unmatched,,,0,898
3748,Murina_pluvialis,Chiroptera,Vespertilionidae,Murina,DD,0.116184114206485,0.278915903357795,0.578729336071319,0.375755799308919,0.193196560688065,0.631530110371807,0.48735502372117,0,0.0,1000,direct,Murina_pluvialis,0.0,0,899
3670,Leontocebus_illigeri,,,,DD,0.120236397631077,0.297079386705612,0.575924430524583,0.55243243592307,0.169743438536495,0.556320636725575,0.33157525293941,0,0.0,1000,unmatched,,,0,900
3904,Epomophorus_grandis,Chiroptera,Pteropodidae,Epomophorus,DD,0.106220174280061,0.252273688456211,0.572395851834015,0.84217033384936,0.164611655022202,0.470333116248817,0.72765082570612,0,0.0,1000,direct,Epomophorus_grandis,0.0,0,901
3755,Murina_tubinaris,Chiroptera,Vespertilionidae,Murina,DD,0.115664964388987,0.276406604005448,0.568051732586069,0.413755226455701,0.193196560688065,0.631377759142527,0.480929031959,0,0.0,1000,direct,Murina_tubinaris,0.0,0,902
4068,Sorex_leucogaster,Eulipotyphla,Soricidae,Sorex,DD,0.096678153987954,0.253156382064545,0.543062504486086,0.209627142133765,0.166762954451852,0.500360168797345,0.55503805914853,0,0.0,1000,direct,Sorex_leucogaster,0.0,0,903
3826,Homo_denisova,,,,DD,0.111363870084792,0.276793919969751,0.536538302859215,0.468938656798939,0.177513548684819,0.571392907972993,0.34413643615807,0,0.0,1000,unmatched,,,0,904
4029,Ctenomys_sericeus,Rodentia,Ctenomyidae,Ctenomys,DD,0.0989632805131125,0.265359599505375,0.536170816759944,0.307224390285559,0.168804327640178,0.558211056736256,0.48922710750313,0,0.0,1000,direct,Ctenomys_sericeus,0.0,0,905
3830,Homo_heidelbergensis,,,,DD,0.110763555309295,0.275559461182369,0.536115307770184,0.492803854260452,0.177513548684819,0.571438756251679,0.34413643615807,0,0.0,1000,unmatched,,,0,906
4107,Ctenomys_fodax,Rodentia,Ctenomyidae,Ctenomys,DD,0.0942645887968428,0.244396716066512,0.534499010485993,0.308927623353133,0.168597979077863,0.558211056736256,0.47524827973226,0,0.0,1000,direct,Ctenomys_fodax,0.0,0,907
4129,Platyrrhinus_guianensis,Chiroptera,Phyllostomidae,Platyrrhinus,NE,0.0929644613573131,0.259602483307338,0.533482139817549,0.25478731732828,0.17465091641944,0.582274446959609,0.512441310017,0,0.0,1000,direct,Platyrrhinus_guianensis,0.0,0,908
4025,Ictidomys_parvidens,Rodentia,Sciuridae,Ictidomys,NE,0.0993649845141549,0.252101002935815,0.528332991846318,0.26844868793086,0.186212836295837,0.584624629364639,0.46080359738399,0,0.0,1000,direct,Ictidomys_parvidens,0.0,0,909
3719,Oxymycterus_akodontius,Rodentia,Cricetidae,Oxymycterus,NE,0.117580563645744,0.295908476807165,0.522567340656574,0.71735702210724,0.186454106274433,0.673180031189491,0.670824545054235,0,0.0,1000,direct,Oxymycterus_akodontius,0.0,0,910
3970,Pseudalopex_griseus,,,,DD,0.101929263665206,0.250739961157814,0.518935189076279,0.337185722650625,0.175709862409522,0.536829813839565,0.37552970422316,0,0.0,1000,unmatched,,,0,911
4001,Pseudalopex_culpaeus,,,,DD,0.100544064417782,0.240849640809625,0.513393806576614,0.349697552034599,0.175709862409522,0.536829813839565,0.37552970422316,0,0.0,1000,unmatched,,,0,912
4150,Crocidura_monax,Eulipotyphla,Soricidae,Crocidura,DD,0.0908474525955336,0.235097333693101,0.511558171490733,0.311570407886502,0.16799134920304,0.533512025682332,0.42090070885814,0,0.0,1000,direct,Crocidura_monax,0.0,0,913
4052,Hydromys_neobritannicus,Rodentia,Muridae,Hydromys,DD,0.0974714447392496,0.232263467190147,0.502022995963275,0.596648510406185,0.178439416960953,0.580240341846124,0.503201795848404,0,0.0,1000,synonym:MSW3,Hydromys_neobrittanicus,0.0,0,914
4038,Hydromys_ziegleri,Rodentia,Muridae,Hydromys,DD,0.0982897667111872,0.234506014235085,0.499243115848569,0.540024174408834,0.180102745531761,0.587565443168462,0.485468408997081,0,0.0,1000,direct,Hydromys_ziegleri,0.0,0,915
3992,Hydromys_hussoni,Rodentia,Muridae,Hydromys,DD,0.101101294871279,0.217116511638188,0.487128074602927,0.551244129262693,0.180859327457414,0.595747400349605,0.48807719961454,0,0.0,1000,direct,Hydromys_hussoni,0.0,0,916
4247,Crocidura_mutesae,Eulipotyphla,Soricidae,Crocidura,DD,0.0844556418412548,0.208262504133141,0.462950640393298,0.310727190543524,0.166341651089203,0.527995315202436,0.45266016009841,0,0.0,1000,direct,Crocidura_mutesae,0.0,0,917
4256,Allactaga_firouzi,,,,DD,0.0840919125898429,0.220312000140049,0.457467872789124,0.278440615389311,0.180639228092253,0.556022672740809,0.25759601435958,0,0.0,1000,unmatched,,,0,918
4254,Cerradomys_goytaca,Rodentia,Cricetidae,Cerradomys,NE,0.0841027112322788,0.254485727944849,0.455439919790312,0.253032408234732,0.183068879014153,0.664616202060976,0.45067605582533,0,0.0,1000,direct,Cerradomys_goytaca,0.0,0,919
4390,Ctenomys_coyhaiquensis,Rodentia,Ctenomyidae,Ctenomys,DD,0.0773367316119286,0.198634436966921,0.434459037956666,0.299357059832831,0.169534794301079,0.558211056736256,0.42968254122577,0,0.0,1000,synonym:nominalName,Ctenomys_sericeus,0.0,0,920
4294,Akodon_mystax,Rodentia,Cricetidae,Akodon,DD,0.0825526318852645,0.220969762579632,0.425960405826003,0.222890486723008,0.183068879014153,0.650509817983949,0.40290825044597,0,0.0,1000,direct,Akodon_mystax,0.0,0,921
4336,Gerbillus_occiduus,Rodentia,Muridae,Gerbillus,DD,0.0798578919299376,0.190757080064001,0.423927044674802,0.258553245234897,0.188590011337757,0.582059065106613,0.377165929146663,0,0.0,1000,direct,Gerbillus_occiduus,0.0,0,922
4484,Capra_hircus,Artiodactyla,Bovidae,Capra,NE,0.0729298372931111,0.179776227132367,0.395065629349668,0.239222379797086,0.174705122815102,0.547573175720481,0.33971020812092,0,0.0,1000,direct,Capra_hircus,0.0,0,923
4448,Cephalophus_harveyi,,,,DD,0.0748938574377721,0.161994177565251,0.39158623936305,0.249158928932923,0.174250467837342,0.548843614121569,0.37543449712964,0,0.0,1000,unmatched,,,0,924
4482,Rhynchomys_tapulao,Rodentia,Muridae,Rhynchomys,DD,0.0730332147024391,0.181823880297992,0.375350789331149,0.177886067468315,0.184513414993001,0.606724087618019,0.34705380818695,0,0.0,1000,direct,Rhynchomys_tapulao,0.0,0,925
4545,Scotophilus_tandrefana,Chiroptera,Vespertilionidae,Scotophilus,DD,0.0700334374825441,0.193167896688749,0.368914093686816,0.210195957654059,0.179042431178678,0.635704842635232,0.245762497667417,0,0.0,1000,direct,Scotophilus_tandrefana,0.0,0,926
4737,Eptesicus_bobrinskoi,,,,DD,0.0622569437610979,0.172903419791873,0.33057966250609,0.222945995294343,0.182814367944735,0.637159524225386,0.281437384743891,0,0.0,1000,unmatched,,,0,927
4784,Pithecia_irrorata,Primates,Pitheciidae,Pithecia,DD,0.0605699383630025,0.151597144933415,0.329659503794338,0.244225376524953,0.177513548684819,0.565279455265102,0.289162520483804,0,0.0,1000,direct,Pithecia_irrorata,0.0,0,928
4712,Brucepattersonius_soricinus,Rodentia,Cricetidae,Brucepattersonius,DD,0.0634575881875645,0.156403512438489,0.325197689285723,0.223641595142649,0.185440348058406,0.656135167715183,0.27933669745178,0,0.0,1000,direct,Brucepattersonius_soricinus,0.0,0,929
4902,Genetta_poensis,Carnivora,Viverridae,Genetta,DD,0.0563154534133007,0.140235849058812,0.298699277069801,0.157902539328881,0.177513548684819,0.551013863496659,0.24857352175595,0,0.0,1000,direct,Genetta_poensis,0.0,0,930
4970,Orthogeomys_matagalpae,,,,DD,0.0540175563726501,0.133044598333874,0.284083031390782,0.196342268338641,0.181883451503904,0.579418616408284,0.27227378314185,0,0.0,1000,unmatched,,,0,931
4990,Callicebus_purinus,,,,DD,0.0533717563698578,0.113837208317384,0.268522308494943,0.206621487397345,0.176671916695783,0.558140673714476,0.238546116797531,0,0.0,1000,unmatched,,,0,932
5380,Orthogeomys_thaeleri,,,,DD,0.0418760545155454,0.0976269199625336,0.219863476033907,0.143041055052782,0.181203860843429,0.582538662501064,0.195103307758752,0,0.0,1000,unmatched,,,0,933
5489,Sorex_portenkoi,Eulipotyphla,Soricidae,Sorex,DD,0.0380840443392351,0.096316492076222,0.212284103539095,0.133846721376595,0.167096574834081,0.497001416817578,0.22094839137715,0,0.0,1000,direct,Sorex_portenkoi,0.0,0,934
5515,Uroderma_bakeri,Chiroptera,Phyllostomidae,Uroderma,NE,0.0373600959607422,0.0926897934765259,0.192137405155404,0.101994331327404,0.17672088535038,0.569887043728842,0.066389674056938,0,0.0,1000,direct,Uroderma_bakeri,0.0,0,935
5595,Oligoryzomys_brendae,Rodentia,Cricetidae,Oligoryzomys,DD,0.0343687714693314,0.0910747102332796,0.177115570237933,0.0995290750047236,0.182049713057435,0.667846573019597,0.093457139250856,0,0.0,1000,direct,Oligoryzomys_brendae,0.0,0,936
5740,Micropteropus_intermedius,Chiroptera,Pteropodidae,Epomophorus,DD,0.0241424177613784,0.0586474999747368,0.140394274593496,0.149481391366291,0.164611655022202,0.47058600109533,0.157947784055047,0,0.0,1000,synonym:MSW3,Epomophorus_intermedius,0.0,0,937
5723,Cerradomys_vivoi,Rodentia,Cricetidae,Cerradomys,NE,0.0256975149743781,0.0635452854638271,0.124448578547379,0.0938206460214035,0.184039333381812,0.664408525853279,0.09557567319669,0,0.0,1000,direct,Cerradomys_vivoi,0.0,0,938
