tree_tip,matched_MDD_name,match_type,order,family,genus,iucn_category,extinct_flag
Zaglossus_bartoni,Zaglossus_bartoni,direct,Monotremata,Tachyglossidae,Zaglossus,VU,0.0
Zaglossus_bruijnii,Zaglossus_bruijnii,direct,Monotremata,Tachyglossidae,Zaglossus,CR,0.0
Zaglossus_attenboroughi,Zaglossus_attenboroughi,direct,Monotremata,Tachyglossidae,Zaglossus,CR,0.0
Tachyglossus_aculeatus,Tachyglossus_aculeatus,direct,Monotremata,Tachyglossidae,Tachyglossus,LC,0.0
Ornithorhynchus_anatinus,Ornithorhynchus_anatinus,direct,Monotremata,Ornithorhynchidae,Ornithorhynchus,NT,0.0
Hydrodamalis_gigas,Hydrodamalis_gigas,direct,Sirenia,Dugongidae,Hydrodamalis,EX,1.0
Trichechus_manatus,Trichechus_manatus,direct,Sirenia,Trichechidae,Trichechus,VU,0.0
Trichechus_senegalensis,Trichechus_senegalensis,direct,Sirenia,Trichechidae,Trichechus,VU,0.0
Trichechus_inunguis,Trichechus_inunguis,direct,Sirenia,Trichechidae,Trichechus,VU,0.0
Dugong_dugon,Dugong_dugon,direct,Sirenia,Dugongidae,Dugong,VU,0.0
Mammut_americanum,,unmatched,,,,,
Loxodonta_africana,Loxodonta_africana,direct,Proboscidea,Elephantidae,Loxodonta,EN,0.0
Mammuthus_primigenius,,unmatched,,,,,
Mammuthus_columbi,,unmatched,,,,,
Elephas_maximus,Elephas_maximus,direct,Proboscidea,Elephantidae,Elephas,EN,0.0
Elephas_cypriotes,,unmatched,,,,,
Elephas_antiquus,,unmatched,,,,,
Procavia_capensis,Procavia_capensis,direct,Hyracoidea,Procaviidae,Procavia,LC,0.0
Heterohyrax_brucei,Heterohyrax_brucei,direct,Hyracoidea,Procaviidae,Heterohyrax,LC,0.0
Dendrohyrax_dorsalis,Dendrohyrax_dorsalis,direct,Hyracoidea,Procaviidae,Dendrohyrax,LC,0.0
Dendrohyrax_validus,Dendrohyrax_validus,direct,Hyracoidea,Procaviidae,Dendrohyrax,NT,0.0
Dendrohyrax_arboreus,Dendrohyrax_arboreus,direct,Hyracoidea,Procaviidae,Dendrohyrax,LC,0.0
Orycteropus_afer,Orycteropus_afer,direct,Tubulidentata,Orycteropodidae,Orycteropus,LC,0.0
Rhynchocyon_petersi,Rhynchocyon_petersi,direct,Macroscelidea,Macroscelididae,Rhynchocyon,LC,0.0
Rhynchocyon_chrysopygus,Rhynchocyon_chrysopygus,direct,Macroscelidea,Macroscelididae,Rhynchocyon,EN,0.0
Rhynchocyon_cirnei,Rhynchocyon_cirnei,direct,Macroscelidea,Macroscelididae,Rhynchocyon,LC,0.0
Rhynchocyon_udzungwensis,Rhynchocyon_udzungwensis,direct,Macroscelidea,Macroscelididae,Rhynchocyon,VU,0.0
Elephantulus_myurus,Elephantulus_myurus,direct,Macroscelidea,Macroscelididae,Elephantulus,LC,0.0
Elephantulus_edwardii,Elephantulus_edwardii,direct,Macroscelidea,Macroscelididae,Elephantulus,LC,0.0
Macroscelides_micus,Macroscelides_micus,direct,Macroscelidea,Macroscelididae,Macroscelides,LC,0.0
Macroscelides_proboscideus,Macroscelides_proboscideus,direct,Macroscelidea,Macroscelididae,Macroscelides,LC,0.0
Macroscelides_flavicaudatus,Macroscelides_flavicaudatus,direct,Macroscelidea,Macroscelididae,Macroscelides,LC,0.0
Elephantulus_revoilii,,unmatched,,,,,
Petrodromus_tetradactylus,Petrodromus_tetradactylus,direct,Macroscelidea,Macroscelididae,Petrodromus,LC,0.0
Elephantulus_fuscus,Elephantulus_fuscus,direct,Macroscelidea,Macroscelididae,Elephantulus,DD,0.0
Elephantulus_rozeti,Petrosaltator_rozeti,synonym:MSW3,Macroscelidea,Macroscelididae,Petrosaltator,LC,0.0
Elephantulus_intufi,Elephantulus_intufi,direct,Macroscelidea,Macroscelididae,Elephantulus,LC,0.0
Elephantulus_pilicaudus,Elephantulus_pilicaudus,direct,Macroscelidea,Macroscelididae,Elephantulus,DD,0.0
Elephantulus_rupestris,Elephantulus_rupestris,direct,Macroscelidea,Macroscelididae,Elephantulus,LC,0.0
Elephantulus_fuscipes,Elephantulus_fuscipes,direct,Macroscelidea,Macroscelididae,Elephantulus,DD,0.0
Elephantulus_brachyrhynchus,Elephantulus_brachyrhynchus,direct,Macroscelidea,Macroscelididae,Elephantulus,LC,0.0
Elephantulus_rufescens,Galegeeska_rufescens,synonym:MSW3,Macroscelidea,Macroscelididae,Galegeeska,LC,0.0
Potamogale_velox,Potamogale_velox,direct,Afrosoricida,Potamogalidae,Potamogale,LC,0.0
Micropotamogale_ruwenzorii,Micropotamogale_ruwenzorii,direct,Afrosoricida,Potamogalidae,Micropotamogale,LC,0.0
Micropotamogale_lamottei,Micropotamogale_lamottei,direct,Afrosoricida,Potamogalidae,Micropotamogale,VU,0.0
Microgale_fotsifotsy,Microgale_fotsifotsy,direct,Afrosoricida,Tenrecidae,Microgale,LC,0.0
Microgale_nasoloi,Microgale_nasoloi,direct,Afrosoricida,Tenrecidae,Microgale,VU,0.0
Microgale_pusilla,Microgale_pusilla,direct,Afrosoricida,Tenrecidae,Microgale,LC,0.0
Microgale_principula,Microgale_principula,direct,Afrosoricida,Tenrecidae,Microgale,LC,0.0
Microgale_majori,Microgale_majori,direct,Afrosoricida,Tenrecidae,Microgale,LC,0.0
Microgale_dryas,Microgale_dryas,direct,Afrosoricida,Tenrecidae,Microgale,VU,0.0
Microgale_monticola,Microgale_monticola,direct,Afrosoricida,Tenrecidae,Microgale,VU,0.0
Microgale_longicaudata,Microgale_longicaudata,direct,Afrosoricida,Tenrecidae,Microgale,LC,0.0
Microgale_jobihely,Microgale_jobihely,direct,Afrosoricida,Tenrecidae,Microgale,EN,0.0
Microgale_gymnorhyncha,Microgale_gymnorhyncha,direct,Afrosoricida,Tenrecidae,Microgale,LC,0.0
Microgale_cowani,Microgale_cowani,direct,Afrosoricida,Tenrecidae,Microgale,LC,0.0
Microgale_taiva,Microgale_taiva,direct,Afrosoricida,Tenrecidae,Microgale,LC,0.0
Microgale_grandidieri,Microgale_grandidieri,direct,Afrosoricida,Tenrecidae,Microgale,LC,0.0
Microgale_gracilis,Microgale_gracilis,direct,Afrosoricida,Tenrecidae,Microgale,LC,0.0
Microgale_brevicaudata,Microgale_brevicaudata,direct,Afrosoricida,Tenrecidae,Microgale,LC,0.0
Microgale_dobsoni,Nesogale_dobsoni,synonym:MSW3,Afrosoricida,Tenrecidae,Nesogale,LC,0.0
Microgale_thomasi,Microgale_thomasi,direct,Afrosoricida,Tenrecidae,Microgale,LC,0.0
Microgale_jenkinsae,Microgale_jenkinsae,direct,Afrosoricida,Tenrecidae,Microgale,EN,0.0
Limnogale_mergulus,Microgale_mergulus,synonym:MSW3,Afrosoricida,Tenrecidae,Microgale,VU,0.0
Microgale_talazaci,Nesogale_talazaci,synonym:MSW3,Afrosoricida,Tenrecidae,Nesogale,LC,0.0
Microgale_soricoides,Microgale_soricoides,direct,Afrosoricida,Tenrecidae,Microgale,LC,0.0
Microgale_parvula,Microgale_parvula,direct,Afrosoricida,Tenrecidae,Microgale,LC,0.0
Microgale_drouhardi,Microgale_drouhardi,direct,Afrosoricida,Tenrecidae,Microgale,LC,0.0
Oryzorictes_tetradactylus,Oryzorictes_tetradactylus,direct,Afrosoricida,Tenrecidae,Oryzorictes,DD,0.0
Oryzorictes_hova,Oryzorictes_hova,direct,Afrosoricida,Tenrecidae,Oryzorictes,LC,0.0
Geogale_aurita,Geogale_aurita,direct,Afrosoricida,Tenrecidae,Geogale,LC,0.0
Tenrec_ecaudatus,Tenrec_ecaudatus,direct,Afrosoricida,Tenrecidae,Tenrec,LC,0.0
Hemicentetes_semispinosus,Hemicentetes_semispinosus,direct,Afrosoricida,Tenrecidae,Hemicentetes,LC,0.0
Hemicentetes_nigriceps,Hemicentetes_nigriceps,direct,Afrosoricida,Tenrecidae,Hemicentetes,LC,0.0
Setifer_setosus,Setifer_setosus,direct,Afrosoricida,Tenrecidae,Setifer,LC,0.0
Echinops_telfairi,Echinops_telfairi,direct,Afrosoricida,Tenrecidae,Echinops,LC,0.0
Huetia_leucorhina,Huetia_leucorhina,direct,Afrosoricida,Chrysochloridae,Huetia,DD,0.0
Calcochloris_tytonis,Huetia_tytonis,synonym:MSW3,Afrosoricida,Chrysochloridae,Huetia,DD,0.0
Calcochloris_obtusirostris,Calcochloris_obtusirostris,direct,Afrosoricida,Chrysochloridae,Calcochloris,LC,0.0
Chrysospalax_villosus,Chrysospalax_villosus,direct,Afrosoricida,Chrysochloridae,Chrysospalax,VU,0.0
Chrysospalax_trevelyani,Chrysospalax_trevelyani,direct,Afrosoricida,Chrysochloridae,Chrysospalax,EN,0.0
Amblysomus_marleyi,Amblysomus_marleyi,direct,Afrosoricida,Chrysochloridae,Amblysomus,EN,0.0
Amblysomus_corriae,Amblysomus_corriae,direct,Afrosoricida,Chrysochloridae,Amblysomus,NT,0.0
Amblysomus_robustus,Amblysomus_robustus,direct,Afrosoricida,Chrysochloridae,Amblysomus,VU,0.0
Carpitalpa_arendsi,Carpitalpa_arendsi,direct,Afrosoricida,Chrysochloridae,Carpitalpa,VU,0.0
Neamblysomus_julianae,Neamblysomus_julianae,direct,Afrosoricida,Chrysochloridae,Neamblysomus,EN,0.0
Neamblysomus_gunningi,Neamblysomus_gunningi,direct,Afrosoricida,Chrysochloridae,Neamblysomus,EN,0.0
Amblysomus_septentrionalis,Amblysomus_septentrionalis,direct,Afrosoricida,Chrysochloridae,Amblysomus,NT,0.0
Amblysomus_hottentotus,Amblysomus_hottentotus,direct,Afrosoricida,Chrysochloridae,Amblysomus,LC,0.0
Chlorotalpa_sclateri,Chlorotalpa_sclateri,direct,Afrosoricida,Chrysochloridae,Chlorotalpa,LC,0.0
Chlorotalpa_duthieae,Chlorotalpa_duthieae,direct,Afrosoricida,Chrysochloridae,Chlorotalpa,VU,0.0
Chrysochloris_visagiei,Chrysochloris_visagiei,direct,Afrosoricida,Chrysochloridae,Chrysochloris,DD,0.0
Cryptochloris_zyli,Cryptochloris_zyli,direct,Afrosoricida,Chrysochloridae,Cryptochloris,EN,0.0
Cryptochloris_wintoni,Cryptochloris_wintoni,direct,Afrosoricida,Chrysochloridae,Cryptochloris,CR,0.0
Chrysochloris_asiatica,Chrysochloris_asiatica,direct,Afrosoricida,Chrysochloridae,Chrysochloris,LC,0.0
Chrysochloris_stuhlmanni,Chrysochloris_stuhlmanni,direct,Afrosoricida,Chrysochloridae,Chrysochloris,LC,0.0
Eremitalpa_granti,Eremitalpa_granti,direct,Afrosoricida,Chrysochloridae,Eremitalpa,LC,0.0
Dasypus_yepesi,Dasypus_mazzai,synonym:MSW3,Cingulata,Dasypodidae,Dasypus,DD,0.0
Dasypus_sabanicola,Dasypus_sabanicola,direct,Cingulata,Dasypodidae,Dasypus,NT,0.0
Dasypus_novemcinctus,Dasypus_novemcinctus,direct,Cingulata,Dasypodidae,Dasypus,LC,0.0
Dasypus_septemcinctus,Dasypus_septemcinctus,direct,Cingulata,Dasypodidae,Dasypus,LC,0.0
Dasypus_hybridus,Dasypus_septemcinctus,synonym:nominalName,Cingulata,Dasypodidae,Dasypus,LC,0.0
Dasypus_pilosus,Dasypus_pilosus,direct,Cingulata,Dasypodidae,Dasypus,DD,0.0
Dasypus_kappleri,Dasypus_kappleri,direct,Cingulata,Dasypodidae,Dasypus,LC,0.0
Zaedyus_pichiy,Zaedyus_pichiy,direct,Cingulata,Euphractidae,Zaedyus,NT,0.0
Euphractus_sexcinctus,Euphractus_sexcinctus,direct,Cingulata,Euphractidae,Euphractus,LC,0.0
Chaetophractus_vellerosus,Dasyphractus_vellerosus,synonym:MSW3,Cingulata,Euphractidae,Dasyphractus,LC,0.0
Chaetophractus_nationi,,unmatched,,,,,
Chaetophractus_villosus,Chaetophractus_villosus,direct,Cingulata,Euphractidae,Chaetophractus,LC,0.0
Chlamyphorus_truncatus,Chlamyphorus_truncatus,direct,Cingulata,Chlamyphoridae,Chlamyphorus,DD,0.0
Calyptophractus_retusus,Calyptophractus_retusus,direct,Cingulata,Chlamyphoridae,Calyptophractus,DD,0.0
Tolypeutes_tricinctus,Tolypeutes_tricinctus,direct,Cingulata,Tolypeutidae,Tolypeutes,VU,0.0
Tolypeutes_matacus,Tolypeutes_matacus,direct,Cingulata,Tolypeutidae,Tolypeutes,NT,0.0
Priodontes_maximus,Priodontes_maximus,direct,Cingulata,Tolypeutidae,Priodontes,VU,0.0
Cabassous_chacoensis,Cabassous_chacoensis,direct,Cingulata,Tolypeutidae,Cabassous,NT,0.0
Cabassous_tatouay,Cabassous_tatouay,direct,Cingulata,Tolypeutidae,Cabassous,LC,0.0
Cabassous_unicinctus,Cabassous_unicinctus,direct,Cingulata,Tolypeutidae,Cabassous,LC,0.0
Cabassous_centralis,Cabassous_centralis,direct,Cingulata,Tolypeutidae,Cabassous,LC,0.0
Tamandua_tetradactyla,Tamandua_tetradactyla,direct,Pilosa,Myrmecophagidae,Tamandua,LC,0.0
Tamandua_mexicana,Tamandua_mexicana,direct,Pilosa,Myrmecophagidae,Tamandua,LC,0.0
Myrmecophaga_tridactyla,Myrmecophaga_tridactyla,direct,Pilosa,Myrmecophagidae,Myrmecophaga,VU,0.0
Cyclopes_didactylus,Cyclopes_didactylus,direct,Pilosa,Cyclopedidae,Cyclopes,LC,0.0
Mylodon_darwinii,,unmatched,,,,,
Choloepus_hoffmanni,Choloepus_hoffmanni,direct,Pilosa,Choloepodidae,Choloepus,LC,0.0
Choloepus_didactylus,Choloepus_didactylus,direct,Pilosa,Choloepodidae,Choloepus,LC,0.0
Nothrotheriops_shastensis,,unmatched,,,,,
Bradypus_torquatus,Bradypus_torquatus,direct,Pilosa,Bradypodidae,Bradypus,EN,0.0
Bradypus_pygmaeus,Bradypus_pygmaeus,direct,Pilosa,Bradypodidae,Bradypus,CR,0.0
Bradypus_tridactylus,Bradypus_tridactylus,direct,Pilosa,Bradypodidae,Bradypus,LC,0.0
Bradypus_variegatus,Bradypus_variegatus,direct,Pilosa,Bradypodidae,Bradypus,LC,0.0
Solenodon_marcanoi,Solenodon_marcanoi,direct,Eulipotyphla,Solenodontidae,Solenodon,EX,1.0
Solenodon_cubanus,Atopogale_cubana,synonym:MSW3,Eulipotyphla,Solenodontidae,Atopogale,EN,0.0
Solenodon_paradoxus,Solenodon_paradoxus,direct,Eulipotyphla,Solenodontidae,Solenodon,LC,0.0
Uropsilus_investigator,Uropsilus_investigator,direct,Eulipotyphla,Talpidae,Uropsilus,DD,0.0
Uropsilus_soricipes,Uropsilus_soricipes,direct,Eulipotyphla,Talpidae,Uropsilus,LC,0.0
Uropsilus_gracilis,Uropsilus_gracilis,direct,Eulipotyphla,Talpidae,Uropsilus,LC,0.0
Uropsilus_andersoni,Uropsilus_andersoni,direct,Eulipotyphla,Talpidae,Uropsilus,DD,0.0
Uropsilus_aequodonenia,Uropsilus_aequodonenia,direct,Eulipotyphla,Talpidae,Uropsilus,NE,0.0
Neurotrichus_gibbsii,Neurotrichus_gibbsii,direct,Eulipotyphla,Talpidae,Neurotrichus,LC,0.0
Desmana_moschata,Desmana_moschata,direct,Eulipotyphla,Talpidae,Desmana,CR,0.0
Galemys_pyrenaicus,Galemys_pyrenaicus,direct,Eulipotyphla,Talpidae,Galemys,EN,0.0
Scapanulus_oweni,Scapanulus_oweni,direct,Eulipotyphla,Talpidae,Scapanulus,LC,0.0
Parascalops_breweri,Parascalops_breweri,direct,Eulipotyphla,Talpidae,Parascalops,LC,0.0
Scapanus_townsendii,Scapanus_townsendii,direct,Eulipotyphla,Talpidae,Scapanus,LC,0.0
Scapanus_orarius,Scapanus_orarius,direct,Eulipotyphla,Talpidae,Scapanus,LC,0.0
Scapanus_latimanus,Scapanus_latimanus,direct,Eulipotyphla,Talpidae,Scapanus,LC,0.0
Scalopus_aquaticus,Scalopus_aquaticus,direct,Eulipotyphla,Talpidae,Scalopus,LC,0.0
Euroscaptor_micrura,Euroscaptor_micrurus,synonym:MSW3,Eulipotyphla,Talpidae,Euroscaptor,LC,0.0
Euroscaptor_grandis,Euroscaptor_grandis,direct,Eulipotyphla,Talpidae,Euroscaptor,LC,0.0
Euroscaptor_mizura,Oreoscaptor_mizura,synonym:MSW3,Eulipotyphla,Talpidae,Oreoscaptor,LC,0.0
Euroscaptor_subanura,Euroscaptor_subanura,direct,Eulipotyphla,Talpidae,Euroscaptor,LC,0.0
Mogera_uchidai,Mogera_uchidai,direct,Eulipotyphla,Talpidae,Mogera,VU,0.0
Mogera_robusta,Mogera_robusta,direct,Eulipotyphla,Talpidae,Mogera,LC,0.0
Mogera_wogura,Mogera_wogura,direct,Eulipotyphla,Talpidae,Mogera,LC,0.0
Mogera_imaizumii,Mogera_imaizumii,direct,Eulipotyphla,Talpidae,Mogera,LC,0.0
Mogera_tokudae,Mogera_tokudae,direct,Eulipotyphla,Talpidae,Mogera,NT,0.0
Mogera_etigo,Mogera_etigo,direct,Eulipotyphla,Talpidae,Mogera,EN,0.0
Mogera_insularis,Mogera_insularis,direct,Eulipotyphla,Talpidae,Mogera,LC,0.0
Mogera_kanoana,Mogera_kanoana,direct,Eulipotyphla,Talpidae,Mogera,NE,0.0
Scaptochirus_moschatus,Scaptochirus_moschatus,direct,Eulipotyphla,Talpidae,Scaptochirus,LC,0.0
Euroscaptor_klossi,Euroscaptor_klossi,direct,Eulipotyphla,Talpidae,Euroscaptor,LC,0.0
Euroscaptor_longirostris,Euroscaptor_longirostris,direct,Eulipotyphla,Talpidae,Euroscaptor,LC,0.0
Parascaptor_leucura,Parascaptor_leucura,direct,Eulipotyphla,Talpidae,Parascaptor,LC,0.0
Euroscaptor_parvidens,Euroscaptor_parvidens,direct,Eulipotyphla,Talpidae,Euroscaptor,DD,0.0
Talpa_caeca,Talpa_caeca,direct,Eulipotyphla,Talpidae,Talpa,LC,0.0
Talpa_romana,Talpa_romana,direct,Eulipotyphla,Talpidae,Talpa,LC,0.0
Talpa_occidentalis,Talpa_occidentalis,direct,Eulipotyphla,Talpidae,Talpa,LC,0.0
Talpa_europaea,Talpa_europaea,direct,Eulipotyphla,Talpidae,Talpa,LC,0.0
Talpa_levantis,Talpa_levantis,direct,Eulipotyphla,Talpidae,Talpa,LC,0.0
Talpa_davidiana,Talpa_davidiana,direct,Eulipotyphla,Talpidae,Talpa,DD,0.0
Talpa_stankovici,Talpa_stankovici,direct,Eulipotyphla,Talpidae,Talpa,LC,0.0
Talpa_caucasica,Talpa_caucasica,direct,Eulipotyphla,Talpidae,Talpa,LC,0.0
Talpa_altaica,Talpa_altaica,direct,Eulipotyphla,Talpidae,Talpa,LC,0.0
Urotrichus_talpoides,Urotrichus_talpoides,direct,Eulipotyphla,Talpidae,Urotrichus,LC,0.0
Dymecodon_pilirostris,Dymecodon_pilirostris,direct,Eulipotyphla,Talpidae,Dymecodon,LC,0.0
Scaptonyx_fusicaudus,Scaptonyx_fusicauda,synonym:MSW3,Eulipotyphla,Talpidae,Scaptonyx,LC,0.0
Condylura_cristata,Condylura_cristata,direct,Eulipotyphla,Talpidae,Condylura,LC,0.0
Congosorex_verheyeni,Congosorex_verheyeni,direct,Eulipotyphla,Soricidae,Congosorex,LC,0.0
Congosorex_polli,Congosorex_polli,direct,Eulipotyphla,Soricidae,Congosorex,DD,0.0
Congosorex_phillipsorum,Congosorex_phillipsorum,direct,Eulipotyphla,Soricidae,Congosorex,CR,0.0
Myosorex_schalleri,Myosorex_schalleri,direct,Eulipotyphla,Soricidae,Myosorex,DD,0.0
Myosorex_jejei,Myosorex_jejei,direct,Eulipotyphla,Soricidae,Myosorex,NT,0.0
Myosorex_rumpii,Myosorex_rumpii,direct,Eulipotyphla,Soricidae,Myosorex,EN,0.0
Myosorex_tenuis,Myosorex_tenuis,direct,Eulipotyphla,Soricidae,Myosorex,EN,0.0
Myosorex_zinki,Myosorex_zinki,direct,Eulipotyphla,Soricidae,Myosorex,LC,0.0
Myosorex_babaulti,Myosorex_babaulti,direct,Eulipotyphla,Soricidae,Myosorex,LC,0.0
Myosorex_kabogoensis,Myosorex_kabogoensis,direct,Eulipotyphla,Soricidae,Myosorex,DD,0.0
Myosorex_varius,Myosorex_varius,direct,Eulipotyphla,Soricidae,Myosorex,LC,0.0
Myosorex_longicaudatus,Myosorex_longicaudatus,direct,Eulipotyphla,Soricidae,Myosorex,EN,0.0
Myosorex_cafer,Myosorex_cafer,direct,Eulipotyphla,Soricidae,Myosorex,VU,0.0
Myosorex_eisentrauti,Myosorex_eisentrauti,direct,Eulipotyphla,Soricidae,Myosorex,CR,0.0
Myosorex_sclateri,Myosorex_sclateri,direct,Eulipotyphla,Soricidae,Myosorex,VU,0.0
Myosorex_blarina,Myosorex_blarina,direct,Eulipotyphla,Soricidae,Myosorex,EN,0.0
Myosorex_okuensis,Myosorex_okuensis,direct,Eulipotyphla,Soricidae,Myosorex,VU,0.0
Myosorex_gnoskei,Myosorex_gnoskei,direct,Eulipotyphla,Soricidae,Myosorex,EN,0.0
Myosorex_kihaulei,Myosorex_kihaulei,direct,Eulipotyphla,Soricidae,Myosorex,EN,0.0
Myosorex_geata,Myosorex_geata,direct,Eulipotyphla,Soricidae,Myosorex,EN,0.0
Myosorex_meesteri,Myosorex_meesteri,direct,Eulipotyphla,Soricidae,Myosorex,LC,0.0
Myosorex_bururiensis,Myosorex_bururiensis,direct,Eulipotyphla,Soricidae,Myosorex,VU,0.0
Sylvisorex_corbeti,Sylvisorex_corbeti,direct,Eulipotyphla,Soricidae,Sylvisorex,DD,0.0
Suncus_hosei,Suncus_hosei,direct,Eulipotyphla,Soricidae,Suncus,DD,0.0
Sylvisorex_johnstoni,Sylvisorex_johnstoni,direct,Eulipotyphla,Soricidae,Sylvisorex,LC,0.0
Suncus_aequatorius,Suncus_aequatorius,direct,Eulipotyphla,Soricidae,Suncus,EN,0.0
Sylvisorex_howelli,Sylvisorex_howelli,direct,Eulipotyphla,Soricidae,Sylvisorex,LC,0.0
Sylvisorex_lunaris,Sylvisorex_lunaris,direct,Eulipotyphla,Soricidae,Sylvisorex,NT,0.0
Sylvisorex_camerunensis,Sylvisorex_camerunensis,direct,Eulipotyphla,Soricidae,Sylvisorex,VU,0.0
Sylvisorex_granti,Sylvisorex_granti,direct,Eulipotyphla,Soricidae,Sylvisorex,LC,0.0
Sylvisorex_vulcanorum,Sylvisorex_vulcanorum,direct,Eulipotyphla,Soricidae,Sylvisorex,LC,0.0
Suncus_hututsi,Suncus_hututsi,direct,Eulipotyphla,Soricidae,Suncus,LC,0.0
Sylvisorex_silvanorum,Sylvisorex_silvanorum,direct,Eulipotyphla,Soricidae,Sylvisorex,DD,0.0
Suncus_remyi,Suncus_remyi,direct,Eulipotyphla,Soricidae,Suncus,LC,0.0
Sylvisorex_akaibei,Sylvisorex_akaibei,direct,Eulipotyphla,Soricidae,Sylvisorex,LC,0.0
Suncus_infinitesimus,Suncus_infinitesimus,direct,Eulipotyphla,Soricidae,Suncus,LC,0.0
Suncus_varilla,Suncus_varilla,direct,Eulipotyphla,Soricidae,Suncus,LC,0.0
Suncus_megalura,Suncus_megalurus,synonym:MSW3,Eulipotyphla,Soricidae,Suncus,LC,0.0
Ruwenzorisorex_suncoides,Ruwenzorisorex_suncoides,direct,Eulipotyphla,Soricidae,Ruwenzorisorex,VU,0.0
Sylvisorex_konganensis,Sylvisorex_konganensis,direct,Eulipotyphla,Soricidae,Sylvisorex,DD,0.0
Scutisorex_thori,Scutisorex_thori,direct,Eulipotyphla,Soricidae,Scutisorex,DD,0.0
Scutisorex_somereni,Scutisorex_somereni,direct,Eulipotyphla,Soricidae,Scutisorex,LC,0.0
Sylvisorex_ollula,Sylvisorex_ollula,direct,Eulipotyphla,Soricidae,Sylvisorex,LC,0.0
Crocidura_pachyura,Crocidura_pachyura,direct,Eulipotyphla,Soricidae,Crocidura,LC,0.0
Crocidura_russula,Crocidura_russula,direct,Eulipotyphla,Soricidae,Crocidura,LC,0.0
Crocidura_roosevelti,Crocidura_roosevelti,direct,Eulipotyphla,Soricidae,Crocidura,LC,0.0
Crocidura_latona,Crocidura_latona,direct,Eulipotyphla,Soricidae,Crocidura,LC,0.0
Crocidura_zaphiri,Crocidura_zaphiri,direct,Eulipotyphla,Soricidae,Crocidura,DD,0.0
Crocidura_caliginea,Crocidura_caliginea,direct,Eulipotyphla,Soricidae,Crocidura,LC,0.0
Crocidura_hispida,Crocidura_hispida,direct,Eulipotyphla,Soricidae,Crocidura,VU,0.0
Crocidura_voi,Crocidura_voi,direct,Eulipotyphla,Soricidae,Crocidura,LC,0.0
Crocidura_tansaniana,Crocidura_tansaniana,direct,Eulipotyphla,Soricidae,Crocidura,NT,0.0
Crocidura_gmelini,Crocidura_suaveolens,synonym:nominalName,Eulipotyphla,Soricidae,Crocidura,LC,0.0
Crocidura_cyanea,Crocidura_cyanea,direct,Eulipotyphla,Soricidae,Crocidura,LC,0.0
Crocidura_wimmeri,Crocidura_wimmeri,direct,Eulipotyphla,Soricidae,Crocidura,VU,0.0
Crocidura_baluensis,Crocidura_baluensis,direct,Eulipotyphla,Soricidae,Crocidura,LC,0.0
Crocidura_poensis,Crocidura_poensis,direct,Eulipotyphla,Soricidae,Crocidura,LC,0.0
Crocidura_buettikoferi,Crocidura_buettikoferi,direct,Eulipotyphla,Soricidae,Crocidura,LC,0.0
Crocidura_kivuana,Crocidura_niobe,synonym:nominalName,Eulipotyphla,Soricidae,Crocidura,LC,0.0
Crocidura_theresae,Crocidura_theresae,direct,Eulipotyphla,Soricidae,Crocidura,LC,0.0
Crocidura_tenuis,Crocidura_tenuis,direct,Eulipotyphla,Soricidae,Crocidura,DD,0.0
Crocidura_batesi,Crocidura_poensis,synonym:nominalName,Eulipotyphla,Soricidae,Crocidura,LC,0.0
Crocidura_floweri,Crocidura_floweri,direct,Eulipotyphla,Soricidae,Crocidura,DD,0.0
Crocidura_grandiceps,Crocidura_grandiceps,direct,Eulipotyphla,Soricidae,Crocidura,LC,0.0
Crocidura_hildegardeae,Crocidura_hildegardeae,direct,Eulipotyphla,Soricidae,Crocidura,LC,0.0
Crocidura_eisentrauti,Crocidura_eisentrauti,direct,Eulipotyphla,Soricidae,Crocidura,VU,0.0
Crocidura_vosmaeri,Crocidura_vosmaeri,direct,Eulipotyphla,Soricidae,Crocidura,DD,0.0
Crocidura_religiosa,Crocidura_religiosa,direct,Eulipotyphla,Soricidae,Crocidura,DD,0.0
Crocidura_attila,Crocidura_attila,direct,Eulipotyphla,Soricidae,Crocidura,LC,0.0
Crocidura_telfordi,Crocidura_telfordi,direct,Eulipotyphla,Soricidae,Crocidura,VU,0.0
Crocidura_dhofarensis,Crocidura_dhofarensis,direct,Eulipotyphla,Soricidae,Crocidura,DD,0.0
Crocidura_maxi,Crocidura_maxi,direct,Eulipotyphla,Soricidae,Crocidura,LC,0.0
Crocidura_nicobarica,Crocidura_nicobarica,direct,Eulipotyphla,Soricidae,Crocidura,CR,0.0
Crocidura_silacea,Crocidura_silacea,direct,Eulipotyphla,Soricidae,Crocidura,LC,0.0
Crocidura_orii,Crocidura_orii,direct,Eulipotyphla,Soricidae,Crocidura,EN,0.0
Crocidura_phaeura,Crocidura_phaeura,direct,Eulipotyphla,Soricidae,Crocidura,EN,0.0
Crocidura_mariquensis,Crocidura_mariquensis,direct,Eulipotyphla,Soricidae,Crocidura,LC,0.0
Crocidura_allex,Crocidura_allex,direct,Eulipotyphla,Soricidae,Crocidura,LC,0.0
Crocidura_ultima,Crocidura_ultima,direct,Eulipotyphla,Soricidae,Crocidura,DD,0.0
Crocidura_fumosa,Crocidura_fumosa,direct,Eulipotyphla,Soricidae,Crocidura,LC,0.0
Crocidura_dolichura,Crocidura_dolichura,direct,Eulipotyphla,Soricidae,Crocidura,LC,0.0
Crocidura_arispa,Crocidura_arispa,direct,Eulipotyphla,Soricidae,Crocidura,LC,0.0
Crocidura_picea,Crocidura_picea,direct,Eulipotyphla,Soricidae,Crocidura,EN,0.0
Crocidura_macowi,Crocidura_macowi,direct,Eulipotyphla,Soricidae,Crocidura,EN,0.0
Crocidura_ludia,Crocidura_ludia,direct,Eulipotyphla,Soricidae,Crocidura,LC,0.0
Crocidura_nana,Crocidura_nana,direct,Eulipotyphla,Soricidae,Crocidura,DD,0.0
Crocidura_greenwoodi,Crocidura_greenwoodi,direct,Eulipotyphla,Soricidae,Crocidura,LC,0.0
Crocidura_desperata,Crocidura_desperata,direct,Eulipotyphla,Soricidae,Crocidura,VU,0.0
Crocidura_stenocephala,Crocidura_stenocephala,direct,Eulipotyphla,Soricidae,Crocidura,VU,0.0
Crocidura_littoralis,Crocidura_littoralis,direct,Eulipotyphla,Soricidae,Crocidura,LC,0.0
Crocidura_maurisca,Crocidura_maurisca,direct,Eulipotyphla,Soricidae,Crocidura,LC,0.0
Crocidura_tarella,Crocidura_tarella,direct,Eulipotyphla,Soricidae,Crocidura,EN,0.0
Crocidura_lusitania,Crocidura_lusitania,direct,Eulipotyphla,Soricidae,Crocidura,LC,0.0
Crocidura_foxi,Crocidura_foxi,direct,Eulipotyphla,Soricidae,Crocidura,LC,0.0
Crocidura_crossei,Crocidura_crossei,direct,Eulipotyphla,Soricidae,Crocidura,LC,0.0
Crocidura_jouvenetae,Crocidura_jouvenetae,direct,Eulipotyphla,Soricidae,Crocidura,LC,0.0
Crocidura_cinderella,Crocidura_cinderella,direct,Eulipotyphla,Soricidae,Crocidura,LC,0.0
Crocidura_lanosa,Crocidura_lanosa,direct,Eulipotyphla,Soricidae,Crocidura,VU,0.0
Crocidura_fuscomurina,Crocidura_fuscomurina,direct,Eulipotyphla,Soricidae,Crocidura,LC,0.0
Paracrocidura_graueri,Paracrocidura_graueri,direct,Eulipotyphla,Soricidae,Paracrocidura,DD,0.0
Paracrocidura_schoutedeni,Paracrocidura_schoutedeni,direct,Eulipotyphla,Soricidae,Paracrocidura,LC,0.0
Paracrocidura_maxima,Paracrocidura_maxima,direct,Eulipotyphla,Soricidae,Paracrocidura,LC,0.0
Crocidura_grandis,Crocidura_grandis,direct,Eulipotyphla,Soricidae,Crocidura,DD,0.0
Crocidura_lamottei,Crocidura_lamottei,direct,Eulipotyphla,Soricidae,Crocidura,LC,0.0
Crocidura_parvipes,Crocidura_parvipes,direct,Eulipotyphla,Soricidae,Crocidura,LC,0.0
Crocidura_katinka,Crocidura_katinka,direct,Eulipotyphla,Soricidae,Crocidura,DD,0.0
Crocidura_vorax,Crocidura_vorax,direct,Eulipotyphla,Soricidae,Crocidura,LC,0.0
Crocidura_macarthuri,Crocidura_macarthuri,direct,Eulipotyphla,Soricidae,Crocidura,LC,0.0
Crocidura_harenna,Crocidura_harenna,direct,Eulipotyphla,Soricidae,Crocidura,CR,0.0
Crocidura_flavescens,Crocidura_flavescens,direct,Eulipotyphla,Soricidae,Crocidura,LC,0.0
Crocidura_hirta,Crocidura_hirta,direct,Eulipotyphla,Soricidae,Crocidura,LC,0.0
Crocidura_fulvastra,Crocidura_fulvastra,direct,Eulipotyphla,Soricidae,Crocidura,LC,0.0
Crocidura_viaria,Crocidura_viaria,direct,Eulipotyphla,Soricidae,Crocidura,LC,0.0
Crocidura_mutesae,Crocidura_mutesae,direct,Eulipotyphla,Soricidae,Crocidura,DD,0.0
Crocidura_goliath,Crocidura_goliath,direct,Eulipotyphla,Soricidae,Crocidura,LC,0.0
Crocidura_olivieri,Crocidura_olivieri,direct,Eulipotyphla,Soricidae,Crocidura,LC,0.0
Crocidura_elgonius,Crocidura_elgonius,direct,Eulipotyphla,Soricidae,Crocidura,LC,0.0
Crocidura_crenata,Crocidura_crenata,direct,Eulipotyphla,Soricidae,Crocidura,LC,0.0
Crocidura_grassei,Crocidura_grassei,direct,Eulipotyphla,Soricidae,Crocidura,LC,0.0
Crocidura_pitmani,Crocidura_pitmani,direct,Eulipotyphla,Soricidae,Crocidura,DD,0.0
Crocidura_muricauda,Crocidura_muricauda,direct,Eulipotyphla,Soricidae,Crocidura,LC,0.0
Crocidura_hilliana,Crocidura_hilliana,direct,Eulipotyphla,Soricidae,Crocidura,DD,0.0
Crocidura_douceti,Crocidura_douceti,direct,Eulipotyphla,Soricidae,Crocidura,LC,0.0
Crocidura_nimbasilvanus,Crocidura_nimbasilvanus,direct,Eulipotyphla,Soricidae,Crocidura,LC,0.0
Crocidura_nimbae,Crocidura_nimbae,direct,Eulipotyphla,Soricidae,Crocidura,NT,0.0
Crocidura_annamitensis,Crocidura_annamitensis,direct,Eulipotyphla,Soricidae,Crocidura,DD,0.0
Crocidura_gracilipes,Crocidura_gracilipes,direct,Eulipotyphla,Soricidae,Crocidura,DD,0.0
Crocidura_selina,Crocidura_selina,direct,Eulipotyphla,Soricidae,Crocidura,DD,0.0
Crocidura_nanilla,Crocidura_nanilla,direct,Eulipotyphla,Soricidae,Crocidura,LC,0.0
Crocidura_munissii,Crocidura_munissii,direct,Eulipotyphla,Soricidae,Crocidura,LC,0.0
Crocidura_mdumai,Crocidura_mdumai,direct,Eulipotyphla,Soricidae,Crocidura,EN,0.0
Crocidura_serezkyensis,Crocidura_serezkyensis,direct,Eulipotyphla,Soricidae,Crocidura,LC,0.0
Crocidura_montis,Crocidura_montis,direct,Eulipotyphla,Soricidae,Crocidura,LC,0.0
Crocidura_macmillani,Crocidura_macmillani,direct,Eulipotyphla,Soricidae,Crocidura,NT,0.0
Crocidura_luna,Crocidura_luna,direct,Eulipotyphla,Soricidae,Crocidura,LC,0.0
Crocidura_monax,Crocidura_monax,direct,Eulipotyphla,Soricidae,Crocidura,DD,0.0
Crocidura_newmarki,Crocidura_newmarki,direct,Eulipotyphla,Soricidae,Crocidura,NT,0.0
Crocidura_denti,Crocidura_denti,direct,Eulipotyphla,Soricidae,Crocidura,LC,0.0
Crocidura_glassi,Crocidura_glassi,direct,Eulipotyphla,Soricidae,Crocidura,NT,0.0
Crocidura_thalia,Crocidura_glassi,synonym:nominalName,Eulipotyphla,Soricidae,Crocidura,NT,0.0
Crocidura_baileyi,Crocidura_baileyi,direct,Eulipotyphla,Soricidae,Crocidura,LC,0.0
Crocidura_arabica,Crocidura_arabica,direct,Eulipotyphla,Soricidae,Crocidura,LC,0.0
Crocidura_niobe,Crocidura_niobe,direct,Eulipotyphla,Soricidae,Crocidura,LC,0.0
Crocidura_zimmermanni,Crocidura_zimmermanni,direct,Eulipotyphla,Soricidae,Crocidura,EN,0.0
Crocidura_canariensis,Crocidura_canariensis,direct,Eulipotyphla,Soricidae,Crocidura,EN,0.0
Crocidura_tarfayensis,Crocidura_tarfayaensis,synonym:MSW3,Eulipotyphla,Soricidae,Crocidura,DD,0.0
Crocidura_sicula,Crocidura_sicula,direct,Eulipotyphla,Soricidae,Crocidura,LC,0.0
Crocidura_zimmeri,Crocidura_zimmeri,direct,Eulipotyphla,Soricidae,Crocidura,DD,0.0
Crocidura_leucodon,Crocidura_leucodon,direct,Eulipotyphla,Soricidae,Crocidura,LC,0.0
Crocidura_obscurior,Crocidura_obscurior,direct,Eulipotyphla,Soricidae,Crocidura,LC,0.0
Crocidura_sapaensis,Crocidura_sapaensis,direct,Eulipotyphla,Soricidae,Crocidura,DD,0.0
Crocidura_whitakeri,Crocidura_whitakeri,direct,Eulipotyphla,Soricidae,Crocidura,LC,0.0
Crocidura_pasha,Crocidura_pasha,direct,Eulipotyphla,Soricidae,Crocidura,LC,0.0
Diplomesodon_pulchellum,Diplomesodon_pulchellus,synonym:MSW3,Eulipotyphla,Soricidae,Diplomesodon,LC,0.0
Crocidura_horsfieldii,Crocidura_horsfieldii,direct,Eulipotyphla,Soricidae,Crocidura,DD,0.0
Crocidura_fingui,Crocidura_fingui,direct,Eulipotyphla,Soricidae,Crocidura,DD,0.0
Crocidura_manengubae,Crocidura_manengubae,direct,Eulipotyphla,Soricidae,Crocidura,VU,0.0
Crocidura_miya,Crocidura_miya,direct,Eulipotyphla,Soricidae,Crocidura,EN,0.0
Crocidura_pergrisea,Crocidura_pergrisea,direct,Eulipotyphla,Soricidae,Crocidura,DD,0.0
Crocidura_hikmiya,Crocidura_hikmiya,direct,Eulipotyphla,Soricidae,Crocidura,EN,0.0
Crocidura_planiceps,Crocidura_planiceps,direct,Eulipotyphla,Soricidae,Crocidura,DD,0.0
Crocidura_sokolovi,Crocidura_sokolovi,direct,Eulipotyphla,Soricidae,Crocidura,NT,0.0
Crocidura_trichura,Crocidura_trichura,direct,Eulipotyphla,Soricidae,Crocidura,EX,0.0
Crocidura_neglecta,Crocidura_neglecta,direct,Eulipotyphla,Soricidae,Crocidura,NE,0.0
Crocidura_rapax,Crocidura_rapax,direct,Eulipotyphla,Soricidae,Crocidura,DD,0.0
Crocidura_lasiura,Crocidura_lasiura,direct,Eulipotyphla,Soricidae,Crocidura,LC,0.0
Crocidura_dsinezumi,Crocidura_dsinezumi,direct,Eulipotyphla,Soricidae,Crocidura,LC,0.0
Crocidura_fischeri,Crocidura_fischeri,direct,Eulipotyphla,Soricidae,Crocidura,DD,0.0
Crocidura_raineyi,Crocidura_raineyi,direct,Eulipotyphla,Soricidae,Crocidura,EN,0.0
Crocidura_phuquocensis,Crocidura_phuquocensis,direct,Eulipotyphla,Soricidae,Crocidura,VU,0.0
Crocidura_fuliginosa,Crocidura_fuliginosa,direct,Eulipotyphla,Soricidae,Crocidura,LC,0.0
Crocidura_indochinensis,Crocidura_indochinensis,direct,Eulipotyphla,Soricidae,Crocidura,LC,0.0
Crocidura_wuchihensis,Crocidura_wuchihensis,direct,Eulipotyphla,Soricidae,Crocidura,DD,0.0
Crocidura_tanakae,Crocidura_tanakae,direct,Eulipotyphla,Soricidae,Crocidura,LC,0.0
Crocidura_zaitsevi,Crocidura_kegoensis,synonym:nominalName,Eulipotyphla,Soricidae,Crocidura,LC,0.0
Crocidura_attenuata,Crocidura_attenuata,direct,Eulipotyphla,Soricidae,Crocidura,LC,0.0
Crocidura_monticola,Crocidura_monticola,direct,Eulipotyphla,Soricidae,Crocidura,LC,0.0
Crocidura_watasei,Crocidura_watasei,direct,Eulipotyphla,Soricidae,Crocidura,LC,0.0
Crocidura_jacksoni,Crocidura_jacksoni,direct,Eulipotyphla,Soricidae,Crocidura,LC,0.0
Crocidura_armenica,Crocidura_armenica,direct,Eulipotyphla,Soricidae,Crocidura,DD,0.0
Crocidura_paradoxura,Crocidura_paradoxura,direct,Eulipotyphla,Soricidae,Crocidura,LC,0.0
Crocidura_lwiroensis,Crocidura_lwiroensis,direct,Eulipotyphla,Soricidae,Crocidura,DD,0.0
Crocidura_susiana,Crocidura_susiana,direct,Eulipotyphla,Soricidae,Crocidura,DD,0.0
Crocidura_bottegoides,Crocidura_bottegoides,direct,Eulipotyphla,Soricidae,Crocidura,EN,0.0
Crocidura_negligens,Crocidura_malayana,synonym:nominalName,Eulipotyphla,Soricidae,Crocidura,LC,0.0
Crocidura_lucina,Crocidura_lucina,direct,Eulipotyphla,Soricidae,Crocidura,VU,0.0
Crocidura_maquassiensis,Crocidura_maquassiensis,direct,Eulipotyphla,Soricidae,Crocidura,LC,0.0
Crocidura_ansellorum,Crocidura_ansellorum,direct,Eulipotyphla,Soricidae,Crocidura,EN,0.0
Crocidura_malayana,Crocidura_malayana,direct,Eulipotyphla,Soricidae,Crocidura,LC,0.0
Crocidura_yankariensis,Crocidura_yankariensis,direct,Eulipotyphla,Soricidae,Crocidura,LC,0.0
Crocidura_abscondita,Crocidura_abscondita,direct,Eulipotyphla,Soricidae,Crocidura,NE,0.0
Crocidura_jenkinsi,Crocidura_jenkinsi,direct,Eulipotyphla,Soricidae,Crocidura,CR,0.0
Crocidura_virgata,Crocidura_virgata,direct,Eulipotyphla,Soricidae,Crocidura,LC,0.0
Crocidura_nigricans,Crocidura_nigricans,direct,Eulipotyphla,Soricidae,Crocidura,LC,0.0
Crocidura_nigripes,Crocidura_nigripes,direct,Eulipotyphla,Soricidae,Crocidura,LC,0.0
Crocidura_ninoyi,Crocidura_ninoyi,direct,Eulipotyphla,Soricidae,Crocidura,DD,0.0
Crocidura_beatus,Crocidura_beata,synonym:MSW3,Eulipotyphla,Soricidae,Crocidura,LC,0.0
Crocidura_panayensis,Crocidura_panayensis,direct,Eulipotyphla,Soricidae,Crocidura,DD,0.0
Crocidura_negrina,Crocidura_negrina,direct,Eulipotyphla,Soricidae,Crocidura,EN,0.0
Crocidura_guy,Crocidura_guy,direct,Eulipotyphla,Soricidae,Crocidura,DD,0.0
Crocidura_mindorus,Crocidura_mindorus,direct,Eulipotyphla,Soricidae,Crocidura,DD,0.0
Crocidura_grayi,Crocidura_grayi,direct,Eulipotyphla,Soricidae,Crocidura,LC,0.0
Crocidura_palawanensis,Crocidura_palawanensis,direct,Eulipotyphla,Soricidae,Crocidura,LC,0.0
Crocidura_foetida,Crocidura_foetida,direct,Eulipotyphla,Soricidae,Crocidura,LC,0.0
Crocidura_ramona,Crocidura_ramona,direct,Eulipotyphla,Soricidae,Crocidura,LC,0.0
Crocidura_beccarii,Crocidura_beccarii,direct,Eulipotyphla,Soricidae,Crocidura,LC,0.0
Crocidura_longipes,Crocidura_longipes,direct,Eulipotyphla,Soricidae,Crocidura,DD,0.0
Crocidura_smithii,Crocidura_smithii,direct,Eulipotyphla,Soricidae,Crocidura,LC,0.0
Crocidura_lepidura,Crocidura_lepidura,direct,Eulipotyphla,Soricidae,Crocidura,LC,0.0
Crocidura_congobelgica,Crocidura_congobelgica,direct,Eulipotyphla,Soricidae,Crocidura,LC,0.0
Crocidura_orientalis,Crocidura_orientalis,direct,Eulipotyphla,Soricidae,Crocidura,LC,0.0
Crocidura_erica,Crocidura_erica,direct,Eulipotyphla,Soricidae,Crocidura,DD,0.0
Crocidura_brunnea,Crocidura_brunnea,direct,Eulipotyphla,Soricidae,Crocidura,LC,0.0
Crocidura_thomensis,Crocidura_thomensis,direct,Eulipotyphla,Soricidae,Crocidura,EN,0.0
Crocidura_somalica,Crocidura_somalica,direct,Eulipotyphla,Soricidae,Crocidura,LC,0.0
Crocidura_zarudnyi,Crocidura_zarudnyi,direct,Eulipotyphla,Soricidae,Crocidura,LC,0.0
Crocidura_phanluongi,Crocidura_phanluongi,direct,Eulipotyphla,Soricidae,Crocidura,LC,0.0
Crocidura_bottegi,Crocidura_bottegi,direct,Eulipotyphla,Soricidae,Crocidura,DD,0.0
Crocidura_aleksandrisi,Crocidura_aleksandrisi,direct,Eulipotyphla,Soricidae,Crocidura,LC,0.0
Crocidura_caspica,Crocidura_caspica,direct,Eulipotyphla,Soricidae,Crocidura,DD,0.0
Crocidura_pullata,Crocidura_pullata,direct,Eulipotyphla,Soricidae,Crocidura,LC,0.0
Crocidura_sibirica,Crocidura_sibirica,direct,Eulipotyphla,Soricidae,Crocidura,LC,0.0
Crocidura_suaveolens,Crocidura_suaveolens,direct,Eulipotyphla,Soricidae,Crocidura,LC,0.0
Crocidura_shantungensis,Crocidura_shantungensis,direct,Eulipotyphla,Soricidae,Crocidura,LC,0.0
Crocidura_hutanis,Crocidura_hutanis,direct,Eulipotyphla,Soricidae,Crocidura,LC,0.0
Crocidura_batakorum,Crocidura_batakorum,direct,Eulipotyphla,Soricidae,Crocidura,DD,0.0
Crocidura_andamanensis,Crocidura_andamanensis,direct,Eulipotyphla,Soricidae,Crocidura,CR,0.0
Crocidura_usambarae,Crocidura_usambarae,direct,Eulipotyphla,Soricidae,Crocidura,VU,0.0
Crocidura_turba,Crocidura_turba,direct,Eulipotyphla,Soricidae,Crocidura,LC,0.0
Crocidura_cranbrooki,Crocidura_cranbrooki,direct,Eulipotyphla,Soricidae,Crocidura,DD,0.0
Crocidura_polia,Crocidura_polia,direct,Eulipotyphla,Soricidae,Crocidura,DD,0.0
Crocidura_nigeriae,Crocidura_nigeriae,direct,Eulipotyphla,Soricidae,Crocidura,LC,0.0
Crocidura_levicula,Crocidura_levicula,direct,Eulipotyphla,Soricidae,Crocidura,LC,0.0
Crocidura_rhoditis,Crocidura_rhoditis,direct,Eulipotyphla,Soricidae,Crocidura,VU,0.0
Crocidura_xantippe,Crocidura_xantippe,direct,Eulipotyphla,Soricidae,Crocidura,LC,0.0
Crocidura_musseri,Crocidura_musseri,direct,Eulipotyphla,Soricidae,Crocidura,VU,0.0
Crocidura_elongata,Crocidura_elongata,direct,Eulipotyphla,Soricidae,Crocidura,LC,0.0
Crocidura_lea,Crocidura_lea,direct,Eulipotyphla,Soricidae,Crocidura,LC,0.0
Crocidura_nigrofusca,Crocidura_nigrofusca,direct,Eulipotyphla,Soricidae,Crocidura,LC,0.0
Suncus_zeylanicus,Suncus_zeylanicus,direct,Eulipotyphla,Soricidae,Suncus,EN,0.0
Suncus_mertensi,Suncus_mertensi,direct,Eulipotyphla,Soricidae,Suncus,EN,0.0
Suncus_dayi,Suncus_dayi,direct,Eulipotyphla,Soricidae,Suncus,EN,0.0
Suncus_ater,Palawanosorex_ater,synonym:MSW3,Eulipotyphla,Soricidae,Palawanosorex,DD,0.0
Suncus_stoliczkanus,Suncus_stoliczkanus,direct,Eulipotyphla,Soricidae,Suncus,LC,0.0
Suncus_montanus,Suncus_montanus,direct,Eulipotyphla,Soricidae,Suncus,LC,0.0
Sylvisorex_morio,Sylvisorex_morio,direct,Eulipotyphla,Soricidae,Sylvisorex,EN,0.0
Suncus_murinus,Suncus_murinus,direct,Eulipotyphla,Soricidae,Suncus,LC,0.0
Sylvisorex_pluvialis,Sylvisorex_pluvialis,direct,Eulipotyphla,Soricidae,Sylvisorex,DD,0.0
Feroculus_feroculus,Feroculus_feroculus,direct,Eulipotyphla,Soricidae,Feroculus,EN,0.0
Suncus_madagascariensis,Suncus_etruscus,synonym:nominalName,Eulipotyphla,Soricidae,Suncus,LC,0.0
Suncus_etruscus,Suncus_etruscus,direct,Eulipotyphla,Soricidae,Suncus,LC,0.0
Suncus_fellowesgordoni,Suncus_fellowesgordoni,direct,Eulipotyphla,Soricidae,Suncus,EN,0.0
Suncus_lixus,Suncus_lixa,synonym:MSW3,Eulipotyphla,Soricidae,Suncus,LC,0.0
Sylvisorex_oriundus,Sylvisorex_oriundus,direct,Eulipotyphla,Soricidae,Sylvisorex,DD,0.0
Sylvisorex_isabellae,Sylvisorex_isabellae,direct,Eulipotyphla,Soricidae,Sylvisorex,VU,0.0
Suncus_malayanus,Suncus_malayanus,direct,Eulipotyphla,Soricidae,Suncus,LC,0.0
Solisorex_pearsoni,Solisorex_pearsoni,direct,Eulipotyphla,Soricidae,Solisorex,EN,0.0
Blarinella_wardi,Blarinella_wardi,direct,Eulipotyphla,Soricidae,Blarinella,LC,0.0
Blarinella_quadraticauda,Blarinella_quadraticauda,direct,Eulipotyphla,Soricidae,Blarinella,NT,0.0
Blarinella_griselda,Parablarinella_griselda,synonym:MSW3,Eulipotyphla,Soricidae,Parablarinella,LC,0.0
Surdisorex_schlitteri,Surdisorex_schlitteri,direct,Eulipotyphla,Soricidae,Surdisorex,DD,0.0
Surdisorex_polulus,Surdisorex_polulus,direct,Eulipotyphla,Soricidae,Surdisorex,DD,0.0
Surdisorex_norae,Surdisorex_norae,direct,Eulipotyphla,Soricidae,Surdisorex,LC,0.0
Cryptotis_perijensis,Cryptotis_perijensis,direct,Eulipotyphla,Soricidae,Cryptotis,DD,0.0
Cryptotis_lacandonensis,Cryptotis_lacandonensis,direct,Eulipotyphla,Soricidae,Cryptotis,NE,0.0
Cryptotis_colombiana,Cryptotis_colombianus,synonym:MSW3,Eulipotyphla,Soricidae,Cryptotis,LC,0.0
Blarina_hylophaga,Blarina_hylophaga,direct,Eulipotyphla,Soricidae,Blarina,LC,0.0
Blarina_carolinensis,Blarina_carolinensis,direct,Eulipotyphla,Soricidae,Blarina,LC,0.0
Blarina_brevicauda,Blarina_brevicauda,direct,Eulipotyphla,Soricidae,Blarina,LC,0.0
Cryptotis_gracilis,Cryptotis_gracilis,direct,Eulipotyphla,Soricidae,Cryptotis,LC,0.0
Cryptotis_aroensis,Cryptotis_aroensis,direct,Eulipotyphla,Soricidae,Cryptotis,EN,0.0
Cryptotis_orophila,Cryptotis_orophilus,synonym:MSW3,Eulipotyphla,Soricidae,Cryptotis,DD,0.0
Cryptotis_nigrescens,Cryptotis_nigrescens,direct,Eulipotyphla,Soricidae,Cryptotis,LC,0.0
Cryptotis_venezuelensis,Cryptotis_venezuelensis,direct,Eulipotyphla,Soricidae,Cryptotis,DD,0.0
Cryptotis_peruviensis,Cryptotis_peruviensis,direct,Eulipotyphla,Soricidae,Cryptotis,DD,0.0
Cryptotis_niausa,Cryptotis_niausa,direct,Eulipotyphla,Soricidae,Cryptotis,DD,0.0
Cryptotis_brachyonyx,Cryptotis_brachyonyx,direct,Eulipotyphla,Soricidae,Cryptotis,DD,0.0
Cryptotis_magna,Cryptotis_magnus,synonym:MSW3,Eulipotyphla,Soricidae,Cryptotis,VU,0.0
Cryptotis_medellinia,Cryptotis_medellinius,synonym:MSW3,Eulipotyphla,Soricidae,Cryptotis,LC,0.0
Cryptotis_phillipsii,Cryptotis_phillipsii,direct,Eulipotyphla,Soricidae,Cryptotis,VU,0.0
Cryptotis_mexicana,Cryptotis_mexicanus,synonym:MSW3,Eulipotyphla,Soricidae,Cryptotis,LC,0.0
Cryptotis_nelsoni,Cryptotis_nelsoni,direct,Eulipotyphla,Soricidae,Cryptotis,CR,0.0
Cryptotis_obscura,,unmatched,,,,,
Cryptotis_equatoris,Cryptotis_equatoris,direct,Eulipotyphla,Soricidae,Cryptotis,LC,0.0
Cryptotis_montivaga,Cryptotis_montivagus,synonym:MSW3,Eulipotyphla,Soricidae,Cryptotis,LC,0.0
Cryptotis_tamensis,Cryptotis_tamensis,direct,Eulipotyphla,Soricidae,Cryptotis,LC,0.0
Cryptotis_peregrina,Cryptotis_peregrinus,synonym:MSW3,Eulipotyphla,Soricidae,Cryptotis,DD,0.0
Cryptotis_goldmani,Cryptotis_goldmani,direct,Eulipotyphla,Soricidae,Cryptotis,LC,0.0
Cryptotis_meridensis,Cryptotis_meridensis,direct,Eulipotyphla,Soricidae,Cryptotis,VU,0.0
Cryptotis_squamipes,Cryptotis_squamipes,direct,Eulipotyphla,Soricidae,Cryptotis,LC,0.0
Cryptotis_tropicalis,Cryptotis_tropicalis,direct,Eulipotyphla,Soricidae,Cryptotis,DD,0.0
Cryptotis_lacertosus,Cryptotis_lacertosus,direct,Eulipotyphla,Soricidae,Cryptotis,DD,0.0
Cryptotis_hondurensis,Cryptotis_hondurensis,direct,Eulipotyphla,Soricidae,Cryptotis,DD,0.0
Cryptotis_mam,Cryptotis_mam,direct,Eulipotyphla,Soricidae,Cryptotis,DD,0.0
Cryptotis_mera,Cryptotis_merus,synonym:MSW3,Eulipotyphla,Soricidae,Cryptotis,EN,0.0
Cryptotis_goodwini,Cryptotis_goodwini,direct,Eulipotyphla,Soricidae,Cryptotis,LC,0.0
Cryptotis_merriami,Cryptotis_merriami,direct,Eulipotyphla,Soricidae,Cryptotis,LC,0.0
Cryptotis_endersi,Cryptotis_endersi,direct,Eulipotyphla,Soricidae,Cryptotis,EN,0.0
Cryptotis_alticola,Cryptotis_alticola,direct,Eulipotyphla,Soricidae,Cryptotis,DD,0.0
Cryptotis_thomasi,Cryptotis_thomasi,direct,Eulipotyphla,Soricidae,Cryptotis,LC,0.0
Cryptotis_griseoventris,Cryptotis_griseoventris,direct,Eulipotyphla,Soricidae,Cryptotis,EN,0.0
Cryptotis_mayensis,Cryptotis_mayensis,direct,Eulipotyphla,Soricidae,Cryptotis,LC,0.0
Cryptotis_oreoryctes,Cryptotis_oreoryctes,direct,Eulipotyphla,Soricidae,Cryptotis,EN,0.0
Cryptotis_parva,Cryptotis_parvus,synonym:MSW3,Eulipotyphla,Soricidae,Cryptotis,LC,0.0
Sorex_alpinus,Sorex_alpinus,direct,Eulipotyphla,Soricidae,Sorex,NT,0.0
Sorex_buchariensis,Sorex_buchariensis,direct,Eulipotyphla,Soricidae,Sorex,DD,0.0
Sorex_oreopolus,Sorex_oreopolus,direct,Eulipotyphla,Soricidae,Sorex,LC,0.0
Sorex_bedfordiae,Sorex_bedfordiae,direct,Eulipotyphla,Soricidae,Sorex,LC,0.0
Sorex_ventralis,Sorex_ventralis,direct,Eulipotyphla,Soricidae,Sorex,LC,0.0
Sorex_excelsus,Sorex_excelsus,direct,Eulipotyphla,Soricidae,Sorex,LC,0.0
Sorex_veraecrucis,Sorex_veraecrucis,direct,Eulipotyphla,Soricidae,Sorex,LC,0.0
Sorex_cylindricauda,Sorex_cylindricauda,direct,Eulipotyphla,Soricidae,Sorex,LC,0.0
Sorex_gracillimus,Sorex_gracillimus,direct,Eulipotyphla,Soricidae,Sorex,LC,0.0
Sorex_yukonicus,Sorex_minutissimus,synonym:nominalName,Eulipotyphla,Soricidae,Sorex,LC,0.0
Sorex_ixtlanensis,Sorex_ixtlanensis,direct,Eulipotyphla,Soricidae,Sorex,DD,0.0
Sorex_planiceps,Sorex_planiceps,direct,Eulipotyphla,Soricidae,Sorex,LC,0.0
Sorex_minutissimus,Sorex_minutissimus,direct,Eulipotyphla,Soricidae,Sorex,LC,0.0
Sorex_hosonoi,Sorex_hosonoi,direct,Eulipotyphla,Soricidae,Sorex,LC,0.0
Sorex_mirabilis,Sorex_mirabilis,direct,Eulipotyphla,Soricidae,Sorex,DD,0.0
Sorex_minutus,Sorex_minutus,direct,Eulipotyphla,Soricidae,Sorex,LC,0.0
Sorex_volnuchini,Sorex_volnuchini,direct,Eulipotyphla,Soricidae,Sorex,LC,0.0
Sorex_thibetanus,Sorex_thibetanus,direct,Eulipotyphla,Soricidae,Sorex,DD,0.0
Sorex_caecutiens,Sorex_caecutiens,direct,Eulipotyphla,Soricidae,Sorex,LC,0.0
Sorex_shinto,Sorex_shinto,direct,Eulipotyphla,Soricidae,Sorex,LC,0.0
Sorex_isodon,Sorex_isodon,direct,Eulipotyphla,Soricidae,Sorex,LC,0.0
Sorex_unguiculatus,Sorex_unguiculatus,direct,Eulipotyphla,Soricidae,Sorex,LC,0.0
Sorex_tundrensis,Sorex_tundrensis,direct,Eulipotyphla,Soricidae,Sorex,LC,0.0
Sorex_asper,Sorex_asper,direct,Eulipotyphla,Soricidae,Sorex,LC,0.0
Sorex_daphaenodon,Sorex_daphaenodon,direct,Eulipotyphla,Soricidae,Sorex,LC,0.0
Sorex_coronatus,Sorex_coronatus,direct,Eulipotyphla,Soricidae,Sorex,LC,0.0
Sorex_araneus,Sorex_araneus,direct,Eulipotyphla,Soricidae,Sorex,LC,0.0
Sorex_granarius,Sorex_granarius,direct,Eulipotyphla,Soricidae,Sorex,LC,0.0
Sorex_satunini,Sorex_satunini,direct,Eulipotyphla,Soricidae,Sorex,LC,0.0
Sorex_antinorii,Sorex_antinorii,direct,Eulipotyphla,Soricidae,Sorex,LC,0.0
Sorex_arcticus,Sorex_arcticus,direct,Eulipotyphla,Soricidae,Sorex,LC,0.0
Sorex_maritimensis,Sorex_maritimensis,direct,Eulipotyphla,Soricidae,Sorex,LC,0.0
Sorex_samniticus,Sorex_samniticus,direct,Eulipotyphla,Soricidae,Sorex,LC,0.0
Sorex_kozlovi,Sorex_kozlovi,direct,Eulipotyphla,Soricidae,Sorex,DD,0.0
Sorex_roboratus,Sorex_roboratus,direct,Eulipotyphla,Soricidae,Sorex,LC,0.0
Sorex_mediopua,Sorex_mediopua,direct,Eulipotyphla,Soricidae,Sorex,LC,0.0
Sorex_sclateri,Sorex_sclateri,direct,Eulipotyphla,Soricidae,Sorex,CR,0.0
Sorex_stizodon,Sorex_stizodon,direct,Eulipotyphla,Soricidae,Sorex,CR,0.0
Sorex_veraepacis,Sorex_veraepacis,direct,Eulipotyphla,Soricidae,Sorex,LC,0.0
Sorex_cansulus,Sorex_cansulus,direct,Eulipotyphla,Soricidae,Sorex,DD,0.0
Sorex_arunchi,Sorex_antinorii,synonym:nominalName,Eulipotyphla,Soricidae,Sorex,LC,0.0
Sorex_raddei,Sorex_raddei,direct,Eulipotyphla,Soricidae,Sorex,LC,0.0
Sorex_saussurei,Sorex_saussurei,direct,Eulipotyphla,Soricidae,Sorex,LC,0.0
Sorex_trowbridgii,Sorex_trowbridgii,direct,Eulipotyphla,Soricidae,Sorex,LC,0.0
Sorex_arizonae,Sorex_arizonae,direct,Eulipotyphla,Soricidae,Sorex,LC,0.0
Sorex_hoyi,Sorex_hoyi,direct,Eulipotyphla,Soricidae,Sorex,LC,0.0
Sorex_orizabae,Sorex_orizabae,direct,Eulipotyphla,Soricidae,Sorex,LC,0.0
Sorex_dispar,Sorex_dispar,direct,Eulipotyphla,Soricidae,Sorex,LC,0.0
Sorex_fumeus,Sorex_fumeus,direct,Eulipotyphla,Soricidae,Sorex,LC,0.0
Sorex_nanus,Sorex_nanus,direct,Eulipotyphla,Soricidae,Sorex,LC,0.0
Sorex_tenellus,Sorex_tenellus,direct,Eulipotyphla,Soricidae,Sorex,LC,0.0
Sorex_sonomae,Sorex_sonomae,direct,Eulipotyphla,Soricidae,Sorex,LC,0.0
Sorex_merriami,Sorex_merriami,direct,Eulipotyphla,Soricidae,Sorex,LC,0.0
Sorex_bendirii,Sorex_bendirii,direct,Eulipotyphla,Soricidae,Sorex,LC,0.0
Sorex_palustris,Sorex_palustris,direct,Eulipotyphla,Soricidae,Sorex,LC,0.0
Sorex_monticolus,Sorex_monticolus,direct,Eulipotyphla,Soricidae,Sorex,LC,0.0
Sorex_bairdi,Sorex_pacificus,synonym:nominalName,Eulipotyphla,Soricidae,Sorex,LC,0.0
Sorex_pacificus,Sorex_pacificus,direct,Eulipotyphla,Soricidae,Sorex,LC,0.0
Sorex_neomexicanus,Sorex_monticolus,synonym:nominalName,Eulipotyphla,Soricidae,Sorex,LC,0.0
Sorex_ornatus,Sorex_ornatus,direct,Eulipotyphla,Soricidae,Sorex,LC,0.0
Sorex_macrodon,Sorex_macrodon,direct,Eulipotyphla,Soricidae,Sorex,VU,0.0
Sorex_vagrans,Sorex_vagrans,direct,Eulipotyphla,Soricidae,Sorex,LC,0.0
Sorex_rohweri,Sorex_rohweri,direct,Eulipotyphla,Soricidae,Sorex,LC,0.0
Sorex_preblei,Sorex_preblei,direct,Eulipotyphla,Soricidae,Sorex,LC,0.0
Sorex_haydeni,Sorex_haydeni,direct,Eulipotyphla,Soricidae,Sorex,LC,0.0
Sorex_camtschatica,Sorex_camtschaticus,synonym:MSW3,Eulipotyphla,Soricidae,Sorex,LC,0.0
Sorex_jacksoni,Sorex_jacksoni,direct,Eulipotyphla,Soricidae,Sorex,LC,0.0
Sorex_portenkoi,Sorex_portenkoi,direct,Eulipotyphla,Soricidae,Sorex,DD,0.0
Sorex_ugyunak,Sorex_ugyunak,direct,Eulipotyphla,Soricidae,Sorex,LC,0.0
Sorex_pribilofensis,Sorex_pribilofensis,direct,Eulipotyphla,Soricidae,Sorex,EN,0.0
Sorex_leucogaster,Sorex_leucogaster,direct,Eulipotyphla,Soricidae,Sorex,DD,0.0
Sorex_lyelli,Sorex_lyelli,direct,Eulipotyphla,Soricidae,Sorex,LC,0.0
Sorex_cinereus,Sorex_cinereus,direct,Eulipotyphla,Soricidae,Sorex,LC,0.0
Sorex_milleri,Sorex_milleri,direct,Eulipotyphla,Soricidae,Sorex,VU,0.0
Sorex_longirostris,Sorex_longirostris,direct,Eulipotyphla,Soricidae,Sorex,LC,0.0
Sorex_emarginatus,Sorex_emarginatus,direct,Eulipotyphla,Soricidae,Sorex,LC,0.0
Sorex_sinalis,Sorex_sinalis,direct,Eulipotyphla,Soricidae,Sorex,DD,0.0
Sorex_alaskanus,Sorex_navigator,synonym:nominalName,Eulipotyphla,Soricidae,Sorex,NE,0.0
Anourosorex_assamensis,Anourosorex_assamensis,direct,Eulipotyphla,Soricidae,Anourosorex,LC,0.0
Anourosorex_squamipes,Anourosorex_squamipes,direct,Eulipotyphla,Soricidae,Anourosorex,LC,0.0
Anourosorex_yamashinai,Anourosorex_yamashinai,direct,Eulipotyphla,Soricidae,Anourosorex,LC,0.0
Anourosorex_schmidi,Anourosorex_schmidi,direct,Eulipotyphla,Soricidae,Anourosorex,DD,0.0
Episoriculus_fumidus,Pseudosoriculus_fumidus,synonym:MSW3,Eulipotyphla,Soricidae,Pseudosoriculus,LC,0.0
Episoriculus_macrurus,Episoriculus_macrurus,direct,Eulipotyphla,Soricidae,Episoriculus,LC,0.0
Episoriculus_leucops,Episoriculus_leucops,direct,Eulipotyphla,Soricidae,Episoriculus,LC,0.0
Episoriculus_caudatus,Episoriculus_caudatus,direct,Eulipotyphla,Soricidae,Episoriculus,LC,0.0
Soriculus_nigrescens,Soriculus_nigrescens,direct,Eulipotyphla,Soricidae,Soriculus,LC,0.0
Chodsigoa_salenskii,Chodsigoa_salenskii,direct,Eulipotyphla,Soricidae,Chodsigoa,DD,0.0
Chodsigoa_parva,Chodsigoa_parva,direct,Eulipotyphla,Soricidae,Chodsigoa,DD,0.0
Chodsigoa_parca,Chodsigoa_parca,direct,Eulipotyphla,Soricidae,Chodsigoa,LC,0.0
Chodsigoa_caovansunga,Chodsigoa_caovansunga,direct,Eulipotyphla,Soricidae,Chodsigoa,DD,0.0
Chodsigoa_sodalis,Chodsigoa_sodalis,direct,Eulipotyphla,Soricidae,Chodsigoa,DD,0.0
Chodsigoa_lamula,Chodsigoa_hypsibia,synonym:nominalName,Eulipotyphla,Soricidae,Chodsigoa,LC,0.0
Chodsigoa_smithii,Chodsigoa_smithii,direct,Eulipotyphla,Soricidae,Chodsigoa,NT,0.0
Chodsigoa_hypsibia,Chodsigoa_hypsibia,direct,Eulipotyphla,Soricidae,Chodsigoa,LC,0.0
Nectogale_elegans,Nectogale_elegans,direct,Eulipotyphla,Soricidae,Nectogale,LC,0.0
Chimarrogale_phaeura,Chimarrogale_phaeura,direct,Eulipotyphla,Soricidae,Chimarrogale,EN,0.0
Chimarrogale_sumatrana,Chimarrogale_sumatrana,direct,Eulipotyphla,Soricidae,Chimarrogale,DD,0.0
Chimarrogale_platycephalus,Chimarrogale_platycephala,synonym:MSW3,Eulipotyphla,Soricidae,Chimarrogale,LC,0.0
Chimarrogale_hantu,Chimarrogale_hantu,direct,Eulipotyphla,Soricidae,Chimarrogale,NT,0.0
Chimarrogale_styani,Chimarrogale_styani,direct,Eulipotyphla,Soricidae,Chimarrogale,LC,0.0
Chimarrogale_himalayica,Chimarrogale_himalayica,direct,Eulipotyphla,Soricidae,Chimarrogale,LC,0.0
Neomys_fodiens,Neomys_fodiens,direct,Eulipotyphla,Soricidae,Neomys,LC,0.0
Neomys_teres,Neomys_teres,direct,Eulipotyphla,Soricidae,Neomys,LC,0.0
Neomys_anomalus,Neomys_anomalus,direct,Eulipotyphla,Soricidae,Neomys,LC,0.0
Nesophontes_major,Nesophontes_major,direct,Eulipotyphla,Nesophontidae,Nesophontes,EX,1.0
Nesophontes_zamicrus,Nesophontes_zamicrus,direct,Eulipotyphla,Nesophontidae,Nesophontes,EX,1.0
Nesophontes_edithae,Nesophontes_edithae,direct,Eulipotyphla,Nesophontidae,Nesophontes,EX,1.0
Nesophontes_paramicrus,Nesophontes_paramicrus,direct,Eulipotyphla,Nesophontidae,Nesophontes,EX,1.0
Nesophontes_hypomicrus,Nesophontes_hypomicrus,direct,Eulipotyphla,Nesophontidae,Nesophontes,EX,1.0
Nesophontes_micrus,Nesophontes_micrus,direct,Eulipotyphla,Nesophontidae,Nesophontes,EX,1.0
Megasorex_gigas,Megasorex_gigas,direct,Eulipotyphla,Soricidae,Megasorex,LC,0.0
Notiosorex_evotis,Notiosorex_evotis,direct,Eulipotyphla,Soricidae,Notiosorex,LC,0.0
Notiosorex_cockrumi,Notiosorex_cockrumi,direct,Eulipotyphla,Soricidae,Notiosorex,LC,0.0
Notiosorex_crawfordi,Notiosorex_crawfordi,direct,Eulipotyphla,Soricidae,Notiosorex,LC,0.0
Notiosorex_villai,Notiosorex_villai,direct,Eulipotyphla,Soricidae,Notiosorex,VU,0.0
Hylomys_megalotis,Otohylomys_megalotis,synonym:MSW3,Eulipotyphla,Erinaceidae,Otohylomys,DD,0.0
Neotetracus_sinensis,Neotetracus_sinensis,direct,Eulipotyphla,Erinaceidae,Neotetracus,LC,0.0
Neohylomys_hainanensis,Neohylomys_hainanensis,direct,Eulipotyphla,Erinaceidae,Neohylomys,EN,0.0
Hylomys_suillus,Hylomys_suillus,direct,Eulipotyphla,Erinaceidae,Hylomys,LC,0.0
Hylomys_parvus,Hylomys_parvus,direct,Eulipotyphla,Erinaceidae,Hylomys,VU,0.0
Podogymnura_truei,Podogymnura_truei,direct,Eulipotyphla,Erinaceidae,Podogymnura,LC,0.0
Podogymnura_aureospinula,Podogymnura_aureospinula,direct,Eulipotyphla,Erinaceidae,Podogymnura,EN,0.0
Echinosorex_gymnura,Echinosorex_gymnura,direct,Eulipotyphla,Erinaceidae,Echinosorex,LC,0.0
Erinaceus_roumanicus,Erinaceus_roumanicus,direct,Eulipotyphla,Erinaceidae,Erinaceus,LC,0.0
Erinaceus_concolor,Erinaceus_concolor,direct,Eulipotyphla,Erinaceidae,Erinaceus,LC,0.0
Erinaceus_europaeus,Erinaceus_europaeus,direct,Eulipotyphla,Erinaceidae,Erinaceus,NT,0.0
Erinaceus_amurensis,Erinaceus_amurensis,direct,Eulipotyphla,Erinaceidae,Erinaceus,LC,0.0
Paraechinus_aethiopicus,Paraechinus_aethiopicus,direct,Eulipotyphla,Erinaceidae,Paraechinus,LC,0.0
Paraechinus_hypomelas,Paraechinus_hypomelas,direct,Eulipotyphla,Erinaceidae,Paraechinus,LC,0.0
Paraechinus_nudiventris,Paraechinus_nudiventris,direct,Eulipotyphla,Erinaceidae,Paraechinus,LC,0.0
Paraechinus_micropus,Paraechinus_micropus,direct,Eulipotyphla,Erinaceidae,Paraechinus,LC,0.0
Mesechinus_hughi,Mesechinus_hughi,direct,Eulipotyphla,Erinaceidae,Mesechinus,LC,0.0
Mesechinus_dauuricus,Mesechinus_dauuricus,direct,Eulipotyphla,Erinaceidae,Mesechinus,LC,0.0
Hemiechinus_collaris,Hemiechinus_collaris,direct,Eulipotyphla,Erinaceidae,Hemiechinus,LC,0.0
Hemiechinus_auritus,Hemiechinus_auritus,direct,Eulipotyphla,Erinaceidae,Hemiechinus,LC,0.0
Atelerix_sclateri,Atelerix_sclateri,direct,Eulipotyphla,Erinaceidae,Atelerix,LC,0.0
Atelerix_frontalis,Atelerix_frontalis,direct,Eulipotyphla,Erinaceidae,Atelerix,LC,0.0
Atelerix_albiventris,Atelerix_albiventris,direct,Eulipotyphla,Erinaceidae,Atelerix,LC,0.0
Atelerix_algirus,Atelerix_algirus,direct,Eulipotyphla,Erinaceidae,Atelerix,LC,0.0
Rhinopoma_macinnesi,Rhinopoma_cystops,synonym:nominalName,Chiroptera,Rhinopomatidae,Rhinopoma,LC,0.0
Rhinopoma_microphyllum,Rhinopoma_microphyllum,direct,Chiroptera,Rhinopomatidae,Rhinopoma,LC,0.0
Rhinopoma_hadramauticum,Rhinopoma_hadramauticum,direct,Chiroptera,Rhinopomatidae,Rhinopoma,EN,0.0
Rhinopoma_muscatellum,Rhinopoma_muscatellum,direct,Chiroptera,Rhinopomatidae,Rhinopoma,LC,0.0
Rhinopoma_hardwickii,Rhinopoma_hardwickii,direct,Chiroptera,Rhinopomatidae,Rhinopoma,LC,0.0
Craseonycteris_thonglongyai,Craseonycteris_thonglongyai,direct,Chiroptera,Craseonycteridae,Craseonycteris,NT,0.0
Lavia_frons,Lavia_frons,direct,Chiroptera,Megadermatidae,Lavia,LC,0.0
Megaderma_spasma,Megaderma_spasma,direct,Chiroptera,Megadermatidae,Megaderma,LC,0.0
Macroderma_gigas,Macroderma_gigas,direct,Chiroptera,Megadermatidae,Macroderma,VU,0.0
Megaderma_lyra,Lyroderma_lyra,synonym:MSW3,Chiroptera,Megadermatidae,Lyroderma,LC,0.0
Cardioderma_cor,Cardioderma_cor,direct,Chiroptera,Megadermatidae,Cardioderma,LC,0.0
Rhinolophus_landeri,Rhinolophus_landeri,direct,Chiroptera,Rhinolophidae,Rhinolophus,LC,0.0
Rhinolophus_osgoodi,Rhinolophus_osgoodi,direct,Chiroptera,Rhinolophidae,Rhinolophus,LC,0.0
Rhinolophus_alcyone,Rhinolophus_alcyone,direct,Chiroptera,Rhinolophidae,Rhinolophus,LC,0.0
Rhinolophus_montanus,Rhinolophus_montanus,direct,Chiroptera,Rhinolophidae,Rhinolophus,EN,0.0
Rhinolophus_mitratus,Rhinolophus_mitratus,direct,Chiroptera,Rhinolophidae,Rhinolophus,DD,0.0
Rhinolophus_maendeleo,Rhinolophus_maendeleo,direct,Chiroptera,Rhinolophidae,Rhinolophus,DD,0.0
Rhinolophus_hipposideros,Rhinolophus_hipposideros,direct,Chiroptera,Rhinolophidae,Rhinolophus,LC,0.0
Rhinolophus_subbadius,Rhinolophus_subbadius,direct,Chiroptera,Rhinolophidae,Rhinolophus,LC,0.0
Rhinolophus_formosae,Rhinolophus_formosae,direct,Chiroptera,Rhinolophidae,Rhinolophus,LC,0.0
Rhinolophus_huananus,Rhinolophus_siamensis,synonym:nominalName,Chiroptera,Rhinolophidae,Rhinolophus,LC,0.0
Rhinolophus_trifoliatus,Rhinolophus_trifoliatus,direct,Chiroptera,Rhinolophidae,Rhinolophus,NT,0.0
Rhinolophus_sedulus,Rhinolophus_sedulus,direct,Chiroptera,Rhinolophidae,Rhinolophus,NT,0.0
Rhinolophus_ziama,Rhinolophus_ziama,direct,Chiroptera,Rhinolophidae,Rhinolophus,EN,0.0
Rhinolophus_beddomei,Rhinolophus_beddomei,direct,Chiroptera,Rhinolophidae,Rhinolophus,LC,0.0
Rhinolophus_luctus,Rhinolophus_luctus,direct,Chiroptera,Rhinolophidae,Rhinolophus,LC,0.0
Rhinolophus_kahuzi,Rhinolophus_ruwenzorii,synonym:nominalName,Chiroptera,Rhinolophidae,Rhinolophus,EN,0.0
Rhinolophus_yunanensis,Rhinolophus_yunanensis,direct,Chiroptera,Rhinolophidae,Rhinolophus,LC,0.0
Rhinolophus_nereis,Rhinolophus_nereis,direct,Chiroptera,Rhinolophidae,Rhinolophus,DD,0.0
Rhinolophus_bocharicus,Rhinolophus_bocharicus,direct,Chiroptera,Rhinolophidae,Rhinolophus,LC,0.0
Rhinolophus_pearsonii,Rhinolophus_pearsonii,direct,Chiroptera,Rhinolophidae,Rhinolophus,LC,0.0
Rhinolophus_affinis,Rhinolophus_affinis,direct,Chiroptera,Rhinolophidae,Rhinolophus,LC,0.0
Rhinolophus_coelophyllus,Rhinolophus_coelophyllus,direct,Chiroptera,Rhinolophidae,Rhinolophus,LC,0.0
Rhinolophus_shameli,Rhinolophus_shameli,direct,Chiroptera,Rhinolophidae,Rhinolophus,LC,0.0
Rhinolophus_arcuatus,Rhinolophus_arcuatus,direct,Chiroptera,Rhinolophidae,Rhinolophus,DD,0.0
Rhinolophus_euryotis,Rhinolophus_euryotis,direct,Chiroptera,Rhinolophidae,Rhinolophus,LC,0.0
Rhinolophus_convexus,Rhinolophus_convexus,direct,Chiroptera,Rhinolophidae,Rhinolophus,DD,0.0
Rhinolophus_creaghi,Rhinolophus_creaghi,direct,Chiroptera,Rhinolophidae,Rhinolophus,LC,0.0
Rhinolophus_deckenii,Rhinolophus_deckenii,direct,Chiroptera,Rhinolophidae,Rhinolophus,NT,0.0
Rhinolophus_subrufus,Rhinolophus_subrufus,direct,Chiroptera,Rhinolophidae,Rhinolophus,DD,0.0
Rhinolophus_stheno,Rhinolophus_stheno,direct,Chiroptera,Rhinolophidae,Rhinolophus,LC,0.0
Rhinolophus_rouxii,Rhinolophus_rouxii,direct,Chiroptera,Rhinolophidae,Rhinolophus,LC,0.0
Rhinolophus_thomasi,Rhinolophus_thomasi,direct,Chiroptera,Rhinolophidae,Rhinolophus,LC,0.0
Rhinolophus_inops,Rhinolophus_inops,direct,Chiroptera,Rhinolophidae,Rhinolophus,LC,0.0
Rhinolophus_sinicus,Rhinolophus_sinicus,direct,Chiroptera,Rhinolophidae,Rhinolophus,LC,0.0
Rhinolophus_thailandensis,Rhinolophus_thailandensis,direct,Chiroptera,Rhinolophidae,Rhinolophus,LC,0.0
Rhinolophus_chaseni,Rhinolophus_chaseni,direct,Chiroptera,Rhinolophidae,Rhinolophus,NE,0.0
Rhinolophus_robinsoni,Rhinolophus_robinsoni,direct,Chiroptera,Rhinolophidae,Rhinolophus,NT,0.0
Rhinolophus_guineensis,Rhinolophus_guineensis,direct,Chiroptera,Rhinolophidae,Rhinolophus,EN,0.0
Rhinolophus_celebensis,Rhinolophus_celebensis,direct,Chiroptera,Rhinolophidae,Rhinolophus,LC,0.0
Rhinolophus_philippinensis,Rhinolophus_philippinensis,direct,Chiroptera,Rhinolophidae,Rhinolophus,LC,0.0
Rhinolophus_megaphyllus,Rhinolophus_megaphyllus,direct,Chiroptera,Rhinolophidae,Rhinolophus,LC,0.0
Rhinolophus_virgo,Rhinolophus_virgo,direct,Chiroptera,Rhinolophidae,Rhinolophus,LC,0.0
Rhinolophus_borneensis,Rhinolophus_borneensis,direct,Chiroptera,Rhinolophidae,Rhinolophus,LC,0.0
Rhinolophus_cognatus,Rhinolophus_cognatus,direct,Chiroptera,Rhinolophidae,Rhinolophus,EN,0.0
Rhinolophus_lepidus,Rhinolophus_lepidus,direct,Chiroptera,Rhinolophidae,Rhinolophus,LC,0.0
Rhinolophus_pusillus,Rhinolophus_pusillus,direct,Chiroptera,Rhinolophidae,Rhinolophus,LC,0.0
Rhinolophus_hillorum,Rhinolophus_hillorum,direct,Chiroptera,Rhinolophidae,Rhinolophus,VU,0.0
Rhinolophus_shortridgei,Rhinolophus_shortridgei,direct,Chiroptera,Rhinolophidae,Rhinolophus,DD,0.0
Rhinolophus_paradoxolophus,Rhinolophus_rex,synonym:nominalName,Chiroptera,Rhinolophidae,Rhinolophus,EN,0.0
Rhinolophus_marshalli,Rhinolophus_marshalli,direct,Chiroptera,Rhinolophidae,Rhinolophus,LC,0.0
Rhinolophus_rex,Rhinolophus_rex,direct,Chiroptera,Rhinolophidae,Rhinolophus,EN,0.0
Rhinolophus_macrotis,Rhinolophus_macrotis,direct,Chiroptera,Rhinolophidae,Rhinolophus,LC,0.0
Rhinolophus_siamensis,Rhinolophus_siamensis,direct,Chiroptera,Rhinolophidae,Rhinolophus,LC,0.0
Rhinolophus_schnitzleri,Rhinolophus_rex,synonym:nominalName,Chiroptera,Rhinolophidae,Rhinolophus,EN,0.0
Rhinolophus_acuminatus,Rhinolophus_acuminatus,direct,Chiroptera,Rhinolophidae,Rhinolophus,LC,0.0
Rhinolophus_madurensis,Rhinolophus_madurensis,direct,Chiroptera,Rhinolophidae,Rhinolophus,VU,0.0
Rhinolophus_malayanus,Rhinolophus_malayanus,direct,Chiroptera,Rhinolophidae,Rhinolophus,LC,0.0
Rhinolophus_adami,Rhinolophus_adami,direct,Chiroptera,Rhinolophidae,Rhinolophus,DD,0.0
Rhinolophus_capensis,Rhinolophus_capensis,direct,Chiroptera,Rhinolophidae,Rhinolophus,LC,0.0
Rhinolophus_swinnyi,Rhinolophus_swinnyi,direct,Chiroptera,Rhinolophidae,Rhinolophus,LC,0.0
Rhinolophus_simulator,Rhinolophus_simulator,direct,Chiroptera,Rhinolophidae,Rhinolophus,LC,0.0
Rhinolophus_hilli,Rhinolophus_hilli,direct,Chiroptera,Rhinolophidae,Rhinolophus,EN,0.0
Rhinolophus_denti,Rhinolophus_denti,direct,Chiroptera,Rhinolophidae,Rhinolophus,LC,0.0
Rhinolophus_keyensis,Rhinolophus_keyensis,direct,Chiroptera,Rhinolophidae,Rhinolophus,DD,0.0
Rhinolophus_sakejiensis,Rhinolophus_sakejiensis,direct,Chiroptera,Rhinolophidae,Rhinolophus,DD,0.0
Rhinolophus_canuti,Rhinolophus_canuti,direct,Chiroptera,Rhinolophidae,Rhinolophus,VU,0.0
Rhinolophus_willardi,Rhinolophus_willardi,direct,Chiroptera,Rhinolophidae,Rhinolophus,EN,0.0
Rhinolophus_blasii,Rhinolophus_blasii,direct,Chiroptera,Rhinolophidae,Rhinolophus,LC,0.0
Rhinolophus_rufus,Rhinolophus_rufus,direct,Chiroptera,Rhinolophidae,Rhinolophus,NT,0.0
Rhinolophus_euryale,Rhinolophus_euryale,direct,Chiroptera,Rhinolophidae,Rhinolophus,NT,0.0
Rhinolophus_luctoides,Rhinolophus_luctoides,direct,Chiroptera,Rhinolophidae,Rhinolophus,NE,0.0
Rhinolophus_mehelyi,Rhinolophus_mehelyi,direct,Chiroptera,Rhinolophidae,Rhinolophus,VU,0.0
Rhinolophus_mossambicus,Rhinolophus_mossambicus,direct,Chiroptera,Rhinolophidae,Rhinolophus,LC,0.0
Rhinolophus_eloquens,Rhinolophus_eloquens,direct,Chiroptera,Rhinolophidae,Rhinolophus,LC,0.0
Rhinolophus_fumigatus,Rhinolophus_fumigatus,direct,Chiroptera,Rhinolophidae,Rhinolophus,LC,0.0
Rhinolophus_hildebrandtii,Rhinolophus_hildebrandtii,direct,Chiroptera,Rhinolophidae,Rhinolophus,LC,0.0
Rhinolophus_mabuensis,Rhinolophus_mabuensis,direct,Chiroptera,Rhinolophidae,Rhinolophus,EN,0.0
Rhinolophus_cohenae,Rhinolophus_cohenae,direct,Chiroptera,Rhinolophidae,Rhinolophus,VU,0.0
Rhinolophus_smithersi,Rhinolophus_smithersi,direct,Chiroptera,Rhinolophidae,Rhinolophus,NT,0.0
Rhinolophus_darlingi,Rhinolophus_darlingi,direct,Chiroptera,Rhinolophidae,Rhinolophus,LC,0.0
Rhinolophus_silvestris,Rhinolophus_silvestris,direct,Chiroptera,Rhinolophidae,Rhinolophus,DD,0.0
Rhinolophus_ruwenzorii,Rhinolophus_ruwenzorii,direct,Chiroptera,Rhinolophidae,Rhinolophus,EN,0.0
Rhinolophus_maclaudi,Rhinolophus_maclaudi,direct,Chiroptera,Rhinolophidae,Rhinolophus,EN,0.0
Rhinolophus_ferrumequinum,Rhinolophus_ferrumequinum,direct,Chiroptera,Rhinolophidae,Rhinolophus,LC,0.0
Rhinolophus_francisi,Rhinolophus_francisi,direct,Chiroptera,Rhinolophidae,Rhinolophus,NE,0.0
Rhinolophus_clivosus,Rhinolophus_clivosus,direct,Chiroptera,Rhinolophidae,Rhinolophus,LC,0.0
Rhinolophus_xinanzhongguoensis,Rhinolophus_xinanzhongguoensis,direct,Chiroptera,Rhinolophidae,Rhinolophus,NT,0.0
Coelops_frithii,Coelops_frithii,direct,Chiroptera,Hipposideridae,Coelops,NT,0.0
Coelops_hirsutus,Coelops_hirsutus,direct,Chiroptera,Hipposideridae,Coelops,NE,0.0
Coelops_robinsoni,Coelops_robinsoni,direct,Chiroptera,Hipposideridae,Coelops,VU,0.0
Aselliscus_tricuspidatus,Aselliscus_tricuspidatus,direct,Chiroptera,Hipposideridae,Aselliscus,LC,0.0
Aselliscus_stoliczkanus,Aselliscus_stoliczkanus,direct,Chiroptera,Hipposideridae,Aselliscus,LC,0.0
Anthops_ornatus,Anthops_ornatus,direct,Chiroptera,Hipposideridae,Anthops,VU,0.0
Hipposideros_durgadasi,Hipposideros_durgadasi,direct,Chiroptera,Hipposideridae,Hipposideros,VU,0.0
Hipposideros_coronatus,Hipposideros_coronatus,direct,Chiroptera,Hipposideridae,Hipposideros,DD,0.0
Hipposideros_dinops,Hipposideros_dinops,direct,Chiroptera,Hipposideridae,Hipposideros,VU,0.0
Hipposideros_macrobullatus,Hipposideros_macrobullatus,direct,Chiroptera,Hipposideridae,Hipposideros,DD,0.0
Hipposideros_inexpectatus,Hipposideros_inexpectatus,direct,Chiroptera,Hipposideridae,Hipposideros,DD,0.0
Hipposideros_pelingensis,Hipposideros_pelingensis,direct,Chiroptera,Hipposideridae,Hipposideros,NT,0.0
Hipposideros_camerunensis,Doryrhina_camerunensis,synonym:MSW3,Chiroptera,Hipposideridae,Doryrhina,DD,0.0
Hipposideros_muscinus,Hipposideros_muscinus,direct,Chiroptera,Hipposideridae,Hipposideros,LC,0.0
Hipposideros_demissus,Hipposideros_demissus,direct,Chiroptera,Hipposideridae,Hipposideros,EN,0.0
Hipposideros_edwardshilli,Hipposideros_edwardshilli,direct,Chiroptera,Hipposideridae,Hipposideros,VU,0.0
Hipposideros_breviceps,Hipposideros_breviceps,direct,Chiroptera,Hipposideridae,Hipposideros,DD,0.0
Hipposideros_diadema,Hipposideros_diadema,direct,Chiroptera,Hipposideridae,Hipposideros,LC,0.0
Hipposideros_lankadiva,Hipposideros_lankadiva,direct,Chiroptera,Hipposideridae,Hipposideros,LC,0.0
Hipposideros_alongensis,Hipposideros_alongensis,direct,Chiroptera,Hipposideridae,Hipposideros,VU,0.0
Hipposideros_crumeniferus,Hipposideros_crumeniferus,direct,Chiroptera,Hipposideridae,Hipposideros,DD,0.0
Hipposideros_lekaguli,Hipposideros_lekaguli,direct,Chiroptera,Hipposideridae,Hipposideros,NT,0.0
Hipposideros_corynophyllus,Hipposideros_corynophyllus,direct,Chiroptera,Hipposideridae,Hipposideros,LC,0.0
Hipposideros_turpis,Hipposideros_turpis,direct,Chiroptera,Hipposideridae,Hipposideros,EN,0.0
Hipposideros_scutinares,Hipposideros_scutinares,direct,Chiroptera,Hipposideridae,Hipposideros,VU,0.0
Hipposideros_lylei,Hipposideros_lylei,direct,Chiroptera,Hipposideridae,Hipposideros,LC,0.0
Hipposideros_pratti,Hipposideros_swinhoii,synonym:MSW3,Chiroptera,Hipposideridae,Hipposideros,LC,0.0
Hipposideros_griffini,Hipposideros_griffini,direct,Chiroptera,Hipposideridae,Hipposideros,NT,0.0
Hipposideros_armiger,Hipposideros_armiger,direct,Chiroptera,Hipposideridae,Hipposideros,LC,0.0
Hipposideros_nequam,Hipposideros_nequam,direct,Chiroptera,Hipposideridae,Hipposideros,DD,0.0
Hipposideros_pendelburyi,,unmatched,,,,,
Hipposideros_larvatus,Hipposideros_larvatus,direct,Chiroptera,Hipposideridae,Hipposideros,LC,0.0
Hipposideros_grandis,Hipposideros_grandis,direct,Chiroptera,Hipposideridae,Hipposideros,LC,0.0
Hipposideros_marisae,Hipposideros_marisae,direct,Chiroptera,Hipposideridae,Hipposideros,VU,0.0
Hipposideros_jonesi,Hipposideros_jonesi,direct,Chiroptera,Hipposideridae,Hipposideros,NT,0.0
Hipposideros_orbiculus,Hipposideros_orbiculus,direct,Chiroptera,Hipposideridae,Hipposideros,VU,0.0
Hipposideros_thomensis,Macronycteris_thomensis,synonym:MSW3,Chiroptera,Hipposideridae,Macronycteris,LC,0.0
Hipposideros_galeritus,Hipposideros_galeritus,direct,Chiroptera,Hipposideridae,Hipposideros,LC,0.0
Hipposideros_madurae,Hipposideros_madurae,direct,Chiroptera,Hipposideridae,Hipposideros,NT,0.0
Hipposideros_cervinus,Hipposideros_cervinus,direct,Chiroptera,Hipposideridae,Hipposideros,LC,0.0
Hipposideros_pygmaeus,Hipposideros_pygmaeus,direct,Chiroptera,Hipposideridae,Hipposideros,LC,0.0
Hipposideros_coxi,Hipposideros_coxi,direct,Chiroptera,Hipposideridae,Hipposideros,EN,0.0
Hipposideros_stenotis,Hipposideros_stenotis,direct,Chiroptera,Hipposideridae,Hipposideros,VU,0.0
Hipposideros_bicolor,Hipposideros_bicolor,direct,Chiroptera,Hipposideridae,Hipposideros,LC,0.0
Hipposideros_rotalis,Hipposideros_rotalis,direct,Chiroptera,Hipposideridae,Hipposideros,LC,0.0
Hipposideros_khaokhouayensis,Hipposideros_khaokhouayensis,direct,Chiroptera,Hipposideridae,Hipposideros,VU,0.0
Hipposideros_einnaythu,Hipposideros_einnaythu,direct,Chiroptera,Hipposideridae,Hipposideros,DD,0.0
Hipposideros_speoris,Hipposideros_speoris,direct,Chiroptera,Hipposideridae,Hipposideros,LC,0.0
Hipposideros_pomona,Hipposideros_pomona,direct,Chiroptera,Hipposideridae,Hipposideros,EN,0.0
Hipposideros_cineraceus,Hipposideros_cineraceus,direct,Chiroptera,Hipposideridae,Hipposideros,LC,0.0
Hipposideros_maggietaylorae,Hipposideros_maggietaylorae,direct,Chiroptera,Hipposideridae,Hipposideros,LC,0.0
Hipposideros_ridleyi,Hipposideros_ridleyi,direct,Chiroptera,Hipposideridae,Hipposideros,VU,0.0
Hipposideros_hypophyllus,Hipposideros_hypophyllus,direct,Chiroptera,Hipposideridae,Hipposideros,CR,0.0
Hipposideros_ater,Hipposideros_ater,direct,Chiroptera,Hipposideridae,Hipposideros,LC,0.0
Hipposideros_megalotis,Hipposideros_megalotis,direct,Chiroptera,Hipposideridae,Hipposideros,LC,0.0
Hipposideros_halophyllus,Hipposideros_halophyllus,direct,Chiroptera,Hipposideridae,Hipposideros,VU,0.0
Hipposideros_curtus,Hipposideros_curtus,direct,Chiroptera,Hipposideridae,Hipposideros,EN,0.0
Hipposideros_fulvus,Hipposideros_fulvus,direct,Chiroptera,Hipposideridae,Hipposideros,LC,0.0
Hipposideros_sumbae,Hipposideros_sumbae,direct,Chiroptera,Hipposideridae,Hipposideros,LC,0.0
Hipposideros_dyacorum,Hipposideros_dyacorum,direct,Chiroptera,Hipposideridae,Hipposideros,LC,0.0
Hipposideros_doriae,Hipposideros_doriae,direct,Chiroptera,Hipposideridae,Hipposideros,NT,0.0
Hipposideros_beatus,Hipposideros_beatus,direct,Chiroptera,Hipposideridae,Hipposideros,LC,0.0
Hipposideros_inornatus,Hipposideros_inornatus,direct,Chiroptera,Hipposideridae,Hipposideros,VU,0.0
Hipposideros_lamottei,Hipposideros_lamottei,direct,Chiroptera,Hipposideridae,Hipposideros,CR,0.0
Hipposideros_sorenseni,Hipposideros_sorenseni,direct,Chiroptera,Hipposideridae,Hipposideros,EN,0.0
Hipposideros_ruber,Hipposideros_ruber,direct,Chiroptera,Hipposideridae,Hipposideros,LC,0.0
Hipposideros_wollastoni,Hipposideros_wollastoni,direct,Chiroptera,Hipposideridae,Hipposideros,LC,0.0
Hipposideros_abae,Hipposideros_abae,direct,Chiroptera,Hipposideridae,Hipposideros,LC,0.0
Hipposideros_caffer,Hipposideros_caffer,direct,Chiroptera,Hipposideridae,Hipposideros,LC,0.0
Hipposideros_fuliginosus,Hipposideros_fuliginosus,direct,Chiroptera,Hipposideridae,Hipposideros,LC,0.0
Hipposideros_obscurus,Hipposideros_obscurus,direct,Chiroptera,Hipposideridae,Hipposideros,LC,0.0
Hipposideros_papua,Hipposideros_papua,direct,Chiroptera,Hipposideridae,Hipposideros,LC,0.0
Hipposideros_calcaratus,Hipposideros_calcaratus,direct,Chiroptera,Hipposideridae,Hipposideros,LC,0.0
Hipposideros_cyclops,Doryrhina_cyclops,synonym:MSW3,Chiroptera,Hipposideridae,Doryrhina,LC,0.0
Hipposideros_commersoni,Macronycteris_commersonii,synonym:MSW3,Chiroptera,Hipposideridae,Macronycteris,NT,0.0
Hipposideros_boeadii,Hipposideros_boeadii,direct,Chiroptera,Hipposideridae,Hipposideros,DD,0.0
Hipposideros_vittatus,Macronycteris_vittata,synonym:MSW3,Chiroptera,Hipposideridae,Macronycteris,NT,0.0
Hipposideros_semoni,Hipposideros_semoni,direct,Chiroptera,Hipposideridae,Hipposideros,LC,0.0
Hipposideros_gigas,Macronycteris_gigas,synonym:MSW3,Chiroptera,Hipposideridae,Macronycteris,LC,0.0
Asellia_patrizii,Asellia_patrizii,direct,Chiroptera,Hipposideridae,Asellia,LC,0.0
Asellia_tridens,Asellia_tridens,direct,Chiroptera,Hipposideridae,Asellia,LC,0.0
Asellia_arabica,Asellia_arabica,direct,Chiroptera,Hipposideridae,Asellia,DD,0.0
Paratriaenops_furculus,Paratriaenops_furcula,synonym:nominalName,Chiroptera,Rhinonycteridae,Paratriaenops,LC,0.0
Paratriaenops_pauliani,Paratriaenops_pauliani,direct,Chiroptera,Rhinonycteridae,Paratriaenops,DD,0.0
Paratriaenops_auritus,Paratriaenops_auritus,direct,Chiroptera,Rhinonycteridae,Paratriaenops,VU,0.0
Cloeotis_percivali,Cloeotis_percivali,direct,Chiroptera,Rhinonycteridae,Cloeotis,LC,0.0
Paracoelops_megalotis,,unmatched,,,,,
Triaenops_rufus,Triaenops_menamena,synonym:MSW3,Chiroptera,Rhinonycteridae,Triaenops,LC,0.0
Triaenops_afer,Triaenops_afer,direct,Chiroptera,Rhinonycteridae,Triaenops,LC,0.0
Triaenops_parvus,Triaenops_parvus,direct,Chiroptera,Rhinonycteridae,Triaenops,DD,0.0
Triaenops_menamena,Triaenops_menamena,direct,Chiroptera,Rhinonycteridae,Triaenops,LC,0.0
Triaenops_persicus,Triaenops_persicus,direct,Chiroptera,Rhinonycteridae,Triaenops,LC,0.0
Rhinonicteris_aurantia,Rhinonicteris_aurantia,direct,Chiroptera,Rhinonycteridae,Rhinonicteris,LC,0.0
Ptenochirus_jagori,Ptenochirus_jagorii,synonym:MSW3,Chiroptera,Pteropodidae,Ptenochirus,LC,0.0
Ptenochirus_minor,Ptenochirus_minor,direct,Chiroptera,Pteropodidae,Ptenochirus,LC,0.0
Megaerops_wetmorei,Ptenochirus_wetmorei,synonym:MSW3,Chiroptera,Pteropodidae,Ptenochirus,NT,0.0
Megaerops_niphanae,Megaerops_niphanae,direct,Chiroptera,Pteropodidae,Megaerops,LC,0.0
Megaerops_kusnotoi,Megaerops_kusnotoi,direct,Chiroptera,Pteropodidae,Megaerops,VU,0.0
Megaerops_ecaudatus,Megaerops_ecaudatus,direct,Chiroptera,Pteropodidae,Megaerops,LC,0.0
Cynopterus_brachyotis,Cynopterus_brachyotis,direct,Chiroptera,Pteropodidae,Cynopterus,LC,0.0
Cynopterus_horsfieldii,Cynopterus_horsfieldii,direct,Chiroptera,Pteropodidae,Cynopterus,LC,0.0
Cynopterus_titthaecheilus,Cynopterus_titthaecheilus,direct,Chiroptera,Pteropodidae,Cynopterus,LC,0.0
Cynopterus_nusatenggara,Cynopterus_nusatenggara,direct,Chiroptera,Pteropodidae,Cynopterus,LC,0.0
Cynopterus_sphinx,Cynopterus_sphinx,direct,Chiroptera,Pteropodidae,Cynopterus,LC,0.0
Cynopterus_minutus,Cynopterus_minutus,direct,Chiroptera,Pteropodidae,Cynopterus,LC,0.0
Cynopterus_luzoniensis,Cynopterus_luzoniensis,direct,Chiroptera,Pteropodidae,Cynopterus,LC,0.0
Dyacopterus_spadiceus,Dyacopterus_spadiceus,direct,Chiroptera,Pteropodidae,Dyacopterus,NT,0.0
Dyacopterus_rickarti,Dyacopterus_rickarti,direct,Chiroptera,Pteropodidae,Dyacopterus,EN,0.0
Dyacopterus_brooksi,Dyacopterus_brooksi,direct,Chiroptera,Pteropodidae,Dyacopterus,VU,0.0
Aethalops_alecto,Aethalops_alecto,direct,Chiroptera,Pteropodidae,Aethalops,LC,0.0
Aethalops_aequalis,Aethalops_aequalis,direct,Chiroptera,Pteropodidae,Aethalops,LC,0.0
Balionycteris_maculata,Balionycteris_maculata,direct,Chiroptera,Pteropodidae,Balionycteris,LC,0.0
Penthetor_lucasi,Penthetor_lucasii,synonym:MSW3,Chiroptera,Pteropodidae,Penthetor,LC,0.0
Chironax_melanocephalus,Chironax_melanocephalus,direct,Chiroptera,Pteropodidae,Chironax,LC,0.0
Neopteryx_frosti,Neopteryx_frosti,direct,Chiroptera,Pteropodidae,Neopteryx,EN,0.0
Otopteropus_cartilagonodus,Otopteropus_cartilagonodus,direct,Chiroptera,Pteropodidae,Otopteropus,LC,0.0
Notopteris_neocaledonica,Notopteris_neocaledonicus,synonym:MSW3,Chiroptera,Pteropodidae,Notopteris,EN,0.0
Notopteris_macdonaldi,Notopteris_macdonaldii,synonym:MSW3,Chiroptera,Pteropodidae,Notopteris,VU,0.0
Haplonycteris_fischeri,Haplonycteris_fischeri,direct,Chiroptera,Pteropodidae,Haplonycteris,LC,0.0
Alionycteris_paucidentata,Alionycteris_paucidentata,direct,Chiroptera,Pteropodidae,Alionycteris,LC,0.0
Plerotes_anchietae,Plerotes_anchietae,direct,Chiroptera,Pteropodidae,Plerotes,LC,0.0
Latidens_salimalii,Latidens_salimalii,direct,Chiroptera,Pteropodidae,Latidens,EN,0.0
Aproteles_bulmerae,Aproteles_bulmerae,direct,Chiroptera,Pteropodidae,Aproteles,CR,0.0
Sphaerias_blanfordi,Sphaerias_blanfordi,direct,Chiroptera,Pteropodidae,Sphaerias,LC,0.0
Thoopterus_suhaniahae,Thoopterus_suhaniahae,direct,Chiroptera,Pteropodidae,Thoopterus,LC,0.0
Thoopterus_nigrescens,Thoopterus_nigrescens,direct,Chiroptera,Pteropodidae,Thoopterus,LC,0.0
Eonycteris_spelaea,Eonycteris_spelaea,direct,Chiroptera,Pteropodidae,Eonycteris,LC,0.0
Eonycteris_robusta,Eonycteris_robusta,direct,Chiroptera,Pteropodidae,Eonycteris,VU,0.0
Eonycteris_major,Eonycteris_major,direct,Chiroptera,Pteropodidae,Eonycteris,NT,0.0
Rousettus_amplexicaudatus,Rousettus_amplexicaudatus,direct,Chiroptera,Pteropodidae,Rousettus,LC,0.0
Rousettus_spinalatus,Rousettus_spinalatus,direct,Chiroptera,Pteropodidae,Rousettus,VU,0.0
Rousettus_leschenaultii,Rousettus_leschenaultii,direct,Chiroptera,Pteropodidae,Rousettus,NT,0.0
Rousettus_obliviosus,Rousettus_obliviosus,direct,Chiroptera,Pteropodidae,Rousettus,VU,0.0
Rousettus_madagascariensis,Rousettus_madagascariensis,direct,Chiroptera,Pteropodidae,Rousettus,VU,0.0
Rousettus_aegyptiacus,Rousettus_aegyptiacus,direct,Chiroptera,Pteropodidae,Rousettus,LC,0.0
Epomops_dobsonii,Epomophorus_dobsonii,synonym:MSW3,Chiroptera,Pteropodidae,Epomophorus,LC,0.0
Epomops_franqueti,Epomops_franqueti,direct,Chiroptera,Pteropodidae,Epomops,LC,0.0
Epomops_buettikoferi,Epomops_buettikoferi,direct,Chiroptera,Pteropodidae,Epomops,LC,0.0
Epomophorus_crypturus,Epomophorus_crypturus,direct,Chiroptera,Pteropodidae,Epomophorus,LC,0.0
Epomophorus_labiatus,Epomophorus_labiatus,direct,Chiroptera,Pteropodidae,Epomophorus,LC,0.0
Epomophorus_anselli,Epomophorus_anselli,direct,Chiroptera,Pteropodidae,Epomophorus,DD,0.0
Epomophorus_angolensis,Epomophorus_angolensis,direct,Chiroptera,Pteropodidae,Epomophorus,NT,0.0
Epomophorus_minimus,Epomophorus_minor,synonym:nominalName,Chiroptera,Pteropodidae,Epomophorus,LC,0.0
Epomophorus_gambianus,Epomophorus_gambianus,direct,Chiroptera,Pteropodidae,Epomophorus,LC,0.0
Micropteropus_pusillus,Epomophorus_pusillus,synonym:MSW3,Chiroptera,Pteropodidae,Epomophorus,LC,0.0
Micropteropus_intermedius,Epomophorus_intermedius,synonym:MSW3,Chiroptera,Pteropodidae,Epomophorus,DD,0.0
Epomophorus_grandis,Epomophorus_grandis,direct,Chiroptera,Pteropodidae,Epomophorus,DD,0.0
Epomophorus_wahlbergi,Epomophorus_wahlbergi,direct,Chiroptera,Pteropodidae,Epomophorus,LC,0.0
Nanonycteris_veldkampii,Nanonycteris_veldkampii,direct,Chiroptera,Pteropodidae,Nanonycteris,LC,0.0
Hypsignathus_monstrosus,Hypsignathus_monstrosus,direct,Chiroptera,Pteropodidae,Hypsignathus,LC,0.0
Megaloglossus_woermanni,Megaloglossus_woermanni,direct,Chiroptera,Pteropodidae,Megaloglossus,LC,0.0
Megaloglossus_azagnyi,Megaloglossus_azagnyi,direct,Chiroptera,Pteropodidae,Megaloglossus,LC,0.0
Myonycteris_relicta,Myonycteris_relicta,direct,Chiroptera,Pteropodidae,Myonycteris,LC,0.0
Myonycteris_torquata,Myonycteris_torquata,direct,Chiroptera,Pteropodidae,Myonycteris,LC,0.0
Myonycteris_brachycephala,Myonycteris_brachycephala,direct,Chiroptera,Pteropodidae,Myonycteris,EN,0.0
Myonycteris_angolensis,Myonycteris_angolensis,direct,Chiroptera,Pteropodidae,Myonycteris,LC,0.0
Rousettus_lanosus,Stenonycteris_lanosa,synonym:MSW3,Chiroptera,Pteropodidae,Stenonycteris,LC,0.0
Scotonycteris_zenkeri,Scotonycteris_zenkeri,direct,Chiroptera,Pteropodidae,Scotonycteris,NT,0.0
Scotonycteris_occidentalis,Scotonycteris_occidentalis,direct,Chiroptera,Pteropodidae,Scotonycteris,LC,0.0
Scotonycteris_bergmansi,Scotonycteris_bergmansi,direct,Chiroptera,Pteropodidae,Scotonycteris,LC,0.0
Casinycteris_ophiodon,Casinycteris_ophiodon,direct,Chiroptera,Pteropodidae,Casinycteris,NE,0.0
Casinycteris_campomaanensis,Casinycteris_campomaanensis,direct,Chiroptera,Pteropodidae,Casinycteris,DD,0.0
Casinycteris_argynnis,Casinycteris_argynnis,direct,Chiroptera,Pteropodidae,Casinycteris,LC,0.0
Macroglossus_sobrinus,Macroglossus_sobrinus,direct,Chiroptera,Pteropodidae,Macroglossus,LC,0.0
Macroglossus_minimus,Macroglossus_minimus,direct,Chiroptera,Pteropodidae,Macroglossus,LC,0.0
Syconycteris_hobbit,Syconycteris_hobbit,direct,Chiroptera,Pteropodidae,Syconycteris,LC,0.0
Syconycteris_australis,Syconycteris_australis,direct,Chiroptera,Pteropodidae,Syconycteris,LC,0.0
Syconycteris_carolinae,Syconycteris_carolinae,direct,Chiroptera,Pteropodidae,Syconycteris,NT,0.0
Rousettus_celebensis,Pilonycteris_celebensis,synonym:MSW3,Chiroptera,Pteropodidae,Pilonycteris,LC,0.0
Rousettus_bidens,Boneia_bidens,synonym:MSW3,Chiroptera,Pteropodidae,Boneia,VU,0.0
Harpyionycteris_whiteheadi,Harpyionycteris_whiteheadi,direct,Chiroptera,Pteropodidae,Harpyionycteris,LC,0.0
Harpyionycteris_celebensis,Harpyionycteris_celebensis,direct,Chiroptera,Pteropodidae,Harpyionycteris,NT,0.0
Dobsonia_beauforti,Dobsonia_beauforti,direct,Chiroptera,Pteropodidae,Dobsonia,LC,0.0
Dobsonia_peronii,Dobsonia_peronii,direct,Chiroptera,Pteropodidae,Dobsonia,LC,0.0
Dobsonia_anderseni,Dobsonia_anderseni,direct,Chiroptera,Pteropodidae,Dobsonia,LC,0.0
Dobsonia_chapmani,Dobsonia_chapmani,direct,Chiroptera,Pteropodidae,Dobsonia,CR,0.0
Dobsonia_emersa,Dobsonia_emersa,direct,Chiroptera,Pteropodidae,Dobsonia,VU,0.0
Dobsonia_crenulata,Dobsonia_crenulata,direct,Chiroptera,Pteropodidae,Dobsonia,LC,0.0
Dobsonia_viridis,Dobsonia_viridis,direct,Chiroptera,Pteropodidae,Dobsonia,LC,0.0
Dobsonia_inermis,Dobsonia_inermis,direct,Chiroptera,Pteropodidae,Dobsonia,LC,0.0
Dobsonia_praedatrix,Dobsonia_praedatrix,direct,Chiroptera,Pteropodidae,Dobsonia,LC,0.0
Dobsonia_pannietensis,Dobsonia_pannietensis,direct,Chiroptera,Pteropodidae,Dobsonia,NT,0.0
Dobsonia_moluccensis,Dobsonia_moluccensis,direct,Chiroptera,Pteropodidae,Dobsonia,LC,0.0
Dobsonia_exoleta,Dobsonia_exoleta,direct,Chiroptera,Pteropodidae,Dobsonia,LC,0.0
Dobsonia_minor,Dobsonia_minor,direct,Chiroptera,Pteropodidae,Dobsonia,LC,0.0
Paranyctimene_tenax,Paranyctimene_tenax,direct,Chiroptera,Pteropodidae,Paranyctimene,LC,0.0
Paranyctimene_raptor,Paranyctimene_raptor,direct,Chiroptera,Pteropodidae,Paranyctimene,LC,0.0
Nyctimene_cyclotis,Nyctimene_cyclotis,direct,Chiroptera,Pteropodidae,Nyctimene,DD,0.0
Nyctimene_masalai,Nyctimene_masalai,direct,Chiroptera,Pteropodidae,Nyctimene,DD,0.0
Nyctimene_aello,Nyctimene_aello,direct,Chiroptera,Pteropodidae,Nyctimene,LC,0.0
Nyctimene_malaitensis,Nyctimene_malaitensis,direct,Chiroptera,Pteropodidae,Nyctimene,LC,0.0
Nyctimene_certans,Nyctimene_certans,direct,Chiroptera,Pteropodidae,Nyctimene,LC,0.0
Nyctimene_rabori,Nyctimene_rabori,direct,Chiroptera,Pteropodidae,Nyctimene,EN,0.0
Nyctimene_sanctacrucis,Nyctimene_sanctacrucis,direct,Chiroptera,Pteropodidae,Nyctimene,DD,0.0
Nyctimene_robinsoni,Nyctimene_robinsoni,direct,Chiroptera,Pteropodidae,Nyctimene,LC,0.0
Nyctimene_cephalotes,Nyctimene_cephalotes,direct,Chiroptera,Pteropodidae,Nyctimene,LC,0.0
Nyctimene_albiventer,Nyctimene_albiventris,synonym:MSW3,Chiroptera,Pteropodidae,Nyctimene,LC,0.0
Nyctimene_draconilla,Nyctimene_draconilla,direct,Chiroptera,Pteropodidae,Nyctimene,DD,0.0
Nyctimene_minutus,Nyctimene_varia,synonym:MSW3,Chiroptera,Pteropodidae,Nyctimene,VU,0.0
Nyctimene_vizcaccia,Nyctimene_vizcaccia,direct,Chiroptera,Pteropodidae,Nyctimene,LC,0.0
Nyctimene_major,Nyctimene_major,direct,Chiroptera,Pteropodidae,Nyctimene,LC,0.0
Nyctimene_keasti,Nyctimene_keasti,direct,Chiroptera,Pteropodidae,Nyctimene,NT,0.0
Rousettus_linduensis,Rousettus_linduensis,direct,Chiroptera,Pteropodidae,Rousettus,DD,0.0
Eidolon_helvum,Eidolon_helvum,direct,Chiroptera,Pteropodidae,Eidolon,NT,0.0
Eidolon_dupreanum,Eidolon_dupreanum,direct,Chiroptera,Pteropodidae,Eidolon,VU,0.0
Pteralopex_flanneryi,Pteralopex_flanneryi,direct,Chiroptera,Pteropodidae,Pteralopex,CR,0.0
Pteralopex_pulchra,Pteralopex_pulchra,direct,Chiroptera,Pteropodidae,Pteralopex,CR,0.0
Pteralopex_atrata,Pteralopex_atrata,direct,Chiroptera,Pteropodidae,Pteralopex,EN,0.0
Pteralopex_taki,Pteralopex_taki,direct,Chiroptera,Pteropodidae,Pteralopex,VU,0.0
Pteralopex_anceps,Pteralopex_anceps,direct,Chiroptera,Pteropodidae,Pteralopex,EN,0.0
Mirimiri_acrodonta,Mirimiri_acrodonta,direct,Chiroptera,Pteropodidae,Mirimiri,CR,0.0
Desmalopex_microleucopterus,,unmatched,,,,,
Desmalopex_leucopterus,,unmatched,,,,,
Melonycteris_melanops,Melonycteris_melanops,direct,Chiroptera,Pteropodidae,Melonycteris,LC,0.0
Melonycteris_woodfordi,Nesonycteris_woodfordi,synonym:MSW3,Chiroptera,Pteropodidae,Nesonycteris,LC,0.0
Melonycteris_fardoulisi,Nesonycteris_fardoulisi,synonym:MSW3,Chiroptera,Pteropodidae,Nesonycteris,NT,0.0
Styloctenium_wallacei,Styloctenium_wallacei,direct,Chiroptera,Pteropodidae,Styloctenium,NT,0.0
Styloctenium_mindorensis,,unmatched,,,,,
Pteropus_fundatus,Pteropus_fundatus,direct,Chiroptera,Pteropodidae,Pteropus,EN,0.0
Pteropus_argentatus,Pteropus_aruensis,synonym:nominalName,Chiroptera,Pteropodidae,Pteropus,CR,0.0
Pteropus_ocularis,Pteropus_ocularis,direct,Chiroptera,Pteropodidae,Pteropus,VU,0.0
Pteropus_chrysoproctus,Pteropus_chrysoproctus,direct,Chiroptera,Pteropodidae,Pteropus,VU,0.0
Pteropus_caniceps,Pteropus_caniceps,direct,Chiroptera,Pteropodidae,Pteropus,VU,0.0
Pteropus_scapulatus,Pteropus_scapulatus,direct,Chiroptera,Pteropodidae,Pteropus,LC,0.0
Pteropus_loochoensis,Pteropus_mariannus,synonym:nominalName,Chiroptera,Pteropodidae,Pteropus,EN,0.0
Pteropus_livingstonii,Pteropus_livingstonii,direct,Chiroptera,Pteropodidae,Pteropus,EN,0.0
Pteropus_voeltzkowi,Pteropus_voeltzkowi,direct,Chiroptera,Pteropodidae,Pteropus,VU,0.0
Pteropus_vampyrus,Pteropus_vampyrus,direct,Chiroptera,Pteropodidae,Pteropus,EN,0.0
Pteropus_rodricensis,Pteropus_rodricensis,direct,Chiroptera,Pteropodidae,Pteropus,EN,0.0
Pteropus_giganteus,Pteropus_medius,synonym:MSW3,Chiroptera,Pteropodidae,Pteropus,NT,0.0
Pteropus_lylei,Pteropus_lylei,direct,Chiroptera,Pteropodidae,Pteropus,VU,0.0
Pteropus_niger,Pteropus_niger,direct,Chiroptera,Pteropodidae,Pteropus,EN,0.0
Pteropus_keyensis,Pteropus_keyensis,direct,Chiroptera,Pteropodidae,Pteropus,DD,0.0
Pteropus_aldabrensis,Pteropus_aldabrensis,direct,Chiroptera,Pteropodidae,Pteropus,EN,0.0
Pteropus_seychellensis,Pteropus_seychellensis,direct,Chiroptera,Pteropodidae,Pteropus,LC,0.0
Pteropus_rufus,Pteropus_rufus,direct,Chiroptera,Pteropodidae,Pteropus,VU,0.0
Pteropus_intermedius,Pteropus_intermedius,direct,Chiroptera,Pteropodidae,Pteropus,DD,0.0
Pteropus_dasymallus,Pteropus_dasymallus,direct,Chiroptera,Pteropodidae,Pteropus,VU,0.0
Pteropus_pumilus,Pteropus_pumilus,direct,Chiroptera,Pteropodidae,Pteropus,NT,0.0
Pteropus_vetulus,Pteropus_vetulus,direct,Chiroptera,Pteropodidae,Pteropus,NT,0.0
Pteropus_poliocephalus,Pteropus_poliocephalus,direct,Chiroptera,Pteropodidae,Pteropus,VU,0.0
Pteropus_rennelli,Pteropus_rennelli,direct,Chiroptera,Pteropodidae,Pteropus,EN,0.0
Pteropus_faunulus,Pteropus_faunulus,direct,Chiroptera,Pteropodidae,Pteropus,EN,0.0
Pteropus_hypomelanus,Pteropus_hypomelanus,direct,Chiroptera,Pteropodidae,Pteropus,NT,0.0
Pteropus_conspicillatus,Pteropus_conspicillatus,direct,Chiroptera,Pteropodidae,Pteropus,EN,0.0
Pteropus_alecto,Pteropus_alecto,direct,Chiroptera,Pteropodidae,Pteropus,LC,0.0
Pteropus_pohlei,Pteropus_pohlei,direct,Chiroptera,Pteropodidae,Pteropus,VU,0.0
Pteropus_mariannus,Pteropus_mariannus,direct,Chiroptera,Pteropodidae,Pteropus,EN,0.0
Pteropus_pelewensis,Pteropus_pelewensis,direct,Chiroptera,Pteropodidae,Pteropus,VU,0.0
Pteropus_yapensis,Pteropus_pelewensis,synonym:nominalName,Chiroptera,Pteropodidae,Pteropus,VU,0.0
Pteropus_tonganus,Pteropus_tonganus,direct,Chiroptera,Pteropodidae,Pteropus,LC,0.0
Pteropus_subniger,Pteropus_subniger,direct,Chiroptera,Pteropodidae,Pteropus,EX,1.0
Pteropus_admiralitatum,Pteropus_admiralitatum,direct,Chiroptera,Pteropodidae,Pteropus,LC,0.0
Pteropus_speciosus,Pteropus_speciosus,direct,Chiroptera,Pteropodidae,Pteropus,DD,0.0
Pteropus_neohibernicus,Pteropus_neohibernicus,direct,Chiroptera,Pteropodidae,Pteropus,LC,0.0
Pteropus_melanopogon,Pteropus_melanopogon,direct,Chiroptera,Pteropodidae,Pteropus,EN,0.0
Pteropus_ornatus,Pteropus_ornatus,direct,Chiroptera,Pteropodidae,Pteropus,VU,0.0
Pteropus_tuberculatus,Pteropus_tuberculatus,direct,Chiroptera,Pteropodidae,Pteropus,EN,0.0
Pteropus_nitendiensis,Pteropus_nitendiensis,direct,Chiroptera,Pteropodidae,Pteropus,EN,0.0
Pteropus_ualanus,Pteropus_ualanus,direct,Chiroptera,Pteropodidae,Pteropus,EN,0.0
Pteropus_cognatus,Pteropus_cognatus,direct,Chiroptera,Pteropodidae,Pteropus,VU,0.0
Pteropus_rayneri,Pteropus_rayneri,direct,Chiroptera,Pteropodidae,Pteropus,NT,0.0
Pteropus_melanotus,Pteropus_melanotus,direct,Chiroptera,Pteropodidae,Pteropus,VU,0.0
Pteropus_samoensis,Pteropus_samoensis,direct,Chiroptera,Pteropodidae,Pteropus,NT,0.0
Pteropus_anetianus,Pteropus_anetianus,direct,Chiroptera,Pteropodidae,Pteropus,VU,0.0
Pteropus_personatus,Pteropus_personatus,direct,Chiroptera,Pteropodidae,Pteropus,LC,0.0
Pteropus_griseus,Pteropus_griseus,direct,Chiroptera,Pteropodidae,Pteropus,VU,0.0
Pteropus_temminckii,Pteropus_temminckii,direct,Chiroptera,Pteropodidae,Pteropus,VU,0.0
Pteropus_brunneus,Pteropus_brunneus,direct,Chiroptera,Pteropodidae,Pteropus,EX,1.0
Pteropus_capistratus,Pteropus_capistratus,direct,Chiroptera,Pteropodidae,Pteropus,VU,0.0
Pteropus_aruensis,Pteropus_aruensis,direct,Chiroptera,Pteropodidae,Pteropus,CR,0.0
Pteropus_macrotis,Pteropus_macrotis,direct,Chiroptera,Pteropodidae,Pteropus,LC,0.0
Pteropus_howensis,Pteropus_howensis,direct,Chiroptera,Pteropodidae,Pteropus,CR,0.0
Pteropus_gilliardorum,Pteropus_gilliardi,synonym:MSW3,Chiroptera,Pteropodidae,Pteropus,VU,0.0
Pteropus_mahaganus,Pteropus_mahaganus,direct,Chiroptera,Pteropodidae,Pteropus,LC,0.0
Pteropus_woodfordi,Pteropus_woodfordi,direct,Chiroptera,Pteropodidae,Pteropus,LC,0.0
Pteropus_pselaphon,Pteropus_pselaphon,direct,Chiroptera,Pteropodidae,Pteropus,EN,0.0
Pteropus_pelagicus,Pteropus_pelagicus,direct,Chiroptera,Pteropodidae,Pteropus,EN,0.0
Pteropus_molossinus,Pteropus_molossinus,direct,Chiroptera,Pteropodidae,Pteropus,EN,0.0
Pteropus_tokudae,Pteropus_tokudae,direct,Chiroptera,Pteropodidae,Pteropus,EX,1.0
Pteropus_pilosus,Pteropus_pilosus,direct,Chiroptera,Pteropodidae,Pteropus,EX,1.0
Pteropus_lombocensis,Pteropus_lombocensis,direct,Chiroptera,Pteropodidae,Pteropus,DD,0.0
Acerodon_jubatus,Acerodon_jubatus,direct,Chiroptera,Pteropodidae,Acerodon,EN,0.0
Acerodon_humilis,Acerodon_humilis,direct,Chiroptera,Pteropodidae,Acerodon,EN,0.0
Acerodon_leucotis,Acerodon_leucotis,direct,Chiroptera,Pteropodidae,Acerodon,VU,0.0
Acerodon_celebensis,Acerodon_celebensis,direct,Chiroptera,Pteropodidae,Acerodon,VU,0.0
Acerodon_mackloti,Acerodon_macklotii,synonym:MSW3,Chiroptera,Pteropodidae,Acerodon,VU,0.0
Myzopoda_schliemanni,Myzopoda_schliemanni,direct,Chiroptera,Myzopodidae,Myzopoda,LC,0.0
Myzopoda_aurita,Myzopoda_aurita,direct,Chiroptera,Myzopodidae,Myzopoda,LC,0.0
Mystacina_tuberculata,Mystacina_tuberculata,direct,Chiroptera,Mystacinidae,Mystacina,VU,0.0
Mystacina_robusta,Mystacina_robusta,direct,Chiroptera,Mystacinidae,Mystacina,CR,0.0
Thyroptera_lavali,Thyroptera_lavali,direct,Chiroptera,Thyropteridae,Thyroptera,DD,0.0
Thyroptera_tricolor,Thyroptera_tricolor,direct,Chiroptera,Thyropteridae,Thyroptera,LC,0.0
Thyroptera_wynneae,Thyroptera_wynneae,direct,Chiroptera,Thyropteridae,Thyroptera,DD,0.0
Thyroptera_devivoi,Thyroptera_devivoi,direct,Chiroptera,Thyropteridae,Thyroptera,DD,0.0
Thyroptera_discifera,Thyroptera_discifera,direct,Chiroptera,Thyropteridae,Thyroptera,LC,0.0
Noctilio_leporinus,Noctilio_leporinus,direct,Chiroptera,Noctilionidae,Noctilio,LC,0.0
Noctilio_albiventris,Noctilio_albiventris,direct,Chiroptera,Noctilionidae,Noctilio,LC,0.0
Furipterus_horrens,Furipterus_horrens,direct,Chiroptera,Furipteridae,Furipterus,LC,0.0
Amorphochilus_schnablii,Amorphochilus_schnablii,direct,Chiroptera,Furipteridae,Amorphochilus,VU,0.0
Pteronotus_personatus,Pteronotus_personatus,direct,Chiroptera,Mormoopidae,Pteronotus,LC,0.0
Pteronotus_quadridens,Pteronotus_quadridens,direct,Chiroptera,Mormoopidae,Pteronotus,LC,0.0
Pteronotus_macleayii,Pteronotus_macleayii,direct,Chiroptera,Mormoopidae,Pteronotus,LC,0.0
Pteronotus_gymnonotus,Pteronotus_gymnonotus,direct,Chiroptera,Mormoopidae,Pteronotus,LC,0.0
Pteronotus_davyi,Pteronotus_davyi,direct,Chiroptera,Mormoopidae,Pteronotus,LC,0.0
Pteronotus_parnellii,Pteronotus_parnellii,direct,Chiroptera,Mormoopidae,Pteronotus,LC,0.0
Pteronotus_paraguanensis,Pteronotus_paraguanensis,direct,Chiroptera,Mormoopidae,Pteronotus,EN,0.0
Mormoops_megalophylla,Mormoops_megalophylla,direct,Chiroptera,Mormoopidae,Mormoops,LC,0.0
Mormoops_blainvillei,Mormoops_blainvillei,direct,Chiroptera,Mormoopidae,Mormoops,LC,0.0
Diaemus_youngi,Diaemus_youngii,synonym:MSW3,Chiroptera,Phyllostomidae,Diaemus,LC,0.0
Desmodus_rotundus,Desmodus_rotundus,direct,Chiroptera,Phyllostomidae,Desmodus,LC,0.0
Desmodus_draculae,,unmatched,,,,,
Scleronycteris_ega,Scleronycteris_ega,direct,Chiroptera,Phyllostomidae,Scleronycteris,DD,0.0
Neonycteris_pusilla,Neonycteris_pusilla,direct,Chiroptera,Phyllostomidae,Neonycteris,DD,0.0
Dryadonycteris_capixaba,Dryadonycteris_capixaba,direct,Chiroptera,Phyllostomidae,Dryadonycteris,DD,0.0
Diphylla_ecaudata,Diphylla_ecaudata,direct,Chiroptera,Phyllostomidae,Diphylla,LC,0.0
Micronycteris_sanborni,Micronycteris_sanborni,direct,Chiroptera,Phyllostomidae,Micronycteris,LC,0.0
Micronycteris_yatesi,Micronycteris_yatesi,direct,Chiroptera,Phyllostomidae,Micronycteris,DD,0.0
Micronycteris_schmidtorum,Micronycteris_schmidtorum,direct,Chiroptera,Phyllostomidae,Micronycteris,LC,0.0
Micronycteris_minuta,Micronycteris_minuta,direct,Chiroptera,Phyllostomidae,Micronycteris,LC,0.0
Micronycteris_matses,Micronycteris_matses,direct,Chiroptera,Phyllostomidae,Micronycteris,DD,0.0
Micronycteris_megalotis,Micronycteris_megalotis,direct,Chiroptera,Phyllostomidae,Micronycteris,LC,0.0
Micronycteris_microtis,Micronycteris_microtis,direct,Chiroptera,Phyllostomidae,Micronycteris,LC,0.0
Micronycteris_buriri,Micronycteris_buriri,direct,Chiroptera,Phyllostomidae,Micronycteris,DD,0.0
Micronycteris_giovanniae,Micronycteris_giovanniae,direct,Chiroptera,Phyllostomidae,Micronycteris,DD,0.0
Micronycteris_brosseti,Micronycteris_brosseti,direct,Chiroptera,Phyllostomidae,Micronycteris,DD,0.0
Micronycteris_hirsuta,Micronycteris_hirsuta,direct,Chiroptera,Phyllostomidae,Micronycteris,LC,0.0
Lampronycteris_brachyotis,Lampronycteris_brachyotis,direct,Chiroptera,Phyllostomidae,Lampronycteris,LC,0.0
Lonchorhina_orinocensis,Lonchorhina_orinocensis,direct,Chiroptera,Phyllostomidae,Lonchorhina,VU,0.0
Lonchorhina_aurita,Lonchorhina_aurita,direct,Chiroptera,Phyllostomidae,Lonchorhina,LC,0.0
Glossophaga_soricina,Glossophaga_soricina,direct,Chiroptera,Phyllostomidae,Glossophaga,LC,0.0
Glossophaga_morenoi,Glossophaga_morenoi,direct,Chiroptera,Phyllostomidae,Glossophaga,LC,0.0
Glossophaga_longirostris,Glossophaga_longirostris,direct,Chiroptera,Phyllostomidae,Glossophaga,LC,0.0
Glossophaga_leachii,Glossophaga_leachii,direct,Chiroptera,Phyllostomidae,Glossophaga,LC,0.0
Glossophaga_commissarisi,Glossophaga_commissarisi,direct,Chiroptera,Phyllostomidae,Glossophaga,LC,0.0
Mimon_koepckeae,Gardnerycteris_koepckeae,synonym:MSW3,Chiroptera,Phyllostomidae,Gardnerycteris,DD,0.0
Leptonycteris_nivalis,Leptonycteris_nivalis,direct,Chiroptera,Phyllostomidae,Leptonycteris,EN,0.0
Leptonycteris_yerbabuenae,Leptonycteris_yerbabuenae,direct,Chiroptera,Phyllostomidae,Leptonycteris,NT,0.0
Leptonycteris_curasoae,Leptonycteris_curasoae,direct,Chiroptera,Phyllostomidae,Leptonycteris,VU,0.0
Monophyllus_redmani,Monophyllus_redmani,direct,Chiroptera,Phyllostomidae,Monophyllus,LC,0.0
Monophyllus_plethodon,Monophyllus_plethodon,direct,Chiroptera,Phyllostomidae,Monophyllus,LC,0.0
Brachyphylla_nana,Brachyphylla_nana,direct,Chiroptera,Phyllostomidae,Brachyphylla,LC,0.0
Brachyphylla_cavernarum,Brachyphylla_cavernarum,direct,Chiroptera,Phyllostomidae,Brachyphylla,LC,0.0
Erophylla_sezekorni,Erophylla_sezekorni,direct,Chiroptera,Phyllostomidae,Erophylla,LC,0.0
Erophylla_bombifrons,Erophylla_bombifrons,direct,Chiroptera,Phyllostomidae,Erophylla,LC,0.0
Phyllonycteris_poeyi,Phyllonycteris_poeyi,direct,Chiroptera,Phyllostomidae,Phyllonycteris,LC,0.0
Phyllonycteris_aphylla,Phyllonycteris_aphylla,direct,Chiroptera,Phyllostomidae,Phyllonycteris,CR,0.0
Anoura_luismanueli,Anoura_luismanueli,direct,Chiroptera,Phyllostomidae,Anoura,LC,0.0
Anoura_cultrata,Anoura_cultrata,direct,Chiroptera,Phyllostomidae,Anoura,LC,0.0
Anoura_fistulata,Anoura_fistulata,direct,Chiroptera,Phyllostomidae,Anoura,DD,0.0
Anoura_latidens,Anoura_latidens,direct,Chiroptera,Phyllostomidae,Anoura,LC,0.0
Anoura_geoffroyi,Anoura_geoffroyi,direct,Chiroptera,Phyllostomidae,Anoura,LC,0.0
Anoura_caudifer,Anoura_caudifer,direct,Chiroptera,Phyllostomidae,Anoura,LC,0.0
Anoura_canishina,,unmatched,,,,,
Hylonycteris_underwoodi,Hylonycteris_underwoodi,direct,Chiroptera,Phyllostomidae,Hylonycteris,LC,0.0
Choeronycteris_mexicana,Choeronycteris_mexicana,direct,Chiroptera,Phyllostomidae,Choeronycteris,NT,0.0
Choeroniscus_godmani,Choeroniscus_godmani,direct,Chiroptera,Phyllostomidae,Choeroniscus,LC,0.0
Choeroniscus_periosus,Choeroniscus_periosus,direct,Chiroptera,Phyllostomidae,Choeroniscus,VU,0.0
Choeroniscus_minor,Choeroniscus_minor,direct,Chiroptera,Phyllostomidae,Choeroniscus,LC,0.0
Musonycteris_harrisoni,Musonycteris_harrisoni,direct,Chiroptera,Phyllostomidae,Musonycteris,VU,0.0
Lichonycteris_obscura,Lichonycteris_obscura,direct,Chiroptera,Phyllostomidae,Lichonycteris,LC,0.0
Lonchophylla_thomasi,Hsunycteris_thomasi,synonym:MSW3,Chiroptera,Phyllostomidae,Hsunycteris,LC,0.0
Lonchophylla_bokermanni,Lonchophylla_bokermanni,direct,Chiroptera,Phyllostomidae,Lonchophylla,EN,0.0
Lonchophylla_handleyi,Lonchophylla_handleyi,direct,Chiroptera,Phyllostomidae,Lonchophylla,LC,0.0
Lonchophylla_orienticollina,Lonchophylla_orienticollina,direct,Chiroptera,Phyllostomidae,Lonchophylla,DD,0.0
Lonchophylla_robusta,Lonchophylla_robusta,direct,Chiroptera,Phyllostomidae,Lonchophylla,LC,0.0
Lonchophylla_fornicata,Lonchophylla_fornicata,direct,Chiroptera,Phyllostomidae,Lonchophylla,DD,0.0
Lonchophylla_orcesi,Lonchophylla_orcesi,direct,Chiroptera,Phyllostomidae,Lonchophylla,DD,0.0
Lonchophylla_inexpectata,Lonchophylla_inexpectata,direct,Chiroptera,Phyllostomidae,Lonchophylla,NE,0.0
Lonchophylla_chocoana,Lonchophylla_chocoana,direct,Chiroptera,Phyllostomidae,Lonchophylla,DD,0.0
Lonchophylla_dekeyseri,Lonchophylla_dekeyseri,direct,Chiroptera,Phyllostomidae,Lonchophylla,EN,0.0
Lionycteris_spurrelli,Lionycteris_spurrelli,direct,Chiroptera,Phyllostomidae,Lionycteris,LC,0.0
Lonchophylla_peracchii,Lonchophylla_peracchii,direct,Chiroptera,Phyllostomidae,Lonchophylla,LC,0.0
Lonchophylla_hesperia,Lonchophylla_hesperia,direct,Chiroptera,Phyllostomidae,Lonchophylla,NT,0.0
Lonchophylla_mordax,Lonchophylla_mordax,direct,Chiroptera,Phyllostomidae,Lonchophylla,NT,0.0
Lonchophylla_concava,Lonchophylla_concava,direct,Chiroptera,Phyllostomidae,Lonchophylla,LC,0.0
Hsunycteris_thomasi,Hsunycteris_thomasi,direct,Chiroptera,Phyllostomidae,Hsunycteris,LC,0.0
Hsunycteris_pattoni,Hsunycteris_pattoni,direct,Chiroptera,Phyllostomidae,Hsunycteris,DD,0.0
Hsunycteris_cadenai,Hsunycteris_cadenai,direct,Chiroptera,Phyllostomidae,Hsunycteris,DD,0.0
Xeronycteris_vieirai,Xeronycteris_vieirai,direct,Chiroptera,Phyllostomidae,Xeronycteris,DD,0.0
Platalina_genovensium,Platalina_genovensium,direct,Chiroptera,Phyllostomidae,Platalina,NT,0.0
Ectophylla_alba,Ectophylla_alba,direct,Chiroptera,Phyllostomidae,Ectophylla,NT,0.0
Ariteus_flavescens,Ariteus_flavescens,direct,Chiroptera,Phyllostomidae,Ariteus,LC,0.0
Ardops_nichollsi,Ardops_nichollsi,direct,Chiroptera,Phyllostomidae,Ardops,LC,0.0
Phyllops_falcatus,Phyllops_falcatus,direct,Chiroptera,Phyllostomidae,Phyllops,LC,0.0
Stenoderma_rufum,Stenoderma_rufum,direct,Chiroptera,Phyllostomidae,Stenoderma,NT,0.0
Pygoderma_bilabiatum,Pygoderma_bilabiatum,direct,Chiroptera,Phyllostomidae,Pygoderma,LC,0.0
Ametrida_centurio,Ametrida_centurio,direct,Chiroptera,Phyllostomidae,Ametrida,LC,0.0
Sphaeronycteris_toxophyllum,Sphaeronycteris_toxophyllum,direct,Chiroptera,Phyllostomidae,Sphaeronycteris,LC,0.0
Centurio_senex,Centurio_senex,direct,Chiroptera,Phyllostomidae,Centurio,LC,0.0
Artibeus_concolor,Artibeus_concolor,direct,Chiroptera,Phyllostomidae,Artibeus,LC,0.0
Artibeus_inopinatus,Artibeus_inopinatus,direct,Chiroptera,Phyllostomidae,Artibeus,DD,0.0
Artibeus_hirsutus,Artibeus_hirsutus,direct,Chiroptera,Phyllostomidae,Artibeus,LC,0.0
Artibeus_fraterculus,Artibeus_fraterculus,direct,Chiroptera,Phyllostomidae,Artibeus,LC,0.0
Artibeus_jamaicensis,Artibeus_jamaicensis,direct,Chiroptera,Phyllostomidae,Artibeus,LC,0.0
Artibeus_fimbriatus,Artibeus_fimbriatus,direct,Chiroptera,Phyllostomidae,Artibeus,LC,0.0
Artibeus_lituratus,Artibeus_lituratus,direct,Chiroptera,Phyllostomidae,Artibeus,LC,0.0
Artibeus_obscurus,Artibeus_obscurus,direct,Chiroptera,Phyllostomidae,Artibeus,LC,0.0
Artibeus_planirostris,Artibeus_planirostris,direct,Chiroptera,Phyllostomidae,Artibeus,LC,0.0
Artibeus_amplus,Artibeus_amplus,direct,Chiroptera,Phyllostomidae,Artibeus,LC,0.0
Dermanura_toltecus,,unmatched,,,,,
Dermanura_phaeotis,Dermanura_phaeotis,direct,Chiroptera,Phyllostomidae,Dermanura,LC,0.0
Dermanura_rosenbergii,Dermanura_rosenbergi,synonym:nominalName,Chiroptera,Phyllostomidae,Dermanura,DD,0.0
Dermanura_watsoni,Dermanura_watsoni,direct,Chiroptera,Phyllostomidae,Dermanura,LC,0.0
Dermanura_incomitatus,,unmatched,,,,,
Dermanura_aztecus,,unmatched,,,,,
Dermanura_glaucus,,unmatched,,,,,
Dermanura_cinereus,,unmatched,,,,,
Dermanura_gnomus,Dermanura_gnomus,direct,Chiroptera,Phyllostomidae,Dermanura,LC,0.0
Dermanura_bogotensis,Dermanura_bogotensis,direct,Chiroptera,Phyllostomidae,Dermanura,LC,0.0
Dermanura_rava,Dermanura_rava,direct,Chiroptera,Phyllostomidae,Dermanura,LC,0.0
Dermanura_anderseni,Dermanura_anderseni,direct,Chiroptera,Phyllostomidae,Dermanura,LC,0.0
Enchisthenes_hartii,Enchisthenes_hartii,direct,Chiroptera,Phyllostomidae,Enchisthenes,LC,0.0
Vampyressa_thyone,Vampyressa_thyone,direct,Chiroptera,Phyllostomidae,Vampyressa,LC,0.0
Vampyressa_pusilla,Vampyressa_pusilla,direct,Chiroptera,Phyllostomidae,Vampyressa,DD,0.0
Vampyressa_melissa,Vampyressa_melissa,direct,Chiroptera,Phyllostomidae,Vampyressa,VU,0.0
Vampyressa_sinchi,Vampyressa_melissa,synonym:nominalName,Chiroptera,Phyllostomidae,Vampyressa,VU,0.0
Mesophylla_macconnelli,Mesophylla_macconnelli,direct,Chiroptera,Phyllostomidae,Mesophylla,LC,0.0
Vampyressa_elisabethae,Vampyressa_elisabethae,direct,Chiroptera,Phyllostomidae,Vampyressa,NE,0.0
Vampyrodes_caraccioli,Vampyrodes_caraccioli,direct,Chiroptera,Phyllostomidae,Vampyrodes,LC,0.0
Platyrrhinus_helleri,Platyrrhinus_helleri,direct,Chiroptera,Phyllostomidae,Platyrrhinus,LC,0.0
Platyrrhinus_matapalensis,Platyrrhinus_matapalensis,direct,Chiroptera,Phyllostomidae,Platyrrhinus,NT,0.0
Platyrrhinus_recifinus,Platyrrhinus_recifinus,direct,Chiroptera,Phyllostomidae,Platyrrhinus,LC,0.0
Platyrrhinus_guianensis,Platyrrhinus_guianensis,direct,Chiroptera,Phyllostomidae,Platyrrhinus,NE,0.0
Platyrrhinus_fusciventris,Platyrrhinus_fusciventris,direct,Chiroptera,Phyllostomidae,Platyrrhinus,LC,0.0
Platyrrhinus_angustirostris,Platyrrhinus_angustirostris,direct,Chiroptera,Phyllostomidae,Platyrrhinus,LC,0.0
Platyrrhinus_nitelinea,Platyrrhinus_nitelinea,direct,Chiroptera,Phyllostomidae,Platyrrhinus,DD,0.0
Platyrrhinus_nigellus,Platyrrhinus_umbratus,synonym:nominalName,Chiroptera,Phyllostomidae,Platyrrhinus,DD,0.0
Platyrrhinus_brachycephalus,Platyrrhinus_brachycephalus,direct,Chiroptera,Phyllostomidae,Platyrrhinus,LC,0.0
Platyrrhinus_chocoensis,Platyrrhinus_dorsalis,synonym:nominalName,Chiroptera,Phyllostomidae,Platyrrhinus,LC,0.0
Platyrrhinus_umbratus,Platyrrhinus_umbratus,direct,Chiroptera,Phyllostomidae,Platyrrhinus,DD,0.0
Platyrrhinus_masu,Platyrrhinus_masu,direct,Chiroptera,Phyllostomidae,Platyrrhinus,LC,0.0
Platyrrhinus_ismaeli,Platyrrhinus_ismaeli,direct,Chiroptera,Phyllostomidae,Platyrrhinus,NT,0.0
Platyrrhinus_vittatus,Platyrrhinus_vittatus,direct,Chiroptera,Phyllostomidae,Platyrrhinus,LC,0.0
Platyrrhinus_albericoi,Platyrrhinus_albericoi,direct,Chiroptera,Phyllostomidae,Platyrrhinus,LC,0.0
Platyrrhinus_dorsalis,Platyrrhinus_dorsalis,direct,Chiroptera,Phyllostomidae,Platyrrhinus,LC,0.0
Platyrrhinus_infuscus,Platyrrhinus_infuscus,direct,Chiroptera,Phyllostomidae,Platyrrhinus,LC,0.0
Platyrrhinus_aurarius,Platyrrhinus_aurarius,direct,Chiroptera,Phyllostomidae,Platyrrhinus,LC,0.0
Platyrrhinus_lineatus,Platyrrhinus_lineatus,direct,Chiroptera,Phyllostomidae,Platyrrhinus,LC,0.0
Vampyressa_bidens,Vampyriscus_bidens,synonym:MSW3,Chiroptera,Phyllostomidae,Vampyriscus,LC,0.0
Vampyressa_brocki,Vampyriscus_brocki,synonym:MSW3,Chiroptera,Phyllostomidae,Vampyriscus,LC,0.0
Vampyressa_nymphaea,Vampyriscus_nymphaeus,synonym:MSW3,Chiroptera,Phyllostomidae,Vampyriscus,LC,0.0
Chiroderma_doriae,Chiroderma_doriae,direct,Chiroptera,Phyllostomidae,Chiroderma,LC,0.0
Chiroderma_trinitatum,Chiroderma_trinitatum,direct,Chiroptera,Phyllostomidae,Chiroderma,LC,0.0
Chiroderma_improvisum,Chiroderma_improvisum,direct,Chiroptera,Phyllostomidae,Chiroderma,EN,0.0
Chiroderma_villosum,Chiroderma_villosum,direct,Chiroptera,Phyllostomidae,Chiroderma,LC,0.0
Chiroderma_salvini,Chiroderma_salvini,direct,Chiroptera,Phyllostomidae,Chiroderma,LC,0.0
Chiroderma_vizottoi,Chiroderma_doriae,synonym:nominalName,Chiroptera,Phyllostomidae,Chiroderma,LC,0.0
Uroderma_magnirostrum,Uroderma_magnirostrum,direct,Chiroptera,Phyllostomidae,Uroderma,LC,0.0
Uroderma_bilobatum,Uroderma_bilobatum,direct,Chiroptera,Phyllostomidae,Uroderma,LC,0.0
Uroderma_bakeri,Uroderma_bakeri,direct,Chiroptera,Phyllostomidae,Uroderma,NE,0.0
Sturnira_nana,Sturnira_nana,direct,Chiroptera,Phyllostomidae,Sturnira,EN,0.0
Sturnira_aratathomasi,Sturnira_aratathomasi,direct,Chiroptera,Phyllostomidae,Sturnira,LC,0.0
Sturnira_tildae,Sturnira_tildae,direct,Chiroptera,Phyllostomidae,Sturnira,LC,0.0
Sturnira_bogotensis,Sturnira_bogotensis,direct,Chiroptera,Phyllostomidae,Sturnira,LC,0.0
Sturnira_magna,Sturnira_magna,direct,Chiroptera,Phyllostomidae,Sturnira,LC,0.0
Sturnira_perla,Sturnira_perla,direct,Chiroptera,Phyllostomidae,Sturnira,DD,0.0
Sturnira_koopmanhilli,Sturnira_koopmanhilli,direct,Chiroptera,Phyllostomidae,Sturnira,DD,0.0
Sturnira_mordax,Sturnira_mordax,direct,Chiroptera,Phyllostomidae,Sturnira,LC,0.0
Sturnira_oporaphilum,Sturnira_oporaphilum,direct,Chiroptera,Phyllostomidae,Sturnira,LC,0.0
Sturnira_ludovici,Sturnira_ludovici,direct,Chiroptera,Phyllostomidae,Sturnira,LC,0.0
Sturnira_burtonlimi,Sturnira_burtonlimi,direct,Chiroptera,Phyllostomidae,Sturnira,DD,0.0
Sturnira_hondurensis,Sturnira_hondurensis,direct,Chiroptera,Phyllostomidae,Sturnira,LC,0.0
Sturnira_lilium,Sturnira_lilium,direct,Chiroptera,Phyllostomidae,Sturnira,LC,0.0
Sturnira_parvidens,Sturnira_parvidens,direct,Chiroptera,Phyllostomidae,Sturnira,LC,0.0
Sturnira_sorianoi,Sturnira_sorianoi,direct,Chiroptera,Phyllostomidae,Sturnira,DD,0.0
Sturnira_bakeri,Sturnira_bakeri,direct,Chiroptera,Phyllostomidae,Sturnira,LC,0.0
Sturnira_paulsoni,Sturnira_paulsoni,direct,Chiroptera,Phyllostomidae,Sturnira,NT,0.0
Sturnira_angeli,Sturnira_angeli,direct,Chiroptera,Phyllostomidae,Sturnira,NT,0.0
Sturnira_luisi,Sturnira_luisi,direct,Chiroptera,Phyllostomidae,Sturnira,LC,0.0
Sturnira_erythromos,Sturnira_erythromos,direct,Chiroptera,Phyllostomidae,Sturnira,LC,0.0
Sturnira_mistratensis,Sturnira_mistratensis,direct,Chiroptera,Phyllostomidae,Sturnira,DD,0.0
Sturnira_bidens,Sturnira_bidens,direct,Chiroptera,Phyllostomidae,Sturnira,LC,0.0
Rhinophylla_pumilio,Rhinophylla_pumilio,direct,Chiroptera,Phyllostomidae,Rhinophylla,LC,0.0
Rhinophylla_fischerae,Rhinophylla_fischerae,direct,Chiroptera,Phyllostomidae,Rhinophylla,LC,0.0
Rhinophylla_alethina,Rhinophylla_alethina,direct,Chiroptera,Phyllostomidae,Rhinophylla,NT,0.0
Carollia_subrufa,Carollia_subrufa,direct,Chiroptera,Phyllostomidae,Carollia,LC,0.0
Carollia_manu,Carollia_manu,direct,Chiroptera,Phyllostomidae,Carollia,LC,0.0
Carollia_sowelli,Carollia_sowelli,direct,Chiroptera,Phyllostomidae,Carollia,LC,0.0
Carollia_perspicillata,Carollia_perspicillata,direct,Chiroptera,Phyllostomidae,Carollia,LC,0.0
Carollia_brevicauda,Carollia_brevicauda,direct,Chiroptera,Phyllostomidae,Carollia,LC,0.0
Carollia_castanea,Carollia_castanea,direct,Chiroptera,Phyllostomidae,Carollia,LC,0.0
Carollia_benkeithi,Carollia_benkeithi,direct,Chiroptera,Phyllostomidae,Carollia,LC,0.0
Glyphonycteris_daviesi,Glyphonycteris_daviesi,direct,Chiroptera,Phyllostomidae,Glyphonycteris,LC,0.0
Glyphonycteris_sylvestris,Glyphonycteris_sylvestris,direct,Chiroptera,Phyllostomidae,Glyphonycteris,LC,0.0
Glyphonycteris_behnii,Glyphonycteris_behnii,direct,Chiroptera,Phyllostomidae,Glyphonycteris,DD,0.0
Trinycteris_nicefori,Trinycteris_nicefori,direct,Chiroptera,Phyllostomidae,Trinycteris,LC,0.0
Trachops_cirrhosus,Trachops_cirrhosus,direct,Chiroptera,Phyllostomidae,Trachops,LC,0.0
Mimon_cozumelae,Mimon_cozumelae,direct,Chiroptera,Phyllostomidae,Mimon,LC,0.0
Lonchorhina_inusitata,Lonchorhina_inusitata,direct,Chiroptera,Phyllostomidae,Lonchorhina,DD,0.0
Macrophyllum_macrophyllum,Macrophyllum_macrophyllum,direct,Chiroptera,Phyllostomidae,Macrophyllum,LC,0.0
Mimon_bennettii,Mimon_bennettii,direct,Chiroptera,Phyllostomidae,Mimon,LC,0.0
Phyllostomus_hastatus,Phyllostomus_hastatus,direct,Chiroptera,Phyllostomidae,Phyllostomus,LC,0.0
Phyllostomus_latifolius,Phyllostomus_latifolius,direct,Chiroptera,Phyllostomidae,Phyllostomus,LC,0.0
Phyllostomus_elongatus,Phyllostomus_elongatus,direct,Chiroptera,Phyllostomidae,Phyllostomus,LC,0.0
Tonatia_saurophila,,unmatched,,,,,
Tonatia_bidens,Tonatia_bidens,direct,Chiroptera,Phyllostomidae,Tonatia,DD,0.0
Phyllostomus_discolor,Phyllostomus_discolor,direct,Chiroptera,Phyllostomidae,Phyllostomus,LC,0.0
Phylloderma_stenops,Phylloderma_stenops,direct,Chiroptera,Phyllostomidae,Phylloderma,LC,0.0
Lonchorhina_marinkellei,Lonchorhina_marinkellei,direct,Chiroptera,Phyllostomidae,Lonchorhina,VU,0.0
Mimon_crenulatum,Gardnerycteris_crenulata,synonym:MSW3,Chiroptera,Phyllostomidae,Gardnerycteris,LC,0.0
Lophostoma_carrikeri,Lophostoma_carrikeri,direct,Chiroptera,Phyllostomidae,Lophostoma,LC,0.0
Lophostoma_brasiliense,Lophostoma_brasiliense,direct,Chiroptera,Phyllostomidae,Lophostoma,LC,0.0
Lophostoma_aequatorialis,,unmatched,,,,,
Lophostoma_schulzi,Lophostoma_schulzi,direct,Chiroptera,Phyllostomidae,Lophostoma,LC,0.0
Lophostoma_silvicolum,Lophostoma_silvicola,synonym:MSW3,Chiroptera,Phyllostomidae,Lophostoma,LC,0.0
Lophostoma_kalkoae,Lophostoma_kalkoae,direct,Chiroptera,Phyllostomidae,Lophostoma,DD,0.0
Lophostoma_evotis,Lophostoma_evote,synonym:MSW3,Chiroptera,Phyllostomidae,Lophostoma,LC,0.0
Lophostoma_yasuni,Lophostoma_carrikeri,synonym:nominalName,Chiroptera,Phyllostomidae,Lophostoma,LC,0.0
Vampyrum_spectrum,Vampyrum_spectrum,direct,Chiroptera,Phyllostomidae,Vampyrum,NT,0.0
Lonchorhina_fernandezi,Lonchorhina_fernandezi,direct,Chiroptera,Phyllostomidae,Lonchorhina,EN,0.0
Chrotopterus_auritus,Chrotopterus_auritus,direct,Chiroptera,Phyllostomidae,Chrotopterus,LC,0.0
Macrotus_waterhousii,Macrotus_waterhousii,direct,Chiroptera,Phyllostomidae,Macrotus,LC,0.0
Macrotus_californicus,Macrotus_californicus,direct,Chiroptera,Phyllostomidae,Macrotus,LC,0.0
Nycteris_macrotis,Nycteris_macrotis,direct,Chiroptera,Nycteridae,Nycteris,LC,0.0
Nycteris_gambiensis,Nycteris_gambiensis,direct,Chiroptera,Nycteridae,Nycteris,LC,0.0
Nycteris_grandis,Nycteris_grandis,direct,Chiroptera,Nycteridae,Nycteris,LC,0.0
Nycteris_thebaica,Nycteris_thebaica,direct,Chiroptera,Nycteridae,Nycteris,LC,0.0
Nycteris_major,Nycteris_major,direct,Chiroptera,Nycteridae,Nycteris,DD,0.0
Nycteris_hispida,Nycteris_hispida,direct,Chiroptera,Nycteridae,Nycteris,LC,0.0
Nycteris_aurita,Nycteris_aurita,direct,Chiroptera,Nycteridae,Nycteris,LC,0.0
Nycteris_arge,Nycteris_arge,direct,Chiroptera,Nycteridae,Nycteris,LC,0.0
Nycteris_nana,Nycteris_nana,direct,Chiroptera,Nycteridae,Nycteris,LC,0.0
Nycteris_intermedia,Nycteris_intermedia,direct,Chiroptera,Nycteridae,Nycteris,LC,0.0
Nycteris_woodi,Nycteris_woodi,direct,Chiroptera,Nycteridae,Nycteris,LC,0.0
Nycteris_vinsoni,Nycteris_macrotis,synonym:nominalName,Chiroptera,Nycteridae,Nycteris,LC,0.0
Nycteris_parisii,Nycteris_parisii,direct,Chiroptera,Nycteridae,Nycteris,DD,0.0
Nycteris_tragata,Nycteris_tragata,direct,Chiroptera,Nycteridae,Nycteris,NT,0.0
Nycteris_javanica,Nycteris_javanica,direct,Chiroptera,Nycteridae,Nycteris,VU,0.0
Nycteris_madagascariensis,Nycteris_macrotis,synonym:nominalName,Chiroptera,Nycteridae,Nycteris,LC,0.0
Emballonura_tiavato,,unmatched,,,,,
Emballonura_atrata,Paremballonura_atrata,synonym:MSW3,Chiroptera,Emballonuridae,Paremballonura,LC,0.0
Coleura_seychellensis,Coleura_seychellensis,direct,Chiroptera,Emballonuridae,Coleura,CR,0.0
Coleura_kibomalandy,Coleura_kibomalandy,direct,Chiroptera,Emballonuridae,Coleura,DD,0.0
Coleura_afra,Coleura_afra,direct,Chiroptera,Emballonuridae,Coleura,LC,0.0
Emballonura_semicaudata,Emballonura_semicaudata,direct,Chiroptera,Emballonuridae,Emballonura,EN,0.0
Emballonura_raffrayana,Emballonura_raffrayana,direct,Chiroptera,Emballonuridae,Emballonura,LC,0.0
Emballonura_furax,Emballonura_furax,direct,Chiroptera,Emballonuridae,Emballonura,LC,0.0
Emballonura_alecto,Emballonura_alecto,direct,Chiroptera,Emballonuridae,Emballonura,LC,0.0
Emballonura_monticola,Emballonura_monticola,direct,Chiroptera,Emballonuridae,Emballonura,LC,0.0
Emballonura_dianae,Emballonura_dianae,direct,Chiroptera,Emballonuridae,Emballonura,LC,0.0
Emballonura_serii,Emballonura_serii,direct,Chiroptera,Emballonuridae,Emballonura,VU,0.0
Emballonura_beccarii,Emballonura_beccarii,direct,Chiroptera,Emballonuridae,Emballonura,LC,0.0
Peropteryx_leucoptera,Peropteryx_leucoptera,direct,Chiroptera,Emballonuridae,Peropteryx,LC,0.0
Peropteryx_pallidoptera,Peropteryx_pallidoptera,direct,Chiroptera,Emballonuridae,Peropteryx,DD,0.0
Peropteryx_trinitatis,Peropteryx_trinitatis,direct,Chiroptera,Emballonuridae,Peropteryx,DD,0.0
Peropteryx_macrotis,Peropteryx_macrotis,direct,Chiroptera,Emballonuridae,Peropteryx,LC,0.0
Peropteryx_kappleri,Peropteryx_kappleri,direct,Chiroptera,Emballonuridae,Peropteryx,LC,0.0
Cormura_brevirostris,Cormura_brevirostris,direct,Chiroptera,Emballonuridae,Cormura,LC,0.0
Diclidurus_isabellus,Diclidurus_isabella,synonym:MSW3,Chiroptera,Emballonuridae,Diclidurus,LC,0.0
Diclidurus_scutatus,Diclidurus_scutatus,direct,Chiroptera,Emballonuridae,Diclidurus,LC,0.0
Diclidurus_ingens,Diclidurus_ingens,direct,Chiroptera,Emballonuridae,Diclidurus,DD,0.0
Diclidurus_albus,Diclidurus_albus,direct,Chiroptera,Emballonuridae,Diclidurus,LC,0.0
Mosia_nigrescens,Mosia_nigrescens,direct,Chiroptera,Emballonuridae,Mosia,LC,0.0
Cyttarops_alecto,Cyttarops_alecto,direct,Chiroptera,Emballonuridae,Cyttarops,LC,0.0
Balantiopteryx_plicata,Balantiopteryx_plicata,direct,Chiroptera,Emballonuridae,Balantiopteryx,LC,0.0
Balantiopteryx_io,Balantiopteryx_io,direct,Chiroptera,Emballonuridae,Balantiopteryx,VU,0.0
Balantiopteryx_infusca,Balantiopteryx_infusca,direct,Chiroptera,Emballonuridae,Balantiopteryx,VU,0.0
Saccopteryx_bilineata,Saccopteryx_bilineata,direct,Chiroptera,Emballonuridae,Saccopteryx,LC,0.0
Saccopteryx_leptura,Saccopteryx_leptura,direct,Chiroptera,Emballonuridae,Saccopteryx,LC,0.0
Saccopteryx_canescens,Saccopteryx_canescens,direct,Chiroptera,Emballonuridae,Saccopteryx,LC,0.0
Saccopteryx_gymnura,Saccopteryx_gymnura,direct,Chiroptera,Emballonuridae,Saccopteryx,DD,0.0
Saccopteryx_antioquensis,Saccopteryx_antioquensis,direct,Chiroptera,Emballonuridae,Saccopteryx,EN,0.0
Centronycteris_maximiliani,Centronycteris_maximiliani,direct,Chiroptera,Emballonuridae,Centronycteris,LC,0.0
Centronycteris_centralis,Centronycteris_centralis,direct,Chiroptera,Emballonuridae,Centronycteris,LC,0.0
Rhynchonycteris_naso,Rhynchonycteris_naso,direct,Chiroptera,Emballonuridae,Rhynchonycteris,LC,0.0
Saccolaimus_flaviventris,Saccolaimus_flaviventris,direct,Chiroptera,Emballonuridae,Saccolaimus,LC,0.0
Saccolaimus_saccolaimus,Saccolaimus_saccolaimus,direct,Chiroptera,Emballonuridae,Saccolaimus,LC,0.0
Saccolaimus_peli,Saccolaimus_peli,direct,Chiroptera,Emballonuridae,Saccolaimus,LC,0.0
Saccolaimus_mixtus,Saccolaimus_mixtus,direct,Chiroptera,Emballonuridae,Saccolaimus,NT,0.0
Taphozous_hilli,Taphozous_hilli,direct,Chiroptera,Emballonuridae,Taphozous,LC,0.0
Taphozous_longimanus,Taphozous_longimanus,direct,Chiroptera,Emballonuridae,Taphozous,LC,0.0
Taphozous_australis,Taphozous_australis,direct,Chiroptera,Emballonuridae,Taphozous,NT,0.0
Taphozous_troughtoni,Taphozous_troughtoni,direct,Chiroptera,Emballonuridae,Taphozous,LC,0.0
Taphozous_mauritianus,Taphozous_mauritianus,direct,Chiroptera,Emballonuridae,Taphozous,LC,0.0
Taphozous_georgianus,Taphozous_georgianus,direct,Chiroptera,Emballonuridae,Taphozous,LC,0.0
Taphozous_hamiltoni,Taphozous_hamiltoni,direct,Chiroptera,Emballonuridae,Taphozous,DD,0.0
Taphozous_theobaldi,Taphozous_theobaldi,direct,Chiroptera,Emballonuridae,Taphozous,LC,0.0
Taphozous_nudiventris,Taphozous_nudiventris,direct,Chiroptera,Emballonuridae,Taphozous,LC,0.0
Taphozous_kapalgensis,Taphozous_kapalgensis,direct,Chiroptera,Emballonuridae,Taphozous,LC,0.0
Taphozous_perforatus,Taphozous_perforatus,direct,Chiroptera,Emballonuridae,Taphozous,LC,0.0
Taphozous_achates,Taphozous_achates,direct,Chiroptera,Emballonuridae,Taphozous,DD,0.0
Taphozous_melanopogon,Taphozous_melanopogon,direct,Chiroptera,Emballonuridae,Taphozous,LC,0.0
Taphozous_hildegardeae,Taphozous_hildegardeae,direct,Chiroptera,Emballonuridae,Taphozous,EN,0.0
Nyctiellus_lepidus,Nyctiellus_lepidus,direct,Chiroptera,Natalidae,Nyctiellus,LC,0.0
Natalus_tumidirostris,Natalus_tumidirostris,direct,Chiroptera,Natalidae,Natalus,LC,0.0
Natalus_stramineus,Natalus_stramineus,direct,Chiroptera,Natalidae,Natalus,LC,0.0
Natalus_mexicanus,Natalus_mexicanus,direct,Chiroptera,Natalidae,Natalus,LC,0.0
Natalus_primus,Natalus_primus,direct,Chiroptera,Natalidae,Natalus,VU,0.0
Natalus_lanatus,Natalus_mexicanus,synonym:nominalName,Chiroptera,Natalidae,Natalus,LC,0.0
Natalus_jamaicensis,Natalus_jamaicensis,direct,Chiroptera,Natalidae,Natalus,CR,0.0
Natalus_major,Natalus_major,direct,Chiroptera,Natalidae,Natalus,NT,0.0
Natalus_saturatus,Natalus_mexicanus,synonym:nominalName,Chiroptera,Natalidae,Natalus,LC,0.0
Natalus_espiritosantensis,Natalus_macrourus,synonym:nominalName,Chiroptera,Natalidae,Natalus,NE,0.0
Chilonatalus_tumidifrons,Chilonatalus_tumidifrons,direct,Chiroptera,Natalidae,Chilonatalus,NT,0.0
Chilonatalus_micropus,Chilonatalus_micropus,direct,Chiroptera,Natalidae,Chilonatalus,VU,0.0
Tadarida_kuboriensis,Austronomus_kuboriensis,synonym:MSW3,Chiroptera,Molossidae,Austronomus,LC,0.0
Tadarida_aegyptiaca,Nyctinomus_aegyptiacus,synonym:MSW3,Chiroptera,Molossidae,Nyctinomus,LC,0.0
Mormopterus_doriae,Mormopterus_doriae,direct,Chiroptera,Molossidae,Mormopterus,DD,0.0
Tadarida_jobimena,,unmatched,,,,,
Mops_sarasinorum,Mops_sarasinorum,direct,Chiroptera,Molossidae,Mops,DD,0.0
Chaerephon_bemmeleni,Mops_bemmeleni,synonym:MSW3,Chiroptera,Molossidae,Mops,LC,0.0
Chaerephon_plicatus,Mops_plicatus,synonym:MSW3,Chiroptera,Molossidae,Mops,LC,0.0
Chaerephon_gallagheri,Mops_gallagheri,synonym:MSW3,Chiroptera,Molossidae,Mops,DD,0.0
Mops_brachypterus,Mops_brachypterus,direct,Chiroptera,Molossidae,Mops,LC,0.0
Mops_niangarae,Mops_niangarae,direct,Chiroptera,Molossidae,Mops,DD,0.0
Chaerephon_bivittatus,Mops_bivittatus,synonym:MSW3,Chiroptera,Molossidae,Mops,LC,0.0
Chaerephon_tomensis,Mops_tomensis,synonym:MSW3,Chiroptera,Molossidae,Mops,EN,0.0
Mops_demonstrator,Mops_demonstrator,direct,Chiroptera,Molossidae,Mops,LC,0.0
Mops_mops,Mops_mops,direct,Chiroptera,Molossidae,Mops,NT,0.0
Mops_spurrelli,Mops_spurrelli,direct,Chiroptera,Molossidae,Mops,LC,0.0
Chaerephon_bregullae,Mops_bregullae,synonym:MSW3,Chiroptera,Molossidae,Mops,EN,0.0
Chaerephon_major,Mops_major,synonym:MSW3,Chiroptera,Molossidae,Mops,LC,0.0
Mops_petersoni,Mops_petersoni,direct,Chiroptera,Molossidae,Mops,NT,0.0
Chaerephon_jobensis,Mops_jobensis,synonym:MSW3,Chiroptera,Molossidae,Mops,LC,0.0
Chaerephon_ansorgei,Mops_ansorgei,synonym:MSW3,Chiroptera,Molossidae,Mops,LC,0.0
Mops_trevori,Mops_trevori,direct,Chiroptera,Molossidae,Mops,DD,0.0
Chaerephon_aloysiisabaudiae,Mops_aloysiisabaudiae,synonym:MSW3,Chiroptera,Molossidae,Mops,LC,0.0
Chaerephon_atsinanana,,unmatched,,,,,
Chaerephon_pumilus,Mops_pumilus,synonym:MSW3,Chiroptera,Molossidae,Mops,LC,0.0
Chaerephon_chapini,Mops_chapini,synonym:MSW3,Chiroptera,Molossidae,Mops,LC,0.0
Mops_niveiventer,Mops_niveiventer,direct,Chiroptera,Molossidae,Mops,LC,0.0
Chaerephon_johorensis,Mops_johorensis,synonym:MSW3,Chiroptera,Molossidae,Mops,VU,0.0
Mops_condylurus,Mops_condylurus,direct,Chiroptera,Molossidae,Mops,LC,0.0
Mops_nanulus,Mops_nanulus,direct,Chiroptera,Molossidae,Mops,LC,0.0
Mops_leucostigma,Mops_leucostigma,direct,Chiroptera,Molossidae,Mops,LC,0.0
Mops_congicus,Mops_congicus,direct,Chiroptera,Molossidae,Mops,LC,0.0
Mops_bakarii,Mops_bakarii,direct,Chiroptera,Molossidae,Mops,DD,0.0
Chaerephon_solomonis,Mops_solomonis,synonym:MSW3,Chiroptera,Molossidae,Mops,EN,0.0
Chaerephon_russatus,Mops_russatus,synonym:MSW3,Chiroptera,Molossidae,Mops,DD,0.0
Mops_midas,Mops_midas,direct,Chiroptera,Molossidae,Mops,LC,0.0
Chaerephon_nigeriae,Mops_nigeriae,synonym:MSW3,Chiroptera,Molossidae,Mops,LC,0.0
Mops_thersites,Mops_thersites,direct,Chiroptera,Molossidae,Mops,LC,0.0
Mormopterus_kitcheneri,,unmatched,,,,,
Mormopterus_lumsdenae,,unmatched,,,,,
Mormopterus_beccarii,Ozimops_beccarii,synonym:MSW3,Chiroptera,Molossidae,Ozimops,LC,0.0
Mormopterus_phrudus,Mormopterus_phrudus,direct,Chiroptera,Molossidae,Mormopterus,VU,0.0
Molossus_currentium,Molossus_currentium,direct,Chiroptera,Molossidae,Molossus,LC,0.0
Mormopterus_planiceps,Ozimops_planiceps,synonym:MSW3,Chiroptera,Molossidae,Ozimops,LC,0.0
Molossus_barnesi,Molossus_coibensis,synonym:nominalName,Chiroptera,Molossidae,Molossus,LC,0.0
Molossus_pretiosus,Molossus_pretiosus,direct,Chiroptera,Molossidae,Molossus,LC,0.0
Mormopterus_halli,,unmatched,,,,,
Molossus_alvarezi,Molossus_alvarezi,direct,Chiroptera,Molossidae,Molossus,DD,0.0
Mormopterus_loriae,Ozimops_loriae,synonym:MSW3,Chiroptera,Molossidae,Ozimops,DD,0.0
Mormopterus_norfolkensis,Micronomus_norfolkensis,synonym:MSW3,Chiroptera,Molossidae,Micronomus,NT,0.0
Mormopterus_minutus,Mormopterus_minutus,direct,Chiroptera,Molossidae,Mormopterus,VU,0.0
Mormopterus_eleryi,,unmatched,,,,,
Sauromys_petrophilus,Sauromys_petrophilus,direct,Chiroptera,Molossidae,Sauromys,LC,0.0
Tadarida_brasiliensis,Tadarida_brasiliensis,direct,Chiroptera,Molossidae,Tadarida,LC,0.0
Otomops_johnstonei,Otomops_johnstonei,direct,Chiroptera,Molossidae,Otomops,DD,0.0
Otomops_papuensis,Otomops_papuensis,direct,Chiroptera,Molossidae,Otomops,DD,0.0
Otomops_formosus,Otomops_formosus,direct,Chiroptera,Molossidae,Otomops,DD,0.0
Otomops_wroughtoni,Otomops_wroughtoni,direct,Chiroptera,Molossidae,Otomops,DD,0.0
Otomops_secundus,Otomops_secundus,direct,Chiroptera,Molossidae,Otomops,DD,0.0
Otomops_martiensseni,Otomops_martiensseni,direct,Chiroptera,Molossidae,Otomops,NT,0.0
Otomops_madagascariensis,Otomops_madagascariensis,direct,Chiroptera,Molossidae,Otomops,LC,0.0
Nyctinomops_macrotis,Nyctinomops_macrotis,direct,Chiroptera,Molossidae,Nyctinomops,LC,0.0
Nyctinomops_aurispinosus,Nyctinomops_aurispinosus,direct,Chiroptera,Molossidae,Nyctinomops,LC,0.0
Nyctinomops_femorosaccus,Nyctinomops_femorosaccus,direct,Chiroptera,Molossidae,Nyctinomops,LC,0.0
Nyctinomops_laticaudatus,Nyctinomops_laticaudatus,direct,Chiroptera,Molossidae,Nyctinomops,LC,0.0
Nyctinomops_kalinowskii,,unmatched,,,,,
Molossops_mattogrossensis,Neoplatymops_mattogrossensis,synonym:MSW3,Chiroptera,Molossidae,Neoplatymops,LC,0.0
Molossops_temminckii,Molossops_temminckii,direct,Chiroptera,Molossidae,Molossops,LC,0.0
Molossops_neglectus,Molossops_neglectus,direct,Chiroptera,Molossidae,Molossops,DD,0.0
Molossops_aequatorianus,Cabreramops_aequatorianus,synonym:MSW3,Chiroptera,Molossidae,Cabreramops,EN,0.0
Cynomops_abrasus,Cynomops_abrasus,direct,Chiroptera,Molossidae,Cynomops,DD,0.0
Cynomops_greenhalli,Cynomops_greenhalli,direct,Chiroptera,Molossidae,Cynomops,LC,0.0
Cynomops_paranus,Cynomops_planirostris,synonym:nominalName,Chiroptera,Molossidae,Cynomops,LC,0.0
Cynomops_mexicanus,Cynomops_mexicanus,direct,Chiroptera,Molossidae,Cynomops,LC,0.0
Cynomops_planirostris,Cynomops_planirostris,direct,Chiroptera,Molossidae,Cynomops,LC,0.0
Molossus_molossus,Molossus_molossus,direct,Chiroptera,Molossidae,Molossus,LC,0.0
Molossus_aztecus,Molossus_aztecus,direct,Chiroptera,Molossidae,Molossus,LC,0.0
Molossus_rufus,Molossus_rufus,direct,Chiroptera,Molossidae,Molossus,LC,0.0
Molossus_coibensis,Molossus_coibensis,direct,Chiroptera,Molossidae,Molossus,LC,0.0
Tadarida_lobata,Tadarida_lobata,direct,Chiroptera,Molossidae,Tadarida,LC,0.0
Promops_nasutus,Promops_nasutus,direct,Chiroptera,Molossidae,Promops,LC,0.0
Promops_centralis,Promops_centralis,direct,Chiroptera,Molossidae,Promops,LC,0.0
Tadarida_ventralis,Tadarida_ventralis,direct,Chiroptera,Molossidae,Tadarida,DD,0.0
Eumops_hansae,Eumops_hansae,direct,Chiroptera,Molossidae,Eumops,LC,0.0
Eumops_patagonicus,Eumops_patagonicus,direct,Chiroptera,Molossidae,Eumops,LC,0.0
Eumops_bonariensis,Eumops_bonariensis,direct,Chiroptera,Molossidae,Eumops,LC,0.0
Eumops_maurus,Eumops_maurus,direct,Chiroptera,Molossidae,Eumops,DD,0.0
Eumops_auripendulus,Eumops_auripendulus,direct,Chiroptera,Molossidae,Eumops,LC,0.0
Eumops_underwoodi,Eumops_underwoodi,direct,Chiroptera,Molossidae,Eumops,LC,0.0
Eumops_dabbenei,Eumops_dabbenei,direct,Chiroptera,Molossidae,Eumops,LC,0.0
Eumops_chiribaya,Eumops_chiribaya,direct,Chiroptera,Molossidae,Eumops,NE,0.0
Eumops_glaucinus,Eumops_glaucinus,direct,Chiroptera,Molossidae,Eumops,LC,0.0
Eumops_ferox,Eumops_ferox,direct,Chiroptera,Molossidae,Eumops,LC,0.0
Eumops_floridanus,Eumops_floridanus,direct,Chiroptera,Molossidae,Eumops,VU,0.0
Eumops_trumbulli,Eumops_trumbulli,direct,Chiroptera,Molossidae,Eumops,LC,0.0
Eumops_wilsoni,Eumops_wilsoni,direct,Chiroptera,Molossidae,Eumops,DD,0.0
Eumops_perotis,Eumops_perotis,direct,Chiroptera,Molossidae,Eumops,LC,0.0
Tadarida_teniotis,Tadarida_teniotis,direct,Chiroptera,Molossidae,Tadarida,LC,0.0
Tadarida_australis,Austronomus_australis,synonym:MSW3,Chiroptera,Molossidae,Austronomus,LC,0.0
Tadarida_insignis,Tadarida_insignis,direct,Chiroptera,Molossidae,Tadarida,DD,0.0
Mormopterus_acetabulosus,Mormopterus_acetabulosus,direct,Chiroptera,Molossidae,Mormopterus,EN,0.0
Tadarida_fulminans,Tadarida_fulminans,direct,Chiroptera,Molossidae,Tadarida,LC,0.0
Molossus_sinaloae,Molossus_sinaloae,direct,Chiroptera,Molossidae,Molossus,LC,0.0
Cheiromeles_torquatus,Cheiromeles_torquatus,direct,Chiroptera,Molossidae,Cheiromeles,LC,0.0
Cheiromeles_parvidens,Cheiromeles_parvidens,direct,Chiroptera,Molossidae,Cheiromeles,LC,0.0
Mormopterus_jugularis,Mormopterus_jugularis,direct,Chiroptera,Molossidae,Mormopterus,LC,0.0
Mormopterus_francoismoutoui,Mormopterus_francoismoutoui,direct,Chiroptera,Molossidae,Mormopterus,LC,0.0
Tadarida_latouchei,Tadarida_latouchei,direct,Chiroptera,Molossidae,Tadarida,EN,0.0
Myopterus_whitleyi,Myopterus_whitleyi,direct,Chiroptera,Molossidae,Myopterus,LC,0.0
Myopterus_daubentonii,Myopterus_daubentonii,direct,Chiroptera,Molossidae,Myopterus,DD,0.0
Tomopeas_ravus,Tomopeas_ravum,synonym:MSW3,Chiroptera,Molossidae,Tomopeas,EN,0.0
Platymops_setiger,Platymops_setiger,direct,Chiroptera,Molossidae,Platymops,LC,0.0
Miniopterus_shortridgei,Miniopterus_shortridgei,direct,Chiroptera,Miniopteridae,Miniopterus,DD,0.0
Miniopterus_griffithsi,Miniopterus_griffithsi,direct,Chiroptera,Miniopteridae,Miniopterus,DD,0.0
Miniopterus_ambohitrensis,Miniopterus_ambohitrensis,direct,Chiroptera,Miniopteridae,Miniopterus,LC,0.0
Miniopterus_gleni,Miniopterus_gleni,direct,Chiroptera,Miniopteridae,Miniopterus,LC,0.0
Miniopterus_sororculus,Miniopterus_sororculus,direct,Chiroptera,Miniopteridae,Miniopterus,LC,0.0
Miniopterus_majori,Miniopterus_majori,direct,Chiroptera,Miniopteridae,Miniopterus,LC,0.0
Miniopterus_petersoni,Miniopterus_petersoni,direct,Chiroptera,Miniopteridae,Miniopterus,DD,0.0
Miniopterus_newtoni,Miniopterus_newtoni,direct,Chiroptera,Miniopteridae,Miniopterus,DD,0.0
Miniopterus_manavi,Miniopterus_manavi,direct,Chiroptera,Miniopteridae,Miniopterus,LC,0.0
Miniopterus_aelleni,Miniopterus_aelleni,direct,Chiroptera,Miniopteridae,Miniopterus,LC,0.0
Miniopterus_minor,Miniopterus_minor,direct,Chiroptera,Miniopteridae,Miniopterus,DD,0.0
Miniopterus_fraterculus,Miniopterus_fraterculus,direct,Chiroptera,Miniopteridae,Miniopterus,LC,0.0
Miniopterus_robustior,Miniopterus_robustior,direct,Chiroptera,Miniopteridae,Miniopterus,EN,0.0
Miniopterus_mahafaliensis,Miniopterus_mahafaliensis,direct,Chiroptera,Miniopteridae,Miniopterus,LC,0.0
Miniopterus_paululus,Miniopterus_paululus,direct,Chiroptera,Miniopteridae,Miniopterus,LC,0.0
Miniopterus_griveaudi,Miniopterus_griveaudi,direct,Chiroptera,Miniopteridae,Miniopterus,DD,0.0
Miniopterus_natalensis,Miniopterus_natalensis,direct,Chiroptera,Miniopteridae,Miniopterus,LC,0.0
Miniopterus_inflatus,Miniopterus_inflatus,direct,Chiroptera,Miniopteridae,Miniopterus,LC,0.0
Miniopterus_egeri,Miniopterus_egeri,direct,Chiroptera,Miniopteridae,Miniopterus,LC,0.0
Miniopterus_brachytragos,Miniopterus_brachytragos,direct,Chiroptera,Miniopteridae,Miniopterus,LC,0.0
Miniopterus_mossambicus,Miniopterus_mossambicus,direct,Chiroptera,Miniopteridae,Miniopterus,NE,0.0
Miniopterus_schreibersii,Miniopterus_schreibersii,direct,Chiroptera,Miniopteridae,Miniopterus,VU,0.0
Miniopterus_fuscus,Miniopterus_fuscus,direct,Chiroptera,Miniopteridae,Miniopterus,EN,0.0
Miniopterus_fuliginosus,Miniopterus_fuliginosus,direct,Chiroptera,Miniopteridae,Miniopterus,NE,0.0
Miniopterus_magnater,Miniopterus_magnater,direct,Chiroptera,Miniopteridae,Miniopterus,LC,0.0
Miniopterus_australis,Miniopterus_australis,direct,Chiroptera,Miniopteridae,Miniopterus,LC,0.0
Miniopterus_medius,Miniopterus_medius,direct,Chiroptera,Miniopteridae,Miniopterus,LC,0.0
Miniopterus_macrocneme,Miniopterus_macrocneme,direct,Chiroptera,Miniopteridae,Miniopterus,LC,0.0
Miniopterus_pusillus,Miniopterus_pusillus,direct,Chiroptera,Miniopteridae,Miniopterus,LC,0.0
Miniopterus_oceanensis,Miniopterus_orianae,synonym:nominalName,Chiroptera,Miniopteridae,Miniopterus,NE,0.0
Miniopterus_tristis,Miniopterus_tristis,direct,Chiroptera,Miniopteridae,Miniopterus,LC,0.0
Miniopterus_maghrebensis,Miniopterus_maghrebensis,direct,Chiroptera,Miniopteridae,Miniopterus,NT,0.0
Scoteanax_rueppellii,Scoteanax_rueppellii,direct,Chiroptera,Vespertilionidae,Scoteanax,LC,0.0
Mimetillus_moloneyi,Mimetillus_moloneyi,direct,Chiroptera,Vespertilionidae,Mimetillus,LC,0.0
Phoniscus_jagorii,Phoniscus_jagorii,direct,Chiroptera,Vespertilionidae,Phoniscus,LC,0.0
Phoniscus_atrox,Phoniscus_atrox,direct,Chiroptera,Vespertilionidae,Phoniscus,NT,0.0
Phoniscus_papuensis,Phoniscus_papuensis,direct,Chiroptera,Vespertilionidae,Phoniscus,VU,0.0
Phoniscus_aerosa,Phoniscus_aerosus,synonym:MSW3,Chiroptera,Vespertilionidae,Phoniscus,DD,0.0
Cistugo_seabrae,Cistugo_seabrae,direct,Chiroptera,Cistugidae,Cistugo,LC,0.0
Cistugo_lesueuri,Cistugo_lesueuri,direct,Chiroptera,Cistugidae,Cistugo,LC,0.0
Eudiscoderma_thongareeae,Eudiscoderma_thongareeae,direct,Chiroptera,Megadermatidae,Eudiscoderma,CR,0.0
Eudiscopus_denticulus,Eudiscopus_denticulus,direct,Chiroptera,Vespertilionidae,Eudiscopus,LC,0.0
Nycticeius_humeralis,Nycticeius_humeralis,direct,Chiroptera,Vespertilionidae,Nycticeius,LC,0.0
Nycticeius_aenobarbus,Nycticeius_aenobarbus,direct,Chiroptera,Vespertilionidae,Nycticeius,DD,0.0
Nycticeius_cubanus,Nycticeius_cubanus,direct,Chiroptera,Vespertilionidae,Nycticeius,NT,0.0
Scotophilus_celebensis,Scotophilus_heathii,synonym:nominalName,Chiroptera,Vespertilionidae,Scotophilus,LC,0.0
Scotophilus_collinus,Scotophilus_collinus,direct,Chiroptera,Vespertilionidae,Scotophilus,LC,0.0
Scotophilus_kuhlii,Scotophilus_kuhlii,direct,Chiroptera,Vespertilionidae,Scotophilus,LC,0.0
Scotophilus_viridis,Scotophilus_viridis,direct,Chiroptera,Vespertilionidae,Scotophilus,LC,0.0
Scotophilus_nucella,Scotophilus_nucella,direct,Chiroptera,Vespertilionidae,Scotophilus,DD,0.0
Scotophilus_leucogaster,Scotophilus_leucogaster,direct,Chiroptera,Vespertilionidae,Scotophilus,LC,0.0
Scotophilus_heathii,Scotophilus_heathii,direct,Chiroptera,Vespertilionidae,Scotophilus,LC,0.0
Scotophilus_marovaza,Scotophilus_marovaza,direct,Chiroptera,Vespertilionidae,Scotophilus,LC,0.0
Scotophilus_tandrefana,Scotophilus_tandrefana,direct,Chiroptera,Vespertilionidae,Scotophilus,DD,0.0
Scotophilus_nigrita,Scotophilus_nigrita,direct,Chiroptera,Vespertilionidae,Scotophilus,LC,0.0
Scotophilus_robustus,Scotophilus_robustus,direct,Chiroptera,Vespertilionidae,Scotophilus,LC,0.0
Scotophilus_livingstonii,Scotophilus_livingstonii,direct,Chiroptera,Vespertilionidae,Scotophilus,LC,0.0
Scotophilus_borbonicus,Scotophilus_borbonicus,direct,Chiroptera,Vespertilionidae,Scotophilus,DD,0.0
Scotophilus_ejetai,Scotophilus_ejetai,direct,Chiroptera,Vespertilionidae,Scotophilus,LC,0.0
Scotophilus_dinganii,Scotophilus_dinganii,direct,Chiroptera,Vespertilionidae,Scotophilus,LC,0.0
Scotophilus_andrewreborii,Scotophilus_andrewreborii,direct,Chiroptera,Vespertilionidae,Scotophilus,LC,0.0
Scotophilus_trujilloi,Scotophilus_trujilloi,direct,Chiroptera,Vespertilionidae,Scotophilus,LC,0.0
Scotophilus_nux,Scotophilus_nux,direct,Chiroptera,Vespertilionidae,Scotophilus,LC,0.0
Corynorhinus_rafinesquii,Corynorhinus_rafinesquii,direct,Chiroptera,Vespertilionidae,Corynorhinus,LC,0.0
Corynorhinus_townsendii,Corynorhinus_townsendii,direct,Chiroptera,Vespertilionidae,Corynorhinus,LC,0.0
Corynorhinus_mexicanus,Corynorhinus_mexicanus,direct,Chiroptera,Vespertilionidae,Corynorhinus,NT,0.0
Euderma_maculatum,Euderma_maculatum,direct,Chiroptera,Vespertilionidae,Euderma,LC,0.0
Plecotus_balensis,Plecotus_balensis,direct,Chiroptera,Vespertilionidae,Plecotus,DD,0.0
Plecotus_sacrimontis,Plecotus_sacrimontis,direct,Chiroptera,Vespertilionidae,Plecotus,LC,0.0
Plecotus_christii,Plecotus_christii,direct,Chiroptera,Vespertilionidae,Plecotus,DD,0.0
Plecotus_kolombatovici,Plecotus_kolombatovici,direct,Chiroptera,Vespertilionidae,Plecotus,LC,0.0
Plecotus_teneriffae,Plecotus_teneriffae,direct,Chiroptera,Vespertilionidae,Plecotus,CR,0.0
Plecotus_austriacus,Plecotus_austriacus,direct,Chiroptera,Vespertilionidae,Plecotus,NT,0.0
Idionycteris_phyllotis,Idionycteris_phyllotis,direct,Chiroptera,Vespertilionidae,Idionycteris,LC,0.0
Plecotus_auritus,Plecotus_auritus,direct,Chiroptera,Vespertilionidae,Plecotus,LC,0.0
Plecotus_ognevi,Plecotus_ognevi,direct,Chiroptera,Vespertilionidae,Plecotus,LC,0.0
Plecotus_taivanus,Plecotus_taivanus,direct,Chiroptera,Vespertilionidae,Plecotus,NT,0.0
Plecotus_sardus,Plecotus_sardus,direct,Chiroptera,Vespertilionidae,Plecotus,CR,0.0
Plecotus_macrobullaris,Plecotus_macrobullaris,direct,Chiroptera,Vespertilionidae,Plecotus,LC,0.0
Barbastella_leucomelas,Barbastella_leucomelas,direct,Chiroptera,Vespertilionidae,Barbastella,LC,0.0
Barbastella_beijingensis,Barbastella_beijingensis,direct,Chiroptera,Vespertilionidae,Barbastella,DD,0.0
Barbastella_barbastellus,Barbastella_barbastellus,direct,Chiroptera,Vespertilionidae,Barbastella,NT,0.0
Rhogeessa_gracilis,Baeodon_gracilis,synonym:MSW3,Chiroptera,Vespertilionidae,Baeodon,LC,0.0
Rhogeessa_alleni,Baeodon_alleni,synonym:MSW3,Chiroptera,Vespertilionidae,Baeodon,LC,0.0
Rhogeessa_mira,Rhogeessa_mira,direct,Chiroptera,Vespertilionidae,Rhogeessa,VU,0.0
Rhogeessa_hussoni,Rhogeessa_hussoni,direct,Chiroptera,Vespertilionidae,Rhogeessa,DD,0.0
Rhogeessa_parvula,Rhogeessa_parvula,direct,Chiroptera,Vespertilionidae,Rhogeessa,LC,0.0
Rhogeessa_menchuae,Rhogeessa_menchuae,direct,Chiroptera,Vespertilionidae,Rhogeessa,DD,0.0
Rhogeessa_tumida,Rhogeessa_tumida,direct,Chiroptera,Vespertilionidae,Rhogeessa,LC,0.0
Rhogeessa_minutilla,Rhogeessa_minutilla,direct,Chiroptera,Vespertilionidae,Rhogeessa,VU,0.0
Rhogeessa_aeneus,Rhogeessa_aenea,synonym:MSW3,Chiroptera,Vespertilionidae,Rhogeessa,LC,0.0
Rhogeessa_bickhami,Rhogeessa_bickhami,direct,Chiroptera,Vespertilionidae,Rhogeessa,LC,0.0
Rhogeessa_io,Rhogeessa_io,direct,Chiroptera,Vespertilionidae,Rhogeessa,LC,0.0
Rhogeessa_genowaysi,Rhogeessa_genowaysi,direct,Chiroptera,Vespertilionidae,Rhogeessa,EN,0.0
Bauerus_dubiaquercus,Bauerus_dubiaquercus,direct,Chiroptera,Vespertilionidae,Bauerus,NT,0.0
Glauconycteris_machadoi,Glauconycteris_machadoi,direct,Chiroptera,Vespertilionidae,Glauconycteris,DD,0.0
Pipistrellus_macrotis,,unmatched,,,,,
Eptesicus_kobayashii,Cnephaeus_kobayashii,synonym:MSW3,Chiroptera,Vespertilionidae,Cnephaeus,DD,0.0
Antrozous_pallidus,Antrozous_pallidus,direct,Chiroptera,Vespertilionidae,Antrozous,LC,0.0
Otonycteris_hemprichii,Otonycteris_hemprichii,direct,Chiroptera,Vespertilionidae,Otonycteris,LC,0.0
Lasiurus_egregius,Lasiurus_egregius,direct,Chiroptera,Vespertilionidae,Lasiurus,DD,0.0
Lasiurus_cinereus,Lasiurus_cinereus,direct,Chiroptera,Vespertilionidae,Lasiurus,LC,0.0
Lasiurus_insularis,Lasiurus_insularis,direct,Chiroptera,Vespertilionidae,Lasiurus,VU,0.0
Lasiurus_borealis,Lasiurus_borealis,direct,Chiroptera,Vespertilionidae,Lasiurus,LC,0.0
Lasiurus_seminolus,Lasiurus_seminolus,direct,Chiroptera,Vespertilionidae,Lasiurus,LC,0.0
Lasiurus_minor,Lasiurus_minor,direct,Chiroptera,Vespertilionidae,Lasiurus,VU,0.0
Lasiurus_blossevillii,Lasiurus_blossevillii,direct,Chiroptera,Vespertilionidae,Lasiurus,LC,0.0
Lasiurus_atratus,Lasiurus_atratus,direct,Chiroptera,Vespertilionidae,Lasiurus,LC,0.0
Lasiurus_castaneus,Lasiurus_castaneus,direct,Chiroptera,Vespertilionidae,Lasiurus,DD,0.0
Lasiurus_varius,Lasiurus_varius,direct,Chiroptera,Vespertilionidae,Lasiurus,LC,0.0
Lasiurus_intermedius,Lasiurus_intermedius,direct,Chiroptera,Vespertilionidae,Lasiurus,LC,0.0
Lasiurus_degelidus,Lasiurus_degelidus,direct,Chiroptera,Vespertilionidae,Lasiurus,VU,0.0
Lasiurus_ebenus,Lasiurus_ebenus,direct,Chiroptera,Vespertilionidae,Lasiurus,DD,0.0
Lasiurus_pfeifferi,Lasiurus_pfeifferi,direct,Chiroptera,Vespertilionidae,Lasiurus,NT,0.0
Lasiurus_xanthinus,Lasiurus_xanthinus,direct,Chiroptera,Vespertilionidae,Lasiurus,LC,0.0
Lasiurus_ega,Lasiurus_ega,direct,Chiroptera,Vespertilionidae,Lasiurus,LC,0.0
Parastrellus_hesperus,Parastrellus_hesperus,direct,Chiroptera,Vespertilionidae,Parastrellus,LC,0.0
Pipistrellus_permixtus,Pipistrellus_permixtus,direct,Chiroptera,Vespertilionidae,Pipistrellus,DD,0.0
Pipistrellus_subflavus,Perimyotis_subflavus,synonym:MSW3,Chiroptera,Vespertilionidae,Perimyotis,VU,0.0
Pipistrellus_nanulus,Pipistrellus_nanulus,direct,Chiroptera,Vespertilionidae,Pipistrellus,LC,0.0
Pipistrellus_nathusii,Pipistrellus_nathusii,direct,Chiroptera,Vespertilionidae,Pipistrellus,LC,0.0
Eptesicus_guadeloupensis,Eptesicus_dutertreus,synonym:nominalName,Chiroptera,Vespertilionidae,Eptesicus,NE,0.0
Pipistrellus_pygmaeus,Pipistrellus_pygmaeus,direct,Chiroptera,Vespertilionidae,Pipistrellus,LC,0.0
Eptesicus_japonensis,Cnephaeus_japonensis,synonym:MSW3,Chiroptera,Vespertilionidae,Cnephaeus,VU,0.0
Pipistrellus_hanaki,Pipistrellus_hanaki,direct,Chiroptera,Vespertilionidae,Pipistrellus,VU,0.0
Eptesicus_platyops,Cnephaeus_platyops,synonym:MSW3,Chiroptera,Vespertilionidae,Cnephaeus,DD,0.0
Pipistrellus_pipistrellus,Pipistrellus_pipistrellus,direct,Chiroptera,Vespertilionidae,Pipistrellus,LC,0.0
Hesperoptenus_gaskelli,Hesperoptenus_gaskelli,direct,Chiroptera,Vespertilionidae,Hesperoptenus,DD,0.0
Pipistrellus_hesperidus,Pipistrellus_hesperidus,direct,Chiroptera,Vespertilionidae,Pipistrellus,LC,0.0
Pipistrellus_vordermanni,,unmatched,,,,,
Pipistrellus_musciculus,,unmatched,,,,,
Pipistrellus_kuhlii,Pipistrellus_kuhlii,direct,Chiroptera,Vespertilionidae,Pipistrellus,LC,0.0
Eptesicus_andinus,Neoeptesicus_andinus,synonym:MSW3,Chiroptera,Vespertilionidae,Neoeptesicus,LC,0.0
Pipistrellus_maderensis,Pipistrellus_maderensis,direct,Chiroptera,Vespertilionidae,Pipistrellus,EN,0.0
Pipistrellus_deserti,Pipistrellus_kuhlii,synonym:nominalName,Chiroptera,Vespertilionidae,Pipistrellus,LC,0.0
Pipistrellus_coromandra,Alionoctula_coromandra,synonym:MSW3,Chiroptera,Vespertilionidae,Alionoctula,LC,0.0
Pipistrellus_tenuis,Alionoctula_tenuis,synonym:MSW3,Chiroptera,Vespertilionidae,Alionoctula,LC,0.0
Pipistrellus_collinus,Alionoctula_collina,synonym:MSW3,Chiroptera,Vespertilionidae,Alionoctula,LC,0.0
Pipistrellus_javanicus,Alionoctula_javanica,synonym:MSW3,Chiroptera,Vespertilionidae,Alionoctula,LC,0.0
Pipistrellus_paterculus,Alionoctula_paterculus,synonym:MSW3,Chiroptera,Vespertilionidae,Alionoctula,LC,0.0
Pipistrellus_abramus,Alionoctula_abramus,synonym:MSW3,Chiroptera,Vespertilionidae,Alionoctula,LC,0.0
Pipistrellus_ceylonicus,Alionoctula_ceylonica,synonym:MSW3,Chiroptera,Vespertilionidae,Alionoctula,LC,0.0
Pipistrellus_stenopterus,Alionoctula_stenoptera,synonym:MSW3,Chiroptera,Vespertilionidae,Alionoctula,LC,0.0
Eptesicus_floweri,Cnephaeus_floweri,synonym:MSW3,Chiroptera,Vespertilionidae,Cnephaeus,LC,0.0
Glischropus_aquilus,Glischropus_aquilus,direct,Chiroptera,Vespertilionidae,Glischropus,NE,0.0
Glischropus_bucephalus,Glischropus_bucephalus,direct,Chiroptera,Vespertilionidae,Glischropus,LC,0.0
Glischropus_tylopus,Glischropus_tylopus,direct,Chiroptera,Vespertilionidae,Glischropus,LC,0.0
Glischropus_javanus,Glischropus_javanus,direct,Chiroptera,Vespertilionidae,Glischropus,DD,0.0
Nyctalus_plancyi,Nyctalus_plancyi,direct,Chiroptera,Vespertilionidae,Nyctalus,LC,0.0
Nyctalus_montanus,Nyctalus_montanus,direct,Chiroptera,Vespertilionidae,Nyctalus,LC,0.0
Nyctalus_furvus,Nyctalus_furvus,direct,Chiroptera,Vespertilionidae,Nyctalus,EN,0.0
Nyctalus_lasiopterus,Nyctalus_lasiopterus,direct,Chiroptera,Vespertilionidae,Nyctalus,VU,0.0
Nyctalus_aviator,Nyctalus_aviator,direct,Chiroptera,Vespertilionidae,Nyctalus,NT,0.0
Nyctalus_noctula,Nyctalus_noctula,direct,Chiroptera,Vespertilionidae,Nyctalus,LC,0.0
Nyctalus_leisleri,Nyctalus_leisleri,direct,Chiroptera,Vespertilionidae,Nyctalus,LC,0.0
Nyctalus_azoreum,Nyctalus_azoreum,direct,Chiroptera,Vespertilionidae,Nyctalus,VU,0.0
Pipistrellus_lophurus,,unmatched,,,,,
Scotoecus_hirundo,Scotoecus_hirundo,direct,Chiroptera,Vespertilionidae,Scotoecus,LC,0.0
Scotoecus_pallidus,Scotoecus_pallidus,direct,Chiroptera,Vespertilionidae,Scotoecus,LC,0.0
Scotoecus_albofuscus,Scotoecus_albofuscus,direct,Chiroptera,Vespertilionidae,Scotoecus,DD,0.0
Pipistrellus_papuanus,Alionoctula_papuana,synonym:MSW3,Chiroptera,Vespertilionidae,Alionoctula,LC,0.0
Pipistrellus_rueppellii,Vansonia_rueppellii,synonym:MSW3,Chiroptera,Vespertilionidae,Vansonia,LC,0.0
Vespertilio_sinensis,Vespertilio_sinensis,direct,Chiroptera,Vespertilionidae,Vespertilio,LC,0.0
Vespertilio_murinus,Vespertilio_murinus,direct,Chiroptera,Vespertilionidae,Vespertilio,LC,0.0
Glauconycteris_humeralis,Glauconycteris_humeralis,direct,Chiroptera,Vespertilionidae,Glauconycteris,DD,0.0
Tylonycteris_robustula,Tylonycteris_robustula,direct,Chiroptera,Vespertilionidae,Tylonycteris,LC,0.0
Tylonycteris_pygmaeus,,unmatched,,,,,
Tylonycteris_pachypus,Tylonycteris_pachypus,direct,Chiroptera,Vespertilionidae,Tylonycteris,LC,0.0
Arielulus_societatis,Arielulus_societatis,direct,Chiroptera,Vespertilionidae,Arielulus,LC,0.0
Eptesicus_dimissus,Cassistrellus_dimissus,synonym:MSW3,Chiroptera,Vespertilionidae,Cassistrellus,DD,0.0
Glauconycteris_superba,Glauconycteris_superba,direct,Chiroptera,Vespertilionidae,Glauconycteris,LC,0.0
Philetor_brachypterus,Philetor_brachypterus,direct,Chiroptera,Vespertilionidae,Philetor,LC,0.0
Pipistrellus_anthonyi,,unmatched,,,,,
Glauconycteris_kenyacola,Glauconycteris_kenyacola,direct,Chiroptera,Vespertilionidae,Glauconycteris,DD,0.0
Pipistrellus_crassulus,,unmatched,,,,,
Pipistrellus_eisentrauti,,unmatched,,,,,
Arielulus_torquatus,Arielulus_torquatus,direct,Chiroptera,Vespertilionidae,Arielulus,LC,0.0
Nycticeinops_schlieffeni,Nycticeinops_schlieffenii,synonym:MSW3,Chiroptera,Vespertilionidae,Nycticeinops,LC,0.0
Pipistrellus_imbricatus,,unmatched,,,,,
Pipistrellus_angulatus,Alionoctula_angulata,synonym:MSW3,Chiroptera,Vespertilionidae,Alionoctula,LC,0.0
Vespadelus_douglasorum,Vespadelus_douglasorum,direct,Chiroptera,Vespertilionidae,Vespadelus,LC,0.0
Vespadelus_troughtoni,Vespadelus_troughtoni,direct,Chiroptera,Vespertilionidae,Vespadelus,LC,0.0
Vespadelus_pumilus,Vespadelus_pumilus,direct,Chiroptera,Vespertilionidae,Vespadelus,LC,0.0
Vespadelus_regulus,Vespadelus_regulus,direct,Chiroptera,Vespertilionidae,Vespadelus,LC,0.0
Vespadelus_darlingtoni,Vespadelus_darlingtoni,direct,Chiroptera,Vespertilionidae,Vespadelus,LC,0.0
Vespadelus_baverstocki,Vespadelus_baverstocki,direct,Chiroptera,Vespertilionidae,Vespadelus,LC,0.0
Vespadelus_caurinus,Vespadelus_caurinus,direct,Chiroptera,Vespertilionidae,Vespadelus,LC,0.0
Vespadelus_vulturnus,Vespadelus_vulturnus,direct,Chiroptera,Vespertilionidae,Vespadelus,LC,0.0
Vespadelus_finlaysoni,Vespadelus_finlaysoni,direct,Chiroptera,Vespertilionidae,Vespadelus,LC,0.0
Chalinolobus_morio,Chalinolobus_morio,direct,Chiroptera,Vespertilionidae,Chalinolobus,LC,0.0
Pipistrellus_endoi,Alionoctula_endoi,synonym:MSW3,Chiroptera,Vespertilionidae,Alionoctula,NT,0.0
Chalinolobus_gouldii,Chalinolobus_gouldii,direct,Chiroptera,Vespertilionidae,Chalinolobus,LC,0.0
Pipistrellus_inexspectatus,Pipistrellus_inexspectatus,direct,Chiroptera,Vespertilionidae,Pipistrellus,DD,0.0
Neoromicia_malagasyensis,,unmatched,,,,,
Neoromicia_robertsi,,unmatched,,,,,
Neoromicia_matroka,,unmatched,,,,,
Neoromicia_capensis,Laephotis_capensis,synonym:MSW3,Chiroptera,Vespertilionidae,Laephotis,LC,0.0
Laephotis_namibensis,Laephotis_namibensis,direct,Chiroptera,Vespertilionidae,Laephotis,LC,0.0
Laephotis_angolensis,Laephotis_angolensis,direct,Chiroptera,Vespertilionidae,Laephotis,DD,0.0
Laephotis_wintoni,Laephotis_wintoni,direct,Chiroptera,Vespertilionidae,Laephotis,LC,0.0
Laephotis_botswanae,Laephotis_angolensis,synonym:nominalName,Chiroptera,Vespertilionidae,Laephotis,DD,0.0
Hypsugo_anchietae,Neoromicia_anchietae,synonym:MSW3,Chiroptera,Vespertilionidae,Neoromicia,LC,0.0
Hypsugo_lanzai,Hypsugo_lanzai,direct,Chiroptera,Vespertilionidae,Hypsugo,EN,0.0
Hypsugo_dolichodon,Hypsugo_dolichodon,direct,Chiroptera,Vespertilionidae,Hypsugo,DD,0.0
Hypsugo_bemainty,,unmatched,,,,,
Neoromicia_flavescens,,unmatched,,,,,
Neoromicia_somalica,Neoromicia_somalica,direct,Chiroptera,Vespertilionidae,Neoromicia,LC,0.0
Neoromicia_zuluensis,Neoromicia_zuluensis,direct,Chiroptera,Vespertilionidae,Neoromicia,LC,0.0
Neoromicia_guineensis,Neoromicia_guineensis,direct,Chiroptera,Vespertilionidae,Neoromicia,LC,0.0
Neoromicia_roseveari,,unmatched,,,,,
Neoromicia_brunnea,,unmatched,,,,,
Neoromicia_rendalli,Pseudoromicia_rendalli,synonym:MSW3,Chiroptera,Vespertilionidae,Pseudoromicia,LC,0.0
Neoromicia_melckorum,,unmatched,,,,,
Neoromicia_tenuipinnis,Pseudoromicia_tenuipinnis,synonym:MSW3,Chiroptera,Vespertilionidae,Pseudoromicia,LC,0.0
Neoromicia_nana,,unmatched,,,,,
Neoromicia_helios,Afronycteris_helios,synonym:MSW3,Chiroptera,Vespertilionidae,Afronycteris,DD,0.0
Chalinolobus_tuberculatus,Chalinolobus_tuberculatus,direct,Chiroptera,Vespertilionidae,Chalinolobus,CR,0.0
Glauconycteris_gleni,Glauconycteris_gleni,direct,Chiroptera,Vespertilionidae,Glauconycteris,DD,0.0
Chalinolobus_nigrogriseus,Chalinolobus_nigrogriseus,direct,Chiroptera,Vespertilionidae,Chalinolobus,LC,0.0
Pipistrellus_pulveratus,,unmatched,,,,,
Falsistrellus_mordax,Hypsugo_mordax,synonym:MSW3,Chiroptera,Vespertilionidae,Hypsugo,DD,0.0
Falsistrellus_mackenziei,Falsistrellus_mackenziei,direct,Chiroptera,Vespertilionidae,Falsistrellus,NT,0.0
Falsistrellus_tasmaniensis,Falsistrellus_tasmaniensis,direct,Chiroptera,Vespertilionidae,Falsistrellus,VU,0.0
Falsistrellus_petersi,Hypsugo_petersi,synonym:MSW3,Chiroptera,Vespertilionidae,Hypsugo,DD,0.0
Falsistrellus_affinis,Hypsugo_affinis,synonym:MSW3,Chiroptera,Vespertilionidae,Hypsugo,LC,0.0
Pipistrellus_savii,,unmatched,,,,,
Pipistrellus_murrayi,,unmatched,,,,,
Arielulus_cuprosus,Arielulus_cuprosus,direct,Chiroptera,Vespertilionidae,Arielulus,VU,0.0
Pipistrellus_alaschanicus,,unmatched,,,,,
Nyctophilus_timoriensis,Nyctophilus_timoriensis,direct,Chiroptera,Vespertilionidae,Nyctophilus,NE,0.0
Nyctophilus_howensis,Nyctophilus_howensis,direct,Chiroptera,Vespertilionidae,Nyctophilus,EX,0.0
Nyctophilus_corbeni,Nyctophilus_corbeni,direct,Chiroptera,Vespertilionidae,Nyctophilus,VU,0.0
Nyctophilus_microdon,Nyctophilus_microdon,direct,Chiroptera,Vespertilionidae,Nyctophilus,LC,0.0
Nyctophilus_microtis,Nyctophilus_microtis,direct,Chiroptera,Vespertilionidae,Nyctophilus,LC,0.0
Nyctophilus_shirleyae,Nyctophilus_shirleyae,direct,Chiroptera,Vespertilionidae,Nyctophilus,DD,0.0
Nyctophilus_geoffroyi,Nyctophilus_geoffroyi,direct,Chiroptera,Vespertilionidae,Nyctophilus,LC,0.0
Nyctophilus_heran,Nyctophilus_heran,direct,Chiroptera,Vespertilionidae,Nyctophilus,DD,0.0
Nyctophilus_nebulosus,Nyctophilus_nebulosus,direct,Chiroptera,Vespertilionidae,Nyctophilus,CR,0.0
Nyctophilus_bifax,Nyctophilus_bifax,direct,Chiroptera,Vespertilionidae,Nyctophilus,LC,0.0
Nyctophilus_walkeri,Nyctophilus_walkeri,direct,Chiroptera,Vespertilionidae,Nyctophilus,LC,0.0
Nyctophilus_sherrini,Nyctophilus_sherrini,direct,Chiroptera,Vespertilionidae,Nyctophilus,VU,0.0
Nyctophilus_gouldi,Nyctophilus_gouldi,direct,Chiroptera,Vespertilionidae,Nyctophilus,LC,0.0
Nyctophilus_arnhemensis,Nyctophilus_arnhemensis,direct,Chiroptera,Vespertilionidae,Nyctophilus,LC,0.0
Pipistrellus_cadornae,,unmatched,,,,,
Pipistrellus_ariel,,unmatched,,,,,
Glauconycteris_poensis,Glauconycteris_poensis,direct,Chiroptera,Vespertilionidae,Glauconycteris,LC,0.0
Glauconycteris_beatrix,Glauconycteris_beatrix,direct,Chiroptera,Vespertilionidae,Glauconycteris,LC,0.0
Hesperoptenus_blanfordi,Hesperoptenus_blanfordi,direct,Chiroptera,Vespertilionidae,Hesperoptenus,LC,0.0
Pipistrellus_arabicus,,unmatched,,,,,
Eptesicus_nasutus,Rhyneptesicus_nasutus,synonym:MSW3,Chiroptera,Vespertilionidae,Rhyneptesicus,LC,0.0
Eptesicus_chiriquinus,Neoeptesicus_chiriquinus,synonym:MSW3,Chiroptera,Vespertilionidae,Neoeptesicus,LC,0.0
Glauconycteris_alboguttata,Glauconycteris_alboguttata,direct,Chiroptera,Vespertilionidae,Glauconycteris,LC,0.0
Eptesicus_diminutus,Neoeptesicus_diminutus,synonym:MSW3,Chiroptera,Vespertilionidae,Neoeptesicus,LC,0.0
Eptesicus_brasiliensis,Neoeptesicus_brasiliensis,synonym:MSW3,Chiroptera,Vespertilionidae,Neoeptesicus,LC,0.0
Eptesicus_furinalis,Neoeptesicus_furinalis,synonym:MSW3,Chiroptera,Vespertilionidae,Neoeptesicus,LC,0.0
Pipistrellus_rusticus,Pipistrellus_rusticus,direct,Chiroptera,Vespertilionidae,Pipistrellus,LC,0.0
Chalinolobus_picatus,Chalinolobus_picatus,direct,Chiroptera,Vespertilionidae,Chalinolobus,NT,0.0
Pipistrellus_kitcheneri,,unmatched,,,,,
Eptesicus_fuscus,Eptesicus_fuscus,direct,Chiroptera,Vespertilionidae,Eptesicus,LC,0.0
Hesperoptenus_tickelli,Hesperoptenus_tickelli,direct,Chiroptera,Vespertilionidae,Hesperoptenus,LC,0.0
Eptesicus_isabellinus,,unmatched,,,,,
Eptesicus_hottentotus,Cnephaeus_hottentotus,synonym:MSW3,Chiroptera,Vespertilionidae,Cnephaeus,LC,0.0
Chalinolobus_neocaledonicus,Chalinolobus_neocaledonicus,direct,Chiroptera,Vespertilionidae,Chalinolobus,EN,0.0
Histiotus_alienus,Histiotus_alienus,direct,Chiroptera,Vespertilionidae,Histiotus,DD,0.0
Histiotus_macrotus,Histiotus_macrotus,direct,Chiroptera,Vespertilionidae,Histiotus,LC,0.0
Histiotus_magellanicus,Histiotus_magellanicus,direct,Chiroptera,Vespertilionidae,Histiotus,LC,0.0
Histiotus_velatus,Histiotus_velatus,direct,Chiroptera,Vespertilionidae,Histiotus,DD,0.0
Histiotus_montanus,Histiotus_montanus,direct,Chiroptera,Vespertilionidae,Histiotus,LC,0.0
Histiotus_humboldti,Histiotus_humboldti,direct,Chiroptera,Vespertilionidae,Histiotus,DD,0.0
Histiotus_laephotis,Histiotus_laephotis,direct,Chiroptera,Vespertilionidae,Histiotus,LC,0.0
Eptesicus_lobatus,,unmatched,,,,,
Chalinolobus_dwyeri,Chalinolobus_dwyeri,direct,Chiroptera,Vespertilionidae,Chalinolobus,VU,0.0
Eptesicus_gobiensis,Cnephaeus_gobiensis,synonym:MSW3,Chiroptera,Vespertilionidae,Cnephaeus,LC,0.0
Eptesicus_bobrinskoi,,unmatched,,,,,
Eptesicus_serotinus,Cnephaeus_serotinus,synonym:MSW3,Chiroptera,Vespertilionidae,Cnephaeus,LC,0.0
Eptesicus_nilssonii,Cnephaeus_nilssonii,synonym:MSW3,Chiroptera,Vespertilionidae,Cnephaeus,LC,0.0
Pipistrellus_westralis,Alionoctula_westralis,synonym:MSW3,Chiroptera,Vespertilionidae,Alionoctula,LC,0.0
Eptesicus_bottae,Cnephaeus_bottae,synonym:MSW3,Chiroptera,Vespertilionidae,Cnephaeus,LC,0.0
Pipistrellus_minahassae,Alionoctula_minahassae,synonym:MSW3,Chiroptera,Vespertilionidae,Alionoctula,DD,0.0
Eptesicus_pachyomus,,unmatched,,,,,
Pipistrellus_aero,Pipistrellus_aero,direct,Chiroptera,Vespertilionidae,Pipistrellus,DD,0.0
Lasionycteris_noctivagans,Lasionycteris_noctivagans,direct,Chiroptera,Vespertilionidae,Lasionycteris,LC,0.0
Ia_io,Ia_io,direct,Chiroptera,Vespertilionidae,Ia,NT,0.0
Eptesicus_pachyotis,Cnephaeus_pachyotis,synonym:MSW3,Chiroptera,Vespertilionidae,Cnephaeus,LC,0.0
Glauconycteris_curryae,Glauconycteris_curryae,direct,Chiroptera,Vespertilionidae,Glauconycteris,DD,0.0
Pipistrellus_adamsi,Alionoctula_adamsi,synonym:MSW3,Chiroptera,Vespertilionidae,Alionoctula,LC,0.0
Pipistrellus_joffrei,,unmatched,,,,,
Scotomanes_ornatus,Scotomanes_ornatus,direct,Chiroptera,Vespertilionidae,Scotomanes,LC,0.0
Hesperoptenus_tomesi,Hesperoptenus_tomesi,direct,Chiroptera,Vespertilionidae,Hesperoptenus,VU,0.0
Eptesicus_tatei,Cnephaeus_tatei,synonym:MSW3,Chiroptera,Vespertilionidae,Cnephaeus,DD,0.0
Pipistrellus_sturdeei,Alionoctula_sturdeei,synonym:MSW3,Chiroptera,Vespertilionidae,Alionoctula,EX,1.0
Eptesicus_innoxius,Neoeptesicus_innoxius,synonym:MSW3,Chiroptera,Vespertilionidae,Neoeptesicus,NT,0.0
Arielulus_circumdatus,Arielulus_circumdatus,direct,Chiroptera,Vespertilionidae,Arielulus,LC,0.0
Pipistrellus_wattsi,Alionoctula_wattsi,synonym:MSW3,Chiroptera,Vespertilionidae,Alionoctula,LC,0.0
Pipistrellus_raceyi,Pipistrellus_raceyi,direct,Chiroptera,Vespertilionidae,Pipistrellus,DD,0.0
Glauconycteris_egeria,Glauconycteris_egeria,direct,Chiroptera,Vespertilionidae,Glauconycteris,DD,0.0
Glauconycteris_argentata,Glauconycteris_argentata,direct,Chiroptera,Vespertilionidae,Glauconycteris,LC,0.0
Glauconycteris_variegata,Glauconycteris_variegata,direct,Chiroptera,Vespertilionidae,Glauconycteris,LC,0.0
Hesperoptenus_doriae,Hesperoptenus_doriae,direct,Chiroptera,Vespertilionidae,Hesperoptenus,DD,0.0
Arielulus_aureocollaris,Arielulus_aureocollaris,direct,Chiroptera,Vespertilionidae,Arielulus,LC,0.0
Kerivoula_cuprosa,Kerivoula_cuprosa,direct,Chiroptera,Vespertilionidae,Kerivoula,DD,0.0
Kerivoula_picta,Kerivoula_picta,direct,Chiroptera,Vespertilionidae,Kerivoula,NT,0.0
Kerivoula_myrella,Kerivoula_myrella,direct,Chiroptera,Vespertilionidae,Kerivoula,VU,0.0
Kerivoula_smithii,Kerivoula_smithii,direct,Chiroptera,Vespertilionidae,Kerivoula,LC,0.0
Kerivoula_lenis,Kerivoula_lenis,direct,Chiroptera,Vespertilionidae,Kerivoula,LC,0.0
Kerivoula_papillosa,Kerivoula_papillosa,direct,Chiroptera,Vespertilionidae,Kerivoula,LC,0.0
Kerivoula_hardwickii,Kerivoula_hardwickii,direct,Chiroptera,Vespertilionidae,Kerivoula,LC,0.0
Kerivoula_argentata,Kerivoula_argentata,direct,Chiroptera,Vespertilionidae,Kerivoula,LC,0.0
Kerivoula_lanosa,Kerivoula_lanosa,direct,Chiroptera,Vespertilionidae,Kerivoula,LC,0.0
Kerivoula_titania,Kerivoula_titania,direct,Chiroptera,Vespertilionidae,Kerivoula,LC,0.0
Kerivoula_kachinensis,Kerivoula_kachinensis,direct,Chiroptera,Vespertilionidae,Kerivoula,LC,0.0
Kerivoula_agnella,Kerivoula_agnella,direct,Chiroptera,Vespertilionidae,Kerivoula,EN,0.0
Kerivoula_muscina,Kerivoula_muscina,direct,Chiroptera,Vespertilionidae,Kerivoula,LC,0.0
Kerivoula_whiteheadi,Kerivoula_whiteheadi,direct,Chiroptera,Vespertilionidae,Kerivoula,LC,0.0
Kerivoula_krauensis,Kerivoula_krauensis,direct,Chiroptera,Vespertilionidae,Kerivoula,NT,0.0
Kerivoula_africana,Kerivoula_africana,direct,Chiroptera,Vespertilionidae,Kerivoula,EN,0.0
Kerivoula_minuta,Kerivoula_minuta,direct,Chiroptera,Vespertilionidae,Kerivoula,NT,0.0
Kerivoula_flora,Kerivoula_flora,direct,Chiroptera,Vespertilionidae,Kerivoula,VU,0.0
Kerivoula_intermedia,Kerivoula_intermedia,direct,Chiroptera,Vespertilionidae,Kerivoula,NT,0.0
Kerivoula_eriophora,Kerivoula_eriophora,direct,Chiroptera,Vespertilionidae,Kerivoula,DD,0.0
Kerivoula_pellucida,Kerivoula_pellucida,direct,Chiroptera,Vespertilionidae,Kerivoula,NT,0.0
Kerivoula_phalaena,Kerivoula_phalaena,direct,Chiroptera,Vespertilionidae,Kerivoula,LC,0.0
Harpiola_isodon,Harpiola_isodon,direct,Chiroptera,Vespertilionidae,Harpiola,LC,0.0
Harpiola_grisea,Harpiola_grisea,direct,Chiroptera,Vespertilionidae,Harpiola,DD,0.0
Murina_ryukyuana,Murina_ryukyuana,direct,Chiroptera,Vespertilionidae,Murina,EN,0.0
Murina_ussuriensis,Murina_ussuriensis,direct,Chiroptera,Vespertilionidae,Murina,LC,0.0
Murina_huttoni,Murina_huttonii,synonym:MSW3,Chiroptera,Vespertilionidae,Murina,LC,0.0
Murina_tiensa,Murina_harrisoni,synonym:nominalName,Chiroptera,Vespertilionidae,Murina,LC,0.0
Murina_harrisoni,Murina_harrisoni,direct,Chiroptera,Vespertilionidae,Murina,LC,0.0
Murina_chrysochaetes,Murina_chrysochaetes,direct,Chiroptera,Vespertilionidae,Murina,DD,0.0
Murina_harpioloides,Murina_harpioloides,direct,Chiroptera,Vespertilionidae,Murina,EN,0.0
Murina_cyclotis,Murina_cyclotis,direct,Chiroptera,Vespertilionidae,Murina,LC,0.0
Murina_fionae,Murina_fionae,direct,Chiroptera,Vespertilionidae,Murina,LC,0.0
Murina_peninsularis,Murina_peninsularis,direct,Chiroptera,Vespertilionidae,Murina,NE,0.0
Murina_fusca,Murina_fusca,direct,Chiroptera,Vespertilionidae,Murina,DD,0.0
Murina_loreliae,Murina_lorelieae,synonym:nominalName,Chiroptera,Vespertilionidae,Murina,DD,0.0
Murina_rozendaali,Murina_rozendaali,direct,Chiroptera,Vespertilionidae,Murina,VU,0.0
Murina_guilleni,Murina_guilleni,direct,Chiroptera,Vespertilionidae,Murina,NE,0.0
Murina_jaintiana,Murina_jaintiana,direct,Chiroptera,Vespertilionidae,Murina,DD,0.0
Murina_cineracea,Murina_feae,synonym:nominalName,Chiroptera,Vespertilionidae,Murina,LC,0.0
Murina_pluvialis,Murina_pluvialis,direct,Chiroptera,Vespertilionidae,Murina,DD,0.0
Murina_tubinaris,Murina_tubinaris,direct,Chiroptera,Vespertilionidae,Murina,DD,0.0
Murina_suilla,Murina_suilla,direct,Chiroptera,Vespertilionidae,Murina,LC,0.0
Murina_florium,Murina_florium,direct,Chiroptera,Vespertilionidae,Murina,LC,0.0
Murina_beelzebub,Murina_beelzebub,direct,Chiroptera,Vespertilionidae,Murina,DD,0.0
Murina_walstoni,Murina_walstoni,direct,Chiroptera,Vespertilionidae,Murina,DD,0.0
Murina_aenea,Murina_aenea,direct,Chiroptera,Vespertilionidae,Murina,VU,0.0
Murina_annamitica,Murina_annamitica,direct,Chiroptera,Vespertilionidae,Murina,LC,0.0
Murina_eleryi,Murina_eleryi,direct,Chiroptera,Vespertilionidae,Murina,LC,0.0
Murina_balaensis,Murina_balaensis,direct,Chiroptera,Vespertilionidae,Murina,CR,0.0
Murina_gracilis,Murina_gracilis,direct,Chiroptera,Vespertilionidae,Murina,LC,0.0
Murina_recondita,Murina_recondita,direct,Chiroptera,Vespertilionidae,Murina,LC,0.0
Murina_aurata,Murina_aurata,direct,Chiroptera,Vespertilionidae,Murina,DD,0.0
Murina_tenebrosa,Murina_tenebrosa,direct,Chiroptera,Vespertilionidae,Murina,CR,0.0
Murina_hilgendorfi,Murina_hilgendorfi,direct,Chiroptera,Vespertilionidae,Murina,LC,0.0
Murina_puta,Murina_puta,direct,Chiroptera,Vespertilionidae,Murina,LC,0.0
Murina_bicolor,Murina_bicolor,direct,Chiroptera,Vespertilionidae,Murina,LC,0.0
Murina_leucogaster,Murina_leucogaster,direct,Chiroptera,Vespertilionidae,Murina,LC,0.0
Murina_shuipuensis,Murina_shuipuensis,direct,Chiroptera,Vespertilionidae,Murina,DD,0.0
Scotozous_dormeri,Scotozous_dormeri,direct,Chiroptera,Vespertilionidae,Scotozous,LC,0.0
Harpiocephalus_mordax,Harpiocephalus_harpia,synonym:nominalName,Chiroptera,Vespertilionidae,Harpiocephalus,LC,0.0
Harpiocephalus_harpia,Harpiocephalus_harpia,direct,Chiroptera,Vespertilionidae,Harpiocephalus,LC,0.0
Myotis_aurascens,Myotis_davidii,synonym:nominalName,Chiroptera,Vespertilionidae,Myotis,LC,0.0
Myotis_nipalensis,Myotis_nipalensis,direct,Chiroptera,Vespertilionidae,Myotis,LC,0.0
Myotis_ikonnikovi,Myotis_ikonnikovi,direct,Chiroptera,Vespertilionidae,Myotis,LC,0.0
Myotis_findleyi,Myotis_findleyi,direct,Chiroptera,Vespertilionidae,Myotis,EN,0.0
Myotis_insularum,Myotis_insularum,direct,Chiroptera,Vespertilionidae,Myotis,DD,0.0
Myotis_altarium,Myotis_altarium,direct,Chiroptera,Vespertilionidae,Myotis,LC,0.0
Myotis_dasycneme,Myotis_dasycneme,direct,Chiroptera,Vespertilionidae,Myotis,NT,0.0
Myotis_muricola,Myotis_muricola,direct,Chiroptera,Vespertilionidae,Myotis,LC,0.0
Myotis_lavali,Myotis_lavali,direct,Chiroptera,Vespertilionidae,Myotis,LC,0.0
Myotis_rufopictus,Myotis_rufopictus,direct,Chiroptera,Vespertilionidae,Myotis,DD,0.0
Myotis_australis,Myotis_australis,direct,Chiroptera,Vespertilionidae,Myotis,DD,0.0
Myotis_pruinosus,Myotis_pruinosus,direct,Chiroptera,Vespertilionidae,Myotis,EN,0.0
Myotis_yanbarensis,Myotis_yanbarensis,direct,Chiroptera,Vespertilionidae,Myotis,CR,0.0
Myotis_izecksohni,Myotis_izecksohni,direct,Chiroptera,Vespertilionidae,Myotis,DD,0.0
Myotis_secundus,Myotis_secundus,direct,Chiroptera,Vespertilionidae,Myotis,LC,0.0
Myotis_montivagus,Myotis_montivagus,direct,Chiroptera,Vespertilionidae,Myotis,DD,0.0
Myotis_annectans,Myotis_annectans,direct,Chiroptera,Vespertilionidae,Myotis,LC,0.0
Myotis_gomantongensis,Myotis_gomantongensis,direct,Chiroptera,Vespertilionidae,Myotis,LC,0.0
Myotis_schaubi,Myotis_schaubi,direct,Chiroptera,Vespertilionidae,Myotis,DD,0.0
Myotis_escalerai,Myotis_escalerai,direct,Chiroptera,Vespertilionidae,Myotis,NT,0.0
Myotis_pequinius,Myotis_pequinius,direct,Chiroptera,Vespertilionidae,Myotis,LC,0.0
Myotis_bombinus,Myotis_bombinus,direct,Chiroptera,Vespertilionidae,Myotis,NT,0.0
Myotis_occultus,Myotis_occultus,direct,Chiroptera,Vespertilionidae,Myotis,LC,0.0
Myotis_chinensis,Myotis_chinensis,direct,Chiroptera,Vespertilionidae,Myotis,LC,0.0
Myotis_nattereri,Myotis_nattereri,direct,Chiroptera,Vespertilionidae,Myotis,LC,0.0
Myotis_ater,Myotis_ater,direct,Chiroptera,Vespertilionidae,Myotis,LC,0.0
Myotis_punicus,Myotis_punicus,direct,Chiroptera,Vespertilionidae,Myotis,DD,0.0
Myotis_hermani,Myotis_hermani,direct,Chiroptera,Vespertilionidae,Myotis,DD,0.0
Myotis_myotis,Myotis_myotis,direct,Chiroptera,Vespertilionidae,Myotis,LC,0.0
Myotis_blythii,Myotis_blythii,direct,Chiroptera,Vespertilionidae,Myotis,LC,0.0
Myotis_bechsteinii,Myotis_bechsteinii,direct,Chiroptera,Vespertilionidae,Myotis,NT,0.0
Myotis_frater,Myotis_frater,direct,Chiroptera,Vespertilionidae,Myotis,LC,0.0
Myotis_sicarius,Myotis_sicarius,direct,Chiroptera,Vespertilionidae,Myotis,VU,0.0
Myotis_hajastanicus,Myotis_davidii,synonym:nominalName,Chiroptera,Vespertilionidae,Myotis,LC,0.0
Myotis_handleyi,Myotis_handleyi,direct,Chiroptera,Vespertilionidae,Myotis,NE,0.0
Myotis_petax,Myotis_petax,direct,Chiroptera,Vespertilionidae,Myotis,LC,0.0
Myotis_macrodactylus,Myotis_macrodactylus,direct,Chiroptera,Vespertilionidae,Myotis,LC,0.0
Myotis_fimbriatus,Myotis_fimbriatus,direct,Chiroptera,Vespertilionidae,Myotis,LC,0.0
Myotis_pilosus,Myotis_pilosus,direct,Chiroptera,Vespertilionidae,Myotis,VU,0.0
Myotis_daubentonii,Myotis_daubentonii,direct,Chiroptera,Vespertilionidae,Myotis,LC,0.0
Myotis_hasseltii,Myotis_hasseltii,direct,Chiroptera,Vespertilionidae,Myotis,LC,0.0
Myotis_macrotarsus,Myotis_macrotarsus,direct,Chiroptera,Vespertilionidae,Myotis,LC,0.0
Myotis_csorbai,Myotis_longipes,synonym:nominalName,Chiroptera,Vespertilionidae,Myotis,DD,0.0
Myotis_horsfieldii,Myotis_horsfieldii,direct,Chiroptera,Vespertilionidae,Myotis,LC,0.0
Myotis_macropus,Myotis_macropus,direct,Chiroptera,Vespertilionidae,Myotis,LC,0.0
Myotis_adversus,Myotis_adversus,direct,Chiroptera,Vespertilionidae,Myotis,LC,0.0
Myotis_rosseti,Myotis_rosseti,direct,Chiroptera,Vespertilionidae,Myotis,LC,0.0
Myotis_ridleyi,Myotis_ridleyi,direct,Chiroptera,Vespertilionidae,Myotis,NT,0.0
Myotis_capaccinii,Myotis_capaccinii,direct,Chiroptera,Vespertilionidae,Myotis,VU,0.0
Myotis_longipes,Myotis_longipes,direct,Chiroptera,Vespertilionidae,Myotis,DD,0.0
Myotis_annamiticus,Myotis_laniger,synonym:nominalName,Chiroptera,Vespertilionidae,Myotis,LC,0.0
Myotis_laniger,Myotis_laniger,direct,Chiroptera,Vespertilionidae,Myotis,LC,0.0
Myotis_dieteri,Myotis_dieteri,direct,Chiroptera,Vespertilionidae,Myotis,DD,0.0
Myotis_phanluongi,Myotis_phanluongi,direct,Chiroptera,Vespertilionidae,Myotis,NE,0.0
Myotis_siligorensis,Myotis_siligorensis,direct,Chiroptera,Vespertilionidae,Myotis,LC,0.0
Myotis_davidii,Myotis_davidii,direct,Chiroptera,Vespertilionidae,Myotis,LC,0.0
Myotis_anjouanensis,Myotis_anjouanensis,direct,Chiroptera,Vespertilionidae,Myotis,DD,0.0
Myotis_morrisi,Myotis_morrisi,direct,Chiroptera,Vespertilionidae,Myotis,DD,0.0
Myotis_goudoti,Myotis_goudotii,synonym:MSW3,Chiroptera,Vespertilionidae,Myotis,LC,0.0
Myotis_flavus,Myotis_formosus,synonym:nominalName,Chiroptera,Vespertilionidae,Myotis,NT,0.0
Myotis_emarginatus,Myotis_emarginatus,direct,Chiroptera,Vespertilionidae,Myotis,LC,0.0
Myotis_tricolor,Myotis_tricolor,direct,Chiroptera,Vespertilionidae,Myotis,LC,0.0
Myotis_peninsularis,Myotis_velifer,synonym:nominalName,Chiroptera,Vespertilionidae,Myotis,LC,0.0
Myotis_scotti,Myotis_scotti,direct,Chiroptera,Vespertilionidae,Myotis,VU,0.0
Myotis_bocagii,Myotis_bocagii,direct,Chiroptera,Vespertilionidae,Myotis,LC,0.0
Myotis_formosus,Myotis_formosus,direct,Chiroptera,Vespertilionidae,Myotis,NT,0.0
Myotis_aelleni,Myotis_chiloensis,synonym:nominalName,Chiroptera,Vespertilionidae,Myotis,LC,0.0
Myotis_welwitschii,Myotis_welwitschii,direct,Chiroptera,Vespertilionidae,Myotis,LC,0.0
Myotis_mystacinus,Myotis_mystacinus,direct,Chiroptera,Vespertilionidae,Myotis,LC,0.0
Myotis_alcathoe,Myotis_alcathoe,direct,Chiroptera,Vespertilionidae,Myotis,DD,0.0
Myotis_simus,Myotis_simus,direct,Chiroptera,Vespertilionidae,Myotis,DD,0.0
Myotis_elegans,Myotis_elegans,direct,Chiroptera,Vespertilionidae,Myotis,LC,0.0
Myotis_riparius,Myotis_riparius,direct,Chiroptera,Vespertilionidae,Myotis,LC,0.0
Myotis_ruber,Myotis_ruber,direct,Chiroptera,Vespertilionidae,Myotis,NT,0.0
Myotis_midastactus,Myotis_midastactus,direct,Chiroptera,Vespertilionidae,Myotis,NE,0.0
Myotis_keaysi,Myotis_keaysi,direct,Chiroptera,Vespertilionidae,Myotis,LC,0.0
Myotis_vivesi,Myotis_vivesi,direct,Chiroptera,Vespertilionidae,Myotis,VU,0.0
Myotis_nesopolus,Myotis_nesopolus,direct,Chiroptera,Vespertilionidae,Myotis,LC,0.0
Myotis_martiniquensis,Myotis_martiniquensis,direct,Chiroptera,Vespertilionidae,Myotis,NT,0.0
Myotis_dominicensis,Myotis_dominicensis,direct,Chiroptera,Vespertilionidae,Myotis,VU,0.0
Myotis_atacamensis,Myotis_atacamensis,direct,Chiroptera,Vespertilionidae,Myotis,EN,0.0
Myotis_grisescens,Myotis_grisescens,direct,Chiroptera,Vespertilionidae,Myotis,VU,0.0
Myotis_austroriparius,Myotis_austroriparius,direct,Chiroptera,Vespertilionidae,Myotis,LC,0.0
Myotis_yumanensis,Myotis_yumanensis,direct,Chiroptera,Vespertilionidae,Myotis,LC,0.0
Myotis_velifer,Myotis_velifer,direct,Chiroptera,Vespertilionidae,Myotis,LC,0.0
Myotis_fortidens,Myotis_fortidens,direct,Chiroptera,Vespertilionidae,Myotis,LC,0.0
Myotis_albescens,Myotis_albescens,direct,Chiroptera,Vespertilionidae,Myotis,LC,0.0
Myotis_planiceps,Myotis_planiceps,direct,Chiroptera,Vespertilionidae,Myotis,EN,0.0
Myotis_chiloensis,Myotis_chiloensis,direct,Chiroptera,Vespertilionidae,Myotis,LC,0.0
Myotis_moluccarum,Myotis_moluccarum,direct,Chiroptera,Vespertilionidae,Myotis,LC,0.0
Myotis_nigricans,Myotis_nigricans,direct,Chiroptera,Vespertilionidae,Myotis,LC,0.0
Myotis_oxyotus,Myotis_oxyotus,direct,Chiroptera,Vespertilionidae,Myotis,LC,0.0
Myotis_soror,Myotis_soror,direct,Chiroptera,Vespertilionidae,Myotis,DD,0.0
Myotis_levis,Myotis_levis,direct,Chiroptera,Vespertilionidae,Myotis,LC,0.0
Myotis_brandtii,Myotis_brandtii,direct,Chiroptera,Vespertilionidae,Myotis,LC,0.0
Myotis_sodalis,Myotis_sodalis,direct,Chiroptera,Vespertilionidae,Myotis,NT,0.0
Myotis_oreias,,unmatched,,,,,
Myotis_volans,Myotis_volans,direct,Chiroptera,Vespertilionidae,Myotis,LC,0.0
Myotis_auriculus,Myotis_auriculus,direct,Chiroptera,Vespertilionidae,Myotis,LC,0.0
Myotis_septentrionalis,Myotis_septentrionalis,direct,Chiroptera,Vespertilionidae,Myotis,NT,0.0
Myotis_cobanensis,Myotis_cobanensis,direct,Chiroptera,Vespertilionidae,Myotis,DD,0.0
Myotis_diminutus,Myotis_diminutus,direct,Chiroptera,Vespertilionidae,Myotis,DD,0.0
Myotis_ciliolabrum,Myotis_ciliolabrum,direct,Chiroptera,Vespertilionidae,Myotis,LC,0.0
Myotis_stalkeri,Myotis_stalkeri,direct,Chiroptera,Vespertilionidae,Myotis,LC,0.0
Myotis_melanorhinus,Myotis_ciliolabrum,synonym:nominalName,Chiroptera,Vespertilionidae,Myotis,LC,0.0
Myotis_leibii,Myotis_leibii,direct,Chiroptera,Vespertilionidae,Myotis,EN,0.0
Myotis_californicus,Myotis_californicus,direct,Chiroptera,Vespertilionidae,Myotis,LC,0.0
Myotis_bucharensis,Myotis_bucharensis,direct,Chiroptera,Vespertilionidae,Myotis,DD,0.0
Myotis_lucifugus,Myotis_lucifugus,direct,Chiroptera,Vespertilionidae,Myotis,EN,0.0
Myotis_dinellii,Myotis_levis,synonym:nominalName,Chiroptera,Vespertilionidae,Myotis,LC,0.0
Myotis_keenii,Myotis_keenii,direct,Chiroptera,Vespertilionidae,Myotis,LC,0.0
Myotis_evotis,Myotis_evotis,direct,Chiroptera,Vespertilionidae,Myotis,LC,0.0
Myotis_badius,Myotis_badius,direct,Chiroptera,Vespertilionidae,Myotis,DD,0.0
Myotis_thysanodes,Myotis_thysanodes,direct,Chiroptera,Vespertilionidae,Myotis,LC,0.0
Scotorepens_orion,Scotorepens_orion,direct,Chiroptera,Vespertilionidae,Scotorepens,LC,0.0
Scotorepens_greyii,Scotorepens_greyii,direct,Chiroptera,Vespertilionidae,Scotorepens,LC,0.0
Scotorepens_sanborni,Scotorepens_sanborni,direct,Chiroptera,Vespertilionidae,Scotorepens,LC,0.0
Scotorepens_balstoni,Scotorepens_balstoni,direct,Chiroptera,Vespertilionidae,Scotorepens,LC,0.0
Pharotis_imogene,Pharotis_imogene,direct,Chiroptera,Vespertilionidae,Pharotis,CR,0.0
Submyotodon_latirostris,Submyotodon_latirostris,direct,Chiroptera,Vespertilionidae,Submyotodon,LC,0.0
Smutsia_temminckii,Smutsia_temminckii,direct,Pholidota,Manidae,Smutsia,VU,0.0
Smutsia_gigantea,Smutsia_gigantea,direct,Pholidota,Manidae,Smutsia,EN,0.0
Phataginus_tricuspis,Phataginus_tricuspis,direct,Pholidota,Manidae,Phataginus,EN,0.0
Phataginus_tetradactyla,,unmatched,,,,,
Manis_crassicaudata,Manis_crassicaudata,direct,Pholidota,Manidae,Manis,EN,0.0
Manis_culionensis,Manis_culionensis,direct,Pholidota,Manidae,Manis,CR,0.0
Manis_pentadactyla,Manis_pentadactyla,direct,Pholidota,Manidae,Manis,CR,0.0
Manis_javanica,Manis_javanica,direct,Pholidota,Manidae,Manis,CR,0.0
Vulpes_bengalensis,Vulpes_bengalensis,direct,Carnivora,Canidae,Vulpes,LC,0.0
Vulpes_pallida,Vulpes_pallida,direct,Carnivora,Canidae,Vulpes,LC,0.0
Vulpes_velox,Vulpes_velox,direct,Carnivora,Canidae,Vulpes,LC,0.0
Vulpes_lagopus,Vulpes_lagopus,direct,Carnivora,Canidae,Vulpes,LC,0.0
Vulpes_corsac,Vulpes_corsac,direct,Carnivora,Canidae,Vulpes,LC,0.0
Vulpes_ferrilata,Vulpes_ferrilata,direct,Carnivora,Canidae,Vulpes,LC,0.0
Vulpes_vulpes,Vulpes_vulpes,direct,Carnivora,Canidae,Vulpes,LC,0.0
Vulpes_rueppellii,Vulpes_rueppellii,direct,Carnivora,Canidae,Vulpes,LC,0.0
Vulpes_cana,Vulpes_cana,direct,Carnivora,Canidae,Vulpes,LC,0.0
Vulpes_zerda,Vulpes_zerda,direct,Carnivora,Canidae,Vulpes,LC,0.0
Vulpes_chama,Vulpes_chama,direct,Carnivora,Canidae,Vulpes,LC,0.0
Vulpes_macrotis,Vulpes_macrotis,direct,Carnivora,Canidae,Vulpes,LC,0.0
Urocyon_littoralis,Urocyon_littoralis,direct,Carnivora,Canidae,Urocyon,NT,0.0
Urocyon_cinereoargenteus,Urocyon_cinereoargenteus,direct,Carnivora,Canidae,Urocyon,LC,0.0
Otocyon_megalotis,Otocyon_megalotis,direct,Carnivora,Canidae,Otocyon,LC,0.0
Nyctereutes_procyonoides,Nyctereutes_procyonoides,direct,Carnivora,Canidae,Nyctereutes,LC,0.0
Lycaon_pictus,Lycaon_pictus,direct,Carnivora,Canidae,Lycaon,EN,0.0
Dusicyon_avus,Dusicyon_australis,synonym:nominalName,Carnivora,Canidae,Dusicyon,EX,1.0
Dusicyon_australis,Dusicyon_australis,direct,Carnivora,Canidae,Dusicyon,EX,1.0
Chrysocyon_brachyurus,Chrysocyon_brachyurus,direct,Carnivora,Canidae,Chrysocyon,NT,0.0
Canis_mesomelas,Lupulella_mesomelas,synonym:MSW3,Carnivora,Canidae,Lupulella,LC,0.0
Canis_simensis,Canis_simensis,direct,Carnivora,Canidae,Canis,EN,0.0
Canis_latrans,Canis_latrans,direct,Carnivora,Canidae,Canis,LC,0.0
Canis_aureus,Canis_aureus,direct,Carnivora,Canidae,Canis,LC,0.0
Canis_lupus,Canis_lupus,direct,Carnivora,Canidae,Canis,LC,0.0
Canis_anthus,,unmatched,,,,,
Cuon_alpinus,Cuon_alpinus,direct,Carnivora,Canidae,Cuon,EN,0.0
Canis_rufus,Canis_rufus,direct,Carnivora,Canidae,Canis,CR,0.0
Canis_adustus,Lupulella_adusta,synonym:MSW3,Carnivora,Canidae,Lupulella,LC,0.0
Pseudalopex_sechurae,,unmatched,,,,,
Pseudalopex_vetulus,,unmatched,,,,,
Pseudalopex_fulvipes,,unmatched,,,,,
Pseudalopex_gymnocercus,,unmatched,,,,,
Pseudalopex_griseus,,unmatched,,,,,
Pseudalopex_culpaeus,,unmatched,,,,,
Speothos_venaticus,Speothos_venaticus,direct,Carnivora,Canidae,Speothos,NT,0.0
Cerdocyon_thous,Cerdocyon_thous,direct,Carnivora,Canidae,Cerdocyon,LC,0.0
Atelocynus_microtis,Atelocynus_microtis,direct,Carnivora,Canidae,Atelocynus,NT,0.0
Neomonachus_tropicalis,Neomonachus_tropicalis,direct,Carnivora,Phocidae,Neomonachus,EX,1.0
Neomonachus_schauinslandi,Neomonachus_schauinslandi,direct,Carnivora,Phocidae,Neomonachus,VU,0.0
Monachus_monachus,Monachus_monachus,direct,Carnivora,Phocidae,Monachus,VU,0.0
Mirounga_leonina,Mirounga_leonina,direct,Carnivora,Phocidae,Mirounga,LC,0.0
Mirounga_angustirostris,Mirounga_angustirostris,direct,Carnivora,Phocidae,Mirounga,LC,0.0
Lobodon_carcinophaga,Lobodon_carcinophaga,direct,Carnivora,Phocidae,Lobodon,LC,0.0
Leptonychotes_weddellii,Leptonychotes_weddellii,direct,Carnivora,Phocidae,Leptonychotes,LC,0.0
Ommatophoca_rossii,Ommatophoca_rossii,direct,Carnivora,Phocidae,Ommatophoca,LC,0.0
Hydrurga_leptonyx,Hydrurga_leptonyx,direct,Carnivora,Phocidae,Hydrurga,LC,0.0
Erignathus_barbatus,Erignathus_barbatus,direct,Carnivora,Phocidae,Erignathus,NT,0.0
Pagophilus_groenlandicus,Pagophilus_groenlandicus,direct,Carnivora,Phocidae,Pagophilus,NT,0.0
Histriophoca_fasciata,Histriophoca_fasciata,direct,Carnivora,Phocidae,Histriophoca,LC,0.0
Phoca_vitulina,Phoca_vitulina,direct,Carnivora,Phocidae,Phoca,LC,0.0
Phoca_largha,Phoca_largha,direct,Carnivora,Phocidae,Phoca,LC,0.0
Pusa_sibirica,Pusa_sibirica,direct,Carnivora,Phocidae,Pusa,LC,0.0
Pusa_hispida,Pusa_hispida,direct,Carnivora,Phocidae,Pusa,LC,0.0
Pusa_caspica,Pusa_caspica,direct,Carnivora,Phocidae,Pusa,EN,0.0
Halichoerus_grypus,Halichoerus_grypus,direct,Carnivora,Phocidae,Halichoerus,LC,0.0
Cystophora_cristata,Cystophora_cristata,direct,Carnivora,Phocidae,Cystophora,EN,0.0
Odobenus_rosmarus,Odobenus_rosmarus,direct,Carnivora,Odobenidae,Odobenus,VU,0.0
Callorhinus_ursinus,Callorhinus_ursinus,direct,Carnivora,Otariidae,Callorhinus,VU,0.0
Zalophus_wollebaeki,Zalophus_wollebaeki,direct,Carnivora,Otariidae,Zalophus,EN,0.0
Zalophus_californianus,Zalophus_californianus,direct,Carnivora,Otariidae,Zalophus,LC,0.0
Zalophus_japonicus,Zalophus_japonicus,direct,Carnivora,Otariidae,Zalophus,EX,1.0
Eumetopias_jubatus,Eumetopias_jubatus,direct,Carnivora,Otariidae,Eumetopias,NT,0.0
Arctocephalus_pusillus,Arctocephalus_pusillus,direct,Carnivora,Otariidae,Arctocephalus,LC,0.0
Phocarctos_hookeri,Phocarctos_hookeri,direct,Carnivora,Otariidae,Phocarctos,EN,0.0
Neophoca_cinerea,Neophoca_cinerea,direct,Carnivora,Otariidae,Neophoca,EN,0.0
Otaria_bryonia,,unmatched,,,,,
Arctocephalus_townsendi,Arctocephalus_townsendi,direct,Carnivora,Otariidae,Arctocephalus,LC,0.0
Arctocephalus_philippii,Arctocephalus_philippii,direct,Carnivora,Otariidae,Arctocephalus,LC,0.0
Arctocephalus_tropicalis,Arctocephalus_tropicalis,direct,Carnivora,Otariidae,Arctocephalus,LC,0.0
Arctocephalus_gazella,Arctocephalus_gazella,direct,Carnivora,Otariidae,Arctocephalus,LC,0.0
Arctocephalus_forsteri,Arctocephalus_forsteri,direct,Carnivora,Otariidae,Arctocephalus,LC,0.0
Arctocephalus_galapagoensis,Arctocephalus_galapagoensis,direct,Carnivora,Otariidae,Arctocephalus,EN,0.0
Arctocephalus_australis,Arctocephalus_australis,direct,Carnivora,Otariidae,Arctocephalus,LC,0.0
Mydaus_marchei,Mydaus_marchei,direct,Carnivora,Mephitidae,Mydaus,LC,0.0
Mydaus_javanensis,Mydaus_javanensis,direct,Carnivora,Mephitidae,Mydaus,LC,0.0
Spilogale_gracilis,Spilogale_gracilis,direct,Carnivora,Mephitidae,Spilogale,LC,0.0
Spilogale_pygmaea,Spilogale_pygmaea,direct,Carnivora,Mephitidae,Spilogale,VU,0.0
Spilogale_angustifrons,Spilogale_angustifrons,direct,Carnivora,Mephitidae,Spilogale,LC,0.0
Spilogale_putorius,Spilogale_putorius,direct,Carnivora,Mephitidae,Spilogale,VU,0.0
Mephitis_mephitis,Mephitis_mephitis,direct,Carnivora,Mephitidae,Mephitis,LC,0.0
Mephitis_macroura,Mephitis_macroura,direct,Carnivora,Mephitidae,Mephitis,LC,0.0
Conepatus_humboldtii,Conepatus_chinga,synonym:nominalName,Carnivora,Mephitidae,Conepatus,LC,0.0
Conepatus_leuconotus,Conepatus_leuconotus,direct,Carnivora,Mephitidae,Conepatus,LC,0.0
Conepatus_semistriatus,Conepatus_semistriatus,direct,Carnivora,Mephitidae,Conepatus,LC,0.0
Conepatus_chinga,Conepatus_chinga,direct,Carnivora,Mephitidae,Conepatus,LC,0.0
Potos_flavus,Potos_flavus,direct,Carnivora,Procyonidae,Potos,LC,0.0
Procyon_cancrivorus,Procyon_cancrivorus,direct,Carnivora,Procyonidae,Procyon,LC,0.0
Procyon_lotor,Procyon_lotor,direct,Carnivora,Procyonidae,Procyon,LC,0.0
Procyon_pygmaeus,Procyon_pygmaeus,direct,Carnivora,Procyonidae,Procyon,CR,0.0
Bassariscus_sumichrasti,Bassariscus_sumichrasti,direct,Carnivora,Procyonidae,Bassariscus,LC,0.0
Bassariscus_astutus,Bassariscus_astutus,direct,Carnivora,Procyonidae,Bassariscus,LC,0.0
Nasua_nasua,Nasua_nasua,direct,Carnivora,Procyonidae,Nasua,LC,0.0
Nasuella_olivacea,Nasua_olivacea,synonym:MSW3,Carnivora,Procyonidae,Nasua,NT,0.0
Nasuella_meridensis,,unmatched,,,,,
Nasua_narica,Nasua_narica,direct,Carnivora,Procyonidae,Nasua,LC,0.0
Bassaricyon_neblina,Bassaricyon_neblina,direct,Carnivora,Procyonidae,Bassaricyon,NT,0.0
Bassaricyon_medius,Bassaricyon_medius,direct,Carnivora,Procyonidae,Bassaricyon,LC,0.0
Bassaricyon_gabbii,Bassaricyon_gabbii,direct,Carnivora,Procyonidae,Bassaricyon,LC,0.0
Bassaricyon_alleni,Bassaricyon_alleni,direct,Carnivora,Procyonidae,Bassaricyon,LC,0.0
Taxidea_taxus,Taxidea_taxus,direct,Carnivora,Mustelidae,Taxidea,LC,0.0
Meles_meles,Meles_meles,direct,Carnivora,Mustelidae,Meles,LC,0.0
Meles_leucurus,Meles_leucurus,direct,Carnivora,Mustelidae,Meles,LC,0.0
Meles_anakuma,Meles_anakuma,direct,Carnivora,Mustelidae,Meles,LC,0.0
Arctonyx_collaris,Arctonyx_collaris,direct,Carnivora,Mustelidae,Arctonyx,VU,0.0
Mellivora_capensis,Mellivora_capensis,direct,Carnivora,Mustelidae,Mellivora,LC,0.0
Martes_pennanti,Pekania_pennanti,synonym:MSW3,Carnivora,Mustelidae,Pekania,LC,0.0
Gulo_gulo,Gulo_gulo,direct,Carnivora,Mustelidae,Gulo,LC,0.0
Martes_gwatkinsii,Martes_gwatkinsii,direct,Carnivora,Mustelidae,Martes,VU,0.0
Martes_flavigula,Martes_flavigula,direct,Carnivora,Mustelidae,Martes,LC,0.0
Martes_americana,Martes_americana,direct,Carnivora,Mustelidae,Martes,LC,0.0
Martes_zibellina,Martes_zibellina,direct,Carnivora,Mustelidae,Martes,LC,0.0
Martes_martes,Martes_martes,direct,Carnivora,Mustelidae,Martes,LC,0.0
Martes_melampus,Martes_melampus,direct,Carnivora,Mustelidae,Martes,LC,0.0
Martes_foina,Martes_foina,direct,Carnivora,Mustelidae,Martes,LC,0.0
Eira_barbara,Eira_barbara,direct,Carnivora,Mustelidae,Eira,LC,0.0
Melogale_cucphuongensis,Melogale_cucphuongensis,direct,Carnivora,Mustelidae,Melogale,DD,0.0
Melogale_moschata,Melogale_moschata,direct,Carnivora,Mustelidae,Melogale,LC,0.0
Melogale_personata,Melogale_personata,direct,Carnivora,Mustelidae,Melogale,LC,0.0
Melogale_everetti,Melogale_everetti,direct,Carnivora,Mustelidae,Melogale,EN,0.0
Melogale_orientalis,Melogale_orientalis,direct,Carnivora,Mustelidae,Melogale,LC,0.0
Mustela_strigidorsa,Mustela_strigidorsa,direct,Carnivora,Mustelidae,Mustela,LC,0.0
Mustela_subpalmata,Mustela_nivalis,synonym:nominalName,Carnivora,Mustelidae,Mustela,LC,0.0
Mustela_nudipes,Mustela_nudipes,direct,Carnivora,Mustelidae,Mustela,LC,0.0
Mustela_kathiah,Mustela_kathiah,direct,Carnivora,Mustelidae,Mustela,LC,0.0
Mustela_erminea,Mustela_erminea,direct,Carnivora,Mustelidae,Mustela,LC,0.0
Mustela_itatsi,Mustela_itatsi,direct,Carnivora,Mustelidae,Mustela,NT,0.0
Mustela_nigripes,Mustela_nigripes,direct,Carnivora,Mustelidae,Mustela,EN,0.0
Mustela_eversmanii,Mustela_eversmanii,direct,Carnivora,Mustelidae,Mustela,LC,0.0
Mustela_putorius,Mustela_putorius,direct,Carnivora,Mustelidae,Mustela,LC,0.0
Mustela_lutreola,Mustela_lutreola,direct,Carnivora,Mustelidae,Mustela,CR,0.0
Mustela_sibirica,Mustela_sibirica,direct,Carnivora,Mustelidae,Mustela,LC,0.0
Mustela_lutreolina,Mustela_lutreolina,direct,Carnivora,Mustelidae,Mustela,LC,0.0
Mustela_altaica,Mustela_altaica,direct,Carnivora,Mustelidae,Mustela,NT,0.0
Mustela_nivalis,Mustela_nivalis,direct,Carnivora,Mustelidae,Mustela,LC,0.0
Neovison_vison,Neogale_vison,synonym:MSW3,Carnivora,Mustelidae,Neogale,LC,0.0
Neovison_macrodon,Neogale_macrodon,synonym:MSW3,Carnivora,Mustelidae,Neogale,EX,1.0
Mustela_felipei,Neogale_felipei,synonym:MSW3,Carnivora,Mustelidae,Neogale,VU,0.0
Mustela_africana,Neogale_africana,synonym:MSW3,Carnivora,Mustelidae,Neogale,LC,0.0
Mustela_frenata,Neogale_frenata,synonym:MSW3,Carnivora,Mustelidae,Neogale,LC,0.0
Vormela_peregusna,Vormela_peregusna,direct,Carnivora,Mustelidae,Vormela,VU,0.0
Poecilogale_albinucha,Poecilogale_albinucha,direct,Carnivora,Mustelidae,Poecilogale,LC,0.0
Ictonyx_striatus,Ictonyx_striatus,direct,Carnivora,Mustelidae,Ictonyx,LC,0.0
Ictonyx_libyca,Poecilictis_libyca,synonym:MSW3,Carnivora,Mustelidae,Poecilictis,LC,0.0
Galictis_vittata,Galictis_vittata,direct,Carnivora,Mustelidae,Galictis,LC,0.0
Lyncodon_patagonicus,Lyncodon_patagonicus,direct,Carnivora,Mustelidae,Lyncodon,LC,0.0
Galictis_cuja,Galictis_cuja,direct,Carnivora,Mustelidae,Galictis,LC,0.0
Pteronura_brasiliensis,Pteronura_brasiliensis,direct,Carnivora,Mustelidae,Pteronura,EN,0.0
Lontra_longicaudis,Lontra_longicaudis,direct,Carnivora,Mustelidae,Lontra,NT,0.0
Lontra_provocax,Lontra_provocax,direct,Carnivora,Mustelidae,Lontra,EN,0.0
Lontra_felina,Lontra_felina,direct,Carnivora,Mustelidae,Lontra,EN,0.0
Lontra_canadensis,Lontra_canadensis,direct,Carnivora,Mustelidae,Lontra,LC,0.0
Enhydra_lutris,Enhydra_lutris,direct,Carnivora,Mustelidae,Enhydra,EN,0.0
Lutra_maculicollis,,unmatched,,,,,
Lutra_sumatrana,Lutra_sumatrana,direct,Carnivora,Mustelidae,Lutra,EN,0.0
Lutra_lutra,Lutra_lutra,direct,Carnivora,Mustelidae,Lutra,NT,0.0
Lutrogale_perspicillata,Lutra_perspicillata,synonym:MSW3,Carnivora,Mustelidae,Lutra,VU,0.0
Aonyx_cinerea,Lutra_cinerea,synonym:MSW3,Carnivora,Mustelidae,Lutra,VU,0.0
Aonyx_congicus,,unmatched,,,,,
Aonyx_capensis,Lutra_capensis,synonym:MSW3,Carnivora,Mustelidae,Lutra,NT,0.0
Ailurus_fulgens,Ailurus_fulgens,direct,Carnivora,Ailuridae,Ailurus,EN,0.0
Ursus_spelaeus,,unmatched,,,,,
Ursus_deningeri,,unmatched,,,,,
Ursus_maritimus,Ursus_maritimus,direct,Carnivora,Ursidae,Ursus,VU,0.0
Ursus_arctos,Ursus_arctos,direct,Carnivora,Ursidae,Ursus,LC,0.0
Melursus_ursinus,Melursus_ursinus,direct,Carnivora,Ursidae,Melursus,VU,0.0
Ursus_thibetanus,Ursus_thibetanus,direct,Carnivora,Ursidae,Ursus,VU,0.0
Ursus_americanus,Ursus_americanus,direct,Carnivora,Ursidae,Ursus,LC,0.0
Helarctos_malayanus,Helarctos_malayanus,direct,Carnivora,Ursidae,Helarctos,VU,0.0
Tremarctos_ornatus,Tremarctos_ornatus,direct,Carnivora,Ursidae,Tremarctos,VU,0.0
Arctodus_simus,,unmatched,,,,,
Ailuropoda_melanoleuca,Ailuropoda_melanoleuca,direct,Carnivora,Ursidae,Ailuropoda,VU,0.0
Nandinia_binotata,Nandinia_binotata,direct,Carnivora,Nandiniidae,Nandinia,LC,0.0
Hyaena_hyaena,Hyaena_hyaena,direct,Carnivora,Hyaenidae,Hyaena,NT,0.0
Hyaena_brunnea,Parahyaena_brunnea,synonym:MSW3,Carnivora,Hyaenidae,Parahyaena,NT,0.0
Proteles_cristata,Proteles_cristatus,synonym:MSW3,Carnivora,Hyaenidae,Proteles,LC,0.0
Crocuta_crocuta,Crocuta_crocuta,direct,Carnivora,Hyaenidae,Crocuta,LC,0.0
Fossa_fossana,Fossa_fossana,direct,Carnivora,Eupleridae,Fossa,VU,0.0
Eupleres_goudotii,Eupleres_goudotii,direct,Carnivora,Eupleridae,Eupleres,VU,0.0
Salanoia_durrelli,Salanoia_concolor,synonym:nominalName,Carnivora,Eupleridae,Salanoia,VU,0.0
Salanoia_concolor,Salanoia_concolor,direct,Carnivora,Eupleridae,Salanoia,VU,0.0
Mungotictis_decemlineata,Mungotictis_decemlineata,direct,Carnivora,Eupleridae,Mungotictis,EN,0.0
Galidictis_grandidieri,Galidictis_fasciata,synonym:nominalName,Carnivora,Eupleridae,Galidictis,VU,0.0
Galidictis_fasciata,Galidictis_fasciata,direct,Carnivora,Eupleridae,Galidictis,VU,0.0
Galidia_elegans,Galidia_elegans,direct,Carnivora,Eupleridae,Galidia,LC,0.0
Cryptoprocta_spelea,Cryptoprocta_spelea,direct,Carnivora,Eupleridae,Cryptoprocta,EX,1.0
Cryptoprocta_ferox,Cryptoprocta_ferox,direct,Carnivora,Eupleridae,Cryptoprocta,VU,0.0
Crossarchus_obscurus,Crossarchus_obscurus,direct,Carnivora,Herpestidae,Crossarchus,LC,0.0
Crossarchus_platycephalus,Crossarchus_platycephalus,direct,Carnivora,Herpestidae,Crossarchus,LC,0.0
Crossarchus_ansorgei,Crossarchus_ansorgei,direct,Carnivora,Herpestidae,Crossarchus,LC,0.0
Crossarchus_alexandri,Crossarchus_alexandri,direct,Carnivora,Herpestidae,Crossarchus,LC,0.0
Helogale_parvula,Helogale_parvula,direct,Carnivora,Herpestidae,Helogale,LC,0.0
Helogale_hirtula,Helogale_hirtula,direct,Carnivora,Herpestidae,Helogale,LC,0.0
Liberiictis_kuhni,Liberiictis_kuhni,direct,Carnivora,Herpestidae,Liberiictis,VU,0.0
Mungos_mungo,Mungos_mungo,direct,Carnivora,Herpestidae,Mungos,LC,0.0
Mungos_gambianus,Mungos_gambianus,direct,Carnivora,Herpestidae,Mungos,LC,0.0
Dologale_dybowskii,Dologale_dybowskii,direct,Carnivora,Herpestidae,Dologale,DD,0.0
Suricata_suricatta,Suricata_suricatta,direct,Carnivora,Herpestidae,Suricata,LC,0.0
Ichneumia_albicauda,Ichneumia_albicauda,direct,Carnivora,Herpestidae,Ichneumia,LC,0.0
Rhynchogale_melleri,Rhynchogale_melleri,direct,Carnivora,Herpestidae,Rhynchogale,LC,0.0
Herpestes_ochraceus,Herpestes_ochraceus,direct,Carnivora,Herpestidae,Herpestes,LC,0.0
Cynictis_penicillata,Cynictis_penicillata,direct,Carnivora,Herpestidae,Cynictis,LC,0.0
Paracynictis_selousi,Paracynictis_selousi,direct,Carnivora,Herpestidae,Paracynictis,LC,0.0
Bdeogale_crassicauda,Bdeogale_crassicauda,direct,Carnivora,Herpestidae,Bdeogale,LC,0.0
Bdeogale_jacksoni,Bdeogale_jacksoni,direct,Carnivora,Herpestidae,Bdeogale,NT,0.0
Bdeogale_nigripes,Bdeogale_nigripes,direct,Carnivora,Herpestidae,Bdeogale,LC,0.0
Bdeogale_omnivora,Bdeogale_omnivora,direct,Carnivora,Herpestidae,Bdeogale,VU,0.0
Herpestes_smithii,Urva_smithii,synonym:MSW3,Carnivora,Herpestidae,Urva,LC,0.0
Herpestes_ichneumon,Herpestes_ichneumon,direct,Carnivora,Herpestidae,Herpestes,LC,0.0
Herpestes_sanguineus,Herpestes_sanguineus,direct,Carnivora,Herpestidae,Herpestes,LC,0.0
Herpestes_flavescens,Herpestes_flavescens,direct,Carnivora,Herpestidae,Herpestes,LC,0.0
Herpestes_pulverulentus,Herpestes_pulverulentus,direct,Carnivora,Herpestidae,Herpestes,LC,0.0
Herpestes_naso,Xenogale_naso,synonym:MSW3,Carnivora,Herpestidae,Xenogale,LC,0.0
Atilax_paludinosus,Atilax_paludinosus,direct,Carnivora,Herpestidae,Atilax,LC,0.0
Herpestes_semitorquatus,Urva_semitorquata,synonym:MSW3,Carnivora,Herpestidae,Urva,NT,0.0
Herpestes_urva,Urva_urva,synonym:MSW3,Carnivora,Herpestidae,Urva,LC,0.0
Herpestes_brachyurus,Urva_brachyurus,synonym:MSW3,Carnivora,Herpestidae,Urva,NT,0.0
Herpestes_javanicus,Urva_javanica,synonym:MSW3,Carnivora,Herpestidae,Urva,LC,0.0
Herpestes_edwardsii,,unmatched,,,,,
Herpestes_fuscus,Urva_fusca,synonym:MSW3,Carnivora,Herpestidae,Urva,LC,0.0
Herpestes_vitticollis,Urva_vitticollis,synonym:MSW3,Carnivora,Herpestidae,Urva,LC,0.0
Genetta_genetta,Genetta_genetta,direct,Carnivora,Viverridae,Genetta,LC,0.0
Genetta_maculata,Genetta_fieldiana,synonym:MSW3,Carnivora,Viverridae,Genetta,LC,0.0
Genetta_bourloni,Genetta_bourloni,direct,Carnivora,Viverridae,Genetta,VU,0.0
Genetta_poensis,Genetta_poensis,direct,Carnivora,Viverridae,Genetta,DD,0.0
Genetta_pardina,Genetta_pardina,direct,Carnivora,Viverridae,Genetta,LC,0.0
Genetta_angolensis,Genetta_angolensis,direct,Carnivora,Viverridae,Genetta,LC,0.0
Genetta_tigrina,Genetta_tigrina,direct,Carnivora,Viverridae,Genetta,LC,0.0
Genetta_thierryi,Genetta_thierryi,direct,Carnivora,Viverridae,Genetta,LC,0.0
Poiana_richardsonii,Poiana_richardsonii,direct,Carnivora,Viverridae,Poiana,LC,0.0
Poiana_leightoni,Poiana_leightoni,direct,Carnivora,Viverridae,Poiana,VU,0.0
Genetta_johnstoni,Genetta_johnstoni,direct,Carnivora,Viverridae,Genetta,NT,0.0
Genetta_victoriae,Genetta_victoriae,direct,Carnivora,Viverridae,Genetta,LC,0.0
Genetta_cristata,Genetta_cristata,direct,Carnivora,Viverridae,Genetta,VU,0.0
Genetta_servalina,Genetta_servalina,direct,Carnivora,Viverridae,Genetta,LC,0.0
Genetta_abyssinica,Genetta_abyssinica,direct,Carnivora,Viverridae,Genetta,DD,0.0
Genetta_piscivora,Genetta_piscivora,direct,Carnivora,Viverridae,Genetta,NT,0.0
Viverricula_indica,Viverricula_indica,direct,Carnivora,Viverridae,Viverricula,LC,0.0
Viverra_civettina,Viverra_civettina,direct,Carnivora,Viverridae,Viverra,CR,0.0
Viverra_tangalunga,Viverra_tangalunga,direct,Carnivora,Viverridae,Viverra,LC,0.0
Viverra_megaspila,Viverra_megaspila,direct,Carnivora,Viverridae,Viverra,EN,0.0
Viverra_zibetha,Viverra_zibetha,direct,Carnivora,Viverridae,Viverra,LC,0.0
Civettictis_civetta,Civettictis_civetta,direct,Carnivora,Viverridae,Civettictis,LC,0.0
Macrogalidia_musschenbroekii,Macrogalidia_musschenbroekii,direct,Carnivora,Viverridae,Macrogalidia,VU,0.0
Cynogale_bennettii,Cynogale_bennettii,direct,Carnivora,Viverridae,Cynogale,EN,0.0
Hemigalus_derbyanus,Hemigalus_derbyanus,direct,Carnivora,Viverridae,Hemigalus,NT,0.0
Diplogale_hosei,Diplogale_hosei,direct,Carnivora,Viverridae,Diplogale,VU,0.0
Chrotogale_owstoni,Chrotogale_owstoni,direct,Carnivora,Viverridae,Chrotogale,EN,0.0
Arctogalidia_trivirgata,Arctogalidia_trivirgata,direct,Carnivora,Viverridae,Arctogalidia,LC,0.0
Paradoxurus_hermaphroditus,Paradoxurus_hermaphroditus,direct,Carnivora,Viverridae,Paradoxurus,LC,0.0
Paradoxurus_stenocephalus,Paradoxurus_zeylonensis,synonym:nominalName,Carnivora,Viverridae,Paradoxurus,LC,0.0
Paradoxurus_zeylonensis,Paradoxurus_zeylonensis,direct,Carnivora,Viverridae,Paradoxurus,LC,0.0
Paradoxurus_jerdoni,Paradoxurus_jerdoni,direct,Carnivora,Viverridae,Paradoxurus,LC,0.0
Paguma_larvata,Paguma_larvata,direct,Carnivora,Viverridae,Paguma,LC,0.0
Arctictis_binturong,Arctictis_binturong,direct,Carnivora,Viverridae,Arctictis,VU,0.0
Prionodon_pardicolor,Prionodon_pardicolor,direct,Carnivora,Prionodontidae,Prionodon,LC,0.0
Prionodon_linsang,Prionodon_linsang,direct,Carnivora,Prionodontidae,Prionodon,LC,0.0
Catopuma_temminckii,Catopuma_temminckii,direct,Carnivora,Felidae,Catopuma,VU,0.0
Pardofelis_marmorata,Pardofelis_marmorata,direct,Carnivora,Felidae,Pardofelis,NT,0.0
Catopuma_badia,Catopuma_badia,direct,Carnivora,Felidae,Catopuma,EN,0.0
Miracinonyx_trumani,,unmatched,,,,,
Puma_concolor,Puma_concolor,direct,Carnivora,Felidae,Puma,LC,0.0
Smilodon_populator,,unmatched,,,,,
Herpailurus_yagouaroundi,Herpailurus_yagouaroundi,direct,Carnivora,Felidae,Herpailurus,LC,0.0
Acinonyx_jubatus,Acinonyx_jubatus,direct,Carnivora,Felidae,Acinonyx,VU,0.0
Lynx_rufus,Lynx_rufus,direct,Carnivora,Felidae,Lynx,LC,0.0
Lynx_lynx,Lynx_lynx,direct,Carnivora,Felidae,Lynx,LC,0.0
Lynx_pardinus,Lynx_pardinus,direct,Carnivora,Felidae,Lynx,VU,0.0
Lynx_canadensis,Lynx_canadensis,direct,Carnivora,Felidae,Lynx,LC,0.0
Homotherium_serum,,unmatched,,,,,
Leopardus_geoffroyi,Leopardus_geoffroyi,direct,Carnivora,Felidae,Leopardus,LC,0.0
Leopardus_jacobita,Leopardus_jacobita,direct,Carnivora,Felidae,Leopardus,EN,0.0
Leopardus_pardalis,Leopardus_pardalis,direct,Carnivora,Felidae,Leopardus,LC,0.0
Leopardus_wiedii,Leopardus_wiedii,direct,Carnivora,Felidae,Leopardus,NT,0.0
Leopardus_colocolo,Leopardus_colocola,synonym:MSW3,Carnivora,Felidae,Leopardus,NT,0.0
Leopardus_guigna,Leopardus_guigna,direct,Carnivora,Felidae,Leopardus,LC,0.0
Leopardus_tigrinus,Leopardus_tigrinus,direct,Carnivora,Felidae,Leopardus,VU,0.0
Prionailurus_planiceps,Prionailurus_planiceps,direct,Carnivora,Felidae,Prionailurus,EN,0.0
Prionailurus_viverrinus,Prionailurus_viverrinus,direct,Carnivora,Felidae,Prionailurus,VU,0.0
Prionailurus_bengalensis,Prionailurus_bengalensis,direct,Carnivora,Felidae,Prionailurus,LC,0.0
Prionailurus_rubiginosus,Prionailurus_rubiginosus,direct,Carnivora,Felidae,Prionailurus,NT,0.0
Otocolobus_manul,Otocolobus_manul,direct,Carnivora,Felidae,Otocolobus,LC,0.0
Felis_catus,Felis_catus,direct,Carnivora,Felidae,Felis,NE,0.0
Felis_silvestris,Felis_silvestris,direct,Carnivora,Felidae,Felis,LC,0.0
Felis_margarita,Felis_margarita,direct,Carnivora,Felidae,Felis,LC,0.0
Felis_chaus,Felis_chaus,direct,Carnivora,Felidae,Felis,LC,0.0
Felis_nigripes,Felis_nigripes,direct,Carnivora,Felidae,Felis,VU,0.0
Felis_bieti,Felis_bieti,direct,Carnivora,Felidae,Felis,VU,0.0
Leptailurus_serval,Leptailurus_serval,direct,Carnivora,Felidae,Leptailurus,LC,0.0
Caracal_caracal,Caracal_caracal,direct,Carnivora,Felidae,Caracal,LC,0.0
Caracal_aurata,,unmatched,,,,,
Neofelis_nebulosa,Neofelis_nebulosa,direct,Carnivora,Felidae,Neofelis,VU,0.0
Neofelis_diardi,Neofelis_diardi,direct,Carnivora,Felidae,Neofelis,VU,0.0
Panthera_tigris,Panthera_tigris,direct,Carnivora,Felidae,Panthera,EN,0.0
Panthera_onca,Panthera_onca,direct,Carnivora,Felidae,Panthera,NT,0.0
Panthera_uncia,Panthera_uncia,direct,Carnivora,Felidae,Panthera,VU,0.0
Panthera_pardus,Panthera_pardus,direct,Carnivora,Felidae,Panthera,VU,0.0
Panthera_leo,Panthera_leo,direct,Carnivora,Felidae,Panthera,VU,0.0
Hippidion_saldiasi,,unmatched,,,,,
Hippidion_principale,,unmatched,,,,,
Equus_africanus,Equus_africanus,direct,Perissodactyla,Equidae,Equus,CR,0.0
Equus_neogeus,,unmatched,,,,,
Equus_capensis,,unmatched,,,,,
Equus_hemionus,Equus_hemionus,direct,Perissodactyla,Equidae,Equus,NT,0.0
Equus_kiang,Equus_kiang,direct,Perissodactyla,Equidae,Equus,LC,0.0
Equus_ovodovi,,unmatched,,,,,
Equus_zebra,Equus_zebra,direct,Perissodactyla,Equidae,Equus,VU,0.0
Equus_quagga,Equus_quagga,direct,Perissodactyla,Equidae,Equus,NT,0.0
Equus_grevyi,Equus_grevyi,direct,Perissodactyla,Equidae,Equus,EN,0.0
Equus_ferus,Equus_ferus,direct,Perissodactyla,Equidae,Equus,EN,0.0
Equus_caballus,Equus_caballus,direct,Perissodactyla,Equidae,Equus,NE,0.0
Tapirus_indicus,Tapirus_indicus,direct,Perissodactyla,Tapiridae,Tapirus,EN,0.0
Tapirus_terrestris,Tapirus_terrestris,direct,Perissodactyla,Tapiridae,Tapirus,VU,0.0
Tapirus_pinchaque,Tapirus_pinchaque,direct,Perissodactyla,Tapiridae,Tapirus,EN,0.0
Tapirus_kabomani,Tapirus_terrestris,synonym:nominalName,Perissodactyla,Tapiridae,Tapirus,VU,0.0
Tapirus_bairdii,Tapirus_bairdii,direct,Perissodactyla,Tapiridae,Tapirus,EN,0.0
Rhinoceros_unicornis,Rhinoceros_unicornis,direct,Perissodactyla,Rhinocerotidae,Rhinoceros,VU,0.0
Rhinoceros_sondaicus,Rhinoceros_sondaicus,direct,Perissodactyla,Rhinocerotidae,Rhinoceros,CR,0.0
Dicerorhinus_sumatrensis,Dicerorhinus_sumatrensis,direct,Perissodactyla,Rhinocerotidae,Dicerorhinus,CR,0.0
Coelodonta_antiquitatis,,unmatched,,,,,
Diceros_bicornis,Diceros_bicornis,direct,Perissodactyla,Rhinocerotidae,Diceros,CR,0.0
Ceratotherium_simum,Ceratotherium_simum,direct,Perissodactyla,Rhinocerotidae,Ceratotherium,NT,0.0
Vicugna_pacos,,unmatched,,,,,
Vicugna_vicugna,Lama_vicugna,synonym:MSW3,Artiodactyla,Camelidae,Lama,LC,0.0
Lama_guanicoe,Lama_guanicoe,direct,Artiodactyla,Camelidae,Lama,LC,0.0
Lama_glama,Lama_glama,direct,Artiodactyla,Camelidae,Lama,NE,0.0
Camelus_dromedarius,Camelus_dromedarius,direct,Artiodactyla,Camelidae,Camelus,NE,0.0
Camelus_ferus,Camelus_ferus,direct,Artiodactyla,Camelidae,Camelus,EN,0.0
Camelus_bactrianus,Camelus_bactrianus,direct,Artiodactyla,Camelidae,Camelus,NE,0.0
Tayassu_pecari,Tayassu_pecari,direct,Artiodactyla,Tayassuidae,Tayassu,VU,0.0
Pecari_tajacu,Dicotyles_tajacu,synonym:MSW3,Artiodactyla,Tayassuidae,Dicotyles,LC,0.0
Catagonus_wagneri,Parachoerus_wagneri,synonym:MSW3,Artiodactyla,Tayassuidae,Parachoerus,EN,0.0
Phacochoerus_africanus,Phacochoerus_africanus,direct,Artiodactyla,Suidae,Phacochoerus,LC,0.0
Phacochoerus_aethiopicus,Phacochoerus_aethiopicus,direct,Artiodactyla,Suidae,Phacochoerus,LC,0.0
Hylochoerus_meinertzhageni,Hylochoerus_meinertzhageni,direct,Artiodactyla,Suidae,Hylochoerus,LC,0.0
Babyrousa_togeanensis,Babyrousa_togeanensis,direct,Artiodactyla,Suidae,Babyrousa,EN,0.0
Babyrousa_celebensis,Babyrousa_celebensis,direct,Artiodactyla,Suidae,Babyrousa,VU,0.0
Babyrousa_babyrussa,Babyrousa_babyrussa,direct,Artiodactyla,Suidae,Babyrousa,VU,0.0
Potamochoerus_porcus,Potamochoerus_porcus,direct,Artiodactyla,Suidae,Potamochoerus,LC,0.0
Potamochoerus_larvatus,Potamochoerus_larvatus,direct,Artiodactyla,Suidae,Potamochoerus,LC,0.0
Porcula_salvania,Porcula_salvania,direct,Artiodactyla,Suidae,Porcula,EN,0.0
Sus_bucculentus,Sus_scrofa,synonym:nominalName,Artiodactyla,Suidae,Sus,LC,0.0
Sus_oliveri,Sus_oliveri,direct,Artiodactyla,Suidae,Sus,VU,0.0
Sus_ahoenobarbus,Sus_ahoenobarbus,direct,Artiodactyla,Suidae,Sus,NT,0.0
Sus_celebensis,Sus_celebensis,direct,Artiodactyla,Suidae,Sus,NT,0.0
Sus_verrucosus,Sus_verrucosus,direct,Artiodactyla,Suidae,Sus,EN,0.0
Sus_barbatus,Sus_barbatus,direct,Artiodactyla,Suidae,Sus,VU,0.0
Sus_cebifrons,Sus_cebifrons,direct,Artiodactyla,Suidae,Sus,CR,0.0
Sus_philippensis,Sus_philippensis,direct,Artiodactyla,Suidae,Sus,VU,0.0
Sus_scrofa,Sus_scrofa,direct,Artiodactyla,Suidae,Sus,LC,0.0
Hippopotamus_lemerlei,Hippopotamus_lemerlei,direct,Artiodactyla,Hippopotamidae,Hippopotamus,EX,1.0
Hippopotamus_amphibius,Hippopotamus_amphibius,direct,Artiodactyla,Hippopotamidae,Hippopotamus,VU,0.0
Hippopotamus_guldbergi,Hippopotamus_madagascariensis,synonym:nominalName,Artiodactyla,Hippopotamidae,Hippopotamus,EX,1.0
Choeropsis_liberiensis,Choeropsis_liberiensis,direct,Artiodactyla,Hippopotamidae,Choeropsis,EN,0.0
Indopacetus_pacificus,Indopacetus_pacificus,direct,Artiodactyla,Ziphiidae,Indopacetus,LC,0.0
Physeter_macrocephalus,Physeter_macrocephalus,direct,Artiodactyla,Physeteridae,Physeter,VU,0.0
Kogia_sima,Kogia_sima,direct,Artiodactyla,Kogiidae,Kogia,LC,0.0
Kogia_breviceps,Kogia_breviceps,direct,Artiodactyla,Kogiidae,Kogia,LC,0.0
Platanista_gangetica,Platanista_gangetica,direct,Artiodactyla,Platanistidae,Platanista,EN,0.0
Berardius_bairdii,Berardius_bairdii,direct,Artiodactyla,Ziphiidae,Berardius,LC,0.0
Berardius_arnuxii,Berardius_arnuxii,direct,Artiodactyla,Ziphiidae,Berardius,LC,0.0
Mesoplodon_traversii,Mesoplodon_traversii,direct,Artiodactyla,Ziphiidae,Mesoplodon,DD,0.0
Mesoplodon_bidens,Mesoplodon_bidens,direct,Artiodactyla,Ziphiidae,Mesoplodon,LC,0.0
Mesoplodon_grayi,Mesoplodon_grayi,direct,Artiodactyla,Ziphiidae,Mesoplodon,LC,0.0
Mesoplodon_densirostris,Mesoplodon_densirostris,direct,Artiodactyla,Ziphiidae,Mesoplodon,LC,0.0
Mesoplodon_europaeus,Mesoplodon_europaeus,direct,Artiodactyla,Ziphiidae,Mesoplodon,LC,0.0
Mesoplodon_hectori,Mesoplodon_hectori,direct,Artiodactyla,Ziphiidae,Mesoplodon,DD,0.0
Mesoplodon_carlhubbsi,Mesoplodon_carlhubbsi,direct,Artiodactyla,Ziphiidae,Mesoplodon,DD,0.0
Mesoplodon_layardii,Mesoplodon_layardii,direct,Artiodactyla,Ziphiidae,Mesoplodon,LC,0.0
Mesoplodon_mirus,Mesoplodon_mirus,direct,Artiodactyla,Ziphiidae,Mesoplodon,LC,0.0
Mesoplodon_ginkgodens,Mesoplodon_ginkgodens,direct,Artiodactyla,Ziphiidae,Mesoplodon,DD,0.0
Hyperoodon_planifrons,Hyperoodon_planifrons,direct,Artiodactyla,Ziphiidae,Hyperoodon,LC,0.0
Hyperoodon_ampullatus,Hyperoodon_ampullatus,direct,Artiodactyla,Ziphiidae,Hyperoodon,NT,0.0
Mesoplodon_stejnegeri,Mesoplodon_stejnegeri,direct,Artiodactyla,Ziphiidae,Mesoplodon,NT,0.0
Ziphius_cavirostris,Ziphius_cavirostris,direct,Artiodactyla,Ziphiidae,Ziphius,LC,0.0
Tasmacetus_shepherdi,Tasmacetus_shepherdi,direct,Artiodactyla,Ziphiidae,Tasmacetus,DD,0.0
Pontoporia_blainvillei,Pontoporia_blainvillei,direct,Artiodactyla,Pontoporiidae,Pontoporia,VU,0.0
Inia_geoffrensis,Inia_geoffrensis,direct,Artiodactyla,Iniidae,Inia,EN,0.0
Inia_boliviensis,Inia_boliviensis,direct,Artiodactyla,Iniidae,Inia,NE,0.0
Inia_araguaiaensis,Inia_araguaiaensis,direct,Artiodactyla,Iniidae,Inia,NE,0.0
Lipotes_vexillifer,Lipotes_vexillifer,direct,Artiodactyla,Lipotidae,Lipotes,CR,0.0
Neophocaena_phocaenoides,Neophocaena_phocaenoides,direct,Artiodactyla,Phocoenidae,Neophocaena,VU,0.0
Neophocaena_asiaeorientalis,Neophocaena_asiaeorientalis,direct,Artiodactyla,Phocoenidae,Neophocaena,EN,0.0
Phocoenoides_dalli,Phocoenoides_dalli,direct,Artiodactyla,Phocoenidae,Phocoenoides,LC,0.0
Phocoena_phocoena,Phocoena_phocoena,direct,Artiodactyla,Phocoenidae,Phocoena,LC,0.0
Phocoena_spinipinnis,Phocoena_spinipinnis,direct,Artiodactyla,Phocoenidae,Phocoena,NT,0.0
Phocoena_sinus,Phocoena_sinus,direct,Artiodactyla,Phocoenidae,Phocoena,CR,0.0
Phocoena_dioptrica,Phocoena_dioptrica,direct,Artiodactyla,Phocoenidae,Phocoena,LC,0.0
Delphinapterus_leucas,Delphinapterus_leucas,direct,Artiodactyla,Monodontidae,Delphinapterus,LC,0.0
Monodon_monoceros,Monodon_monoceros,direct,Artiodactyla,Monodontidae,Monodon,LC,0.0
Lagenorhynchus_acutus,Leucopleurus_acutus,synonym:MSW3,Artiodactyla,Delphinidae,Leucopleurus,LC,0.0
Lagenorhynchus_albirostris,Lagenorhynchus_albirostris,direct,Artiodactyla,Delphinidae,Lagenorhynchus,LC,0.0
Orcinus_orca,Orcinus_orca,direct,Artiodactyla,Delphinidae,Orcinus,DD,0.0
Orcaella_heinsohni,Orcaella_heinsohni,direct,Artiodactyla,Delphinidae,Orcaella,VU,0.0
Orcaella_brevirostris,Orcaella_brevirostris,direct,Artiodactyla,Delphinidae,Orcaella,EN,0.0
Grampus_griseus,Grampus_griseus,direct,Artiodactyla,Delphinidae,Grampus,LC,0.0
Pseudorca_crassidens,Pseudorca_crassidens,direct,Artiodactyla,Delphinidae,Pseudorca,NT,0.0
Peponocephala_electra,Peponocephala_electra,direct,Artiodactyla,Delphinidae,Peponocephala,LC,0.0
Globicephala_melas,Globicephala_melas,direct,Artiodactyla,Delphinidae,Globicephala,LC,0.0
Globicephala_macrorhynchus,Globicephala_macrorhynchus,direct,Artiodactyla,Delphinidae,Globicephala,LC,0.0
Feresa_attenuata,Feresa_attenuata,direct,Artiodactyla,Delphinidae,Feresa,LC,0.0
Steno_bredanensis,Steno_bredanensis,direct,Artiodactyla,Delphinidae,Steno,LC,0.0
Sotalia_guianensis,Sotalia_guianensis,direct,Artiodactyla,Delphinidae,Sotalia,NT,0.0
Sotalia_fluviatilis,Sotalia_fluviatilis,direct,Artiodactyla,Delphinidae,Sotalia,EN,0.0
Tursiops_truncatus,Tursiops_truncatus,direct,Artiodactyla,Delphinidae,Tursiops,LC,0.0
Stenella_attenuata,Stenella_attenuata,direct,Artiodactyla,Delphinidae,Stenella,LC,0.0
Tursiops_australis,Tursiops_aduncus,synonym:nominalName,Artiodactyla,Delphinidae,Tursiops,NT,0.0
Lagenodelphis_hosei,Lagenodelphis_hosei,direct,Artiodactyla,Delphinidae,Lagenodelphis,LC,0.0
Stenella_longirostris,Stenella_longirostris,direct,Artiodactyla,Delphinidae,Stenella,LC,0.0
Sousa_teuszii,Sousa_teuszii,direct,Artiodactyla,Delphinidae,Sousa,CR,0.0
Sousa_chinensis,Sousa_chinensis,direct,Artiodactyla,Delphinidae,Sousa,VU,0.0
Sousa_sahulensis,Sousa_sahulensis,direct,Artiodactyla,Delphinidae,Sousa,VU,0.0
Tursiops_aduncus,Tursiops_aduncus,direct,Artiodactyla,Delphinidae,Tursiops,NT,0.0
Stenella_frontalis,Stenella_frontalis,direct,Artiodactyla,Delphinidae,Stenella,LC,0.0
Stenella_coeruleoalba,Stenella_coeruleoalba,direct,Artiodactyla,Delphinidae,Stenella,LC,0.0
Stenella_clymene,Stenella_clymene,direct,Artiodactyla,Delphinidae,Stenella,LC,0.0
Delphinus_delphis,Delphinus_delphis,direct,Artiodactyla,Delphinidae,Delphinus,LC,0.0
Delphinus_capensis,Delphinus_delphis,synonym:nominalName,Artiodactyla,Delphinidae,Delphinus,LC,0.0
Lagenorhynchus_obscurus,Aethalodelphis_obscurus,synonym:MSW3,Artiodactyla,Delphinidae,Aethalodelphis,LC,0.0
Lagenorhynchus_obliquidens,Aethalodelphis_obliquidens,synonym:MSW3,Artiodactyla,Delphinidae,Aethalodelphis,LC,0.0
Lagenorhynchus_cruciger,Cephalorhynchus_cruciger,synonym:MSW3,Artiodactyla,Delphinidae,Cephalorhynchus,LC,0.0
Lagenorhynchus_australis,Cephalorhynchus_australis,synonym:MSW3,Artiodactyla,Delphinidae,Cephalorhynchus,LC,0.0
Cephalorhynchus_hectori,Cephalorhynchus_hectori,direct,Artiodactyla,Delphinidae,Cephalorhynchus,EN,0.0
Cephalorhynchus_heavisidii,Cephalorhynchus_heavisidii,direct,Artiodactyla,Delphinidae,Cephalorhynchus,NT,0.0
Cephalorhynchus_eutropia,Cephalorhynchus_eutropia,direct,Artiodactyla,Delphinidae,Cephalorhynchus,NT,0.0
Cephalorhynchus_commersonii,Cephalorhynchus_commersonii,direct,Artiodactyla,Delphinidae,Cephalorhynchus,LC,0.0
Caperea_marginata,Caperea_marginata,direct,Artiodactyla,Cetotheriidae,Caperea,LC,0.0
Megaptera_novaeangliae,Megaptera_novaeangliae,direct,Artiodactyla,Balaenopteridae,Megaptera,LC,0.0
Eschrichtius_robustus,Eschrichtius_robustus,direct,Artiodactyla,Balaenopteridae,Eschrichtius,LC,0.0
Balaenoptera_acutorostrata,Balaenoptera_acutorostrata,direct,Artiodactyla,Balaenopteridae,Balaenoptera,LC,0.0
Mesoplodon_bowdoini,Mesoplodon_bowdoini,direct,Artiodactyla,Ziphiidae,Mesoplodon,DD,0.0
Eubalaena_glacialis,Eubalaena_glacialis,direct,Artiodactyla,Balaenidae,Eubalaena,CR,0.0
Balaenoptera_musculus,Balaenoptera_musculus,direct,Artiodactyla,Balaenopteridae,Balaenoptera,EN,0.0
Balaenoptera_edeni,Balaenoptera_edeni,direct,Artiodactyla,Balaenopteridae,Balaenoptera,LC,0.0
Balaenoptera_borealis,Balaenoptera_borealis,direct,Artiodactyla,Balaenopteridae,Balaenoptera,EN,0.0
Balaenoptera_omurai,Balaenoptera_omurai,direct,Artiodactyla,Balaenopteridae,Balaenoptera,DD,0.0
Mesoplodon_perrini,Mesoplodon_perrini,direct,Artiodactyla,Ziphiidae,Mesoplodon,EN,0.0
Balaenoptera_physalus,Balaenoptera_physalus,direct,Artiodactyla,Balaenopteridae,Balaenoptera,VU,0.0
Balaenoptera_bonaerensis,Balaenoptera_bonaerensis,direct,Artiodactyla,Balaenopteridae,Balaenoptera,NT,0.0
Mesoplodon_peruvianus,Mesoplodon_peruvianus,direct,Artiodactyla,Ziphiidae,Mesoplodon,LC,0.0
Lissodelphis_peronii,Lissodelphis_peronii,direct,Artiodactyla,Delphinidae,Lissodelphis,LC,0.0
Lissodelphis_borealis,Lissodelphis_borealis,direct,Artiodactyla,Delphinidae,Lissodelphis,LC,0.0
Balaena_mysticetus,Balaena_mysticetus,direct,Artiodactyla,Balaenidae,Balaena,LC,0.0
Eubalaena_japonica,Eubalaena_japonica,direct,Artiodactyla,Balaenidae,Eubalaena,EN,0.0
Eubalaena_australis,Eubalaena_australis,direct,Artiodactyla,Balaenidae,Eubalaena,LC,0.0
Moschiola_kathygre,Moschiola_kathygre,direct,Artiodactyla,Tragulidae,Moschiola,LC,0.0
Moschiola_indica,Moschiola_indica,direct,Artiodactyla,Tragulidae,Moschiola,LC,0.0
Moschiola_meminna,Moschiola_meminna,direct,Artiodactyla,Tragulidae,Moschiola,LC,0.0
Tragulus_napu,Tragulus_napu,direct,Artiodactyla,Tragulidae,Tragulus,LC,0.0
Tragulus_williamsoni,Tragulus_williamsoni,direct,Artiodactyla,Tragulidae,Tragulus,DD,0.0
Tragulus_javanicus,Tragulus_javanicus,direct,Artiodactyla,Tragulidae,Tragulus,DD,0.0
Tragulus_kanchil,Tragulus_kanchil,direct,Artiodactyla,Tragulidae,Tragulus,LC,0.0
Tragulus_versicolor,Tragulus_versicolor,direct,Artiodactyla,Tragulidae,Tragulus,DD,0.0
Tragulus_nigricans,Tragulus_nigricans,direct,Artiodactyla,Tragulidae,Tragulus,EN,0.0
Hyemoschus_aquaticus,Hyemoschus_aquaticus,direct,Artiodactyla,Tragulidae,Hyemoschus,LC,0.0
Okapia_johnstoni,Okapia_johnstoni,direct,Artiodactyla,Giraffidae,Okapia,EN,0.0
Giraffa_camelopardalis,Giraffa_camelopardalis,direct,Artiodactyla,Giraffidae,Giraffa,VU,0.0
Antilocapra_americana,Antilocapra_americana,direct,Artiodactyla,Antilocapridae,Antilocapra,LC,0.0
Muntiacus_vuquangensis,Muntiacus_vuquangensis,direct,Artiodactyla,Cervidae,Muntiacus,CR,0.0
Muntiacus_atherodes,Muntiacus_atherodes,direct,Artiodactyla,Cervidae,Muntiacus,NT,0.0
Muntiacus_rooseveltorum,Muntiacus_rooseveltorum,direct,Artiodactyla,Cervidae,Muntiacus,DD,0.0
Muntiacus_gongshanensis,Muntiacus_gongshanensis,direct,Artiodactyla,Cervidae,Muntiacus,DD,0.0
Muntiacus_putaoensis,Muntiacus_putaoensis,direct,Artiodactyla,Cervidae,Muntiacus,DD,0.0
Muntiacus_truongsonensis,Muntiacus_truongsonensis,direct,Artiodactyla,Cervidae,Muntiacus,DD,0.0
Muntiacus_puhoatensis,Muntiacus_puhoatensis,direct,Artiodactyla,Cervidae,Muntiacus,DD,0.0
Muntiacus_montanus,Muntiacus_montanus,direct,Artiodactyla,Cervidae,Muntiacus,DD,0.0
Muntiacus_muntjak,Muntiacus_muntjak,direct,Artiodactyla,Cervidae,Muntiacus,LC,0.0
Muntiacus_crinifrons,Muntiacus_crinifrons,direct,Artiodactyla,Cervidae,Muntiacus,VU,0.0
Muntiacus_vaginalis,Muntiacus_vaginalis,direct,Artiodactyla,Cervidae,Muntiacus,LC,0.0
Muntiacus_feae,Muntiacus_feae,direct,Artiodactyla,Cervidae,Muntiacus,DD,0.0
Muntiacus_reevesi,Muntiacus_reevesi,direct,Artiodactyla,Cervidae,Muntiacus,LC,0.0
Elaphodus_cephalophus,Elaphodus_cephalophus,direct,Artiodactyla,Cervidae,Elaphodus,NT,0.0
Megaloceros_giganteus,,unmatched,,,,,
Dama_mesopotamica,Dama_mesopotamica,direct,Artiodactyla,Cervidae,Dama,EN,0.0
Dama_dama,Dama_dama,direct,Artiodactyla,Cervidae,Dama,LC,0.0
Rucervus_eldii,Rucervus_eldii,direct,Artiodactyla,Cervidae,Rucervus,EN,0.0
Elaphurus_davidianus,Elaphurus_davidianus,direct,Artiodactyla,Cervidae,Elaphurus,EW,0.0
Cervus_wallichi,Cervus_canadensis,synonym:nominalName,Artiodactyla,Cervidae,Cervus,LC,0.0
Rusa_alfredi,Rusa_alfredi,direct,Artiodactyla,Cervidae,Rusa,EN,0.0
Cervus_nippon,Cervus_nippon,direct,Artiodactyla,Cervidae,Cervus,LC,0.0
Cervus_elaphus,Cervus_elaphus,direct,Artiodactyla,Cervidae,Cervus,LC,0.0
Cervus_albirostris,Cervus_albirostris,direct,Artiodactyla,Cervidae,Cervus,VU,0.0
Rusa_marianna,Rusa_marianna,direct,Artiodactyla,Cervidae,Rusa,VU,0.0
Rusa_unicolor,Rusa_unicolor,direct,Artiodactyla,Cervidae,Rusa,VU,0.0
Rusa_timorensis,Rusa_timorensis,direct,Artiodactyla,Cervidae,Rusa,VU,0.0
Rucervus_schomburgki,Rucervus_schomburgki,direct,Artiodactyla,Cervidae,Rucervus,EX,1.0
Rucervus_duvaucelii,Rucervus_duvaucelii,direct,Artiodactyla,Cervidae,Rucervus,VU,0.0
Axis_kuhlii,Axis_kuhlii,direct,Artiodactyla,Cervidae,Axis,CR,0.0
Axis_porcinus,Axis_porcinus,direct,Artiodactyla,Cervidae,Axis,EN,0.0
Axis_calamianensis,Axis_calamianensis,direct,Artiodactyla,Cervidae,Axis,EN,0.0
Axis_axis,Axis_axis,direct,Artiodactyla,Cervidae,Axis,LC,0.0
Rangifer_tarandus,Rangifer_tarandus,direct,Artiodactyla,Cervidae,Rangifer,VU,0.0
Pudu_mephistophiles,Pudella_mephistophiles,synonym:MSW3,Artiodactyla,Cervidae,Pudella,DD,0.0
Mazama_rufina,Andinocervus_rufinus,synonym:MSW3,Artiodactyla,Cervidae,Andinocervus,VU,0.0
Odocoileus_virginianus,Odocoileus_virginianus,direct,Artiodactyla,Cervidae,Odocoileus,LC,0.0
Odocoileus_hemionus,Odocoileus_hemionus,direct,Artiodactyla,Cervidae,Odocoileus,LC,0.0
Mazama_temama,Mazama_temama,direct,Artiodactyla,Cervidae,Mazama,DD,0.0
Mazama_americana,Mazama_americana,direct,Artiodactyla,Cervidae,Mazama,DD,0.0
Mazama_nana,Mazama_nanus,synonym:MSW3,Artiodactyla,Cervidae,Mazama,VU,0.0
Mazama_bororo,Mazama_jucunda,synonym:MSW3,Artiodactyla,Cervidae,Mazama,VU,0.0
Mazama_pandora,Odocoileus_pandora,synonym:MSW3,Artiodactyla,Cervidae,Odocoileus,VU,0.0
Blastocerus_dichotomus,Blastocerus_dichotomus,direct,Artiodactyla,Cervidae,Blastocerus,VU,0.0
Mazama_bricenii,,unmatched,,,,,
Mazama_gouazoubira,Subulo_gouazoubira,synonym:MSW3,Artiodactyla,Cervidae,Subulo,LC,0.0
Hippocamelus_bisulcus,Hippocamelus_bisulcus,direct,Artiodactyla,Cervidae,Hippocamelus,EN,0.0
Mazama_chunyi,Subulo_chunyi,synonym:MSW3,Artiodactyla,Cervidae,Subulo,VU,0.0
Hippocamelus_antisensis,Hippocamelus_antisensis,direct,Artiodactyla,Cervidae,Hippocamelus,VU,0.0
Mazama_nemorivaga,,unmatched,,,,,
Ozotoceros_bezoarticus,Ozotoceros_bezoarticus,direct,Artiodactyla,Cervidae,Ozotoceros,NT,0.0
Pudu_puda,Pudu_puda,direct,Artiodactyla,Cervidae,Pudu,NT,0.0
Hydropotes_inermis,Hydropotes_inermis,direct,Artiodactyla,Cervidae,Hydropotes,VU,0.0
Capreolus_pygargus,Capreolus_pygargus,direct,Artiodactyla,Cervidae,Capreolus,LC,0.0
Capreolus_capreolus,Capreolus_capreolus,direct,Artiodactyla,Cervidae,Capreolus,LC,0.0
Alces_americanus,,unmatched,,,,,
Alces_alces,Alces_alces,direct,Artiodactyla,Cervidae,Alces,LC,0.0
Moschus_moschiferus,Moschus_moschiferus,direct,Artiodactyla,Moschidae,Moschus,VU,0.0
Moschus_fuscus,Moschus_fuscus,direct,Artiodactyla,Moschidae,Moschus,EN,0.0
Moschus_leucogaster,Moschus_leucogaster,direct,Artiodactyla,Moschidae,Moschus,EN,0.0
Moschus_anhuiensis,Moschus_anhuiensis,direct,Artiodactyla,Moschidae,Moschus,EN,0.0
Moschus_berezovskii,Moschus_berezovskii,direct,Artiodactyla,Moschidae,Moschus,EN,0.0
Moschus_chrysogaster,Moschus_chrysogaster,direct,Artiodactyla,Moschidae,Moschus,EN,0.0
Moschus_cupreus,Moschus_cupreus,direct,Artiodactyla,Moschidae,Moschus,EN,0.0
Tetracerus_quadricornis,Tetracerus_quadricornis,direct,Artiodactyla,Bovidae,Tetracerus,VU,0.0
Boselaphus_tragocamelus,Boselaphus_tragocamelus,direct,Artiodactyla,Bovidae,Boselaphus,LC,0.0
Tragelaphus_strepsiceros,Tragelaphus_strepsiceros,direct,Artiodactyla,Bovidae,Tragelaphus,LC,0.0
Tragelaphus_buxtoni,Tragelaphus_buxtoni,direct,Artiodactyla,Bovidae,Tragelaphus,EN,0.0
Tragelaphus_scriptus,Tragelaphus_scriptus,direct,Artiodactyla,Bovidae,Tragelaphus,LC,0.0
Tragelaphus_spekii,Tragelaphus_spekii,direct,Artiodactyla,Bovidae,Tragelaphus,LC,0.0
Tragelaphus_eurycerus,Tragelaphus_eurycerus,direct,Artiodactyla,Bovidae,Tragelaphus,NT,0.0
Tragelaphus_derbianus,Tragelaphus_derbianus,direct,Artiodactyla,Bovidae,Tragelaphus,VU,0.0
Tragelaphus_oryx,Tragelaphus_oryx,direct,Artiodactyla,Bovidae,Tragelaphus,LC,0.0
Tragelaphus_angasii,Tragelaphus_angasii,direct,Artiodactyla,Bovidae,Tragelaphus,LC,0.0
Tragelaphus_imberbis,Tragelaphus_imberbis,direct,Artiodactyla,Bovidae,Tragelaphus,NT,0.0
Pseudoryx_nghetinhensis,Pseudoryx_nghetinhensis,direct,Artiodactyla,Bovidae,Pseudoryx,CR,0.0
Bos_sauveli,Bos_sauveli,direct,Artiodactyla,Bovidae,Bos,CR,0.0
Bos_gaurus,Bos_gaurus,direct,Artiodactyla,Bovidae,Bos,VU,0.0
Bos_taurus,Bos_taurus,direct,Artiodactyla,Bovidae,Bos,NE,0.0
Bos_primigenius,Bos_primigenius,direct,Artiodactyla,Bovidae,Bos,EX,1.0
Bos_indicus,Bos_taurus,synonym:nominalName,Artiodactyla,Bovidae,Bos,NE,0.0
Bos_javanicus,Bos_javanicus,direct,Artiodactyla,Bovidae,Bos,CR,0.0
Bos_frontalis,Bos_frontalis,direct,Artiodactyla,Bovidae,Bos,NE,0.0
Bison_bonasus,Bos_bonasus,synonym:MSW3,Artiodactyla,Bovidae,Bos,NT,0.0
Bos_mutus,Bos_mutus,direct,Artiodactyla,Bovidae,Bos,VU,0.0
Bos_grunniens,Bos_grunniens,direct,Artiodactyla,Bovidae,Bos,NE,0.0
Bison_bison,Bos_bison,synonym:MSW3,Artiodactyla,Bovidae,Bos,NT,0.0
Bubalus_mindorensis,Bubalus_mindorensis,direct,Artiodactyla,Bovidae,Bubalus,CR,0.0
Bubalus_quarlesi,Bubalus_quarlesi,direct,Artiodactyla,Bovidae,Bubalus,EN,0.0
Bubalus_depressicornis,Bubalus_depressicornis,direct,Artiodactyla,Bovidae,Bubalus,EN,0.0
Bubalus_arnee,Bubalus_arnee,direct,Artiodactyla,Bovidae,Bubalus,EN,0.0
Syncerus_caffer,Syncerus_caffer,direct,Artiodactyla,Bovidae,Syncerus,NT,0.0
Ammodorcas_clarkei,Ammodorcas_clarkei,direct,Artiodactyla,Bovidae,Ammodorcas,VU,0.0
Nesotragus_moschatus,Nesotragus_moschatus,direct,Artiodactyla,Bovidae,Nesotragus,LC,0.0
Neotragus_batesi,Nesotragus_batesi,synonym:MSW3,Artiodactyla,Bovidae,Nesotragus,LC,0.0
Aepyceros_melampus,Aepyceros_melampus,direct,Artiodactyla,Bovidae,Aepyceros,LC,0.0
Pelea_capreolus,Pelea_capreolus,direct,Artiodactyla,Bovidae,Pelea,NT,0.0
Redunca_fulvorufula,Redunca_fulvorufula,direct,Artiodactyla,Bovidae,Redunca,EN,0.0
Redunca_redunca,Redunca_redunca,direct,Artiodactyla,Bovidae,Redunca,LC,0.0
Redunca_arundinum,Redunca_arundinum,direct,Artiodactyla,Bovidae,Redunca,LC,0.0
Kobus_megaceros,Kobus_megaceros,direct,Artiodactyla,Bovidae,Kobus,EN,0.0
Kobus_leche,Kobus_leche,direct,Artiodactyla,Bovidae,Kobus,NT,0.0
Kobus_vardonii,Kobus_vardonii,direct,Artiodactyla,Bovidae,Kobus,NT,0.0
Kobus_kob,Kobus_kob,direct,Artiodactyla,Bovidae,Kobus,LC,0.0
Kobus_ellipsiprymnus,Kobus_ellipsiprymnus,direct,Artiodactyla,Bovidae,Kobus,LC,0.0
Procapra_picticaudata,Procapra_picticaudata,direct,Artiodactyla,Bovidae,Procapra,NT,0.0
Procapra_przewalskii,Procapra_przewalskii,direct,Artiodactyla,Bovidae,Procapra,EN,0.0
Procapra_gutturosa,Procapra_gutturosa,direct,Artiodactyla,Bovidae,Procapra,LC,0.0
Ourebia_ourebi,Ourebia_ourebi,direct,Artiodactyla,Bovidae,Ourebia,LC,0.0
Raphicerus_melanotis,Raphicerus_melanotis,direct,Artiodactyla,Bovidae,Raphicerus,LC,0.0
Raphicerus_sharpei,Raphicerus_sharpei,direct,Artiodactyla,Bovidae,Raphicerus,LC,0.0
Raphicerus_campestris,Raphicerus_campestris,direct,Artiodactyla,Bovidae,Raphicerus,LC,0.0
Madoqua_saltiana,Madoqua_saltiana,direct,Artiodactyla,Bovidae,Madoqua,LC,0.0
Madoqua_piacentinii,Madoqua_piacentinii,direct,Artiodactyla,Bovidae,Madoqua,DD,0.0
Madoqua_guentheri,Madoqua_guentheri,direct,Artiodactyla,Bovidae,Madoqua,LC,0.0
Madoqua_kirkii,Madoqua_kirkii,direct,Artiodactyla,Bovidae,Madoqua,LC,0.0
Dorcatragus_megalotis,Dorcatragus_megalotis,direct,Artiodactyla,Bovidae,Dorcatragus,VU,0.0
Saiga_tatarica,Saiga_tatarica,direct,Artiodactyla,Bovidae,Saiga,NT,0.0
Nanger_granti,Nanger_granti,direct,Artiodactyla,Bovidae,Nanger,LC,0.0
Nanger_soemmerringii,Nanger_soemmerringii,direct,Artiodactyla,Bovidae,Nanger,VU,0.0
Nanger_dama,Nanger_dama,direct,Artiodactyla,Bovidae,Nanger,CR,0.0
Eudorcas_rufina,Eudorcas_rufina,direct,Artiodactyla,Bovidae,Eudorcas,NE,1.0
Eudorcas_albonotata,Eudorcas_albonotata,direct,Artiodactyla,Bovidae,Eudorcas,LC,0.0
Eudorcas_thomsonii,Eudorcas_thomsonii,direct,Artiodactyla,Bovidae,Eudorcas,LC,0.0
Eudorcas_rufifrons,Eudorcas_rufifrons,direct,Artiodactyla,Bovidae,Eudorcas,VU,0.0
Gazella_subgutturosa,Gazella_subgutturosa,direct,Artiodactyla,Bovidae,Gazella,VU,0.0
Gazella_bennettii,Gazella_bennettii,direct,Artiodactyla,Bovidae,Gazella,LC,0.0
Gazella_leptoceros,Gazella_leptoceros,direct,Artiodactyla,Bovidae,Gazella,EN,0.0
Gazella_cuvieri,Gazella_cuvieri,direct,Artiodactyla,Bovidae,Gazella,VU,0.0
Gazella_bilkis,Gazella_arabica,synonym:nominalName,Artiodactyla,Bovidae,Gazella,VU,0.0
Gazella_spekei,Gazella_spekei,direct,Artiodactyla,Bovidae,Gazella,EN,0.0
Gazella_arabica,Gazella_arabica,direct,Artiodactyla,Bovidae,Gazella,VU,0.0
Gazella_gazella,Gazella_gazella,direct,Artiodactyla,Bovidae,Gazella,EN,0.0
Gazella_dorcas,Gazella_dorcas,direct,Artiodactyla,Bovidae,Gazella,VU,0.0
Gazella_saudiya,Gazella_dorcas,synonym:nominalName,Artiodactyla,Bovidae,Gazella,VU,0.0
Antilope_cervicapra,Antilope_cervicapra,direct,Artiodactyla,Bovidae,Antilope,LC,0.0
Litocranius_walleri,Litocranius_walleri,direct,Artiodactyla,Bovidae,Litocranius,NT,0.0
Antidorcas_marsupialis,Antidorcas_marsupialis,direct,Artiodactyla,Bovidae,Antidorcas,LC,0.0
Neotragus_pygmaeus,Neotragus_pygmaeus,direct,Artiodactyla,Bovidae,Neotragus,LC,0.0
Oreotragus_oreotragus,Oreotragus_oreotragus,direct,Artiodactyla,Bovidae,Oreotragus,LC,0.0
Philantomba_monticola,Philantomba_monticola,direct,Artiodactyla,Bovidae,Philantomba,LC,0.0
Philantomba_walteri,Philantomba_walteri,direct,Artiodactyla,Bovidae,Philantomba,DD,0.0
Philantomba_maxwellii,Philantomba_maxwellii,direct,Artiodactyla,Bovidae,Philantomba,LC,0.0
Cephalophus_zebra,Cephalophula_zebra,synonym:MSW3,Artiodactyla,Bovidae,Cephalophula,VU,0.0
Sylvicapra_grimmia,Sylvicapra_grimmia,direct,Artiodactyla,Bovidae,Sylvicapra,LC,0.0
Cephalophus_spadix,Cephalophus_spadix,direct,Artiodactyla,Bovidae,Cephalophus,EN,0.0
Cephalophus_silvicultor,Cephalophus_silvicultor,direct,Artiodactyla,Bovidae,Cephalophus,NT,0.0
Cephalophus_jentinki,Cephalophus_jentinki,direct,Artiodactyla,Bovidae,Cephalophus,EN,0.0
Cephalophus_dorsalis,Cephalophus_dorsalis,direct,Artiodactyla,Bovidae,Cephalophus,NT,0.0
Cephalophus_leucogaster,Cephalophorus_leucogaster,synonym:MSW3,Artiodactyla,Bovidae,Cephalophorus,NT,0.0
Cephalophus_rufilatus,Cephalophorus_rufilatus,synonym:MSW3,Artiodactyla,Bovidae,Cephalophorus,LC,0.0
Cephalophus_nigrifrons,Cephalophorus_nigrifrons,synonym:MSW3,Artiodactyla,Bovidae,Cephalophorus,LC,0.0
Cephalophus_natalensis,Cephalophorus_natalensis,synonym:MSW3,Artiodactyla,Bovidae,Cephalophorus,LC,0.0
Cephalophus_harveyi,,unmatched,,,,,
Cephalophus_niger,Cephalophorus_niger,synonym:MSW3,Artiodactyla,Bovidae,Cephalophorus,LC,0.0
Cephalophus_weynsi,Cephalophorus_weynsi,synonym:MSW3,Artiodactyla,Bovidae,Cephalophorus,LC,0.0
Cephalophus_ogilbyi,Cephalophorus_ogilbyi,synonym:MSW3,Artiodactyla,Bovidae,Cephalophorus,LC,0.0
Cephalophus_callipygus,Cephalophorus_callipygus,synonym:MSW3,Artiodactyla,Bovidae,Cephalophorus,LC,0.0
Cephalophus_adersi,Leucocephalophus_adersi,synonym:MSW3,Artiodactyla,Bovidae,Leucocephalophus,VU,0.0
Pantholops_hodgsonii,Pantholops_hodgsonii,direct,Artiodactyla,Bovidae,Pantholops,NT,0.0
Ovibos_moschatus,Ovibos_moschatus,direct,Artiodactyla,Bovidae,Ovibos,LC,0.0
Naemorhedus_griseus,Naemorhedus_griseus,direct,Artiodactyla,Bovidae,Naemorhedus,NE,0.0
Naemorhedus_goral,Naemorhedus_goral,direct,Artiodactyla,Bovidae,Naemorhedus,NT,0.0
Naemorhedus_caudatus,Naemorhedus_caudatus,direct,Artiodactyla,Bovidae,Naemorhedus,VU,0.0
Naemorhedus_baileyi,Naemorhedus_baileyi,direct,Artiodactyla,Bovidae,Naemorhedus,VU,0.0
Capricornis_crispus,Capricornis_crispus,direct,Artiodactyla,Bovidae,Capricornis,LC,0.0
Capricornis_rubidus,Capricornis_rubidus,direct,Artiodactyla,Bovidae,Capricornis,VU,0.0
Capricornis_swinhoei,Capricornis_swinhoei,direct,Artiodactyla,Bovidae,Capricornis,LC,0.0
Capricornis_sumatraensis,Capricornis_sumatraensis,direct,Artiodactyla,Bovidae,Capricornis,VU,0.0
Capricornis_thar,Capricornis_sumatraensis,synonym:nominalName,Artiodactyla,Bovidae,Capricornis,VU,0.0
Capricornis_milneedwardsii,Capricornis_sumatraensis,synonym:nominalName,Artiodactyla,Bovidae,Capricornis,VU,0.0
Ovis_nivicola,Ovis_nivicola,direct,Artiodactyla,Bovidae,Ovis,LC,0.0
Ovis_dalli,Ovis_dalli,direct,Artiodactyla,Bovidae,Ovis,LC,0.0
Ovis_canadensis,Ovis_canadensis,direct,Artiodactyla,Bovidae,Ovis,LC,0.0
Ovis_orientalis,Ovis_gmelinii,synonym:nominalName,Artiodactyla,Bovidae,Ovis,NT,0.0
Ovis_aries,Ovis_aries,direct,Artiodactyla,Bovidae,Ovis,NE,0.0
Ovis_ammon,Ovis_ammon,direct,Artiodactyla,Bovidae,Ovis,NT,0.0
Nilgiritragus_hylocrius,Nilgiritragus_hylocrius,direct,Artiodactyla,Bovidae,Nilgiritragus,EN,0.0
Hemitragus_jemlahicus,Hemitragus_jemlahicus,direct,Artiodactyla,Bovidae,Hemitragus,NT,0.0
Capra_sibirica,Capra_sibirica,direct,Artiodactyla,Bovidae,Capra,NT,0.0
Capra_pyrenaica,Capra_pyrenaica,direct,Artiodactyla,Bovidae,Capra,LC,0.0
Capra_ibex,Capra_ibex,direct,Artiodactyla,Bovidae,Capra,LC,0.0
Capra_walie,Capra_walie,direct,Artiodactyla,Bovidae,Capra,VU,0.0
Capra_nubiana,Capra_nubiana,direct,Artiodactyla,Bovidae,Capra,VU,0.0
Capra_cylindricornis,Capra_cylindricornis,direct,Artiodactyla,Bovidae,Capra,NT,0.0
Capra_caucasica,Capra_caucasica,direct,Artiodactyla,Bovidae,Capra,EN,0.0
Capra_falconeri,Capra_falconeri,direct,Artiodactyla,Bovidae,Capra,NT,0.0
Capra_hircus,Capra_hircus,direct,Artiodactyla,Bovidae,Capra,NE,0.0
Capra_aegagrus,Capra_aegagrus,direct,Artiodactyla,Bovidae,Capra,NT,0.0
Pseudois_nayaur,Pseudois_nayaur,direct,Artiodactyla,Bovidae,Pseudois,LC,0.0
Budorcas_taxicolor,Budorcas_taxicolor,direct,Artiodactyla,Bovidae,Budorcas,VU,0.0
Myotragus_balearicus,,unmatched,,,,,
Oreamnos_harringtoni,,unmatched,,,,,
Oreamnos_americanus,Oreamnos_americanus,direct,Artiodactyla,Bovidae,Oreamnos,LC,0.0
Rupicapra_rupicapra,Rupicapra_rupicapra,direct,Artiodactyla,Bovidae,Rupicapra,LC,0.0
Rupicapra_pyrenaica,Rupicapra_pyrenaica,direct,Artiodactyla,Bovidae,Rupicapra,LC,0.0
Arabitragus_jayakari,Arabitragus_jayakari,direct,Artiodactyla,Bovidae,Arabitragus,EN,0.0
Ammotragus_lervia,Ammotragus_lervia,direct,Artiodactyla,Bovidae,Ammotragus,VU,0.0
Connochaetes_taurinus,Connochaetes_taurinus,direct,Artiodactyla,Bovidae,Connochaetes,LC,0.0
Connochaetes_gnou,Connochaetes_gnou,direct,Artiodactyla,Bovidae,Connochaetes,LC,0.0
Damaliscus_pygargus,Damaliscus_pygargus,direct,Artiodactyla,Bovidae,Damaliscus,LC,0.0
Damaliscus_lunatus,Damaliscus_lunatus,direct,Artiodactyla,Bovidae,Damaliscus,LC,0.0
Beatragus_hunteri,Beatragus_hunteri,direct,Artiodactyla,Bovidae,Beatragus,CR,0.0
Alcelaphus_buselaphus,Alcelaphus_buselaphus,direct,Artiodactyla,Bovidae,Alcelaphus,LC,0.0
Hippotragus_niger,Hippotragus_niger,direct,Artiodactyla,Bovidae,Hippotragus,LC,0.0
Hippotragus_leucophaeus,Hippotragus_leucophaeus,direct,Artiodactyla,Bovidae,Hippotragus,EX,1.0
Hippotragus_equinus,Hippotragus_equinus,direct,Artiodactyla,Bovidae,Hippotragus,LC,0.0
Oryx_dammah,Oryx_dammah,direct,Artiodactyla,Bovidae,Oryx,EN,0.0
Oryx_leucoryx,Oryx_leucoryx,direct,Artiodactyla,Bovidae,Oryx,VU,0.0
Oryx_gazella,Oryx_gazella,direct,Artiodactyla,Bovidae,Oryx,LC,0.0
Oryx_beisa,Oryx_beisa,direct,Artiodactyla,Bovidae,Oryx,EN,0.0
Addax_nasomaculatus,Addax_nasomaculatus,direct,Artiodactyla,Bovidae,Addax,CR,0.0
Nycticebus_pygmaeus,Xanthonycticebus_pygmaeus,synonym:MSW3,Primates,Lorisidae,Xanthonycticebus,EN,0.0
Nycticebus_menagensis,Nycticebus_menagensis,direct,Primates,Lorisidae,Nycticebus,VU,0.0
Nycticebus_kayan,Nycticebus_kayan,direct,Primates,Lorisidae,Nycticebus,VU,0.0
Nycticebus_bengalensis,Nycticebus_bengalensis,direct,Primates,Lorisidae,Nycticebus,EN,0.0
Nycticebus_coucang,Nycticebus_coucang,direct,Primates,Lorisidae,Nycticebus,EN,0.0
Nycticebus_javanicus,Nycticebus_javanicus,direct,Primates,Lorisidae,Nycticebus,CR,0.0
Loris_tardigradus,Loris_tardigradus,direct,Primates,Lorisidae,Loris,EN,0.0
Loris_lydekkerianus,Loris_lydekkerianus,direct,Primates,Lorisidae,Loris,NT,0.0
Galagoides_demidovii,Galagoides_demidoff,synonym:nominalName,Primates,Galagidae,Galagoides,LC,0.0
Galagoides_thomasi,Galagoides_thomasi,direct,Primates,Galagidae,Galagoides,LC,0.0
Galagoides_orinus,,unmatched,,,,,
Galago_matschiei,Galago_matschiei,direct,Primates,Galagidae,Galago,LC,0.0
Galago_moholi,Galago_moholi,direct,Primates,Galagidae,Galago,LC,0.0
Galago_senegalensis,Galago_senegalensis,direct,Primates,Galagidae,Galago,LC,0.0
Galago_gallarum,Galago_gallarum,direct,Primates,Galagidae,Galago,LC,0.0
Otolemur_garnettii,Otolemur_garnettii,direct,Primates,Galagidae,Otolemur,LC,0.0
Otolemur_crassicaudatus,Otolemur_crassicaudatus,direct,Primates,Galagidae,Otolemur,LC,0.0
Galagoides_nyasae,,unmatched,,,,,
Sciurocheirus_alleni,Sciurocheirus_alleni,direct,Primates,Galagidae,Sciurocheirus,NT,0.0
Sciurocheirus_makandensis,Sciurocheirus_makandensis,direct,Primates,Galagidae,Sciurocheirus,DD,0.0
Sciurocheirus_gabonensis,Sciurocheirus_gabonensis,direct,Primates,Galagidae,Sciurocheirus,LC,0.0
Galagoides_rondoensis,,unmatched,,,,,
Galagoides_granti,,unmatched,,,,,
Galagoides_zanzibaricus,,unmatched,,,,,
Galagoides_cocos,,unmatched,,,,,
Euoticus_pallidus,Euoticus_pallidus,direct,Primates,Galagidae,Euoticus,NT,0.0
Euoticus_elegantulus,Euoticus_elegantulus,direct,Primates,Galagidae,Euoticus,LC,0.0
Perodicticus_potto,Perodicticus_potto,direct,Primates,Lorisidae,Perodicticus,NT,0.0
Arctocebus_calabarensis,Arctocebus_calabarensis,direct,Primates,Lorisidae,Arctocebus,NT,0.0
Arctocebus_aureus,Arctocebus_aureus,direct,Primates,Lorisidae,Arctocebus,LC,0.0
Daubentonia_madagascariensis,Daubentonia_madagascariensis,direct,Primates,Daubentoniidae,Daubentonia,EN,0.0
Indri_indri,Indri_indri,direct,Primates,Indriidae,Indri,CR,0.0
Propithecus_coronatus,Propithecus_coronatus,direct,Primates,Indriidae,Propithecus,CR,0.0
Propithecus_diadema,Propithecus_diadema,direct,Primates,Indriidae,Propithecus,CR,0.0
Propithecus_edwardsi,Propithecus_edwardsi,direct,Primates,Indriidae,Propithecus,EN,0.0
Propithecus_perrieri,Propithecus_perrieri,direct,Primates,Indriidae,Propithecus,CR,0.0
Propithecus_tattersalli,Propithecus_tattersalli,direct,Primates,Indriidae,Propithecus,CR,0.0
Propithecus_coquereli,Propithecus_coquereli,direct,Primates,Indriidae,Propithecus,CR,0.0
Propithecus_candidus,Propithecus_candidus,direct,Primates,Indriidae,Propithecus,CR,0.0
Propithecus_deckenii,Propithecus_deckenii,direct,Primates,Indriidae,Propithecus,CR,0.0
Propithecus_verreauxi,Propithecus_verreauxi,direct,Primates,Indriidae,Propithecus,CR,0.0
Avahi_betsileo,Avahi_betsileo,direct,Primates,Indriidae,Avahi,EN,0.0
Avahi_occidentalis,Avahi_occidentalis,direct,Primates,Indriidae,Avahi,VU,0.0
Avahi_cleesei,Avahi_cleesei,direct,Primates,Indriidae,Avahi,CR,0.0
Avahi_mooreorum,Avahi_mooreorum,direct,Primates,Indriidae,Avahi,EN,0.0
Avahi_unicolor,Avahi_unicolor,direct,Primates,Indriidae,Avahi,CR,0.0
Avahi_laniger,Avahi_laniger,direct,Primates,Indriidae,Avahi,VU,0.0
Avahi_ramanantsoavanai,Avahi_ramanantsoavani,synonym:nominalName,Primates,Indriidae,Avahi,VU,0.0
Avahi_meridionalis,Avahi_meridionalis,direct,Primates,Indriidae,Avahi,EN,0.0
Avahi_peyrierasi,Avahi_peyrierasi,direct,Primates,Indriidae,Avahi,VU,0.0
Palaeopropithecus_ingens,Palaeopropithecus_ingens,direct,Primates,Palaeopropithecidae,Palaeopropithecus,EX,1.0
Archaeolemur_majori,,unmatched,,,,,
Archaeolemur_edwardsi,Archaeolemur_edwardsi,direct,Primates,Archaeolemuridae,Archaeolemur,NE,1.0
Megaladapis_edwardsi,,unmatched,,,,,
Varecia_variegata,Varecia_variegata,direct,Primates,Lemuridae,Varecia,CR,0.0
Varecia_rubra,Varecia_rubra,direct,Primates,Lemuridae,Varecia,CR,0.0
Lemur_catta,Lemur_catta,direct,Primates,Lemuridae,Lemur,EN,0.0
Prolemur_simus,Prolemur_simus,direct,Primates,Lemuridae,Prolemur,CR,0.0
Hapalemur_aureus,Hapalemur_aureus,direct,Primates,Lemuridae,Hapalemur,CR,0.0
Hapalemur_meridionalis,Hapalemur_meridionalis,direct,Primates,Lemuridae,Hapalemur,VU,0.0
Hapalemur_occidentalis,Hapalemur_occidentalis,direct,Primates,Lemuridae,Hapalemur,VU,0.0
Hapalemur_alaotrensis,Hapalemur_alaotrensis,direct,Primates,Lemuridae,Hapalemur,CR,0.0
Hapalemur_griseus,Hapalemur_griseus,direct,Primates,Lemuridae,Hapalemur,VU,0.0
Eulemur_macaco,Eulemur_macaco,direct,Primates,Lemuridae,Eulemur,EN,0.0
Eulemur_flavifrons,Eulemur_flavifrons,direct,Primates,Lemuridae,Eulemur,CR,0.0
Eulemur_coronatus,Eulemur_coronatus,direct,Primates,Lemuridae,Eulemur,EN,0.0
Eulemur_rubriventer,Eulemur_rubriventer,direct,Primates,Lemuridae,Eulemur,VU,0.0
Eulemur_mongoz,Eulemur_mongoz,direct,Primates,Lemuridae,Eulemur,CR,0.0
Eulemur_collaris,Eulemur_collaris,direct,Primates,Lemuridae,Eulemur,EN,0.0
Eulemur_cinereiceps,Eulemur_cinereiceps,direct,Primates,Lemuridae,Eulemur,CR,0.0
Eulemur_rufus,Eulemur_rufus,direct,Primates,Lemuridae,Eulemur,VU,0.0
Eulemur_rufifrons,Eulemur_rufifrons,direct,Primates,Lemuridae,Eulemur,VU,0.0
Eulemur_fulvus,Eulemur_fulvus,direct,Primates,Lemuridae,Eulemur,VU,0.0
Eulemur_sanfordi,Eulemur_sanfordi,direct,Primates,Lemuridae,Eulemur,EN,0.0
Eulemur_albifrons,Eulemur_albifrons,direct,Primates,Lemuridae,Eulemur,VU,0.0
Phaner_parienti,Phaner_parienti,direct,Primates,Cheirogaleidae,Phaner,EN,0.0
Phaner_pallescens,Phaner_pallescens,direct,Primates,Cheirogaleidae,Phaner,EN,0.0
Phaner_electromontis,Phaner_electromontis,direct,Primates,Cheirogaleidae,Phaner,EN,0.0
Phaner_furcifer,Phaner_furcifer,direct,Primates,Cheirogaleidae,Phaner,EN,0.0
Lepilemur_betsileo,Lepilemur_betsileo,direct,Primates,Lepilemuridae,Lepilemur,EN,0.0
Lepilemur_petteri,Lepilemur_petteri,direct,Primates,Lepilemuridae,Lepilemur,EN,0.0
Lepilemur_microdon,Lepilemur_microdon,direct,Primates,Lepilemuridae,Lepilemur,EN,0.0
Lepilemur_hollandorum,Lepilemur_hollandorum,direct,Primates,Lepilemuridae,Lepilemur,CR,0.0
Lepilemur_wrightae,Lepilemur_wrighti,synonym:nominalName,Primates,Lepilemuridae,Lepilemur,EN,0.0
Lepilemur_edwardsi,Lepilemur_edwardsi,direct,Primates,Lepilemuridae,Lepilemur,EN,0.0
Lepilemur_milanoii,Lepilemur_milanoii,direct,Primates,Lepilemuridae,Lepilemur,EN,0.0
Lepilemur_grewcockorum,Lepilemur_grewcocki,synonym:nominalName,Primates,Lepilemuridae,Lepilemur,CR,0.0
Lepilemur_otto,Lepilemur_otto,direct,Primates,Lepilemuridae,Lepilemur,EN,0.0
Lepilemur_septentrionalis,Lepilemur_septentrionalis,direct,Primates,Lepilemuridae,Lepilemur,CR,0.0
Lepilemur_mittermeieri,Lepilemur_dorsalis,synonym:nominalName,Primates,Lepilemuridae,Lepilemur,EN,0.0
Lepilemur_scottorum,Lepilemur_scottorum,direct,Primates,Lepilemuridae,Lepilemur,EN,0.0
Lepilemur_ahmansonorum,Lepilemur_ahmansoni,synonym:nominalName,Primates,Lepilemuridae,Lepilemur,CR,0.0
Lepilemur_sahamalazensis,Lepilemur_sahamalaza,synonym:nominalName,Primates,Lepilemuridae,Lepilemur,CR,0.0
Lepilemur_ankaranensis,Lepilemur_ankaranensis,direct,Primates,Lepilemuridae,Lepilemur,EN,0.0
Lepilemur_dorsalis,Lepilemur_dorsalis,direct,Primates,Lepilemuridae,Lepilemur,EN,0.0
Lepilemur_tymerlachsoni,Lepilemur_tymerlachsoni,direct,Primates,Lepilemuridae,Lepilemur,CR,0.0
Lepilemur_randrianasoloi,Lepilemur_randrianasoloi,direct,Primates,Lepilemuridae,Lepilemur,EN,0.0
Lepilemur_fleuretae,Lepilemur_fleuretae,direct,Primates,Lepilemuridae,Lepilemur,EN,0.0
Lepilemur_aeeclis,Lepilemur_aeeclis,direct,Primates,Lepilemuridae,Lepilemur,EN,0.0
Lepilemur_hubbardorum,Lepilemur_hubbardi,synonym:nominalName,Primates,Lepilemuridae,Lepilemur,EN,0.0
Lepilemur_ruficaudatus,Lepilemur_ruficaudatus,direct,Primates,Lepilemuridae,Lepilemur,CR,0.0
Lepilemur_leucopus,Lepilemur_leucopus,direct,Primates,Lepilemuridae,Lepilemur,EN,0.0
Lepilemur_jamesorum,Lepilemur_jamesi,synonym:nominalName,Primates,Lepilemuridae,Lepilemur,CR,0.0
Lepilemur_seali,Lepilemur_seali,direct,Primates,Lepilemuridae,Lepilemur,VU,0.0
Lepilemur_mustelinus,Lepilemur_mustelinus,direct,Primates,Lepilemuridae,Lepilemur,VU,0.0
Cheirogaleus_medius,Cheirogaleus_medius,direct,Primates,Cheirogaleidae,Cheirogaleus,VU,0.0
Cheirogaleus_major,Cheirogaleus_major,direct,Primates,Cheirogaleidae,Cheirogaleus,VU,0.0
Cheirogaleus_minusculus,Cheirogaleus_minusculus,direct,Primates,Cheirogaleidae,Cheirogaleus,NE,0.0
Cheirogaleus_crossleyi,Cheirogaleus_crossleyi,direct,Primates,Cheirogaleidae,Cheirogaleus,VU,0.0
Cheirogaleus_lavasoensis,Cheirogaleus_lavasoensis,direct,Primates,Cheirogaleidae,Cheirogaleus,EN,0.0
Cheirogaleus_sibreei,Cheirogaleus_sibreei,direct,Primates,Cheirogaleidae,Cheirogaleus,CR,0.0
Mirza_zaza,Mirza_zaza,direct,Primates,Cheirogaleidae,Mirza,VU,0.0
Mirza_coquereli,Mirza_coquereli,direct,Primates,Cheirogaleidae,Mirza,EN,0.0
Microcebus_macarthurii,Microcebus_macarthurii,direct,Primates,Cheirogaleidae,Microcebus,EN,0.0
Microcebus_ravelobensis,Microcebus_ravelobensis,direct,Primates,Cheirogaleidae,Microcebus,VU,0.0
Microcebus_danfossi,Microcebus_danfossi,direct,Primates,Cheirogaleidae,Microcebus,VU,0.0
Microcebus_bongolavensis,Microcebus_ravelobensis,synonym:nominalName,Primates,Cheirogaleidae,Microcebus,VU,0.0
Microcebus_sambiranensis,Microcebus_sambiranensis,direct,Primates,Cheirogaleidae,Microcebus,EN,0.0
Microcebus_tanosi,Microcebus_tanosi,direct,Primates,Cheirogaleidae,Microcebus,EN,0.0
Microcebus_arnholdi,Microcebus_arnholdi,direct,Primates,Cheirogaleidae,Microcebus,VU,0.0
Microcebus_tavaratra,Microcebus_tavaratra,direct,Primates,Cheirogaleidae,Microcebus,VU,0.0
Microcebus_margotmarshae,Microcebus_margotmarshae,direct,Primates,Cheirogaleidae,Microcebus,EN,0.0
Microcebus_mittermeieri,Microcebus_lehilahytsara,synonym:nominalName,Primates,Cheirogaleidae,Microcebus,NT,0.0
Microcebus_gerpi,Microcebus_gerpi,direct,Primates,Cheirogaleidae,Microcebus,CR,0.0
Microcebus_marohita,Microcebus_jollyae,synonym:nominalName,Primates,Cheirogaleidae,Microcebus,EN,0.0
Microcebus_jollyae,Microcebus_jollyae,direct,Primates,Cheirogaleidae,Microcebus,EN,0.0
Microcebus_berthae,Microcebus_berthae,direct,Primates,Cheirogaleidae,Microcebus,CR,0.0
Microcebus_myoxinus,Microcebus_myoxinus,direct,Primates,Cheirogaleidae,Microcebus,VU,0.0
Microcebus_lehilahytsara,Microcebus_lehilahytsara,direct,Primates,Cheirogaleidae,Microcebus,NT,0.0
Microcebus_rufus,Microcebus_rufus,direct,Primates,Cheirogaleidae,Microcebus,VU,0.0
Microcebus_simmonsi,Microcebus_simmonsi,direct,Primates,Cheirogaleidae,Microcebus,EN,0.0
Microcebus_mamiratra,Microcebus_mamiratra,direct,Primates,Cheirogaleidae,Microcebus,EN,0.0
Microcebus_murinus,Microcebus_murinus,direct,Primates,Cheirogaleidae,Microcebus,LC,0.0
Microcebus_griseorufus,Microcebus_griseorufus,direct,Primates,Cheirogaleidae,Microcebus,LC,0.0
Allocebus_trichotis,Allocebus_trichotis,direct,Primates,Cheirogaleidae,Allocebus,EN,0.0
Tarsius_tumpara,Tarsius_tumpara,direct,Primates,Tarsiidae,Tarsius,CR,0.0
Tarsius_pelengensis,Tarsius_pelengensis,direct,Primates,Tarsiidae,Tarsius,EN,0.0
Tarsius_syrichta,Carlito_syrichta,synonym:MSW3,Primates,Tarsiidae,Carlito,NT,0.0
Tarsius_bancanus,Cephalopachus_bancanus,synonym:MSW3,Primates,Tarsiidae,Cephalopachus,VU,0.0
Tarsius_tarsier,Tarsius_tarsier,direct,Primates,Tarsiidae,Tarsius,VU,0.0
Tarsius_lariang,Tarsius_lariang,direct,Primates,Tarsiidae,Tarsius,DD,0.0
Tarsius_sangirensis,Tarsius_sangirensis,direct,Primates,Tarsiidae,Tarsius,EN,0.0
Tarsius_dentatus,Tarsius_dentatus,direct,Primates,Tarsiidae,Tarsius,VU,0.0
Tarsius_wallacei,Tarsius_wallacei,direct,Primates,Tarsiidae,Tarsius,VU,0.0
Tarsius_pumilus,Tarsius_pumilus,direct,Primates,Tarsiidae,Tarsius,EN,0.0
Callicebus_medemi,Cheracebus_medemi,synonym:MSW3,Primates,Pitheciidae,Cheracebus,VU,0.0
Callicebus_modestus,Plecturocebus_modestus,synonym:MSW3,Primates,Pitheciidae,Plecturocebus,EN,0.0
Callicebus_cupreus,Plecturocebus_cupreus,synonym:MSW3,Primates,Pitheciidae,Plecturocebus,LC,0.0
Callicebus_oenanthe,Plecturocebus_oenanthe,synonym:MSW3,Primates,Pitheciidae,Plecturocebus,CR,0.0
Callicebus_aureipalatii,,unmatched,,,,,
Callicebus_moloch,Plecturocebus_moloch,synonym:MSW3,Primates,Pitheciidae,Plecturocebus,LC,0.0
Callicebus_barbarabrownae,Callicebus_barbarabrownae,direct,Primates,Pitheciidae,Callicebus,CR,0.0
Callicebus_hoffmannsi,Plecturocebus_hoffmannsi,synonym:MSW3,Primates,Pitheciidae,Plecturocebus,LC,0.0
Callicebus_miltoni,,unmatched,,,,,
Callicebus_regulus,Cheracebus_regulus,synonym:MSW3,Primates,Pitheciidae,Cheracebus,LC,0.0
Callicebus_donacophilus,Plecturocebus_donacophilus,synonym:MSW3,Primates,Pitheciidae,Plecturocebus,LC,0.0
Callicebus_caligatus,Plecturocebus_caligatus,synonym:MSW3,Primates,Pitheciidae,Plecturocebus,LC,0.0
Callicebus_olallae,Plecturocebus_olallae,synonym:MSW3,Primates,Pitheciidae,Plecturocebus,CR,0.0
Callicebus_nigrifrons,Callicebus_nigrifrons,direct,Primates,Pitheciidae,Callicebus,NT,0.0
Callicebus_stephennashi,,unmatched,,,,,
Callicebus_lucifer,Cheracebus_lucifer,synonym:MSW3,Primates,Pitheciidae,Cheracebus,LC,0.0
Callicebus_personatus,Callicebus_personatus,direct,Primates,Pitheciidae,Callicebus,VU,0.0
Callicebus_coimbrai,Callicebus_coimbrai,direct,Primates,Pitheciidae,Callicebus,EN,0.0
Callicebus_urubambensis,,unmatched,,,,,
Callicebus_caquetensis,,unmatched,,,,,
Callicebus_vieirai,,unmatched,,,,,
Callicebus_dubius,,unmatched,,,,,
Callicebus_discolor,Plecturocebus_leucometopus,synonym:MSW3,Primates,Pitheciidae,Plecturocebus,LC,0.0
Callicebus_bernhardi,Plecturocebus_bernhardi,synonym:MSW3,Primates,Pitheciidae,Plecturocebus,LC,0.0
Callicebus_brunneus,Plecturocebus_brunneus,synonym:MSW3,Primates,Pitheciidae,Plecturocebus,VU,0.0
Callicebus_pallescens,Plecturocebus_pallescens,synonym:MSW3,Primates,Pitheciidae,Plecturocebus,LC,0.0
Callicebus_cinerascens,Plecturocebus_cinerascens,synonym:MSW3,Primates,Pitheciidae,Plecturocebus,LC,0.0
Callicebus_ornatus,Plecturocebus_ornatus,synonym:MSW3,Primates,Pitheciidae,Plecturocebus,VU,0.0
Callicebus_baptista,Plecturocebus_baptista,synonym:MSW3,Primates,Pitheciidae,Plecturocebus,LC,0.0
Callicebus_lugens,Cheracebus_lugens,synonym:MSW3,Primates,Pitheciidae,Cheracebus,LC,0.0
Callicebus_melanochir,Callicebus_melanochir,direct,Primates,Pitheciidae,Callicebus,VU,0.0
Callicebus_torquatus,Cheracebus_torquatus,synonym:MSW3,Primates,Pitheciidae,Cheracebus,LC,0.0
Callicebus_purinus,,unmatched,,,,,
Pithecia_rylandsi,Pithecia_irrorata,synonym:nominalName,Primates,Pitheciidae,Pithecia,DD,0.0
Pithecia_mittermeieri,Pithecia_irrorata,synonym:nominalName,Primates,Pitheciidae,Pithecia,DD,0.0
Pithecia_albicans,Pithecia_albicans,direct,Primates,Pitheciidae,Pithecia,LC,0.0
Pithecia_milleri,Pithecia_milleri,direct,Primates,Pitheciidae,Pithecia,VU,0.0
Pithecia_insuta,,unmatched,,,,,
Pithecia_aequatorialis,Pithecia_aequatorialis,direct,Primates,Pitheciidae,Pithecia,LC,0.0
Pithecia_monachus,Pithecia_monachus,direct,Primates,Pitheciidae,Pithecia,LC,0.0
Pithecia_irrorata,Pithecia_irrorata,direct,Primates,Pitheciidae,Pithecia,DD,0.0
Pithecia_cazuzai,Pithecia_cazuzai,direct,Primates,Pitheciidae,Pithecia,DD,0.0
Pithecia_isabela,Pithecia_isabela,direct,Primates,Pitheciidae,Pithecia,DD,0.0
Pithecia_pissinattii,Pithecia_irrorata,synonym:nominalName,Primates,Pitheciidae,Pithecia,DD,0.0
Pithecia_hirsuta,Pithecia_hirsuta,direct,Primates,Pitheciidae,Pithecia,LC,0.0
Pithecia_vanzolinii,Pithecia_vanzolinii,direct,Primates,Pitheciidae,Pithecia,DD,0.0
Pithecia_chrysocephala,Pithecia_chrysocephala,direct,Primates,Pitheciidae,Pithecia,LC,0.0
Pithecia_pithecia,Pithecia_pithecia,direct,Primates,Pitheciidae,Pithecia,LC,0.0
Pithecia_napensis,Pithecia_napensis,direct,Primates,Pitheciidae,Pithecia,LC,0.0
Chiropotes_chiropotes,Chiropotes_chiropotes,direct,Primates,Pitheciidae,Chiropotes,LC,0.0
Chiropotes_utahickae,Chiropotes_utahicki,synonym:MSW3,Primates,Pitheciidae,Chiropotes,VU,0.0
Chiropotes_albinasus,Chiropotes_albinasus,direct,Primates,Pitheciidae,Chiropotes,VU,0.0
Chiropotes_satanas,Chiropotes_satanas,direct,Primates,Pitheciidae,Chiropotes,EN,0.0
Cacajao_calvus,Cacajao_calvus,direct,Primates,Pitheciidae,Cacajao,LC,0.0
Cacajao_melanocephalus,Cacajao_melanocephalus,direct,Primates,Pitheciidae,Cacajao,LC,0.0
Cacajao_hosomi,Cacajao_hosomi,direct,Primates,Pitheciidae,Cacajao,VU,0.0
Cacajao_ayresi,Cacajao_ayresi,direct,Primates,Pitheciidae,Cacajao,LC,0.0
Xenothrix_mcgregori,Xenothrix_mcgregori,direct,Primates,Pitheciidae,Xenothrix,EX,1.0
Callithrix_aurita,Callithrix_aurita,direct,Primates,Callitrichidae,Callithrix,EN,0.0
Callithrix_kuhlii,Callithrix_kuhlii,direct,Primates,Callitrichidae,Callithrix,VU,0.0
Mico_marcai,Mico_marcai,direct,Primates,Callitrichidae,Mico,VU,0.0
Mico_manicorensis,Mico_marcai,synonym:nominalName,Primates,Callitrichidae,Mico,VU,0.0
Mico_rondoni,Mico_rondoni,direct,Primates,Callitrichidae,Mico,VU,0.0
Mico_acariensis,Mico_acariensis,direct,Primates,Callitrichidae,Mico,LC,0.0
Mico_leucippe,Mico_leucippe,direct,Primates,Callitrichidae,Mico,LC,0.0
Mico_chrysoleucus,Mico_chrysoleucos,synonym:nominalName,Primates,Callitrichidae,Mico,LC,0.0
Mico_mauesi,Mico_mauesi,direct,Primates,Callitrichidae,Mico,LC,0.0
Mico_argentatus,Mico_argentatus,direct,Primates,Callitrichidae,Mico,LC,0.0
Callithrix_flaviceps,Callithrix_flaviceps,direct,Primates,Callitrichidae,Callithrix,CR,0.0
Mico_humeralifer,Mico_humeralifer,direct,Primates,Callitrichidae,Mico,NT,0.0
Callithrix_penicillata,Callithrix_penicillata,direct,Primates,Callitrichidae,Callithrix,LC,0.0
Mico_saterei,Mico_saterei,direct,Primates,Callitrichidae,Mico,LC,0.0
Mico_nigriceps,Mico_nigriceps,direct,Primates,Callitrichidae,Mico,NT,0.0
Mico_emiliae,Mico_emiliae,direct,Primates,Callitrichidae,Mico,LC,0.0
Mico_intermedius,Mico_intermedius,direct,Primates,Callitrichidae,Mico,LC,0.0
Callithrix_jacchus,Callithrix_jacchus,direct,Primates,Callitrichidae,Callithrix,LC,0.0
Callithrix_geoffroyi,Callithrix_geoffroyi,direct,Primates,Callitrichidae,Callithrix,LC,0.0
Mico_melanurus,Mico_melanurus,direct,Primates,Callitrichidae,Mico,NT,0.0
Cebuella_pygmaea,Cebuella_pygmaea,direct,Primates,Callitrichidae,Cebuella,VU,0.0
Callimico_goeldii,Callimico_goeldii,direct,Primates,Callitrichidae,Callimico,VU,0.0
Leontopithecus_chrysomelas,Leontopithecus_chrysomelas,direct,Primates,Callitrichidae,Leontopithecus,EN,0.0
Leontopithecus_caissara,Leontopithecus_caissara,direct,Primates,Callitrichidae,Leontopithecus,EN,0.0
Leontopithecus_rosalia,Leontopithecus_rosalia,direct,Primates,Callitrichidae,Leontopithecus,EN,0.0
Leontopithecus_chrysopygus,Leontopithecus_chrysopygus,direct,Primates,Callitrichidae,Leontopithecus,EN,0.0
Callibella_humilis,,unmatched,,,,,
Saguinus_mystax,Saguinus_mystax,direct,Primates,Callitrichidae,Saguinus,LC,0.0
Saguinus_labiatus,Saguinus_labiatus,direct,Primates,Callitrichidae,Saguinus,LC,0.0
Saguinus_inustus,Saguinus_inustus,direct,Primates,Callitrichidae,Saguinus,LC,0.0
Saguinus_imperator,Saguinus_imperator,direct,Primates,Callitrichidae,Saguinus,LC,0.0
Saguinus_niger,Saguinus_niger,direct,Primates,Callitrichidae,Saguinus,VU,0.0
Saguinus_midas,Saguinus_midas,direct,Primates,Callitrichidae,Saguinus,LC,0.0
Saguinus_oedipus,Saguinus_oedipus,direct,Primates,Callitrichidae,Saguinus,CR,0.0
Saguinus_geoffroyi,Saguinus_geoffroyi,direct,Primates,Callitrichidae,Saguinus,NT,0.0
Saguinus_martinsi,Saguinus_martinsi,direct,Primates,Callitrichidae,Saguinus,NT,0.0
Saguinus_bicolor,Saguinus_bicolor,direct,Primates,Callitrichidae,Saguinus,CR,0.0
Saguinus_leucopus,Saguinus_leucopus,direct,Primates,Callitrichidae,Saguinus,VU,0.0
Leontocebus_nigricollis,,unmatched,,,,,
Leontocebus_tripartitus,,unmatched,,,,,
Leontocebus_lagonotus,,unmatched,,,,,
Leontocebus_leucogenys,,unmatched,,,,,
Leontocebus_illigeri,,unmatched,,,,,
Leontocebus_nigrifrons,,unmatched,,,,,
Leontocebus_fuscicollis,,unmatched,,,,,
Leontocebus_weddelli,,unmatched,,,,,
Leontocebus_cruzlimai,,unmatched,,,,,
Saimiri_ustus,Saimiri_ustus,direct,Primates,Cebidae,Saimiri,NT,0.0
Saimiri_vanzolinii,Saimiri_vanzolinii,direct,Primates,Cebidae,Saimiri,EN,0.0
Saimiri_sciureus,Saimiri_sciureus,direct,Primates,Cebidae,Saimiri,LC,0.0
Saimiri_oerstedii,Saimiri_oerstedii,direct,Primates,Cebidae,Saimiri,EN,0.0
Saimiri_boliviensis,Saimiri_boliviensis,direct,Primates,Cebidae,Saimiri,LC,0.0
Sapajus_xanthosternos,Sapajus_xanthosternos,direct,Primates,Cebidae,Sapajus,CR,0.0
Sapajus_nigritus,Sapajus_nigritus,direct,Primates,Cebidae,Sapajus,NT,0.0
Sapajus_cay,Sapajus_cay,direct,Primates,Cebidae,Sapajus,VU,0.0
Sapajus_flavius,Sapajus_flavius,direct,Primates,Cebidae,Sapajus,EN,0.0
Sapajus_macrocephalus,Sapajus_apella,synonym:nominalName,Primates,Cebidae,Sapajus,LC,0.0
Sapajus_libidinosus,Sapajus_libidinosus,direct,Primates,Cebidae,Sapajus,NT,0.0
Sapajus_apella,Sapajus_apella,direct,Primates,Cebidae,Sapajus,LC,0.0
Sapajus_robustus,Sapajus_robustus,direct,Primates,Cebidae,Sapajus,EN,0.0
Cebus_albifrons,Cebus_albifrons,direct,Primates,Cebidae,Cebus,LC,0.0
Cebus_kaapori,Cebus_kaapori,direct,Primates,Cebidae,Cebus,CR,0.0
Cebus_olivaceus,Cebus_olivaceus,direct,Primates,Cebidae,Cebus,LC,0.0
Cebus_capucinus,Cebus_capucinus,direct,Primates,Cebidae,Cebus,VU,0.0
Aotus_griseimembra,Aotus_griseimembra,direct,Primates,Aotidae,Aotus,VU,0.0
Aotus_lemurinus,Aotus_lemurinus,direct,Primates,Aotidae,Aotus,VU,0.0
Aotus_nancymaae,Aotus_nancymai,synonym:MSW3,Primates,Aotidae,Aotus,VU,0.0
Aotus_miconax,Aotus_miconax,direct,Primates,Aotidae,Aotus,EN,0.0
Aotus_vociferans,Aotus_vociferans,direct,Primates,Aotidae,Aotus,LC,0.0
Aotus_trivirgatus,Aotus_trivirgatus,direct,Primates,Aotidae,Aotus,LC,0.0
Aotus_azarae,Aotus_azarae,direct,Primates,Aotidae,Aotus,LC,0.0
Aotus_jorgehernandezi,Aotus_brumbacki,synonym:nominalName,Primates,Aotidae,Aotus,VU,0.0
Aotus_nigriceps,Aotus_nigriceps,direct,Primates,Aotidae,Aotus,LC,0.0
Aotus_zonalis,Aotus_zonalis,direct,Primates,Aotidae,Aotus,NT,0.0
Aotus_brumbacki,Aotus_brumbacki,direct,Primates,Aotidae,Aotus,VU,0.0
Ateles_geoffroyi,Ateles_geoffroyi,direct,Primates,Atelidae,Ateles,EN,0.0
Ateles_fusciceps,Ateles_fusciceps,direct,Primates,Atelidae,Ateles,EN,0.0
Ateles_paniscus,Ateles_paniscus,direct,Primates,Atelidae,Ateles,VU,0.0
Ateles_hybridus,Ateles_hybridus,direct,Primates,Atelidae,Ateles,CR,0.0
Ateles_chamek,Ateles_chamek,direct,Primates,Atelidae,Ateles,EN,0.0
Ateles_marginatus,Ateles_marginatus,direct,Primates,Atelidae,Ateles,EN,0.0
Ateles_belzebuth,Ateles_belzebuth,direct,Primates,Atelidae,Ateles,EN,0.0
Brachyteles_hypoxanthus,Brachyteles_hypoxanthus,direct,Primates,Atelidae,Brachyteles,CR,0.0
Brachyteles_arachnoides,Brachyteles_arachnoides,direct,Primates,Atelidae,Brachyteles,CR,0.0
Lagothrix_cana,Lagothrix_lagothricha,synonym:nominalName,Primates,Atelidae,Lagothrix,VU,0.0
Lagothrix_poeppigii,Lagothrix_lagothricha,synonym:nominalName,Primates,Atelidae,Lagothrix,VU,0.0
Lagothrix_lugens,Lagothrix_lagothricha,synonym:nominalName,Primates,Atelidae,Lagothrix,VU,0.0
Lagothrix_lagotricha,Lagothrix_lagothricha,synonym:MSW3,Primates,Atelidae,Lagothrix,VU,0.0
Oreonax_flavicauda,Lagothrix_flavicauda,synonym:MSW3,Primates,Atelidae,Lagothrix,CR,0.0
Alouatta_pigra,Alouatta_pigra,direct,Primates,Atelidae,Alouatta,EN,0.0
Alouatta_palliata,Alouatta_palliata,direct,Primates,Atelidae,Alouatta,VU,0.0
Alouatta_juara,Alouatta_seniculus,synonym:nominalName,Primates,Atelidae,Alouatta,LC,0.0
Alouatta_guariba,Alouatta_guariba,direct,Primates,Atelidae,Alouatta,VU,0.0
Alouatta_belzebul,Alouatta_belzebul,direct,Primates,Atelidae,Alouatta,VU,0.0
Alouatta_nigerrima,Alouatta_nigerrima,direct,Primates,Atelidae,Alouatta,LC,0.0
Alouatta_caraya,Alouatta_caraya,direct,Primates,Atelidae,Alouatta,NT,0.0
Alouatta_arctoidea,Alouatta_arctoidea,direct,Primates,Atelidae,Alouatta,LC,0.0
Alouatta_ululata,Alouatta_ululata,direct,Primates,Atelidae,Alouatta,EN,0.0
Alouatta_sara,Alouatta_sara,direct,Primates,Atelidae,Alouatta,NT,0.0
Alouatta_discolor,Alouatta_discolor,direct,Primates,Atelidae,Alouatta,VU,0.0
Alouatta_macconnelli,Alouatta_macconnelli,direct,Primates,Atelidae,Alouatta,LC,0.0
Alouatta_seniculus,Alouatta_seniculus,direct,Primates,Atelidae,Alouatta,LC,0.0
Alouatta_puruensis,Alouatta_seniculus,synonym:nominalName,Primates,Atelidae,Alouatta,LC,0.0
Symphalangus_syndactylus,Symphalangus_syndactylus,direct,Primates,Hylobatidae,Symphalangus,EN,0.0
Hylobates_pileatus,Hylobates_pileatus,direct,Primates,Hylobatidae,Hylobates,EN,0.0
Hylobates_lar,Hylobates_lar,direct,Primates,Hylobatidae,Hylobates,EN,0.0
Hylobates_muelleri,Hylobates_muelleri,direct,Primates,Hylobatidae,Hylobates,EN,0.0
Hylobates_moloch,Hylobates_moloch,direct,Primates,Hylobatidae,Hylobates,EN,0.0
Hylobates_klossii,Hylobates_klossii,direct,Primates,Hylobatidae,Hylobates,EN,0.0
Hylobates_albibarbis,Hylobates_albibarbis,direct,Primates,Hylobatidae,Hylobates,EN,0.0
Hylobates_agilis,Hylobates_agilis,direct,Primates,Hylobatidae,Hylobates,EN,0.0
Nomascus_annamensis,Nomascus_annamensis,direct,Primates,Hylobatidae,Nomascus,EN,0.0
Nomascus_nasutus,Nomascus_nasutus,direct,Primates,Hylobatidae,Nomascus,CR,0.0
Nomascus_hainanus,Nomascus_hainanus,direct,Primates,Hylobatidae,Nomascus,CR,0.0
Nomascus_leucogenys,Nomascus_leucogenys,direct,Primates,Hylobatidae,Nomascus,CR,0.0
Nomascus_siki,Nomascus_siki,direct,Primates,Hylobatidae,Nomascus,CR,0.0
Nomascus_gabriellae,Nomascus_gabriellae,direct,Primates,Hylobatidae,Nomascus,EN,0.0
Nomascus_concolor,Nomascus_concolor,direct,Primates,Hylobatidae,Nomascus,CR,0.0
Hoolock_leuconedys,Hoolock_leuconedys,direct,Primates,Hylobatidae,Hoolock,VU,0.0
Hoolock_hoolock,Hoolock_hoolock,direct,Primates,Hylobatidae,Hoolock,EN,0.0
Pongo_pygmaeus,Pongo_pygmaeus,direct,Primates,Hominidae,Pongo,CR,0.0
Pongo_abelii,Pongo_abelii,direct,Primates,Hominidae,Pongo,CR,0.0
Pan_troglodytes,Pan_troglodytes,direct,Primates,Hominidae,Pan,EN,0.0
Pan_paniscus,Pan_paniscus,direct,Primates,Hominidae,Pan,EN,0.0
Homo_sapiens,Homo_sapiens,direct,Primates,Hominidae,Homo,NE,0.0
Homo_neanderthalensis,,unmatched,,,,,
Homo_heidelbergensis,,unmatched,,,,,
Homo_denisova,,unmatched,,,,,
Gorilla_gorilla,Gorilla_gorilla,direct,Primates,Hominidae,Gorilla,CR,0.0
Gorilla_beringei,Gorilla_beringei,direct,Primates,Hominidae,Gorilla,CR,0.0
Trachypithecus_germaini,Trachypithecus_germaini,direct,Primates,Cercopithecidae,Trachypithecus,EN,0.0
Trachypithecus_auratus,Trachypithecus_auratus,direct,Primates,Cercopithecidae,Trachypithecus,VU,0.0
Trachypithecus_cristatus,Trachypithecus_cristatus,direct,Primates,Cercopithecidae,Trachypithecus,VU,0.0
Trachypithecus_phayrei,Trachypithecus_phayrei,direct,Primates,Cercopithecidae,Trachypithecus,EN,0.0
Semnopithecus_ajax,Semnopithecus_ajax,direct,Primates,Cercopithecidae,Semnopithecus,EN,0.0
Trachypithecus_barbei,Trachypithecus_barbei,direct,Primates,Cercopithecidae,Trachypithecus,VU,0.0
Trachypithecus_obscurus,Trachypithecus_obscurus,direct,Primates,Cercopithecidae,Trachypithecus,EN,0.0
Semnopithecus_dussumieri,Semnopithecus_hypoleucos,synonym:nominalName,Primates,Cercopithecidae,Semnopithecus,LC,0.0
Trachypithecus_francoisi,Trachypithecus_francoisi,direct,Primates,Cercopithecidae,Trachypithecus,EN,0.0
Semnopithecus_schistaceus,Semnopithecus_schistaceus,direct,Primates,Cercopithecidae,Semnopithecus,LC,0.0
Trachypithecus_poliocephalus,Trachypithecus_poliocephalus,direct,Primates,Cercopithecidae,Trachypithecus,CR,0.0
Trachypithecus_delacouri,Trachypithecus_delacouri,direct,Primates,Cercopithecidae,Trachypithecus,CR,0.0
Trachypithecus_laotum,Trachypithecus_laotum,direct,Primates,Cercopithecidae,Trachypithecus,EN,0.0
Trachypithecus_hatinhensis,Trachypithecus_hatinhensis,direct,Primates,Cercopithecidae,Trachypithecus,EN,0.0
Trachypithecus_pileatus,Trachypithecus_pileatus,direct,Primates,Cercopithecidae,Trachypithecus,VU,0.0
Trachypithecus_shortridgei,Trachypithecus_shortridgei,direct,Primates,Cercopithecidae,Trachypithecus,EN,0.0
Semnopithecus_entellus,Semnopithecus_entellus,direct,Primates,Cercopithecidae,Semnopithecus,LC,0.0
Semnopithecus_hypoleucos,Semnopithecus_hypoleucos,direct,Primates,Cercopithecidae,Semnopithecus,LC,0.0
Semnopithecus_priam,Semnopithecus_priam,direct,Primates,Cercopithecidae,Semnopithecus,NT,0.0
Trachypithecus_johnii,Semnopithecus_johnii,synonym:MSW3,Primates,Cercopithecidae,Semnopithecus,VU,0.0
Semnopithecus_hector,Semnopithecus_hector,direct,Primates,Cercopithecidae,Semnopithecus,NT,0.0
Trachypithecus_vetulus,Semnopithecus_vetulus,synonym:MSW3,Primates,Cercopithecidae,Semnopithecus,EN,0.0
Trachypithecus_geei,Trachypithecus_geei,direct,Primates,Cercopithecidae,Trachypithecus,EN,0.0
Presbytis_thomasi,Presbytis_thomasi,direct,Primates,Cercopithecidae,Presbytis,VU,0.0
Presbytis_frontata,Presbytis_frontata,direct,Primates,Cercopithecidae,Presbytis,VU,0.0
Presbytis_chrysomelas,Presbytis_chrysomelas,direct,Primates,Cercopithecidae,Presbytis,CR,0.0
Presbytis_natunae,Presbytis_natunae,direct,Primates,Cercopithecidae,Presbytis,VU,0.0
Presbytis_potenziani,Presbytis_potenziani,direct,Primates,Cercopithecidae,Presbytis,CR,0.0
Presbytis_hosei,Presbytis_hosei,direct,Primates,Cercopithecidae,Presbytis,VU,0.0
Presbytis_siamensis,Presbytis_siamensis,direct,Primates,Cercopithecidae,Presbytis,NT,0.0
Presbytis_rubicunda,Presbytis_rubicunda,direct,Primates,Cercopithecidae,Presbytis,VU,0.0
Presbytis_femoralis,Presbytis_femoralis,direct,Primates,Cercopithecidae,Presbytis,CR,0.0
Presbytis_comata,Presbytis_comata,direct,Primates,Cercopithecidae,Presbytis,VU,0.0
Presbytis_melalophos,Presbytis_melalophos,direct,Primates,Cercopithecidae,Presbytis,EN,0.0
Rhinopithecus_strykeri,Rhinopithecus_strykeri,direct,Primates,Cercopithecidae,Rhinopithecus,CR,0.0
Rhinopithecus_bieti,Rhinopithecus_bieti,direct,Primates,Cercopithecidae,Rhinopithecus,EN,0.0
Rhinopithecus_roxellana,Rhinopithecus_roxellana,direct,Primates,Cercopithecidae,Rhinopithecus,EN,0.0
Rhinopithecus_brelichi,Rhinopithecus_brelichi,direct,Primates,Cercopithecidae,Rhinopithecus,CR,0.0
Rhinopithecus_avunculus,Rhinopithecus_avunculus,direct,Primates,Cercopithecidae,Rhinopithecus,CR,0.0
Pygathrix_nigripes,Pygathrix_nigripes,direct,Primates,Cercopithecidae,Pygathrix,CR,0.0
Pygathrix_nemaeus,Pygathrix_nemaeus,direct,Primates,Cercopithecidae,Pygathrix,CR,0.0
Pygathrix_cinerea,Pygathrix_cinerea,direct,Primates,Cercopithecidae,Pygathrix,CR,0.0
Simias_concolor,Simias_concolor,direct,Primates,Cercopithecidae,Simias,CR,0.0
Nasalis_larvatus,Nasalis_larvatus,direct,Primates,Cercopithecidae,Nasalis,EN,0.0
Procolobus_gordonorum,,unmatched,,,,,
Procolobus_kirkii,,unmatched,,,,,
Procolobus_rufomitratus,,unmatched,,,,,
Procolobus_pennantii,,unmatched,,,,,
Procolobus_verus,Procolobus_verus,direct,Primates,Cercopithecidae,Procolobus,VU,0.0
Procolobus_preussi,,unmatched,,,,,
Procolobus_badius,,unmatched,,,,,
Colobus_angolensis,Colobus_angolensis,direct,Primates,Cercopithecidae,Colobus,VU,0.0
Colobus_vellerosus,Colobus_vellerosus,direct,Primates,Cercopithecidae,Colobus,CR,0.0
Colobus_satanas,Colobus_satanas,direct,Primates,Cercopithecidae,Colobus,VU,0.0
Colobus_guereza,Colobus_guereza,direct,Primates,Cercopithecidae,Colobus,LC,0.0
Colobus_polykomos,Colobus_polykomos,direct,Primates,Cercopithecidae,Colobus,EN,0.0
Macaca_sylvanus,Macaca_sylvanus,direct,Primates,Cercopithecidae,Macaca,EN,0.0
Macaca_sinica,Macaca_sinica,direct,Primates,Cercopithecidae,Macaca,EN,0.0
Macaca_nigrescens,Macaca_nigrescens,direct,Primates,Cercopithecidae,Macaca,VU,0.0
Macaca_tonkeana,Macaca_tonkeana,direct,Primates,Cercopithecidae,Macaca,VU,0.0
Macaca_hecki,Macaca_hecki,direct,Primates,Cercopithecidae,Macaca,VU,0.0
Macaca_maura,Macaca_maura,direct,Primates,Cercopithecidae,Macaca,EN,0.0
Macaca_ochreata,Macaca_ochreata,direct,Primates,Cercopithecidae,Macaca,VU,0.0
Macaca_siberu,Macaca_siberu,direct,Primates,Cercopithecidae,Macaca,EN,0.0
Macaca_silenus,Macaca_silenus,direct,Primates,Cercopithecidae,Macaca,EN,0.0
Macaca_pagensis,Macaca_pagensis,direct,Primates,Cercopithecidae,Macaca,CR,0.0
Macaca_nemestrina,Macaca_nemestrina,direct,Primates,Cercopithecidae,Macaca,EN,0.0
Macaca_leonina,Macaca_leonina,direct,Primates,Cercopithecidae,Macaca,VU,0.0
Macaca_munzala,Macaca_munzala,direct,Primates,Cercopithecidae,Macaca,EN,0.0
Macaca_radiata,Macaca_radiata,direct,Primates,Cercopithecidae,Macaca,VU,0.0
Macaca_assamensis,Macaca_assamensis,direct,Primates,Cercopithecidae,Macaca,NT,0.0
Macaca_thibetana,Macaca_thibetana,direct,Primates,Cercopithecidae,Macaca,NT,0.0
Macaca_mulatta,Macaca_mulatta,direct,Primates,Cercopithecidae,Macaca,LC,0.0
Macaca_fuscata,Macaca_fuscata,direct,Primates,Cercopithecidae,Macaca,LC,0.0
Macaca_nigra,Macaca_nigra,direct,Primates,Cercopithecidae,Macaca,CR,0.0
Macaca_cyclopis,Macaca_cyclopis,direct,Primates,Cercopithecidae,Macaca,LC,0.0
Macaca_arctoides,Macaca_arctoides,direct,Primates,Cercopithecidae,Macaca,VU,0.0
Macaca_leucogenys,Macaca_leucogenys,direct,Primates,Cercopithecidae,Macaca,EN,0.0
Macaca_fascicularis,Macaca_fascicularis,direct,Primates,Cercopithecidae,Macaca,EN,0.0
Lophocebus_aterrimus,Lophocebus_aterrimus,direct,Primates,Cercopithecidae,Lophocebus,VU,0.0
Cercocebus_sanjei,Cercocebus_sanjei,direct,Primates,Cercopithecidae,Cercocebus,EN,0.0
Papio_ursinus,Papio_ursinus,direct,Primates,Cercopithecidae,Papio,LC,0.0
Papio_cynocephalus,Papio_cynocephalus,direct,Primates,Cercopithecidae,Papio,LC,0.0
Papio_papio,Papio_papio,direct,Primates,Cercopithecidae,Papio,NT,0.0
Rungwecebus_kipunji,Rungwecebus_kipunji,direct,Primates,Cercopithecidae,Rungwecebus,EN,0.0
Papio_hamadryas,Papio_hamadryas,direct,Primates,Cercopithecidae,Papio,LC,0.0
Papio_anubis,Papio_anubis,direct,Primates,Cercopithecidae,Papio,LC,0.0
Theropithecus_gelada,Theropithecus_gelada,direct,Primates,Cercopithecidae,Theropithecus,LC,0.0
Mandrillus_sphinx,Mandrillus_sphinx,direct,Primates,Cercopithecidae,Mandrillus,VU,0.0
Mandrillus_leucophaeus,Mandrillus_leucophaeus,direct,Primates,Cercopithecidae,Mandrillus,EN,0.0
Cercocebus_atys,Cercocebus_atys,direct,Primates,Cercopithecidae,Cercocebus,VU,0.0
Lophocebus_albigena,Lophocebus_albigena,direct,Primates,Cercopithecidae,Lophocebus,VU,0.0
Cercocebus_torquatus,Cercocebus_torquatus,direct,Primates,Cercopithecidae,Cercocebus,EN,0.0
Cercocebus_chrysogaster,Cercocebus_chrysogaster,direct,Primates,Cercopithecidae,Cercocebus,EN,0.0
Cercocebus_agilis,Cercocebus_agilis,direct,Primates,Cercopithecidae,Cercocebus,LC,0.0
Cercocebus_galeritus,Cercocebus_galeritus,direct,Primates,Cercopithecidae,Cercocebus,CR,0.0
Cercopithecus_hamlyni,Cercopithecus_hamlyni,direct,Primates,Cercopithecidae,Cercopithecus,VU,0.0
Cercopithecus_neglectus,Cercopithecus_neglectus,direct,Primates,Cercopithecidae,Cercopithecus,LC,0.0
Cercopithecus_diana,Cercopithecus_diana,direct,Primates,Cercopithecidae,Cercopithecus,EN,0.0
Cercopithecus_mona,Cercopithecus_mona,direct,Primates,Cercopithecidae,Cercopithecus,NT,0.0
Cercopithecus_pogonias,Cercopithecus_pogonias,direct,Primates,Cercopithecidae,Cercopithecus,NT,0.0
Cercopithecus_campbelli,Cercopithecus_campbelli,direct,Primates,Cercopithecidae,Cercopithecus,NT,0.0
Erythrocebus_patas,Erythrocebus_patas,direct,Primates,Cercopithecidae,Erythrocebus,NT,0.0
Cercopithecus_lomamiensis,Cercopithecus_lomamiensis,direct,Primates,Cercopithecidae,Cercopithecus,VU,0.0
Chlorocebus_aethiops,Chlorocebus_aethiops,direct,Primates,Cercopithecidae,Chlorocebus,LC,0.0
Cercopithecus_sclateri,Cercopithecus_sclateri,direct,Primates,Cercopithecidae,Cercopithecus,EN,0.0
Chlorocebus_pygerythrus,Chlorocebus_pygerythrus,direct,Primates,Cercopithecidae,Chlorocebus,LC,0.0
Cercopithecus_dryas,Chlorocebus_dryas,synonym:MSW3,Primates,Cercopithecidae,Chlorocebus,EN,0.0
Chlorocebus_djamdjamensis,Chlorocebus_djamdjamensis,direct,Primates,Cercopithecidae,Chlorocebus,VU,0.0
Chlorocebus_tantalus,Chlorocebus_tantalus,direct,Primates,Cercopithecidae,Chlorocebus,LC,0.0
Chlorocebus_cynosuros,Chlorocebus_cynosuros,direct,Primates,Cercopithecidae,Chlorocebus,LC,0.0
Cercopithecus_solatus,Allochrocebus_solatus,synonym:MSW3,Primates,Cercopithecidae,Allochrocebus,NT,0.0
Chlorocebus_sabaeus,Chlorocebus_sabaeus,direct,Primates,Cercopithecidae,Chlorocebus,LC,0.0
Cercopithecus_lhoesti,Allochrocebus_lhoesti,synonym:MSW3,Primates,Cercopithecidae,Allochrocebus,VU,0.0
Cercopithecus_preussi,Allochrocebus_preussi,synonym:MSW3,Primates,Cercopithecidae,Allochrocebus,EN,0.0
Cercopithecus_cephus,Cercopithecus_cephus,direct,Primates,Cercopithecidae,Cercopithecus,LC,0.0
Cercopithecus_erythrotis,Cercopithecus_erythrotis,direct,Primates,Cercopithecidae,Cercopithecus,VU,0.0
Cercopithecus_ascanius,Cercopithecus_ascanius,direct,Primates,Cercopithecidae,Cercopithecus,LC,0.0
Cercopithecus_petaurista,Cercopithecus_petaurista,direct,Primates,Cercopithecidae,Cercopithecus,NT,0.0
Cercopithecus_erythrogaster,Cercopithecus_erythrogaster,direct,Primates,Cercopithecidae,Cercopithecus,EN,0.0
Cercopithecus_mitis,Cercopithecus_mitis,direct,Primates,Cercopithecidae,Cercopithecus,LC,0.0
Cercopithecus_nictitans,Cercopithecus_nictitans,direct,Primates,Cercopithecidae,Cercopithecus,NT,0.0
Miopithecus_talapoin,Miopithecus_talapoin,direct,Primates,Cercopithecidae,Miopithecus,VU,0.0
Miopithecus_ogouensis,Miopithecus_ogouensis,direct,Primates,Cercopithecidae,Miopithecus,NT,0.0
Allenopithecus_nigroviridis,Allenopithecus_nigroviridis,direct,Primates,Cercopithecidae,Allenopithecus,LC,0.0
Ptilocercus_lowii,Ptilocercus_lowii,direct,Scandentia,Ptilocercidae,Ptilocercus,LC,0.0
Dendrogale_murina,Dendrogale_murina,direct,Scandentia,Tupaiidae,Dendrogale,LC,0.0
Tupaia_montana,Tupaia_montana,direct,Scandentia,Tupaiidae,Tupaia,LC,0.0
Tupaia_gracilis,Tupaia_gracilis,direct,Scandentia,Tupaiidae,Tupaia,LC,0.0
Tupaia_dorsalis,Tupaia_dorsalis,direct,Scandentia,Tupaiidae,Tupaia,DD,0.0
Tupaia_tana,Tupaia_tana,direct,Scandentia,Tupaiidae,Tupaia,LC,0.0
Tupaia_splendidula,Tupaia_splendidula,direct,Scandentia,Tupaiidae,Tupaia,LC,0.0
Tupaia_palawanensis,Tupaia_palawanensis,direct,Scandentia,Tupaiidae,Tupaia,LC,0.0
Tupaia_javanica,Tupaia_javanica,direct,Scandentia,Tupaiidae,Tupaia,LC,0.0
Tupaia_minor,Tupaia_minor,direct,Scandentia,Tupaiidae,Tupaia,LC,0.0
Urogale_everetti,Tupaia_everetti,synonym:MSW3,Scandentia,Tupaiidae,Tupaia,LC,0.0
Tupaia_moellendorffi,Tupaia_palawanensis,synonym:nominalName,Scandentia,Tupaiidae,Tupaia,LC,0.0
Tupaia_picta,Tupaia_picta,direct,Scandentia,Tupaiidae,Tupaia,LC,0.0
Tupaia_longipes,Tupaia_longipes,direct,Scandentia,Tupaiidae,Tupaia,LC,0.0
Tupaia_chrysogaster,Tupaia_chrysogaster,direct,Scandentia,Tupaiidae,Tupaia,VU,0.0
Tupaia_glis,Tupaia_glis,direct,Scandentia,Tupaiidae,Tupaia,LC,0.0
Tupaia_nicobarica,Tupaia_nicobarica,direct,Scandentia,Tupaiidae,Tupaia,EN,0.0
Tupaia_belangeri,Tupaia_belangeri,direct,Scandentia,Tupaiidae,Tupaia,LC,0.0
Dendrogale_melanura,Dendrogale_melanura,direct,Scandentia,Tupaiidae,Dendrogale,DD,0.0
Anathana_ellioti,Anathana_ellioti,direct,Scandentia,Tupaiidae,Anathana,LC,0.0
Galeopterus_variegatus,Galeopterus_variegatus,direct,Dermoptera,Cynocephalidae,Galeopterus,LC,0.0
Cynocephalus_volans,Cynocephalus_volans,direct,Dermoptera,Cynocephalidae,Cynocephalus,LC,0.0
Ochotona_gloveri,Ochotona_erythrotis,synonym:nominalName,Lagomorpha,Ochotonidae,Ochotona,LC,0.0
Ochotona_erythrotis,Ochotona_erythrotis,direct,Lagomorpha,Ochotonidae,Ochotona,LC,0.0
Ochotona_syrinx,Ochotona_syrinx,direct,Lagomorpha,Ochotonidae,Ochotona,LC,0.0
Ochotona_collaris,Ochotona_collaris,direct,Lagomorpha,Ochotonidae,Ochotona,LC,0.0
Ochotona_princeps,Ochotona_princeps,direct,Lagomorpha,Ochotonidae,Ochotona,LC,0.0
Ochotona_argentata,Ochotona_argentata,direct,Lagomorpha,Ochotonidae,Ochotona,EN,0.0
Ochotona_pallasi,Ochotona_pallasii,synonym:MSW3,Lagomorpha,Ochotonidae,Ochotona,LC,0.0
Ochotona_alpina,Ochotona_alpina,direct,Lagomorpha,Ochotonidae,Ochotona,LC,0.0
Ochotona_turuchanensis,Ochotona_turuchanensis,direct,Lagomorpha,Ochotonidae,Ochotona,LC,0.0
Ochotona_hoffmanni,Ochotona_hoffmanni,direct,Lagomorpha,Ochotonidae,Ochotona,EN,0.0
Ochotona_hyperborea,Ochotona_hyperborea,direct,Lagomorpha,Ochotonidae,Ochotona,LC,0.0
Ochotona_mantchurica,Ochotona_mantchurica,direct,Lagomorpha,Ochotonidae,Ochotona,LC,0.0
Ochotona_dauurica,Ochotona_dauurica,direct,Lagomorpha,Ochotonidae,Ochotona,LC,0.0
Ochotona_coreana,Ochotona_coreana,direct,Lagomorpha,Ochotonidae,Ochotona,DD,0.0
Ochotona_cansus,Ochotona_cansus,direct,Lagomorpha,Ochotonidae,Ochotona,LC,0.0
Ochotona_curzoniae,Ochotona_curzoniae,direct,Lagomorpha,Ochotonidae,Ochotona,LC,0.0
Ochotona_nubrica,Ochotona_nubrica,direct,Lagomorpha,Ochotonidae,Ochotona,LC,0.0
Ochotona_thibetana,Ochotona_thibetana,direct,Lagomorpha,Ochotonidae,Ochotona,LC,0.0
Ochotona_thomasi,Ochotona_thomasi,direct,Lagomorpha,Ochotonidae,Ochotona,LC,0.0
Ochotona_pusilla,Ochotona_pusilla,direct,Lagomorpha,Ochotonidae,Ochotona,LC,0.0
Ochotona_iliensis,Ochotona_iliensis,direct,Lagomorpha,Ochotonidae,Ochotona,EN,0.0
Ochotona_koslowi,Ochotona_koslowi,direct,Lagomorpha,Ochotonidae,Ochotona,EN,0.0
Ochotona_rutila,Ochotona_rutila,direct,Lagomorpha,Ochotonidae,Ochotona,LC,0.0
Ochotona_ladacensis,Ochotona_ladacensis,direct,Lagomorpha,Ochotonidae,Ochotona,LC,0.0
Ochotona_macrotis,Ochotona_macrotis,direct,Lagomorpha,Ochotonidae,Ochotona,LC,0.0
Ochotona_roylei,Ochotona_roylii,synonym:MSW3,Lagomorpha,Ochotonidae,Ochotona,LC,0.0
Ochotona_rufescens,Ochotona_rufescens,direct,Lagomorpha,Ochotonidae,Ochotona,LC,0.0
Ochotona_forresti,Ochotona_forresti,direct,Lagomorpha,Ochotonidae,Ochotona,LC,0.0
Pronolagus_saundersiae,Pronolagus_saundersiae,direct,Lagomorpha,Leporidae,Pronolagus,LC,0.0
Pronolagus_rupestris,Pronolagus_rupestris,direct,Lagomorpha,Leporidae,Pronolagus,LC,0.0
Pronolagus_randensis,Pronolagus_randensis,direct,Lagomorpha,Leporidae,Pronolagus,LC,0.0
Pronolagus_crassicaudatus,Pronolagus_crassicaudatus,direct,Lagomorpha,Leporidae,Pronolagus,LC,0.0
Prolagus_sardus,Prolagus_sardus,direct,Lagomorpha,Prolagidae,Prolagus,EX,1.0
Nesolagus_timminsi,Nesolagus_timminsi,direct,Lagomorpha,Leporidae,Nesolagus,EN,0.0
Nesolagus_netscheri,Nesolagus_netscheri,direct,Lagomorpha,Leporidae,Nesolagus,DD,0.0
Poelagus_marjorita,Poelagus_marjorita,direct,Lagomorpha,Leporidae,Poelagus,LC,0.0
Romerolagus_diazi,Romerolagus_diazi,direct,Lagomorpha,Leporidae,Romerolagus,EN,0.0
Lepus_nigricollis,Lepus_nigricollis,direct,Lagomorpha,Leporidae,Lepus,LC,0.0
Brachylagus_idahoensis,Sylvilagus_idahoensis,synonym:MSW3,Lagomorpha,Leporidae,Sylvilagus,LC,0.0
Lepus_saxatilis,Lepus_saxatilis,direct,Lagomorpha,Leporidae,Lepus,LC,0.0
Lepus_peguensis,Lepus_peguensis,direct,Lagomorpha,Leporidae,Lepus,LC,0.0
Lepus_hainanus,Lepus_hainanus,direct,Lagomorpha,Leporidae,Lepus,EN,0.0
Lepus_europaeus,Lepus_europaeus,direct,Lagomorpha,Leporidae,Lepus,LC,0.0
Lepus_granatensis,Lepus_granatensis,direct,Lagomorpha,Leporidae,Lepus,LC,0.0
Lepus_yarkandensis,Lepus_yarkandensis,direct,Lagomorpha,Leporidae,Lepus,NT,0.0
Lepus_sinensis,Lepus_sinensis,direct,Lagomorpha,Leporidae,Lepus,LC,0.0
Lepus_mandshuricus,Lepus_mandshuricus,direct,Lagomorpha,Leporidae,Lepus,LC,0.0
Lepus_tolai,Lepus_tolai,direct,Lagomorpha,Leporidae,Lepus,LC,0.0
Lepus_corsicanus,Lepus_corsicanus,direct,Lagomorpha,Leporidae,Lepus,VU,0.0
Lepus_castroviejoi,Lepus_castroviejoi,direct,Lagomorpha,Leporidae,Lepus,VU,0.0
Lepus_fagani,Lepus_fagani,direct,Lagomorpha,Leporidae,Lepus,LC,0.0
Lepus_coreanus,Lepus_coreanus,direct,Lagomorpha,Leporidae,Lepus,LC,0.0
Lepus_timidus,Lepus_timidus,direct,Lagomorpha,Leporidae,Lepus,LC,0.0
Lepus_arcticus,Lepus_arcticus,direct,Lagomorpha,Leporidae,Lepus,LC,0.0
Lepus_othus,Lepus_othus,direct,Lagomorpha,Leporidae,Lepus,LC,0.0
Lepus_townsendii,Lepus_townsendii,direct,Lagomorpha,Leporidae,Lepus,LC,0.0
Lepus_microtis,Lepus_microtis,direct,Lagomorpha,Leporidae,Lepus,LC,0.0
Lepus_capensis,Lepus_capensis,direct,Lagomorpha,Leporidae,Lepus,LC,0.0
Lepus_comus,Lepus_comus,direct,Lagomorpha,Leporidae,Lepus,LC,0.0
Lepus_oiostolus,Lepus_oiostolus,direct,Lagomorpha,Leporidae,Lepus,LC,0.0
Lepus_californicus,Lepus_californicus,direct,Lagomorpha,Leporidae,Lepus,LC,0.0
Lepus_insularis,Lepus_californicus,synonym:nominalName,Lagomorpha,Leporidae,Lepus,LC,0.0
Lepus_alleni,Lepus_alleni,direct,Lagomorpha,Leporidae,Lepus,LC,0.0
Lepus_flavigularis,Lepus_flavigularis,direct,Lagomorpha,Leporidae,Lepus,EN,0.0
Lepus_callotis,Lepus_callotis,direct,Lagomorpha,Leporidae,Lepus,VU,0.0
Lepus_americanus,Lepus_americanus,direct,Lagomorpha,Leporidae,Lepus,LC,0.0
Lepus_brachyurus,Lepus_brachyurus,direct,Lagomorpha,Leporidae,Lepus,LC,0.0
Oryctolagus_cuniculus,Oryctolagus_cuniculus,direct,Lagomorpha,Leporidae,Oryctolagus,EN,0.0
Caprolagus_hispidus,Caprolagus_hispidus,direct,Lagomorpha,Leporidae,Caprolagus,EN,0.0
Lepus_habessinicus,Lepus_habessinicus,direct,Lagomorpha,Leporidae,Lepus,LC,0.0
Lepus_tibetanus,Lepus_tibetanus,direct,Lagomorpha,Leporidae,Lepus,LC,0.0
Pentalagus_furnessi,Pentalagus_furnessi,direct,Lagomorpha,Leporidae,Pentalagus,EN,0.0
Bunolagus_monticularis,Bunolagus_monticularis,direct,Lagomorpha,Leporidae,Bunolagus,CR,0.0
Lepus_starcki,Lepus_starcki,direct,Lagomorpha,Leporidae,Lepus,LC,0.0
Sylvilagus_obscurus,Sylvilagus_obscurus,direct,Lagomorpha,Leporidae,Sylvilagus,NT,0.0
Sylvilagus_cognatus,Sylvilagus_holzneri,synonym:nominalName,Lagomorpha,Leporidae,Sylvilagus,NE,0.0
Sylvilagus_transitionalis,Sylvilagus_transitionalis,direct,Lagomorpha,Leporidae,Sylvilagus,VU,0.0
Sylvilagus_brasiliensis,Sylvilagus_brasiliensis,direct,Lagomorpha,Leporidae,Sylvilagus,EN,0.0
Sylvilagus_varynaensis,Sylvilagus_varynaensis,direct,Lagomorpha,Leporidae,Sylvilagus,DD,0.0
Sylvilagus_robustus,Sylvilagus_holzneri,synonym:nominalName,Lagomorpha,Leporidae,Sylvilagus,NE,0.0
Sylvilagus_floridanus,Sylvilagus_floridanus,direct,Lagomorpha,Leporidae,Sylvilagus,LC,0.0
Sylvilagus_mansuetus,Sylvilagus_bachmani,synonym:nominalName,Lagomorpha,Leporidae,Sylvilagus,LC,0.0
Sylvilagus_palustris,Sylvilagus_palustris,direct,Lagomorpha,Leporidae,Sylvilagus,LC,0.0
Sylvilagus_cunicularius,Sylvilagus_cunicularius,direct,Lagomorpha,Leporidae,Sylvilagus,LC,0.0
Sylvilagus_aquaticus,Sylvilagus_aquaticus,direct,Lagomorpha,Leporidae,Sylvilagus,LC,0.0
Sylvilagus_insonus,Sylvilagus_insonus,direct,Lagomorpha,Leporidae,Sylvilagus,DD,0.0
Sylvilagus_dicei,Sylvilagus_dicei,direct,Lagomorpha,Leporidae,Sylvilagus,VU,0.0
Sylvilagus_nuttallii,Sylvilagus_nuttallii,direct,Lagomorpha,Leporidae,Sylvilagus,LC,0.0
Sylvilagus_bachmani,Sylvilagus_bachmani,direct,Lagomorpha,Leporidae,Sylvilagus,LC,0.0
Sylvilagus_graysoni,Sylvilagus_graysoni,direct,Lagomorpha,Leporidae,Sylvilagus,EN,0.0
Sylvilagus_audubonii,Sylvilagus_audubonii,direct,Lagomorpha,Leporidae,Sylvilagus,LC,0.0
Glis_glis,Glis_glis,direct,Rodentia,Gliridae,Glis,LC,0.0
Chaetocauda_sichuanensis,Chaetocauda_sichuanensis,direct,Rodentia,Gliridae,Chaetocauda,DD,0.0
Glirulus_japonicus,Glirulus_japonicus,direct,Rodentia,Gliridae,Glirulus,LC,0.0
Selevinia_betpakdalaensis,Selevinia_betpakdalaensis,direct,Rodentia,Gliridae,Selevinia,DD,0.0
Myomimus_personatus,Myomimus_personatus,direct,Rodentia,Gliridae,Myomimus,DD,0.0
Myomimus_setzeri,Myomimus_setzeri,direct,Rodentia,Gliridae,Myomimus,DD,0.0
Myomimus_roachi,Myomimus_roachi,direct,Rodentia,Gliridae,Myomimus,VU,0.0
Eliomys_quercinus,Eliomys_quercinus,direct,Rodentia,Gliridae,Eliomys,VU,0.0
Eliomys_melanurus,Eliomys_melanurus,direct,Rodentia,Gliridae,Eliomys,LC,0.0
Eliomys_munbyanus,Eliomys_munbyanus,direct,Rodentia,Gliridae,Eliomys,LC,0.0
Dryomys_niethammeri,Dryomys_niethammeri,direct,Rodentia,Gliridae,Dryomys,VU,0.0
Dryomys_laniger,Dryomys_laniger,direct,Rodentia,Gliridae,Dryomys,DD,0.0
Dryomys_nitedula,Dryomys_nitedula,direct,Rodentia,Gliridae,Dryomys,LC,0.0
Muscardinus_avellanarius,Muscardinus_avellanarius,direct,Rodentia,Gliridae,Muscardinus,LC,0.0
Graphiurus_microtis,Graphiurus_microtis,direct,Rodentia,Gliridae,Graphiurus,LC,0.0
Graphiurus_surdus,Graphiurus_surdus,direct,Rodentia,Gliridae,Graphiurus,DD,0.0
Graphiurus_ocularis,Graphiurus_ocularis,direct,Rodentia,Gliridae,Graphiurus,LC,0.0
Graphiurus_platyops,Graphiurus_platyops,direct,Rodentia,Gliridae,Graphiurus,LC,0.0
Graphiurus_angolensis,Graphiurus_angolensis,direct,Rodentia,Gliridae,Graphiurus,DD,0.0
Graphiurus_monardi,Graphiurus_monardi,direct,Rodentia,Gliridae,Graphiurus,DD,0.0
Graphiurus_crassicaudatus,Graphiurus_crassicaudatus,direct,Rodentia,Gliridae,Graphiurus,DD,0.0
Graphiurus_murinus,Graphiurus_murinus,direct,Rodentia,Gliridae,Graphiurus,LC,0.0
Graphiurus_lorraineus,Graphiurus_lorraineus,direct,Rodentia,Gliridae,Graphiurus,LC,0.0
Graphiurus_kelleni,Graphiurus_kelleni,direct,Rodentia,Gliridae,Graphiurus,LC,0.0
Graphiurus_rupicola,Graphiurus_rupicola,direct,Rodentia,Gliridae,Graphiurus,LC,0.0
Graphiurus_walterverheyeni,Graphiurus_walterverheyeni,direct,Rodentia,Gliridae,Graphiurus,DD,0.0
Graphiurus_johnstoni,Graphiurus_johnstoni,direct,Rodentia,Gliridae,Graphiurus,DD,0.0
Graphiurus_christyi,Graphiurus_christyi,direct,Rodentia,Gliridae,Graphiurus,LC,0.0
Graphiurus_nagtglasii,Graphiurus_nagtglasii,direct,Rodentia,Gliridae,Graphiurus,LC,0.0
Aplodontia_rufa,Aplodontia_rufa,direct,Rodentia,Aplodontiidae,Aplodontia,LC,0.0
Ratufa_affinis,Ratufa_affinis,direct,Rodentia,Sciuridae,Ratufa,NT,0.0
Ratufa_bicolor,Ratufa_bicolor,direct,Rodentia,Sciuridae,Ratufa,NT,0.0
Ratufa_indica,Ratufa_indica,direct,Rodentia,Sciuridae,Ratufa,LC,0.0
Ratufa_macroura,Ratufa_macroura,direct,Rodentia,Sciuridae,Ratufa,NT,0.0
Sciurillus_pusillus,Sciurillus_pusillus,direct,Rodentia,Sciuridae,Sciurillus,LC,0.0
Funambulus_tristriatus,Funambulus_tristriatus,direct,Rodentia,Sciuridae,Funambulus,LC,0.0
Funambulus_palmarum,Funambulus_palmarum,direct,Rodentia,Sciuridae,Funambulus,LC,0.0
Funambulus_layardi,Funambulus_layardi,direct,Rodentia,Sciuridae,Funambulus,VU,0.0
Funambulus_pennantii,Funambulus_pennantii,direct,Rodentia,Sciuridae,Funambulus,LC,0.0
Funambulus_sublineatus,Funambulus_sublineatus,direct,Rodentia,Sciuridae,Funambulus,VU,0.0
Dremomys_pernyi,Dremomys_pernyi,direct,Rodentia,Sciuridae,Dremomys,LC,0.0
Dremomys_gularis,Dremomys_gularis,direct,Rodentia,Sciuridae,Dremomys,DD,0.0
Dremomys_everetti,Sundasciurus_everetti,synonym:MSW3,Rodentia,Sciuridae,Sundasciurus,LC,0.0
Dremomys_rufigenis,Dremomys_rufigenis,direct,Rodentia,Sciuridae,Dremomys,LC,0.0
Dremomys_pyrrhomerus,Dremomys_pyrrhomerus,direct,Rodentia,Sciuridae,Dremomys,LC,0.0
Dremomys_lokriah,Dremomys_lokriah,direct,Rodentia,Sciuridae,Dremomys,LC,0.0
Tamiops_rodolphii,Tamiops_rodolphii,direct,Rodentia,Sciuridae,Tamiops,LC,0.0
Tamiops_swinhoei,Tamiops_swinhoei,direct,Rodentia,Sciuridae,Tamiops,LC,0.0
Tamiops_maritimus,Tamiops_maritimus,direct,Rodentia,Sciuridae,Tamiops,LC,0.0
Tamiops_macclellandii,Tamiops_mcclellandii,synonym:nominalName,Rodentia,Sciuridae,Tamiops,LC,0.0
Nannosciurus_melanotis,Nannosciurus_melanotis,direct,Rodentia,Sciuridae,Nannosciurus,LC,0.0
Rubrisciurus_rubriventer,Rubrisciurus_rubriventer,direct,Rodentia,Sciuridae,Rubrisciurus,LC,0.0
Prosciurillus_weberi,Prosciurillus_weberi,direct,Rodentia,Sciuridae,Prosciurillus,VU,0.0
Prosciurillus_rosenbergii,Prosciurillus_rosenbergii,direct,Rodentia,Sciuridae,Prosciurillus,EN,0.0
Prosciurillus_abstrusus,Prosciurillus_abstrusus,direct,Rodentia,Sciuridae,Prosciurillus,NT,0.0
Prosciurillus_murinus,Prosciurillus_murinus,direct,Rodentia,Sciuridae,Prosciurillus,LC,0.0
Prosciurillus_leucomus,Prosciurillus_leucomus,direct,Rodentia,Sciuridae,Prosciurillus,LC,0.0
Glyphotes_simus,Glyphotes_simus,direct,Rodentia,Sciuridae,Glyphotes,DD,0.0
Hyosciurus_ileile,Hyosciurus_ileile,direct,Rodentia,Sciuridae,Hyosciurus,LC,0.0
Hyosciurus_heinrichi,Hyosciurus_heinrichi,direct,Rodentia,Sciuridae,Hyosciurus,LC,0.0
Callosciurus_pygerythrus,Callosciurus_pygerythrus,direct,Rodentia,Sciuridae,Callosciurus,LC,0.0
Callosciurus_notatus,Callosciurus_notatus,direct,Rodentia,Sciuridae,Callosciurus,LC,0.0
Callosciurus_orestes,Callosciurus_orestes,direct,Rodentia,Sciuridae,Callosciurus,LC,0.0
Callosciurus_phayrei,Callosciurus_phayrei,direct,Rodentia,Sciuridae,Callosciurus,LC,0.0
Callosciurus_albescens,Callosciurus_notatus,synonym:nominalName,Rodentia,Sciuridae,Callosciurus,LC,0.0
Callosciurus_prevostii,Callosciurus_prevostii,direct,Rodentia,Sciuridae,Callosciurus,LC,0.0
Callosciurus_nigrovittatus,Callosciurus_nigrovittatus,direct,Rodentia,Sciuridae,Callosciurus,LC,0.0
Callosciurus_finlaysonii,Callosciurus_finlaysonii,direct,Rodentia,Sciuridae,Callosciurus,LC,0.0
Callosciurus_quinquestriatus,Callosciurus_quinquestriatus,direct,Rodentia,Sciuridae,Callosciurus,LC,0.0
Callosciurus_erythraeus,Callosciurus_erythraeus,direct,Rodentia,Sciuridae,Callosciurus,LC,0.0
Callosciurus_melanogaster,Callosciurus_melanogaster,direct,Rodentia,Sciuridae,Callosciurus,VU,0.0
Callosciurus_caniceps,Callosciurus_caniceps,direct,Rodentia,Sciuridae,Callosciurus,LC,0.0
Callosciurus_inornatus,Callosciurus_inornatus,direct,Rodentia,Sciuridae,Callosciurus,LC,0.0
Callosciurus_baluensis,Callosciurus_baluensis,direct,Rodentia,Sciuridae,Callosciurus,LC,0.0
Callosciurus_adamsi,Callosciurus_adamsi,direct,Rodentia,Sciuridae,Callosciurus,NT,0.0
Sundasciurus_fraterculus,Sundasciurus_fraterculus,direct,Rodentia,Sciuridae,Sundasciurus,VU,0.0
Sundasciurus_lowii,Sundasciurus_lowii,direct,Rodentia,Sciuridae,Sundasciurus,LC,0.0
Sundasciurus_rabori,Sundasciurus_rabori,direct,Rodentia,Sciuridae,Sundasciurus,DD,0.0
Sundasciurus_moellendorffi,Sundasciurus_moellendorffi,direct,Rodentia,Sciuridae,Sundasciurus,NT,0.0
Sundasciurus_juvencus,Sundasciurus_juvencus,direct,Rodentia,Sciuridae,Sundasciurus,LC,0.0
Sundasciurus_hoogstraali,Sundasciurus_hoogstraali,direct,Rodentia,Sciuridae,Sundasciurus,LC,0.0
Sundasciurus_steerii,Sundasciurus_steerii,direct,Rodentia,Sciuridae,Sundasciurus,LC,0.0
Sundasciurus_mindanensis,Sundasciurus_mindanensis,direct,Rodentia,Sciuridae,Sundasciurus,LC,0.0
Sundasciurus_philippinensis,Sundasciurus_philippinensis,direct,Rodentia,Sciuridae,Sundasciurus,LC,0.0
Sundasciurus_samarensis,Sundasciurus_samarensis,direct,Rodentia,Sciuridae,Sundasciurus,LC,0.0
Sundasciurus_hippurus,Sundasciurus_hippurus,direct,Rodentia,Sciuridae,Sundasciurus,NT,0.0
Sundasciurus_brookei,Sundasciurus_brookei,direct,Rodentia,Sciuridae,Sundasciurus,LC,0.0
Sundasciurus_tenuis,Sundasciurus_tenuis,direct,Rodentia,Sciuridae,Sundasciurus,LC,0.0
Sundasciurus_davensis,Sundasciurus_davensis,direct,Rodentia,Sciuridae,Sundasciurus,DD,0.0
Sundasciurus_jentinki,Sundasciurus_jentinki,direct,Rodentia,Sciuridae,Sundasciurus,LC,0.0
Menetes_berdmorei,Menetes_berdmorei,direct,Rodentia,Sciuridae,Menetes,LC,0.0
Rhinosciurus_laticaudatus,Rhinosciurus_laticaudatus,direct,Rodentia,Sciuridae,Rhinosciurus,NT,0.0
Lariscus_hosei,Lariscus_hosei,direct,Rodentia,Sciuridae,Lariscus,LC,0.0
Lariscus_insignis,Lariscus_insignis,direct,Rodentia,Sciuridae,Lariscus,LC,0.0
Lariscus_obscurus,Lariscus_obscurus,direct,Rodentia,Sciuridae,Lariscus,NT,0.0
Lariscus_niobe,Lariscus_niobe,direct,Rodentia,Sciuridae,Lariscus,DD,0.0
Exilisciurus_exilis,Exilisciurus_exilis,direct,Rodentia,Sciuridae,Exilisciurus,DD,0.0
Exilisciurus_whiteheadi,Exilisciurus_whiteheadi,direct,Rodentia,Sciuridae,Exilisciurus,LC,0.0
Exilisciurus_concinnus,Exilisciurus_concinnus,direct,Rodentia,Sciuridae,Exilisciurus,LC,0.0
Spermophilopsis_leptodactylus,Spermophilopsis_leptodactyla,synonym:MSW3,Rodentia,Sciuridae,Spermophilopsis,LC,0.0
Xerus_erythropus,Euxerus_erythropus,synonym:MSW3,Rodentia,Sciuridae,Euxerus,LC,0.0
Xerus_rutilus,Xerus_rutilus,direct,Rodentia,Sciuridae,Xerus,LC,0.0
Xerus_princeps,Geosciurus_princeps,synonym:MSW3,Rodentia,Sciuridae,Geosciurus,LC,0.0
Xerus_inauris,Geosciurus_inauris,synonym:MSW3,Rodentia,Sciuridae,Geosciurus,LC,0.0
Atlantoxerus_getulus,Atlantoxerus_getulus,direct,Rodentia,Sciuridae,Atlantoxerus,LC,0.0
Sciurotamias_forresti,Sciurotamias_forresti,direct,Rodentia,Sciuridae,Sciurotamias,LC,0.0
Sciurotamias_davidianus,Sciurotamias_davidianus,direct,Rodentia,Sciuridae,Sciurotamias,LC,0.0
Myosciurus_pumilio,Myosciurus_pumilio,direct,Rodentia,Sciuridae,Myosciurus,LC,0.0
Heliosciurus_rufobrachium,Heliosciurus_rufobrachium,direct,Rodentia,Sciuridae,Heliosciurus,LC,0.0
Heliosciurus_punctatus,Heliosciurus_punctatus,direct,Rodentia,Sciuridae,Heliosciurus,DD,0.0
Heliosciurus_mutabilis,Heliosciurus_mutabilis,direct,Rodentia,Sciuridae,Heliosciurus,LC,0.0
Heliosciurus_ruwenzorii,Heliosciurus_ruwenzorii,direct,Rodentia,Sciuridae,Heliosciurus,LC,0.0
Heliosciurus_undulatus,Heliosciurus_undulatus,direct,Rodentia,Sciuridae,Heliosciurus,DD,0.0
Heliosciurus_gambianus,Heliosciurus_gambianus,direct,Rodentia,Sciuridae,Heliosciurus,LC,0.0
Funisciurus_carruthersi,Funisciurus_carruthersi,direct,Rodentia,Sciuridae,Funisciurus,LC,0.0
Funisciurus_duchaillui,Funisciurus_duchaillui,direct,Rodentia,Sciuridae,Funisciurus,DD,0.0
Paraxerus_vexillarius,Paraxerus_vexillarius,direct,Rodentia,Sciuridae,Paraxerus,LC,0.0
Funisciurus_congicus,Funisciurus_congicus,direct,Rodentia,Sciuridae,Funisciurus,LC,0.0
Paraxerus_boehmi,Paraxerus_boehmi,direct,Rodentia,Sciuridae,Paraxerus,LC,0.0
Paraxerus_cepapi,Paraxerus_cepapi,direct,Rodentia,Sciuridae,Paraxerus,LC,0.0
Paraxerus_poensis,Paraxerus_poensis,direct,Rodentia,Sciuridae,Paraxerus,LC,0.0
Paraxerus_ochraceus,Paraxerus_ochraceus,direct,Rodentia,Sciuridae,Paraxerus,LC,0.0
Funisciurus_bayonii,Funisciurus_bayonii,direct,Rodentia,Sciuridae,Funisciurus,DD,0.0
Epixerus_ebii,Epixerus_ebii,direct,Rodentia,Sciuridae,Epixerus,LC,0.0
Funisciurus_substriatus,Funisciurus_substriatus,direct,Rodentia,Sciuridae,Funisciurus,DD,0.0
Protoxerus_stangeri,Protoxerus_stangeri,direct,Rodentia,Sciuridae,Protoxerus,LC,0.0
Protoxerus_aubinnii,Protoxerus_aubinnii,direct,Rodentia,Sciuridae,Protoxerus,NT,0.0
Funisciurus_pyrropus,Funisciurus_pyrropus,direct,Rodentia,Sciuridae,Funisciurus,LC,0.0
Paraxerus_lucifer,Paraxerus_lucifer,direct,Rodentia,Sciuridae,Paraxerus,DD,0.0
Funisciurus_anerythrus,Funisciurus_anerythrus,direct,Rodentia,Sciuridae,Funisciurus,LC,0.0
Paraxerus_alexandri,Paraxerus_alexandri,direct,Rodentia,Sciuridae,Paraxerus,LC,0.0
Funisciurus_lemniscatus,Funisciurus_lemniscatus,direct,Rodentia,Sciuridae,Funisciurus,LC,0.0
Funisciurus_leucogenys,Funisciurus_leucogenys,direct,Rodentia,Sciuridae,Funisciurus,LC,0.0
Paraxerus_cooperi,Paraxerus_cooperi,direct,Rodentia,Sciuridae,Paraxerus,DD,0.0
Paraxerus_vincenti,Paraxerus_vincenti,direct,Rodentia,Sciuridae,Paraxerus,EN,0.0
Funisciurus_isabella,Funisciurus_isabella,direct,Rodentia,Sciuridae,Funisciurus,LC,0.0
Paraxerus_flavovittis,Paraxerus_flavovittis,direct,Rodentia,Sciuridae,Paraxerus,LC,0.0
Paraxerus_palliatus,Paraxerus_palliatus,direct,Rodentia,Sciuridae,Paraxerus,LC,0.0
Tamias_sibiricus,Eutamias_sibiricus,synonym:MSW3,Rodentia,Sciuridae,Eutamias,LC,0.0
Tamias_striatus,Tamias_striatus,direct,Rodentia,Sciuridae,Tamias,LC,0.0
Tamias_speciosus,Neotamias_speciosus,synonym:MSW3,Rodentia,Sciuridae,Neotamias,LC,0.0
Tamias_minimus,Neotamias_minimus,synonym:MSW3,Rodentia,Sciuridae,Neotamias,LC,0.0
Tamias_quadrimaculatus,Neotamias_quadrimaculatus,synonym:MSW3,Rodentia,Sciuridae,Neotamias,LC,0.0
Tamias_ruficaudus,Neotamias_ruficaudus,synonym:MSW3,Rodentia,Sciuridae,Neotamias,LC,0.0
Tamias_durangae,Neotamias_durangae,synonym:MSW3,Rodentia,Sciuridae,Neotamias,LC,0.0
Tamias_canipes,Neotamias_canipes,synonym:MSW3,Rodentia,Sciuridae,Neotamias,LC,0.0
Tamias_rufus,Neotamias_rufus,synonym:MSW3,Rodentia,Sciuridae,Neotamias,LC,0.0
Tamias_umbrinus,Neotamias_umbrinus,synonym:MSW3,Rodentia,Sciuridae,Neotamias,LC,0.0
Tamias_quadrivittatus,Neotamias_quadrivittatus,synonym:MSW3,Rodentia,Sciuridae,Neotamias,LC,0.0
Tamias_palmeri,Neotamias_palmeri,synonym:MSW3,Rodentia,Sciuridae,Neotamias,EN,0.0
Tamias_dorsalis,Neotamias_dorsalis,synonym:MSW3,Rodentia,Sciuridae,Neotamias,LC,0.0
Tamias_cinereicollis,Neotamias_cinereicollis,synonym:MSW3,Rodentia,Sciuridae,Neotamias,LC,0.0
Tamias_bulleri,Neotamias_bulleri,synonym:MSW3,Rodentia,Sciuridae,Neotamias,VU,0.0
Tamias_obscurus,Neotamias_obscurus,synonym:MSW3,Rodentia,Sciuridae,Neotamias,LC,0.0
Tamias_merriami,Neotamias_merriami,synonym:MSW3,Rodentia,Sciuridae,Neotamias,LC,0.0
Tamias_siskiyou,Neotamias_siskiyou,synonym:MSW3,Rodentia,Sciuridae,Neotamias,LC,0.0
Tamias_sonomae,Neotamias_sonomae,synonym:MSW3,Rodentia,Sciuridae,Neotamias,LC,0.0
Tamias_senex,Neotamias_senex,synonym:MSW3,Rodentia,Sciuridae,Neotamias,LC,0.0
Tamias_townsendii,Neotamias_townsendii,synonym:MSW3,Rodentia,Sciuridae,Neotamias,LC,0.0
Tamias_ochrogenys,Neotamias_ochrogenys,synonym:MSW3,Rodentia,Sciuridae,Neotamias,LC,0.0
Tamias_amoenus,Neotamias_amoenus,synonym:MSW3,Rodentia,Sciuridae,Neotamias,LC,0.0
Tamias_panamintinus,Neotamias_panamintinus,synonym:MSW3,Rodentia,Sciuridae,Neotamias,LC,0.0
Tamias_alpinus,Neotamias_alpinus,synonym:MSW3,Rodentia,Sciuridae,Neotamias,LC,0.0
Spermophilus_alashanicus,Spermophilus_alaschanicus,synonym:MSW3,Rodentia,Sciuridae,Spermophilus,LC,0.0
Spermophilus_pallidicauda,Spermophilus_pallidicauda,direct,Rodentia,Sciuridae,Spermophilus,LC,0.0
Spermophilus_erythrogenys,Spermophilus_erythrogenys,direct,Rodentia,Sciuridae,Spermophilus,LC,0.0
Spermophilus_major,Spermophilus_major,direct,Rodentia,Sciuridae,Spermophilus,NT,0.0
Spermophilus_fulvus,Spermophilus_fulvus,direct,Rodentia,Sciuridae,Spermophilus,LC,0.0
Spermophilus_relictus,Spermophilus_relictus,direct,Rodentia,Sciuridae,Spermophilus,LC,0.0
Spermophilus_dauricus,Spermophilus_dauricus,direct,Rodentia,Sciuridae,Spermophilus,LC,0.0
Spermophilus_suslicus,Spermophilus_suslicus,direct,Rodentia,Sciuridae,Spermophilus,CR,0.0
Spermophilus_ralli,Spermophilus_nilkaensis,synonym:MSW3,Rodentia,Sciuridae,Spermophilus,LC,0.0
Spermophilus_xanthoprymnus,Spermophilus_xanthoprymnus,direct,Rodentia,Sciuridae,Spermophilus,NT,0.0
Spermophilus_brevicauda,Spermophilus_brevicauda,direct,Rodentia,Sciuridae,Spermophilus,LC,0.0
Spermophilus_taurensis,Spermophilus_taurensis,direct,Rodentia,Sciuridae,Spermophilus,LC,0.0
Spermophilus_citellus,Spermophilus_citellus,direct,Rodentia,Sciuridae,Spermophilus,EN,0.0
Spermophilus_pygmaeus,Spermophilus_pygmaeus,direct,Rodentia,Sciuridae,Spermophilus,LC,0.0
Urocitellus_undulatus,Urocitellus_undulatus,direct,Rodentia,Sciuridae,Urocitellus,LC,0.0
Urocitellus_parryii,Urocitellus_parryii,direct,Rodentia,Sciuridae,Urocitellus,LC,0.0
Urocitellus_richardsonii,Urocitellus_richardsonii,direct,Rodentia,Sciuridae,Urocitellus,LC,0.0
Urocitellus_elegans,Urocitellus_elegans,direct,Rodentia,Sciuridae,Urocitellus,LC,0.0
Urocitellus_columbianus,Urocitellus_columbianus,direct,Rodentia,Sciuridae,Urocitellus,LC,0.0
Urocitellus_washingtoni,Urocitellus_washingtoni,direct,Rodentia,Sciuridae,Urocitellus,NT,0.0
Urocitellus_townsendii,Urocitellus_townsendii,direct,Rodentia,Sciuridae,Urocitellus,VU,0.0
Urocitellus_mollis,Urocitellus_mollis,direct,Rodentia,Sciuridae,Urocitellus,LC,0.0
Urocitellus_canus,Urocitellus_canus,direct,Rodentia,Sciuridae,Urocitellus,LC,0.0
Urocitellus_brunneus,Urocitellus_brunneus,direct,Rodentia,Sciuridae,Urocitellus,EN,0.0
Urocitellus_beldingi,Urocitellus_beldingi,direct,Rodentia,Sciuridae,Urocitellus,LC,0.0
Urocitellus_armatus,Urocitellus_armatus,direct,Rodentia,Sciuridae,Urocitellus,LC,0.0
Ictidomys_tridecemlineatus,Ictidomys_tridecemlineatus,direct,Rodentia,Sciuridae,Ictidomys,LC,0.0
Ictidomys_parvidens,Ictidomys_parvidens,direct,Rodentia,Sciuridae,Ictidomys,NE,0.0
Ictidomys_mexicanus,Ictidomys_mexicanus,direct,Rodentia,Sciuridae,Ictidomys,LC,0.0
Poliocitellus_franklinii,Poliocitellus_franklinii,direct,Rodentia,Sciuridae,Poliocitellus,LC,0.0
Xerospermophilus_spilosoma,Xerospermophilus_spilosoma,direct,Rodentia,Sciuridae,Xerospermophilus,LC,0.0
Xerospermophilus_perotensis,Xerospermophilus_perotensis,direct,Rodentia,Sciuridae,Xerospermophilus,EN,0.0
Xerospermophilus_tereticaudus,Xerospermophilus_tereticaudus,direct,Rodentia,Sciuridae,Xerospermophilus,LC,0.0
Xerospermophilus_mohavensis,Xerospermophilus_mohavensis,direct,Rodentia,Sciuridae,Xerospermophilus,NT,0.0
Cynomys_mexicanus,Cynomys_mexicanus,direct,Rodentia,Sciuridae,Cynomys,EN,0.0
Cynomys_ludovicianus,Cynomys_ludovicianus,direct,Rodentia,Sciuridae,Cynomys,LC,0.0
Cynomys_parvidens,Cynomys_parvidens,direct,Rodentia,Sciuridae,Cynomys,EN,0.0
Cynomys_leucurus,Cynomys_leucurus,direct,Rodentia,Sciuridae,Cynomys,LC,0.0
Cynomys_gunnisoni,Cynomys_gunnisoni,direct,Rodentia,Sciuridae,Cynomys,LC,0.0
Marmota_monax,Marmota_monax,direct,Rodentia,Sciuridae,Marmota,LC,0.0
Marmota_menzbieri,Marmota_menzbieri,direct,Rodentia,Sciuridae,Marmota,VU,0.0
Marmota_caudata,Marmota_caudata,direct,Rodentia,Sciuridae,Marmota,LC,0.0
Marmota_flaviventris,Marmota_flaviventris,direct,Rodentia,Sciuridae,Marmota,LC,0.0
Marmota_olympus,Marmota_olympus,direct,Rodentia,Sciuridae,Marmota,LC,0.0
Marmota_vancouverensis,Marmota_vancouverensis,direct,Rodentia,Sciuridae,Marmota,CR,0.0
Marmota_caligata,Marmota_caligata,direct,Rodentia,Sciuridae,Marmota,LC,0.0
Marmota_marmota,Marmota_marmota,direct,Rodentia,Sciuridae,Marmota,LC,0.0
Marmota_broweri,Marmota_broweri,direct,Rodentia,Sciuridae,Marmota,LC,0.0
Marmota_himalayana,Marmota_himalayana,direct,Rodentia,Sciuridae,Marmota,LC,0.0
Marmota_sibirica,Marmota_sibirica,direct,Rodentia,Sciuridae,Marmota,EN,0.0
Marmota_camtschatica,Marmota_camtschatica,direct,Rodentia,Sciuridae,Marmota,LC,0.0
Marmota_bobak,Marmota_bobak,direct,Rodentia,Sciuridae,Marmota,LC,0.0
Marmota_baibacina,Marmota_baibacina,direct,Rodentia,Sciuridae,Marmota,LC,0.0
Otospermophilus_variegatus,Otospermophilus_variegatus,direct,Rodentia,Sciuridae,Otospermophilus,LC,0.0
Otospermophilus_beecheyi,Otospermophilus_beecheyi,direct,Rodentia,Sciuridae,Otospermophilus,LC,0.0
Otospermophilus_atricapillus,Otospermophilus_beecheyi,synonym:nominalName,Rodentia,Sciuridae,Otospermophilus,LC,0.0
Callospermophilus_saturatus,Callospermophilus_saturatus,direct,Rodentia,Sciuridae,Callospermophilus,LC,0.0
Callospermophilus_madrensis,Callospermophilus_madrensis,direct,Rodentia,Sciuridae,Callospermophilus,NT,0.0
Callospermophilus_lateralis,Callospermophilus_lateralis,direct,Rodentia,Sciuridae,Callospermophilus,LC,0.0
Notocitellus_annulatus,Notocitellus_annulatus,direct,Rodentia,Sciuridae,Notocitellus,LC,0.0
Notocitellus_adocetus,Notocitellus_adocetus,direct,Rodentia,Sciuridae,Notocitellus,LC,0.0
Ammospermophilus_leucurus,Ammospermophilus_leucurus,direct,Rodentia,Sciuridae,Ammospermophilus,LC,0.0
Ammospermophilus_nelsoni,Ammospermophilus_nelsoni,direct,Rodentia,Sciuridae,Ammospermophilus,EN,0.0
Ammospermophilus_interpres,Ammospermophilus_interpres,direct,Rodentia,Sciuridae,Ammospermophilus,LC,0.0
Ammospermophilus_harrisii,Ammospermophilus_harrisii,direct,Rodentia,Sciuridae,Ammospermophilus,LC,0.0
Sciurus_vulgaris,Sciurus_vulgaris,direct,Rodentia,Sciuridae,Sciurus,LC,0.0
Sciurus_lis,Sciurus_lis,direct,Rodentia,Sciuridae,Sciurus,LC,0.0
Sciurus_anomalus,Sciurus_anomalus,direct,Rodentia,Sciuridae,Sciurus,LC,0.0
Sciurus_alleni,Sciurus_alleni,direct,Rodentia,Sciuridae,Sciurus,LC,0.0
Sciurus_deppei,Sciurus_deppei,direct,Rodentia,Sciuridae,Sciurus,LC,0.0
Sciurus_sanborni,Sciurus_ignitus,synonym:nominalName,Rodentia,Sciuridae,Sciurus,LC,0.0
Sciurus_yucatanensis,Sciurus_yucatanensis,direct,Rodentia,Sciuridae,Sciurus,LC,0.0
Sciurus_granatensis,Sciurus_granatensis,direct,Rodentia,Sciuridae,Sciurus,LC,0.0
Microsciurus_alfari,Microsciurus_alfari,direct,Rodentia,Sciuridae,Microsciurus,LC,0.0
Sciurus_richmondi,Sciurus_richmondi,direct,Rodentia,Sciuridae,Sciurus,NT,0.0
Sciurus_nayaritensis,Sciurus_nayaritensis,direct,Rodentia,Sciuridae,Sciurus,LC,0.0
Sciurus_variegatoides,Sciurus_variegatoides,direct,Rodentia,Sciuridae,Sciurus,LC,0.0
Sciurus_aureogaster,Sciurus_aureogaster,direct,Rodentia,Sciuridae,Sciurus,LC,0.0
Sciurus_oculatus,Sciurus_oculatus,direct,Rodentia,Sciuridae,Sciurus,LC,0.0
Microsciurus_santanderensis,Microsciurus_santanderensis,direct,Rodentia,Sciuridae,Microsciurus,DD,0.0
Sciurus_aestuans,Sciurus_aestuans,direct,Rodentia,Sciuridae,Sciurus,LC,0.0
Sciurus_gilvigularis,Sciurus_aestuans,synonym:nominalName,Rodentia,Sciuridae,Sciurus,LC,0.0
Sciurus_igniventris,Sciurus_igniventris,direct,Rodentia,Sciuridae,Sciurus,LC,0.0
Sciurus_ignitus,Sciurus_ignitus,direct,Rodentia,Sciuridae,Sciurus,LC,0.0
Sciurus_arizonensis,Sciurus_arizonensis,direct,Rodentia,Sciuridae,Sciurus,DD,0.0
Microsciurus_mimulus,Microsciurus_mimulus,direct,Rodentia,Sciuridae,Microsciurus,LC,0.0
Sciurus_pucheranii,Sciurus_pucheranii,direct,Rodentia,Sciuridae,Sciurus,DD,0.0
Sciurus_pyrrhinus,Sciurus_pyrrhinus,direct,Rodentia,Sciuridae,Sciurus,DD,0.0
Sciurus_spadiceus,Sciurus_spadiceus,direct,Rodentia,Sciuridae,Sciurus,LC,0.0
Microsciurus_flaviventer,Microsciurus_flaviventer,direct,Rodentia,Sciuridae,Microsciurus,LC,0.0
Sciurus_stramineus,Sciurus_stramineus,direct,Rodentia,Sciuridae,Sciurus,LC,0.0
Sciurus_colliaei,Sciurus_colliaei,direct,Rodentia,Sciuridae,Sciurus,LC,0.0
Sciurus_flammifer,Sciurus_igniventris,synonym:nominalName,Rodentia,Sciuridae,Sciurus,LC,0.0
Sciurus_griseus,Sciurus_griseus,direct,Rodentia,Sciuridae,Sciurus,LC,0.0
Sciurus_aberti,Sciurus_aberti,direct,Rodentia,Sciuridae,Sciurus,LC,0.0
Sciurus_carolinensis,Sciurus_carolinensis,direct,Rodentia,Sciuridae,Sciurus,LC,0.0
Sciurus_niger,Sciurus_niger,direct,Rodentia,Sciuridae,Sciurus,LC,0.0
Rheithrosciurus_macrotis,Rheithrosciurus_macrotis,direct,Rodentia,Sciuridae,Rheithrosciurus,VU,0.0
Tamiasciurus_mearnsi,Tamiasciurus_douglasii,synonym:nominalName,Rodentia,Sciuridae,Tamiasciurus,LC,0.0
Tamiasciurus_hudsonicus,Tamiasciurus_hudsonicus,direct,Rodentia,Sciuridae,Tamiasciurus,LC,0.0
Tamiasciurus_douglasii,Tamiasciurus_douglasii,direct,Rodentia,Sciuridae,Tamiasciurus,LC,0.0
Syntheosciurus_brochus,Syntheosciurus_brochus,direct,Rodentia,Sciuridae,Syntheosciurus,DD,0.0
Glaucomys_volans,Glaucomys_volans,direct,Rodentia,Sciuridae,Glaucomys,LC,0.0
Glaucomys_sabrinus,Glaucomys_sabrinus,direct,Rodentia,Sciuridae,Glaucomys,LC,0.0
Eoglaucomys_fimbriatus,Eoglaucomys_fimbriatus,direct,Rodentia,Sciuridae,Eoglaucomys,LC,0.0
Hylopetes_spadiceus,Hylopetes_spadiceus,direct,Rodentia,Sciuridae,Hylopetes,LC,0.0
Hylopetes_sipora,Hylopetes_sipora,direct,Rodentia,Sciuridae,Hylopetes,EN,0.0
Hylopetes_lepidus,Hylopetes_sagitta,synonym:MSW3,Rodentia,Sciuridae,Hylopetes,DD,0.0
Hylopetes_nigripes,Hylopetes_nigripes,direct,Rodentia,Sciuridae,Hylopetes,NT,0.0
Hylopetes_alboniger,Hylopetes_alboniger,direct,Rodentia,Sciuridae,Hylopetes,LC,0.0
Hylopetes_platyurus,Hylopetes_platyurus,direct,Rodentia,Sciuridae,Hylopetes,DD,0.0
Hylopetes_winstoni,Hylopetes_winstoni,direct,Rodentia,Sciuridae,Hylopetes,DD,0.0
Petaurillus_hosei,Petaurillus_hosei,direct,Rodentia,Sciuridae,Petaurillus,DD,0.0
Petaurillus_kinlochii,Petaurillus_kinlochii,direct,Rodentia,Sciuridae,Petaurillus,DD,0.0
Petaurillus_emiliae,Petaurillus_emiliae,direct,Rodentia,Sciuridae,Petaurillus,DD,0.0
Hylopetes_bartelsi,Hylopetes_bartelsi,direct,Rodentia,Sciuridae,Hylopetes,DD,0.0
Hylopetes_phayrei,Hylopetes_phayrei,direct,Rodentia,Sciuridae,Hylopetes,LC,0.0
Petinomys_lugens,Petinomys_lugens,direct,Rodentia,Sciuridae,Petinomys,VU,0.0
Petinomys_sagitta,,unmatched,,,,,
Petinomys_fuscocapillus,Petinomys_fuscocapillus,direct,Rodentia,Sciuridae,Petinomys,LC,0.0
Petinomys_crinitus,Petinomys_crinitus,direct,Rodentia,Sciuridae,Petinomys,LC,0.0
Petinomys_vordermanni,Petinomys_vordermanni,direct,Rodentia,Sciuridae,Petinomys,VU,0.0
Petinomys_mindanensis,Petinomys_mindanensis,direct,Rodentia,Sciuridae,Petinomys,LC,0.0
Petinomys_setosus,Petinomys_setosus,direct,Rodentia,Sciuridae,Petinomys,VU,0.0
Petinomys_genibarbis,Petinomys_genibarbis,direct,Rodentia,Sciuridae,Petinomys,VU,0.0
Petinomys_hageni,Petinomys_hageni,direct,Rodentia,Sciuridae,Petinomys,DD,0.0
Iomys_sipora,Iomys_sipora,direct,Rodentia,Sciuridae,Iomys,EN,0.0
Iomys_horsfieldii,Iomys_horsfieldii,direct,Rodentia,Sciuridae,Iomys,LC,0.0
Pteromys_volans,Pteromys_volans,direct,Rodentia,Sciuridae,Pteromys,LC,0.0
Pteromys_momonga,Pteromys_momonga,direct,Rodentia,Sciuridae,Pteromys,LC,0.0
Biswamoyopterus_laoensis,Biswamoyopterus_laoensis,direct,Rodentia,Sciuridae,Biswamoyopterus,DD,0.0
Biswamoyopterus_biswasi,Biswamoyopterus_biswasi,direct,Rodentia,Sciuridae,Biswamoyopterus,CR,0.0
Pteromyscus_pulverulentus,Pteromyscus_pulverulentus,direct,Rodentia,Sciuridae,Pteromyscus,EN,0.0
Aeretes_melanopterus,Aeretes_melanopterus,direct,Rodentia,Sciuridae,Aeretes,LC,0.0
Trogopterus_xanthipes,Trogopterus_xanthipes,direct,Rodentia,Sciuridae,Trogopterus,NT,0.0
Belomys_pearsonii,Belomys_pearsonii,direct,Rodentia,Sciuridae,Belomys,LC,0.0
Aeromys_thomasi,Aeromys_thomasi,direct,Rodentia,Sciuridae,Aeromys,LC,0.0
Aeromys_tephromelas,Aeromys_tephromelas,direct,Rodentia,Sciuridae,Aeromys,DD,0.0
Eupetaurus_cinereus,Eupetaurus_cinereus,direct,Rodentia,Sciuridae,Eupetaurus,EN,0.0
Petaurista_leucogenys,Petaurista_leucogenys,direct,Rodentia,Sciuridae,Petaurista,LC,0.0
Petaurista_elegans,Petaurista_elegans,direct,Rodentia,Sciuridae,Petaurista,LC,0.0
Petaurista_nobilis,Petaurista_nobilis,direct,Rodentia,Sciuridae,Petaurista,NT,0.0
Petaurista_xanthotis,Petaurista_xanthotis,direct,Rodentia,Sciuridae,Petaurista,LC,0.0
Petaurista_marica,Petaurista_marica,direct,Rodentia,Sciuridae,Petaurista,NE,0.0
Petaurista_yunanensis,Petaurista_nobilis,synonym:nominalName,Rodentia,Sciuridae,Petaurista,NT,0.0
Petaurista_albiventer,Petaurista_albiventer,direct,Rodentia,Sciuridae,Petaurista,NE,0.0
Petaurista_siangensis,Petaurista_siangensis,direct,Rodentia,Sciuridae,Petaurista,NE,0.0
Petaurista_philippensis,Petaurista_philippensis,direct,Rodentia,Sciuridae,Petaurista,LC,0.0
Petaurista_mishmiensis,Petaurista_nobilis,synonym:nominalName,Rodentia,Sciuridae,Petaurista,NT,0.0
Petaurista_alborufus,Petaurista_alborufus,direct,Rodentia,Sciuridae,Petaurista,LC,0.0
Petaurista_magnificus,Petaurista_albiventer,synonym:nominalName,Rodentia,Sciuridae,Petaurista,NE,0.0
Petaurista_hainana,,unmatched,,,,,
Petaurista_grandis,Petaurista_grandis,direct,Rodentia,Sciuridae,Petaurista,NE,0.0
Petaurista_petaurista,Petaurista_petaurista,direct,Rodentia,Sciuridae,Petaurista,LC,0.0
Petaurista_caniceps,Petaurista_caniceps,direct,Rodentia,Sciuridae,Petaurista,NE,0.0
Petaurista_lena,Petaurista_lena,direct,Rodentia,Sciuridae,Petaurista,NE,0.0
Petaurista_mechukaensis,Petaurista_nobilis,synonym:nominalName,Rodentia,Sciuridae,Petaurista,NT,0.0
Laonastes_aenigmamus,Laonastes_aenigmamus,direct,Rodentia,Diatomyidae,Laonastes,LC,0.0
Massoutiera_mzabi,Massoutiera_mzabi,direct,Rodentia,Ctenodactylidae,Massoutiera,LC,0.0
Pectinator_spekei,Pectinator_spekei,direct,Rodentia,Ctenodactylidae,Pectinator,LC,0.0
Ctenodactylus_vali,Ctenodactylus_vali,direct,Rodentia,Ctenodactylidae,Ctenodactylus,DD,0.0
Ctenodactylus_gundi,Ctenodactylus_gundi,direct,Rodentia,Ctenodactylidae,Ctenodactylus,LC,0.0
Felovia_vae,Felovia_vae,direct,Rodentia,Ctenodactylidae,Felovia,LC,0.0
Trichys_fasciculata,Trichys_fasciculata,direct,Rodentia,Hystricidae,Trichys,LC,0.0
Atherurus_macrourus,Atherurus_macrourus,direct,Rodentia,Hystricidae,Atherurus,LC,0.0
Hystrix_brachyura,Hystrix_brachyura,direct,Rodentia,Hystricidae,Hystrix,LC,0.0
Hystrix_crassispinis,Hystrix_crassispinis,direct,Rodentia,Hystricidae,Hystrix,LC,0.0
Hystrix_pumila,Hystrix_pumila,direct,Rodentia,Hystricidae,Hystrix,VU,0.0
Hystrix_africaeaustralis,Hystrix_africaeaustralis,direct,Rodentia,Hystricidae,Hystrix,LC,0.0
Hystrix_javanica,Hystrix_javanica,direct,Rodentia,Hystricidae,Hystrix,LC,0.0
Hystrix_cristata,Hystrix_cristata,direct,Rodentia,Hystricidae,Hystrix,LC,0.0
Hystrix_sumatrae,Hystrix_sumatrae,direct,Rodentia,Hystricidae,Hystrix,LC,0.0
Hystrix_indica,Hystrix_indica,direct,Rodentia,Hystricidae,Hystrix,LC,0.0
Atherurus_africanus,Atherurus_africanus,direct,Rodentia,Hystricidae,Atherurus,LC,0.0
Thryonomys_swinderianus,Thryonomys_swinderianus,direct,Rodentia,Thryonomyidae,Thryonomys,LC,0.0
Thryonomys_gregorianus,Thryonomys_gregorianus,direct,Rodentia,Thryonomyidae,Thryonomys,LC,0.0
Petromus_typicus,Petromus_typicus,direct,Rodentia,Petromuridae,Petromus,LC,0.0
Heterocephalus_glaber,Heterocephalus_glaber,direct,Rodentia,Heterocephalidae,Heterocephalus,LC,0.0
Heliophobius_argenteocinereus,Heliophobius_argenteocinereus,direct,Rodentia,Bathyergidae,Heliophobius,LC,0.0
Fukomys_vandewoestijneae,Fukomys_vandewoestijneae,direct,Rodentia,Bathyergidae,Fukomys,DD,0.0
Fukomys_ilariae,Fukomys_ilariae,direct,Rodentia,Bathyergidae,Fukomys,DD,0.0
Fukomys_bocagei,Fukomys_bocagei,direct,Rodentia,Bathyergidae,Fukomys,LC,0.0
Fukomys_mechowi,Fukomys_mechowii,synonym:nominalName,Rodentia,Bathyergidae,Fukomys,LC,0.0
Fukomys_anselli,Fukomys_anselli,direct,Rodentia,Bathyergidae,Fukomys,LC,0.0
Fukomys_darlingi,Fukomys_darlingi,direct,Rodentia,Bathyergidae,Fukomys,LC,0.0
Fukomys_kafuensis,Fukomys_kafuensis,direct,Rodentia,Bathyergidae,Fukomys,VU,0.0
Fukomys_foxi,Fukomys_foxi,direct,Rodentia,Bathyergidae,Fukomys,DD,0.0
Fukomys_damarensis,Fukomys_damarensis,direct,Rodentia,Bathyergidae,Fukomys,LC,0.0
Fukomys_amatus,Fukomys_amatus,direct,Rodentia,Bathyergidae,Fukomys,NE,0.0
Fukomys_micklemi,Fukomys_micklemi,direct,Rodentia,Bathyergidae,Fukomys,NE,0.0
Fukomys_zechi,Fukomys_zechi,direct,Rodentia,Bathyergidae,Fukomys,LC,0.0
Fukomys_whytei,Fukomys_whytei,direct,Rodentia,Bathyergidae,Fukomys,NE,0.0
Fukomys_ochraceocinereus,Fukomys_ochraceocinereus,direct,Rodentia,Bathyergidae,Fukomys,LC,0.0
Cryptomys_hottentotus,Cryptomys_hottentotus,direct,Rodentia,Bathyergidae,Cryptomys,LC,0.0
Georychus_capensis,Georychus_capensis,direct,Rodentia,Bathyergidae,Georychus,LC,0.0
Bathyergus_suillus,Bathyergus_suillus,direct,Rodentia,Bathyergidae,Bathyergus,LC,0.0
Bathyergus_janetta,Bathyergus_janetta,direct,Rodentia,Bathyergidae,Bathyergus,LC,0.0
Cuniculus_taczanowskii,Cuniculus_taczanowskii,direct,Rodentia,Cuniculidae,Cuniculus,NT,0.0
Cuniculus_paca,Cuniculus_paca,direct,Rodentia,Cuniculidae,Cuniculus,LC,0.0
Myoprocta_pratti,Myoprocta_pratti,direct,Rodentia,Dasyproctidae,Myoprocta,LC,0.0
Myoprocta_acouchy,Myoprocta_acouchy,direct,Rodentia,Dasyproctidae,Myoprocta,LC,0.0
Dasyprocta_punctata,Dasyprocta_punctata,direct,Rodentia,Dasyproctidae,Dasyprocta,LC,0.0
Dasyprocta_kalinowskii,Dasyprocta_kalinowskii,direct,Rodentia,Dasyproctidae,Dasyprocta,DD,0.0
Dasyprocta_coibae,Dasyprocta_coibae,direct,Rodentia,Dasyproctidae,Dasyprocta,NT,0.0
Dasyprocta_leporina,Dasyprocta_leporina,direct,Rodentia,Dasyproctidae,Dasyprocta,LC,0.0
Dasyprocta_prymnolopha,Dasyprocta_prymnolopha,direct,Rodentia,Dasyproctidae,Dasyprocta,LC,0.0
Dasyprocta_azarae,Dasyprocta_azarae,direct,Rodentia,Dasyproctidae,Dasyprocta,DD,0.0
Dasyprocta_fuliginosa,Dasyprocta_fuliginosa,direct,Rodentia,Dasyproctidae,Dasyprocta,LC,0.0
Dasyprocta_ruatanica,Dasyprocta_punctata,synonym:nominalName,Rodentia,Dasyproctidae,Dasyprocta,LC,0.0
Dasyprocta_guamara,Dasyprocta_guamara,direct,Rodentia,Dasyproctidae,Dasyprocta,NT,0.0
Dasyprocta_mexicana,Dasyprocta_mexicana,direct,Rodentia,Dasyproctidae,Dasyprocta,CR,0.0
Dasyprocta_cristata,Dasyprocta_leporina,synonym:nominalName,Rodentia,Dasyproctidae,Dasyprocta,LC,0.0
Kerodon_rupestris,Kerodon_rupestris,direct,Rodentia,Caviidae,Kerodon,LC,0.0
Kerodon_acrobata,Kerodon_acrobata,direct,Rodentia,Caviidae,Kerodon,DD,0.0
Hydrochoerus_isthmius,Hydrochoerus_isthmius,direct,Rodentia,Caviidae,Hydrochoerus,DD,0.0
Hydrochoerus_hydrochaeris,Hydrochoerus_hydrochaeris,direct,Rodentia,Caviidae,Hydrochoerus,LC,0.0
Dolichotis_salinicola,Dolichotis_salinicola,direct,Rodentia,Caviidae,Dolichotis,LC,0.0
Dolichotis_patagonum,Dolichotis_patagonum,direct,Rodentia,Caviidae,Dolichotis,NT,0.0
Galea_musteloides,Galea_musteloides,direct,Rodentia,Caviidae,Galea,DD,0.0
Galea_spixii,Galea_spixii,direct,Rodentia,Caviidae,Galea,LC,0.0
Galea_monasteriensis,Galea_musteloides,synonym:nominalName,Rodentia,Caviidae,Galea,DD,0.0
Galea_flavidens,Galea_flavidens,direct,Rodentia,Caviidae,Galea,LC,0.0
Microcavia_australis,Microcavia_australis,direct,Rodentia,Caviidae,Microcavia,LC,0.0
Microcavia_shiptoni,Microcavia_shiptoni,direct,Rodentia,Caviidae,Microcavia,LC,0.0
Microcavia_niata,Microcavia_niata,direct,Rodentia,Caviidae,Microcavia,LC,0.0
Cavia_tschudii,Cavia_tschudii,direct,Rodentia,Caviidae,Cavia,LC,0.0
Cavia_porcellus,Cavia_porcellus,direct,Rodentia,Caviidae,Cavia,NE,0.0
Cavia_patzelti,Cavia_patzelti,direct,Rodentia,Caviidae,Cavia,DD,0.0
Cavia_aperea,Cavia_aperea,direct,Rodentia,Caviidae,Cavia,LC,0.0
Cavia_fulgida,Cavia_fulgida,direct,Rodentia,Caviidae,Cavia,LC,0.0
Cavia_magna,Cavia_magna,direct,Rodentia,Caviidae,Cavia,LC,0.0
Cavia_intermedia,Cavia_intermedia,direct,Rodentia,Caviidae,Cavia,CR,0.0
Erethizon_dorsatum,Erethizon_dorsatum,direct,Rodentia,Erethizontidae,Erethizon,LC,0.0
Coendou_quichua,Coendou_quichua,direct,Rodentia,Erethizontidae,Coendou,DD,0.0
Coendou_rufescens,Coendou_rufescens,direct,Rodentia,Erethizontidae,Coendou,LC,0.0
Coendou_mexicanus,Coendou_mexicanus,direct,Rodentia,Erethizontidae,Coendou,LC,0.0
Coendou_baturitensis,Coendou_baturitensis,direct,Rodentia,Erethizontidae,Coendou,DD,0.0
Coendou_roosmalenorum,Coendou_roosmalenorum,direct,Rodentia,Erethizontidae,Coendou,DD,0.0
Coendou_prehensilis,Coendou_prehensilis,direct,Rodentia,Erethizontidae,Coendou,LC,0.0
Coendou_bicolor,Coendou_bicolor,direct,Rodentia,Erethizontidae,Coendou,LC,0.0
Coendou_spinosus,Coendou_spinosus,direct,Rodentia,Erethizontidae,Coendou,LC,0.0
Coendou_insidiosus,Coendou_insidiosus,direct,Rodentia,Erethizontidae,Coendou,LC,0.0
Coendou_nycthemera,Coendou_nycthemera,direct,Rodentia,Erethizontidae,Coendou,DD,0.0
Coendou_speratus,Coendou_speratus,direct,Rodentia,Erethizontidae,Coendou,VU,0.0
Coendou_melanurus,Coendou_melanurus,direct,Rodentia,Erethizontidae,Coendou,LC,0.0
Coendou_pruinosus,Coendou_pruinosus,direct,Rodentia,Erethizontidae,Coendou,LC,0.0
Coendou_vestitus,Coendou_vestitus,direct,Rodentia,Erethizontidae,Coendou,DD,0.0
Coendou_ichillus,Coendou_ichillus,direct,Rodentia,Erethizontidae,Coendou,DD,0.0
Chaetomys_subspinosus,Chaetomys_subspinosus,direct,Rodentia,Erethizontidae,Chaetomys,VU,0.0
Dinomys_branickii,Dinomys_branickii,direct,Rodentia,Dinomyidae,Dinomys,LC,0.0
Lagostomus_maximus,Lagostomus_maximus,direct,Rodentia,Chinchillidae,Lagostomus,LC,0.0
Lagostomus_crassus,Lagostomus_maximus,synonym:nominalName,Rodentia,Chinchillidae,Lagostomus,LC,0.0
Lagidium_wolffsohni,Lagidium_wolffsohni,direct,Rodentia,Chinchillidae,Lagidium,DD,0.0
Lagidium_viscacia,Lagidium_viscacia,direct,Rodentia,Chinchillidae,Lagidium,LC,0.0
Lagidium_peruanum,Lagidium_peruanum,direct,Rodentia,Chinchillidae,Lagidium,NE,0.0
Lagidium_ahuacaense,Lagidium_ahuacaense,direct,Rodentia,Chinchillidae,Lagidium,DD,0.0
Chinchilla_lanigera,Chinchilla_laniger,synonym:MSW3,Rodentia,Chinchillidae,Chinchilla,EN,0.0
Chinchilla_chinchilla,Chinchilla_chinchilla,direct,Rodentia,Chinchillidae,Chinchilla,EN,0.0
Geocapromys_thoracatus,Geocapromys_thoracatus,direct,Rodentia,Echimyidae,Geocapromys,EX,1.0
Geocapromys_ingrahami,Geocapromys_ingrahami,direct,Rodentia,Echimyidae,Geocapromys,CR,0.0
Geocapromys_brownii,Geocapromys_brownii,direct,Rodentia,Echimyidae,Geocapromys,EN,0.0
Geocapromys_columbianus,Geocapromys_columbianus,direct,Rodentia,Echimyidae,Geocapromys,EX,1.0
Mysateles_prehensilis,Mysateles_prehensilis,direct,Rodentia,Echimyidae,Mysateles,NT,0.0
Mysateles_meridionalis,Mysateles_prehensilis,synonym:nominalName,Rodentia,Echimyidae,Mysateles,NT,0.0
Mysateles_garridoi,Capromys_garridoi,synonym:MSW3,Rodentia,Echimyidae,Capromys,NE,0.0
Mysateles_gundlachi,Mysateles_prehensilis,synonym:nominalName,Rodentia,Echimyidae,Mysateles,NT,0.0
Mesocapromys_sanfelipensis,Mesocapromys_sanfelipensis,direct,Rodentia,Echimyidae,Mesocapromys,CR,0.0
Mesocapromys_melanurus,Mesocapromys_melanurus,direct,Rodentia,Echimyidae,Mesocapromys,VU,0.0
Mesocapromys_angelcabrerai,Mesocapromys_angelcabrerai,direct,Rodentia,Echimyidae,Mesocapromys,CR,0.0
Mesocapromys_auritus,Mesocapromys_auritus,direct,Rodentia,Echimyidae,Mesocapromys,EN,0.0
Mesocapromys_nanus,Mesocapromys_nana,synonym:MSW3,Rodentia,Echimyidae,Mesocapromys,CR,0.0
Hexolobodon_phenax,Hexolobodon_phenax,direct,Rodentia,Echimyidae,Hexolobodon,EX,1.0
Heteropsomys_insulans,Heteropsomys_insulans,direct,Rodentia,Echimyidae,Heteropsomys,EX,1.0
Boromys_torrei,Boromys_torrei,direct,Rodentia,Echimyidae,Boromys,EX,1.0
Boromys_offella,Boromys_offella,direct,Rodentia,Echimyidae,Boromys,EX,1.0
Isolobodon_portoricensis,Isolobodon_portoricensis,direct,Rodentia,Echimyidae,Isolobodon,EX,1.0
Isolobodon_montanus,Isolobodon_montanus,direct,Rodentia,Echimyidae,Isolobodon,EX,1.0
Brotomys_voratus,Brotomys_voratus,direct,Rodentia,Echimyidae,Brotomys,EX,1.0
Capromys_pilorides,Capromys_pilorides,direct,Rodentia,Echimyidae,Capromys,LC,0.0
Plagiodontia_ipnaeum,Plagiodontia_ipnaeum,direct,Rodentia,Echimyidae,Plagiodontia,EX,1.0
Plagiodontia_aedium,Plagiodontia_aedium,direct,Rodentia,Echimyidae,Plagiodontia,LC,0.0
Carterodon_sulcidens,Carterodon_sulcidens,direct,Rodentia,Echimyidae,Carterodon,DD,0.0
Thrichomys_apereoides,Thrichomys_apereoides,direct,Rodentia,Echimyidae,Thrichomys,LC,0.0
Trinomys_myosuros,Trinomys_setosus,synonym:nominalName,Rodentia,Echimyidae,Trinomys,LC,0.0
Hoplomys_gymnurus,Hoplomys_gymnurus,direct,Rodentia,Echimyidae,Hoplomys,LC,0.0
Proechimys_echinothrix,Proechimys_echinothrix,direct,Rodentia,Echimyidae,Proechimys,LC,0.0
Proechimys_urichi,Proechimys_trinitatis,synonym:nominalName,Rodentia,Echimyidae,Proechimys,DD,0.0
Proechimys_goeldii,Proechimys_goeldii,direct,Rodentia,Echimyidae,Proechimys,LC,0.0
Proechimys_hoplomyoides,Proechimys_hoplomyoides,direct,Rodentia,Echimyidae,Proechimys,DD,0.0
Proechimys_decumanus,Proechimys_decumanus,direct,Rodentia,Echimyidae,Proechimys,NT,0.0
Proechimys_canicollis,Proechimys_canicollis,direct,Rodentia,Echimyidae,Proechimys,LC,0.0
Proechimys_gardneri,Proechimys_gardneri,direct,Rodentia,Echimyidae,Proechimys,DD,0.0
Proechimys_oconnelli,Proechimys_oconnelli,direct,Rodentia,Echimyidae,Proechimys,DD,0.0
Proechimys_quadruplicatus,Proechimys_quadruplicatus,direct,Rodentia,Echimyidae,Proechimys,LC,0.0
Proechimys_pattoni,Proechimys_pattoni,direct,Rodentia,Echimyidae,Proechimys,LC,0.0
Proechimys_guairae,Proechimys_guairae,direct,Rodentia,Echimyidae,Proechimys,LC,0.0
Proechimys_steerei,Proechimys_steerei,direct,Rodentia,Echimyidae,Proechimys,LC,0.0
Proechimys_simonsi,Proechimys_simonsi,direct,Rodentia,Echimyidae,Proechimys,LC,0.0
Proechimys_mincae,Proechimys_mincae,direct,Rodentia,Echimyidae,Proechimys,DD,0.0
Proechimys_chrysaeolus,Proechimys_chrysaeolus,direct,Rodentia,Echimyidae,Proechimys,DD,0.0
Proechimys_roberti,Proechimys_roberti,direct,Rodentia,Echimyidae,Proechimys,LC,0.0
Proechimys_longicaudatus,Proechimys_longicaudatus,direct,Rodentia,Echimyidae,Proechimys,LC,0.0
Proechimys_magdalenae,Proechimys_chrysaeolus,synonym:nominalName,Rodentia,Echimyidae,Proechimys,DD,0.0
Proechimys_semispinosus,Proechimys_semispinosus,direct,Rodentia,Echimyidae,Proechimys,LC,0.0
Proechimys_poliopus,Proechimys_guairae,synonym:nominalName,Rodentia,Echimyidae,Proechimys,LC,0.0
Proechimys_brevicauda,Proechimys_brevicauda,direct,Rodentia,Echimyidae,Proechimys,LC,0.0
Proechimys_cuvieri,Proechimys_cuvieri,direct,Rodentia,Echimyidae,Proechimys,LC,0.0
Proechimys_kulinae,Proechimys_kulinae,direct,Rodentia,Echimyidae,Proechimys,DD,0.0
Proechimys_trinitatus,Proechimys_trinitatis,synonym:MSW3,Rodentia,Echimyidae,Proechimys,DD,0.0
Proechimys_guyannensis,Proechimys_guyannensis,direct,Rodentia,Echimyidae,Proechimys,LC,0.0
Callistomys_pictus,Callistomys_pictus,direct,Rodentia,Echimyidae,Callistomys,EN,0.0
Isothrix_sinnamariensis,Isothrix_sinnamariensis,direct,Rodentia,Echimyidae,Isothrix,LC,0.0
Isothrix_pagurus,Isothrix_pagurus,direct,Rodentia,Echimyidae,Isothrix,LC,0.0
Isothrix_orinoci,Isothrix_orinoci,direct,Rodentia,Echimyidae,Isothrix,DD,0.0
Isothrix_negrensis,Isothrix_negrensis,direct,Rodentia,Echimyidae,Isothrix,LC,0.0
Isothrix_bistriata,Isothrix_bistriata,direct,Rodentia,Echimyidae,Isothrix,LC,0.0
Isothrix_barbarabrownae,Isothrix_barbarabrownae,direct,Rodentia,Echimyidae,Isothrix,DD,0.0
Myocastor_coypus,Myocastor_coypus,direct,Rodentia,Echimyidae,Myocastor,LC,0.0
Mesomys_occultus,Mesomys_occultus,direct,Rodentia,Echimyidae,Mesomys,LC,0.0
Mesomys_stimulax,Mesomys_stimulax,direct,Rodentia,Echimyidae,Mesomys,LC,0.0
Mesomys_leniceps,Mesomys_leniceps,direct,Rodentia,Echimyidae,Mesomys,DD,0.0
Mesomys_hispidus,Mesomys_hispidus,direct,Rodentia,Echimyidae,Mesomys,LC,0.0
Lonchothrix_emiliae,Lonchothrix_emiliae,direct,Rodentia,Echimyidae,Lonchothrix,LC,0.0
Makalata_macrura,Makalata_macrura,direct,Rodentia,Echimyidae,Makalata,LC,0.0
Makalata_obscura,,unmatched,,,,,
Makalata_didelphoides,Makalata_didelphoides,direct,Rodentia,Echimyidae,Makalata,LC,0.0
Phyllomys_lamarum,Phyllomys_lamarum,direct,Rodentia,Echimyidae,Phyllomys,DD,0.0
Phyllomys_unicolor,Phyllomys_unicolor,direct,Rodentia,Echimyidae,Phyllomys,CR,0.0
Phyllomys_brasiliensis,Phyllomys_brasiliensis,direct,Rodentia,Echimyidae,Phyllomys,EN,0.0
Phyllomys_blainvillii,Phyllomys_blainvilii,synonym:MSW3,Rodentia,Echimyidae,Phyllomys,LC,0.0
Phyllomys_nigrispinus,Phyllomys_nigrispinus,direct,Rodentia,Echimyidae,Phyllomys,LC,0.0
Phyllomys_thomasi,Phyllomys_thomasi,direct,Rodentia,Echimyidae,Phyllomys,EN,0.0
Phyllomys_sulinus,Phyllomys_sulinus,direct,Rodentia,Echimyidae,Phyllomys,DD,0.0
Phyllomys_dasythrix,Phyllomys_dasythrix,direct,Rodentia,Echimyidae,Phyllomys,LC,0.0
Phyllomys_lundi,Phyllomys_lundi,direct,Rodentia,Echimyidae,Phyllomys,EN,0.0
Phyllomys_kerri,Phyllomys_kerri,direct,Rodentia,Echimyidae,Phyllomys,DD,0.0
Phyllomys_medius,Phyllomys_medius,direct,Rodentia,Echimyidae,Phyllomys,LC,0.0
Phyllomys_pattoni,Phyllomys_pattoni,direct,Rodentia,Echimyidae,Phyllomys,LC,0.0
Phyllomys_mantiqueirensis,Phyllomys_mantiqueirensis,direct,Rodentia,Echimyidae,Phyllomys,CR,0.0
Echimys_vieirai,Echimys_vieirai,direct,Rodentia,Echimyidae,Echimys,DD,0.0
Echimys_chrysurus,Echimys_chrysurus,direct,Rodentia,Echimyidae,Echimys,LC,0.0
Echimys_saturnus,Echimys_saturnus,direct,Rodentia,Echimyidae,Echimys,DD,0.0
Toromys_rhipidurus,Toromys_rhipidurus,direct,Rodentia,Echimyidae,Toromys,DD,0.0
Toromys_grandis,Toromys_grandis,direct,Rodentia,Echimyidae,Toromys,LC,0.0
Pattonomys_semivillosus,Pattonomys_semivillosus,direct,Rodentia,Echimyidae,Pattonomys,LC,0.0
Pattonomys_occasius,,unmatched,,,,,
Dactylomys_peruanus,Dactylomys_peruanus,direct,Rodentia,Echimyidae,Dactylomys,DD,0.0
Dactylomys_dactylinus,Dactylomys_dactylinus,direct,Rodentia,Echimyidae,Dactylomys,LC,0.0
Dactylomys_boliviensis,Dactylomys_boliviensis,direct,Rodentia,Echimyidae,Dactylomys,LC,0.0
Olallamys_edax,Olallamys_edax,direct,Rodentia,Echimyidae,Olallamys,DD,0.0
Olallamys_albicauda,Olallamys_albicauda,direct,Rodentia,Echimyidae,Olallamys,DD,0.0
Kannabateomys_amblyonyx,Kannabateomys_amblyonyx,direct,Rodentia,Echimyidae,Kannabateomys,LC,0.0
Diplomys_labilis,Diplomys_labilis,direct,Rodentia,Echimyidae,Diplomys,LC,0.0
Diplomys_caniceps,Diplomys_caniceps,direct,Rodentia,Echimyidae,Diplomys,DD,0.0
Santamartamys_rufodorsalis,Santamartamys_rufodorsalis,direct,Rodentia,Echimyidae,Santamartamys,CR,0.0
Clyomys_laticeps,Clyomys_laticeps,direct,Rodentia,Echimyidae,Clyomys,LC,0.0
Clyomys_bishopi,Clyomys_laticeps,synonym:nominalName,Rodentia,Echimyidae,Clyomys,LC,0.0
Euryzygomatomys_spinosus,Euryzygomatomys_spinosus,direct,Rodentia,Echimyidae,Euryzygomatomys,LC,0.0
Trinomys_eliasi,Trinomys_eliasi,direct,Rodentia,Echimyidae,Trinomys,NT,0.0
Trinomys_paratus,Trinomys_paratus,direct,Rodentia,Echimyidae,Trinomys,DD,0.0
Trinomys_yonenagae,Trinomys_yonenagae,direct,Rodentia,Echimyidae,Trinomys,EN,0.0
Thrichomys_fosteri,Thrichomys_fosteri,direct,Rodentia,Echimyidae,Thrichomys,NE,0.0
Thrichomys_laurentius,Thrichomys_laurentius,direct,Rodentia,Echimyidae,Thrichomys,DD,0.0
Thrichomys_pachyurus,Thrichomys_pachyurus,direct,Rodentia,Echimyidae,Thrichomys,LC,0.0
Thrichomys_inermis,Thrichomys_inermis,direct,Rodentia,Echimyidae,Thrichomys,LC,0.0
Trinomys_setosus,Trinomys_setosus,direct,Rodentia,Echimyidae,Trinomys,LC,0.0
Trinomys_albispinus,Trinomys_albispinus,direct,Rodentia,Echimyidae,Trinomys,LC,0.0
Trinomys_dimidiatus,Trinomys_dimidiatus,direct,Rodentia,Echimyidae,Trinomys,LC,0.0
Trinomys_iheringi,Trinomys_iheringi,direct,Rodentia,Echimyidae,Trinomys,LC,0.0
Trinomys_mirapitanga,Trinomys_mirapitanga,direct,Rodentia,Echimyidae,Trinomys,DD,0.0
Trinomys_gratiosus,Trinomys_gratiosus,direct,Rodentia,Echimyidae,Trinomys,LC,0.0
Trinomys_moojeni,Trinomys_moojeni,direct,Rodentia,Echimyidae,Trinomys,EN,0.0
Ctenomys_budini,Ctenomys_frater,synonym:nominalName,Rodentia,Ctenomyidae,Ctenomys,LC,0.0
Ctenomys_brasiliensis,Ctenomys_brasiliensis,direct,Rodentia,Ctenomyidae,Ctenomys,DD,0.0
Ctenomys_boliviensis,Ctenomys_boliviensis,direct,Rodentia,Ctenomyidae,Ctenomys,LC,0.0
Ctenomys_goodfellowi,Ctenomys_boliviensis,synonym:nominalName,Rodentia,Ctenomyidae,Ctenomys,LC,0.0
Ctenomys_sylvanus,Ctenomys_frater,synonym:nominalName,Rodentia,Ctenomyidae,Ctenomys,LC,0.0
Ctenomys_steinbachi,Ctenomys_steinbachi,direct,Rodentia,Ctenomyidae,Ctenomys,LC,0.0
Ctenomys_andersoni,Ctenomys_andersoni,direct,Rodentia,Ctenomyidae,Ctenomys,NE,0.0
Ctenomys_erikacuellarae,Ctenomys_erikacuellarae,direct,Rodentia,Ctenomyidae,Ctenomys,NE,0.0
Ctenomys_opimus,Ctenomys_opimus,direct,Rodentia,Ctenomyidae,Ctenomys,LC,0.0
Ctenomys_johannis,Ctenomys_johannis,direct,Rodentia,Ctenomyidae,Ctenomys,DD,0.0
Ctenomys_fulvus,Ctenomys_fulvus,direct,Rodentia,Ctenomyidae,Ctenomys,DD,0.0
Ctenomys_yatesi,Ctenomys_yatesi,direct,Rodentia,Ctenomyidae,Ctenomys,NE,0.0
Ctenomys_saltarius,Ctenomys_saltarius,direct,Rodentia,Ctenomyidae,Ctenomys,DD,0.0
Ctenomys_scagliai,Ctenomys_scagliai,direct,Rodentia,Ctenomyidae,Ctenomys,DD,0.0
Ctenomys_fochi,Ctenomys_fochi,direct,Rodentia,Ctenomyidae,Ctenomys,DD,0.0
Ctenomys_tucumanus,Ctenomys_tucumanus,direct,Rodentia,Ctenomyidae,Ctenomys,DD,0.0
Ctenomys_occultus,Ctenomys_occultus,direct,Rodentia,Ctenomyidae,Ctenomys,EN,0.0
Ctenomys_argentinus,Ctenomys_argentinus,direct,Rodentia,Ctenomyidae,Ctenomys,NT,0.0
Ctenomys_latro,Ctenomys_latro,direct,Rodentia,Ctenomyidae,Ctenomys,EN,0.0
Ctenomys_pilarensis,Ctenomys_pilarensis,direct,Rodentia,Ctenomyidae,Ctenomys,EN,0.0
Ctenomys_sociabilis,Ctenomys_sociabilis,direct,Rodentia,Ctenomyidae,Ctenomys,CR,0.0
Ctenomys_viperinus,Ctenomys_viperinus,direct,Rodentia,Ctenomyidae,Ctenomys,DD,0.0
Ctenomys_peruanus,Ctenomys_peruanus,direct,Rodentia,Ctenomyidae,Ctenomys,LC,0.0
Ctenomys_haigi,Ctenomys_haigi,direct,Rodentia,Ctenomyidae,Ctenomys,LC,0.0
Ctenomys_maulinus,Ctenomys_maulinus,direct,Rodentia,Ctenomyidae,Ctenomys,LC,0.0
Ctenomys_coyhaiquensis,Ctenomys_sericeus,synonym:nominalName,Rodentia,Ctenomyidae,Ctenomys,DD,0.0
Ctenomys_sericeus,Ctenomys_sericeus,direct,Rodentia,Ctenomyidae,Ctenomys,DD,0.0
Ctenomys_fodax,Ctenomys_fodax,direct,Rodentia,Ctenomyidae,Ctenomys,DD,0.0
Ctenomys_magellanicus,Ctenomys_magellanicus,direct,Rodentia,Ctenomyidae,Ctenomys,LC,0.0
Ctenomys_colburni,Ctenomys_magellanicus,synonym:nominalName,Rodentia,Ctenomyidae,Ctenomys,LC,0.0
Ctenomys_pundti,Ctenomys_talarum,synonym:nominalName,Rodentia,Ctenomyidae,Ctenomys,LC,0.0
Ctenomys_bergi,Ctenomys_bergi,direct,Rodentia,Ctenomyidae,Ctenomys,EN,0.0
Ctenomys_talarum,Ctenomys_talarum,direct,Rodentia,Ctenomyidae,Ctenomys,LC,0.0
Ctenomys_leucodon,Ctenomys_leucodon,direct,Rodentia,Ctenomyidae,Ctenomys,LC,0.0
Ctenomys_australis,Ctenomys_australis,direct,Rodentia,Ctenomyidae,Ctenomys,EN,0.0
Ctenomys_mendocinus,Ctenomys_mendocinus,direct,Rodentia,Ctenomyidae,Ctenomys,LC,0.0
Ctenomys_porteousi,Ctenomys_mendocinus,synonym:nominalName,Rodentia,Ctenomyidae,Ctenomys,LC,0.0
Ctenomys_yolandae,Ctenomys_bergi,synonym:nominalName,Rodentia,Ctenomyidae,Ctenomys,EN,0.0
Ctenomys_bonettoi,Ctenomys_bergi,synonym:nominalName,Rodentia,Ctenomyidae,Ctenomys,EN,0.0
Ctenomys_flamarioni,Ctenomys_flamarioni,direct,Rodentia,Ctenomyidae,Ctenomys,EN,0.0
Ctenomys_azarae,Ctenomys_mendocinus,synonym:nominalName,Rodentia,Ctenomyidae,Ctenomys,LC,0.0
Ctenomys_rionegrensis,Ctenomys_rionegrensis,direct,Rodentia,Ctenomyidae,Ctenomys,EN,0.0
Ctenomys_osvaldoreigi,Ctenomys_osvaldoreigi,direct,Rodentia,Ctenomyidae,Ctenomys,CR,0.0
Ctenomys_ibicuiensis,Ctenomys_ibicuiensis,direct,Rodentia,Ctenomyidae,Ctenomys,NT,0.0
Ctenomys_knighti,Ctenomys_knighti,direct,Rodentia,Ctenomyidae,Ctenomys,DD,0.0
Ctenomys_torquatus,Ctenomys_torquatus,direct,Rodentia,Ctenomyidae,Ctenomys,LC,0.0
Ctenomys_minutus,Ctenomys_brasiliensis,synonym:nominalName,Rodentia,Ctenomyidae,Ctenomys,DD,0.0
Ctenomys_lami,Ctenomys_lami,direct,Rodentia,Ctenomyidae,Ctenomys,VU,0.0
Ctenomys_validus,Ctenomys_mendocinus,synonym:nominalName,Rodentia,Ctenomyidae,Ctenomys,LC,0.0
Ctenomys_roigi,Ctenomys_roigi,direct,Rodentia,Ctenomyidae,Ctenomys,CR,0.0
Ctenomys_perrensi,Ctenomys_perrensi,direct,Rodentia,Ctenomyidae,Ctenomys,LC,0.0
Ctenomys_dorbignyi,Ctenomys_perrensi,synonym:nominalName,Rodentia,Ctenomyidae,Ctenomys,LC,0.0
Ctenomys_tulduco,Ctenomys_tulduco,direct,Rodentia,Ctenomyidae,Ctenomys,DD,0.0
Ctenomys_pearsoni,Ctenomys_pearsoni,direct,Rodentia,Ctenomyidae,Ctenomys,NT,0.0
Ctenomys_famosus,Ctenomys_coludo,synonym:nominalName,Rodentia,Ctenomyidae,Ctenomys,DD,0.0
Ctenomys_juris,Ctenomys_juris,direct,Rodentia,Ctenomyidae,Ctenomys,DD,0.0
Ctenomys_frater,Ctenomys_frater,direct,Rodentia,Ctenomyidae,Ctenomys,LC,0.0
Ctenomys_lewisi,Ctenomys_lewisi,direct,Rodentia,Ctenomyidae,Ctenomys,LC,0.0
Ctenomys_emilianus,Ctenomys_emilianus,direct,Rodentia,Ctenomyidae,Ctenomys,LC,0.0
Ctenomys_dorsalis,Ctenomys_dorsalis,direct,Rodentia,Ctenomyidae,Ctenomys,DD,0.0
Ctenomys_coludo,Ctenomys_coludo,direct,Rodentia,Ctenomyidae,Ctenomys,DD,0.0
Ctenomys_pontifex,Ctenomys_pontifex,direct,Rodentia,Ctenomyidae,Ctenomys,DD,0.0
Ctenomys_conoveri,Ctenomys_conoveri,direct,Rodentia,Ctenomyidae,Ctenomys,LC,0.0
Ctenomys_lessai,Ctenomys_lessai,direct,Rodentia,Ctenomyidae,Ctenomys,NE,0.0
Ctenomys_tuconax,Ctenomys_tuconax,direct,Rodentia,Ctenomyidae,Ctenomys,DD,0.0
Tympanoctomys_barrerae,Tympanoctomys_barrerae,direct,Rodentia,Octodontidae,Tympanoctomys,NT,0.0
Tympanoctomys_loschalchalerosorum,Tympanoctomys_loschalchalerosorum,direct,Rodentia,Octodontidae,Tympanoctomys,CR,0.0
Tympanoctomys_kirchnerorum,Tympanoctomys_kirchnerorum,direct,Rodentia,Octodontidae,Tympanoctomys,DD,0.0
Pipanacoctomys_aureus,Pipanacoctomys_aureus,direct,Rodentia,Octodontidae,Pipanacoctomys,CR,0.0
Octomys_mimax,Octomys_mimax,direct,Rodentia,Octodontidae,Octomys,LC,0.0
Octodontomys_gliroides,Octodontomys_gliroides,direct,Rodentia,Octodontidae,Octodontomys,LC,0.0
Octodon_bridgesi,Octodon_bridgesii,synonym:MSW3,Rodentia,Octodontidae,Octodon,VU,0.0
Octodon_lunatus,Octodon_lunatus,direct,Rodentia,Octodontidae,Octodon,NT,0.0
Octodon_pacificus,Octodon_pacificus,direct,Rodentia,Octodontidae,Octodon,CR,0.0
Octodon_degus,Octodon_degus,direct,Rodentia,Octodontidae,Octodon,LC,0.0
Spalacopus_cyanus,Spalacopus_cyanus,direct,Rodentia,Octodontidae,Spalacopus,LC,0.0
Aconaemys_porteri,Aconaemys_porteri,direct,Rodentia,Octodontidae,Aconaemys,DD,0.0
Aconaemys_sagei,Aconaemys_sagei,direct,Rodentia,Octodontidae,Aconaemys,DD,0.0
Aconaemys_fuscus,Aconaemys_fuscus,direct,Rodentia,Octodontidae,Aconaemys,LC,0.0
Abrocoma_boliviensis,Abrocoma_boliviensis,direct,Rodentia,Abrocomidae,Abrocoma,CR,0.0
Abrocoma_vaccarum,Abrocoma_vaccarum,direct,Rodentia,Abrocomidae,Abrocoma,DD,0.0
Abrocoma_shistacea,Abrocoma_schistacea,synonym:MSW3,Rodentia,Abrocomidae,Abrocoma,LC,0.0
Abrocoma_uspallata,Abrocoma_schistacea,synonym:nominalName,Rodentia,Abrocomidae,Abrocoma,LC,0.0
Abrocoma_famatina,Abrocoma_cinerea,synonym:nominalName,Rodentia,Abrocomidae,Abrocoma,LC,0.0
Abrocoma_bennettii,Abrocoma_bennettii,direct,Rodentia,Abrocomidae,Abrocoma,LC,0.0
Abrocoma_budini,Abrocoma_budini,direct,Rodentia,Abrocomidae,Abrocoma,DD,0.0
Cuscomys_oblativa,Cuscomys_oblativus,synonym:MSW3,Rodentia,Abrocomidae,Cuscomys,DD,0.0
Cuscomys_ashaninka,Cuscomys_ashaninka,direct,Rodentia,Abrocomidae,Cuscomys,DD,0.0
Abrocoma_cinerea,Abrocoma_cinerea,direct,Rodentia,Abrocomidae,Abrocoma,LC,0.0
Microdipodops_pallidus,Microdipodops_pallidus,direct,Rodentia,Heteromyidae,Microdipodops,LC,0.0
Microdipodops_megacephalus,Microdipodops_megacephalus,direct,Rodentia,Heteromyidae,Microdipodops,LC,0.0
Dipodomys_spectabilis,Dipodomys_spectabilis,direct,Rodentia,Heteromyidae,Dipodomys,NT,0.0
Dipodomys_nelsoni,Dipodomys_nelsoni,direct,Rodentia,Heteromyidae,Dipodomys,LC,0.0
Dipodomys_deserti,Dipodomys_deserti,direct,Rodentia,Heteromyidae,Dipodomys,LC,0.0
Dipodomys_ordii,Dipodomys_ordii,direct,Rodentia,Heteromyidae,Dipodomys,LC,0.0
Dipodomys_compactus,Dipodomys_compactus,direct,Rodentia,Heteromyidae,Dipodomys,LC,0.0
Dipodomys_heermanni,Dipodomys_heermanni,direct,Rodentia,Heteromyidae,Dipodomys,LC,0.0
Dipodomys_panamintinus,Dipodomys_panamintinus,direct,Rodentia,Heteromyidae,Dipodomys,LC,0.0
Dipodomys_stephensi,Dipodomys_stephensi,direct,Rodentia,Heteromyidae,Dipodomys,VU,0.0
Dipodomys_microps,Dipodomys_microps,direct,Rodentia,Heteromyidae,Dipodomys,LC,0.0
Dipodomys_californicus,Dipodomys_californicus,direct,Rodentia,Heteromyidae,Dipodomys,LC,0.0
Dipodomys_simulans,Dipodomys_simulans,direct,Rodentia,Heteromyidae,Dipodomys,LC,0.0
Dipodomys_agilis,Dipodomys_agilis,direct,Rodentia,Heteromyidae,Dipodomys,LC,0.0
Dipodomys_venustus,Dipodomys_venustus,direct,Rodentia,Heteromyidae,Dipodomys,LC,0.0
Dipodomys_gravipes,Dipodomys_gravipes,direct,Rodentia,Heteromyidae,Dipodomys,CR,0.0
Dipodomys_ingens,Dipodomys_ingens,direct,Rodentia,Heteromyidae,Dipodomys,EN,0.0
Dipodomys_elator,Dipodomys_elator,direct,Rodentia,Heteromyidae,Dipodomys,VU,0.0
Dipodomys_phillipsii,Dipodomys_phillipsii,direct,Rodentia,Heteromyidae,Dipodomys,LC,0.0
Dipodomys_insularis,Dipodomys_merriami,synonym:nominalName,Rodentia,Heteromyidae,Dipodomys,LC,0.0
Dipodomys_merriami,Dipodomys_merriami,direct,Rodentia,Heteromyidae,Dipodomys,LC,0.0
Dipodomys_nitratoides,Dipodomys_nitratoides,direct,Rodentia,Heteromyidae,Dipodomys,VU,0.0
Dipodomys_margaritae,Dipodomys_merriami,synonym:nominalName,Rodentia,Heteromyidae,Dipodomys,LC,0.0
Thomomys_bulbivorus,Megascapheus_bulbivorus,synonym:MSW3,Rodentia,Geomyidae,Megascapheus,LC,0.0
Thomomys_atrovarius,,unmatched,,,,,
Thomomys_sheldoni,,unmatched,,,,,
Thomomys_nayarensis,,unmatched,,,,,
Thomomys_clusius,Thomomys_clusius,direct,Rodentia,Geomyidae,Thomomys,LC,0.0
Thomomys_bottae,Megascapheus_bottae,synonym:MSW3,Rodentia,Geomyidae,Megascapheus,LC,0.0
Thomomys_umbrinus,Megascapheus_umbrinus,synonym:MSW3,Rodentia,Geomyidae,Megascapheus,LC,0.0
Thomomys_townsendii,Megascapheus_townsendii,synonym:MSW3,Rodentia,Geomyidae,Megascapheus,LC,0.0
Thomomys_monticola,Thomomys_monticolus,synonym:MSW3,Rodentia,Geomyidae,Thomomys,LC,0.0
Thomomys_idahoensis,Thomomys_idahoensis,direct,Rodentia,Geomyidae,Thomomys,LC,0.0
Thomomys_mazama,Thomomys_mazama,direct,Rodentia,Geomyidae,Thomomys,LC,0.0
Thomomys_talpoides,Thomomys_talpoides,direct,Rodentia,Geomyidae,Thomomys,LC,0.0
Geomys_pinetis,Geomys_pinetis,direct,Rodentia,Geomyidae,Geomys,LC,0.0
Geomys_breviceps,Geomys_breviceps,direct,Rodentia,Geomyidae,Geomys,LC,0.0
Geomys_tropicalis,Geomys_tropicalis,direct,Rodentia,Geomyidae,Geomys,EN,0.0
Geomys_personatus,Geomys_personatus,direct,Rodentia,Geomyidae,Geomys,LC,0.0
Geomys_streckeri,Geomys_streckeri,direct,Rodentia,Geomyidae,Geomys,NE,0.0
Geomys_attwateri,Geomys_attwateri,direct,Rodentia,Geomyidae,Geomys,LC,0.0
Geomys_bursarius,Geomys_bursarius,direct,Rodentia,Geomyidae,Geomys,LC,0.0
Geomys_texensis,Geomys_texensis,direct,Rodentia,Geomyidae,Geomys,LC,0.0
Geomys_knoxjonesi,Geomys_knoxjonesi,direct,Rodentia,Geomyidae,Geomys,LC,0.0
Geomys_arenarius,Geomys_arenarius,direct,Rodentia,Geomyidae,Geomys,NT,0.0
Zygogeomys_trichopus,Zygogeomys_trichopus,direct,Rodentia,Geomyidae,Zygogeomys,EN,0.0
Pappogeomys_bulleri,Pappogeomys_bulleri,direct,Rodentia,Geomyidae,Pappogeomys,LC,0.0
Pappogeomys_alcorni,Pappogeomys_bulleri,synonym:nominalName,Rodentia,Geomyidae,Pappogeomys,LC,0.0
Orthogeomys_grandis,Orthogeomys_grandis,direct,Rodentia,Geomyidae,Orthogeomys,LC,0.0
Orthogeomys_lanius,Heterogeomys_lanius,synonym:MSW3,Rodentia,Geomyidae,Heterogeomys,CR,0.0
Orthogeomys_hispidus,Heterogeomys_hispidus,synonym:MSW3,Rodentia,Geomyidae,Heterogeomys,LC,0.0
Orthogeomys_underwoodi,Heterogeomys_underwoodi,synonym:MSW3,Rodentia,Geomyidae,Heterogeomys,LC,0.0
Orthogeomys_heterodus,Heterogeomys_heterodus,synonym:MSW3,Rodentia,Geomyidae,Heterogeomys,LC,0.0
Orthogeomys_cherriei,Heterogeomys_cherriei,synonym:MSW3,Rodentia,Geomyidae,Heterogeomys,LC,0.0
Orthogeomys_matagalpae,,unmatched,,,,,
Orthogeomys_dariensis,Heterogeomys_dariensis,synonym:MSW3,Rodentia,Geomyidae,Heterogeomys,LC,0.0
Orthogeomys_cuniculus,Orthogeomys_grandis,synonym:nominalName,Rodentia,Geomyidae,Orthogeomys,LC,0.0
Orthogeomys_thaeleri,,unmatched,,,,,
Orthogeomys_cavator,Heterogeomys_cavator,synonym:MSW3,Rodentia,Geomyidae,Heterogeomys,LC,0.0
Cratogeomys_planiceps,Cratogeomys_planiceps,direct,Rodentia,Geomyidae,Cratogeomys,LC,0.0
Cratogeomys_fumosus,Cratogeomys_fumosus,direct,Rodentia,Geomyidae,Cratogeomys,LC,0.0
Cratogeomys_perotensis,Cratogeomys_perotensis,direct,Rodentia,Geomyidae,Cratogeomys,LC,0.0
Cratogeomys_merriami,Cratogeomys_merriami,direct,Rodentia,Geomyidae,Cratogeomys,LC,0.0
Cratogeomys_fulvescens,Cratogeomys_fulvescens,direct,Rodentia,Geomyidae,Cratogeomys,LC,0.0
Cratogeomys_goldmani,Cratogeomys_goldmani,direct,Rodentia,Geomyidae,Cratogeomys,LC,0.0
Cratogeomys_castanops,Cratogeomys_castanops,direct,Rodentia,Geomyidae,Cratogeomys,LC,0.0
Liomys_salvini,Heteromys_salvini,synonym:MSW3,Rodentia,Heteromyidae,Heteromys,LC,0.0
Liomys_adspersus,Heteromys_adspersus,synonym:MSW3,Rodentia,Heteromyidae,Heteromys,LC,0.0
Liomys_irroratus,Heteromys_irroratus,synonym:MSW3,Rodentia,Heteromyidae,Heteromys,LC,0.0
Liomys_spectabilis,Heteromys_spectabilis,synonym:MSW3,Rodentia,Heteromyidae,Heteromys,EN,0.0
Liomys_pictus,Heteromys_pictus,synonym:MSW3,Rodentia,Heteromyidae,Heteromys,LC,0.0
Heteromys_oasicus,Heteromys_oasicus,direct,Rodentia,Heteromyidae,Heteromys,EN,0.0
Heteromys_anomalus,Heteromys_anomalus,direct,Rodentia,Heteromyidae,Heteromys,LC,0.0
Heteromys_australis,Heteromys_australis,direct,Rodentia,Heteromyidae,Heteromys,LC,0.0
Heteromys_nubicolens,Heteromys_nubicolens,direct,Rodentia,Heteromyidae,Heteromys,NE,0.0
Heteromys_oresterus,Heteromys_oresterus,direct,Rodentia,Heteromyidae,Heteromys,LC,0.0
Heteromys_desmarestianus,Heteromys_desmarestianus,direct,Rodentia,Heteromyidae,Heteromys,LC,0.0
Heteromys_gaumeri,Heteromys_gaumeri,direct,Rodentia,Heteromyidae,Heteromys,LC,0.0
Heteromys_nelsoni,Heteromys_nelsoni,direct,Rodentia,Heteromyidae,Heteromys,EN,0.0
Heteromys_teleus,Heteromys_teleus,direct,Rodentia,Heteromyidae,Heteromys,VU,0.0
Heteromys_catopterius,Heteromys_catopterius,direct,Rodentia,Heteromyidae,Heteromys,LC,0.0
Perognathus_fasciatus,Perognathus_fasciatus,direct,Rodentia,Heteromyidae,Perognathus,LC,0.0
Perognathus_flavus,Perognathus_flavus,direct,Rodentia,Heteromyidae,Perognathus,LC,0.0
Perognathus_merriami,Perognathus_merriami,direct,Rodentia,Heteromyidae,Perognathus,LC,0.0
Perognathus_flavescens,Perognathus_flavescens,direct,Rodentia,Heteromyidae,Perognathus,LC,0.0
Perognathus_longimembris,Perognathus_longimembris,direct,Rodentia,Heteromyidae,Perognathus,LC,0.0
Perognathus_inornatus,Perognathus_inornatus,direct,Rodentia,Heteromyidae,Perognathus,LC,0.0
Perognathus_amplus,Perognathus_amplus,direct,Rodentia,Heteromyidae,Perognathus,LC,0.0
Perognathus_parvus,Perognathus_parvus,direct,Rodentia,Heteromyidae,Perognathus,LC,0.0
Perognathus_alticolus,Perognathus_alticolus,direct,Rodentia,Heteromyidae,Perognathus,VU,0.0
Chaetodipus_californicus,Chaetodipus_californicus,direct,Rodentia,Heteromyidae,Chaetodipus,LC,0.0
Chaetodipus_fallax,Chaetodipus_fallax,direct,Rodentia,Heteromyidae,Chaetodipus,LC,0.0
Chaetodipus_arenarius,Chaetodipus_arenarius,direct,Rodentia,Heteromyidae,Chaetodipus,LC,0.0
Chaetodipus_dalquesti,Chaetodipus_ammophilus,synonym:MSW3,Rodentia,Heteromyidae,Chaetodipus,NT,0.0
Chaetodipus_spinatus,Chaetodipus_spinatus,direct,Rodentia,Heteromyidae,Chaetodipus,LC,0.0
Chaetodipus_pernix,Chaetodipus_pernix,direct,Rodentia,Heteromyidae,Chaetodipus,LC,0.0
Chaetodipus_eremicus,Chaetodipus_eremicus,direct,Rodentia,Heteromyidae,Chaetodipus,LC,0.0
Chaetodipus_penicillatus,Chaetodipus_penicillatus,direct,Rodentia,Heteromyidae,Chaetodipus,LC,0.0
Chaetodipus_lineatus,Chaetodipus_nelsoni,synonym:nominalName,Rodentia,Heteromyidae,Chaetodipus,LC,0.0
Chaetodipus_intermedius,Chaetodipus_intermedius,direct,Rodentia,Heteromyidae,Chaetodipus,LC,0.0
Chaetodipus_nelsoni,Chaetodipus_nelsoni,direct,Rodentia,Heteromyidae,Chaetodipus,LC,0.0
Chaetodipus_goldmani,Chaetodipus_goldmani,direct,Rodentia,Heteromyidae,Chaetodipus,NT,0.0
Chaetodipus_artus,Chaetodipus_artus,direct,Rodentia,Heteromyidae,Chaetodipus,LC,0.0
Chaetodipus_hispidus,Chaetodipus_hispidus,direct,Rodentia,Heteromyidae,Chaetodipus,LC,0.0
Chaetodipus_formosus,Chaetodipus_formosus,direct,Rodentia,Heteromyidae,Chaetodipus,LC,0.0
Chaetodipus_baileyi,Chaetodipus_baileyi,direct,Rodentia,Heteromyidae,Chaetodipus,LC,0.0
Chaetodipus_rudinoris,Chaetodipus_rudinoris,direct,Rodentia,Heteromyidae,Chaetodipus,LC,0.0
Castor_fiber,Castor_fiber,direct,Rodentia,Castoridae,Castor,LC,0.0
Castor_canadensis,Castor_canadensis,direct,Rodentia,Castoridae,Castor,LC,0.0
Pygeretmus_pumilio,Pygeretmus_pumilio,direct,Rodentia,Dipodidae,Pygeretmus,LC,0.0
Pygeretmus_platyurus,Pygeretmus_platyurus,direct,Rodentia,Dipodidae,Pygeretmus,LC,0.0
Pygeretmus_zhitkovi,Pygeretmus_shitkovi,synonym:nominalName,Rodentia,Dipodidae,Pygeretmus,LC,0.0
Allactaga_bullata,Orientallactaga_bullata,synonym:MSW3,Rodentia,Dipodidae,Orientallactaga,LC,0.0
Allactaga_vinogradovi,Scarturus_vinogradovi,synonym:MSW3,Rodentia,Dipodidae,Scarturus,LC,0.0
Allactaga_sibirica,Orientallactaga_sibirica,synonym:MSW3,Rodentia,Dipodidae,Orientallactaga,LC,0.0
Allactaga_tetradactyla,Scarturus_tetradactylus,synonym:MSW3,Rodentia,Dipodidae,Scarturus,DD,0.0
Allactaga_major,Allactaga_major,direct,Rodentia,Dipodidae,Allactaga,LC,0.0
Allactodipus_bobrinskii,Allactodipus_bobrinskii,direct,Rodentia,Dipodidae,Allactodipus,LC,0.0
Allactaga_balikunica,Orientallactaga_balikunica,synonym:MSW3,Rodentia,Dipodidae,Orientallactaga,LC,0.0
Allactaga_firouzi,,unmatched,,,,,
Allactaga_hotsoni,Scarturus_hotsoni,synonym:MSW3,Rodentia,Dipodidae,Scarturus,LC,0.0
Allactaga_elater,Scarturus_elater,synonym:MSW3,Rodentia,Dipodidae,Scarturus,LC,0.0
Allactaga_severtzovi,Allactaga_severtzovi,direct,Rodentia,Dipodidae,Allactaga,LC,0.0
Allactaga_toussi,,unmatched,,,,,
Allactaga_williamsi,Scarturus_williamsi,synonym:MSW3,Rodentia,Dipodidae,Scarturus,LC,0.0
Allactaga_euphratica,Scarturus_euphraticus,synonym:MSW3,Rodentia,Dipodidae,Scarturus,LC,0.0
Paradipus_ctenodactylus,Paradipus_ctenodactylus,direct,Rodentia,Dipodidae,Paradipus,LC,0.0
Stylodipus_andrewsi,Stylodipus_andrewsi,direct,Rodentia,Dipodidae,Stylodipus,LC,0.0
Stylodipus_telum,Stylodipus_telum,direct,Rodentia,Dipodidae,Stylodipus,LC,0.0
Stylodipus_sungorus,Stylodipus_sungorus,direct,Rodentia,Dipodidae,Stylodipus,LC,0.0
Jaculus_orientalis,Jaculus_orientalis,direct,Rodentia,Dipodidae,Jaculus,LC,0.0
Jaculus_jaculus,Jaculus_jaculus,direct,Rodentia,Dipodidae,Jaculus,LC,0.0
Jaculus_blanfordi,Jaculus_blanfordi,direct,Rodentia,Dipodidae,Jaculus,LC,0.0
Eremodipus_lichtensteini,Eremodipus_lichtensteini,direct,Rodentia,Dipodidae,Eremodipus,LC,0.0
Dipus_sagitta,Dipus_sagitta,direct,Rodentia,Dipodidae,Dipus,LC,0.0
Euchoreutes_naso,Euchoreutes_naso,direct,Rodentia,Dipodidae,Euchoreutes,LC,0.0
Salpingotulus_michaelis,Salpingotus_michaelis,synonym:MSW3,Rodentia,Dipodidae,Salpingotus,DD,0.0
Salpingotus_crassicauda,Salpingotus_crassicauda,direct,Rodentia,Dipodidae,Salpingotus,LC,0.0
Salpingotus_kozlovi,Salpingotus_kozlovi,direct,Rodentia,Dipodidae,Salpingotus,LC,0.0
Salpingotus_pallidus,Salpingotus_pallidus,direct,Rodentia,Dipodidae,Salpingotus,DD,0.0
Salpingotus_heptneri,Salpingotus_heptneri,direct,Rodentia,Dipodidae,Salpingotus,DD,0.0
Cardiocranius_paradoxus,Cardiocranius_paradoxus,direct,Rodentia,Dipodidae,Cardiocranius,DD,0.0
Zapus_trinotatus,Zapus_trinotatus,direct,Rodentia,Zapodidae,Zapus,LC,0.0
Zapus_princeps,Zapus_princeps,direct,Rodentia,Zapodidae,Zapus,LC,0.0
Zapus_hudsonius,Zapus_hudsonius,direct,Rodentia,Zapodidae,Zapus,LC,0.0
Napaeozapus_insignis,Napaeozapus_insignis,direct,Rodentia,Zapodidae,Napaeozapus,LC,0.0
Eozapus_setchuanus,Eozapus_setchuanus,direct,Rodentia,Zapodidae,Eozapus,LC,0.0
Sicista_napaea,Sicista_napaea,direct,Rodentia,Sminthidae,Sicista,LC,0.0
Sicista_kazbegica,Sicista_kazbegica,direct,Rodentia,Sminthidae,Sicista,VU,0.0
Sicista_severtzovi,Sicista_severtzovi,direct,Rodentia,Sminthidae,Sicista,CR,0.0
Sicista_caucasica,Sicista_caucasica,direct,Rodentia,Sminthidae,Sicista,NT,0.0
Sicista_concolor,Sicista_concolor,direct,Rodentia,Sminthidae,Sicista,LC,0.0
Sicista_caudata,Sicista_caudata,direct,Rodentia,Sminthidae,Sicista,LC,0.0
Sicista_subtilis,Sicista_subtilis,direct,Rodentia,Sminthidae,Sicista,LC,0.0
Sicista_pseudonapaea,Sicista_pseudonapaea,direct,Rodentia,Sminthidae,Sicista,LC,0.0
Sicista_kluchorica,Sicista_kluchorica,direct,Rodentia,Sminthidae,Sicista,LC,0.0
Sicista_strandi,Sicista_strandi,direct,Rodentia,Sminthidae,Sicista,LC,0.0
Sicista_armenica,Sicista_armenica,direct,Rodentia,Sminthidae,Sicista,CR,0.0
Sicista_betulina,Sicista_betulina,direct,Rodentia,Sminthidae,Sicista,LC,0.0
Sicista_tianshanica,Sicista_tianschanica,synonym:MSW3,Rodentia,Sminthidae,Sicista,LC,0.0
Typhlomys_cinereus,Typhlomys_cinereus,direct,Rodentia,Platacanthomyidae,Typhlomys,LC,0.0
Platacanthomys_lasiurus,Platacanthomys_lasiurus,direct,Rodentia,Platacanthomyidae,Platacanthomys,VU,0.0
Spalax_giganteus,Spalax_giganteus,direct,Rodentia,Spalacidae,Spalax,LC,0.0
Spalax_ehrenbergi,Nannospalax_ehrenbergi,synonym:MSW3,Rodentia,Spalacidae,Nannospalax,LC,0.0
Spalax_nehringi,Nannospalax_xanthodon,synonym:MSW3,Rodentia,Spalacidae,Nannospalax,LC,0.0
Spalax_leucodon,Nannospalax_leucodon,synonym:MSW3,Rodentia,Spalacidae,Nannospalax,LC,0.0
Spalax_microphthalmus,Spalax_microphthalmus,direct,Rodentia,Spalacidae,Spalax,LC,0.0
Spalax_zemni,Spalax_zemni,direct,Rodentia,Spalacidae,Spalax,EN,0.0
Spalax_arenarius,Spalax_arenarius,direct,Rodentia,Spalacidae,Spalax,EN,0.0
Spalax_graecus,Spalax_graecus,direct,Rodentia,Spalacidae,Spalax,VU,0.0
Spalax_uralensis,Spalax_uralensis,direct,Rodentia,Spalacidae,Spalax,LC,0.0
Myospalax_psilurus,Myospalax_psilurus,direct,Rodentia,Spalacidae,Myospalax,LC,0.0
Myospalax_myospalax,Myospalax_myospalax,direct,Rodentia,Spalacidae,Myospalax,LC,0.0
Myospalax_aspalax,Myospalax_aspalax,direct,Rodentia,Spalacidae,Myospalax,LC,0.0
Eospalax_rothschildi,Eospalax_rothschildi,direct,Rodentia,Spalacidae,Eospalax,LC,0.0
Eospalax_smithii,Eospalax_smithii,direct,Rodentia,Spalacidae,Eospalax,LC,0.0
Eospalax_fontanierii,Eospalax_fontanierii,direct,Rodentia,Spalacidae,Eospalax,LC,0.0
Tachyoryctes_splendens,Tachyoryctes_splendens,direct,Rodentia,Spalacidae,Tachyoryctes,LC,0.0
Tachyoryctes_macrocephalus,Tachyoryctes_macrocephalus,direct,Rodentia,Spalacidae,Tachyoryctes,EN,0.0
Rhizomys_sinensis,Rhizomys_sinensis,direct,Rodentia,Spalacidae,Rhizomys,LC,0.0
Rhizomys_sumatrensis,Rhizomys_sumatrensis,direct,Rodentia,Spalacidae,Rhizomys,LC,0.0
Rhizomys_pruinosus,Rhizomys_pruinosus,direct,Rodentia,Spalacidae,Rhizomys,LC,0.0
Cannomys_badius,Cannomys_badius,direct,Rodentia,Spalacidae,Cannomys,LC,0.0
Lophiomys_imhausi,Lophiomys_imhausii,synonym:MSW3,Rodentia,Muridae,Lophiomys,LC,0.0
Gerbilliscus_afra,Gerbilliscus_afer,synonym:MSW3,Rodentia,Muridae,Gerbilliscus,LC,0.0
Gerbilliscus_boehmi,Gerbilliscus_boehmi,direct,Rodentia,Muridae,Gerbilliscus,LC,0.0
Gerbilliscus_brantsii,Gerbilliscus_brantsii,direct,Rodentia,Muridae,Gerbilliscus,LC,0.0
Gerbilliscus_leucogaster,Gerbilliscus_leucogaster,direct,Rodentia,Muridae,Gerbilliscus,LC,0.0
Gerbilliscus_validus,Gerbilliscus_validus,direct,Rodentia,Muridae,Gerbilliscus,LC,0.0
Gerbilliscus_inclusus,Gerbilliscus_inclusus,direct,Rodentia,Muridae,Gerbilliscus,LC,0.0
Gerbilliscus_gambiana,,unmatched,,,,,
Gerbilliscus_guineae,Gerbilliscus_guineae,direct,Rodentia,Muridae,Gerbilliscus,LC,0.0
Gerbilliscus_kempi,Gerbilliscus_kempii,synonym:MSW3,Rodentia,Muridae,Gerbilliscus,LC,0.0
Gerbillurus_vallinus,Gerbilliscus_vallinus,synonym:MSW3,Rodentia,Muridae,Gerbilliscus,LC,0.0
Gerbillurus_tytonis,Gerbilliscus_tytonis,synonym:MSW3,Rodentia,Muridae,Gerbilliscus,LC,0.0
Gerbillurus_paeba,Gerbilliscus_paeba,synonym:MSW3,Rodentia,Muridae,Gerbilliscus,LC,0.0
Gerbillurus_setzeri,Gerbilliscus_setzeri,synonym:MSW3,Rodentia,Muridae,Gerbilliscus,LC,0.0
Gerbilliscus_phillipsi,Gerbilliscus_phillipsi,direct,Rodentia,Muridae,Gerbilliscus,LC,0.0
Gerbilliscus_robustus,Gerbilliscus_robustus,direct,Rodentia,Muridae,Gerbilliscus,LC,0.0
Gerbilliscus_nigricaudus,Gerbilliscus_nigricaudus,direct,Rodentia,Muridae,Gerbilliscus,LC,0.0
Desmodillus_auricularis,Desmodillus_auricularis,direct,Rodentia,Muridae,Desmodillus,LC,0.0
Tatera_indica,Tatera_indica,direct,Rodentia,Muridae,Tatera,LC,0.0
Desmodilliscus_braueri,Desmodilliscus_braueri,direct,Rodentia,Muridae,Desmodilliscus,LC,0.0
Pachyuromys_duprasi,Pachyuromys_duprasi,direct,Rodentia,Muridae,Pachyuromys,LC,0.0
Gerbillus_poecilops,Gerbillus_poecilops,direct,Rodentia,Muridae,Gerbillus,LC,0.0
Gerbillus_jamesi,Gerbillus_jamesi,direct,Rodentia,Muridae,Gerbillus,DD,0.0
Gerbillus_maghrebi,Gerbillus_maghrebi,direct,Rodentia,Muridae,Gerbillus,LC,0.0
Gerbillus_henleyi,Gerbillus_henleyi,direct,Rodentia,Muridae,Gerbillus,LC,0.0
Gerbillus_principulus,Gerbillus_principulus,direct,Rodentia,Muridae,Gerbillus,DD,0.0
Gerbillus_mackillingini,Gerbillus_mackilligini,synonym:nominalName,Rodentia,Muridae,Gerbillus,LC,0.0
Gerbillus_harwoodi,Gerbillus_harwoodi,direct,Rodentia,Muridae,Gerbillus,LC,0.0
Gerbillus_amoenus,Gerbillus_amoenus,direct,Rodentia,Muridae,Gerbillus,LC,0.0
Gerbillus_nanus,Gerbillus_nanus,direct,Rodentia,Muridae,Gerbillus,LC,0.0
Gerbillus_juliani,Gerbillus_watersi,synonym:nominalName,Rodentia,Muridae,Gerbillus,LC,0.0
Gerbillus_nancillus,Gerbillus_nancillus,direct,Rodentia,Muridae,Gerbillus,DD,0.0
Gerbillus_andersoni,Gerbillus_andersoni,direct,Rodentia,Muridae,Gerbillus,LC,0.0
Gerbillus_cosensis,Gerbillus_agag,synonym:nominalName,Rodentia,Muridae,Gerbillus,DD,0.0
Gerbillus_mesopotamiae,Gerbillus_mesopotamiae,direct,Rodentia,Muridae,Gerbillus,LC,0.0
Gerbillus_lowei,Gerbillus_lowei,direct,Rodentia,Muridae,Gerbillus,DD,0.0
Gerbillus_nigeriae,Gerbillus_nigeriae,direct,Rodentia,Muridae,Gerbillus,LC,0.0
Gerbillus_somalicus,Gerbillus_somalicus,direct,Rodentia,Muridae,Gerbillus,DD,0.0
Gerbillus_watersi,Gerbillus_watersi,direct,Rodentia,Muridae,Gerbillus,LC,0.0
Gerbillus_brockmani,Gerbillus_brockmani,direct,Rodentia,Muridae,Gerbillus,DD,0.0
Gerbillus_aquilus,Gerbillus_aquilus,direct,Rodentia,Muridae,Gerbillus,LC,0.0
Gerbillus_floweri,Gerbillus_floweri,direct,Rodentia,Muridae,Gerbillus,LC,0.0
Gerbillus_perpallidus,Gerbillus_floweri,synonym:nominalName,Rodentia,Muridae,Gerbillus,LC,0.0
Gerbillus_dunni,Gerbillus_dunni,direct,Rodentia,Muridae,Gerbillus,LC,0.0
Gerbillus_burtoni,Gerbillus_burtoni,direct,Rodentia,Muridae,Gerbillus,DD,0.0
Gerbillus_pyramidum,Gerbillus_pyramidum,direct,Rodentia,Muridae,Gerbillus,LC,0.0
Gerbillus_pusillus,Gerbillus_pusillus,direct,Rodentia,Muridae,Gerbillus,LC,0.0
Gerbillus_agag,Gerbillus_agag,direct,Rodentia,Muridae,Gerbillus,DD,0.0
Gerbillus_rosalinda,Gerbillus_rosalinda,direct,Rodentia,Muridae,Gerbillus,LC,0.0
Gerbillus_hesperinus,Gerbillus_hesperinus,direct,Rodentia,Muridae,Gerbillus,EN,0.0
Gerbillus_hoogstraali,Gerbillus_hoogstraali,direct,Rodentia,Muridae,Gerbillus,VU,0.0
Gerbillus_bottai,Gerbillus_bottai,direct,Rodentia,Muridae,Gerbillus,DD,0.0
Gerbillus_latastei,Gerbillus_latastei,direct,Rodentia,Muridae,Gerbillus,DD,0.0
Gerbillus_occiduus,Gerbillus_occiduus,direct,Rodentia,Muridae,Gerbillus,DD,0.0
Gerbillus_tarabuli,Gerbillus_tarabuli,direct,Rodentia,Muridae,Gerbillus,LC,0.0
Gerbillus_gleadowi,Gerbillus_gleadowi,direct,Rodentia,Muridae,Gerbillus,LC,0.0
Gerbillus_gerbillus,Gerbillus_gerbillus,direct,Rodentia,Muridae,Gerbillus,LC,0.0
Gerbillus_cheesmani,Gerbillus_cheesmani,direct,Rodentia,Muridae,Gerbillus,LC,0.0
Gerbillus_acticola,Gerbillus_acticola,direct,Rodentia,Muridae,Gerbillus,DD,0.0
Gerbillus_famulus,Gerbillus_famulus,direct,Rodentia,Muridae,Gerbillus,LC,0.0
Gerbillus_stigmonyx,Gerbillus_stigmonyx,direct,Rodentia,Muridae,Gerbillus,DD,0.0
Gerbillus_pulvinatus,Gerbillus_pulvinatus,direct,Rodentia,Muridae,Gerbillus,LC,0.0
Gerbillus_grobbeni,Gerbillus_grobbeni,direct,Rodentia,Muridae,Gerbillus,DD,0.0
Gerbillus_percivali,Gerbillus_pusillus,synonym:nominalName,Rodentia,Muridae,Gerbillus,LC,0.0
Gerbillus_rupicola,Gerbillus_rupicola,direct,Rodentia,Muridae,Gerbillus,LC,0.0
Gerbillus_muriculus,Gerbillus_muriculus,direct,Rodentia,Muridae,Gerbillus,DD,0.0
Gerbillus_campestris,Gerbillus_campestris,direct,Rodentia,Muridae,Gerbillus,LC,0.0
Gerbillus_dasyurus,Gerbillus_dasyurus,direct,Rodentia,Muridae,Gerbillus,LC,0.0
Gerbillus_simoni,Gerbillus_simoni,direct,Rodentia,Muridae,Gerbillus,LC,0.0
Ammodillus_imbellis,Ammodillus_imbellis,direct,Rodentia,Muridae,Ammodillus,DD,0.0
Sekeetamys_calurus,Sekeetamys_calurus,direct,Rodentia,Muridae,Sekeetamys,LC,0.0
Microdillus_peeli,Microdillus_peeli,direct,Rodentia,Muridae,Microdillus,DD,0.0
Taterillus_petteri,Taterillus_petteri,direct,Rodentia,Muridae,Taterillus,LC,0.0
Taterillus_lacustris,Taterillus_lacustris,direct,Rodentia,Muridae,Taterillus,LC,0.0
Taterillus_emini,Taterillus_emini,direct,Rodentia,Muridae,Taterillus,LC,0.0
Taterillus_gracilis,Taterillus_gracilis,direct,Rodentia,Muridae,Taterillus,LC,0.0
Taterillus_pygargus,Taterillus_pygargus,direct,Rodentia,Muridae,Taterillus,LC,0.0
Taterillus_arenarius,Taterillus_arenarius,direct,Rodentia,Muridae,Taterillus,LC,0.0
Taterillus_congicus,Taterillus_congicus,direct,Rodentia,Muridae,Taterillus,LC,0.0
Taterillus_tranieri,Taterillus_tranieri,direct,Rodentia,Muridae,Taterillus,LC,0.0
Brachiones_przewalskii,Brachiones_przewalskii,direct,Rodentia,Muridae,Brachiones,LC,0.0
Meriones_zarudnyi,Meriones_zarudnyi,direct,Rodentia,Muridae,Meriones,DD,0.0
Meriones_sacramenti,Meriones_sacramenti,direct,Rodentia,Muridae,Meriones,VU,0.0
Meriones_vinogradovi,Meriones_vinogradovi,direct,Rodentia,Muridae,Meriones,LC,0.0
Rhombomys_opimus,Rhombomys_opimus,direct,Rodentia,Muridae,Rhombomys,LC,0.0
Meriones_crassus,Meriones_crassus,direct,Rodentia,Muridae,Meriones,LC,0.0
Meriones_rex,Meriones_rex,direct,Rodentia,Muridae,Meriones,LC,0.0
Meriones_grandis,Meriones_grandis,direct,Rodentia,Muridae,Meriones,LC,0.0
Meriones_libycus,Meriones_libycus,direct,Rodentia,Muridae,Meriones,LC,0.0
Meriones_arimalius,Meriones_arimalius,direct,Rodentia,Muridae,Meriones,LC,0.0
Meriones_unguiculatus,Meriones_unguiculatus,direct,Rodentia,Muridae,Meriones,LC,0.0
Meriones_shawi,Meriones_shawii,synonym:MSW3,Rodentia,Muridae,Meriones,LC,0.0
Meriones_meridianus,Meriones_meridianus,direct,Rodentia,Muridae,Meriones,LC,0.0
Meriones_dahli,Meriones_dahli,direct,Rodentia,Muridae,Meriones,CR,0.0
Meriones_chengi,Meriones_psammophilus,synonym:nominalName,Rodentia,Muridae,Meriones,NE,0.0
Meriones_persicus,Meriones_persicus,direct,Rodentia,Muridae,Meriones,LC,0.0
Meriones_tristrami,Meriones_tristrami,direct,Rodentia,Muridae,Meriones,LC,0.0
Psammomys_vexillaris,Psammomys_vexillaris,direct,Rodentia,Muridae,Psammomys,DD,0.0
Psammomys_obesus,Psammomys_obesus,direct,Rodentia,Muridae,Psammomys,LC,0.0
Meriones_tamariscinus,Meriones_tamariscinus,direct,Rodentia,Muridae,Meriones,LC,0.0
Meriones_hurrianae,Meriones_hurrianae,direct,Rodentia,Muridae,Meriones,LC,0.0
Uranomys_ruddi,Uranomys_ruddi,direct,Rodentia,Muridae,Uranomys,LC,0.0
Lophuromys_rahmi,Lophuromys_rahmi,direct,Rodentia,Muridae,Lophuromys,NT,0.0
Lophuromys_woosnami,Lophuromys_woosnami,direct,Rodentia,Muridae,Lophuromys,LC,0.0
Lophuromys_medicaudatus,Lophuromys_medicaudatus,direct,Rodentia,Muridae,Lophuromys,VU,0.0
Lophuromys_stanleyi,Lophuromys_stanleyi,direct,Rodentia,Muridae,Lophuromys,DD,0.0
Lophuromys_kilonzoi,Lophuromys_kilonzoi,direct,Rodentia,Muridae,Lophuromys,LC,0.0
Lophuromys_sabunii,Lophuromys_sabunii,direct,Rodentia,Muridae,Lophuromys,DD,0.0
Lophuromys_chrysopus,Lophuromys_chrysopus,direct,Rodentia,Muridae,Lophuromys,LC,0.0
Lophuromys_melanonyx,Lophuromys_melanonyx,direct,Rodentia,Muridae,Lophuromys,VU,0.0
Lophuromys_brevicaudus,Lophuromys_brevicaudus,direct,Rodentia,Muridae,Lophuromys,NT,0.0
Lophuromys_makundii,Lophuromys_makundii,direct,Rodentia,Muridae,Lophuromys,DD,0.0
Lophuromys_flavopunctatus,Lophuromys_flavopunctatus,direct,Rodentia,Muridae,Lophuromys,LC,0.0
Lophuromys_nudicaudus,Lophuromys_nudicaudus,direct,Rodentia,Muridae,Lophuromys,LC,0.0
Lophuromys_machangui,Lophuromys_machangui,direct,Rodentia,Muridae,Lophuromys,DD,0.0
Lophuromys_huttereri,Lophuromys_huttereri,direct,Rodentia,Muridae,Lophuromys,LC,0.0
Lophuromys_cinereus,Lophuromys_cinereus,direct,Rodentia,Muridae,Lophuromys,DD,0.0
Lophuromys_sikapusi,Lophuromys_sikapusi,direct,Rodentia,Muridae,Lophuromys,LC,0.0
Lophuromys_pseudosikapusi,Lophuromys_pseudosikapusi,direct,Rodentia,Muridae,Lophuromys,EN,0.0
Lophuromys_dieterleni,Lophuromys_dieterleni,direct,Rodentia,Muridae,Lophuromys,EN,0.0
Lophuromys_roseveari,Lophuromys_roseveari,direct,Rodentia,Muridae,Lophuromys,LC,0.0
Lophuromys_luteogaster,Lophuromys_luteogaster,direct,Rodentia,Muridae,Lophuromys,LC,0.0
Lophuromys_chercherensis,Lophuromys_chercherensis,direct,Rodentia,Muridae,Lophuromys,EN,0.0
Lophuromys_eisentrauti,Lophuromys_eisentrauti,direct,Rodentia,Muridae,Lophuromys,CR,0.0
Lophuromys_menageshae,Lophuromys_menageshae,direct,Rodentia,Muridae,Lophuromys,DD,0.0
Acomys_russatus,Acomys_russatus,direct,Rodentia,Muridae,Acomys,LC,0.0
Acomys_seurati,Acomys_seurati,direct,Rodentia,Muridae,Acomys,LC,0.0
Acomys_wilsoni,Acomys_wilsoni,direct,Rodentia,Muridae,Acomys,LC,0.0
Acomys_percivali,Acomys_percivali,direct,Rodentia,Muridae,Acomys,LC,0.0
Acomys_ignitus,Acomys_ignitus,direct,Rodentia,Muridae,Acomys,LC,0.0
Acomys_airensis,Acomys_chudeaui,synonym:nominalName,Rodentia,Muridae,Acomys,NE,0.0
Acomys_cilicicus,Acomys_cahirinus,synonym:nominalName,Rodentia,Muridae,Acomys,LC,0.0
Acomys_minous,Acomys_cahirinus,synonym:nominalName,Rodentia,Muridae,Acomys,LC,0.0
Acomys_nesiotes,Acomys_cahirinus,synonym:nominalName,Rodentia,Muridae,Acomys,LC,0.0
Acomys_louisae,Acomys_louisae,direct,Rodentia,Muridae,Acomys,LC,0.0
Acomys_cahirinus,Acomys_cahirinus,direct,Rodentia,Muridae,Acomys,LC,0.0
Acomys_dimidiatus,Acomys_dimidiatus,direct,Rodentia,Muridae,Acomys,LC,0.0
Acomys_johannis,Acomys_johannis,direct,Rodentia,Muridae,Acomys,LC,0.0
Acomys_ngurui,Acomys_ngurui,direct,Rodentia,Muridae,Acomys,LC,0.0
Acomys_kempi,Acomys_kempi,direct,Rodentia,Muridae,Acomys,LC,0.0
Acomys_cineraceus,Acomys_cineraceus,direct,Rodentia,Muridae,Acomys,LC,0.0
Acomys_mullah,Acomys_mullah,direct,Rodentia,Muridae,Acomys,LC,0.0
Acomys_muzei,Acomys_muzei,direct,Rodentia,Muridae,Acomys,LC,0.0
Acomys_subspinosus,Acomys_subspinosus,direct,Rodentia,Muridae,Acomys,LC,0.0
Acomys_spinosissimus,Acomys_spinosissimus,direct,Rodentia,Muridae,Acomys,LC,0.0
Deomys_ferrugineus,Deomys_ferrugineus,direct,Rodentia,Muridae,Deomys,LC,0.0
Leimacomys_buettneri,Leimacomys_buettneri,direct,Rodentia,Muridae,Leimacomys,DD,0.0
Maxomys_ochraceiventer,Crunomys_ochraceiventer,synonym:MSW3,Rodentia,Muridae,Crunomys,DD,0.0
Crunomys_celebensis,Crunomys_celebensis,direct,Rodentia,Muridae,Crunomys,NT,0.0
Crunomys_melanius,Crunomys_melanius,direct,Rodentia,Muridae,Crunomys,LC,0.0
Crunomys_suncoides,Crunomys_suncoides,direct,Rodentia,Muridae,Crunomys,DD,0.0
Crunomys_fallax,Crunomys_fallax,direct,Rodentia,Muridae,Crunomys,DD,0.0
Maxomys_musschenbroekii,Crunomys_musschenbroekii,synonym:MSW3,Rodentia,Muridae,Crunomys,LC,0.0
Maxomys_whiteheadi,Crunomys_whiteheadi,synonym:MSW3,Rodentia,Muridae,Crunomys,VU,0.0
Maxomys_hylomyoides,Crunomys_hylomyoides,synonym:MSW3,Rodentia,Muridae,Crunomys,DD,0.0
Maxomys_tajuddinii,,unmatched,,,,,
Maxomys_inflatus,Crunomys_inflatus,synonym:MSW3,Rodentia,Muridae,Crunomys,VU,0.0
Maxomys_baeodon,Crunomys_baeodon,synonym:MSW3,Rodentia,Muridae,Crunomys,DD,0.0
Maxomys_inas,Crunomys_inas,synonym:MSW3,Rodentia,Muridae,Crunomys,LC,0.0
Maxomys_hellwaldii,Crunomys_hellwaldii,synonym:MSW3,Rodentia,Muridae,Crunomys,LC,0.0
Maxomys_dollmani,Crunomys_dollmani,synonym:MSW3,Rodentia,Muridae,Crunomys,LC,0.0
Maxomys_wattsi,Crunomys_wattsi,synonym:MSW3,Rodentia,Muridae,Crunomys,VU,0.0
Maxomys_rajah,Crunomys_rajah,synonym:MSW3,Rodentia,Muridae,Crunomys,VU,0.0
Maxomys_pagensis,Crunomys_pagensis,synonym:MSW3,Rodentia,Muridae,Crunomys,VU,0.0
Maxomys_panglima,Crunomys_panglima,synonym:MSW3,Rodentia,Muridae,Crunomys,LC,0.0
Maxomys_bartelsii,Crunomys_bartelsii,synonym:MSW3,Rodentia,Muridae,Crunomys,LC,0.0
Maxomys_moi,Crunomys_moi,synonym:MSW3,Rodentia,Muridae,Crunomys,LC,0.0
Maxomys_surifer,Crunomys_surifer,synonym:MSW3,Rodentia,Muridae,Crunomys,LC,0.0
Maxomys_alticola,Crunomys_alticola,synonym:MSW3,Rodentia,Muridae,Crunomys,LC,0.0
Srilankamys_ohiensis,Srilankamys_ohiensis,direct,Rodentia,Muridae,Srilankamys,VU,0.0
Vernaya_fulva,Vernaya_fulva,direct,Rodentia,Muridae,Vernaya,LC,0.0
Berylmys_bowersi,Berylmys_bowersii,synonym:MSW3,Rodentia,Muridae,Berylmys,LC,0.0
Berylmys_berdmorei,Berylmys_berdmorei,direct,Rodentia,Muridae,Berylmys,LC,0.0
Berylmys_manipulus,Berylmys_manipulus,direct,Rodentia,Muridae,Berylmys,LC,0.0
Berylmys_mackenziei,Berylmys_mackenziei,direct,Rodentia,Muridae,Berylmys,LC,0.0
Rattus_arfakienis,,unmatched,,,,,
Rattus_nikenii,Rattus_nikenii,direct,Rodentia,Muridae,Rattus,CR,0.0
Rattus_timorensis,Rattus_timorensis,direct,Rodentia,Muridae,Rattus,DD,0.0
Bandicota_savilei,Bandicota_savilei,direct,Rodentia,Muridae,Bandicota,LC,0.0
Rattus_ranjiniae,Rattus_ranjiniae,direct,Rodentia,Muridae,Rattus,EN,0.0
Rattus_blangorum,Rattus_blangorum,direct,Rodentia,Muridae,Rattus,DD,0.0
Rattus_elaphinus,Rattus_elaphinus,direct,Rodentia,Muridae,Rattus,NT,0.0
Bandicota_bengalensis,Bandicota_bengalensis,direct,Rodentia,Muridae,Bandicota,LC,0.0
Nesokia_indica,Nesokia_indica,direct,Rodentia,Muridae,Nesokia,LC,0.0
Nesokia_bunnii,Nesokia_bunnii,direct,Rodentia,Muridae,Nesokia,EN,0.0
Rattus_arrogans,Rattus_arrogans,direct,Rodentia,Muridae,Rattus,LC,0.0
Rattus_feliceus,Rattus_feliceus,direct,Rodentia,Muridae,Rattus,NT,0.0
Rattus_everetti,Rattus_everetti,direct,Rodentia,Muridae,Rattus,LC,0.0
Rattus_xanthurus,Rattus_xanthurus,direct,Rodentia,Muridae,Rattus,LC,0.0
Rattus_koopmani,Rattus_koopmani,direct,Rodentia,Muridae,Rattus,DD,0.0
Tarsomys_echinatus,Tarsomys_echinatus,direct,Rodentia,Muridae,Tarsomys,VU,0.0
Tarsomys_apoensis,Tarsomys_apoensis,direct,Rodentia,Muridae,Tarsomys,LC,0.0
Rattus_annandalei,Sundamys_annandalei,synonym:MSW3,Rodentia,Muridae,Sundamys,LC,0.0
Limnomys_sibuanus,Limnomys_sibuanus,direct,Rodentia,Muridae,Limnomys,LC,0.0
Limnomys_bryophilus,Limnomys_bryophilus,direct,Rodentia,Muridae,Limnomys,LC,0.0
Rattus_bontanus,Rattus_bontanus,direct,Rodentia,Muridae,Rattus,LC,0.0
Rattus_burrus,Rattus_burrus,direct,Rodentia,Muridae,Rattus,EN,0.0
Rattus_morotaiensis,Rattus_morotaiensis,direct,Rodentia,Muridae,Rattus,LC,0.0
Rattus_enganus,Rattus_enganus,direct,Rodentia,Muridae,Rattus,DD,0.0
Rattus_verecundus,Rattus_verecundus,direct,Rodentia,Muridae,Rattus,LC,0.0
Rattus_mollicomulus,Rattus_mollicomulus,direct,Rodentia,Muridae,Rattus,EN,0.0
Rattus_leucopus,Rattus_leucopus,direct,Rodentia,Muridae,Rattus,LC,0.0
Rattus_hainaldi,Rattus_hainaldi,direct,Rodentia,Muridae,Rattus,EN,0.0
Rattus_pococki,Rattus_pococki,direct,Rodentia,Muridae,Rattus,LC,0.0
Rattus_salocco,Rattus_salocco,direct,Rodentia,Muridae,Rattus,VU,0.0
Rattus_giluwensis,Rattus_giluwensis,direct,Rodentia,Muridae,Rattus,LC,0.0
Rattus_palmarum,Rattus_palmarum,direct,Rodentia,Muridae,Rattus,VU,0.0
Rattus_steini,Rattus_steini,direct,Rodentia,Muridae,Rattus,LC,0.0
Rattus_novaeguineae,Rattus_novaeguineae,direct,Rodentia,Muridae,Rattus,LC,0.0
Rattus_praetor,Rattus_praetor,direct,Rodentia,Muridae,Rattus,LC,0.0
Rattus_niobe,Rattus_niobe,direct,Rodentia,Muridae,Rattus,LC,0.0
Rattus_fuscipes,Rattus_fuscipes,direct,Rodentia,Muridae,Rattus,LC,0.0
Rattus_hoogerwerfi,Rattus_hoogerwerfi,direct,Rodentia,Muridae,Rattus,VU,0.0
Rattus_macleari,Rattus_macleari,direct,Rodentia,Muridae,Rattus,EX,1.0
Rattus_tunneyi,Rattus_tunneyi,direct,Rodentia,Muridae,Rattus,LC,0.0
Rattus_lutreolus,Rattus_lutreola,synonym:MSW3,Rodentia,Muridae,Rattus,LC,0.0
Rattus_sordidus,Rattus_sordidus,direct,Rodentia,Muridae,Rattus,LC,0.0
Rattus_villosissimus,Rattus_villosissimus,direct,Rodentia,Muridae,Rattus,LC,0.0
Rattus_lugens,Rattus_lugens,direct,Rodentia,Muridae,Rattus,VU,0.0
Rattus_norvegicus,Rattus_norvegicus,direct,Rodentia,Muridae,Rattus,LC,0.0
Rattus_nitidus,Rattus_nitidus,direct,Rodentia,Muridae,Rattus,LC,0.0
Rattus_richardsoni,Rattus_richardsoni,direct,Rodentia,Muridae,Rattus,VU,0.0
Rattus_montanus,Rattus_montanus,direct,Rodentia,Muridae,Rattus,EN,0.0
Rattus_omichlodes,Rattus_omichlodes,direct,Rodentia,Muridae,Rattus,DD,0.0
Rattus_adustus,Rattus_adustus,direct,Rodentia,Muridae,Rattus,DD,0.0
Rattus_vandeuseni,Rattus_vandeuseni,direct,Rodentia,Muridae,Rattus,NT,0.0
Rattus_korinchi,Rattus_korinchi,direct,Rodentia,Muridae,Rattus,DD,0.0
Rattus_marmosurus,Rattus_marmosurus,direct,Rodentia,Muridae,Rattus,LC,0.0
Diplothrix_legata,Diplothrix_legata,direct,Rodentia,Muridae,Diplothrix,EN,0.0
Rattus_tawitawiensis,Rattus_tawitawiensis,direct,Rodentia,Muridae,Rattus,DD,0.0
Rattus_satarae,Rattus_satarae,direct,Rodentia,Muridae,Rattus,VU,0.0
Rattus_colletti,Rattus_colletti,direct,Rodentia,Muridae,Rattus,LC,0.0
Rattus_mindorensis,Rattus_mindorensis,direct,Rodentia,Muridae,Rattus,LC,0.0
Rattus_pyctoris,Rattus_pyctoris,direct,Rodentia,Muridae,Rattus,LC,0.0
Rattus_andamanensis,Rattus_andamanensis,direct,Rodentia,Muridae,Rattus,LC,0.0
Rattus_pelurus,Rattus_pelurus,direct,Rodentia,Muridae,Rattus,DD,0.0
Rattus_tanezumi,Rattus_tanezumi,direct,Rodentia,Muridae,Rattus,LC,0.0
Rattus_nativitatis,Rattus_nativitatis,direct,Rodentia,Muridae,Rattus,EX,1.0
Rattus_hoffmanni,Rattus_hoffmanni,direct,Rodentia,Muridae,Rattus,LC,0.0
Rattus_argentiventer,Rattus_argentiventer,direct,Rodentia,Muridae,Rattus,LC,0.0
Rattus_losea,Rattus_losea,direct,Rodentia,Muridae,Rattus,LC,0.0
Rattus_tiomanicus,Rattus_tiomanicus,direct,Rodentia,Muridae,Rattus,LC,0.0
Rattus_rattus,Rattus_rattus,direct,Rodentia,Muridae,Rattus,LC,0.0
Rattus_baluensis,Rattus_baluensis,direct,Rodentia,Muridae,Rattus,LC,0.0
Rattus_mordax,Rattus_mordax,direct,Rodentia,Muridae,Rattus,LC,0.0
Rattus_exulans,Rattus_exulans,direct,Rodentia,Muridae,Rattus,LC,0.0
Rattus_simalurensis,Rattus_simalurensis,direct,Rodentia,Muridae,Rattus,EN,0.0
Rattus_jobiensis,Rattus_jobiensis,direct,Rodentia,Muridae,Rattus,LC,0.0
Rattus_stoicus,Rattus_stoicus,direct,Rodentia,Muridae,Rattus,VU,0.0
Sundamys_infraluteus,Sundamys_infraluteus,direct,Rodentia,Muridae,Sundamys,LC,0.0
Sundamys_muelleri,Sundamys_muelleri,direct,Rodentia,Muridae,Sundamys,LC,0.0
Sundamys_maxi,Sundamys_maxi,direct,Rodentia,Muridae,Sundamys,VU,0.0
Bandicota_indica,Bandicota_indica,direct,Rodentia,Muridae,Bandicota,LC,0.0
Bullimus_luzonicus,Bullimus_luzonicus,direct,Rodentia,Muridae,Bullimus,LC,0.0
Bullimus_gamay,Bullimus_gamay,direct,Rodentia,Muridae,Bullimus,VU,0.0
Bullimus_bagobus,Bullimus_bagobus,direct,Rodentia,Muridae,Bullimus,LC,0.0
Taeromys_celebensis,Taeromys_celebensis,direct,Rodentia,Muridae,Taeromys,LC,0.0
Taeromys_arcuatus,Taeromys_arcuatus,direct,Rodentia,Muridae,Taeromys,VU,0.0
Taeromys_callitrichus,Taeromys_callitrichus,direct,Rodentia,Muridae,Taeromys,LC,0.0
Taeromys_microbullatus,Taeromys_microbullatus,direct,Rodentia,Muridae,Taeromys,VU,0.0
Taeromys_punicans,Taeromys_punicans,direct,Rodentia,Muridae,Taeromys,VU,0.0
Taeromys_taerae,Taeromys_taerae,direct,Rodentia,Muridae,Taeromys,LC,0.0
Taeromys_hamatus,Taeromys_hamatus,direct,Rodentia,Muridae,Taeromys,NT,0.0
Paruromys_dominator,Taeromys_dominator,synonym:MSW3,Rodentia,Muridae,Taeromys,LC,0.0
Bunomys_andrewsi,Bunomys_andrewsi,direct,Rodentia,Muridae,Bunomys,LC,0.0
Bunomys_fratrorum,Frateromys_fratrorum,synonym:MSW3,Rodentia,Muridae,Frateromys,LC,0.0
Bunomys_coelestis,Bunomys_coelestis,direct,Rodentia,Muridae,Bunomys,EN,0.0
Bunomys_chrysocomus,Bunomys_chrysocomus,direct,Rodentia,Muridae,Bunomys,LC,0.0
Bunomys_karokophilus,Bunomys_karokophilus,direct,Rodentia,Muridae,Bunomys,VU,0.0
Bunomys_torajae,Bunomys_torajae,direct,Rodentia,Muridae,Bunomys,NT,0.0
Bunomys_penitus,Bunomys_penitus,direct,Rodentia,Muridae,Bunomys,LC,0.0
Bunomys_prolatus,Bunomys_prolatus,direct,Rodentia,Muridae,Bunomys,VU,0.0
Rattus_osgoodi,Rattus_osgoodi,direct,Rodentia,Muridae,Rattus,LC,0.0
Halmaheramys_bokimekot,Halmaheramys_bokimekot,direct,Rodentia,Muridae,Halmaheramys,DD,0.0
Leopoldamys_siporanus,Leopoldamys_siporanus,direct,Rodentia,Muridae,Leopoldamys,VU,0.0
Leopoldamys_milleti,Leopoldamys_milleti,direct,Rodentia,Muridae,Leopoldamys,LC,0.0
Leopoldamys_ciliatus,Leopoldamys_ciliatus,direct,Rodentia,Muridae,Leopoldamys,LC,0.0
Leopoldamys_neilli,Leopoldamys_neilli,direct,Rodentia,Muridae,Leopoldamys,LC,0.0
Leopoldamys_edwardsi,Leopoldamys_edwardsi,direct,Rodentia,Muridae,Leopoldamys,LC,0.0
Leopoldamys_sabanus,Leopoldamys_sabanus,direct,Rodentia,Muridae,Leopoldamys,LC,0.0
Dacnomys_millardi,Dacnomys_millardi,direct,Rodentia,Muridae,Dacnomys,LC,0.0
Echiothrix_leucura,Echiothrix_leucura,direct,Rodentia,Muridae,Echiothrix,VU,0.0
Echiothrix_centrosa,Echiothrix_centrosa,direct,Rodentia,Muridae,Echiothrix,VU,0.0
Niviventer_excelsior,Niviventer_excelsior,direct,Rodentia,Muridae,Niviventer,LC,0.0
Niviventer_andersoni,Niviventer_andersoni,direct,Rodentia,Muridae,Niviventer,LC,0.0
Niviventer_confucianus,Niviventer_confucianus,direct,Rodentia,Muridae,Niviventer,LC,0.0
Niviventer_tenaster,Niviventer_tenaster,direct,Rodentia,Muridae,Niviventer,LC,0.0
Niviventer_brahma,Niviventer_brahma,direct,Rodentia,Muridae,Niviventer,LC,0.0
Niviventer_lepturus,Niviventer_lepturus,direct,Rodentia,Muridae,Niviventer,LC,0.0
Niviventer_eha,Niviventer_eha,direct,Rodentia,Muridae,Niviventer,LC,0.0
Niviventer_cameroni,Niviventer_cameroni,direct,Rodentia,Muridae,Niviventer,VU,0.0
Niviventer_fraternus,Niviventer_fraternus,direct,Rodentia,Muridae,Niviventer,LC,0.0
Niviventer_coninga,Niviventer_coninga,direct,Rodentia,Muridae,Niviventer,LC,0.0
Niviventer_fulvescens,Niviventer_fulvescens,direct,Rodentia,Muridae,Niviventer,LC,0.0
Niviventer_culturatus,Niviventer_culturatus,direct,Rodentia,Muridae,Niviventer,LC,0.0
Niviventer_rapit,Niviventer_rapit,direct,Rodentia,Muridae,Niviventer,LC,0.0
Niviventer_niviventer,Niviventer_niviventer,direct,Rodentia,Muridae,Niviventer,LC,0.0
Niviventer_hinpoon,Niviventer_hinpoon,direct,Rodentia,Muridae,Niviventer,EN,0.0
Niviventer_cremoriventer,Niviventer_cremoriventer,direct,Rodentia,Muridae,Niviventer,LC,0.0
Chiromyscus_langbianis,Chiromyscus_langbianis,direct,Rodentia,Muridae,Chiromyscus,LC,0.0
Chiromyscus_thomasi,Chiromyscus_thomasi,direct,Rodentia,Muridae,Chiromyscus,NE,0.0
Chiromyscus_chiropus,Chiromyscus_chiropus,direct,Rodentia,Muridae,Chiromyscus,LC,0.0
Margaretamys_beccarii,Margaretamys_beccarii,direct,Rodentia,Muridae,Margaretamys,LC,0.0
Margaretamys_christinae,Margaretamys_christinae,direct,Rodentia,Muridae,Margaretamys,VU,0.0
Margaretamys_elegans,Margaretamys_elegans,direct,Rodentia,Muridae,Margaretamys,VU,0.0
Margaretamys_parvus,Margaretamys_parvus,direct,Rodentia,Muridae,Margaretamys,DD,0.0
Pithecheir_parvus,Pithecheir_parva,synonym:MSW3,Rodentia,Muridae,Pithecheir,DD,0.0
Pithecheir_melanurus,Pithecheir_melanurus,direct,Rodentia,Muridae,Pithecheir,VU,0.0
Diomys_crumpi,Diomys_crumpi,direct,Rodentia,Muridae,Diomys,DD,0.0
Nesoromys_ceramicus,Rattus_ceramicus,synonym:MSW3,Rodentia,Muridae,Rattus,EN,0.0
Tonkinomys_daovantieni,Tonkinomys_daovantieni,direct,Rodentia,Muridae,Tonkinomys,DD,0.0
Saxatilomys_paulinae,Saxatilomys_paulinae,direct,Rodentia,Muridae,Saxatilomys,DD,0.0
Hapalomys_longicaudatus,Hapalomys_longicaudatus,direct,Rodentia,Muridae,Hapalomys,EN,0.0
Hapalomys_delacouri,Hapalomys_delacouri,direct,Rodentia,Muridae,Hapalomys,NT,0.0
Paraleptomys_wilhelmina,Paraleptomys_wilhelmina,direct,Rodentia,Muridae,Paraleptomys,DD,0.0
Paraleptomys_rufilatus,Paraleptomys_rufilatus,direct,Rodentia,Muridae,Paraleptomys,EN,0.0
Sommeromys_macrorhinos,Sommeromys_macrorhinos,direct,Rodentia,Muridae,Sommeromys,NT,0.0
Waiomys_mamasae,Waiomys_mamasae,direct,Rodentia,Muridae,Waiomys,DD,0.0
Lenomys_meyeri,Lenomys_meyeri,direct,Rodentia,Muridae,Lenomys,LC,0.0
Melasmothrix_naso,Melasmothrix_naso,direct,Rodentia,Muridae,Melasmothrix,NT,0.0
Paucidentomys_vermidax,Paucidentomys_vermidax,direct,Rodentia,Muridae,Paucidentomys,NT,0.0
Baiyankamys_shawmayeri,Baiyankamys_shawmayeri,direct,Rodentia,Muridae,Baiyankamys,LC,0.0
Baiyankamys_habbema,Baiyankamys_habbema,direct,Rodentia,Muridae,Baiyankamys,DD,0.0
Micromys_minutus,Micromys_minutus,direct,Rodentia,Muridae,Micromys,LC,0.0
Apomys_camiguinensis,Apomys_camiguinensis,direct,Rodentia,Muridae,Apomys,VU,0.0
Apomys_hylocetes,Apomys_hylocoetes,synonym:MSW3,Rodentia,Muridae,Apomys,LC,0.0
Apomys_insignis,Apomys_insignis,direct,Rodentia,Muridae,Apomys,LC,0.0
Apomys_musculus,Apomys_musculus,direct,Rodentia,Muridae,Apomys,LC,0.0
Apomys_microdon,Apomys_microdon,direct,Rodentia,Muridae,Apomys,LC,0.0
Apomys_gracilirostris,Apomys_gracilirostris,direct,Rodentia,Muridae,Apomys,LC,0.0
Apomys_datae,Apomys_datae,direct,Rodentia,Muridae,Apomys,LC,0.0
Apomys_abrae,Apomys_abrae,direct,Rodentia,Muridae,Apomys,LC,0.0
Apomys_minganensis,Apomys_minganensis,direct,Rodentia,Muridae,Apomys,LC,0.0
Apomys_zambalensis,Apomys_zambalensis,direct,Rodentia,Muridae,Apomys,LC,0.0
Apomys_iridensis,Apomys_iridensis,direct,Rodentia,Muridae,Apomys,LC,0.0
Apomys_aurorae,Apomys_aurorae,direct,Rodentia,Muridae,Apomys,LC,0.0
Apomys_magnus,Apomys_magnus,direct,Rodentia,Muridae,Apomys,LC,0.0
Apomys_sierrae,Apomys_sierrae,direct,Rodentia,Muridae,Apomys,LC,0.0
Apomys_littoralis,Apomys_littoralis,direct,Rodentia,Muridae,Apomys,DD,0.0
Apomys_banahao,Apomys_banahao,direct,Rodentia,Muridae,Apomys,LC,0.0
Apomys_brownorum,Apomys_brownorum,direct,Rodentia,Muridae,Apomys,DD,0.0
Apomys_sacobianus,Apomys_sacobianus,direct,Rodentia,Muridae,Apomys,LC,0.0
Apomys_lubangensis,Apomys_lubangensis,direct,Rodentia,Muridae,Apomys,LC,0.0
Archboldomys_maximus,Archboldomys_maximus,direct,Rodentia,Muridae,Archboldomys,DD,0.0
Archboldomys_luzonensis,Archboldomys_luzonensis,direct,Rodentia,Muridae,Archboldomys,VU,0.0
Chrotomys_silaceus,Chrotomys_silaceus,direct,Rodentia,Muridae,Chrotomys,LC,0.0
Chrotomys_sibuyanensis,Chrotomys_sibuyanensis,direct,Rodentia,Muridae,Chrotomys,DD,0.0
Chrotomys_whiteheadi,Chrotomys_whiteheadi,direct,Rodentia,Muridae,Chrotomys,LC,0.0
Chrotomys_mindorensis,Chrotomys_mindorensis,direct,Rodentia,Muridae,Chrotomys,LC,0.0
Chrotomys_gonzalesi,Chrotomys_gonzalesi,direct,Rodentia,Muridae,Chrotomys,NT,0.0
Soricomys_leonardcoi,,unmatched,,,,,
Soricomys_musseri,Soricomys_musseri,direct,Rodentia,Muridae,Soricomys,LC,0.0
Soricomys_montanus,Soricomys_montanus,direct,Rodentia,Muridae,Soricomys,LC,0.0
Soricomys_kalinga,Soricomys_kalinga,direct,Rodentia,Muridae,Soricomys,LC,0.0
Rhynchomys_tapulao,Rhynchomys_tapulao,direct,Rodentia,Muridae,Rhynchomys,DD,0.0
Rhynchomys_soricoides,Rhynchomys_soricoides,direct,Rodentia,Muridae,Rhynchomys,NT,0.0
Rhynchomys_isarogensis,Rhynchomys_isarogensis,direct,Rodentia,Muridae,Rhynchomys,VU,0.0
Rhynchomys_banahao,Rhynchomys_banahao,direct,Rodentia,Muridae,Rhynchomys,LC,0.0
Xenuromys_barbatus,Xenuromys_barbatus,direct,Rodentia,Muridae,Xenuromys,LC,0.0
Hyomys_goliath,Hyomys_goliath,direct,Rodentia,Muridae,Hyomys,LC,0.0
Hyomys_dammermani,Hyomys_dammermani,direct,Rodentia,Muridae,Hyomys,DD,0.0
Pogonomys_sylvestris,Pogonomys_sylvestris,direct,Rodentia,Muridae,Pogonomys,LC,0.0
Pogonomys_macrourus,Pogonomys_macrourus,direct,Rodentia,Muridae,Pogonomys,LC,0.0
Pogonomys_championi,Pogonomys_championi,direct,Rodentia,Muridae,Pogonomys,DD,0.0
Pogonomys_fergussoniensis,Pogonomys_fergussoniensis,direct,Rodentia,Muridae,Pogonomys,EN,0.0
Pogonomys_loriae,Pogonomys_loriae,direct,Rodentia,Muridae,Pogonomys,LC,0.0
Macruromys_major,Macruromys_major,direct,Rodentia,Muridae,Macruromys,LC,0.0
Macruromys_elegans,Macruromys_elegans,direct,Rodentia,Muridae,Macruromys,DD,0.0
Chiruromys_vates,Chiruromys_vates,direct,Rodentia,Muridae,Chiruromys,LC,0.0
Chiruromys_lamia,Chiruromys_lamia,direct,Rodentia,Muridae,Chiruromys,LC,0.0
Chiruromys_forbesi,Chiruromys_forbesi,direct,Rodentia,Muridae,Chiruromys,LC,0.0
Lorentzimys_nouhuysi,Lorentzimys_nouhuysii,synonym:MSW3,Rodentia,Muridae,Lorentzimys,LC,0.0
Palawanomys_furvus,Palawanomys_furvus,direct,Rodentia,Muridae,Palawanomys,LC,0.0
Mammelomys_rattoides,Mammelomys_rattoides,direct,Rodentia,Muridae,Mammelomys,LC,0.0
Mammelomys_lanosus,Mammelomys_lanosus,direct,Rodentia,Muridae,Mammelomys,LC,0.0
Coryphomys_buehleri,Coryphomys_buehleri,direct,Rodentia,Muridae,Coryphomys,EX,1.0
Abeomelomys_sevia,Abeomelomys_sevia,direct,Rodentia,Muridae,Abeomelomys,LC,0.0
Mallomys_rothschildi,Mallomys_rothschildi,direct,Rodentia,Muridae,Mallomys,LC,0.0
Mallomys_aroaensis,Mallomys_aroaensis,direct,Rodentia,Muridae,Mallomys,LC,0.0
Mallomys_istapantap,Mallomys_istapantap,direct,Rodentia,Muridae,Mallomys,LC,0.0
Mallomys_gunung,Mallomys_gunung,direct,Rodentia,Muridae,Mallomys,EN,0.0
Thamnomys_venustus,Thamnomys_venustus,direct,Rodentia,Muridae,Thamnomys,LC,0.0
Thamnomys_kempi,Thamnomys_kempi,direct,Rodentia,Muridae,Thamnomys,VU,0.0
Thamnomys_schoutedeni,Thamnomys_schoutedeni,direct,Rodentia,Muridae,Thamnomys,DD,0.0
Pseudohydromys_germani,Pseudohydromys_germani,direct,Rodentia,Muridae,Pseudohydromys,DD,0.0
Pseudohydromys_sandrae,Pseudohydromys_sandrae,direct,Rodentia,Muridae,Pseudohydromys,LC,0.0
Pseudohydromys_occidentalis,Pseudohydromys_occidentalis,direct,Rodentia,Muridae,Pseudohydromys,DD,0.0
Pseudohydromys_berniceae,Pseudohydromys_berniceae,direct,Rodentia,Muridae,Pseudohydromys,LC,0.0
Pseudohydromys_fuscus,Pseudohydromys_fuscus,direct,Rodentia,Muridae,Pseudohydromys,LC,0.0
Pseudohydromys_carlae,Pseudohydromys_carlae,direct,Rodentia,Muridae,Pseudohydromys,DD,0.0
Pseudohydromys_pumehanae,Pseudohydromys_pumehanae,direct,Rodentia,Muridae,Pseudohydromys,DD,0.0
Pseudohydromys_murinus,Pseudohydromys_murinus,direct,Rodentia,Muridae,Pseudohydromys,LC,0.0
Pseudohydromys_ellermani,Pseudohydromys_ellermani,direct,Rodentia,Muridae,Pseudohydromys,LC,0.0
Pseudohydromys_musseri,Pseudohydromys_musseri,direct,Rodentia,Muridae,Pseudohydromys,DD,0.0
Pseudohydromys_eleanorae,Pseudohydromys_eleanorae,direct,Rodentia,Muridae,Pseudohydromys,DD,0.0
Pseudohydromys_patriciae,Pseudohydromys_patriciae,direct,Rodentia,Muridae,Pseudohydromys,DD,0.0
Komodomys_rintjanus,Komodomys_rintjanus,direct,Rodentia,Muridae,Komodomys,VU,0.0
Tryphomys_adustus,Tryphomys_adustus,direct,Rodentia,Muridae,Tryphomys,DD,0.0
Xeromys_myoides,Xeromys_myoides,direct,Rodentia,Muridae,Xeromys,VU,0.0
Anonymomys_mindorensis,Anonymomys_mindorensis,direct,Rodentia,Muridae,Anonymomys,DD,0.0
Kadarsanomys_sodyi,Kadarsanomys_sodyi,direct,Rodentia,Muridae,Kadarsanomys,EN,0.0
Leptomys_elegans,Leptomys_elegans,direct,Rodentia,Muridae,Leptomys,LC,0.0
Leptomys_signatus,Leptomys_signatus,direct,Rodentia,Muridae,Leptomys,LC,0.0
Leptomys_ernstmayri,Leptomys_ernstmayri,direct,Rodentia,Muridae,Leptomys,LC,0.0
Hydromys_chrysogaster,Hydromys_chrysogaster,direct,Rodentia,Muridae,Hydromys,LC,0.0
Hydromys_hussoni,Hydromys_hussoni,direct,Rodentia,Muridae,Hydromys,DD,0.0
Hydromys_ziegleri,Hydromys_ziegleri,direct,Rodentia,Muridae,Hydromys,DD,0.0
Hydromys_neobritannicus,Hydromys_neobrittanicus,synonym:MSW3,Rodentia,Muridae,Hydromys,DD,0.0
Parahydromys_asper,Parahydromys_asper,direct,Rodentia,Muridae,Parahydromys,LC,0.0
Lenothrix_canus,Lenothrix_cana,synonym:MSW3,Rodentia,Muridae,Lenothrix,LC,0.0
Crossomys_moncktoni,Crossomys_moncktoni,direct,Rodentia,Muridae,Crossomys,LC,0.0
Uromys_caudimaculatus,Uromys_caudimaculatus,direct,Rodentia,Muridae,Uromys,LC,0.0
Uromys_hadrourus,Uromys_hadrourus,direct,Rodentia,Muridae,Uromys,NT,0.0
Uromys_rex,Uromys_rex,direct,Rodentia,Muridae,Uromys,EN,0.0
Uromys_anak,Uromys_anak,direct,Rodentia,Muridae,Uromys,LC,0.0
Uromys_porculus,Uromys_porculus,direct,Rodentia,Muridae,Uromys,CR,0.0
Uromys_emmae,Uromys_emmae,direct,Rodentia,Muridae,Uromys,CR,0.0
Uromys_siebersi,Uromys_siebersi,direct,Rodentia,Muridae,Uromys,DD,0.0
Uromys_neobritannicus,Uromys_neobrittanicus,synonym:MSW3,Rodentia,Muridae,Uromys,NT,0.0
Uromys_imperator,Uromys_imperator,direct,Rodentia,Muridae,Uromys,CR,0.0
Uromys_boeadii,Uromys_boeadii,direct,Rodentia,Muridae,Uromys,CR,0.0
Melomys_fulgens,Melomys_fulgens,direct,Rodentia,Muridae,Melomys,VU,0.0
Melomys_aerosus,Melomys_aerosus,direct,Rodentia,Muridae,Melomys,EN,0.0
Melomys_arcium,Melomys_arcium,direct,Rodentia,Muridae,Melomys,DD,0.0
Melomys_caurinus,Melomys_caurinus,direct,Rodentia,Muridae,Melomys,EN,0.0
Melomys_bougainville,Melomys_bougainville,direct,Rodentia,Muridae,Melomys,DD,0.0
Solomys_sapientis,Solomys_sapientis,direct,Rodentia,Muridae,Solomys,EN,0.0
Solomys_salebrosus,Solomys_salebrosus,direct,Rodentia,Muridae,Solomys,VU,0.0
Solomys_ponceleti,Solomys_ponceleti,direct,Rodentia,Muridae,Solomys,CR,0.0
Solomys_salamonis,Solomys_salamonis,direct,Rodentia,Muridae,Solomys,DD,0.0
Melomys_capensis,Melomys_capensis,direct,Rodentia,Muridae,Melomys,LC,0.0
Melomys_lutillus,Melomys_lutillus,direct,Rodentia,Muridae,Melomys,LC,0.0
Melomys_rubicola,Melomys_rubicola,direct,Rodentia,Muridae,Melomys,EX,1.0
Melomys_frigicola,Melomys_frigicola,direct,Rodentia,Muridae,Melomys,LC,0.0
Melomys_cervinipes,Melomys_cervinipes,direct,Rodentia,Muridae,Melomys,LC,0.0
Melomys_obiensis,Melomys_obiensis,direct,Rodentia,Muridae,Melomys,LC,0.0
Melomys_howi,Melomys_howi,direct,Rodentia,Muridae,Melomys,DD,0.0
Melomys_fraterculus,Melomys_fraterculus,direct,Rodentia,Muridae,Melomys,EN,0.0
Melomys_rufescens,Melomys_rufescens,direct,Rodentia,Muridae,Melomys,LC,0.0
Melomys_bannisteri,Melomys_bannisteri,direct,Rodentia,Muridae,Melomys,EN,0.0
Melomys_leucogaster,Melomys_leucogaster,direct,Rodentia,Muridae,Melomys,LC,0.0
Melomys_cooperae,Melomys_cooperae,direct,Rodentia,Muridae,Melomys,DD,0.0
Melomys_paveli,Melomys_paveli,direct,Rodentia,Muridae,Melomys,DD,0.0
Melomys_dollmani,Melomys_dollmani,direct,Rodentia,Muridae,Melomys,LC,0.0
Melomys_matambuai,Melomys_matambuai,direct,Rodentia,Muridae,Melomys,EN,0.0
Melomys_talaudium,Melomys_talaudium,direct,Rodentia,Muridae,Melomys,EN,0.0
Melomys_burtoni,Melomys_burtoni,direct,Rodentia,Muridae,Melomys,LC,0.0
Paramelomys_naso,Paramelomys_naso,direct,Rodentia,Muridae,Paramelomys,LC,0.0
Paramelomys_steini,Paramelomys_steini,direct,Rodentia,Muridae,Paramelomys,DD,0.0
Paramelomys_lorentzii,Paramelomys_lorentzii,direct,Rodentia,Muridae,Paramelomys,LC,0.0
Paramelomys_platyops,Paramelomys_platyops,direct,Rodentia,Muridae,Paramelomys,LC,0.0
Paramelomys_rubex,Paramelomys_rubex,direct,Rodentia,Muridae,Paramelomys,LC,0.0
Paramelomys_gressitti,Paramelomys_gressitti,direct,Rodentia,Muridae,Paramelomys,EN,0.0
Paramelomys_moncktoni,Paramelomys_moncktoni,direct,Rodentia,Muridae,Paramelomys,LC,0.0
Paramelomys_levipes,Paramelomys_levipes,direct,Rodentia,Muridae,Paramelomys,LC,0.0
Paramelomys_mollis,Paramelomys_mollis,direct,Rodentia,Muridae,Paramelomys,LC,0.0
Leporillus_conditor,Leporillus_conditor,direct,Rodentia,Muridae,Leporillus,NT,0.0
Leporillus_apicalis,Leporillus_apicalis,direct,Rodentia,Muridae,Leporillus,EX,1.0
Conilurus_penicillatus,Conilurus_penicillatus,direct,Rodentia,Muridae,Conilurus,VU,0.0
Conilurus_albipes,Conilurus_albipes,direct,Rodentia,Muridae,Conilurus,EX,1.0
Nilopegamys_plumbeus,Nilopegamys_plumbeus,direct,Rodentia,Muridae,Nilopegamys,CR,0.0
Mesembriomys_macrurus,Mesembriomys_macrurus,direct,Rodentia,Muridae,Mesembriomys,NT,0.0
Mesembriomys_gouldii,Mesembriomys_gouldii,direct,Rodentia,Muridae,Mesembriomys,VU,0.0
Notomys_alexis,Notomys_alexis,direct,Rodentia,Muridae,Notomys,LC,0.0
Notomys_longicaudatus,Notomys_longicaudatus,direct,Rodentia,Muridae,Notomys,EX,1.0
Notomys_aquilo,Notomys_aquilo,direct,Rodentia,Muridae,Notomys,EN,0.0
Notomys_mordax,Notomys_mordax,direct,Rodentia,Muridae,Notomys,EX,1.0
Notomys_cervinus,Notomys_cervinus,direct,Rodentia,Muridae,Notomys,NT,0.0
Notomys_macrotis,Notomys_macrotis,direct,Rodentia,Muridae,Notomys,EX,1.0
Notomys_mitchellii,Notomys_mitchellii,direct,Rodentia,Muridae,Notomys,LC,0.0
Notomys_amplus,Notomys_amplus,direct,Rodentia,Muridae,Notomys,EX,1.0
Notomys_fuscus,Notomys_fuscus,direct,Rodentia,Muridae,Notomys,NT,0.0
Pseudomys_chapmani,Pseudomys_chapmani,direct,Rodentia,Muridae,Pseudomys,LC,0.0
Pseudomys_desertor,Pseudomys_desertor,direct,Rodentia,Muridae,Pseudomys,LC,0.0
Pseudomys_occidentalis,Pseudomys_occidentalis,direct,Rodentia,Muridae,Pseudomys,NT,0.0
Pseudomys_hermannsburgensis,Pseudomys_hermannsburgensis,direct,Rodentia,Muridae,Pseudomys,LC,0.0
Pseudomys_shortridgei,Pseudomys_shortridgei,direct,Rodentia,Muridae,Pseudomys,EN,0.0
Pseudomys_gracilicaudatus,Pseudomys_gracilicaudatus,direct,Rodentia,Muridae,Pseudomys,LC,0.0
Pseudomys_higginsi,Pseudomys_higginsi,direct,Rodentia,Muridae,Pseudomys,LC,0.0
Pseudomys_pilligaensis,Pseudomys_mimulus,synonym:nominalName,Rodentia,Muridae,Pseudomys,NE,0.0
Pseudomys_calabyi,Pseudomys_calabyi,direct,Rodentia,Muridae,Pseudomys,VU,0.0
Pseudomys_patrius,Pseudomys_patrius,direct,Rodentia,Muridae,Pseudomys,LC,0.0
Pseudomys_glaucus,Pseudomys_glaucus,direct,Rodentia,Muridae,Pseudomys,EX,1.0
Pseudomys_oralis,Pseudomys_oralis,direct,Rodentia,Muridae,Pseudomys,VU,0.0
Pseudomys_delicatulus,Pseudomys_delicatulus,direct,Rodentia,Muridae,Pseudomys,LC,0.0
Pseudomys_bolami,Pseudomys_bolami,direct,Rodentia,Muridae,Pseudomys,LC,0.0
Mastacomys_fuscus,Mastacomys_fuscus,direct,Rodentia,Muridae,Mastacomys,NT,0.0
Pseudomys_gouldii,Pseudomys_gouldii,direct,Rodentia,Muridae,Pseudomys,VU,0.0
Pseudomys_fumeus,Pseudomys_fumeus,direct,Rodentia,Muridae,Pseudomys,VU,0.0
Pseudomys_australis,Pseudomys_australis,direct,Rodentia,Muridae,Pseudomys,VU,0.0
Pseudomys_apodemoides,Pseudomys_apodemoides,direct,Rodentia,Muridae,Pseudomys,LC,0.0
Pseudomys_fieldi,Pseudomys_gouldii,synonym:nominalName,Rodentia,Muridae,Pseudomys,VU,0.0
Pseudomys_nanus,Pseudomys_nanus,direct,Rodentia,Muridae,Pseudomys,LC,0.0
Pseudomys_novaehollandiae,Pseudomys_novaehollandiae,direct,Rodentia,Muridae,Pseudomys,VU,0.0
Pseudomys_johnsoni,Pseudomys_johnsoni,direct,Rodentia,Muridae,Pseudomys,LC,0.0
Pseudomys_albocinereus,Pseudomys_albocinereus,direct,Rodentia,Muridae,Pseudomys,LC,0.0
Zyzomys_woodwardi,Zyzomys_woodwardi,direct,Rodentia,Muridae,Zyzomys,LC,0.0
Zyzomys_argurus,Zyzomys_argurus,direct,Rodentia,Muridae,Zyzomys,LC,0.0
Zyzomys_palatalis,Zyzomys_palatalis,direct,Rodentia,Muridae,Zyzomys,CR,0.0
Zyzomys_maini,Zyzomys_maini,direct,Rodentia,Muridae,Zyzomys,VU,0.0
Zyzomys_pedunculatus,Zyzomys_pedunculatus,direct,Rodentia,Muridae,Zyzomys,CR,0.0
Leggadina_lakedownensis,Leggadina_lakedownensis,direct,Rodentia,Muridae,Leggadina,LC,0.0
Leggadina_forresti,Leggadina_forresti,direct,Rodentia,Muridae,Leggadina,LC,0.0
Tateomys_rhinogradoides,Tateomys_rhinogradoides,direct,Rodentia,Muridae,Tateomys,LC,0.0
Tateomys_macrocercus,Tateomys_macrocercus,direct,Rodentia,Muridae,Tateomys,NT,0.0
Protochromys_fellowsi,Protochromys_fellowsi,direct,Rodentia,Muridae,Protochromys,LC,0.0
Coccymys_kirrhos,Coccymys_kirrhos,direct,Rodentia,Muridae,Coccymys,DD,0.0
Coccymys_albidens,Brassomys_albidens,synonym:MSW3,Rodentia,Muridae,Brassomys,DD,0.0
Coccymys_ruemmleri,Coccymys_ruemmleri,direct,Rodentia,Muridae,Coccymys,LC,0.0
Anisomys_imitator,Anisomys_imitator,direct,Rodentia,Muridae,Anisomys,LC,0.0
Chiropodomys_major,Chiropodomys_major,direct,Rodentia,Muridae,Chiropodomys,LC,0.0
Chiropodomys_karlkoopmani,Chiropodomys_karlkoopmani,direct,Rodentia,Muridae,Chiropodomys,VU,0.0
Chiropodomys_muroides,Chiropodomys_muroides,direct,Rodentia,Muridae,Chiropodomys,DD,0.0
Chiropodomys_pusillus,Chiropodomys_pusillus,direct,Rodentia,Muridae,Chiropodomys,DD,0.0
Chiropodomys_gliroides,Chiropodomys_gliroides,direct,Rodentia,Muridae,Chiropodomys,LC,0.0
Chiropodomys_calamianensis,Chiropodomys_calamianensis,direct,Rodentia,Muridae,Chiropodomys,DD,0.0
Mus_pahari,Mus_pahari,direct,Rodentia,Muridae,Mus,LC,0.0
Mus_crociduroides,Mus_crociduroides,direct,Rodentia,Muridae,Mus,DD,0.0
Malpaisomys_insularis,,unmatched,,,,,
Mus_saxicola,Mus_saxicola,direct,Rodentia,Muridae,Mus,LC,0.0
Mus_platythrix,Mus_platythrix,direct,Rodentia,Muridae,Mus,LC,0.0
Mus_spretus,Mus_spretus,direct,Rodentia,Muridae,Mus,LC,0.0
Mus_macedonicus,Mus_macedonicus,direct,Rodentia,Muridae,Mus,LC,0.0
Mus_spicilegus,Mus_spicilegus,direct,Rodentia,Muridae,Mus,LC,0.0
Mus_cypriacus,Mus_cypriacus,direct,Rodentia,Muridae,Mus,LC,0.0
Mus_musculus,Mus_musculus,direct,Rodentia,Muridae,Mus,LC,0.0
Mus_famulus,Mus_famulus,direct,Rodentia,Muridae,Mus,EN,0.0
Mus_terricolor,Mus_terricolor,direct,Rodentia,Muridae,Mus,LC,0.0
Mus_fernandoni,Mus_fernandoni,direct,Rodentia,Muridae,Mus,EN,0.0
Mus_booduga,Mus_booduga,direct,Rodentia,Muridae,Mus,LC,0.0
Mus_fragilicauda,Mus_fragilicauda,direct,Rodentia,Muridae,Mus,LC,0.0
Mus_goundae,Mus_goundae,direct,Rodentia,Muridae,Mus,DD,0.0
Mus_caroli,Mus_caroli,direct,Rodentia,Muridae,Mus,LC,0.0
Mus_cookii,Mus_cookii,direct,Rodentia,Muridae,Mus,LC,0.0
Mus_setzeri,Mus_setzeri,direct,Rodentia,Muridae,Mus,LC,0.0
Mus_cervicolor,Mus_cervicolor,direct,Rodentia,Muridae,Mus,LC,0.0
Mus_bufo,Mus_bufo,direct,Rodentia,Muridae,Mus,LC,0.0
Mus_setulosus,Mus_setulosus,direct,Rodentia,Muridae,Mus,LC,0.0
Mus_mahomet,Mus_mahomet,direct,Rodentia,Muridae,Mus,LC,0.0
Mus_mattheyi,Mus_mattheyi,direct,Rodentia,Muridae,Mus,LC,0.0
Mus_haussa,Mus_haussa,direct,Rodentia,Muridae,Mus,LC,0.0
Mus_vulcani,Mus_vulcani,direct,Rodentia,Muridae,Mus,LC,0.0
Mus_tenellus,Mus_tenellus,direct,Rodentia,Muridae,Mus,LC,0.0
Mus_phillipsi,Mus_phillipsi,direct,Rodentia,Muridae,Mus,LC,0.0
Mus_minutoides,Mus_minutoides,direct,Rodentia,Muridae,Mus,LC,0.0
Mus_musculoides,Mus_musculoides,direct,Rodentia,Muridae,Mus,LC,0.0
Mus_indutus,Mus_indutus,direct,Rodentia,Muridae,Mus,LC,0.0
Mus_neavei,Mus_neavei,direct,Rodentia,Muridae,Mus,DD,0.0
Mus_sorella,Mus_sorella,direct,Rodentia,Muridae,Mus,LC,0.0
Mus_orangiae,Mus_minutoides,synonym:nominalName,Rodentia,Muridae,Mus,LC,0.0
Mus_shortridgei,Mus_shortridgei,direct,Rodentia,Muridae,Mus,LC,0.0
Mus_baoulei,Mus_baoulei,direct,Rodentia,Muridae,Mus,LC,0.0
Muriculus_imberbis,Mus_imberbis,synonym:MSW3,Rodentia,Muridae,Mus,LC,0.0
Mus_callewaerti,Mus_callewaerti,direct,Rodentia,Muridae,Mus,DD,0.0
Mus_mayori,Mus_mayori,direct,Rodentia,Muridae,Mus,VU,0.0
Mus_triton,Mus_triton,direct,Rodentia,Muridae,Mus,LC,0.0
Mus_oubanguii,Mus_oubanguii,direct,Rodentia,Muridae,Mus,DD,0.0
Mastomys_pernanus,Serengetimys_pernanus,synonym:MSW3,Rodentia,Muridae,Serengetimys,DD,0.0
Praomys_delectorum,Montemys_delectorum,synonym:MSW3,Rodentia,Muridae,Montemys,LC,0.0
Hylomyscus_alleni,Hylomyscus_alleni,direct,Rodentia,Muridae,Hylomyscus,LC,0.0
Hylomyscus_pamfi,Hylomyscus_pamfi,direct,Rodentia,Muridae,Hylomyscus,DD,0.0
Hylomyscus_walterverheyeni,Hylomyscus_walterverheyeni,direct,Rodentia,Muridae,Hylomyscus,LC,0.0
Hylomyscus_stella,Hylomyscus_stella,direct,Rodentia,Muridae,Hylomyscus,LC,0.0
Hylomyscus_parvus,Hylomyscus_parvus,direct,Rodentia,Muridae,Hylomyscus,LC,0.0
Hylomyscus_anselli,Hylomyscus_anselli,direct,Rodentia,Muridae,Hylomyscus,LC,0.0
Hylomyscus_arcimontensis,Hylomyscus_arcimontensis,direct,Rodentia,Muridae,Hylomyscus,LC,0.0
Hylomyscus_kerbispeterhansi,Hylomyscus_kerbispeterhansi,direct,Rodentia,Muridae,Hylomyscus,LC,0.0
Hylomyscus_aeta,Hylomyscus_aeta,direct,Rodentia,Muridae,Hylomyscus,LC,0.0
Hylomyscus_grandis,Hylomyscus_grandis,direct,Rodentia,Muridae,Hylomyscus,EN,0.0
Hylomyscus_baeri,Hylomyscus_baeri,direct,Rodentia,Muridae,Hylomyscus,EN,0.0
Heimyscus_fumosus,Heimyscus_fumosus,direct,Rodentia,Muridae,Heimyscus,LC,0.0
Hylomyscus_denniae,Hylomyscus_denniae,direct,Rodentia,Muridae,Hylomyscus,LC,0.0
Hylomyscus_vulcanorum,Hylomyscus_vulcanorum,direct,Rodentia,Muridae,Hylomyscus,LC,0.0
Hylomyscus_endorobae,Hylomyscus_endorobae,direct,Rodentia,Muridae,Hylomyscus,LC,0.0
Hylomyscus_carillus,Hylomyscus_carillus,direct,Rodentia,Muridae,Hylomyscus,LC,0.0
Praomys_rostratus,Praomys_rostratus,direct,Rodentia,Muridae,Praomys,LC,0.0
Myomyscus_angolensis,Mastomys_angolensis,synonym:MSW3,Rodentia,Muridae,Mastomys,LC,0.0
Praomys_obscurus,Praomys_obscurus,direct,Rodentia,Muridae,Praomys,EN,0.0
Praomys_hartwigi,Praomys_hartwigi,direct,Rodentia,Muridae,Praomys,VU,0.0
Praomys_petteri,Praomys_petteri,direct,Rodentia,Muridae,Praomys,LC,0.0
Praomys_coetzeei,Praomys_coetzeei,direct,Rodentia,Muridae,Praomys,DD,0.0
Praomys_morio,Praomys_morio,direct,Rodentia,Muridae,Praomys,EN,0.0
Praomys_tullbergi,Praomys_tullbergi,direct,Rodentia,Muridae,Praomys,LC,0.0
Praomys_misonnei,Praomys_misonnei,direct,Rodentia,Muridae,Praomys,LC,0.0
Praomys_daltoni,Praomys_daltoni,direct,Rodentia,Muridae,Praomys,LC,0.0
Praomys_derooi,Praomys_daltoni,synonym:nominalName,Rodentia,Muridae,Praomys,LC,0.0
Praomys_degraaffi,Praomys_degraaffi,direct,Rodentia,Muridae,Praomys,LC,0.0
Praomys_mutoni,Praomys_mutoni,direct,Rodentia,Muridae,Praomys,NT,0.0
Praomys_minor,Praomys_minor,direct,Rodentia,Muridae,Praomys,LC,0.0
Mastomys_shortridgei,Mastomys_shortridgei,direct,Rodentia,Muridae,Mastomys,LC,0.0
Praomys_jacksoni,Praomys_jacksoni,direct,Rodentia,Muridae,Praomys,LC,0.0
Myomyscus_brockmani,Ochromyscus_brockmani,synonym:MSW3,Rodentia,Muridae,Ochromyscus,LC,0.0
Mastomys_awashensis,Mastomys_awashensis,direct,Rodentia,Muridae,Mastomys,LC,0.0
Mastomys_natalensis,Mastomys_natalensis,direct,Rodentia,Muridae,Mastomys,LC,0.0
Mastomys_erythroleucus,Mastomys_erythroleucus,direct,Rodentia,Muridae,Mastomys,LC,0.0
Mastomys_coucha,Mastomys_coucha,direct,Rodentia,Muridae,Mastomys,LC,0.0
Mastomys_huberti,Mastomys_huberti,direct,Rodentia,Muridae,Mastomys,LC,0.0
Mastomys_kollmannspergeri,Mastomys_kollmannspergeri,direct,Rodentia,Muridae,Mastomys,LC,0.0
Stenocephalemys_ruppi,Stenocephalemys_ruppi,direct,Rodentia,Muridae,Stenocephalemys,DD,0.0
Stenocephalemys_albocaudata,Stenocephalemys_albocaudatus,synonym:MSW3,Rodentia,Muridae,Stenocephalemys,LC,0.0
Stenocephalemys_albipes,Stenocephalemys_albipes,direct,Rodentia,Muridae,Stenocephalemys,LC,0.0
Stenocephalemys_griseicauda,Stenocephalemys_griseicauda,direct,Rodentia,Muridae,Stenocephalemys,LC,0.0
Myomyscus_yemeni,Ochromyscus_yemeni,synonym:MSW3,Rodentia,Muridae,Ochromyscus,DD,0.0
Praomys_verschureni,Congomys_verschureni,synonym:MSW3,Rodentia,Muridae,Congomys,DD,0.0
Praomys_lukolelae,Congomys_lukolelae,synonym:MSW3,Rodentia,Muridae,Congomys,LC,0.0
Myomyscus_verreauxii,Myomyscus_verreauxi,synonym:MSW3,Rodentia,Muridae,Myomyscus,LC,0.0
Zelotomys_woosnami,Zelotomys_woosnami,direct,Rodentia,Muridae,Zelotomys,LC,0.0
Zelotomys_hildegardeae,Zelotomys_hildegardeae,direct,Rodentia,Muridae,Zelotomys,LC,0.0
Colomys_goslingi,Colomys_goslingi,direct,Rodentia,Muridae,Colomys,LC,0.0
Apodemus_speciosus,Apodemus_speciosus,direct,Rodentia,Muridae,Apodemus,LC,0.0
Apodemus_peninsulae,Apodemus_peninsulae,direct,Rodentia,Muridae,Apodemus,LC,0.0
Apodemus_agrarius,Apodemus_agrarius,direct,Rodentia,Muridae,Apodemus,LC,0.0
Apodemus_chevrieri,Apodemus_chevrieri,direct,Rodentia,Muridae,Apodemus,LC,0.0
Apodemus_latronum,Apodemus_latronum,direct,Rodentia,Muridae,Apodemus,LC,0.0
Apodemus_rusiges,Apodemus_rusiges,direct,Rodentia,Muridae,Apodemus,LC,0.0
Apodemus_draco,Apodemus_draco,direct,Rodentia,Muridae,Apodemus,LC,0.0
Apodemus_semotus,Apodemus_semotus,direct,Rodentia,Muridae,Apodemus,LC,0.0
Apodemus_witherbyi,Apodemus_witherbyi,direct,Rodentia,Muridae,Apodemus,LC,0.0
Apodemus_alpicola,Apodemus_alpicola,direct,Rodentia,Muridae,Apodemus,LC,0.0
Apodemus_uralensis,Apodemus_uralensis,direct,Rodentia,Muridae,Apodemus,LC,0.0
Apodemus_pallipes,Apodemus_pallipes,direct,Rodentia,Muridae,Apodemus,LC,0.0
Apodemus_sylvaticus,Apodemus_sylvaticus,direct,Rodentia,Muridae,Apodemus,LC,0.0
Apodemus_flavicollis,Apodemus_flavicollis,direct,Rodentia,Muridae,Apodemus,LC,0.0
Apodemus_ponticus,Apodemus_ponticus,direct,Rodentia,Muridae,Apodemus,LC,0.0
Apodemus_mystacinus,Apodemus_mystacinus,direct,Rodentia,Muridae,Apodemus,LC,0.0
Apodemus_hyrcanicus,Apodemus_hyrcanicus,direct,Rodentia,Muridae,Apodemus,NT,0.0
Apodemus_epimelas,Apodemus_epimelas,direct,Rodentia,Muridae,Apodemus,LC,0.0
Apodemus_gurkha,Apodemus_gurkha,direct,Rodentia,Muridae,Apodemus,LC,0.0
Apodemus_argenteus,Apodemus_argenteus,direct,Rodentia,Muridae,Apodemus,LC,0.0
Tokudaia_tokunoshimensis,Tokudaia_tokunoshimensis,direct,Rodentia,Muridae,Tokudaia,EN,0.0
Tokudaia_osimensis,Tokudaia_osimensis,direct,Rodentia,Muridae,Tokudaia,EN,0.0
Tokudaia_muenninki,Tokudaia_muenninki,direct,Rodentia,Muridae,Tokudaia,CR,0.0
Malacomys_longipes,Malacomys_longipes,direct,Rodentia,Muridae,Malacomys,LC,0.0
Malacomys_edwardsi,Malacomys_edwardsi,direct,Rodentia,Muridae,Malacomys,LC,0.0
Malacomys_cansdalei,Malacomys_cansdalei,direct,Rodentia,Muridae,Malacomys,LC,0.0
Parotomys_littledalei,Otomys_littledalei,synonym:MSW3,Rodentia,Muridae,Otomys,LC,0.0
Otomys_unisulcatus,Otomys_unisulcatus,direct,Rodentia,Muridae,Otomys,LC,0.0
Otomys_sloggetti,Otomys_sloggetti,direct,Rodentia,Muridae,Otomys,LC,0.0
Otomys_lacustris,Otomys_lacustris,direct,Rodentia,Muridae,Otomys,LC,0.0
Otomys_thomasi,Otomys_thomasi,direct,Rodentia,Muridae,Otomys,VU,0.0
Otomys_anchietae,Otomys_anchietae,direct,Rodentia,Muridae,Otomys,LC,0.0
Otomys_denti,Otomys_denti,direct,Rodentia,Muridae,Otomys,LC,0.0
Otomys_typus,Otomys_typus,direct,Rodentia,Muridae,Otomys,LC,0.0
Otomys_fortior,Otomys_fortior,direct,Rodentia,Muridae,Otomys,VU,0.0
Otomys_helleri,Otomys_helleri,direct,Rodentia,Muridae,Otomys,LC,0.0
Otomys_occidentalis,Otomys_occidentalis,direct,Rodentia,Muridae,Otomys,VU,0.0
Otomys_burtoni,Otomys_burtoni,direct,Rodentia,Muridae,Otomys,EN,0.0
Otomys_cheesmani,Otomys_cheesmani,direct,Rodentia,Muridae,Otomys,CR,0.0
Otomys_tropicalis,Otomys_tropicalis,direct,Rodentia,Muridae,Otomys,LC,0.0
Otomys_orestes,Otomys_orestes,direct,Rodentia,Muridae,Otomys,NE,0.0
Otomys_jacksoni,Otomys_jacksoni,direct,Rodentia,Muridae,Otomys,NT,0.0
Otomys_simiensis,Otomys_simiensis,direct,Rodentia,Muridae,Otomys,LC,0.0
Otomys_yaldeni,Otomys_yaldeni,direct,Rodentia,Muridae,Otomys,VU,0.0
Otomys_cuanzensis,Otomys_cuanzensis,direct,Rodentia,Muridae,Otomys,LC,0.0
Otomys_zinki,Otomys_zinki,direct,Rodentia,Muridae,Otomys,VU,0.0
Otomys_dartmouthi,Otomys_dartmouthi,direct,Rodentia,Muridae,Otomys,DD,0.0
Otomys_angoniensis,Otomys_angoniensis,direct,Rodentia,Muridae,Otomys,LC,0.0
Otomys_uzungwensis,Otomys_uzungwensis,direct,Rodentia,Muridae,Otomys,NT,0.0
Otomys_irroratus,Otomys_irroratus,direct,Rodentia,Muridae,Otomys,LC,0.0
Otomys_laminatus,Otomys_laminatus,direct,Rodentia,Muridae,Otomys,NT,0.0
Otomys_karoensis,Otomys_karoensis,direct,Rodentia,Muridae,Otomys,LC,0.0
Otomys_barbouri,Otomys_barbouri,direct,Rodentia,Muridae,Otomys,EN,0.0
Parotomys_brantsii,Otomys_brantsii,synonym:MSW3,Rodentia,Muridae,Otomys,LC,0.0
Aethomys_stannarius,Aethomys_stannarius,direct,Rodentia,Muridae,Aethomys,DD,0.0
Aethomys_silindensis,Aethomys_silindensis,direct,Rodentia,Muridae,Aethomys,DD,0.0
Aethomys_thomasi,Aethomys_thomasi,direct,Rodentia,Muridae,Aethomys,LC,0.0
Dephomys_defua,Dephomys_defua,direct,Rodentia,Muridae,Dephomys,LC,0.0
Aethomys_ineptus,Aethomys_ineptus,direct,Rodentia,Muridae,Aethomys,LC,0.0
Aethomys_hindei,Aethomys_hindei,direct,Rodentia,Muridae,Aethomys,LC,0.0
Aethomys_granti,,unmatched,,,,,
Aethomys_chrysophilus,Aethomys_chrysophilus,direct,Rodentia,Muridae,Aethomys,LC,0.0
Aethomys_kaiseri,Aethomys_kaiseri,direct,Rodentia,Muridae,Aethomys,LC,0.0
Aethomys_nyikae,Aethomys_nyikae,direct,Rodentia,Muridae,Aethomys,LC,0.0
Aethomys_namaquensis,,unmatched,,,,,
Aethomys_bocagei,Aethomys_bocagei,direct,Rodentia,Muridae,Aethomys,LC,0.0
Grammomys_minnae,Grammomys_polionops,synonym:nominalName,Rodentia,Muridae,Grammomys,NE,0.0
Grammomys_aridulus,Grammomys_macmillani,synonym:nominalName,Rodentia,Muridae,Grammomys,LC,0.0
Grammomys_kuru,Thamnomys_kuru,synonym:MSW3,Rodentia,Muridae,Thamnomys,LC,0.0
Grammomys_gigas,Grammomys_ibeanus,synonym:nominalName,Rodentia,Muridae,Grammomys,LC,0.0
Grammomys_caniceps,Grammomys_surdaster,synonym:nominalName,Rodentia,Muridae,Grammomys,NE,0.0
Grammomys_macmillani,Grammomys_macmillani,direct,Rodentia,Muridae,Grammomys,LC,0.0
Grammomys_cometes,Grammomys_cometes,direct,Rodentia,Muridae,Grammomys,LC,0.0
Grammomys_ibeanus,Grammomys_ibeanus,direct,Rodentia,Muridae,Grammomys,LC,0.0
Grammomys_buntingi,Grammomys_macmillani,synonym:nominalName,Rodentia,Muridae,Grammomys,LC,0.0
Thallomys_nigricauda,Thallomys_nigricauda,direct,Rodentia,Muridae,Thallomys,LC,0.0
Thallomys_shortridgei,Thallomys_shortridgei,direct,Rodentia,Muridae,Thallomys,DD,0.0
Thallomys_paedulcus,Thallomys_paedulcus,direct,Rodentia,Muridae,Thallomys,LC,0.0
Thallomys_loringi,Thallomys_loringi,direct,Rodentia,Muridae,Thallomys,LC,0.0
Grammomys_dolichurus,Grammomys_dolichurus,direct,Rodentia,Muridae,Grammomys,LC,0.0
Grammomys_dryas,Grammomys_dryas,direct,Rodentia,Muridae,Grammomys,LC,0.0
Grammomys_selousi,Grammomys_cometes,synonym:nominalName,Rodentia,Muridae,Grammomys,LC,0.0
Paulamys_naso,Paulamys_naso,direct,Rodentia,Muridae,Paulamys,EN,0.0
Eropeplus_canus,Eropeplus_canus,direct,Rodentia,Muridae,Eropeplus,LC,0.0
Mylomys_rex,Mylomys_rex,direct,Rodentia,Muridae,Mylomys,DD,0.0
Mylomys_dybowskii,Mylomys_dybowskii,direct,Rodentia,Muridae,Mylomys,LC,0.0
Pithecheirops_otion,Pithecheirops_otion,direct,Rodentia,Muridae,Pithecheirops,DD,0.0
Pelomys_campanae,Pelomys_campanae,direct,Rodentia,Muridae,Pelomys,LC,0.0
Pelomys_hopkinsi,Pelomys_hopkinsi,direct,Rodentia,Muridae,Pelomys,DD,0.0
Pelomys_fallax,Pelomys_fallax,direct,Rodentia,Muridae,Pelomys,LC,0.0
Pelomys_minor,Pelomys_minor,direct,Rodentia,Muridae,Pelomys,LC,0.0
Pelomys_isseli,Pelomys_isseli,direct,Rodentia,Muridae,Pelomys,NT,0.0
Haeromys_pusillus,Haeromys_pusillus,direct,Rodentia,Muridae,Haeromys,VU,0.0
Haeromys_minahassae,Haeromys_minahassae,direct,Rodentia,Muridae,Haeromys,NT,0.0
Haeromys_margarettae,Haeromys_margarettae,direct,Rodentia,Muridae,Haeromys,DD,0.0
Rhabdomys_pumilio,Rhabdomys_pumilio,direct,Rodentia,Muridae,Rhabdomys,LC,0.0
Madromys_blanfordi,Madromys_blanfordi,direct,Rodentia,Muridae,Madromys,LC,0.0
Lamottemys_okuensis,Lamottemys_okuensis,direct,Rodentia,Muridae,Lamottemys,EN,0.0
Mirzamys_norahae,Mirzamys_norahae,direct,Rodentia,Muridae,Mirzamys,DD,0.0
Mirzamys_louiseae,Mirzamys_louiseae,direct,Rodentia,Muridae,Mirzamys,LC,0.0
Lemniscomys_griselda,Lemniscomys_griselda,direct,Rodentia,Muridae,Lemniscomys,LC,0.0
Lemniscomys_striatus,Lemniscomys_striatus,direct,Rodentia,Muridae,Lemniscomys,LC,0.0
Lemniscomys_barbarus,Lemniscomys_barbarus,direct,Rodentia,Muridae,Lemniscomys,LC,0.0
Lemniscomys_linulus,Lemniscomys_linulus,direct,Rodentia,Muridae,Lemniscomys,LC,0.0
Lemniscomys_zebra,Lemniscomys_zebra,direct,Rodentia,Muridae,Lemniscomys,LC,0.0
Lemniscomys_mittendorfi,Lemniscomys_mittendorfi,direct,Rodentia,Muridae,Lemniscomys,LC,0.0
Lemniscomys_hoogstraali,Lemniscomys_hoogstraali,direct,Rodentia,Muridae,Lemniscomys,DD,0.0
Lemniscomys_roseveari,Lemniscomys_roseveari,direct,Rodentia,Muridae,Lemniscomys,DD,0.0
Lemniscomys_rosalia,Lemniscomys_rosalia,direct,Rodentia,Muridae,Lemniscomys,LC,0.0
Lemniscomys_macculus,Lemniscomys_macculus,direct,Rodentia,Muridae,Lemniscomys,LC,0.0
Lemniscomys_bellieri,Lemniscomys_macculus,synonym:nominalName,Rodentia,Muridae,Lemniscomys,LC,0.0
Arvicanthis_blicki,Arvicanthis_blicki,direct,Rodentia,Muridae,Arvicanthis,NT,0.0
Arvicanthis_rufinus,Arvicanthis_rufinus,direct,Rodentia,Muridae,Arvicanthis,LC,0.0
Arvicanthis_ansorgei,Arvicanthis_ansorgei,direct,Rodentia,Muridae,Arvicanthis,LC,0.0
Arvicanthis_nairobae,Arvicanthis_nairobae,direct,Rodentia,Muridae,Arvicanthis,LC,0.0
Arvicanthis_neumanni,Arvicanthis_neumanni,direct,Rodentia,Muridae,Arvicanthis,LC,0.0
Arvicanthis_niloticus,Arvicanthis_niloticus,direct,Rodentia,Muridae,Arvicanthis,LC,0.0
Arvicanthis_abyssinicus,Arvicanthis_abyssinicus,direct,Rodentia,Muridae,Arvicanthis,LC,0.0
Desmomys_yaldeni,Desmomys_yaldeni,direct,Rodentia,Muridae,Desmomys,VU,0.0
Desmomys_harringtoni,Desmomys_harringtoni,direct,Rodentia,Muridae,Desmomys,LC,0.0
Dasymys_foxi,Dasymys_foxi,direct,Rodentia,Muridae,Dasymys,DD,0.0
Dasymys_rufulus,Dasymys_rufulus,direct,Rodentia,Muridae,Dasymys,LC,0.0
Dasymys_montanus,Dasymys_montanus,direct,Rodentia,Muridae,Dasymys,EN,0.0
Dasymys_incomtus,Dasymys_incomtus,direct,Rodentia,Muridae,Dasymys,LC,0.0
Dasymys_nudipes,Dasymys_nudipes,direct,Rodentia,Muridae,Dasymys,DD,0.0
Stochomys_longicaudatus,Stochomys_longicaudatus,direct,Rodentia,Muridae,Stochomys,LC,0.0
Hybomys_trivirgatus,Typomys_trivirgatus,synonym:MSW3,Rodentia,Muridae,Typomys,LC,0.0
Hybomys_badius,Hybomys_rufocanus,synonym:nominalName,Rodentia,Muridae,Hybomys,NE,0.0
Hybomys_planifrons,Typomys_planifrons,synonym:MSW3,Rodentia,Muridae,Typomys,LC,0.0
Hybomys_univittatus,Hybomys_univittatus,direct,Rodentia,Muridae,Hybomys,LC,0.0
Hybomys_lunaris,Hybomys_lunaris,direct,Rodentia,Muridae,Hybomys,VU,0.0
Hybomys_basilii,Hybomys_basilii,direct,Rodentia,Muridae,Hybomys,EN,0.0
Oenomys_ornatus,Oenomys_ornatus,direct,Rodentia,Muridae,Oenomys,DD,0.0
Oenomys_hypoxanthus,Oenomys_hypoxanthus,direct,Rodentia,Muridae,Oenomys,LC,0.0
Abditomys_latidens,Abditomys_latidens,direct,Rodentia,Muridae,Abditomys,DD,0.0
Golunda_ellioti,Golunda_ellioti,direct,Rodentia,Muridae,Golunda,LC,0.0
Papagomys_armandvillei,Papagomys_armandvillei,direct,Rodentia,Muridae,Papagomys,NT,0.0
Pogonomelomys_mayeri,Pogonomelomys_mayeri,direct,Rodentia,Muridae,Pogonomelomys,LC,0.0
Pogonomelomys_brassi,Pogonomelomys_brassi,direct,Rodentia,Muridae,Pogonomelomys,LC,0.0
Pogonomelomys_bruijnii,Pogonomelomys_bruijnii,direct,Rodentia,Muridae,Pogonomelomys,LC,0.0
Millardia_meltada,Millardia_meltada,direct,Rodentia,Muridae,Millardia,LC,0.0
Millardia_gleadowi,Millardia_gleadowi,direct,Rodentia,Muridae,Millardia,LC,0.0
Millardia_kathleenae,Millardia_kathleenae,direct,Rodentia,Muridae,Millardia,LC,0.0
Millardia_kondana,Millardia_kondana,direct,Rodentia,Muridae,Millardia,EN,0.0
Cremnomys_elvira,Cremnomys_elvira,direct,Rodentia,Muridae,Cremnomys,CR,0.0
Cremnomys_cutchicus,Cremnomys_cutchicus,direct,Rodentia,Muridae,Cremnomys,LC,0.0
Microhydromys_richardsoni,Microhydromys_richardsoni,direct,Rodentia,Muridae,Microhydromys,DD,0.0
Microhydromys_argenteus,Microhydromys_argenteus,direct,Rodentia,Muridae,Microhydromys,DD,0.0
Hadromys_yunnanensis,Hadromys_yunnanensis,direct,Rodentia,Muridae,Hadromys,DD,0.0
Hadromys_humei,Hadromys_humei,direct,Rodentia,Muridae,Hadromys,EN,0.0
Phloeomys_pallidus,Phloeomys_pallidus,direct,Rodentia,Muridae,Phloeomys,LC,0.0
Phloeomys_cumingi,Phloeomys_cumingi,direct,Rodentia,Muridae,Phloeomys,LC,0.0
Vandeleuria_nilagirica,Vandeleuria_nilagiricus,synonym:MSW3,Rodentia,Muridae,Vandeleuria,EN,0.0
Vandeleuria_nolthenii,Vandeleuria_nolthenii,direct,Rodentia,Muridae,Vandeleuria,EN,0.0
Vandeleuria_oleracea,Vandeleuria_oleraceus,synonym:MSW3,Rodentia,Muridae,Vandeleuria,LC,0.0
Batomys_russatus,Batomys_russatus,direct,Rodentia,Muridae,Batomys,EN,0.0
Batomys_salomonseni,Batomys_salomonseni,direct,Rodentia,Muridae,Batomys,LC,0.0
Batomys_uragon,Batomys_uragon,direct,Rodentia,Muridae,Batomys,LC,0.0
Batomys_granti,Batomys_grantii,synonym:MSW3,Rodentia,Muridae,Batomys,LC,0.0
Batomys_dentatus,Batomys_dentatus,direct,Rodentia,Muridae,Batomys,DD,0.0
Crateromys_australis,Crateromys_australis,direct,Rodentia,Muridae,Crateromys,EN,0.0
Crateromys_schadenbergi,Crateromys_schadenbergi,direct,Rodentia,Muridae,Crateromys,EN,0.0
Crateromys_heaneyi,Crateromys_heaneyi,direct,Rodentia,Muridae,Crateromys,EN,0.0
Crateromys_paulus,Crateromys_paulus,direct,Rodentia,Muridae,Crateromys,DD,0.0
Carpomys_phaeurus,Carpomys_phaeurus,direct,Rodentia,Muridae,Carpomys,LC,0.0
Carpomys_melanurus,Carpomys_melanurus,direct,Rodentia,Muridae,Carpomys,DD,0.0
Musseromys_anacuao,Musseromys_anacuao,direct,Rodentia,Muridae,Musseromys,DD,0.0
Musseromys_inopinatus,Musseromys_inopinatus,direct,Rodentia,Muridae,Musseromys,DD,0.0
Musseromys_beneficus,Musseromys_beneficus,direct,Rodentia,Muridae,Musseromys,DD,0.0
Musseromys_gulantang,Musseromys_gulantang,direct,Rodentia,Muridae,Musseromys,DD,0.0
Prometheomys_schaposchnikowi,Prometheomys_schaposchnikowi,direct,Rodentia,Cricetidae,Prometheomys,LC,0.0
Dicrostonyx_hudsonius,Dicrostonyx_hudsonius,direct,Rodentia,Cricetidae,Dicrostonyx,LC,0.0
Dicrostonyx_nunatakensis,Dicrostonyx_nunatakensis,direct,Rodentia,Cricetidae,Dicrostonyx,LC,0.0
Dicrostonyx_groenlandicus,Dicrostonyx_groenlandicus,direct,Rodentia,Cricetidae,Dicrostonyx,LC,0.0
Dicrostonyx_richardsoni,Dicrostonyx_richardsoni,direct,Rodentia,Cricetidae,Dicrostonyx,LC,0.0
Dicrostonyx_unalascensis,Dicrostonyx_unalascensis,direct,Rodentia,Cricetidae,Dicrostonyx,DD,0.0
Dicrostonyx_nelsoni,Dicrostonyx_nelsoni,direct,Rodentia,Cricetidae,Dicrostonyx,LC,0.0
Dicrostonyx_vinogradovi,Dicrostonyx_groenlandicus,synonym:nominalName,Rodentia,Cricetidae,Dicrostonyx,LC,0.0
Dicrostonyx_torquatus,Dicrostonyx_torquatus,direct,Rodentia,Cricetidae,Dicrostonyx,LC,0.0
Phenacomys_ungava,Phenacomys_ungava,direct,Rodentia,Cricetidae,Phenacomys,LC,0.0
Phenacomys_intermedius,Phenacomys_intermedius,direct,Rodentia,Cricetidae,Phenacomys,LC,0.0
Arborimus_pomo,Arborimus_pomo,direct,Rodentia,Cricetidae,Arborimus,NT,0.0
Arborimus_longicaudus,Arborimus_longicaudus,direct,Rodentia,Cricetidae,Arborimus,NT,0.0
Arborimus_albipes,Arborimus_albipes,direct,Rodentia,Cricetidae,Arborimus,LC,0.0
Ondatra_zibethicus,Ondatra_zibethicus,direct,Rodentia,Cricetidae,Ondatra,LC,0.0
Neofiber_alleni,Neofiber_alleni,direct,Rodentia,Cricetidae,Neofiber,LC,0.0
Lemmus_portenkoi,Lemmus_novosibiricus,synonym:nominalName,Rodentia,Cricetidae,Lemmus,NE,0.0
Lemmus_sibiricus,Lemmus_sibiricus,direct,Rodentia,Cricetidae,Lemmus,LC,0.0
Lemmus_amurensis,Lemmus_amurensis,direct,Rodentia,Cricetidae,Lemmus,LC,0.0
Lemmus_lemmus,Lemmus_lemmus,direct,Rodentia,Cricetidae,Lemmus,LC,0.0
Lemmus_trimucronatus,Lemmus_trimucronatus,direct,Rodentia,Cricetidae,Lemmus,LC,0.0
Synaptomys_borealis,Mictomys_borealis,synonym:MSW3,Rodentia,Cricetidae,Mictomys,LC,0.0
Myopus_schisticolor,Myopus_schisticolor,direct,Rodentia,Cricetidae,Myopus,LC,0.0
Synaptomys_cooperi,Synaptomys_cooperi,direct,Rodentia,Cricetidae,Synaptomys,LC,0.0
Arvicola_sapidus,Arvicola_sapidus,direct,Rodentia,Cricetidae,Arvicola,NT,0.0
Arvicola_scherman,Arvicola_amphibius,synonym:nominalName,Rodentia,Cricetidae,Arvicola,LC,0.0
Arvicola_amphibius,Arvicola_amphibius,direct,Rodentia,Cricetidae,Arvicola,LC,0.0
Lemmiscus_curtatus,Lemmiscus_curtatus,direct,Rodentia,Cricetidae,Lemmiscus,LC,0.0
Dinaromys_bogdanovi,Dinaromys_bogdanovi,direct,Rodentia,Cricetidae,Dinaromys,VU,0.0
Eolagurus_przewalskii,Eolagurus_przewalskii,direct,Rodentia,Cricetidae,Eolagurus,LC,0.0
Eolagurus_luteus,Eolagurus_luteus,direct,Rodentia,Cricetidae,Eolagurus,LC,0.0
Lagurus_lagurus,Lagurus_lagurus,direct,Rodentia,Cricetidae,Lagurus,LC,0.0
Chionomys_nivalis,Chionomys_nivalis,direct,Rodentia,Cricetidae,Chionomys,LC,0.0
Chionomys_roberti,Chionomys_roberti,direct,Rodentia,Cricetidae,Chionomys,LC,0.0
Chionomys_gud,Chionomys_gud,direct,Rodentia,Cricetidae,Chionomys,LC,0.0
Neodon_fuscus,Neodon_fuscus,direct,Rodentia,Cricetidae,Neodon,LC,0.0
Neodon_leucurus,Neodon_leucurus,direct,Rodentia,Cricetidae,Neodon,LC,0.0
Neodon_sikimensis,Neodon_sikimensis,direct,Rodentia,Cricetidae,Neodon,LC,0.0
Microtus_gregalis,Stenocranius_gregalis,synonym:MSW3,Rodentia,Cricetidae,Stenocranius,LC,0.0
Neodon_irene,Neodon_irene,direct,Rodentia,Cricetidae,Neodon,LC,0.0
Microtus_clarkei,Neodon_clarkei,synonym:MSW3,Rodentia,Cricetidae,Neodon,LC,0.0
Neodon_linzhiensis,Neodon_linzhiensis,direct,Rodentia,Cricetidae,Neodon,LC,0.0
Volemys_millicens,Volemys_millicens,direct,Rodentia,Cricetidae,Volemys,NT,0.0
Microtus_montebelli,Alexandromys_montebelli,synonym:MSW3,Rodentia,Cricetidae,Alexandromys,LC,0.0
Microtus_qazvinensis,Microtus_dogramacii,synonym:nominalName,Rodentia,Cricetidae,Microtus,LC,0.0
Microtus_kikuchii,Alexandromys_kikuchii,synonym:MSW3,Rodentia,Cricetidae,Alexandromys,LC,0.0
Microtus_oeconomus,Alexandromys_oeconomus,synonym:MSW3,Rodentia,Cricetidae,Alexandromys,LC,0.0
Microtus_fortis,Alexandromys_fortis,synonym:MSW3,Rodentia,Cricetidae,Alexandromys,LC,0.0
Microtus_limnophilus,Alexandromys_limnophilus,synonym:MSW3,Rodentia,Cricetidae,Alexandromys,LC,0.0
Microtus_middendorffii,Alexandromys_middendorffii,synonym:MSW3,Rodentia,Cricetidae,Alexandromys,LC,0.0
Microtus_mongolicus,Alexandromys_mongolicus,synonym:MSW3,Rodentia,Cricetidae,Alexandromys,LC,0.0
Microtus_maximowiczii,Alexandromys_maximowiczii,synonym:MSW3,Rodentia,Cricetidae,Alexandromys,LC,0.0
Microtus_sachalinensis,Alexandromys_sachalinensis,synonym:MSW3,Rodentia,Cricetidae,Alexandromys,LC,0.0
Microtus_evoronensis,Alexandromys_evoronensis,synonym:MSW3,Rodentia,Cricetidae,Alexandromys,DD,0.0
Lasiopodomys_mandarinus,Lasiopodomys_mandarinus,direct,Rodentia,Cricetidae,Lasiopodomys,LC,0.0
Lasiopodomys_brandtii,Lasiopodomys_brandtii,direct,Rodentia,Cricetidae,Lasiopodomys,LC,0.0
Microtus_ilaeus,Microtus_ilaeus,direct,Rodentia,Cricetidae,Microtus,LC,0.0
Microtus_levis,Microtus_rossiaemeridionalis,synonym:MSW3,Rodentia,Cricetidae,Microtus,LC,0.0
Microtus_arvalis,Microtus_arvalis,direct,Rodentia,Cricetidae,Microtus,LC,0.0
Microtus_mexicanus,Microtus_mexicanus,direct,Rodentia,Cricetidae,Microtus,LC,0.0
Microtus_transcaspicus,Microtus_transcaspicus,direct,Rodentia,Cricetidae,Microtus,LC,0.0
Microtus_paradoxus,Microtus_paradoxus,direct,Rodentia,Cricetidae,Microtus,LC,0.0
Microtus_brachycercus,Microtus_brachycercus,direct,Rodentia,Cricetidae,Microtus,LC,0.0
Microtus_anatolicus,Microtus_anatolicus,direct,Rodentia,Cricetidae,Microtus,DD,0.0
Microtus_irani,Microtus_irani,direct,Rodentia,Cricetidae,Microtus,VU,0.0
Microtus_schidlovskii,Microtus_schidlovskii,direct,Rodentia,Cricetidae,Microtus,LC,0.0
Microtus_socialis,Microtus_socialis,direct,Rodentia,Cricetidae,Microtus,LC,0.0
Microtus_guentheri,Microtus_guentheri,direct,Rodentia,Cricetidae,Microtus,LC,0.0
Microtus_dogramacii,Microtus_dogramacii,direct,Rodentia,Cricetidae,Microtus,LC,0.0
Microtus_schelkovnikovi,Microtus_schelkovnikovi,direct,Rodentia,Cricetidae,Microtus,LC,0.0
Microtus_cabrerae,Microtus_cabrerae,direct,Rodentia,Cricetidae,Microtus,NT,0.0
Microtus_savii,Microtus_savii,direct,Rodentia,Cricetidae,Microtus,LC,0.0
Microtus_thomasi,Microtus_thomasi,direct,Rodentia,Cricetidae,Microtus,LC,0.0
Microtus_mujanensis,Alexandromys_mujanensis,synonym:MSW3,Rodentia,Cricetidae,Alexandromys,DD,0.0
Microtus_felteni,Microtus_felteni,direct,Rodentia,Cricetidae,Microtus,LC,0.0
Microtus_liechtensteini,Microtus_liechtensteini,direct,Rodentia,Cricetidae,Microtus,LC,0.0
Microtus_bavaricus,Microtus_liechtensteini,synonym:nominalName,Rodentia,Cricetidae,Microtus,LC,0.0
Microtus_multiplex,Microtus_multiplex,direct,Rodentia,Cricetidae,Microtus,LC,0.0
Microtus_lusitanicus,Microtus_lusitanicus,direct,Rodentia,Cricetidae,Microtus,LC,0.0
Microtus_duodecimcostatus,Microtus_duodecimcostatus,direct,Rodentia,Cricetidae,Microtus,LC,0.0
Microtus_tatricus,Microtus_tatricus,direct,Rodentia,Cricetidae,Microtus,LC,0.0
Microtus_nasarovi,Microtus_daghestanicus,synonym:nominalName,Rodentia,Cricetidae,Microtus,LC,0.0
Microtus_gerbei,Microtus_pyrenaicus,synonym:MSW3,Rodentia,Cricetidae,Microtus,LC,0.0
Microtus_daghestanicus,Microtus_daghestanicus,direct,Rodentia,Cricetidae,Microtus,LC,0.0
Microtus_subterraneus,Microtus_subterraneus,direct,Rodentia,Cricetidae,Microtus,LC,0.0
Neodon_forresti,Neodon_forresti,direct,Rodentia,Cricetidae,Neodon,DD,0.0
Microtus_majori,Microtus_majori,direct,Rodentia,Cricetidae,Microtus,LC,0.0
Microtus_agrestis,Microtus_agrestis,direct,Rodentia,Cricetidae,Microtus,LC,0.0
Blanfordimys_juldaschi,,unmatched,,,,,
Blanfordimys_bucharensis,Microtus_bucharensis,synonym:MSW3,Rodentia,Cricetidae,Microtus,LC,0.0
Blanfordimys_afghanus,Microtus_afghanus,synonym:MSW3,Rodentia,Cricetidae,Microtus,LC,0.0
Microtus_longicaudus,Microtus_longicaudus,direct,Rodentia,Cricetidae,Microtus,LC,0.0
Microtus_oregoni,Microtus_oregoni,direct,Rodentia,Cricetidae,Microtus,LC,0.0
Microtus_townsendii,Microtus_townsendii,direct,Rodentia,Cricetidae,Microtus,LC,0.0
Microtus_breweri,Microtus_pennsylvanicus,synonym:nominalName,Rodentia,Cricetidae,Microtus,LC,0.0
Microtus_hyperboreus,,unmatched,,,,,
Microtus_canicaudus,Microtus_canicaudus,direct,Rodentia,Cricetidae,Microtus,LC,0.0
Microtus_pennsylvanicus,Microtus_pennsylvanicus,direct,Rodentia,Cricetidae,Microtus,LC,0.0
Microtus_montanus,Microtus_montanus,direct,Rodentia,Cricetidae,Microtus,LC,0.0
Microtus_ochrogaster,Microtus_ochrogaster,direct,Rodentia,Cricetidae,Microtus,LC,0.0
Microtus_californicus,Microtus_californicus,direct,Rodentia,Cricetidae,Microtus,LC,0.0
Microtus_xanthognathus,Microtus_xanthognathus,direct,Rodentia,Cricetidae,Microtus,LC,0.0
Microtus_richardsoni,Microtus_richardsoni,direct,Rodentia,Cricetidae,Microtus,LC,0.0
Microtus_umbrosus,Microtus_umbrosus,direct,Rodentia,Cricetidae,Microtus,EN,0.0
Microtus_chrotorrhinus,Microtus_chrotorrhinus,direct,Rodentia,Cricetidae,Microtus,LC,0.0
Microtus_quasiater,Microtus_quasiater,direct,Rodentia,Cricetidae,Microtus,NT,0.0
Microtus_pinetorum,Microtus_pinetorum,direct,Rodentia,Cricetidae,Microtus,LC,0.0
Microtus_guatemalensis,Microtus_guatemalensis,direct,Rodentia,Cricetidae,Microtus,NT,0.0
Microtus_oaxacensis,Microtus_oaxacensis,direct,Rodentia,Cricetidae,Microtus,EN,0.0
Microtus_abbreviatus,Microtus_abbreviatus,direct,Rodentia,Cricetidae,Microtus,LC,0.0
Microtus_miurus,Microtus_abbreviatus,synonym:nominalName,Rodentia,Cricetidae,Microtus,LC,0.0
Proedromys_liangshanensis,,unmatched,,,,,
Proedromys_bedfordi,Proedromys_bedfordi,direct,Rodentia,Cricetidae,Proedromys,VU,0.0
Volemys_musseri,Volemys_musseri,direct,Rodentia,Cricetidae,Volemys,DD,0.0
Ellobius_tancrei,Ellobius_tancrei,direct,Rodentia,Cricetidae,Ellobius,LC,0.0
Ellobius_lutescens,Bramus_lutescens,synonym:MSW3,Rodentia,Cricetidae,Bramus,LC,0.0
Ellobius_alaicus,Ellobius_tancrei,synonym:nominalName,Rodentia,Cricetidae,Ellobius,LC,0.0
Ellobius_talpinus,Ellobius_talpinus,direct,Rodentia,Cricetidae,Ellobius,LC,0.0
Ellobius_fuscocapillus,Bramus_fuscocapillus,synonym:MSW3,Rodentia,Cricetidae,Bramus,LC,0.0
Myodes_rufocanus,Craseomys_rufocanus,synonym:MSW3,Rodentia,Cricetidae,Craseomys,LC,0.0
Myodes_regulus,Craseomys_regulus,synonym:MSW3,Rodentia,Cricetidae,Craseomys,LC,0.0
Myodes_rex,Craseomys_rex,synonym:MSW3,Rodentia,Cricetidae,Craseomys,LC,0.0
Myodes_smithii,Craseomys_smithii,synonym:MSW3,Rodentia,Cricetidae,Craseomys,LC,0.0
Myodes_andersoni,Craseomys_andersoni,synonym:MSW3,Rodentia,Cricetidae,Craseomys,LC,0.0
Alticola_stoliczkanus,Alticola_stoliczkanus,direct,Rodentia,Cricetidae,Alticola,LC,0.0
Myodes_shanseius,,unmatched,,,,,
Myodes_centralis,Clethrionomys_centralis,synonym:MSW3,Rodentia,Cricetidae,Clethrionomys,LC,0.0
Myodes_gapperi,Clethrionomys_gapperi,synonym:MSW3,Rodentia,Cricetidae,Clethrionomys,LC,0.0
Myodes_rutilus,Clethrionomys_rutilus,synonym:MSW3,Rodentia,Cricetidae,Clethrionomys,LC,0.0
Myodes_californicus,Clethrionomys_californicus,synonym:MSW3,Rodentia,Cricetidae,Clethrionomys,LC,0.0
Myodes_glareolus,Clethrionomys_glareolus,synonym:MSW3,Rodentia,Cricetidae,Clethrionomys,LC,0.0
Alticola_lemminus,Alticola_lemminus,direct,Rodentia,Cricetidae,Alticola,LC,0.0
Alticola_macrotis,Alticola_macrotis,direct,Rodentia,Cricetidae,Alticola,LC,0.0
Alticola_semicanus,Alticola_semicanus,direct,Rodentia,Cricetidae,Alticola,LC,0.0
Alticola_strelzowi,Alticola_strelzovi,synonym:MSW3,Rodentia,Cricetidae,Alticola,LC,0.0
Alticola_tuvinicus,Alticola_tuvinicus,direct,Rodentia,Cricetidae,Alticola,LC,0.0
Alticola_olchonensis,Alticola_olchonensis,direct,Rodentia,Cricetidae,Alticola,EN,0.0
Alticola_barakshin,Alticola_barakshin,direct,Rodentia,Cricetidae,Alticola,LC,0.0
Alticola_roylei,Alticola_roylei,direct,Rodentia,Cricetidae,Alticola,NT,0.0
Alticola_argentatus,Alticola_argentatus,direct,Rodentia,Cricetidae,Alticola,LC,0.0
Alticola_albicaudus,Alticola_albicauda,synonym:MSW3,Rodentia,Cricetidae,Alticola,DD,0.0
Alticola_montosa,Alticola_montosus,synonym:MSW3,Rodentia,Cricetidae,Alticola,VU,0.0
Caryomys_inez,Caryomys_inez,direct,Rodentia,Cricetidae,Caryomys,LC,0.0
Caryomys_eva,Caryomys_eva,direct,Rodentia,Cricetidae,Caryomys,LC,0.0
Eothenomys_proditor,Anteliomys_proditor,synonym:MSW3,Rodentia,Cricetidae,Anteliomys,DD,0.0
Eothenomys_olitor,Anteliomys_olitor,synonym:MSW3,Rodentia,Cricetidae,Anteliomys,LC,0.0
Eothenomys_wardi,Anteliomys_wardi,synonym:MSW3,Rodentia,Cricetidae,Anteliomys,NT,0.0
Eothenomys_custos,Anteliomys_custos,synonym:MSW3,Rodentia,Cricetidae,Anteliomys,LC,0.0
Eothenomys_chinensis,Anteliomys_chinensis,synonym:MSW3,Rodentia,Cricetidae,Anteliomys,LC,0.0
Eothenomys_miletus,Eothenomys_eleusis,synonym:nominalName,Rodentia,Cricetidae,Eothenomys,NE,0.0
Eothenomys_melanogaster,Eothenomys_melanogaster,direct,Rodentia,Cricetidae,Eothenomys,LC,0.0
Eothenomys_cachinus,Eothenomys_eleusis,synonym:nominalName,Rodentia,Cricetidae,Eothenomys,NE,0.0
Hyperacrius_wynnei,Hyperacrius_wynnei,direct,Rodentia,Cricetidae,Hyperacrius,LC,0.0
Hyperacrius_fertilis,Hyperacrius_fertilis,direct,Rodentia,Cricetidae,Hyperacrius,NT,0.0
Cansumys_canus,Cansumys_canus,direct,Rodentia,Cricetidae,Cansumys,LC,0.0
Cricetulus_migratorius,Nothocricetulus_migratorius,synonym:MSW3,Rodentia,Cricetidae,Nothocricetulus,LC,0.0
Cricetulus_longicaudatus,Cricetulus_longicaudatus,direct,Rodentia,Cricetidae,Cricetulus,LC,0.0
Cricetulus_barabensis,Cricetulus_barabensis,direct,Rodentia,Cricetidae,Cricetulus,LC,0.0
Cricetulus_sokolovi,Cricetulus_sokolovi,direct,Rodentia,Cricetidae,Cricetulus,LC,0.0
Cricetulus_alticola,Urocricetus_lama,synonym:MSW3,Rodentia,Cricetidae,Urocricetus,LC,0.0
Allocricetulus_eversmanni,Allocricetulus_eversmanni,direct,Rodentia,Cricetidae,Allocricetulus,LC,0.0
Allocricetulus_curtatus,Allocricetulus_curtatus,direct,Rodentia,Cricetidae,Allocricetulus,LC,0.0
Cricetus_cricetus,Cricetus_cricetus,direct,Rodentia,Cricetidae,Cricetus,CR,0.0
Tscherskia_triton,Tscherskia_triton,direct,Rodentia,Cricetidae,Tscherskia,LC,0.0
Cricetulus_lama,,unmatched,,,,,
Mesocricetus_newtoni,Mesocricetus_newtoni,direct,Rodentia,Cricetidae,Mesocricetus,VU,0.0
Mesocricetus_brandti,Mesocricetus_brandti,direct,Rodentia,Cricetidae,Mesocricetus,NT,0.0
Mesocricetus_raddei,Mesocricetus_raddei,direct,Rodentia,Cricetidae,Mesocricetus,LC,0.0
Mesocricetus_auratus,Mesocricetus_auratus,direct,Rodentia,Cricetidae,Mesocricetus,EN,0.0
Phodopus_roborovskii,Phodopus_roborovskii,direct,Rodentia,Cricetidae,Phodopus,LC,0.0
Phodopus_sungorus,Cricetiscus_sungorus,synonym:MSW3,Rodentia,Cricetidae,Cricetiscus,LC,0.0
Phodopus_campbelli,Cricetiscus_campbelli,synonym:MSW3,Rodentia,Cricetidae,Cricetiscus,LC,0.0
Cricetulus_tibetanus,,unmatched,,,,,
Cricetulus_kamensis,Urocricetus_kamensis,synonym:MSW3,Rodentia,Cricetidae,Urocricetus,LC,0.0
Neotoma_fuscipes,Neotoma_fuscipes,direct,Rodentia,Cricetidae,Neotoma,LC,0.0
Neotoma_macrotis,Neotoma_macrotis,direct,Rodentia,Cricetidae,Neotoma,LC,0.0
Neotoma_cinerea,Neotoma_cinerea,direct,Rodentia,Cricetidae,Neotoma,LC,0.0
Neotoma_mexicana,Neotoma_mexicana,direct,Rodentia,Cricetidae,Neotoma,LC,0.0
Neotoma_martinensis,Neotoma_bryanti,synonym:nominalName,Rodentia,Cricetidae,Neotoma,LC,0.0
Neotoma_nelsoni,Neotoma_nelsoni,direct,Rodentia,Cricetidae,Neotoma,CR,0.0
Neotoma_goldmani,Neotoma_goldmani,direct,Rodentia,Cricetidae,Neotoma,LC,0.0
Neotoma_phenax,Neotoma_phenax,direct,Rodentia,Cricetidae,Neotoma,LC,0.0
Neotoma_magister,Neotoma_magister,direct,Rodentia,Cricetidae,Neotoma,NT,0.0
Neotoma_floridana,Neotoma_floridana,direct,Rodentia,Cricetidae,Neotoma,LC,0.0
Neotoma_leucodon,Neotoma_leucodon,direct,Rodentia,Cricetidae,Neotoma,LC,0.0
Neotoma_angustapalata,Neotoma_angustapalata,direct,Rodentia,Cricetidae,Neotoma,NT,0.0
Neotoma_albigula,Neotoma_albigula,direct,Rodentia,Cricetidae,Neotoma,LC,0.0
Neotoma_anthonyi,Neotoma_bryanti,synonym:nominalName,Rodentia,Cricetidae,Neotoma,LC,0.0
Neotoma_micropus,Neotoma_micropus,direct,Rodentia,Cricetidae,Neotoma,LC,0.0
Neotoma_stephensi,Neotoma_stephensi,direct,Rodentia,Cricetidae,Neotoma,LC,0.0
Neotoma_devia,Neotoma_devia,direct,Rodentia,Cricetidae,Neotoma,LC,0.0
Neotoma_lepida,Neotoma_lepida,direct,Rodentia,Cricetidae,Neotoma,LC,0.0
Neotoma_bunkeri,Neotoma_bryanti,synonym:nominalName,Rodentia,Cricetidae,Neotoma,LC,0.0
Neotoma_bryanti,Neotoma_bryanti,direct,Rodentia,Cricetidae,Neotoma,LC,0.0
Neotoma_palatina,Neotoma_palatina,direct,Rodentia,Cricetidae,Neotoma,VU,0.0
Neotoma_chrysomelas,Neotoma_chrysomelas,direct,Rodentia,Cricetidae,Neotoma,LC,0.0
Xenomys_nelsoni,Xenomys_nelsoni,direct,Rodentia,Cricetidae,Xenomys,EN,0.0
Nelsonia_neotomodon,Nelsonia_neotomodon,direct,Rodentia,Cricetidae,Nelsonia,LC,0.0
Nelsonia_goldmani,Nelsonia_goldmani,direct,Rodentia,Cricetidae,Nelsonia,EN,0.0
Hodomys_alleni,Hodomys_alleni,direct,Rodentia,Cricetidae,Hodomys,LC,0.0
Ochrotomys_nuttalli,Ochrotomys_nuttalli,direct,Rodentia,Cricetidae,Ochrotomys,LC,0.0
Reithrodontomys_musseri,Reithrodontomys_musseri,direct,Rodentia,Cricetidae,Reithrodontomys,NT,0.0
Reithrodontomys_rodriguezi,Reithrodontomys_rodriguezi,direct,Rodentia,Cricetidae,Reithrodontomys,LC,0.0
Reithrodontomys_creper,Reithrodontomys_creper,direct,Rodentia,Cricetidae,Reithrodontomys,LC,0.0
Reithrodontomys_darienensis,Reithrodontomys_darienensis,direct,Rodentia,Cricetidae,Reithrodontomys,LC,0.0
Reithrodontomys_brevirostris,Reithrodontomys_brevirostris,direct,Rodentia,Cricetidae,Reithrodontomys,LC,0.0
Reithrodontomys_paradoxus,Reithrodontomys_paradoxus,direct,Rodentia,Cricetidae,Reithrodontomys,DD,0.0
Reithrodontomys_mexicanus,Reithrodontomys_mexicanus,direct,Rodentia,Cricetidae,Reithrodontomys,LC,0.0
Reithrodontomys_spectabilis,Reithrodontomys_spectabilis,direct,Rodentia,Cricetidae,Reithrodontomys,CR,0.0
Reithrodontomys_gracilis,Reithrodontomys_gracilis,direct,Rodentia,Cricetidae,Reithrodontomys,LC,0.0
Reithrodontomys_bakeri,Reithrodontomys_wagneri,synonym:nominalName,Rodentia,Cricetidae,Reithrodontomys,NE,0.0
Reithrodontomys_microdon,Reithrodontomys_microdon,direct,Rodentia,Cricetidae,Reithrodontomys,LC,0.0
Reithrodontomys_tenuirostris,Reithrodontomys_tenuirostris,direct,Rodentia,Cricetidae,Reithrodontomys,EN,0.0
Reithrodontomys_hirsutus,Reithrodontomys_hirsutus,direct,Rodentia,Cricetidae,Reithrodontomys,VU,0.0
Reithrodontomys_burti,Reithrodontomys_burti,direct,Rodentia,Cricetidae,Reithrodontomys,DD,0.0
Reithrodontomys_raviventris,Reithrodontomys_raviventris,direct,Rodentia,Cricetidae,Reithrodontomys,EN,0.0
Reithrodontomys_montanus,Reithrodontomys_montanus,direct,Rodentia,Cricetidae,Reithrodontomys,LC,0.0
Reithrodontomys_sumichrasti,Reithrodontomys_sumichrasti,direct,Rodentia,Cricetidae,Reithrodontomys,LC,0.0
Reithrodontomys_zacatecae,Reithrodontomys_zacatecae,direct,Rodentia,Cricetidae,Reithrodontomys,LC,0.0
Reithrodontomys_megalotis,Reithrodontomys_megalotis,direct,Rodentia,Cricetidae,Reithrodontomys,LC,0.0
Reithrodontomys_chrysopsis,Reithrodontomys_chrysopsis,direct,Rodentia,Cricetidae,Reithrodontomys,LC,0.0
Reithrodontomys_humulis,Reithrodontomys_humulis,direct,Rodentia,Cricetidae,Reithrodontomys,LC,0.0
Reithrodontomys_fulvescens,Reithrodontomys_fulvescens,direct,Rodentia,Cricetidae,Reithrodontomys,LC,0.0
Isthmomys_pirrensis,Isthmomys_pirrensis,direct,Rodentia,Cricetidae,Isthmomys,LC,0.0
Isthmomys_flavidus,Isthmomys_flavidus,direct,Rodentia,Cricetidae,Isthmomys,NT,0.0
Onychomys_torridus,Onychomys_torridus,direct,Rodentia,Cricetidae,Onychomys,LC,0.0
Onychomys_leucogaster,Onychomys_leucogaster,direct,Rodentia,Cricetidae,Onychomys,LC,0.0
Onychomys_arenicola,Onychomys_arenicola,direct,Rodentia,Cricetidae,Onychomys,LC,0.0
Osgoodomys_banderanus,Osgoodomys_banderanus,direct,Rodentia,Cricetidae,Osgoodomys,LC,0.0
Peromyscus_bullatus,Peromyscus_bullatus,direct,Rodentia,Cricetidae,Peromyscus,CR,0.0
Peromyscus_californicus,Peromyscus_californicus,direct,Rodentia,Cricetidae,Peromyscus,LC,0.0
Peromyscus_fraterculus,Peromyscus_fraterculus,direct,Rodentia,Cricetidae,Peromyscus,LC,0.0
Peromyscus_eremicus,Peromyscus_eremicus,direct,Rodentia,Cricetidae,Peromyscus,LC,0.0
Megadontomys_thomasi,Megadontomys_thomasi,direct,Rodentia,Cricetidae,Megadontomys,EN,0.0
Megadontomys_nelsoni,Megadontomys_nelsoni,direct,Rodentia,Cricetidae,Megadontomys,EN,0.0
Megadontomys_cryophilus,Megadontomys_cryophilus,direct,Rodentia,Cricetidae,Megadontomys,EN,0.0
Peromyscus_yucatanicus,Peromyscus_yucatanicus,direct,Rodentia,Cricetidae,Peromyscus,LC,0.0
Peromyscus_guatemalensis,Peromyscus_guatemalensis,direct,Rodentia,Cricetidae,Peromyscus,LC,0.0
Peromyscus_grandis,Peromyscus_grandis,direct,Rodentia,Cricetidae,Peromyscus,NT,0.0
Peromyscus_zarhynchus,Peromyscus_zarhynchus,direct,Rodentia,Cricetidae,Peromyscus,VU,0.0
Peromyscus_gymnotis,Peromyscus_gymnotis,direct,Rodentia,Cricetidae,Peromyscus,LC,0.0
Habromys_schmidlyi,Habromys_schmidlyi,direct,Rodentia,Cricetidae,Habromys,CR,0.0
Peromyscus_mexicanus,Peromyscus_mexicanus,direct,Rodentia,Cricetidae,Peromyscus,LC,0.0
Peromyscus_pectoralis,Peromyscus_pectoralis,direct,Rodentia,Cricetidae,Peromyscus,LC,0.0
Peromyscus_megalops,Peromyscus_megalops,direct,Rodentia,Cricetidae,Peromyscus,LC,0.0
Peromyscus_melanocarpus,Peromyscus_melanocarpus,direct,Rodentia,Cricetidae,Peromyscus,EN,0.0
Peromyscus_melanophrys,Peromyscus_melanophrys,direct,Rodentia,Cricetidae,Peromyscus,LC,0.0
Peromyscus_perfulvus,Peromyscus_perfulvus,direct,Rodentia,Cricetidae,Peromyscus,LC,0.0
Peromyscus_stirtoni,Peromyscus_stirtoni,direct,Rodentia,Cricetidae,Peromyscus,LC,0.0
Peromyscus_caniceps,Peromyscus_caniceps,direct,Rodentia,Cricetidae,Peromyscus,CR,0.0
Peromyscus_merriami,Peromyscus_merriami,direct,Rodentia,Cricetidae,Peromyscus,LC,0.0
Peromyscus_mayensis,Peromyscus_mayensis,direct,Rodentia,Cricetidae,Peromyscus,CR,0.0
Habromys_lophurus,Habromys_lophurus,direct,Rodentia,Cricetidae,Habromys,NT,0.0
Habromys_ixtlani,Habromys_ixtlani,direct,Rodentia,Cricetidae,Habromys,CR,0.0
Peromyscus_pembertoni,Peromyscus_pembertoni,direct,Rodentia,Cricetidae,Peromyscus,EX,1.0
Habromys_lepturus,Habromys_lepturus,direct,Rodentia,Cricetidae,Habromys,CR,0.0
Habromys_simulatus,Habromys_simulatus,direct,Rodentia,Cricetidae,Habromys,CR,0.0
Habromys_chinanteco,Habromys_chinanteco,direct,Rodentia,Cricetidae,Habromys,CR,0.0
Peromyscus_interparietalis,Peromyscus_eremicus,synonym:nominalName,Rodentia,Cricetidae,Peromyscus,LC,0.0
Peromyscus_mekisturus,Peromyscus_mekisturus,direct,Rodentia,Cricetidae,Peromyscus,CR,0.0
Habromys_delicatulus,Habromys_delicatulus,direct,Rodentia,Cricetidae,Habromys,EN,0.0
Peromyscus_sagax,Peromyscus_sagax,direct,Rodentia,Cricetidae,Peromyscus,DD,0.0
Peromyscus_crinitus,Peromyscus_crinitus,direct,Rodentia,Cricetidae,Peromyscus,LC,0.0
Peromyscus_dickeyi,Peromyscus_dickeyi,direct,Rodentia,Cricetidae,Peromyscus,CR,0.0
Peromyscus_sejugis,Peromyscus_sejugis,direct,Rodentia,Cricetidae,Peromyscus,EN,0.0
Peromyscus_spicilegus,Peromyscus_spicilegus,direct,Rodentia,Cricetidae,Peromyscus,LC,0.0
Peromyscus_winkelmanni,Peromyscus_winkelmanni,direct,Rodentia,Cricetidae,Peromyscus,EN,0.0
Peromyscus_aztecus,Peromyscus_aztecus,direct,Rodentia,Cricetidae,Peromyscus,LC,0.0
Peromyscus_guardia,Peromyscus_guardia,direct,Rodentia,Cricetidae,Peromyscus,CR,0.0
Peromyscus_hylocetes,Peromyscus_hylocetes,direct,Rodentia,Cricetidae,Peromyscus,LC,0.0
Peromyscus_boylii,Peromyscus_boylii,direct,Rodentia,Cricetidae,Peromyscus,LC,0.0
Peromyscus_simulus,Peromyscus_simulus,direct,Rodentia,Cricetidae,Peromyscus,VU,0.0
Peromyscus_stephani,Peromyscus_stephani,direct,Rodentia,Cricetidae,Peromyscus,CR,0.0
Peromyscus_madrensis,Peromyscus_madrensis,direct,Rodentia,Cricetidae,Peromyscus,EN,0.0
Peromyscus_slevini,Peromyscus_slevini,direct,Rodentia,Cricetidae,Peromyscus,CR,0.0
Peromyscus_pseudocrinitus,Peromyscus_fraterculus,synonym:nominalName,Rodentia,Cricetidae,Peromyscus,LC,0.0
Peromyscus_beatae,Peromyscus_beatae,direct,Rodentia,Cricetidae,Peromyscus,LC,0.0
Peromyscus_levipes,Peromyscus_levipes,direct,Rodentia,Cricetidae,Peromyscus,LC,0.0
Peromyscus_carletoni,Peromyscus_carletoni,direct,Rodentia,Cricetidae,Peromyscus,NE,0.0
Peromyscus_schmidlyi,Peromyscus_schmidlyi,direct,Rodentia,Cricetidae,Peromyscus,LC,0.0
Peromyscus_eva,Peromyscus_eva,direct,Rodentia,Cricetidae,Peromyscus,LC,0.0
Peromyscus_furvus,Peromyscus_furvus,direct,Rodentia,Cricetidae,Peromyscus,DD,0.0
Peromyscus_attwateri,Peromyscus_attwateri,direct,Rodentia,Cricetidae,Peromyscus,LC,0.0
Peromyscus_melanurus,Peromyscus_melanurus,direct,Rodentia,Cricetidae,Peromyscus,EN,0.0
Peromyscus_nasutus,Peromyscus_nasutus,direct,Rodentia,Cricetidae,Peromyscus,LC,0.0
Peromyscus_difficilis,Peromyscus_difficilis,direct,Rodentia,Cricetidae,Peromyscus,LC,0.0
Peromyscus_truei,Peromyscus_truei,direct,Rodentia,Cricetidae,Peromyscus,LC,0.0
Peromyscus_gratus,Peromyscus_gratus,direct,Rodentia,Cricetidae,Peromyscus,LC,0.0
Peromyscus_ochraventer,Peromyscus_ochraventer,direct,Rodentia,Cricetidae,Peromyscus,EN,0.0
Podomys_floridanus,Podomys_floridanus,direct,Rodentia,Cricetidae,Podomys,NT,0.0
Neotomodon_alstoni,Neotomodon_alstoni,direct,Rodentia,Cricetidae,Neotomodon,LC,0.0
Peromyscus_polionotus,Peromyscus_polionotus,direct,Rodentia,Cricetidae,Peromyscus,LC,0.0
Peromyscus_maniculatus,Peromyscus_maniculatus,direct,Rodentia,Cricetidae,Peromyscus,LC,0.0
Peromyscus_keeni,Peromyscus_keeni,direct,Rodentia,Cricetidae,Peromyscus,LC,0.0
Peromyscus_melanotis,Peromyscus_melanotis,direct,Rodentia,Cricetidae,Peromyscus,LC,0.0
Peromyscus_leucopus,Peromyscus_leucopus,direct,Rodentia,Cricetidae,Peromyscus,LC,0.0
Peromyscus_gossypinus,Peromyscus_gossypinus,direct,Rodentia,Cricetidae,Peromyscus,LC,0.0
Peromyscus_hooperi,Peromyscus_hooperi,direct,Rodentia,Cricetidae,Peromyscus,LC,0.0
Peromyscus_polius,Peromyscus_polius,direct,Rodentia,Cricetidae,Peromyscus,NT,0.0
Scotinomys_xerampelinus,Scotinomys_xerampelinus,direct,Rodentia,Cricetidae,Scotinomys,LC,0.0
Scotinomys_teguina,Scotinomys_teguina,direct,Rodentia,Cricetidae,Scotinomys,LC,0.0
Baiomys_taylori,Baiomys_taylori,direct,Rodentia,Cricetidae,Baiomys,LC,0.0
Baiomys_musculus,Baiomys_musculus,direct,Rodentia,Cricetidae,Baiomys,LC,0.0
Tylomys_watsoni,Tylomys_watsoni,direct,Rodentia,Cricetidae,Tylomys,LC,0.0
Tylomys_fulviventer,Tylomys_fulviventer,direct,Rodentia,Cricetidae,Tylomys,DD,0.0
Tylomys_bullaris,Tylomys_bullaris,direct,Rodentia,Cricetidae,Tylomys,CR,0.0
Tylomys_nudicaudus,Tylomys_nudicaudus,direct,Rodentia,Cricetidae,Tylomys,LC,0.0
Tylomys_tumbalensis,Tylomys_tumbalensis,direct,Rodentia,Cricetidae,Tylomys,CR,0.0
Tylomys_panamensis,Tylomys_panamensis,direct,Rodentia,Cricetidae,Tylomys,DD,0.0
Tylomys_mirae,Tylomys_mirae,direct,Rodentia,Cricetidae,Tylomys,LC,0.0
Ototylomys_phyllotis,Ototylomys_phyllotis,direct,Rodentia,Cricetidae,Ototylomys,LC,0.0
Otonyctomys_hatti,Otonyctomys_hatti,direct,Rodentia,Cricetidae,Otonyctomys,LC,0.0
Nyctomys_sumichrasti,Nyctomys_sumichrasti,direct,Rodentia,Cricetidae,Nyctomys,LC,0.0
Sigmodon_alstoni,Sigmodon_alstoni,direct,Rodentia,Cricetidae,Sigmodon,LC,0.0
Sigmodon_inopinatus,Sigmodon_inopinatus,direct,Rodentia,Cricetidae,Sigmodon,VU,0.0
Sigmodon_peruanus,Sigmodon_peruanus,direct,Rodentia,Cricetidae,Sigmodon,LC,0.0
Sigmodon_arizonae,Sigmodon_arizonae,direct,Rodentia,Cricetidae,Sigmodon,LC,0.0
Sigmodon_mascotensis,Sigmodon_mascotensis,direct,Rodentia,Cricetidae,Sigmodon,LC,0.0
Sigmodon_hispidus,Sigmodon_hispidus,direct,Rodentia,Cricetidae,Sigmodon,LC,0.0
Sigmodon_toltecus,Sigmodon_toltecus,direct,Rodentia,Cricetidae,Sigmodon,LC,0.0
Sigmodon_alleni,Sigmodon_alleni,direct,Rodentia,Cricetidae,Sigmodon,VU,0.0
Sigmodon_hirsutus,Sigmodon_hirsutus,direct,Rodentia,Cricetidae,Sigmodon,LC,0.0
Sigmodon_ochrognathus,Sigmodon_ochrognathus,direct,Rodentia,Cricetidae,Sigmodon,LC,0.0
Sigmodon_planifrons,Sigmodon_planifrons,direct,Rodentia,Cricetidae,Sigmodon,NE,0.0
Sigmodon_leucotis,Sigmodon_leucotis,direct,Rodentia,Cricetidae,Sigmodon,LC,0.0
Sigmodon_fulviventer,Sigmodon_fulviventer,direct,Rodentia,Cricetidae,Sigmodon,LC,0.0
Rheomys_underwoodi,Rheomys_underwoodi,direct,Rodentia,Cricetidae,Rheomys,LC,0.0
Rheomys_raptor,Rheomys_raptor,direct,Rodentia,Cricetidae,Rheomys,LC,0.0
Rheomys_thomasi,Rheomys_thomasi,direct,Rodentia,Cricetidae,Rheomys,NT,0.0
Rheomys_mexicanus,Rheomys_mexicanus,direct,Rodentia,Cricetidae,Rheomys,EN,0.0
Ichthyomys_hydrobates,Ichthyomys_hydrobates,direct,Rodentia,Cricetidae,Ichthyomys,LC,0.0
Ichthyomys_tweedii,Ichthyomys_tweedii,direct,Rodentia,Cricetidae,Ichthyomys,DD,0.0
Ichthyomys_stolzmanni,Ichthyomys_stolzmanni,direct,Rodentia,Cricetidae,Ichthyomys,DD,0.0
Ichthyomys_pittieri,Ichthyomys_pittieri,direct,Rodentia,Cricetidae,Ichthyomys,NT,0.0
Wilfredomys_oenax,Wilfredomys_oenax,direct,Rodentia,Cricetidae,Wilfredomys,EN,0.0
Anotomys_leander,Anotomys_leander,direct,Rodentia,Cricetidae,Anotomys,EN,0.0
Reithrodon_typicus,Reithrodon_typicus,direct,Rodentia,Cricetidae,Reithrodon,LC,0.0
Reithrodon_auritus,Reithrodon_auritus,direct,Rodentia,Cricetidae,Reithrodon,LC,0.0
Neusticomys_monticolus,Neusticomys_monticolus,direct,Rodentia,Cricetidae,Neusticomys,LC,0.0
Neusticomys_mussoi,Daptomys_mussoi,synonym:MSW3,Rodentia,Cricetidae,Daptomys,VU,0.0
Neusticomys_ferreirai,,unmatched,,,,,
Neusticomys_peruviensis,Daptomys_peruviensis,synonym:MSW3,Rodentia,Cricetidae,Daptomys,LC,0.0
Neusticomys_oyapocki,Daptomys_oyapocki,synonym:MSW3,Rodentia,Cricetidae,Daptomys,DD,0.0
Neusticomys_venezuelae,Daptomys_venezuelae,synonym:MSW3,Rodentia,Cricetidae,Daptomys,VU,0.0
Chibchanomys_trichotis,Chibchanomys_trichotis,direct,Rodentia,Cricetidae,Chibchanomys,DD,0.0
Chibchanomys_orcesi,Neusticomys_orcesi,synonym:MSW3,Rodentia,Cricetidae,Neusticomys,DD,0.0
Phaenomys_ferrugineus,Phaenomys_ferrugineus,direct,Rodentia,Cricetidae,Phaenomys,EN,0.0
Chinchillula_sahamae,Chinchillula_sahamae,direct,Rodentia,Cricetidae,Chinchillula,LC,0.0
Abrawayaomys_ruschii,Abrawayaomys_ruschii,direct,Rodentia,Cricetidae,Abrawayaomys,LC,0.0
Abrawayaomys_chebezi,Abrawayaomys_ruschii,synonym:nominalName,Rodentia,Cricetidae,Abrawayaomys,LC,0.0
Kunsia_tomentosus,Kunsia_tomentosus,direct,Rodentia,Cricetidae,Kunsia,LC,0.0
Kunsia_fronto,Gyldenstolpia_fronto,synonym:MSW3,Rodentia,Cricetidae,Gyldenstolpia,CR,0.0
Scapteromys_tumidus,Scapteromys_tumidus,direct,Rodentia,Cricetidae,Scapteromys,LC,0.0
Scapteromys_meridionalis,Scapteromys_meridionalis,direct,Rodentia,Cricetidae,Scapteromys,NE,0.0
Scapteromys_aquaticus,Scapteromys_aquaticus,direct,Rodentia,Cricetidae,Scapteromys,LC,0.0
Akodon_aliquantulus,Akodon_caenosus,synonym:MSW3,Rodentia,Cricetidae,Akodon,DD,0.0
Bibimys_chacoensis,Bibimys_chacoensis,direct,Rodentia,Cricetidae,Bibimys,LC,0.0
Bibimys_labiosus,Bibimys_labiosus,direct,Rodentia,Cricetidae,Bibimys,LC,0.0
Bibimys_torresi,Bibimys_torresi,direct,Rodentia,Cricetidae,Bibimys,VU,0.0
Lenoxus_apicalis,Lenoxus_apicalis,direct,Rodentia,Cricetidae,Lenoxus,LC,0.0
Blarinomys_breviceps,Blarinomys_breviceps,direct,Rodentia,Cricetidae,Blarinomys,LC,0.0
Brucepattersonius_misionensis,Brucepattersonius_iheringi,synonym:nominalName,Rodentia,Cricetidae,Brucepattersonius,LC,0.0
Brucepattersonius_paradisus,Brucepattersonius_iheringi,synonym:nominalName,Rodentia,Cricetidae,Brucepattersonius,LC,0.0
Brucepattersonius_guarani,Brucepattersonius_iheringi,synonym:nominalName,Rodentia,Cricetidae,Brucepattersonius,LC,0.0
Brucepattersonius_igniventris,Brucepattersonius_soricinus,synonym:nominalName,Rodentia,Cricetidae,Brucepattersonius,DD,0.0
Brucepattersonius_albinasus,Brucepattersonius_griserufescens,synonym:nominalName,Rodentia,Cricetidae,Brucepattersonius,DD,0.0
Brucepattersonius_griserufescens,Brucepattersonius_griserufescens,direct,Rodentia,Cricetidae,Brucepattersonius,DD,0.0
Brucepattersonius_iheringi,Brucepattersonius_iheringi,direct,Rodentia,Cricetidae,Brucepattersonius,LC,0.0
Brucepattersonius_soricinus,Brucepattersonius_soricinus,direct,Rodentia,Cricetidae,Brucepattersonius,DD,0.0
Thalpomys_lasiotis,Thalpomys_lasiotis,direct,Rodentia,Cricetidae,Thalpomys,LC,0.0
Thalpomys_cerradensis,Thalpomys_cerradensis,direct,Rodentia,Cricetidae,Thalpomys,LC,0.0
Necromys_obscurus,Necromys_obscurus,direct,Rodentia,Cricetidae,Necromys,LC,0.0
Necromys_lenguarum,Necromys_lenguarum,direct,Rodentia,Cricetidae,Necromys,LC,0.0
Necromys_punctulatus,Necromys_punctulatus,direct,Rodentia,Cricetidae,Necromys,DD,0.0
Necromys_lasiurus,Necromys_lasiurus,direct,Rodentia,Cricetidae,Necromys,LC,0.0
Necromys_benefactus,Necromys_lasiurus,synonym:nominalName,Rodentia,Cricetidae,Necromys,LC,0.0
Necromys_temchuki,Necromys_lasiurus,synonym:nominalName,Rodentia,Cricetidae,Necromys,LC,0.0
Necromys_lactens,Necromys_lactens,direct,Rodentia,Cricetidae,Necromys,LC,0.0
Necromys_amoenus,Necromys_amoenus,direct,Rodentia,Cricetidae,Necromys,LC,0.0
Necromys_urichi,Necromys_urichi,direct,Rodentia,Cricetidae,Necromys,LC,0.0
Podoxymys_roraimae,Podoxymys_roraimae,direct,Rodentia,Cricetidae,Podoxymys,VU,0.0
Akodon_surdus,Akodon_surdus,direct,Rodentia,Cricetidae,Akodon,VU,0.0
Akodon_josemariarguedasi,Akodon_josemariarguedasi,direct,Rodentia,Cricetidae,Akodon,NE,0.0
Akodon_serrensis,Castoria_angustidens,synonym:MSW3,Rodentia,Cricetidae,Castoria,LC,0.0
Akodon_mimus,Akodon_mimus,direct,Rodentia,Cricetidae,Akodon,LC,0.0
Akodon_simulator,Akodon_simulator,direct,Rodentia,Cricetidae,Akodon,LC,0.0
Akodon_varius,Akodon_varius,direct,Rodentia,Cricetidae,Akodon,DD,0.0
Akodon_albiventer,Akodon_albiventer,direct,Rodentia,Cricetidae,Akodon,LC,0.0
Akodon_aerosus,Akodon_aerosus,direct,Rodentia,Cricetidae,Akodon,LC,0.0
Akodon_affinis,Akodon_affinis,direct,Rodentia,Cricetidae,Akodon,LC,0.0
Akodon_torques,Akodon_torques,direct,Rodentia,Cricetidae,Akodon,LC,0.0
Akodon_orophilus,Akodon_orophilus,direct,Rodentia,Cricetidae,Akodon,LC,0.0
Akodon_mollis,Akodon_mollis,direct,Rodentia,Cricetidae,Akodon,LC,0.0
Akodon_budini,Akodon_budini,direct,Rodentia,Cricetidae,Akodon,LC,0.0
Akodon_siberiae,Akodon_siberiae,direct,Rodentia,Cricetidae,Akodon,NT,0.0
Akodon_toba,Akodon_toba,direct,Rodentia,Cricetidae,Akodon,LC,0.0
Akodon_molinae,Akodon_dolores,synonym:nominalName,Rodentia,Cricetidae,Akodon,LC,0.0
Akodon_dolores,Akodon_dolores,direct,Rodentia,Cricetidae,Akodon,LC,0.0
Akodon_bogotensis,Neomicroxus_bogotensis,synonym:MSW3,Rodentia,Cricetidae,Neomicroxus,LC,0.0
Akodon_dayi,Akodon_dayi,direct,Rodentia,Cricetidae,Akodon,LC,0.0
Akodon_iniscatus,Akodon_iniscatus,direct,Rodentia,Cricetidae,Akodon,LC,0.0
Akodon_pervalens,Akodon_pervalens,direct,Rodentia,Cricetidae,Akodon,DD,0.0
Akodon_philipmyersi,Akodon_philipmyersi,direct,Rodentia,Cricetidae,Akodon,DD,0.0
Akodon_lindberghi,Akodon_lindberghi,direct,Rodentia,Cricetidae,Akodon,DD,0.0
Akodon_reigi,Akodon_reigi,direct,Rodentia,Cricetidae,Akodon,LC,0.0
Akodon_paranaensis,Akodon_paranaensis,direct,Rodentia,Cricetidae,Akodon,LC,0.0
Akodon_mystax,Akodon_mystax,direct,Rodentia,Cricetidae,Akodon,DD,0.0
Akodon_montensis,Akodon_montensis,direct,Rodentia,Cricetidae,Akodon,LC,0.0
Akodon_cursor,Akodon_cursor,direct,Rodentia,Cricetidae,Akodon,LC,0.0
Akodon_juninensis,Akodon_juninensis,direct,Rodentia,Cricetidae,Akodon,LC,0.0
Akodon_kofordi,Akodon_kofordi,direct,Rodentia,Cricetidae,Akodon,LC,0.0
Akodon_fumeus,Akodon_fumeus,direct,Rodentia,Cricetidae,Akodon,LC,0.0
Akodon_spegazzinii,Akodon_spegazzinii,direct,Rodentia,Cricetidae,Akodon,LC,0.0
Akodon_boliviensis,Akodon_boliviensis,direct,Rodentia,Cricetidae,Akodon,LC,0.0
Akodon_sylvanus,Akodon_sylvanus,direct,Rodentia,Cricetidae,Akodon,LC,0.0
Akodon_polopi,Akodon_polopi,direct,Rodentia,Cricetidae,Akodon,LC,0.0
Akodon_leucolimnaeus,Akodon_spegazzinii,synonym:nominalName,Rodentia,Cricetidae,Akodon,LC,0.0
Akodon_lutescens,Akodon_lutescens,direct,Rodentia,Cricetidae,Akodon,LC,0.0
Akodon_subfuscus,Akodon_subfuscus,direct,Rodentia,Cricetidae,Akodon,LC,0.0
Akodon_azarae,Akodon_azarae,direct,Rodentia,Cricetidae,Akodon,LC,0.0
Deltamys_kempi,Deltamys_kempi,direct,Rodentia,Cricetidae,Deltamys,LC,0.0
Thaptomys_nigrita,Thaptomys_nigrita,direct,Rodentia,Cricetidae,Thaptomys,LC,0.0
Oxymycterus_hispidus,Oxymycterus_dasytrichus,synonym:nominalName,Rodentia,Cricetidae,Oxymycterus,LC,0.0
Oxymycterus_hiska,Oxymycterus_hiska,direct,Rodentia,Cricetidae,Oxymycterus,LC,0.0
Oxymycterus_paramensis,Oxymycterus_paramensis,direct,Rodentia,Cricetidae,Oxymycterus,LC,0.0
Oxymycterus_quaestor,Oxymycterus_quaestor,direct,Rodentia,Cricetidae,Oxymycterus,LC,0.0
Oxymycterus_roberti,Oxymycterus_dasytrichus,synonym:nominalName,Rodentia,Cricetidae,Oxymycterus,LC,0.0
Oxymycterus_angularis,Oxymycterus_dasytrichus,synonym:nominalName,Rodentia,Cricetidae,Oxymycterus,LC,0.0
Oxymycterus_inca,Oxymycterus_inca,direct,Rodentia,Cricetidae,Oxymycterus,LC,0.0
Oxymycterus_rufus,Oxymycterus_rufus,direct,Rodentia,Cricetidae,Oxymycterus,LC,0.0
Oxymycterus_josei,Oxymycterus_josei,direct,Rodentia,Cricetidae,Oxymycterus,NT,0.0
Oxymycterus_hucucha,Oxymycterus_hucucha,direct,Rodentia,Cricetidae,Oxymycterus,EN,0.0
Oxymycterus_wayku,Oxymycterus_wayku,direct,Rodentia,Cricetidae,Oxymycterus,VU,0.0
Oxymycterus_caparoae,Oxymycterus_caparaoe,synonym:MSW3,Rodentia,Cricetidae,Oxymycterus,LC,0.0
Oxymycterus_nasutus,Oxymycterus_nasutus,direct,Rodentia,Cricetidae,Oxymycterus,LC,0.0
Oxymycterus_dasytrichus,Oxymycterus_dasytrichus,direct,Rodentia,Cricetidae,Oxymycterus,LC,0.0
Oxymycterus_akodontius,Oxymycterus_akodontius,direct,Rodentia,Cricetidae,Oxymycterus,NE,0.0
Oxymycterus_delator,Oxymycterus_delator,direct,Rodentia,Cricetidae,Oxymycterus,LC,0.0
Oxymycterus_amazonicus,Oxymycterus_amazonicus,direct,Rodentia,Cricetidae,Oxymycterus,LC,0.0
Juscelinomys_huanchacae,Juscelinomys_huanchacae,direct,Rodentia,Cricetidae,Juscelinomys,DD,0.0
Juscelinomys_candango,Juscelinomys_candango,direct,Rodentia,Cricetidae,Juscelinomys,EX,1.0
Juscelinomys_guaporensis,Juscelinomys_huanchacae,synonym:nominalName,Rodentia,Cricetidae,Juscelinomys,DD,0.0
Akodon_neocenus,Akodon_dolores,synonym:nominalName,Rodentia,Cricetidae,Akodon,LC,0.0
Rhipidomys_wetzeli,Rhipidomys_wetzeli,direct,Rodentia,Cricetidae,Rhipidomys,LC,0.0
Rhipidomys_ochrogaster,Rhipidomys_ochrogaster,direct,Rodentia,Cricetidae,Rhipidomys,DD,0.0
Rhipidomys_macconnelli,Rhipidomys_macconnelli,direct,Rodentia,Cricetidae,Rhipidomys,LC,0.0
Rhipidomys_ipukensis,Rhipidomys_ipukensis,direct,Rodentia,Cricetidae,Rhipidomys,DD,0.0
Rhipidomys_venezuelae,Rhipidomys_venezuelae,direct,Rodentia,Cricetidae,Rhipidomys,LC,0.0
Rhipidomys_nitela,Rhipidomys_nitela,direct,Rodentia,Cricetidae,Rhipidomys,LC,0.0
Rhipidomys_emiliae,Rhipidomys_emiliae,direct,Rodentia,Cricetidae,Rhipidomys,LC,0.0
Rhipidomys_venustus,Rhipidomys_venustus,direct,Rodentia,Cricetidae,Rhipidomys,LC,0.0
Rhipidomys_caucensis,Rhipidomys_caucensis,direct,Rodentia,Cricetidae,Rhipidomys,DD,0.0
Rhipidomys_mastacalis,Rhipidomys_mastacalis,direct,Rodentia,Cricetidae,Rhipidomys,LC,0.0
Rhipidomys_modicus,Rhipidomys_modicus,direct,Rodentia,Cricetidae,Rhipidomys,LC,0.0
Rhipidomys_leucodactylus,Rhipidomys_leucodactylus,direct,Rodentia,Cricetidae,Rhipidomys,LC,0.0
Rhipidomys_gardneri,Rhipidomys_gardneri,direct,Rodentia,Cricetidae,Rhipidomys,LC,0.0
Rhipidomys_itoan,Rhipidomys_itoan,direct,Rodentia,Cricetidae,Rhipidomys,LC,0.0
Rhipidomys_tribei,Rhipidomys_tribei,direct,Rodentia,Cricetidae,Rhipidomys,DD,0.0
Rhipidomys_austrinus,Rhipidomys_austrinus,direct,Rodentia,Cricetidae,Rhipidomys,LC,0.0
Rhipidomys_couesi,Rhipidomys_couesi,direct,Rodentia,Cricetidae,Rhipidomys,LC,0.0
Rhipidomys_macrurus,Rhipidomys_macrurus,direct,Rodentia,Cricetidae,Rhipidomys,LC,0.0
Rhipidomys_cariri,Rhipidomys_cariri,direct,Rodentia,Cricetidae,Rhipidomys,DD,0.0
Rhipidomys_fulviventer,Rhipidomys_fulviventer,direct,Rodentia,Cricetidae,Rhipidomys,LC,0.0
Rhipidomys_latimanus,Rhipidomys_latimanus,direct,Rodentia,Cricetidae,Rhipidomys,LC,0.0
Thomasomys_gracilis,Thomasomys_gracilis,direct,Rodentia,Cricetidae,Thomasomys,NT,0.0
Thomasomys_onkiro,Thomasomys_onkiro,direct,Rodentia,Cricetidae,Thomasomys,LC,0.0
Thomasomys_pyrrhonotus,Thomasomys_pyrrhonotus,direct,Rodentia,Cricetidae,Thomasomys,DD,0.0
Thomasomys_laniger,Thomasomys_laniger,direct,Rodentia,Cricetidae,Thomasomys,LC,0.0
Thomasomys_taczanowskii,Thomasomys_taczanowskii,direct,Rodentia,Cricetidae,Thomasomys,LC,0.0
Thomasomys_vulcani,Thomasomys_vulcani,direct,Rodentia,Cricetidae,Thomasomys,LC,0.0
Thomasomys_cinereiventer,Thomasomys_cinereiventer,direct,Rodentia,Cricetidae,Thomasomys,LC,0.0
Thomasomys_silvestris,Thomasomys_silvestris,direct,Rodentia,Cricetidae,Thomasomys,LC,0.0
Thomasomys_cinnameus,Thomasomys_cinnameus,direct,Rodentia,Cricetidae,Thomasomys,LC,0.0
Thomasomys_hudsoni,Thomasomys_hudsoni,direct,Rodentia,Cricetidae,Thomasomys,VU,0.0
Thomasomys_caudivarius,Thomasomys_caudivarius,direct,Rodentia,Cricetidae,Thomasomys,LC,0.0
Thomasomys_vestitus,Thomasomys_vestitus,direct,Rodentia,Cricetidae,Thomasomys,NT,0.0
Thomasomys_kalinowskii,Thomasomys_kalinowskii,direct,Rodentia,Cricetidae,Thomasomys,LC,0.0
Thomasomys_oreas,Thomasomys_oreas,direct,Rodentia,Cricetidae,Thomasomys,LC,0.0
Thomasomys_incanus,Thomasomys_incanus,direct,Rodentia,Cricetidae,Thomasomys,LC,0.0
Thomasomys_apeco,Thomasomys_apeco,direct,Rodentia,Cricetidae,Thomasomys,LC,0.0
Thomasomys_praetor,Thomasomys_praetor,direct,Rodentia,Cricetidae,Thomasomys,NT,0.0
Thomasomys_rosalinda,Thomasomys_rosalinda,direct,Rodentia,Cricetidae,Thomasomys,EN,0.0
Thomasomys_andersoni,Thomasomys_andersoni,direct,Rodentia,Cricetidae,Thomasomys,VU,0.0
Thomasomys_rhoadsi,Thomasomys_vulcani,synonym:nominalName,Rodentia,Cricetidae,Thomasomys,LC,0.0
Thomasomys_cinereus,Thomasomys_cinereus,direct,Rodentia,Cricetidae,Thomasomys,LC,0.0
Thomasomys_erro,Thomasomys_erro,direct,Rodentia,Cricetidae,Thomasomys,LC,0.0
Thomasomys_daphne,Thomasomys_daphne,direct,Rodentia,Cricetidae,Thomasomys,LC,0.0
Thomasomys_aureus,Thomasomys_aureus,direct,Rodentia,Cricetidae,Thomasomys,LC,0.0
Thomasomys_monochromos,Thomasomys_monochromos,direct,Rodentia,Cricetidae,Thomasomys,VU,0.0
Thomasomys_paramorum,Thomasomys_paramorum,direct,Rodentia,Cricetidae,Thomasomys,LC,0.0
Thomasomys_ischyrus,Thomasomys_ischyrus,direct,Rodentia,Cricetidae,Thomasomys,LC,0.0
Thomasomys_baeops,Thomasomys_baeops,direct,Rodentia,Cricetidae,Thomasomys,LC,0.0
Thomasomys_hylophilus,Thomasomys_hylophilus,direct,Rodentia,Cricetidae,Thomasomys,VU,0.0
Thomasomys_eleusis,Thomasomys_eleusis,direct,Rodentia,Cricetidae,Thomasomys,VU,0.0
Thomasomys_notatus,Thomasomys_notatus,direct,Rodentia,Cricetidae,Thomasomys,LC,0.0
Thomasomys_niveipes,Thomasomys_niveipes,direct,Rodentia,Cricetidae,Thomasomys,LC,0.0
Thomasomys_macrotis,Thomasomys_macrotis,direct,Rodentia,Cricetidae,Thomasomys,LC,0.0
Thomasomys_popayanus,Thomasomys_popayanus,direct,Rodentia,Cricetidae,Thomasomys,DD,0.0
Thomasomys_ladewi,Thomasomys_ladewi,direct,Rodentia,Cricetidae,Thomasomys,LC,0.0
Thomasomys_ucucha,Thomasomys_ucucha,direct,Rodentia,Cricetidae,Thomasomys,VU,0.0
Thomasomys_bombycinus,Thomasomys_bombycinus,direct,Rodentia,Cricetidae,Thomasomys,VU,0.0
Rhagomys_longilingua,Rhagomys_longilingua,direct,Rodentia,Cricetidae,Rhagomys,LC,0.0
Chilomys_instans,Chilomys_instans,direct,Rodentia,Cricetidae,Chilomys,LC,0.0
Aepeomys_reigi,Aepeomys_reigi,direct,Rodentia,Cricetidae,Aepeomys,VU,0.0
Aepeomys_lugens,Aepeomys_lugens,direct,Rodentia,Cricetidae,Aepeomys,LC,0.0
Scolomys_ucayalensis,Scolomys_ucayalensis,direct,Rodentia,Cricetidae,Scolomys,LC,0.0
Scolomys_melanops,Scolomys_melanops,direct,Rodentia,Cricetidae,Scolomys,LC,0.0
Zygodontomys_brunneus,Zygodontomys_brunneus,direct,Rodentia,Cricetidae,Zygodontomys,LC,0.0
Zygodontomys_brevicauda,Zygodontomys_brevicauda,direct,Rodentia,Cricetidae,Zygodontomys,LC,0.0
Megaoryzomys_curioi,Megaoryzomys_curioi,direct,Rodentia,Cricetidae,Megaoryzomys,EX,1.0
Hylaeamys_perenensis,Hylaeamys_perenensis,direct,Rodentia,Cricetidae,Hylaeamys,LC,0.0
Hylaeamys_oniscus,Hylaeamys_oniscus,direct,Rodentia,Cricetidae,Hylaeamys,NT,0.0
Hylaeamys_acritus,Hylaeamys_acritus,direct,Rodentia,Cricetidae,Hylaeamys,DD,0.0
Hylaeamys_laticeps,Hylaeamys_megacephalus,synonym:nominalName,Rodentia,Cricetidae,Hylaeamys,LC,0.0
Hylaeamys_megacephalus,Hylaeamys_megacephalus,direct,Rodentia,Cricetidae,Hylaeamys,LC,0.0
Hylaeamys_tatei,Hylaeamys_tatei,direct,Rodentia,Cricetidae,Hylaeamys,DD,0.0
Hylaeamys_yunganus,Hylaeamys_yunganus,direct,Rodentia,Cricetidae,Hylaeamys,LC,0.0
Mindomys_hammondi,Mindomys_hammondi,direct,Rodentia,Cricetidae,Mindomys,EN,0.0
Nephelomys_levipes,Nephelomys_levipes,direct,Rodentia,Cricetidae,Nephelomys,LC,0.0
Nephelomys_albigularis,Nephelomys_albigularis,direct,Rodentia,Cricetidae,Nephelomys,LC,0.0
Nephelomys_caracolus,Nephelomys_caracolus,direct,Rodentia,Cricetidae,Nephelomys,LC,0.0
Nephelomys_meridensis,Nephelomys_meridensis,direct,Rodentia,Cricetidae,Nephelomys,LC,0.0
Nephelomys_devius,Nephelomys_devius,direct,Rodentia,Cricetidae,Nephelomys,LC,0.0
Nephelomys_keaysi,Nephelomys_keaysi,direct,Rodentia,Cricetidae,Nephelomys,LC,0.0
Nephelomys_auriventer,Nephelomys_auriventer,direct,Rodentia,Cricetidae,Nephelomys,LC,0.0
Oecomys_bicolor,Oecomys_bicolor,direct,Rodentia,Cricetidae,Oecomys,LC,0.0
Oecomys_roberti,Oecomys_roberti,direct,Rodentia,Cricetidae,Oecomys,LC,0.0
Oecomys_superans,Oecomys_superans,direct,Rodentia,Cricetidae,Oecomys,LC,0.0
Oecomys_trinitatis,Oecomys_trinitatis,direct,Rodentia,Cricetidae,Oecomys,LC,0.0
Oecomys_mamorae,Oecomys_mamorae,direct,Rodentia,Cricetidae,Oecomys,LC,0.0
Oecomys_flavicans,Oecomys_flavicans,direct,Rodentia,Cricetidae,Oecomys,LC,0.0
Oecomys_cleberi,Oecomys_cleberi,direct,Rodentia,Cricetidae,Oecomys,DD,0.0
Oecomys_phaeotis,Oecomys_phaeotis,direct,Rodentia,Cricetidae,Oecomys,LC,0.0
Oecomys_rutilus,Oecomys_rutilus,direct,Rodentia,Cricetidae,Oecomys,LC,0.0
Oecomys_paricola,Oecomys_paricola,direct,Rodentia,Cricetidae,Oecomys,DD,0.0
Oecomys_auyantepui,Oecomys_auyantepui,direct,Rodentia,Cricetidae,Oecomys,LC,0.0
Oecomys_catherinae,Oecomys_catherinae,direct,Rodentia,Cricetidae,Oecomys,LC,0.0
Oecomys_concolor,Oecomys_concolor,direct,Rodentia,Cricetidae,Oecomys,LC,0.0
Oecomys_speciosus,Oecomys_speciosus,direct,Rodentia,Cricetidae,Oecomys,LC,0.0
Oecomys_sydandersoni,Oecomys_sydandersoni,direct,Rodentia,Cricetidae,Oecomys,NE,0.0
Oecomys_rex,Oecomys_rex,direct,Rodentia,Cricetidae,Oecomys,LC,0.0
Euryoryzomys_emmonsae,Euryoryzomys_emmonsae,direct,Rodentia,Cricetidae,Euryoryzomys,DD,0.0
Euryoryzomys_legatus,Euryoryzomys_legatus,direct,Rodentia,Cricetidae,Euryoryzomys,LC,0.0
Euryoryzomys_macconnelli,Euryoryzomys_macconnelli,direct,Rodentia,Cricetidae,Euryoryzomys,LC,0.0
Transandinomys_talamancae,Transandinomys_talamancae,direct,Rodentia,Cricetidae,Transandinomys,LC,0.0
Transandinomys_bolivaris,Transandinomys_bolivaris,direct,Rodentia,Cricetidae,Transandinomys,LC,0.0
Euryoryzomys_russatus,Euryoryzomys_russatus,direct,Rodentia,Cricetidae,Euryoryzomys,LC,0.0
Euryoryzomys_nitidus,Euryoryzomys_nitidus,direct,Rodentia,Cricetidae,Euryoryzomys,LC,0.0
Euryoryzomys_lamia,Euryoryzomys_lamia,direct,Rodentia,Cricetidae,Euryoryzomys,VU,0.0
Handleyomys_intectus,Handleyomys_intectus,direct,Rodentia,Cricetidae,Handleyomys,LC,0.0
Handleyomys_alfaroi,,unmatched,,,,,
Handleyomys_melanotis,,unmatched,,,,,
Handleyomys_rhabdops,,unmatched,,,,,
Handleyomys_rostratus,,unmatched,,,,,
Handleyomys_guerrerensis,,unmatched,,,,,
Handleyomys_chapmani,,unmatched,,,,,
Handleyomys_fuscatus,Handleyomys_fuscatus,direct,Rodentia,Cricetidae,Handleyomys,LC,0.0
Handleyomys_saturatior,,unmatched,,,,,
Neacomys_minutus,Neacomys_minutus,direct,Rodentia,Cricetidae,Neacomys,LC,0.0
Microryzomys_minutus,Microryzomys_minutus,direct,Rodentia,Cricetidae,Microryzomys,LC,0.0
Microryzomys_altissimus,Microryzomys_altissimus,direct,Rodentia,Cricetidae,Microryzomys,LC,0.0
Oreoryzomys_balneator,Oreoryzomys_balneator,direct,Rodentia,Cricetidae,Oreoryzomys,DD,0.0
Neacomys_tenuipes,Neacomys_tenuipes,direct,Rodentia,Cricetidae,Neacomys,LC,0.0
Neacomys_paracou,Neacomys_paracou,direct,Rodentia,Cricetidae,Neacomys,LC,0.0
Neacomys_dubosti,Neacomys_dubosti,direct,Rodentia,Cricetidae,Neacomys,LC,0.0
Neacomys_pictus,Neacomys_pictus,direct,Rodentia,Cricetidae,Neacomys,DD,0.0
Neacomys_guianae,Neacomys_guianae,direct,Rodentia,Cricetidae,Neacomys,LC,0.0
Neacomys_musseri,Neacomys_musseri,direct,Rodentia,Cricetidae,Neacomys,LC,0.0
Neacomys_spinosus,Neacomys_spinosus,direct,Rodentia,Cricetidae,Neacomys,LC,0.0
Oligoryzomys_microtis,Oligoryzomys_microtis,direct,Rodentia,Cricetidae,Oligoryzomys,LC,0.0
Oligoryzomys_flavescens,Oligoryzomys_flavescens,direct,Rodentia,Cricetidae,Oligoryzomys,LC,0.0
Oligoryzomys_victus,Oligoryzomys_victus,direct,Rodentia,Cricetidae,Oligoryzomys,EX,1.0
Oligoryzomys_fornesi,Oligoryzomys_flavescens,synonym:nominalName,Rodentia,Cricetidae,Oligoryzomys,LC,0.0
Oligoryzomys_andinus,Oligoryzomys_andinus,direct,Rodentia,Cricetidae,Oligoryzomys,LC,0.0
Oligoryzomys_magellanicus,Oligoryzomys_longicaudatus,synonym:nominalName,Rodentia,Cricetidae,Oligoryzomys,LC,0.0
Oligoryzomys_longicaudatus,Oligoryzomys_longicaudatus,direct,Rodentia,Cricetidae,Oligoryzomys,LC,0.0
Oligoryzomys_moojeni,Oligoryzomys_moojeni,direct,Rodentia,Cricetidae,Oligoryzomys,DD,0.0
Oligoryzomys_vegetus,Oligoryzomys_vegetus,direct,Rodentia,Cricetidae,Oligoryzomys,LC,0.0
Oligoryzomys_arenalis,Oligoryzomys_arenalis,direct,Rodentia,Cricetidae,Oligoryzomys,LC,0.0
Oligoryzomys_fulvescens,Oligoryzomys_fulvescens,direct,Rodentia,Cricetidae,Oligoryzomys,LC,0.0
Oligoryzomys_chacoensis,Oligoryzomys_chacoensis,direct,Rodentia,Cricetidae,Oligoryzomys,LC,0.0
Oligoryzomys_delticola,Oligoryzomys_nigripes,synonym:nominalName,Rodentia,Cricetidae,Oligoryzomys,LC,0.0
Oligoryzomys_eliurus,Oligoryzomys_nigripes,synonym:nominalName,Rodentia,Cricetidae,Oligoryzomys,LC,0.0
Oligoryzomys_rupestris,Oligoryzomys_rupestris,direct,Rodentia,Cricetidae,Oligoryzomys,DD,0.0
Oligoryzomys_destructor,Oligoryzomys_destructor,direct,Rodentia,Cricetidae,Oligoryzomys,LC,0.0
Oligoryzomys_brendae,Oligoryzomys_brendae,direct,Rodentia,Cricetidae,Oligoryzomys,DD,0.0
Oligoryzomys_nigripes,Oligoryzomys_nigripes,direct,Rodentia,Cricetidae,Oligoryzomys,LC,0.0
Oligoryzomys_stramineus,Oligoryzomys_stramineus,direct,Rodentia,Cricetidae,Oligoryzomys,LC,0.0
Oligoryzomys_griseolus,Oligoryzomys_griseolus,direct,Rodentia,Cricetidae,Oligoryzomys,LC,0.0
Microakodontomys_transitorius,Microakodontomys_transitorius,direct,Rodentia,Cricetidae,Microakodontomys,EN,0.0
Holochilus_lagigliai,Holochilus_lagigliai,direct,Rodentia,Cricetidae,Holochilus,NE,0.0
Holochilus_brasiliensis,Holochilus_brasiliensis,direct,Rodentia,Cricetidae,Holochilus,LC,0.0
Holochilus_chacarius,Holochilus_chacarius,direct,Rodentia,Cricetidae,Holochilus,LC,0.0
Holochilus_sciureus,Holochilus_sciureus,direct,Rodentia,Cricetidae,Holochilus,LC,0.0
Pseudoryzomys_simplex,Pseudoryzomys_simplex,direct,Rodentia,Cricetidae,Pseudoryzomys,LC,0.0
Akodon_sanctipaulensis,Akodon_sanctipaulensis,direct,Rodentia,Cricetidae,Akodon,DD,0.0
Amphinectomys_savamis,Amphinectomys_savamis,direct,Rodentia,Cricetidae,Amphinectomys,DD,0.0
Nectomys_rattus,Nectomys_rattus,direct,Rodentia,Cricetidae,Nectomys,LC,0.0
Nectomys_squamipes,Nectomys_squamipes,direct,Rodentia,Cricetidae,Nectomys,LC,0.0
Nectomys_palmipes,Nectomys_palmipes,direct,Rodentia,Cricetidae,Nectomys,LC,0.0
Nectomys_magdalenae,Nectomys_magdalenae,direct,Rodentia,Cricetidae,Nectomys,DD,0.0
Nectomys_apicalis,Nectomys_apicalis,direct,Rodentia,Cricetidae,Nectomys,LC,0.0
Nesoryzomys_darwini,Nesoryzomys_darwini,direct,Rodentia,Cricetidae,Nesoryzomys,EX,1.0
Nesoryzomys_fernandinae,Nesoryzomys_fernandinae,direct,Rodentia,Cricetidae,Nesoryzomys,VU,0.0
Nesoryzomys_indefessus,Nesoryzomys_indefessus,direct,Rodentia,Cricetidae,Nesoryzomys,EX,1.0
Nesoryzomys_swarthi,Nesoryzomys_swarthi,direct,Rodentia,Cricetidae,Nesoryzomys,VU,0.0
Nesoryzomys_narboroughi,Nesoryzomys_narboroughi,direct,Rodentia,Cricetidae,Nesoryzomys,VU,0.0
Aegialomys_xanthaeolus,Aegialomys_xanthaeolus,direct,Rodentia,Cricetidae,Aegialomys,LC,0.0
Aegialomys_galapagoensis,Aegialomys_galapagoensis,direct,Rodentia,Cricetidae,Aegialomys,VU,0.0
Sigmodontomys_aphrastus,Tanyuromys_aphrastus,synonym:MSW3,Rodentia,Cricetidae,Tanyuromys,DD,0.0
Sigmodontomys_alfari,Sigmodontomys_alfari,direct,Rodentia,Cricetidae,Sigmodontomys,LC,0.0
Melanomys_robustulus,Melanomys_robustulus,direct,Rodentia,Cricetidae,Melanomys,LC,0.0
Melanomys_zunigae,Melanomys_zunigae,direct,Rodentia,Cricetidae,Melanomys,CR,0.0
Melanomys_caliginosus,Melanomys_caliginosus,direct,Rodentia,Cricetidae,Melanomys,LC,0.0
Oryzomys_couesi,Oryzomys_couesi,direct,Rodentia,Cricetidae,Oryzomys,LC,0.0
Oryzomys_curasoae,Oryzomys_gorgasi,synonym:nominalName,Rodentia,Cricetidae,Oryzomys,EN,0.0
Oryzomys_nelsoni,Oryzomys_nelsoni,direct,Rodentia,Cricetidae,Oryzomys,EX,1.0
Oryzomys_antillarum,Oryzomys_antillarum,direct,Rodentia,Cricetidae,Oryzomys,EX,1.0
Oryzomys_dimidiatus,Oryzomys_dimidiatus,direct,Rodentia,Cricetidae,Oryzomys,DD,0.0
Oryzomys_gorgasi,Oryzomys_gorgasi,direct,Rodentia,Cricetidae,Oryzomys,EN,0.0
Oryzomys_palustris,Oryzomys_palustris,direct,Rodentia,Cricetidae,Oryzomys,LC,0.0
Noronhomys_vespuccii,Noronhomys_vespuccii,direct,Rodentia,Cricetidae,Noronhomys,EX,1.0
Pennatomys_nivalis,Pennatomys_nivalis,direct,Rodentia,Cricetidae,Pennatomys,EX,1.0
Megalomys_luciae,Megalomys_luciae,direct,Rodentia,Cricetidae,Megalomys,EX,1.0
Megalomys_desmarestii,Megalomys_desmarestii,direct,Rodentia,Cricetidae,Megalomys,EX,1.0
Lundomys_molitor,Lundomys_molitor,direct,Rodentia,Cricetidae,Lundomys,LC,0.0
Cerradomys_marinhus,Cerradomys_marinhus,direct,Rodentia,Cricetidae,Cerradomys,LC,0.0
Cerradomys_maracajuensis,Cerradomys_maracajuensis,direct,Rodentia,Cricetidae,Cerradomys,LC,0.0
Cerradomys_langguthi,Cerradomys_langguthi,direct,Rodentia,Cricetidae,Cerradomys,NE,0.0
Cerradomys_vivoi,Cerradomys_vivoi,direct,Rodentia,Cricetidae,Cerradomys,NE,0.0
Cerradomys_subflavus,Cerradomys_subflavus,direct,Rodentia,Cricetidae,Cerradomys,LC,0.0
Cerradomys_goytaca,Cerradomys_goytaca,direct,Rodentia,Cricetidae,Cerradomys,NE,0.0
Cerradomys_scotti,Cerradomys_scotti,direct,Rodentia,Cricetidae,Cerradomys,LC,0.0
Cerradomys_akroai,Cerradomys_akroai,direct,Rodentia,Cricetidae,Cerradomys,NE,0.0
Sooretamys_angouya,Sooretamys_angouya,direct,Rodentia,Cricetidae,Sooretamys,LC,0.0
Drymoreomys_albimaculatus,Drymoreomys_albimaculatus,direct,Rodentia,Cricetidae,Drymoreomys,NT,0.0
Eremoryzomys_polius,Eremoryzomys_polius,direct,Rodentia,Cricetidae,Eremoryzomys,DD,0.0
Neotomys_ebriosus,Neotomys_ebriosus,direct,Rodentia,Cricetidae,Neotomys,LC,0.0
Euneomys_mordax,Euneomys_fossor,synonym:nominalName,Rodentia,Cricetidae,Euneomys,DD,0.0
Euneomys_fossor,Euneomys_fossor,direct,Rodentia,Cricetidae,Euneomys,DD,0.0
Euneomys_petersoni,Euneomys_chinchilloides,synonym:nominalName,Rodentia,Cricetidae,Euneomys,DD,0.0
Euneomys_chinchilloides,Euneomys_chinchilloides,direct,Rodentia,Cricetidae,Euneomys,DD,0.0
Irenomys_tarsalis,Irenomys_tarsalis,direct,Rodentia,Cricetidae,Irenomys,LC,0.0
Andinomys_edax,Andinomys_edax,direct,Rodentia,Cricetidae,Andinomys,LC,0.0
Punomys_lemminus,Punomys_lemminus,direct,Rodentia,Cricetidae,Punomys,VU,0.0
Punomys_kofordi,Punomys_kofordi,direct,Rodentia,Cricetidae,Punomys,NT,0.0
Rhagomys_rufescens,Rhagomys_rufescens,direct,Rodentia,Cricetidae,Rhagomys,VU,0.0
Akodon_latebricola,Neomicroxus_latebricola,synonym:MSW3,Rodentia,Cricetidae,Neomicroxus,EN,0.0
Delomys_sublineatus,Delomys_sublineatus,direct,Rodentia,Cricetidae,Delomys,LC,0.0
Delomys_dorsalis,Delomys_dorsalis,direct,Rodentia,Cricetidae,Delomys,LC,0.0
Delomys_collinus,Delomys_dorsalis,synonym:nominalName,Rodentia,Cricetidae,Delomys,LC,0.0
Delomys_altimontanus,Delomys_altimontanus,direct,Rodentia,Cricetidae,Delomys,NE,0.0
Calomys_boliviae,Calomys_boliviae,direct,Rodentia,Cricetidae,Calomys,LC,0.0
Calomys_musculinus,Calomys_musculinus,direct,Rodentia,Cricetidae,Calomys,LC,0.0
Calomys_sorellus,Calomys_sorella,synonym:MSW3,Rodentia,Cricetidae,Calomys,LC,0.0
Calomys_lepidus,Calomys_lepidus,direct,Rodentia,Cricetidae,Calomys,LC,0.0
Calomys_fecundus,Calomys_fecundus,direct,Rodentia,Cricetidae,Calomys,LC,0.0
Calomys_venustus,Calomys_venustus,direct,Rodentia,Cricetidae,Calomys,LC,0.0
Calomys_callosus,Calomys_callosus,direct,Rodentia,Cricetidae,Calomys,LC,0.0
Calomys_tocantinsi,Calomys_tocantinsi,direct,Rodentia,Cricetidae,Calomys,LC,0.0
Calomys_cerqueirai,Calomys_cerqueirai,direct,Rodentia,Cricetidae,Calomys,NE,0.0
Calomys_callidus,Calomys_callidus,direct,Rodentia,Cricetidae,Calomys,LC,0.0
Calomys_expulsus,Calomys_expulsus,direct,Rodentia,Cricetidae,Calomys,LC,0.0
Calomys_tener,Calomys_tener,direct,Rodentia,Cricetidae,Calomys,LC,0.0
Calomys_laucha,Calomys_laucha,direct,Rodentia,Cricetidae,Calomys,LC,0.0
Calomys_hummelincki,Calomys_hummelincki,direct,Rodentia,Cricetidae,Calomys,LC,0.0
Phyllotis_anitae,Phyllotis_anitae,direct,Rodentia,Cricetidae,Phyllotis,DD,0.0
Phyllotis_alisosiensis,Phyllotis_alisosiensis,direct,Rodentia,Cricetidae,Phyllotis,EN,0.0
Phyllotis_osilae,Phyllotis_osilae,direct,Rodentia,Cricetidae,Phyllotis,LC,0.0
Paralomys_gerbillus,Phyllotis_gerbillus,synonym:MSW3,Rodentia,Cricetidae,Phyllotis,LC,0.0
Phyllotis_definitus,Phyllotis_definitus,direct,Rodentia,Cricetidae,Phyllotis,EN,0.0
Phyllotis_amicus,Phyllotis_amicus,direct,Rodentia,Cricetidae,Phyllotis,LC,0.0
Phyllotis_andium,Phyllotis_andium,direct,Rodentia,Cricetidae,Phyllotis,LC,0.0
Phyllotis_darwini,Phyllotis_darwinii,synonym:MSW3,Rodentia,Cricetidae,Phyllotis,LC,0.0
Phyllotis_magister,Phyllotis_magister,direct,Rodentia,Cricetidae,Phyllotis,LC,0.0
Phyllotis_limatus,Phyllotis_limatus,direct,Rodentia,Cricetidae,Phyllotis,LC,0.0
Phyllotis_osgoodi,Phyllotis_osgoodi,direct,Rodentia,Cricetidae,Phyllotis,DD,0.0
Phyllotis_bonariensis,Phyllotis_bonariensis,direct,Rodentia,Cricetidae,Phyllotis,NT,0.0
Phyllotis_xanthopygus,Phyllotis_xanthopygus,direct,Rodentia,Cricetidae,Phyllotis,LC,0.0
Phyllotis_caprinus,Phyllotis_caprinus,direct,Rodentia,Cricetidae,Phyllotis,LC,0.0
Galenomys_garleppi,Galenomys_garleppii,synonym:MSW3,Rodentia,Cricetidae,Galenomys,DD,0.0
Auliscomys_sublimis,Auliscomys_sublimis,direct,Rodentia,Cricetidae,Auliscomys,LC,0.0
Auliscomys_pictus,Auliscomys_pictus,direct,Rodentia,Cricetidae,Auliscomys,LC,0.0
Auliscomys_boliviensis,Auliscomys_boliviensis,direct,Rodentia,Cricetidae,Auliscomys,LC,0.0
Phyllotis_haggardi,Phyllotis_haggardi,direct,Rodentia,Cricetidae,Phyllotis,LC,0.0
Loxodontomys_pikumche,Loxodontomys_micropus,synonym:nominalName,Rodentia,Cricetidae,Loxodontomys,LC,0.0
Loxodontomys_micropus,Loxodontomys_micropus,direct,Rodentia,Cricetidae,Loxodontomys,LC,0.0
Tapecomys_primus,Tapecomys_primus,direct,Rodentia,Cricetidae,Tapecomys,LC,0.0
Phyllotis_wolffsohni,Tapecomys_wolffsohni,synonym:MSW3,Rodentia,Cricetidae,Tapecomys,LC,0.0
Salinomys_delicatus,Salinomys_delicatus,direct,Rodentia,Cricetidae,Salinomys,DD,0.0
Andalgalomys_pearsoni,Andalgalomys_pearsoni,direct,Rodentia,Cricetidae,Andalgalomys,LC,0.0
Andalgalomys_olrogi,Andalgalomys_olrogi,direct,Rodentia,Cricetidae,Andalgalomys,LC,0.0
Akodon_oenos,Akodon_oenos,direct,Rodentia,Cricetidae,Akodon,NE,0.0
Graomys_edithae,Graomys_edithae,direct,Rodentia,Cricetidae,Graomys,DD,0.0
Graomys_centralis,Graomys_chacoensis,synonym:MSW3,Rodentia,Cricetidae,Graomys,DD,0.0
Graomys_griseoflavus,Graomys_griseoflavus,direct,Rodentia,Cricetidae,Graomys,LC,0.0
Graomys_domorum,Graomys_domorum,direct,Rodentia,Cricetidae,Graomys,LC,0.0
Eligmodontia_morgani,Eligmodontia_morgani,direct,Rodentia,Cricetidae,Eligmodontia,LC,0.0
Eligmodontia_puerulus,Eligmodontia_puerulus,direct,Rodentia,Cricetidae,Eligmodontia,LC,0.0
Eligmodontia_moreni,Eligmodontia_moreni,direct,Rodentia,Cricetidae,Eligmodontia,LC,0.0
Eligmodontia_hirtipes,Eligmodontia_hirtipes,direct,Rodentia,Cricetidae,Eligmodontia,NE,0.0
Eligmodontia_dunaris,Eligmodontia_dunaris,direct,Rodentia,Cricetidae,Eligmodontia,NE,0.0
Eligmodontia_typus,Eligmodontia_typus,direct,Rodentia,Cricetidae,Eligmodontia,LC,0.0
Eligmodontia_bolsonensis,Eligmodontia_bolsonensis,direct,Rodentia,Cricetidae,Eligmodontia,NE,0.0
Calassomys_apicalis,Calassomys_apicalis,direct,Rodentia,Cricetidae,Calassomys,NE,0.0
Wiedomys_pyrrhorhinos,Wiedomys_pyrrhorinos,synonym:MSW3,Rodentia,Cricetidae,Wiedomys,LC,0.0
Wiedomys_cerradensis,Wiedomys_cerradensis,direct,Rodentia,Cricetidae,Wiedomys,DD,0.0
Juliomys_rimofrons,Juliomys_rimofrons,direct,Rodentia,Cricetidae,Juliomys,NT,0.0
Juliomys_pictipes,Juliomys_pictipes,direct,Rodentia,Cricetidae,Juliomys,LC,0.0
Juliomys_ossitenuis,Juliomys_ossitenuis,direct,Rodentia,Cricetidae,Juliomys,NE,0.0
Chelemys_macronyx,Paynomys_macronyx,synonym:MSW3,Rodentia,Cricetidae,Paynomys,LC,0.0
Pearsonomys_annectens,Geoxus_annectens,synonym:MSW3,Rodentia,Cricetidae,Geoxus,VU,0.0
Geoxus_valdivianus,Geoxus_valdivianus,direct,Rodentia,Cricetidae,Geoxus,LC,0.0
Notiomys_edwardsii,Notiomys_edwardsii,direct,Rodentia,Cricetidae,Notiomys,LC,0.0
Chelemys_megalonyx,Chelemys_megalonyx,direct,Rodentia,Cricetidae,Chelemys,NT,0.0
Chelemys_delfini,,unmatched,,,,,
Abrothrix_lanosus,Abrothrix_lanosa,synonym:MSW3,Rodentia,Cricetidae,Abrothrix,LC,0.0
Abrothrix_sanborni,Abrothrix_sanborni,direct,Rodentia,Cricetidae,Abrothrix,NT,0.0
Abrothrix_longipilis,Abrothrix_longipilis,direct,Rodentia,Cricetidae,Abrothrix,LC,0.0
Abrothrix_jelskii,Abrothrix_jelskii,direct,Rodentia,Cricetidae,Abrothrix,LC,0.0
Abrothrix_manni,Abrothrix_manni,direct,Rodentia,Cricetidae,Abrothrix,LC,0.0
Abrothrix_illuteus,Abrothrix_illutea,synonym:MSW3,Rodentia,Cricetidae,Abrothrix,LC,0.0
Abrothrix_hershkovitzi,Abrothrix_olivacea,synonym:nominalName,Rodentia,Cricetidae,Abrothrix,LC,0.0
Abrothrix_markhami,Abrothrix_olivacea,synonym:nominalName,Rodentia,Cricetidae,Abrothrix,LC,0.0
Abrothrix_olivaceus,Abrothrix_olivacea,synonym:MSW3,Rodentia,Cricetidae,Abrothrix,LC,0.0
Abrothrix_andinus,Abrothrix_andina,synonym:MSW3,Rodentia,Cricetidae,Abrothrix,NE,0.0
Cricetomys_gambianus,Cricetomys_gambianus,direct,Rodentia,Nesomyidae,Cricetomys,LC,0.0
Cricetomys_emini,Cricetomys_emini,direct,Rodentia,Nesomyidae,Cricetomys,LC,0.0
Beamys_hindei,Beamys_hindei,direct,Rodentia,Nesomyidae,Beamys,LC,0.0
Saccostomus_mearnsi,Saccostomus_mearnsi,direct,Rodentia,Nesomyidae,Saccostomus,LC,0.0
Saccostomus_campestris,Saccostomus_campestris,direct,Rodentia,Nesomyidae,Saccostomus,LC,0.0
Dendromus_kahuziensis,Dendromus_kahuziensis,direct,Rodentia,Nesomyidae,Dendromus,CR,0.0
Dendromus_melanotis,Poemys_melanotis,synonym:MSW3,Rodentia,Nesomyidae,Poemys,LC,0.0
Dendromus_ruppi,Dendromus_ruppi,direct,Rodentia,Nesomyidae,Dendromus,DD,0.0
Dendromus_vernayi,Dendromus_vernayi,direct,Rodentia,Nesomyidae,Dendromus,DD,0.0
Dendromus_lachaisei,Dendromus_lachaisei,direct,Rodentia,Nesomyidae,Dendromus,VU,0.0
Dendromus_lovati,Dendromus_lovati,direct,Rodentia,Nesomyidae,Dendromus,LC,0.0
Dendromus_mesomelas,Dendromus_mesomelas,direct,Rodentia,Nesomyidae,Dendromus,LC,0.0
Dendromus_insignis,Dendromus_insignis,direct,Rodentia,Nesomyidae,Dendromus,LC,0.0
Dendromus_kivu,Dendromus_nyasae,synonym:nominalName,Rodentia,Nesomyidae,Dendromus,NE,0.0
Dendromus_oreas,Dendromus_oreas,direct,Rodentia,Nesomyidae,Dendromus,LC,0.0
Dendromus_mystacalis,Dendromus_mystacalis,direct,Rodentia,Nesomyidae,Dendromus,LC,0.0
Dendromus_nyikae,Poemys_nyikae,synonym:MSW3,Rodentia,Nesomyidae,Poemys,LC,0.0
Malacothrix_typica,Malacothrix_typica,direct,Rodentia,Nesomyidae,Malacothrix,LC,0.0
Dendromus_messorius,Dendromus_messorius,direct,Rodentia,Nesomyidae,Dendromus,LC,0.0
Steatomys_jacksoni,Steatomys_jacksoni,direct,Rodentia,Nesomyidae,Steatomys,DD,0.0
Steatomys_pratensis,Steatomys_pratensis,direct,Rodentia,Nesomyidae,Steatomys,LC,0.0
Steatomys_opimus,Steatomys_opimus,direct,Rodentia,Nesomyidae,Steatomys,LC,0.0
Steatomys_bocagei,Steatomys_bocagei,direct,Rodentia,Nesomyidae,Steatomys,LC,0.0
Steatomys_cuppedius,Steatomys_cuppedius,direct,Rodentia,Nesomyidae,Steatomys,LC,0.0
Steatomys_caurinus,Steatomys_caurinus,direct,Rodentia,Nesomyidae,Steatomys,LC,0.0
Steatomys_parvus,Steatomys_parvus,direct,Rodentia,Nesomyidae,Steatomys,LC,0.0
Steatomys_krebsii,Steatomys_krebsii,direct,Rodentia,Nesomyidae,Steatomys,LC,0.0
Dendroprionomys_rousseloti,Dendroprionomys_rousseloti,direct,Rodentia,Nesomyidae,Dendroprionomys,DD,0.0
Megadendromus_nikolausi,Megadendromus_nikolausi,direct,Rodentia,Nesomyidae,Megadendromus,VU,0.0
Delanymys_brooksi,Delanymys_brooksi,direct,Rodentia,Nesomyidae,Delanymys,VU,0.0
Petromyscus_monticularis,Petromyscus_monticularis,direct,Rodentia,Nesomyidae,Petromyscus,LC,0.0
Mystromys_albicaudatus,Mystromys_albicaudatus,direct,Rodentia,Nesomyidae,Mystromys,VU,0.0
Petromyscus_collinus,Petromyscus_collinus,direct,Rodentia,Nesomyidae,Petromyscus,LC,0.0
Petromyscus_shortridgei,Petromyscus_shortridgei,direct,Rodentia,Nesomyidae,Petromyscus,LC,0.0
Petromyscus_barbouri,Petromyscus_barbouri,direct,Rodentia,Nesomyidae,Petromyscus,LC,0.0
Eliurus_danieli,Eliurus_danieli,direct,Rodentia,Nesomyidae,Eliurus,LC,0.0
Eliurus_minor,Eliurus_minor,direct,Rodentia,Nesomyidae,Eliurus,LC,0.0
Eliurus_myoxinus,Eliurus_myoxinus,direct,Rodentia,Nesomyidae,Eliurus,LC,0.0
Eliurus_webbi,Eliurus_webbi,direct,Rodentia,Nesomyidae,Eliurus,LC,0.0
Eliurus_ellermani,Eliurus_ellermani,direct,Rodentia,Nesomyidae,Eliurus,DD,0.0
Eliurus_tanala,Eliurus_tanala,direct,Rodentia,Nesomyidae,Eliurus,LC,0.0
Eliurus_majori,Eliurus_majori,direct,Rodentia,Nesomyidae,Eliurus,LC,0.0
Eliurus_penicillatus,Eliurus_penicillatus,direct,Rodentia,Nesomyidae,Eliurus,EN,0.0
Eliurus_carletoni,Eliurus_carletoni,direct,Rodentia,Nesomyidae,Eliurus,LC,0.0
Eliurus_antsingy,Eliurus_antsingy,direct,Rodentia,Nesomyidae,Eliurus,DD,0.0
Voalavo_gymnocaudus,Voalavo_gymnocaudus,direct,Rodentia,Nesomyidae,Voalavo,LC,0.0
Voalavo_antsahabensis,Voalavo_antsahabensis,direct,Rodentia,Nesomyidae,Voalavo,EN,0.0
Eliurus_petteri,Voalavo_petteri,synonym:MSW3,Rodentia,Nesomyidae,Voalavo,EN,0.0
Eliurus_grandidieri,Voalavo_grandidieri,synonym:MSW3,Rodentia,Nesomyidae,Voalavo,LC,0.0
Gymnuromys_roberti,Gymnuromys_roberti,direct,Rodentia,Nesomyidae,Gymnuromys,LC,0.0
Prionomys_batesi,Prionomys_batesi,direct,Rodentia,Nesomyidae,Prionomys,DD,0.0
Brachytarsomys_villosa,Brachytarsomys_villosus,synonym:MSW3,Rodentia,Nesomyidae,Brachytarsomys,VU,0.0
Brachytarsomys_albicauda,Brachytarsomys_albicauda,direct,Rodentia,Nesomyidae,Brachytarsomys,LC,0.0
Monticolomys_koopmani,Monticolomys_koopmani,direct,Rodentia,Nesomyidae,Monticolomys,LC,0.0
Macrotarsomys_bastardi,Macrotarsomys_bastardi,direct,Rodentia,Nesomyidae,Macrotarsomys,LC,0.0
Brachyuromys_ramirohitra,Brachyuromys_ramirohitra,direct,Rodentia,Nesomyidae,Brachyuromys,LC,0.0
Brachyuromys_betsileoensis,Brachyuromys_betsileoensis,direct,Rodentia,Nesomyidae,Brachyuromys,LC,0.0
Nesomys_audeberti,Nesomys_audeberti,direct,Rodentia,Nesomyidae,Nesomys,LC,0.0
Nesomys_rufus,Nesomys_rufus,direct,Rodentia,Nesomyidae,Nesomys,LC,0.0
Nesomys_lambertoni,Nesomys_lambertoni,direct,Rodentia,Nesomyidae,Nesomys,EN,0.0
Hypogeomys_antimena,Hypogeomys_antimena,direct,Rodentia,Nesomyidae,Hypogeomys,CR,0.0
Macrotarsomys_petteri,Macrotarsomys_petteri,direct,Rodentia,Nesomyidae,Macrotarsomys,DD,0.0
Macrotarsomys_ingens,Macrotarsomys_ingens,direct,Rodentia,Nesomyidae,Macrotarsomys,EN,0.0
Calomyscus_grandis,Calomyscus_grandis,direct,Rodentia,Calomyscidae,Calomyscus,DD,0.0
Calomyscus_elburzensis,Calomyscus_elburzensis,direct,Rodentia,Calomyscidae,Calomyscus,LC,0.0
Calomyscus_mystax,Calomyscus_mystax,direct,Rodentia,Calomyscidae,Calomyscus,LC,0.0
Calomyscus_hotsoni,Calomyscus_hotsoni,direct,Rodentia,Calomyscidae,Calomyscus,LC,0.0
Calomyscus_baluchi,Calomyscus_baluchi,direct,Rodentia,Calomyscidae,Calomyscus,LC,0.0
Calomyscus_tsolovi,Calomyscus_tsolovi,direct,Rodentia,Calomyscidae,Calomyscus,DD,0.0
Calomyscus_bailwardi,Calomyscus_bailwardi,direct,Rodentia,Calomyscidae,Calomyscus,LC,0.0
Calomyscus_urartensis,Calomyscus_urartensis,direct,Rodentia,Calomyscidae,Calomyscus,LC,0.0
Pedetes_surdaster,Pedetes_surdaster,direct,Rodentia,Pedetidae,Pedetes,LC,0.0
Pedetes_capensis,Pedetes_capensis,direct,Rodentia,Pedetidae,Pedetes,LC,0.0
Zenkerella_insignis,Zenkerella_insignis,direct,Rodentia,Zenkerellidae,Zenkerella,LC,0.0
Idiurus_zenkeri,Idiurus_zenkeri,direct,Rodentia,Anomaluridae,Idiurus,LC,0.0
Idiurus_macrotis,Idiurus_macrotis,direct,Rodentia,Anomaluridae,Idiurus,LC,0.0
Anomalurus_derbianus,Anomalurus_derbianus,direct,Rodentia,Anomaluridae,Anomalurus,LC,0.0
Anomalurus_beecrofti,Anomalurus_beecrofti,direct,Rodentia,Anomaluridae,Anomalurus,LC,0.0
Anomalurus_pelii,Anomalurus_pelii,direct,Rodentia,Anomaluridae,Anomalurus,LC,0.0
Anomalurus_pusillus,Anomalurus_pusillus,direct,Rodentia,Anomaluridae,Anomalurus,LC,0.0
Rhyncholestes_raphanurus,Rhyncholestes_raphanurus,direct,Paucituberculata,Caenolestidae,Rhyncholestes,NT,0.0
Lestoros_inca,Lestoros_inca,direct,Paucituberculata,Caenolestidae,Lestoros,LC,0.0
Caenolestes_fuliginosus,Caenolestes_fuliginosus,direct,Paucituberculata,Caenolestidae,Caenolestes,LC,0.0
Caenolestes_sangay,Caenolestes_sangay,direct,Paucituberculata,Caenolestidae,Caenolestes,VU,0.0
Caenolestes_caniventer,Caenolestes_caniventer,direct,Paucituberculata,Caenolestidae,Caenolestes,NT,0.0
Caenolestes_condorensis,Caenolestes_condorensis,direct,Paucituberculata,Caenolestidae,Caenolestes,VU,0.0
Caenolestes_convelatus,Caenolestes_convelatus,direct,Paucituberculata,Caenolestidae,Caenolestes,VU,0.0
Glironia_venusta,Glironia_venusta,direct,Didelphimorphia,Didelphidae,Glironia,LC,0.0
Hyladelphys_kalinowskii,Hyladelphys_kalinowskii,direct,Didelphimorphia,Didelphidae,Hyladelphys,LC,0.0
Tlacuatzin_canescens,Tlacuatzin_canescens,direct,Didelphimorphia,Didelphidae,Tlacuatzin,LC,0.0
Marmosa_andersoni,Marmosa_andersoni,direct,Didelphimorphia,Didelphidae,Marmosa,DD,0.0
Marmosa_lepida,Marmosa_lepida,direct,Didelphimorphia,Didelphidae,Marmosa,LC,0.0
Marmosa_regina,Marmosa_isthmica,synonym:nominalName,Didelphimorphia,Didelphidae,Marmosa,NE,0.0
Marmosa_constantiae,Marmosa_constantiae,direct,Didelphimorphia,Didelphidae,Marmosa,LC,0.0
Marmosa_alstoni,Marmosa_alstoni,direct,Didelphimorphia,Didelphidae,Marmosa,LC,0.0
Marmosa_demerarae,Marmosa_demerarae,direct,Didelphimorphia,Didelphidae,Marmosa,LC,0.0
Marmosa_paraguayanus,,unmatched,,,,,
Marmosa_tyleriana,Marmosa_tyleriana,direct,Didelphimorphia,Didelphidae,Marmosa,DD,0.0
Marmosa_murina,Marmosa_murina,direct,Didelphimorphia,Didelphidae,Marmosa,LC,0.0
Marmosa_xerophila,Marmosa_xerophila,direct,Didelphimorphia,Didelphidae,Marmosa,VU,0.0
Marmosa_mexicana,Marmosa_mexicana,direct,Didelphimorphia,Didelphidae,Marmosa,LC,0.0
Marmosa_robinsoni,Marmosa_robinsoni,direct,Didelphimorphia,Didelphidae,Marmosa,LC,0.0
Marmosa_quichua,Marmosa_macrotarsus,synonym:MSW3,Didelphimorphia,Didelphidae,Marmosa,LC,0.0
Marmosa_rubra,Marmosa_rubra,direct,Didelphimorphia,Didelphidae,Marmosa,DD,0.0
Marmosa_phaea,Marmosa_phaea,direct,Didelphimorphia,Didelphidae,Marmosa,NT,0.0
Monodelphis_emiliae,Monodelphis_emiliae,direct,Didelphimorphia,Didelphidae,Monodelphis,LC,0.0
Monodelphis_kunsi,Monodelphis_kunsi,direct,Didelphimorphia,Didelphidae,Monodelphis,LC,0.0
Monodelphis_reigi,Monodelphis_reigi,direct,Didelphimorphia,Didelphidae,Monodelphis,VU,0.0
Monodelphis_adusta,Monodelphis_adusta,direct,Didelphimorphia,Didelphidae,Monodelphis,LC,0.0
Monodelphis_peruviana,Monodelphis_peruviana,direct,Didelphimorphia,Didelphidae,Monodelphis,LC,0.0
Monodelphis_handleyi,Monodelphis_handleyi,direct,Didelphimorphia,Didelphidae,Monodelphis,DD,0.0
Monodelphis_osgoodi,Monodelphis_osgoodi,direct,Didelphimorphia,Didelphidae,Monodelphis,LC,0.0
Monodelphis_maraxina,Monodelphis_glirina,synonym:nominalName,Didelphimorphia,Didelphidae,Monodelphis,LC,0.0
Monodelphis_ronaldi,Monodelphis_ronaldi,direct,Didelphimorphia,Didelphidae,Monodelphis,LC,0.0
Monodelphis_domestica,Monodelphis_domestica,direct,Didelphimorphia,Didelphidae,Monodelphis,LC,0.0
Monodelphis_glirina,Monodelphis_glirina,direct,Didelphimorphia,Didelphidae,Monodelphis,LC,0.0
Monodelphis_sanctaerosae,Monodelphis_sanctaerosae,direct,Didelphimorphia,Didelphidae,Monodelphis,NE,0.0
Monodelphis_palliolata,Monodelphis_palliolata,direct,Didelphimorphia,Didelphidae,Monodelphis,LC,0.0
Monodelphis_brevicaudata,Monodelphis_brevicaudata,direct,Didelphimorphia,Didelphidae,Monodelphis,LC,0.0
Monodelphis_arlindoi,Monodelphis_arlindoi,direct,Didelphimorphia,Didelphidae,Monodelphis,NE,0.0
Monodelphis_scalops,Monodelphis_scalops,direct,Didelphimorphia,Didelphidae,Monodelphis,LC,0.0
Monodelphis_theresa,Monodelphis_scalops,synonym:nominalName,Didelphimorphia,Didelphidae,Monodelphis,LC,0.0
Monodelphis_rubida,Monodelphis_americana,synonym:nominalName,Didelphimorphia,Didelphidae,Monodelphis,LC,0.0
Monodelphis_dimidiata,Monodelphis_dimidiata,direct,Didelphimorphia,Didelphidae,Monodelphis,LC,0.0
Monodelphis_gardneri,Monodelphis_gardneri,direct,Didelphimorphia,Didelphidae,Monodelphis,NE,0.0
Monodelphis_umbristriatus,,unmatched,,,,,
Monodelphis_unistriatus,,unmatched,,,,,
Monodelphis_americana,Monodelphis_americana,direct,Didelphimorphia,Didelphidae,Monodelphis,LC,0.0
Monodelphis_iheringi,Monodelphis_iheringi,direct,Didelphimorphia,Didelphidae,Monodelphis,DD,0.0
Marmosops_fuscatus,Marmosops_fuscatus,direct,Didelphimorphia,Didelphidae,Marmosops,DD,0.0
Marmosops_invictus,Marmosops_invictus,direct,Didelphimorphia,Didelphidae,Marmosops,LC,0.0
Marmosops_paulensis,Marmosops_paulensis,direct,Didelphimorphia,Didelphidae,Marmosops,LC,0.0
Marmosops_juninensis,Marmosops_juninensis,direct,Didelphimorphia,Didelphidae,Marmosops,VU,0.0
Marmosops_handleyi,Marmosops_handleyi,direct,Didelphimorphia,Didelphidae,Marmosops,CR,0.0
Marmosops_incanus,Marmosops_incanus,direct,Didelphimorphia,Didelphidae,Marmosops,LC,0.0
Marmosops_impavidus,Marmosops_caucae,synonym:MSW3,Didelphimorphia,Didelphidae,Marmosops,LC,0.0
Marmosops_noctivagus,Marmosops_noctivagus,direct,Didelphimorphia,Didelphidae,Marmosops,LC,0.0
Marmosops_ocellatus,Marmosops_ocellatus,direct,Didelphimorphia,Didelphidae,Marmosops,LC,0.0
Marmosops_pinheiroi,Marmosops_pinheiroi,direct,Didelphimorphia,Didelphidae,Marmosops,LC,0.0
Marmosops_cracens,Marmosops_fuscatus,synonym:nominalName,Didelphimorphia,Didelphidae,Marmosops,DD,0.0
Marmosops_pakaraimae,Marmosops_pakaraimae,direct,Didelphimorphia,Didelphidae,Marmosops,VU,0.0
Marmosops_creightoni,Marmosops_creightoni,direct,Didelphimorphia,Didelphidae,Marmosops,DD,0.0
Marmosops_bishopi,Marmosops_bishopi,direct,Didelphimorphia,Didelphidae,Marmosops,LC,0.0
Marmosops_neblina,Marmosops_caucae,synonym:nominalName,Didelphimorphia,Didelphidae,Marmosops,LC,0.0
Marmosops_parvidens,Marmosops_parvidens,direct,Didelphimorphia,Didelphidae,Marmosops,LC,0.0
Gracilinanus_aceramarcae,Gracilinanus_aceramarcae,direct,Didelphimorphia,Didelphidae,Gracilinanus,LC,0.0
Gracilinanus_dryas,Gracilinanus_dryas,direct,Didelphimorphia,Didelphidae,Gracilinanus,LC,0.0
Gracilinanus_agilis,Gracilinanus_agilis,direct,Didelphimorphia,Didelphidae,Gracilinanus,LC,0.0
Gracilinanus_peruanus,Gracilinanus_peruanus,direct,Didelphimorphia,Didelphidae,Gracilinanus,NE,0.0
Gracilinanus_microtarsus,Gracilinanus_microtarsus,direct,Didelphimorphia,Didelphidae,Gracilinanus,LC,0.0
Gracilinanus_emiliae,Gracilinanus_emiliae,direct,Didelphimorphia,Didelphidae,Gracilinanus,DD,0.0
Gracilinanus_marica,Gracilinanus_marica,direct,Didelphimorphia,Didelphidae,Gracilinanus,LC,0.0
Thylamys_tatei,Thylamys_tatei,direct,Didelphimorphia,Didelphidae,Thylamys,DD,0.0
Thylamys_elegans,Thylamys_elegans,direct,Didelphimorphia,Didelphidae,Thylamys,LC,0.0
Thylamys_pallidior,Thylamys_pallidior,direct,Didelphimorphia,Didelphidae,Thylamys,LC,0.0
Thylamys_citellus,Thylamys_citellus,direct,Didelphimorphia,Didelphidae,Thylamys,LC,0.0
Thylamys_pulchellus,Thylamys_pulchellus,direct,Didelphimorphia,Didelphidae,Thylamys,LC,0.0
Thylamys_pusillus,Thylamys_pusillus,direct,Didelphimorphia,Didelphidae,Thylamys,LC,0.0
Thylamys_macrurus,Thylamys_macrurus,direct,Didelphimorphia,Didelphidae,Thylamys,NT,0.0
Thylamys_cinderella,Thylamys_venustus,synonym:nominalName,Didelphimorphia,Didelphidae,Thylamys,DD,0.0
Thylamys_sponsorius,Thylamys_sponsorius,direct,Didelphimorphia,Didelphidae,Thylamys,NE,0.0
Thylamys_fenestrae,Thylamys_pallidior,synonym:nominalName,Didelphimorphia,Didelphidae,Thylamys,LC,0.0
Thylamys_venustus,Thylamys_venustus,direct,Didelphimorphia,Didelphidae,Thylamys,DD,0.0
Thylamys_karimii,Thylamys_karimii,direct,Didelphimorphia,Didelphidae,Thylamys,VU,0.0
Thylamys_velutinus,Thylamys_velutinus,direct,Didelphimorphia,Didelphidae,Thylamys,NT,0.0
Lestodelphys_halli,Lestodelphys_halli,direct,Didelphimorphia,Didelphidae,Lestodelphys,LC,0.0
Chacodelphys_formosa,Chacodelphys_formosa,direct,Didelphimorphia,Didelphidae,Chacodelphys,NT,0.0
Cryptonanus_unduaviensis,Cryptonanus_unduaviensis,direct,Didelphimorphia,Didelphidae,Cryptonanus,DD,0.0
Cryptonanus_agricolai,Cryptonanus_agricolai,direct,Didelphimorphia,Didelphidae,Cryptonanus,DD,0.0
Cryptonanus_chacoensis,Cryptonanus_chacoensis,direct,Didelphimorphia,Didelphidae,Cryptonanus,LC,0.0
Cryptonanus_ignitus,Cryptonanus_chacoensis,synonym:nominalName,Didelphimorphia,Didelphidae,Cryptonanus,LC,0.0
Cryptonanus_guahybae,Cryptonanus_guahybae,direct,Didelphimorphia,Didelphidae,Cryptonanus,DD,0.0
Metachirus_nudicaudatus,Metachirus_nudicaudatus,direct,Didelphimorphia,Didelphidae,Metachirus,LC,0.0
Lutreolina_massoia,Lutreolina_massoia,direct,Didelphimorphia,Didelphidae,Lutreolina,LC,0.0
Lutreolina_crassicaudata,Lutreolina_crassicaudata,direct,Didelphimorphia,Didelphidae,Lutreolina,LC,0.0
Didelphis_virginiana,Didelphis_virginiana,direct,Didelphimorphia,Didelphidae,Didelphis,LC,0.0
Didelphis_marsupialis,Didelphis_marsupialis,direct,Didelphimorphia,Didelphidae,Didelphis,LC,0.0
Didelphis_aurita,Didelphis_aurita,direct,Didelphimorphia,Didelphidae,Didelphis,LC,0.0
Didelphis_pernigra,Didelphis_pernigra,direct,Didelphimorphia,Didelphidae,Didelphis,LC,0.0
Didelphis_imperfecta,Didelphis_imperfecta,direct,Didelphimorphia,Didelphidae,Didelphis,LC,0.0
Didelphis_albiventris,Didelphis_albiventris,direct,Didelphimorphia,Didelphidae,Didelphis,LC,0.0
Philander_mondolfii,Philander_canus,synonym:nominalName,Didelphimorphia,Didelphidae,Philander,NE,0.0
Philander_olrogi,Philander_canus,synonym:nominalName,Didelphimorphia,Didelphidae,Philander,NE,0.0
Philander_opossum,Philander_opossum,direct,Didelphimorphia,Didelphidae,Philander,LC,0.0
Philander_deltae,Philander_deltae,direct,Didelphimorphia,Didelphidae,Philander,LC,0.0
Philander_mcilhennyi,Philander_mcilhennyi,direct,Didelphimorphia,Didelphidae,Philander,LC,0.0
Philander_andersoni,Philander_andersoni,direct,Didelphimorphia,Didelphidae,Philander,LC,0.0
Philander_frenatus,Philander_quica,synonym:MSW3,Didelphimorphia,Didelphidae,Philander,LC,0.0
Chironectes_minimus,Chironectes_minimus,direct,Didelphimorphia,Didelphidae,Chironectes,LC,0.0
Caluromys_philander,Caluromys_philander,direct,Didelphimorphia,Didelphidae,Caluromys,LC,0.0
Caluromys_lanatus,Caluromys_lanatus,direct,Didelphimorphia,Didelphidae,Caluromys,LC,0.0
Caluromys_derbianus,Caluromys_derbianus,direct,Didelphimorphia,Didelphidae,Caluromys,LC,0.0
Caluromysiops_irrupta,Caluromysiops_irruptus,synonym:MSW3,Didelphimorphia,Didelphidae,Caluromysiops,LC,0.0
Dromiciops_gliroides,Dromiciops_gliroides,direct,Microbiotheria,Microbiotheriidae,Dromiciops,NT,0.0
Notoryctes_typhlops,Notoryctes_typhlops,direct,Notoryctemorphia,Notoryctidae,Notoryctes,LC,0.0
Notoryctes_caurinus,Notoryctes_caurinus,direct,Notoryctemorphia,Notoryctidae,Notoryctes,LC,0.0
Macrotis_leucura,Macrotis_leucura,direct,Peramelemorphia,Thylacomyidae,Macrotis,EX,1.0
Macrotis_lagotis,Macrotis_lagotis,direct,Peramelemorphia,Thylacomyidae,Macrotis,VU,0.0
Rhynchomeles_prattorum,Rhynchomeles_prattorum,direct,Peramelemorphia,Peramelidae,Rhynchomeles,EN,0.0
Isoodon_macrourus,Isoodon_macrourus,direct,Peramelemorphia,Peramelidae,Isoodon,LC,0.0
Isoodon_obesulus,Isoodon_obesulus,direct,Peramelemorphia,Peramelidae,Isoodon,LC,0.0
Isoodon_auratus,Isoodon_auratus,direct,Peramelemorphia,Peramelidae,Isoodon,LC,0.0
Perameles_gunnii,Perameles_gunnii,direct,Peramelemorphia,Peramelidae,Perameles,VU,0.0
Perameles_nasuta,Perameles_nasuta,direct,Peramelemorphia,Peramelidae,Perameles,LC,0.0
Perameles_bougainville,Perameles_bougainville,direct,Peramelemorphia,Peramelidae,Perameles,VU,0.0
Perameles_eremiana,Perameles_eremiana,direct,Peramelemorphia,Peramelidae,Perameles,EX,1.0
Peroryctes_raffrayana,Peroryctes_raffrayanus,synonym:MSW3,Peramelemorphia,Peramelidae,Peroryctes,LC,0.0
Peroryctes_broadbenti,Peroryctes_broadbentii,synonym:MSW3,Peramelemorphia,Peramelidae,Peroryctes,EN,0.0
Echymipera_clara,Echymipera_clara,direct,Peramelemorphia,Peramelidae,Echymipera,LC,0.0
Echymipera_kalubu,Echymipera_kalubu,direct,Peramelemorphia,Peramelidae,Echymipera,LC,0.0
Echymipera_rufescens,Echymipera_rufescens,direct,Peramelemorphia,Peramelidae,Echymipera,LC,0.0
Echymipera_echinista,Echymipera_echinista,direct,Peramelemorphia,Peramelidae,Echymipera,DD,0.0
Echymipera_davidi,Echymipera_davidi,direct,Peramelemorphia,Peramelidae,Echymipera,EN,0.0
Microperoryctes_longicauda,Microperoryctes_longicauda,direct,Peramelemorphia,Peramelidae,Microperoryctes,LC,0.0
Microperoryctes_papuensis,Microperoryctes_papuensis,direct,Peramelemorphia,Peramelidae,Microperoryctes,LC,0.0
Microperoryctes_murina,Microperoryctes_murinus,synonym:MSW3,Peramelemorphia,Peramelidae,Microperoryctes,VU,0.0
Microperoryctes_aplini,Microperoryctes_aplini,direct,Peramelemorphia,Peramelidae,Microperoryctes,VU,0.0
Myrmecobius_fasciatus,Myrmecobius_fasciatus,direct,Dasyuromorphia,Myrmecobiidae,Myrmecobius,EN,0.0
Murexia_melanurus,Murexia_melanura,synonym:nominalName,Dasyuromorphia,Dasyuridae,Murexia,LC,0.0
Murexia_naso,Murexia_naso,direct,Dasyuromorphia,Dasyuridae,Murexia,LC,0.0
Murexia_longicaudata,Murexia_longicaudata,direct,Dasyuromorphia,Dasyuridae,Murexia,LC,0.0
Murexia_rothschildi,Murexia_rothschildi,direct,Dasyuromorphia,Dasyuridae,Murexia,NT,0.0
Murexia_habbema,Murexia_habbema,direct,Dasyuromorphia,Dasyuridae,Murexia,LC,0.0
Phascogale_calura,Phascogale_calurus,synonym:MSW3,Dasyuromorphia,Dasyuridae,Phascogale,NT,0.0
Phascogale_pirata,Phascogale_pirata,direct,Dasyuromorphia,Dasyuridae,Phascogale,VU,0.0
Phascogale_tapoatafa,Phascogale_tapoatafa,direct,Dasyuromorphia,Dasyuridae,Phascogale,NT,0.0
Antechinus_adustus,Antechinus_adustus,direct,Dasyuromorphia,Dasyuridae,Antechinus,LC,0.0
Antechinus_leo,Antechinus_leo,direct,Dasyuromorphia,Dasyuridae,Antechinus,LC,0.0
Antechinus_flavipes,Antechinus_flavipes,direct,Dasyuromorphia,Dasyuridae,Antechinus,LC,0.0
Antechinus_arktos,Antechinus_arktos,direct,Dasyuromorphia,Dasyuridae,Antechinus,EN,0.0
Antechinus_bellus,Antechinus_bellus,direct,Dasyuromorphia,Dasyuridae,Antechinus,VU,0.0
Antechinus_godmani,Antechinus_godmani,direct,Dasyuromorphia,Dasyuridae,Antechinus,LC,0.0
Antechinus_argentus,Antechinus_argentus,direct,Dasyuromorphia,Dasyuridae,Antechinus,NE,0.0
Antechinus_agilis,Antechinus_agilis,direct,Dasyuromorphia,Dasyuridae,Antechinus,LC,0.0
Antechinus_subtropicus,Antechinus_subtropicus,direct,Dasyuromorphia,Dasyuridae,Antechinus,LC,0.0
Antechinus_minimus,Antechinus_minimus,direct,Dasyuromorphia,Dasyuridae,Antechinus,LC,0.0
Antechinus_swainsonii,Antechinus_swainsonii,direct,Dasyuromorphia,Dasyuridae,Antechinus,LC,0.0
Antechinus_mysticus,Antechinus_mysticus,direct,Dasyuromorphia,Dasyuridae,Antechinus,NE,0.0
Antechinus_vandycki,Antechinus_vandycki,direct,Dasyuromorphia,Dasyuridae,Antechinus,EN,0.0
Antechinus_stuartii,Antechinus_stuartii,direct,Dasyuromorphia,Dasyuridae,Antechinus,LC,0.0
Pseudantechinus_woolleyae,Pseudantechinus_woolleyae,direct,Dasyuromorphia,Dasyuridae,Pseudantechinus,LC,0.0
Pseudantechinus_roryi,Pseudantechinus_macdonnellensis,synonym:nominalName,Dasyuromorphia,Dasyuridae,Pseudantechinus,LC,0.0
Pseudantechinus_mimulus,Pseudantechinus_mimulus,direct,Dasyuromorphia,Dasyuridae,Pseudantechinus,NT,0.0
Pseudantechinus_macdonnellensis,Pseudantechinus_macdonnellensis,direct,Dasyuromorphia,Dasyuridae,Pseudantechinus,LC,0.0
Pseudantechinus_bilarni,Pseudantechinus_bilarni,direct,Dasyuromorphia,Dasyuridae,Pseudantechinus,NT,0.0
Phascolosorex_dorsalis,Phascolosorex_dorsalis,direct,Dasyuromorphia,Dasyuridae,Phascolosorex,LC,0.0
Phascolosorex_doriae,Phascolosorex_doriae,direct,Dasyuromorphia,Dasyuridae,Phascolosorex,LC,0.0
Neophascogale_lorentzii,Neophascogale_lorentzii,direct,Dasyuromorphia,Dasyuridae,Neophascogale,LC,0.0
Dasyurus_hallucatus,Dasyurus_hallucatus,direct,Dasyuromorphia,Dasyuridae,Dasyurus,EN,0.0
Sarcophilus_harrisii,Sarcophilus_harrisii,direct,Dasyuromorphia,Dasyuridae,Sarcophilus,EN,0.0
Dasyurus_maculatus,Dasyurus_maculatus,direct,Dasyuromorphia,Dasyuridae,Dasyurus,NT,0.0
Dasyurus_viverrinus,Dasyurus_viverrinus,direct,Dasyuromorphia,Dasyuridae,Dasyurus,EN,0.0
Dasyurus_spartacus,Dasyurus_spartacus,direct,Dasyuromorphia,Dasyuridae,Dasyurus,NT,0.0
Dasyurus_geoffroii,Dasyurus_geoffroii,direct,Dasyuromorphia,Dasyuridae,Dasyurus,NT,0.0
Dasyurus_albopunctatus,Dasyurus_albopunctatus,direct,Dasyuromorphia,Dasyuridae,Dasyurus,NT,0.0
Parantechinus_apicalis,Parantechinus_apicalis,direct,Dasyuromorphia,Dasyuridae,Parantechinus,EN,0.0
Pseudantechinus_ningbing,Pseudantechinus_ningbing,direct,Dasyuromorphia,Dasyuridae,Pseudantechinus,LC,0.0
Myoictis_wallacei,Myoictis_wallacii,synonym:nominalName,Dasyuromorphia,Dasyuridae,Myoictis,LC,0.0
Myoictis_wavicus,,unmatched,,,,,
Myoictis_melas,Myoictis_melas,direct,Dasyuromorphia,Dasyuridae,Myoictis,LC,0.0
Myoictis_leucura,Myoictis_leucura,direct,Dasyuromorphia,Dasyuridae,Myoictis,DD,0.0
Dasyuroides_byrnei,Dasyuroides_byrnei,direct,Dasyuromorphia,Dasyuridae,Dasyuroides,VU,0.0
Dasykaluta_rosamondae,Dasykaluta_rosamondae,direct,Dasyuromorphia,Dasyuridae,Dasykaluta,LC,0.0
Dasycercus_cristicauda,Dasycercus_cristicauda,direct,Dasyuromorphia,Dasyuridae,Dasycercus,NT,1.0
Dasycercus_blythi,Dasycercus_blythi,direct,Dasyuromorphia,Dasyuridae,Dasycercus,LC,0.0
Ningaui_yvonneae,Ningaui_yvonneae,direct,Dasyuromorphia,Dasyuridae,Ningaui,LC,0.0
Ningaui_timealeyi,Ningaui_timealeyi,direct,Dasyuromorphia,Dasyuridae,Ningaui,LC,0.0
Ningaui_ridei,Ningaui_ridei,direct,Dasyuromorphia,Dasyuridae,Ningaui,LC,0.0
Sminthopsis_crassicaudata,Sminthopsis_crassicaudata,direct,Dasyuromorphia,Dasyuridae,Sminthopsis,LC,0.0
Sminthopsis_douglasi,Sminthopsis_douglasi,direct,Dasyuromorphia,Dasyuridae,Sminthopsis,NT,0.0
Sminthopsis_macroura,Sminthopsis_macroura,direct,Dasyuromorphia,Dasyuridae,Sminthopsis,LC,0.0
Sminthopsis_virginiae,Sminthopsis_virginiae,direct,Dasyuromorphia,Dasyuridae,Sminthopsis,LC,0.0
Sminthopsis_longicaudata,Antechinomys_longicaudatus,synonym:MSW3,Dasyuromorphia,Dasyuridae,Antechinomys,LC,0.0
Sminthopsis_dolichura,Sminthopsis_dolichura,direct,Dasyuromorphia,Dasyuridae,Sminthopsis,LC,0.0
Sminthopsis_leucopus,Sminthopsis_leucopus,direct,Dasyuromorphia,Dasyuridae,Sminthopsis,LC,0.0
Sminthopsis_gilberti,Sminthopsis_gilberti,direct,Dasyuromorphia,Dasyuridae,Sminthopsis,LC,0.0
Sminthopsis_murina,Sminthopsis_murina,direct,Dasyuromorphia,Dasyuridae,Sminthopsis,LC,0.0
Sminthopsis_archeri,Sminthopsis_archeri,direct,Dasyuromorphia,Dasyuridae,Sminthopsis,DD,0.0
Sminthopsis_butleri,Sminthopsis_butleri,direct,Dasyuromorphia,Dasyuridae,Sminthopsis,VU,0.0
Sminthopsis_bindi,Sminthopsis_bindi,direct,Dasyuromorphia,Dasyuridae,Sminthopsis,NT,0.0
Sminthopsis_aitkeni,Sminthopsis_fuliginosa,synonym:nominalName,Dasyuromorphia,Dasyuridae,Sminthopsis,LC,0.0
Sminthopsis_griseoventer,,unmatched,,,,,
Sminthopsis_fuliginosus,Sminthopsis_fuliginosa,synonym:MSW3,Dasyuromorphia,Dasyuridae,Sminthopsis,LC,0.0
Sminthopsis_hirtipes,Sminthopsis_hirtipes,direct,Dasyuromorphia,Dasyuridae,Sminthopsis,LC,0.0
Sminthopsis_granulipes,Sminthopsis_granulipes,direct,Dasyuromorphia,Dasyuridae,Sminthopsis,LC,0.0
Sminthopsis_psammophila,Sminthopsis_psammophila,direct,Dasyuromorphia,Dasyuridae,Sminthopsis,VU,0.0
Chaeropus_ecaudatus,Chaeropus_ecaudatus,direct,Peramelemorphia,Chaeropodidae,Chaeropus,EX,1.0
Sminthopsis_ooldea,Sminthopsis_ooldea,direct,Dasyuromorphia,Dasyuridae,Sminthopsis,LC,0.0
Sminthopsis_youngsoni,Sminthopsis_youngsoni,direct,Dasyuromorphia,Dasyuridae,Sminthopsis,LC,0.0
Antechinomys_laniger,Antechinomys_laniger,direct,Dasyuromorphia,Dasyuridae,Antechinomys,LC,0.0
Planigale_ingrami,Planigale_ingrami,direct,Dasyuromorphia,Dasyuridae,Planigale,LC,0.0
Planigale_novaeguineae,Planigale_novaeguineae,direct,Dasyuromorphia,Dasyuridae,Planigale,LC,0.0
Planigale_tenuirostris,Planigale_tenuirostris,direct,Dasyuromorphia,Dasyuridae,Planigale,LC,0.0
Planigale_gilesi,Planigale_gilesi,direct,Dasyuromorphia,Dasyuridae,Planigale,LC,0.0
Planigale_maculata,Planigale_maculata,direct,Dasyuromorphia,Dasyuridae,Planigale,LC,0.0
Thylacinus_cynocephalus,Thylacinus_cynocephalus,direct,Dasyuromorphia,Thylacinidae,Thylacinus,EX,1.0
Phascolarctos_cinereus,Phascolarctos_cinereus,direct,Diprotodontia,Phascolarctidae,Phascolarctos,VU,0.0
Vombatus_ursinus,Vombatus_ursinus,direct,Diprotodontia,Vombatidae,Vombatus,LC,0.0
Lasiorhinus_latifrons,Lasiorhinus_latifrons,direct,Diprotodontia,Vombatidae,Lasiorhinus,LC,0.0
Lasiorhinus_krefftii,Lasiorhinus_krefftii,direct,Diprotodontia,Vombatidae,Lasiorhinus,CR,0.0
Cercartetus_nanus,Cercartetus_nana,synonym:MSW3,Diprotodontia,Burramyidae,Cercartetus,LC,0.0
Cercartetus_lepidus,Cercartetus_lepidus,direct,Diprotodontia,Burramyidae,Cercartetus,LC,0.0
Cercartetus_concinnus,Cercartetus_concinnus,direct,Diprotodontia,Burramyidae,Cercartetus,LC,0.0
Cercartetus_caudatus,Cercartetus_caudatus,direct,Diprotodontia,Burramyidae,Cercartetus,LC,0.0
Burramys_parvus,Burramys_parvus,direct,Diprotodontia,Burramyidae,Burramys,CR,0.0
Wyulda_squamicaudata,Wyulda_squamicaudata,direct,Diprotodontia,Phalangeridae,Wyulda,NT,0.0
Trichosurus_vulpecula,Trichosurus_vulpecula,direct,Diprotodontia,Phalangeridae,Trichosurus,LC,0.0
Trichosurus_caninus,Trichosurus_caninus,direct,Diprotodontia,Phalangeridae,Trichosurus,LC,0.0
Trichosurus_cunninghami,Trichosurus_cunninghami,direct,Diprotodontia,Phalangeridae,Trichosurus,LC,0.0
Spilocuscus_kraemeri,Spilocuscus_kraemeri,direct,Diprotodontia,Phalangeridae,Spilocuscus,NT,0.0
Spilocuscus_wilsoni,Spilocuscus_wilsoni,direct,Diprotodontia,Phalangeridae,Spilocuscus,CR,0.0
Spilocuscus_papuensis,Spilocuscus_papuensis,direct,Diprotodontia,Phalangeridae,Spilocuscus,VU,0.0
Spilocuscus_maculatus,Spilocuscus_maculatus,direct,Diprotodontia,Phalangeridae,Spilocuscus,LC,0.0
Spilocuscus_rufoniger,Spilocuscus_rufoniger,direct,Diprotodontia,Phalangeridae,Spilocuscus,CR,0.0
Strigocuscus_pelengensis,Phalanger_pelengensis,synonym:MSW3,Diprotodontia,Phalangeridae,Phalanger,LC,0.0
Phalanger_gymnotis,Phalanger_gymnotis,direct,Diprotodontia,Phalangeridae,Phalanger,LC,0.0
Phalanger_lullulae,Phalanger_lullulae,direct,Diprotodontia,Phalangeridae,Phalanger,EN,0.0
Phalanger_rothschildi,Phalanger_rothschildi,direct,Diprotodontia,Phalangeridae,Phalanger,LC,0.0
Phalanger_alexandrae,Phalanger_alexandrae,direct,Diprotodontia,Phalangeridae,Phalanger,EN,0.0
Phalanger_matanim,Phalanger_matanim,direct,Diprotodontia,Phalangeridae,Phalanger,CR,0.0
Phalanger_matabiru,Phalanger_matabiru,direct,Diprotodontia,Phalangeridae,Phalanger,VU,0.0
Phalanger_mimicus,Phalanger_mimicus,direct,Diprotodontia,Phalangeridae,Phalanger,LC,0.0
Phalanger_vestitus,Phalanger_vestitus,direct,Diprotodontia,Phalangeridae,Phalanger,LC,0.0
Phalanger_orientalis,Phalanger_orientalis,direct,Diprotodontia,Phalangeridae,Phalanger,LC,0.0
Phalanger_carmelitae,Phalanger_carmelitae,direct,Diprotodontia,Phalangeridae,Phalanger,LC,0.0
Phalanger_intercastellanus,Phalanger_intercastellanus,direct,Diprotodontia,Phalangeridae,Phalanger,LC,0.0
Phalanger_sericeus,Phalanger_sericeus,direct,Diprotodontia,Phalangeridae,Phalanger,LC,0.0
Phalanger_ornatus,Phalanger_ornatus,direct,Diprotodontia,Phalangeridae,Phalanger,LC,0.0
Strigocuscus_celebensis,Strigocuscus_celebensis,direct,Diprotodontia,Phalangeridae,Strigocuscus,NT,0.0
Ailurops_ursinus,Ailurops_ursinus,direct,Diprotodontia,Phalangeridae,Ailurops,VU,0.0
Ailurops_melanotis,Ailurops_melanotis,direct,Diprotodontia,Phalangeridae,Ailurops,CR,0.0
Hypsiprymnodon_moschatus,Hypsiprymnodon_moschatus,direct,Diprotodontia,Hypsiprymnodontidae,Hypsiprymnodon,LC,0.0
Lagostrophus_fasciatus,Lagostrophus_fasciatus,direct,Diprotodontia,Macropodidae,Lagostrophus,VU,0.0
Dendrolagus_mayri,Dendrolagus_mayri,direct,Diprotodontia,Macropodidae,Dendrolagus,CR,0.0
Dendrolagus_inustus,Dendrolagus_inustus,direct,Diprotodontia,Macropodidae,Dendrolagus,VU,0.0
Onychogalea_unguifera,Onychogalea_unguifera,direct,Diprotodontia,Macropodidae,Onychogalea,LC,0.0
Onychogalea_fraenata,Onychogalea_frenata,synonym:MSW3,Diprotodontia,Macropodidae,Onychogalea,VU,0.0
Dendrolagus_mbaiso,Dendrolagus_mbaiso,direct,Diprotodontia,Macropodidae,Dendrolagus,EN,0.0
Thylogale_thetis,Thylogale_thetis,direct,Diprotodontia,Macropodidae,Thylogale,LC,0.0
Thylogale_stigmatica,Thylogale_stigmatica,direct,Diprotodontia,Macropodidae,Thylogale,LC,0.0
Thylogale_brunii,Thylogale_brunii,direct,Diprotodontia,Macropodidae,Thylogale,VU,0.0
Thylogale_calabyi,Thylogale_calabyi,direct,Diprotodontia,Macropodidae,Thylogale,EN,0.0
Thylogale_lanatus,,unmatched,,,,,
Thylogale_browni,Thylogale_brownii,synonym:MSW3,Diprotodontia,Macropodidae,Thylogale,VU,0.0
Thylogale_billardierii,Thylogale_billardierii,direct,Diprotodontia,Macropodidae,Thylogale,LC,0.0
Petrogale_persephone,Petrogale_persephone,direct,Diprotodontia,Macropodidae,Petrogale,EN,0.0
Petrogale_burbidgei,Petrogale_burbidgei,direct,Diprotodontia,Macropodidae,Petrogale,NT,0.0
Petrogale_concinna,Petrogale_concinna,direct,Diprotodontia,Macropodidae,Petrogale,EN,0.0
Petrogale_brachyotis,Petrogale_brachyotis,direct,Diprotodontia,Macropodidae,Petrogale,LC,0.0
Petrogale_rothschildi,Petrogale_rothschildi,direct,Diprotodontia,Macropodidae,Petrogale,LC,0.0
Petrogale_godmani,Petrogale_godmani,direct,Diprotodontia,Macropodidae,Petrogale,NT,0.0
Petrogale_purpureicollis,Petrogale_purpureicollis,direct,Diprotodontia,Macropodidae,Petrogale,NT,0.0
Petrogale_coenensis,Petrogale_coenensis,direct,Diprotodontia,Macropodidae,Petrogale,EN,0.0
Petrogale_lateralis,Petrogale_lateralis,direct,Diprotodontia,Macropodidae,Petrogale,VU,0.0
Petrogale_penicillata,Petrogale_penicillata,direct,Diprotodontia,Macropodidae,Petrogale,VU,0.0
Petrogale_herberti,Petrogale_herberti,direct,Diprotodontia,Macropodidae,Petrogale,LC,0.0
Petrogale_sharmani,Petrogale_sharmani,direct,Diprotodontia,Macropodidae,Petrogale,VU,0.0
Petrogale_mareeba,Petrogale_mareeba,direct,Diprotodontia,Macropodidae,Petrogale,NT,0.0
Petrogale_inornata,Petrogale_inornata,direct,Diprotodontia,Macropodidae,Petrogale,LC,0.0
Petrogale_assimilis,Petrogale_assimilis,direct,Diprotodontia,Macropodidae,Petrogale,LC,0.0
Petrogale_xanthopus,Petrogale_xanthopus,direct,Diprotodontia,Macropodidae,Petrogale,NT,0.0
Dendrolagus_lumholtzi,Dendrolagus_lumholtzi,direct,Diprotodontia,Macropodidae,Dendrolagus,NT,0.0
Dendrolagus_pulcherrimus,Dendrolagus_pulcherrimus,direct,Diprotodontia,Macropodidae,Dendrolagus,CR,0.0
Dendrolagus_bennettianus,Dendrolagus_bennettianus,direct,Diprotodontia,Macropodidae,Dendrolagus,NT,0.0
Dendrolagus_matschiei,Dendrolagus_matschiei,direct,Diprotodontia,Macropodidae,Dendrolagus,EN,0.0
Onychogalea_lunata,Onychogalea_lunata,direct,Diprotodontia,Macropodidae,Onychogalea,EX,1.0
Dendrolagus_goodfellowi,Dendrolagus_goodfellowi,direct,Diprotodontia,Macropodidae,Dendrolagus,EN,0.0
Dendrolagus_ursinus,Dendrolagus_ursinus,direct,Diprotodontia,Macropodidae,Dendrolagus,VU,0.0
Dendrolagus_notatus,Dendrolagus_notatus,direct,Diprotodontia,Macropodidae,Dendrolagus,EN,0.0
Dendrolagus_spadix,Dendrolagus_spadix,direct,Diprotodontia,Macropodidae,Dendrolagus,VU,0.0
Dendrolagus_dorianus,Dendrolagus_dorianus,direct,Diprotodontia,Macropodidae,Dendrolagus,VU,0.0
Dendrolagus_scottae,Dendrolagus_scottae,direct,Diprotodontia,Macropodidae,Dendrolagus,CR,0.0
Dorcopsis_hageni,Dorcopsis_hageni,direct,Diprotodontia,Macropodidae,Dorcopsis,LC,0.0
Dorcopsis_muelleri,Dorcopsis_muelleri,direct,Diprotodontia,Macropodidae,Dorcopsis,LC,0.0
Dorcopsis_atrata,Dorcopsis_atrata,direct,Diprotodontia,Macropodidae,Dorcopsis,CR,0.0
Dorcopsis_luctuosa,Dorcopsis_luctuosa,direct,Diprotodontia,Macropodidae,Dorcopsis,VU,0.0
Dorcopsulus_vanheurni,Dorcopsis_vanheurni,synonym:MSW3,Diprotodontia,Macropodidae,Dorcopsis,NT,0.0
Dorcopsulus_macleayi,Dorcopsis_macleayi,synonym:MSW3,Diprotodontia,Macropodidae,Dorcopsis,LC,0.0
Wallabia_bicolor,Wallabia_bicolor,direct,Diprotodontia,Macropodidae,Wallabia,LC,0.0
Macropus_irma,Notamacropus_irma,synonym:MSW3,Diprotodontia,Macropodidae,Notamacropus,LC,0.0
Macropus_parma,Notamacropus_parma,synonym:MSW3,Diprotodontia,Macropodidae,Notamacropus,VU,0.0
Macropus_parryi,Notamacropus_parryi,synonym:MSW3,Diprotodontia,Macropodidae,Notamacropus,LC,0.0
Macropus_greyi,Notamacropus_greyi,synonym:MSW3,Diprotodontia,Macropodidae,Notamacropus,EX,1.0
Macropus_agilis,Notamacropus_agilis,synonym:MSW3,Diprotodontia,Macropodidae,Notamacropus,LC,0.0
Macropus_eugenii,Notamacropus_eugenii,synonym:MSW3,Diprotodontia,Macropodidae,Notamacropus,LC,0.0
Macropus_bernardus,Osphranter_bernardus,synonym:MSW3,Diprotodontia,Macropodidae,Osphranter,NT,0.0
Macropus_dorsalis,Notamacropus_dorsalis,synonym:MSW3,Diprotodontia,Macropodidae,Notamacropus,LC,0.0
Macropus_rufogriseus,Notamacropus_rufogriseus,synonym:MSW3,Diprotodontia,Macropodidae,Notamacropus,LC,0.0
Macropus_robustus,Osphranter_robustus,synonym:MSW3,Diprotodontia,Macropodidae,Osphranter,LC,0.0
Macropus_antilopinus,Osphranter_antilopinus,synonym:MSW3,Diprotodontia,Macropodidae,Osphranter,LC,0.0
Macropus_rufus,Osphranter_rufus,synonym:MSW3,Diprotodontia,Macropodidae,Osphranter,LC,0.0
Macropus_giganteus,Macropus_giganteus,direct,Diprotodontia,Macropodidae,Macropus,LC,0.0
Macropus_fuliginosus,Macropus_fuliginosus,direct,Diprotodontia,Macropodidae,Macropus,LC,0.0
Lagorchestes_hirsutus,Lagorchestes_hirsutus,direct,Diprotodontia,Macropodidae,Lagorchestes,NT,0.0
Lagorchestes_leporides,Lagorchestes_leporides,direct,Diprotodontia,Macropodidae,Lagorchestes,EX,1.0
Lagorchestes_asomatus,Lagorchestes_asomatus,direct,Diprotodontia,Macropodidae,Lagorchestes,EX,1.0
Lagorchestes_conspicillatus,Lagorchestes_conspicillatus,direct,Diprotodontia,Macropodidae,Lagorchestes,LC,0.0
Dendrolagus_stellarum,Dendrolagus_stellarum,direct,Diprotodontia,Macropodidae,Dendrolagus,VU,0.0
Setonix_brachyurus,Setonix_brachyurus,direct,Diprotodontia,Macropodidae,Setonix,VU,0.0
Potorous_longipes,Potorous_longipes,direct,Diprotodontia,Potoroidae,Potorous,VU,0.0
Potorous_tridactylus,Potorous_tridactylus,direct,Diprotodontia,Potoroidae,Potorous,NT,0.0
Potorous_platyops,Potorous_platyops,direct,Diprotodontia,Potoroidae,Potorous,EX,1.0
Potorous_gilbertii,Potorous_gilbertii,direct,Diprotodontia,Potoroidae,Potorous,CR,0.0
Bettongia_gaimardi,Bettongia_gaimardi,direct,Diprotodontia,Potoroidae,Bettongia,NT,0.0
Bettongia_tropica,Bettongia_tropica,direct,Diprotodontia,Potoroidae,Bettongia,EN,0.0
Bettongia_penicillata,Bettongia_penicillata,direct,Diprotodontia,Potoroidae,Bettongia,NT,1.0
Bettongia_lesueur,Bettongia_lesueur,direct,Diprotodontia,Potoroidae,Bettongia,NT,0.0
Bettongia_pusilla,Bettongia_pusilla,direct,Diprotodontia,Potoroidae,Bettongia,EX,1.0
Caloprymnus_campestris,Caloprymnus_campestris,direct,Diprotodontia,Potoroidae,Caloprymnus,EX,1.0
Aepyprymnus_rufescens,Aepyprymnus_rufescens,direct,Diprotodontia,Potoroidae,Aepyprymnus,LC,0.0
Tarsipes_rostratus,Tarsipes_rostratus,direct,Diprotodontia,Tarsipedidae,Tarsipes,LC,0.0
Pseudochirops_archeri,Pseudochirops_archeri,direct,Diprotodontia,Pseudocheiridae,Pseudochirops,NT,0.0
Petropseudes_dahli,Pseudochirops_dahlii,synonym:MSW3,Diprotodontia,Pseudocheiridae,Pseudochirops,LC,0.0
Pseudochirops_coronatus,Pseudochirops_coronatus,direct,Diprotodontia,Pseudocheiridae,Pseudochirops,VU,0.0
Pseudochirops_albertisii,Pseudochirops_albertisii,direct,Diprotodontia,Pseudocheiridae,Pseudochirops,NT,0.0
Pseudochirops_cupreus,Pseudochirops_cupreus,direct,Diprotodontia,Pseudocheiridae,Pseudochirops,LC,0.0
Pseudochirops_corinnae,Pseudochirops_corinnae,direct,Diprotodontia,Pseudocheiridae,Pseudochirops,NT,0.0
Pseudochirulus_schlegeli,Pseudochirulus_schlegelii,synonym:MSW3,Diprotodontia,Pseudocheiridae,Pseudochirulus,VU,0.0
Pseudochirulus_larvatus,Pseudochirulus_larvatus,direct,Diprotodontia,Pseudocheiridae,Pseudochirulus,LC,0.0
Pseudochirulus_herbertensis,Pseudochirulus_herbertensis,direct,Diprotodontia,Pseudocheiridae,Pseudochirulus,LC,0.0
Pseudochirulus_caroli,Pseudochirulus_caroli,direct,Diprotodontia,Pseudocheiridae,Pseudochirulus,LC,0.0
Pseudochirulus_mayeri,Pseudochirulus_mayeri,direct,Diprotodontia,Pseudocheiridae,Pseudochirulus,LC,0.0
Pseudochirulus_forbesi,Pseudochirulus_forbesi,direct,Diprotodontia,Pseudocheiridae,Pseudochirulus,LC,0.0
Pseudochirulus_cinereus,Pseudochirulus_cinereus,direct,Diprotodontia,Pseudocheiridae,Pseudochirulus,NT,0.0
Pseudochirulus_canescens,Pseudochirulus_canescens,direct,Diprotodontia,Pseudocheiridae,Pseudochirulus,LC,0.0
Pseudocheirus_peregrinus,Pseudocheirus_peregrinus,direct,Diprotodontia,Pseudocheiridae,Pseudocheirus,LC,0.0
Pseudocheirus_occidentalis,Pseudocheirus_occidentalis,direct,Diprotodontia,Pseudocheiridae,Pseudocheirus,CR,0.0
Petauroides_volans,Petauroides_volans,direct,Diprotodontia,Pseudocheiridae,Petauroides,EN,0.0
Hemibelideus_lemuroides,Hemibelideus_lemuroides,direct,Diprotodontia,Pseudocheiridae,Hemibelideus,NT,0.0
Petaurus_abidi,Petaurus_abidi,direct,Diprotodontia,Petauridae,Petaurus,CR,0.0
Petaurus_biacensis,Petaurus_biacensis,direct,Diprotodontia,Petauridae,Petaurus,LC,0.0
Petaurus_gracilis,Petaurus_gracilis,direct,Diprotodontia,Petauridae,Petaurus,EN,0.0
Petaurus_norfolcensis,Petaurus_norfolcensis,direct,Diprotodontia,Petauridae,Petaurus,LC,0.0
Petaurus_breviceps,Petaurus_breviceps,direct,Diprotodontia,Petauridae,Petaurus,LC,0.0
Petaurus_australis,Petaurus_australis,direct,Diprotodontia,Petauridae,Petaurus,VU,0.0
Gymnobelideus_leadbeateri,Gymnobelideus_leadbeateri,direct,Diprotodontia,Petauridae,Gymnobelideus,CR,0.0
Dactylopsila_trivirgata,Dactylopsila_trivirgata,direct,Diprotodontia,Petauridae,Dactylopsila,LC,0.0
Dactylopsila_tatei,Dactylopsila_tatei,direct,Diprotodontia,Petauridae,Dactylopsila,EN,0.0
Dactylopsila_megalura,Dactylopsila_megalura,direct,Diprotodontia,Petauridae,Dactylopsila,LC,0.0
Dactylonax_palpator,Dactylonax_palpator,direct,Diprotodontia,Petauridae,Dactylonax,LC,0.0
Distoechurus_pennatus,Distoechurus_pennatus,direct,Diprotodontia,Acrobatidae,Distoechurus,LC,0.0
Acrobates_pygmaeus,Acrobates_pygmaeus,direct,Diprotodontia,Acrobatidae,Acrobates,LC,0.0
