EDGErank,EDrank,species,common_name,order,family,RLcat,EDGEmed,EDGEiqr,EDmed,EDiqr,pextmed,pextiqr,TBLmn,isEDGEsp_frac,is_EDGE_species,n_trees,match,matched_IUCN_name,on_vgp_list,has_vgp_genome,vgp_placement_tier,vgp_name,vgp_accession
1,8,Thaumatibis_gigantea,Giant Ibis,Pelecaniformes,Threskiornithidae,CR,54.5262015625442,6.52069384180272,57.101582035,6.179843735,0.971498576647875,0.0571395133431182,56.95018835979,1.0,1,1000,direct,Thaumatibis_gigantea,False,False,,,
3,33,Aegotheles_savesi,New Caledonian Owlet-nightjar,Apodiformes,Aegothelidae,CR,32.9221534494045,17.7612510150973,34.9352668347904,18.6198107237979,0.971854726047593,0.057792106433079,35.39402743783,1.0,1,1000,direct,Aegotheles_savesi,False,False,,,
4,5,Sagittarius_serpentarius,Secretarybird,Accipitriformes,Accipitridae,EN,30.6677357048954,17.3589398407296,62.90503919,9.67878145000001,0.492576845993419,0.298715342916793,61.92039897585,1.0,1,1000,direct,Sagittarius_serpentarius,False,False,,,
5,59,Sypheotides_indicus,Lesser Florican,Otidiformes,Otididae,CR,30.0153357360284,7.74196769496971,31.5305823860897,8.19995958802597,0.971707080790991,0.0620305235967866,14.715473813636,1.0,1,1000,direct,Sypheotides_indicus,False,False,,,
6,58,Houbaropsis_bengalensis,Bengal Florican,Otidiformes,Otididae,CR,29.9721824390609,7.96639734333139,31.5736500292072,7.89557632304436,0.971505608599889,0.0620305235967866,14.715473813636,1.0,1,1000,direct,Houbaropsis_bengalensis,False,False,,,
7,60,Macrocephalon_maleo,Maleo,Galliformes,Megapodiidae,CR,29.9178752336252,8.98666326145895,31.4031682250011,9.40226994001297,0.968830010121846,0.0599960338456416,32.35645755685,1.0,1,1000,direct,Macrocephalon_maleo,False,False,,,
8,102,Didunculus_strigirostris,Tooth-billed Pigeon,Columbiformes,Columbidae,CR,25.2466996826189,4.60286297346163,26.79504735518,4.38115190967114,0.9704099280023,0.0616816717902381,26.64439696829,1.0,1,1000,direct,Didunculus_strigirostris,False,False,,,
9,143,Pithecophaga_jefferyi,Philippine Eagle,Accipitriformes,Accipitridae,CR,22.8545215240694,3.78752904593324,24.029182235,3.58748114735033,0.972806488159812,0.0617619402910451,23.839201704,1.0,1,1000,direct,Pithecophaga_jefferyi,False,False,,,
10,157,Gymnogyps_californianus,California Condor,Accipitriformes,Cathartidae,CR,22.1572323499434,11.7571165196395,23.3783429058943,11.9667774552711,0.972025092065859,0.0613961641498925,23.564430957844,1.0,1,1000,direct,Gymnogyps_californianus,False,False,,,
12,218,Eurynorhynchus_pygmeus,Spoon-billed Sandpiper,Charadriiformes,Scolopacidae,CR,18.783695961311,3.70287575680388,19.79556547,3.6764950725,0.972560706395817,0.0541662724833972,19.95480334588,1.0,1,1000,GBIF_accepted,Calidris_pygmaea,False,False,,,
13,27,Pedionomus_torquatus,Plains-wanderer,Charadriiformes,Pedionomidae,EN,18.7234477581256,9.84213997637467,37.7386138482703,6.41571029615428,0.497307899702545,0.273369732781025,36.1348917155857,1.0,1,1000,direct,Pedionomus_torquatus,False,False,,,
14,322,Callaeas_cinereus,South Island Kokako,Passeriformes,Callaeatidae,CR,16.0582137183143,5.89998740945682,16.6799312049949,6.20167936888755,0.971995687873293,0.0604493551148847,16.246412676225,1.0,1,1000,direct,Callaeas_cinereus,False,False,,,
15,57,Eutriorchis_astur,Madagascar Serpent-eagle,Accipitriformes,Accipitridae,EN,15.6920818918139,8.98855832133439,31.6898406419023,4.53191339654141,0.498270458318888,0.298825719784032,31.65360429894,1.0,1,1000,direct,Eutriorchis_astur,False,False,,,
16,333,Rhinoplax_vigil,Helmeted Hornbill,Bucerotiformes,Bucerotidae,CR,15.6705772173874,9.38294175090649,16.4396350869944,9.66457605206726,0.970374942344699,0.0624699271332836,17.35405323092,1.0,1,1000,direct,Rhinoplax_vigil,False,False,,,
17,63,Taoniscus_nanus,Dwarf Tinamou,Tinamiformes,Tinamidae,EN,14.3612465473864,12.5887695507762,30.8581439688138,21.2279515656121,0.470736776009087,0.283629264522689,30.6308686508778,0.989,1,1000,direct,Taoniscus_nanus,False,False,,,
18,75,Oreoscopus_gutturalis,Fernwren,Passeriformes,Acanthizidae,EN,14.1676249479193,7.47388270148247,29.3642921,6.151414965,0.49532741591327,0.273171106002089,29.2406060517,1.0,1,1000,direct,Oreoscopus_gutturalis,False,False,,,
19,82,Xenicus_gilviventris,New Zealand Rockwren,Passeriformes,Acanthisittidae,EN,13.2879939811113,15.9190998768713,28.380044707368,30.5760684084423,0.483772291346153,0.280934310642477,28.187893696147,0.988,1,1000,direct,Xenicus_gilviventris,False,False,,,
20,97,Atrichornis_rufescens,Rufous Scrub-bird,Passeriformes,Atrichornithidae,EN,12.9914297680143,9.00717005711375,27.1339469402272,14.1115774567835,0.487816086382669,0.271233380676531,17.7785711297579,1.0,1,1000,direct,Atrichornis_rufescens,False,False,,,
21,96,Atrichornis_clamosus,Noisy Scrub-bird,Passeriformes,Atrichornithidae,EN,12.9221209840983,8.88370330538528,27.3643532113311,14.3603380620948,0.488202543034757,0.271977796488104,17.7785711297579,1.0,1,1000,direct,Atrichornis_clamosus,False,False,,,
22,121,Neophron_percnopterus,Egyptian Vulture,Accipitriformes,Accipitridae,EN,12.8708234575948,7.50796753739732,25.8006720058841,4.16209720769605,0.49895636048105,0.298903475945531,24.84801355442,1.0,1,1000,direct,Neophron_percnopterus,False,False,,,
24,577,Sarcogyps_calvus,Red-headed Vulture,Accipitriformes,Accipitridae,CR,12.3563733003456,2.15839330610262,12.9730204147128,2.14196246904244,0.972336952816696,0.0617755096373809,12.820096295218,1.0,1,1000,direct,Sarcogyps_calvus,False,False,,,
25,594,Necrosyrtes_monachus,Hooded Vulture,Accipitriformes,Accipitridae,CR,12.1926292993939,2.32489251479853,12.8094107940213,2.2613547887385,0.972420504191453,0.061630186732518,12.77764983269,1.0,1,1000,direct,Necrosyrtes_monachus,False,False,,,
26,643,Heliopais_personatus,Masked Finfoot,Gruiformes,Heliornithidae,CR,11.89417968801,12.2917630215156,12.3656088162427,12.9068348429207,0.971299925216418,0.0560937879819032,10.799966535681,0.791,1,1000,direct,Heliopais_personatus,False,False,,,
27,152,Heteroglaux_blewitti,,Strigiformes,Strigidae,EN,11.7092718701841,6.46279572856055,23.5244919555899,5.42302308964211,0.501011484710204,0.298635493306252,23.7466823245,1.0,1,1000,GBIF_iucn_link,Heteroglaux_blewitti,False,False,,,
28,15,Balaeniceps_rex,Shoebill,Pelecaniformes,Balaenicipitidae,VU,11.6226710449334,3.99355493707184,49.1373291744278,8.54195344116362,0.244717018740768,0.0778625085425587,48.48594001579,1.0,1,1000,direct,Balaeniceps_rex,False,False,,,
31,870,Pezoporus_occidentalis,Night Parrot,Psittaciformes,Psittacidae,CR,10.2261491817563,4.23896695447872,10.7233275322828,4.36685603341544,0.972093450741895,0.0570619815655737,10.439010461753,1.0,1,1000,direct,Pezoporus_occidentalis,False,False,,,
32,194,Terathopius_ecaudatus,Bateleur,Accipitriformes,Accipitridae,EN,10.2058289430603,5.84502100429533,20.7546604671716,3.35452871639239,0.501983737955544,0.303704274112682,20.63534402607,1.0,1,1000,direct,Terathopius_ecaudatus,False,False,,,
33,167,Nipponia_nippon,Asian Crested Ibis,Pelecaniformes,Threskiornithidae,EN,10.0668603422786,9.80162030979624,22.581451181255,18.682236888326,0.49234051704112,0.281132321508049,20.2305429239575,0.954,1,1000,direct,Nipponia_nippon,False,False,,,
34,920,Centropus_steerii,Black-hooded Coucal,Cuculiformes,Cuculidae,CR,9.92369162695936,2.96647125214622,10.4258393077275,2.93232026487692,0.971512663127861,0.061507069590897,9.59563029752337,0.961,1,1000,direct,Centropus_steerii,False,False,,,
35,949,Alcedo_euryzona,Javan Blue-banded Kingfisher,Coraciiformes,Alcedinidae,CR,9.73351134082734,2.21419975453308,10.2191198092089,2.1801937530739,0.968854859408465,0.0594491204937018,10.218634747153,0.993,1,1000,direct,Alcedo_euryzona,False,False,,,
36,1048,Podiceps_gallardoi,Hooded Grebe,Podicipediformes,Podicipedidae,CR,9.35667249694595,6.42923312903461,9.7292562270116,6.82642940397451,0.970945315981455,0.0579123830607127,9.5347102519359,0.913,1,1000,direct,Podiceps_gallardoi,False,False,,,
37,25,Vultur_gryphus,Andean Condor,Accipitriformes,Cathartidae,VU,9.26610479840765,4.6802808990747,39.209245307654,14.8044435293776,0.245486059622992,0.0805096154064454,39.206014829745,1.0,1,1000,direct,Vultur_gryphus,False,False,,,
38,236,Xenoperdix_udzungwensis,Udzungwa Forest-partridge,Galliformes,Phasianidae,EN,9.00482201622412,6.14645114497414,19.123592875,8.3306971,0.477621450477274,0.282682236150283,17.9811987021272,0.999,1,1000,direct,Xenoperdix_udzungwensis,False,False,,,
40,1235,Rheinardia_ocellata,Annamite Crested Argus,Galliformes,Phasianidae,CR,8.54266813624547,2.84237167790522,8.96747846872481,2.79096971475604,0.966604554015843,0.064549029948457,5.217802576189,1.0,1,1000,direct,Rheinardia_ocellata,False,False,,,
41,271,Oriolus_mellianus,Silver Oriole,Passeriformes,Oriolidae,EN,8.42096561578515,5.08363036697565,17.8947079802495,6.18636996,0.49081185058382,0.270420295208818,16.9718632966277,0.983,1,1000,direct,Oriolus_mellianus,False,False,,,
42,1276,Cacatua_haematuropygia,Philippine Cockatoo,Psittaciformes,Psittacidae,CR,8.3254747526368,3.97059178868283,8.7890757497592,4.07677324896521,0.970294771726362,0.0625710973640616,8.56199939098305,0.921,1,1000,direct,Cacatua_haematuropygia,False,False,,,
43,43,Notiomystis_cincta,Stitchbird,Passeriformes,Meliphagidae,VU,7.98755147392548,3.09355577685438,34.1498308090786,8.77543981361243,0.245560021996505,0.0755672935379523,33.72771094715,1.0,1,1000,direct,Notiomystis_cincta,False,False,,,
44,352,Rostratula_australis,Australian Painted-snipe,Charadriiformes,Rostratulidae,EN,7.89750398141889,4.32100897983975,15.8872040006034,4.23513045673928,0.498809052118847,0.280141084262028,15.26162353323,1.0,1,1000,direct,Rostratula_australis,False,False,,,
45,338,Nestor_notabilis,Kea,Psittaciformes,Psittacidae,EN,7.89328614429237,4.11897012916994,16.3236860161974,4.02013062583005,0.486437580716684,0.281674454382362,3.5541531245893,1.0,1,1000,direct,Nestor_notabilis,False,False,,,
46,1466,Trigonoceps_occipitalis,White-headed Vulture,Accipitriformes,Accipitridae,CR,7.68317306461776,1.64190686685145,8.03621362553982,1.66310625936258,0.972336952816696,0.0616230435864713,7.603743938423,1.0,1,1000,direct,Trigonoceps_occipitalis,False,False,,,
47,436,Papasula_abbotti,Abbott's Booby,Suliformes,Sulidae,EN,7.41649257888017,4.9089523991343,14.6552927520469,6.91014423944136,0.489551677502135,0.291084993042552,16.029013293108,1.0,1,1000,direct,Papasula_abbotti,False,False,,,
48,395,Aceros_comatus,White-crowned Hornbill,Bucerotiformes,Bucerotidae,EN,7.36126564992822,6.97618068867062,15.0825071405912,14.0798336487639,0.483609965019662,0.29719531197403,13.4715859676456,0.964,1,1000,GBIF_accepted,Berenicornis_comatus,False,False,,,
49,381,Dasyornis_longirostris,Western Bristlebird,Passeriformes,Dasyornithidae,EN,7.34862527872928,9.01545961966867,15.3690119292329,18.4035098084901,0.501016967705638,0.273251592832772,16.0430216398323,0.918,1,1000,direct,Dasyornis_longirostris,False,False,,,
50,1594,Heteromirafra_archeri,Liben Lark,Passeriformes,Alaudidae,CR,7.2582766948041,4.78742161561551,7.68448303447792,5.01746535820612,0.969011460749559,0.0610791761979455,3.40656289284265,0.916,1,1000,direct,Heteromirafra_archeri,False,False,,,
51,331,Otus_ireneae,Sokoke Scops-owl,Strigiformes,Strigidae,EN,7.25239431918936,7.7110453899121,16.4608683874021,15.1970124480761,0.511434742793654,0.29367623128297,14.1025470672245,0.863,1,1000,direct,Otus_ireneae,False,False,,,
52,1624,Heteromirafra_sidamoensis,,Passeriformes,Alaudidae,CR,7.21897251592878,4.68589195844325,7.61950866062815,4.99865239116679,0.969024925451606,0.0612259004595315,3.61873083655136,0.927,1,1000,GBIF_iucn_link,Heteromirafra_sidamoensis,False,False,,,
53,385,Oceanodroma_homochroa,,Procellariiformes,Hydrobatidae,EN,7.12134279781411,6.24789140113748,15.2619580833238,10.8876713381783,0.492028183421605,0.275267895877187,13.5212247317743,0.919,1,1000,GBIF_iucn_link,Oceanodroma_homochroa,False,False,,,
54,76,Nestor_meridionalis,New Zealand Kaka,Psittaciformes,Psittacidae,VU,7.07863155181357,3.31595313659071,29.3161874924021,14.6812422741889,0.242726225323331,0.0777505072249154,3.5541531245893,1.0,1,1000,direct,Nestor_meridionalis,False,False,,,
55,73,Psittrichas_fulgidus,Pesquet's Parrot,Psittaciformes,Psittacidae,VU,7.02437224447742,2.8285274937668,29.5885201864581,9.40923595638234,0.246155748158664,0.076540435628742,29.64274048715,1.0,1,1000,direct,Psittrichas_fulgidus,False,False,,,
56,1691,Calyptorhynchus_baudinii,,Psittaciformes,Psittacidae,CR,7.02315601525,8.60425605400189,7.43087323268069,8.97655261314428,0.970294771726362,0.0627771779634298,8.29828780213146,0.753,1,1000,GBIF_iucn_link,Calyptorhynchus_baudinii,False,False,,,
57,480,Carpococcyx_viridis,Sumatran Ground-cuckoo,Cuculiformes,Cuculidae,EN,7.01446668806151,6.07957447871557,14.1570259146872,11.6283512259785,0.490619690750546,0.279002372204209,9.8993585916827,0.998,1,1000,direct,Carpococcyx_viridis,False,False,,,
58,1765,Oceanites_maorianus,,Procellariiformes,Hydrobatidae,CR,6.93514662834364,9.8445282036054,7.21606496469441,10.4401294605571,0.972616386358256,0.0555131405010192,8.11680155234986,0.768,1,1000,GBIF_iucn_link,Oceanites_maorianus,False,False,,,
59,1777,Grus_leucogeranus,,Gruiformes,Gruidae,CR,6.85070751825289,1.92966447057201,7.18941687259538,1.96042336471248,0.97086919973591,0.057044338617382,7.40331461116,0.999,1,1000,GBIF_iucn_link,Grus_leucogeranus,False,False,,,
60,557,Carpococcyx_renauldi,Coral-billed Ground-cuckoo,Cuculiformes,Cuculidae,EN,6.82923213849302,5.51792260162769,13.2283982628666,10.2865579392979,0.490162490669511,0.277937946964777,8.51018455977559,0.998,1,1000,direct,Carpococcyx_renauldi,False,False,,,
61,93,Leipoa_ocellata,Malleefowl,Galliformes,Megapodiidae,VU,6.72317077839121,2.70072556105907,27.5869078126465,8.46709349189629,0.240793998821969,0.0773625094755101,28.642897431912,1.0,1,1000,direct,Leipoa_ocellata,False,False,,,
62,506,Zavattariornis_stresemanni,Ethiopian Bushcrow,Passeriformes,Corvidae,EN,6.6371058496369,3.8356452802319,13.7643669848485,3.66888067614547,0.491122998629232,0.27802021662718,13.79623842033,1.0,1,1000,direct,Zavattariornis_stresemanni,False,False,,,
63,516,Psittacus_erithacus,Grey Parrot,Psittaciformes,Psittacidae,EN,6.57642656497806,3.9895806853737,13.6520588750726,4.43666729505314,0.497575299627972,0.280133274463088,13.741898240121,1.0,1,1000,direct,Psittacus_erithacus,False,False,,,
64,1910,Charadrius_obscurus,Southern Red-breasted Plover,Charadriiformes,Charadriidae,CR,6.49690064892398,7.64645362107616,6.83095372376053,8.10693052596377,0.972675212241516,0.0542219229106979,7.76715756372214,0.745,1,1000,direct,Charadrius_obscurus,False,False,,,
65,1941,Colluricincla_sanghirensis,Sangihe Whistler,Passeriformes,Colluricinclidae,CR,6.48576710243152,4.06945557874625,6.75890950668672,4.28360712023352,0.972311063947659,0.0553971230960999,6.83595082284,0.866,1,1000,GBIF_accepted,Coracornis_sanghirensis,False,False,,,
66,100,Francolinus_nahani,Nahan's Partridge,Galliformes,Phasianidae,VU,6.45599350668155,2.46786334908618,26.891484325,7.75868541,0.24242329469329,0.0776952920228186,27.55134411067,1.0,1,1000,GBIF_accepted,Ptilopachus_nahani,False,False,,,
67,1947,Phoebastria_irrorata,Waved Albatross,Procellariiformes,Diomedeidae,CR,6.44648759952539,1.95696867693509,6.74468671417273,1.98478829840693,0.972616386358256,0.0552676265606227,6.682355160851,0.998,1,1000,direct,Phoebastria_irrorata,False,False,,,
68,1949,Pycnonotus_zeylanicus,Straw-headed Bulbul,Passeriformes,Pycnonotidae,CR,6.39317034597045,3.1878539792395,6.74200190527272,3.29631334769992,0.969698586751521,0.0615172539461711,5.7937647253749,0.813,1,1000,direct,Pycnonotus_zeylanicus,False,False,,,
69,570,Thinornis_novaeseelandiae,Shore Plover,Charadriiformes,Charadriidae,EN,6.37777566055625,3.74428236661681,13.0269755226616,4.39653811178412,0.503212905819051,0.267263665129818,13.027791481399,1.0,1,1000,direct,Thinornis_novaeseelandiae,False,False,,,
70,1977,Eurochelidon_sirintarae,White-eyed River Martin,Passeriformes,Hirundinidae,CR,6.33836805495278,1.90032028316641,6.66421501580884,1.99179049320057,0.972959732882598,0.0562555141298544,5.822877907345,0.997,1,1000,direct,Eurochelidon_sirintarae,False,False,,,
72,104,Pityriasis_gymnocephala,Bornean Bristlehead,Passeriformes,Pityriaseidae,VU,6.31128152018935,2.14360427904194,26.540190905,6.12947946133117,0.245560021996505,0.0755129792859107,26.47195737405,1.0,1,1000,direct,Pityriasis_gymnocephala,False,False,,,
73,2007,Anthracoceros_montani,Sulu Hornbill,Bucerotiformes,Bucerotidae,CR,6.27901979144852,6.6979792848615,6.60141368141026,7.03985179275946,0.97084699992479,0.060826192533109,7.03751473487368,0.774,1,1000,direct,Anthracoceros_montani,False,False,,,
74,2112,Vanellus_gregarius,Sociable Lapwing,Charadriiformes,Charadriidae,CR,6.1879153448063,7.96211241986093,6.39106963400348,8.25869873841145,0.973030657356017,0.0540628300672708,7.92257987462631,0.711,1,1000,direct,Vanellus_gregarius,False,False,,,
75,125,Harpyopsis_novaeguineae,Papuan Eagle,Accipitriformes,Accipitridae,VU,6.10142481787127,2.02461778290693,25.3834502298266,3.98551673268582,0.245771469441435,0.0806995849761375,25.09581137738,1.0,1,1000,direct,Harpyopsis_novaeguineae,False,False,,,
76,2137,Pseudibis_davisoni,White-shouldered Ibis,Pelecaniformes,Threskiornithidae,CR,6.09717662796361,7.98568505761455,6.34057114322761,8.42498925339341,0.971278929328596,0.0569347835687402,7.65608941872651,0.703,1,1000,direct,Pseudibis_davisoni,False,False,,,
77,2203,Bostrychia_bocagei,Dwarf Ibis,Pelecaniformes,Threskiornithidae,CR,5.98952501517323,8.2571388858624,6.21056603318385,8.51478277165023,0.971266495185197,0.057102734637152,7.88658380467992,0.72,1,1000,direct,Bostrychia_bocagei,False,False,,,
78,706,Oreophasis_derbianus,Horned Guan,Galliformes,Cracidae,EN,5.88701397189858,3.31824333525523,11.9011251500238,2.4823034,0.48326944765462,0.289051292371276,11.971807541809,1.0,1,1000,direct,Oreophasis_derbianus,False,False,,,
79,134,Brachypteracias_leptosomus,Short-legged Ground-roller,Coraciiformes,Brachypteraciidae,VU,5.88278715160212,2.80794990175241,24.8942328761516,9.94782679485859,0.240643934366684,0.0758067937001075,25.871515517552,1.0,1,1000,direct,Brachypteracias_leptosomus,False,False,,,
80,677,Polemaetus_bellicosus,Martial Eagle,Accipitriformes,Accipitridae,EN,5.86105654584178,3.28263152227868,12.07075162,1.8064098575,0.491950180289559,0.298099405752293,12.009877010484,1.0,1,1000,direct,Polemaetus_bellicosus,False,False,,,
81,2281,Leucopeza_semperi,Semper's Warbler,Passeriformes,Parulidae,CR,5.74262353727999,1.70392324326583,6.079540597,1.715917582,0.969345003775793,0.0614765184377637,6.094804287733,0.99,1,1000,direct,Leucopeza_semperi,False,False,,,
82,153,Monias_benschi,Subdesert Mesite,Mesitornithiformes,Mesitornithidae,VU,5.70977531648864,2.35662217732362,23.5160659546799,7.99083401140752,0.245326002351325,0.0784820983049037,21.340367431418,1.0,1,1000,direct,Monias_benschi,True,False,,,
83,2353,Ara_glaucogularis,Blue-throated Macaw,Psittaciformes,Psittacidae,CR,5.70007704411141,3.04350675990166,5.97915265299089,3.18851651618319,0.970647200716474,0.060363678942709,4.8913594413385,0.846,1,1000,direct,Ara_glaucogularis,False,False,,,
84,2374,Paroreomyza_maculata,Oahu Alauahio,Passeriformes,Fringillidae,CR,5.64170661647814,2.28459702304704,5.94301777074183,2.56148346838686,0.968160572821104,0.0604781603693011,3.26564323037313,0.918,1,1000,direct,Paroreomyza_maculata,False,False,,,
85,2424,Amazona_imperialis,Imperial Amazon,Psittaciformes,Psittacidae,CR,5.59333177825067,2.62847274262873,5.85752069467289,2.59842922390723,0.970433437583836,0.0613515537867463,5.4991962466534,0.832,1,1000,direct,Amazona_imperialis,False,False,,,
86,2416,Cairina_scutulata,White-winged Duck,Anseriformes,Anatidae,CR,5.55827554061411,2.47979531116412,5.8736920525,2.54345561075,0.970871312811898,0.0592835263625582,5.9671502304221,0.921,1,1000,GBIF_accepted,Asarcornis_scutulata,False,False,,,
87,2503,Gallicolumba_erythroptera,Polynesian Ground Dove,Columbiformes,Columbidae,CR,5.5001273995864,8.95780605200405,5.75517505555742,9.46824989317304,0.9704099280023,0.0597395771122554,6.66394049380734,0.697,1,1000,GBIF_accepted,Pampusana_erythroptera,False,False,,,
88,171,Pluvianellus_socialis,Magellanic Plover,Charadriiformes,Chionidae,VU,5.41589175273408,1.82316491780541,22.0512668714555,5.90217352657779,0.247863460663161,0.0736331342439329,22.76534846486,1.0,1,1000,direct,Pluvianellus_socialis,False,False,,,
89,2593,Turnix_olivii,Buff-breasted Buttonquail,Charadriiformes,Turnicidae,CR,5.39973344005787,7.92972873633198,5.64837154114463,8.29103084019649,0.971893257738567,0.0593353384176082,7.54899983314864,0.682,1,1000,direct,Turnix_olivii,False,False,,,
90,156,Callocephalon_fimbriatum,Gang-gang Cockatoo,Psittaciformes,Psittacidae,VU,5.33395007610387,3.04517104678231,23.4341585053276,10.945520199552,0.24293833784475,0.0779452368761611,23.176629136361,0.999,1,1000,direct,Callocephalon_fimbriatum,False,False,,,
91,2626,Oreomystis_bairdi,Akikiki,Passeriformes,Fringillidae,CR,5.31889420956029,1.44888582111399,5.59959853071653,1.58192365487102,0.968160572821104,0.0603389763945651,5.520662506918,0.997,1,1000,direct,Oreomystis_bairdi,False,False,,,
93,878,Tachybaptus_pelzelnii,Madagascar Grebe,Podicipediformes,Podicipedidae,EN,5.25441809366672,6.94758285285811,10.6877017770663,12.4701463278507,0.494041853788019,0.286124268539962,12.4521792260607,0.86,1,1000,direct,Tachybaptus_pelzelnii,False,False,,,
94,2722,Merulaxis_stresemanni,Stresemann's Bristlefront,Passeriformes,Rhinocryptidae,CR,5.20886173106307,5.69671302825725,5.47692200803877,6.09447037598624,0.970953998653753,0.0621890276749362,5.79322374108526,0.676,1,1000,direct,Merulaxis_stresemanni,False,False,,,
95,178,Pseudocalyptomena_graueri,Grauer's Broadbill,Passeriformes,Eurylaimidae,VU,5.20109830671871,1.92914267933457,21.7105671017335,4.95492207325601,0.24293833784475,0.0795867877150554,22.15331097792,1.0,1,1000,direct,Pseudocalyptomena_graueri,False,False,,,
96,2774,Pseudobulweria_macgillivrayi,Fiji Petrel,Procellariiformes,Procellariidae,CR,5.17570618799421,6.29620374768201,5.39382213342737,6.48707457284795,0.971485064933705,0.0567209167890572,6.2325496242484,0.695,1,1000,direct,Pseudobulweria_macgillivrayi,False,False,,,
97,2853,Calyptura_cristata,Kinglet Calyptura,Passeriformes,Cotingidae,CR,5.06539527529751,5.86198601688752,5.28038808136247,6.13813899352569,0.970856592988386,0.0547723778347786,5.94190875314761,0.671,1,1000,direct,Calyptura_cristata,False,False,,,
98,190,Eulipoa_wallacei,Moluccan Scrubfowl,Galliformes,Megapodiidae,VU,5.03212991848482,2.22690136476343,21.0029690350568,7.39268806249679,0.240793998821969,0.0771989309317871,21.696299747452,1.0,1,1000,direct,Eulipoa_wallacei,False,False,,,
99,2913,Vermivora_bachmanii,Bachman's Warbler,Passeriformes,Parulidae,CR,4.96698083466739,1.56889514881557,5.21726884491278,1.56517178926434,0.970013887916545,0.0609664354220493,5.29136158762,0.965,1,1000,direct,Vermivora_bachmanii,False,False,,,
101,2805,Numenius_borealis,Eskimo Curlew,Charadriiformes,Scolopacidae,CR,4.95476367529205,5.70799662157634,5.35510988742145,5.87378047371828,0.972039298406773,0.0563414669574059,6.26810431719983,0.701,1,1000,direct,Numenius_borealis,False,False,,,
102,2920,Leucopsar_rothschildi,Bali Myna,Passeriformes,Sturnidae,CR,4.94871144091588,1.15080587070973,5.20712456152026,1.18430570107377,0.968707079805619,0.0620207299375407,5.300673966264,0.993,1,1000,direct,Leucopsar_rothschildi,False,False,,,
103,2933,Gallicolumba_platenae,Mindoro Bleeding-heart,Columbiformes,Columbidae,CR,4.93312174754558,7.54979551345857,5.18745305982115,7.91576217896224,0.970286072517488,0.060133075462472,5.7634489540882,0.646,1,1000,direct,Gallicolumba_platenae,False,False,,,
104,2952,Gallicolumba_keayi,Negros Bleeding-heart,Columbiformes,Columbidae,CR,4.9213870298799,5.45542163889732,5.16671268366775,5.8909563610206,0.970286072517488,0.0601257546145048,4.96750758468748,0.691,1,1000,direct,Gallicolumba_keayi,False,False,,,
105,950,Heteromirafra_ruddi,Rudd's Lark,Passeriformes,Alaudidae,EN,4.91664855262998,3.63941600404012,10.2153435407307,5.9359234538443,0.479619044770598,0.257232604508166,4.02658698948088,0.974,1,1000,direct,Heteromirafra_ruddi,False,False,,,
106,204,Argusianus_argus,Great Argus,Galliformes,Phasianidae,VU,4.89141832506173,2.02621424433353,20.4017518723114,6.97487987845921,0.237108943626153,0.0788756647070317,5.217802576189,1.0,1,1000,direct,Argusianus_argus,False,False,,,
107,1079,Calidris_tenuirostris,Great Knot,Charadriiformes,Scolopacidae,EN,4.86537376487479,2.74343976919407,9.59427009887262,3.016133593556,0.501131079429359,0.265990063279384,9.550518168114,0.989,1,1000,direct,Calidris_tenuirostris,False,False,,,
110,3109,Xanthomyza_phrygia,Regent Honeyeater,Passeriformes,Meliphagidae,CR,4.77393861015685,3.75559654513758,4.99993313976212,3.90233731942592,0.97290473996383,0.0587001011073192,4.3016157193832,0.66,1,1000,GBIF_accepted,Anthochaera_phrygia,False,False,,,
111,213,Carpococcyx_radiatus,Bornean Ground-cuckoo,Cuculiformes,Cuculidae,VU,4.76372544668011,2.97147644863027,19.9508458278771,11.7947917041159,0.244189602980791,0.07624995266223,11.2689227537333,1.0,1,1000,GBIF_accepted,Carpococcyx_radiceus,False,False,,,
112,1031,Rollandia_microptera,Titicaca Grebe,Podicipediformes,Podicipedidae,EN,4.73617575410468,5.52838451951819,9.82594667371222,10.2558048747636,0.494041853788019,0.285748002781971,10.5617954885466,0.861,1,1000,direct,Rollandia_microptera,False,False,,,
113,222,Setornis_criniger,Hook-billed Bulbul,Passeriformes,Pycnonotidae,VU,4.64763230553675,1.47431910163736,19.5653447869184,3.29597266428661,0.241215154610038,0.0788869125924839,19.6665525656,1.0,1,1000,direct,Setornis_criniger,False,False,,,
114,3208,Pseudobulweria_becki,Beck's Petrel,Procellariiformes,Procellariidae,CR,4.62729970851949,5.78013511429856,4.90590074290729,5.98524260886982,0.971214318237204,0.0567632501006561,5.82782728691985,0.655,1,1000,direct,Pseudobulweria_becki,False,False,,,
116,1191,Neotis_ludwigii,Ludwig's Bustard,Otidiformes,Otididae,EN,4.59463616236919,2.69561009930329,9.12173516806829,3.69177893473158,0.492576845993419,0.293661645279095,9.519266556328,0.997,1,1000,direct,Neotis_ludwigii,False,False,,,
117,3342,Sephanoides_fernandensis,Juan Fernandez Firecrown,Apodiformes,Trochilidae,CR,4.54773686574134,1.29828785251431,4.76698372950743,1.36005765822146,0.972057094636579,0.0599754975495815,4.278442384086,0.935,1,1000,direct,Sephanoides_fernandensis,False,False,,,
118,233,Brachypteracias_squamiger,Scaly Ground-roller,Coraciiformes,Brachypteraciidae,VU,4.5236025912475,2.20592785647738,19.2221385057275,7.79064737910391,0.240643934366684,0.0758067937001075,19.629490043081,1.0,1,1000,GBIF_accepted,Geobiastes_squamiger,False,False,,,
119,3314,Claravis_godefrida,,Columbiformes,Columbidae,CR,4.51115050171753,5.92166187555376,4.79081892468724,6.20805546735513,0.970676571902935,0.0583698216089209,5.77443171598883,0.614,1,1000,GBIF_iucn_link,Claravis_geoffroyi,False,False,,,
120,3380,Loxioides_bailleui,Palila,Passeriformes,Fringillidae,CR,4.48988472131321,1.36793108253078,4.73147621442148,1.36816289409182,0.96796549055243,0.0605509492230585,4.29094580817783,0.92,1,1000,direct,Loxioides_bailleui,False,False,,,
121,1195,Rhynchopsitta_pachyrhyncha,Thick-billed Parrot,Psittaciformes,Psittacidae,EN,4.48162708838909,2.79127173148983,9.10420706137444,4.09635591151294,0.489356491409012,0.280881266550753,5.043978924266,0.997,1,1000,direct,Rhynchopsitta_pachyrhyncha,False,False,,,
122,1147,Actophilornis_albinucha,Madagascar Jacana,Charadriiformes,Jacanidae,EN,4.47504999444917,5.30685465076043,9.29040955781857,10.5549506512865,0.499054177817679,0.277855905561853,9.59393306895111,0.835,1,1000,direct,Actophilornis_albinucha,False,False,,,
123,1169,Rhynchopsitta_terrisi,Maroon-fronted Parrot,Psittaciformes,Psittacidae,EN,4.45886847047063,2.66509139347042,9.20250782071378,4.02609961433312,0.489201847451191,0.28030718776819,5.043978924266,0.99,1,1000,direct,Rhynchopsitta_terrisi,False,False,,,
126,241,Anarhynchus_frontalis,Wrybill,Charadriiformes,Charadriidae,VU,4.34445265451784,2.47284941170843,18.97748608,9.05718540321867,0.248099750019701,0.0723462706850674,16.4587295735103,0.978,1,1000,direct,Anarhynchus_frontalis,False,False,,,
128,1260,Podiceps_taczanowskii,Junin Grebe,Podicipediformes,Podicipedidae,EN,4.30741447787996,4.54559326741149,8.84635398177797,8.20214494081676,0.490781896484105,0.284655115428513,8.52519606402542,0.817,1,1000,direct,Podiceps_taczanowskii,False,False,,,
129,1312,Megadyptes_antipodes,Yellow-eyed Penguin,Sphenisciformes,Spheniscidae,EN,4.26241920652256,2.42018186244973,8.67040744318804,2.31612083833769,0.493038262970142,0.277195272981673,8.779599862829,1.0,1,1000,direct,Megadyptes_antipodes,False,False,,,
130,1311,Chloropsis_media,Sumatran Leafbird,Passeriformes,Chloropseidae,EN,4.25463023454215,5.09978548659595,8.67424792273238,10.1427464239429,0.482799067392854,0.292429292819859,9.29878149307177,0.82,1,1000,direct,Chloropsis_media,False,False,,,
131,1316,Chloropsis_cochinchinensis,Javan Leafbird,Passeriformes,Chloropseidae,EN,4.25403260572868,4.71129990565304,8.66151857658849,9.53073753861345,0.483092677784613,0.294207015561289,9.17067235108535,0.846,1,1000,direct,Chloropsis_cochinchinensis,False,False,,,
132,1200,Macrosphenus_pulitzeri,Pulitzer's Longbill,Passeriformes,Sylviidae,EN,4.20940040894893,5.37324213559259,9.07250712124918,10.2290971591959,0.482566466455683,0.268007646796013,10.3337702585425,0.835,1,1000,direct,Macrosphenus_pulitzeri,False,False,,,
133,275,Centropus_chlororhynchus,Green-billed Coucal,Cuculiformes,Cuculidae,VU,4.20907349891251,1.54869654566503,17.6942143619282,3.81423740593549,0.245127684947126,0.0787155465021314,17.405630440839,0.998,1,1000,GBIF_accepted,Centropus_chlororhynchos,False,False,,,
134,3786,Sarothrura_ayresi,White-winged Flufftail,Gruiformes,Rallidae,CR,4.20592078311364,5.35963723541828,4.38186613678375,5.72357664816888,0.971512663127861,0.0569395519667665,5.56611498278691,0.599,1,1000,direct,Sarothrura_ayresi,False,False,,,
135,3728,Puffinus_mauretanicus,Balearic Shearwater,Procellariiformes,Procellariidae,CR,4.19968131405991,1.1939633059062,4.42574328362032,1.22690846725417,0.971687929668653,0.0567607920998088,3.36677880832904,0.866,1,1000,direct,Puffinus_mauretanicus,False,False,,,
136,3793,Glaucidium_mooreorum,Pernambuco Pygmy-owl,Strigiformes,Strigidae,CR,4.18921839451496,5.09910455263107,4.37247479830236,5.27120414409988,0.972589507640523,0.0621283686285776,5.26163525580769,0.612,1,1000,direct,Glaucidium_mooreorum,False,False,,,
137,1367,Hymenolaimus_malacorhynchos,Blue Duck,Anseriformes,Anatidae,EN,4.14803054033861,2.57445141180381,8.44165740111241,3.79119093163045,0.490852470810496,0.282545992851108,8.73900992243,0.992,1,1000,direct,Hymenolaimus_malacorhynchos,False,False,,,
138,3851,Rhinoptilus_bitorquatus,Jerdon's Courser,Charadriiformes,Glareolidae,CR,4.1369003084661,5.59808348103272,4.32054392977231,5.86207815262975,0.972162963909687,0.0568672096266483,5.38954137249196,0.596,1,1000,direct,Rhinoptilus_bitorquatus,False,False,,,
139,3877,Aphrastura_masafuerae,Masafuera Rayadito,Passeriformes,Furnariidae,CR,4.13633637354601,4.96371204708795,4.30089586132229,5.28830582315458,0.970925260099311,0.0618579385460603,4.43244329019597,0.565,1,1000,direct,Aphrastura_masafuerae,False,False,,,
140,296,Neotis_nuba,Nubian Bustard,Otidiformes,Otididae,VU,4.12569705275157,1.74036198946443,17.2226433503718,5.28743281954585,0.245127684947126,0.0796507630414295,17.761937475035,1.0,1,1000,direct,Neotis_nuba,False,False,,,
141,3914,Cyanolimnas_cerverai,Zapata Rail,Gruiformes,Rallidae,CR,4.07649197653679,5.88387382932866,4.26211877307574,6.16135683854487,0.971266495185197,0.0560937879819032,5.49635206255187,0.587,1,1000,direct,Cyanolimnas_cerverai,False,False,,,
142,1334,Aceros_corrugatus,Wrinkled Hornbill,Bucerotiformes,Bucerotidae,EN,4.04179538965238,3.25012894486299,8.58420307556193,5.04764445444194,0.481724614242514,0.292436919225769,7.67652894979853,0.89,1,1000,GBIF_accepted,Rhabdotorrhinus_corrugatus,False,False,,,
143,295,Dasyornis_brachypterus,Eastern Bristlebird,Passeriformes,Dasyornithidae,VU,4.01482297501161,4.00938581582087,17.2401818581408,17.0278850778876,0.247165759387361,0.0748806721874291,15.6555776670737,0.958,1,1000,direct,Dasyornis_brachypterus,False,False,,,
144,3974,Puffinus_newelli,Newell's Shearwater,Procellariiformes,Procellariidae,CR,4.0043560904028,1.28099706853963,4.21094078789066,1.26729110039649,0.972093705017283,0.0567591522714661,3.688605826027,0.794,1,1000,direct,Puffinus_newelli,False,False,,,
145,3991,Pseudobulweria_aterrima,Mascarene Petrel,Procellariiformes,Procellariidae,CR,4.00139338691579,1.21102759467463,4.20012839355875,1.2818676858347,0.972200241313328,0.0567999047957629,3.6447157836605,0.786,1,1000,direct,Pseudobulweria_aterrima,False,False,,,
147,312,Uratelornis_chimaera,Long-tailed Ground-roller,Coraciiformes,Brachypteraciidae,VU,3.9514968408911,1.96698325025532,16.8963882809683,7.23595687031301,0.240588905719717,0.0758002602944932,17.237971390421,1.0,1,1000,direct,Uratelornis_chimaera,False,False,,,
148,4017,Gymnomyza_aubryana,Crow Honeyeater,Passeriformes,Meliphagidae,CR,3.94598713963874,4.15059392046516,4.17757058648889,4.46329755072133,0.972673719101376,0.058657664640394,4.01490334407512,0.603,1,1000,direct,Gymnomyza_aubryana,False,False,,,
149,4104,Pomarea_nigra,Tahiti Monarch,Passeriformes,Monarchidae,CR,3.91551637557025,1.115708786995,4.10017361187205,1.15640764759696,0.971537259605444,0.0576113646918909,3.945570236547,0.795,1,1000,direct,Pomarea_nigra,False,False,,,
150,4184,Emberiza_aureola,Yellow-breasted Bunting,Passeriformes,Emberizidae,CR,3.88775675624444,1.51162689040544,4.03433447729681,1.60137167838252,0.967987754199941,0.0639616961811862,4.06312185793356,0.714,1,1000,direct,Emberiza_aureola,False,False,,,
152,358,Batrachostomus_auritus,Large Frogmouth,Caprimulgiformes,Podargidae,VU,3.86817522538904,5.10376371716013,15.8298513765461,21.4258174206102,0.245396906232817,0.076601581499966,18.9496360953786,0.891,1,1000,direct,Batrachostomus_auritus,False,False,,,
153,1526,Paroreomyza_montana,Maui Alauahio,Passeriformes,Fringillidae,EN,3.84559151012058,2.16867397082851,7.88187610055235,1.69121559863909,0.476595696441385,0.292348041989528,3.26564323037313,0.992,1,1000,direct,Paroreomyza_montana,False,False,,,
154,4203,Toxostoma_guttatum,Cozumel Thrasher,Passeriformes,Mimidae,CR,3.82988662620679,1.23002422389681,4.01884551398975,1.27517659295968,0.968945935112456,0.0630104089525713,4.029770211325,0.738,1,1000,direct,Toxostoma_guttatum,False,False,,,
156,4242,Grallaria_chthonia,Tachira Antpitta,Passeriformes,Formicariidae,CR,3.78884157462371,5.74011689701114,3.9939054259687,5.9638052336335,0.970651698949087,0.0600344887771014,5.19553438631923,0.553,1,1000,direct,Grallaria_chthonia,False,False,,,
157,1560,Haliaeetus_leucoryphus,Pallas's Fish-eagle,Accipitriformes,Accipitridae,EN,3.78634676020089,2.27366008369833,7.78051153610211,1.64122660862366,0.494811795802184,0.300054207513652,7.710770639484,1.0,1,1000,direct,Haliaeetus_leucoryphus,False,False,,,
158,1468,Chloropsis_sonnerati,Greater Green Leafbird,Passeriformes,Chloropseidae,EN,3.78420535592161,5.03697197576804,8.02268717096651,10.5784405673897,0.482799067392854,0.292429292819859,8.87524504084533,0.774,1,1000,direct,Chloropsis_sonnerati,False,False,,,
159,370,Limicola_falcinellus,Broad-billed Sandpiper,Charadriiformes,Scolopacidae,VU,3.78200980795555,1.29212800678515,15.6221762355215,3.11835861294107,0.247197059332174,0.0721532924550733,15.747706605504,1.0,1,1000,GBIF_accepted,Calidris_falcinellus,False,False,,,
160,4281,Rowettia_goughensis,Gough Island Finch,Passeriformes,Emberizidae,CR,3.76920090179762,1.56854125579918,3.95783015805637,1.58920257676693,0.971212862194124,0.0617771889624643,3.79742842746028,0.686,1,1000,direct,Rowettia_goughensis,False,False,,,
161,364,Calidris_ferruginea,Curlew Sandpiper,Charadriiformes,Scolopacidae,VU,3.76735012302871,1.38192602219229,15.76695227,3.40588317907041,0.246570836000139,0.072170482358475,15.771796822859,1.0,1,1000,direct,Calidris_ferruginea,False,False,,,
162,4319,Pseudonestor_xanthophrys,Maui Parrotbill,Passeriformes,Fringillidae,CR,3.74619753992483,1.16632529504051,3.93491830136699,1.16334033705872,0.968326577709174,0.0601918835972655,3.325261434721,0.732,1,1000,direct,Pseudonestor_xanthophrys,False,False,,,
163,4398,Gyps_africanus,White-backed Vulture,Accipitriformes,Accipitridae,CR,3.7077747377589,0.892398397042239,3.87046517454552,0.911160326467914,0.972336952816696,0.0617755096373809,3.872068859214,0.742,1,1000,direct,Gyps_africanus,False,False,,,
164,4358,Cotinga_maculata,Banded Cotinga,Passeriformes,Cotingidae,CR,3.68684752203344,4.60508904034054,3.90047017793656,4.91876364573095,0.970153348475898,0.0555261502566227,4.64686205116841,0.548,1,1000,direct,Cotinga_maculata,False,False,,,
165,1497,Aceros_everetti,Sumba Hornbill,Bucerotiformes,Bucerotidae,EN,3.68642994894183,4.3300253993652,7.9630197145732,7.45647702799317,0.483609965019662,0.293856499507495,6.90963946649506,0.884,1,1000,GBIF_accepted,Rhyticeros_everetti,False,False,,,
166,1669,Nesopsar_nigerrimus,Jamaican Blackbird,Passeriformes,Icteridae,EN,3.67880000776902,2.03048737235974,7.49421087791594,2.20835271886406,0.476860902220655,0.292005510985695,7.58377385995,0.999,1,1000,direct,Nesopsar_nigerrimus,False,False,,,
167,4451,Ardea_insignis,White-bellied Heron,Pelecaniformes,Ardeidae,CR,3.67333815305262,5.48532503150839,3.82882704820439,5.89770861353287,0.971585306255625,0.0575410698114227,4.66357879114641,0.536,1,1000,direct,Ardea_insignis,False,False,,,
168,4364,Myadestes_palmeri,Puaiohi,Passeriformes,Turdidae,CR,3.65469702619787,3.34760211210298,3.89642184609967,3.49411007346452,0.969702234783321,0.0647684019897463,3.51474289871817,0.556,1,1000,direct,Myadestes_palmeri,False,False,,,
169,1621,Cinnyricinclus_femoralis,,Passeriformes,Sturnidae,EN,3.64121873794863,1.9318451287354,7.62130178777776,1.834412170534,0.475379590476348,0.262939262158579,7.2658991896,1.0,1,1000,GBIF_iucn_link,Poeoptera_femoralis,False,False,,,
171,394,Pycnoptilus_floccosus,Pilotbird,Passeriformes,Acanthizidae,VU,3.57721951524089,1.37935427097985,15.1073828240573,3.55265173135707,0.247391850607525,0.0751654837466813,15.102389417489,1.0,1,1000,direct,Pycnoptilus_floccosus,False,False,,,
172,4654,Columba_argentina,Silvery Pigeon,Columbiformes,Columbidae,CR,3.55688653511898,3.85722041991112,3.69089900609646,4.06670838503602,0.970277812184208,0.060789735587248,4.25877239585269,0.538,1,1000,direct,Columba_argentina,False,False,,,
173,4621,Cyornis_banyumas,Javan Blue Flycatcher,Passeriformes,Muscicapidae,CR,3.55019788456219,1.30423688655282,3.71837378818728,1.37563661754777,0.96921106496173,0.0652905106375572,3.5534583506339,0.615,1,1000,direct,Cyornis_banyumas,False,False,,,
174,415,Mesitornis_unicolor,Brown Mesite,Mesitornithiformes,Mesitornithidae,VU,3.52690724168514,2.0790607281832,14.8591276128626,7.69223489617458,0.245197436096022,0.0784820983049037,9.88841332518061,1.0,1,1000,direct,Mesitornis_unicolor,False,False,,,
175,422,Mesitornis_variegatus,White-breasted Mesite,Mesitornithiformes,Mesitornithidae,VU,3.52656606467306,2.18578387918149,14.8145077599122,7.68902611646377,0.245326002351325,0.0785384029756951,9.88841332518061,1.0,1,1000,direct,Mesitornis_variegatus,False,False,,,
176,1799,Nesofregetta_fuliginosa,Polynesian Storm-petrel,Procellariiformes,Hydrobatidae,EN,3.51291148885976,5.15308092484422,7.128086844052,9.14223152638154,0.503616272313484,0.280178038381291,8.36736193685143,0.734,1,1000,direct,Nesofregetta_fuliginosa,False,False,,,
177,1796,Aceros_waldeni,Rufous-headed Hornbill,Bucerotiformes,Bucerotidae,EN,3.50356708444773,3.98074303098119,7.13965907177307,7.97446616084469,0.483609965019662,0.296560622395104,6.5009812529616,0.772,1,1000,GBIF_accepted,Rhabdotorrhinus_waldeni,False,False,,,
178,4698,Gallinula_silvestris,,Gruiformes,Rallidae,CR,3.46587657116825,4.33477432162581,3.66392118894026,4.61801486647312,0.972304733812393,0.0574020063211018,4.39215101158606,0.519,1,1000,GBIF_iucn_link,Gallinula_silvestris,False,False,,,
179,4776,Ptilinopus_arcanus,Negros Fruit-dove,Columbiformes,Columbidae,CR,3.45071160712497,3.52164856413036,3.61076930954759,3.68411267143971,0.971318827150339,0.0610271936704644,4.0096435961058,0.522,1,1000,direct,Ptilinopus_arcanus,False,False,,,
180,1674,Malaconotus_alius,Uluguru Bushshrike,Passeriformes,Malaconotidae,EN,3.44624505502808,3.58548980075467,7.47713318565948,6.87081163491684,0.493745558122167,0.273195444862979,7.032188292346,0.775,1,1000,direct,Malaconotus_alius,False,False,,,
183,1817,Catharopeza_bishopi,Whistling Warbler,Passeriformes,Parulidae,EN,3.43339601622077,1.87795274003243,7.077967925,1.8318643955,0.482290123345813,0.285392755797408,7.084843788786,0.996,1,1000,direct,Catharopeza_bishopi,False,False,,,
184,1883,Threskiornis_bernieri,Malagasy Sacred Ibis,Pelecaniformes,Threskiornithidae,EN,3.37054692461652,4.43857462524007,6.9153151182456,9.1244468303752,0.492415115238858,0.282402817147508,8.34634408746189,0.744,1,1000,direct,Threskiornis_bernieri,False,False,,,
186,2038,Gallicolumba_kubaryi,Caroline Islands Ground Dove,Columbiformes,Columbidae,EN,3.3011168600394,4.77411283232919,6.53040814171439,9.9117733700815,0.486783593301628,0.286531683073922,6.0549672168299,0.72,1,1000,GBIF_accepted,Pampusana_kubaryi,False,False,,,
187,4832,Nemosia_rourei,Cherry-throated Tanager,Passeriformes,Thraupidae,CR,3.3008648799961,3.65236967998418,3.57644116285591,3.85864823871277,0.971129105428077,0.0620283936504075,3.74913435856055,0.509,1,1000,direct,Nemosia_rourei,False,False,,,
188,508,Podiceps_auritus,Horned Grebe,Podicipediformes,Podicipedidae,VU,3.2892065719386,2.04048033475742,13.7547500547069,8.20613064099931,0.244983824317977,0.0769969662588411,13.4124913493536,0.965,1,1000,direct,Podiceps_auritus,False,False,,,
189,488,Aceros_nipalensis,Rufous-necked Hornbill,Bucerotiformes,Bucerotidae,VU,3.27000241831222,2.40123500397025,14.0380637911103,9.71986468803254,0.241912423738236,0.0800077840836347,12.6592435450568,0.964,1,1000,direct,Aceros_nipalensis,False,False,,,
191,2097,Gallicolumba_hoedtii,Wetar Ground Dove,Columbiformes,Columbidae,EN,3.24926724612588,4.12638848255326,6.41852299017828,8.00967985036605,0.487777644535165,0.287317819084777,5.72551493322494,0.784,1,1000,GBIF_accepted,Pampusana_hoedtii,False,False,,,
193,496,Oceanodroma_leucorhoa,,Procellariiformes,Hydrobatidae,VU,3.22389973647848,2.59920190718938,13.9124917214326,10.8526003481201,0.244695223739777,0.0747272663486235,11.6411266249592,0.932,1,1000,GBIF_iucn_link,Oceanodroma_leucorhoa,False,False,,,
195,1888,Acrocephalus_griseldis,Basra Reed-warbler,Passeriformes,Sylviidae,EN,3.20280764238037,2.18431746653349,6.890803586,2.36423336,0.490642348072393,0.287287221297288,6.33783180520794,0.886,1,1000,direct,Acrocephalus_griseldis,False,False,,,
197,538,Macgregoria_pulchra,Macgregor's Honeyeater,Passeriformes,Meliphagidae,VU,3.18696081218342,1.25466899987659,13.4251126995727,3.77834734063917,0.246041381088535,0.0759512790197823,13.412451477202,0.995,1,1000,direct,Macgregoria_pulchra,False,False,,,
204,2101,Spizaetus_isidori,Black-and-chestnut Eagle,Accipitriformes,Accipitridae,EN,3.1505372902611,1.75760445176763,6.41274746250865,1.33749795391851,0.492576845993419,0.298737544986982,6.07617393383,0.998,1,1000,direct,Spizaetus_isidori,False,False,,,
209,2138,Leptodon_forbesi,White-collared Kite,Accipitriformes,Accipitridae,EN,3.11158331199782,3.49412666028644,6.34048199358889,6.12100517509048,0.498270458318888,0.299475569871296,6.4870732435316,0.775,1,1000,direct,Leptodon_forbesi,False,False,,,
210,2228,Geronticus_eremita,Northern Bald Ibis,Pelecaniformes,Threskiornithidae,EN,3.10410645139922,2.73840563341704,6.16958981681203,5.03739879973495,0.493741742427913,0.287940880216019,4.38536965974542,0.804,1,1000,direct,Geronticus_eremita,False,False,,,
213,2250,Tachycineta_cyaneoviridis,Bahama Swallow,Passeriformes,Hirundinidae,EN,3.0892497145704,1.80498796587179,6.12956398471403,1.44852070710876,0.505827980168592,0.290012847096559,5.897179910145,0.998,1,1000,direct,Tachycineta_cyaneoviridis,False,False,,,
214,605,Bucorvus_cafer,Southern Ground-hornbill,Bucerotiformes,Bucorvidae,VU,3.08298020705602,1.46283671448039,12.7206827272949,5.05737178325484,0.240893606255052,0.0789733624136457,8.335317127853,1.0,1,1000,GBIF_accepted,Bucorvus_leadbeateri,False,False,,,
219,590,Centropus_rectunguis,Short-toed Coucal,Cuculiformes,Cuculidae,VU,3.06134547854023,1.37089545224045,12.8765621486361,4.31475376374183,0.245127684947126,0.0791033433022495,9.9652468630849,0.952,1,1000,direct,Centropus_rectunguis,False,False,,,
224,608,Lophotibis_cristata,Madagascar Crested Ibis,Pelecaniformes,Threskiornithidae,VU,3.02125157094668,3.46685451340954,12.7135653895651,14.5725641448244,0.244695223739777,0.075982223309373,12.3130368590905,0.885,1,1000,direct,Lophotibis_cristata,False,False,,,
232,650,Tringa_flavipes,Lesser Yellowlegs,Charadriiformes,Scolopacidae,VU,2.93594529391854,1.07733213469432,12.3010670242201,3.26972770200919,0.246124997597564,0.0732977522497198,11.9840092660313,1.0,1,1000,direct,Tringa_flavipes,False,False,,,
233,2352,Phapitreron_cinereiceps,Tawitawi Brown-dove,Columbiformes,Columbidae,EN,2.9244655937765,3.24613631070055,5.98254166966414,6.28406500037825,0.487777644535165,0.289715243849954,6.95646872551174,0.737,1,1000,direct,Phapitreron_cinereiceps,False,False,,,
234,656,Colluricincla_boweri,Bower's Shrike-thrush,Passeriformes,Colluricinclidae,VU,2.90770185710267,1.05260906029462,12.2463402310047,3.49813546817982,0.246021987595089,0.0766618426862871,12.192663701389,1.0,1,1000,direct,Colluricincla_boweri,False,False,,,
235,2035,Alophoixus_bres,Brown-cheeked Bulbul,Passeriformes,Pycnonotidae,EN,2.90647269237673,2.62402572835557,6.53323271801411,4.94582167938042,0.482744185483296,0.288801345229685,5.67814187836764,0.733,1,1000,direct,Alophoixus_bres,False,False,,,
237,2400,Tringa_guttifer,Spotted Greenshank,Charadriiformes,Scolopacidae,EN,2.89865275306863,3.21559550041347,5.90364448724698,5.6043518130691,0.498809052118847,0.270240702319558,6.22796829869344,0.729,1,1000,direct,Tringa_guttifer,False,False,,,
240,2530,Gallicolumba_sanctaecrucis,Santa Cruz Ground Dove,Columbiformes,Columbidae,EN,2.88035050415842,3.35908809699824,5.72765958315317,6.806767493019,0.488013650211634,0.287506209122544,5.83607570961671,0.736,1,1000,GBIF_accepted,Pampusana_sanctaecrucis,False,False,,,
242,2500,Eleoscytalopus_psychopompus,Bahia Tapaculo,Passeriformes,Rhinocryptidae,EN,2.8431390270077,1.8133469356821,5.76072475686644,2.48890436943805,0.490481686609364,0.280982310985938,5.578726525362,0.942,1,1000,direct,Eleoscytalopus_psychopompus,False,False,,,
243,640,Zoothera_guttata,Spotted Ground-thrush,Passeriformes,Turdidae,VU,2.84248621580728,1.87432089787703,12.380096325,7.08363695774011,0.24164509364401,0.0788582970135285,10.8807039457315,0.87,1,1000,GBIF_accepted,Geokichla_guttata,False,False,,,
245,2418,Anodorhynchus_leari,Lear's Macaw,Psittaciformes,Psittacidae,EN,2.84004691899941,1.6553341717684,5.87227958059057,1.92112657913026,0.490767672679872,0.274494778891337,3.877469582655,0.977,1,1000,direct,Anodorhynchus_leari,False,False,,,
246,2455,Euryceros_prevostii,Helmet Vanga,Passeriformes,Vangidae,EN,2.83534321231854,3.2437442769315,5.82185730346638,6.45666020361369,0.492832936069451,0.271154462211076,6.13339638951095,0.717,1,1000,direct,Euryceros_prevostii,False,False,,,
247,2511,Ardeola_idae,Malagasy Pond Heron,Pelecaniformes,Ardeidae,EN,2.8303229986859,4.07561895996884,5.74776713697192,7.50338942177197,0.493741742427913,0.293832404800371,7.68439627772163,0.674,1,1000,direct,Ardeola_idae,False,False,,,
248,2367,Oriolia_bernieri,Bernier's Vanga,Passeriformes,Vangidae,EN,2.82900447085096,3.67358390184185,5.95456877917376,6.81888540980797,0.492500497418529,0.271033184255866,6.28431094659733,0.706,1,1000,direct,Oriolia_bernieri,False,False,,,
251,2573,Brachyramphus_marmoratus,Marbled Murrelet,Charadriiformes,Alcidae,EN,2.81054780167896,1.60611085603834,5.67802954735678,1.48215060852681,0.491609762250275,0.277721242694683,5.180808458887,0.989,1,1000,direct,Brachyramphus_marmoratus,False,False,,,
255,829,Fregata_andrewsi,Christmas Island Frigatebird,Suliformes,Fregatidae,VU,2.73893159195877,2.92921037295997,11.0145437364416,11.7529235828355,0.243873310412537,0.0777270311621757,13.845842239104,0.964,1,1000,direct,Fregata_andrewsi,False,False,,,
257,774,Tinamus_osgoodi,Black Tinamou,Tinamiformes,Tinamidae,VU,2.73175214709267,3.23489192200975,11.3941572584316,13.4025664740626,0.236761557662488,0.0798952201777476,13.2554615129979,0.87,1,1000,direct,Tinamus_osgoodi,False,False,,,
259,2467,Cacatua_alba,White Cockatoo,Psittaciformes,Psittacidae,EN,2.72963370700841,1.79442022391285,5.80026397535196,2.53293009195263,0.48745460364682,0.282884485967048,5.17855678555163,0.868,1,1000,direct,Cacatua_alba,False,False,,,
263,2554,Cacatua_moluccensis,Salmon-crested Cockatoo,Psittaciformes,Psittacidae,EN,2.72042161912771,1.76199309926736,5.69830461817346,2.31667973489906,0.487299317765028,0.282948789821897,5.15987726467357,0.889,1,1000,direct,Cacatua_moluccensis,False,False,,,
264,782,Harpactes_orrhophaeus,Cinnamon-rumped Trogon,Trogoniformes,Trogonidae,VU,2.71369960551779,1.00745626976751,11.2988577049315,2.40285117040107,0.242976772600023,0.0811415860414617,10.325451337683,1.0,1,1000,direct,Harpactes_orrhophaeus,False,False,,,
265,2711,Nisaetus_floris,Flores Hawk-eagle,Accipitriformes,Accipitridae,EN,2.71035665820943,2.80787432935573,5.49094026220168,5.26867375380917,0.494811795802184,0.300470586357276,5.8855235059914,0.723,1,1000,direct,Nisaetus_floris,False,False,,,
266,788,Gymnorhinus_cyanocephalus,Pinyon Jay,Passeriformes,Corvidae,VU,2.70526422633448,1.04204320048893,11.2773589749418,2.98561663246381,0.242942593860938,0.0752915133220591,11.369289944344,1.0,1,1000,direct,Gymnorhinus_cyanocephalus,False,False,,,
267,2578,Ixos_siquijorensis,Streak-breasted Bulbul,Passeriformes,Pycnonotidae,EN,2.69973257728671,1.60489292554205,5.66708694171833,1.40206411880563,0.485862619793041,0.287131832823911,5.549924053745,0.957,1,1000,GBIF_accepted,Hypsipetes_siquijorensis,False,False,,,
269,738,Chersophilus_duponti,Dupont's Lark,Passeriformes,Alaudidae,VU,2.69255812621952,2.63099363916234,11.6264224297969,10.8210916080426,0.241438704112126,0.0742425970689741,9.80381359211738,0.808,1,1000,direct,Chersophilus_duponti,False,False,,,
274,761,Eurylaimus_steerii,Mindanao Wattled Broadbill,Passeriformes,Eurylaimidae,VU,2.65294263350228,1.23737535936039,11.4653427776081,4.3246851763751,0.24293833784475,0.0804326751187725,10.9043458063678,0.99,1,1000,GBIF_accepted,Sarcophanops_steerii,False,False,,,
275,820,Xenoglaux_loweryi,Long-whiskered Owlet,Strigiformes,Strigidae,VU,2.6323827518683,2.92744535267345,11.0441808073633,11.9754103556804,0.245486059622992,0.080395593165338,11.9535337696693,0.873,1,1000,direct,Xenoglaux_loweryi,False,False,,,
279,2832,Torgos_tracheliotos,Lappet-faced Vulture,Accipitriformes,Accipitridae,EN,2.61232586574957,1.40851731061745,5.30245856210776,1.19467244061841,0.497721892330333,0.298462130595368,4.011840919074,0.989,1,1000,direct,Torgos_tracheliotos,False,False,,,
280,2484,Sheppardia_montana,Usambara Akalat,Passeriformes,Muscicapidae,EN,2.61087574212606,2.01133675126781,5.78303697717368,2.71787297021236,0.481009455661493,0.283495311155926,4.94734132572016,0.788,1,1000,direct,Sheppardia_montana,False,False,,,
283,2880,Pardalotus_quadragintus,Forty-spotted Pardalote,Passeriformes,Pardalotidae,EN,2.58986532216458,3.8238540033547,5.25109634027423,6.25192437108795,0.501016967705638,0.273909851599919,7.70831692148857,0.676,1,1000,direct,Pardalotus_quadragintus,False,False,,,
284,2872,Ciconia_stormi,Storm's Stork,Ciconiiformes,Ciconiidae,EN,2.5870017853979,1.64832672498627,5.25750264097597,1.90366977621625,0.493659641803893,0.28072587800981,4.5334391153873,0.892,1,1000,direct,Ciconia_stormi,False,False,,,
288,2947,Eudyptes_sclateri,Erect-crested Penguin,Sphenisciformes,Spheniscidae,EN,2.57127832684061,1.43263051060915,5.17226500268497,1.3423828684606,0.493659641803893,0.278413165278385,5.316796353406,0.966,1,1000,direct,Eudyptes_sclateri,False,False,,,
289,2941,Premnoplex_tatei,White-throated Barbtail,Passeriformes,Furnariidae,EN,2.56613198677229,1.45390210863091,5.18188608339413,1.50412231784756,0.490890241210987,0.285262382685368,4.970631354504,0.969,1,1000,direct,Premnoplex_tatei,False,False,,,
290,2984,Amaurornis_olivieri,,Gruiformes,Rallidae,EN,2.56000827201547,3.79822299999609,5.13212708846372,7.13328178820059,0.500976993553356,0.290783725429782,6.24106774970752,0.653,1,1000,GBIF_iucn_link,Amaurornis_olivieri,False,False,,,
291,2766,Dendroica_angelae,Elfin Woods Warbler,Passeriformes,Parulidae,EN,2.54628143289053,1.58550084583954,5.40374366667367,1.7236198492095,0.484804781594652,0.284424711385814,5.10270319418186,0.902,1,1000,GBIF_accepted,Setophaga_angelae,False,False,,,
294,874,Limnodromus_griseus,Short-billed Dowitcher,Charadriiformes,Scolopacidae,VU,2.53976868442794,1.54764351073796,10.7000863173668,5.90454390183971,0.246991028366865,0.072240036023783,9.71642866585196,0.919,1,1000,direct,Limnodromus_griseus,False,False,,,
295,840,Spilornis_elgini,Andaman Serpent-eagle,Accipitriformes,Accipitridae,VU,2.53164593525887,1.39946307424906,10.9258421846657,4.99633986561026,0.247433413669604,0.080826578231083,8.98012576536766,0.921,1,1000,direct,Spilornis_elgini,False,False,,,
298,3168,Telophorus_kupeensis,Mount Kupe Bushshrike,Passeriformes,Malaconotidae,EN,2.51554312457469,3.21153952166408,4.93419969785209,6.52005762376723,0.49462695674353,0.274105962766554,6.1792014514638,0.65,1,1000,GBIF_accepted,Chlorophoneus_kupeensis,False,False,,,
299,865,Anthracoceros_malayanus,Black Hornbill,Bucerotiformes,Bucerotidae,VU,2.49869825464843,2.22033979160767,10.7565407163984,9.3802701998862,0.243885342856523,0.0800022024778239,9.0676543243988,0.936,1,1000,direct,Anthracoceros_malayanus,False,False,,,
300,900,Xenoligea_montana,White-winged Warbler,Passeriformes,Parulidae,VU,2.4828190738634,0.993112892009328,10.5465917589401,3.02586900421921,0.24244075015317,0.0757582084222972,10.225597276984,1.0,1,1000,direct,Xenoligea_montana,False,False,,,
301,3001,Procellaria_westlandica,Westland Petrel,Procellariiformes,Procellariidae,EN,2.4819711190893,1.42115295591869,5.11497331530145,1.57471386236619,0.4987510435736,0.284925562772259,4.983815419704,0.934,1,1000,direct,Procellaria_westlandica,False,False,,,
302,3063,Amazona_agilis,Black-billed Amazon,Psittaciformes,Psittacidae,EN,2.48169201390341,1.4623630505518,5.06108519681653,1.73818113784016,0.489201847451191,0.28453020634686,5.177791794463,0.938,1,1000,direct,Amazona_agilis,False,False,,,
303,927,Balearica_pavonina,Black Crowned Crane,Gruiformes,Gruidae,VU,2.47828843220717,1.13778991649193,10.3877334834249,4.39590718643513,0.244175021995819,0.0748420324541451,2.915938294632,1.0,1,1000,direct,Balearica_pavonina,False,False,,,
305,3021,Ramphocinclus_brachyurus,White-breasted Thrasher,Passeriformes,Mimidae,EN,2.45158425584403,1.31494620933085,5.09534901187823,1.06595878850755,0.478023799306367,0.257289282181522,5.141977059187,0.987,1,1000,direct,Ramphocinclus_brachyurus,False,False,,,
306,952,Coracopsis_nigra,Black Parrot,Psittaciformes,Psittacidae,VU,2.44821877421604,1.034933231309,10.1980229995892,3.62686709752238,0.245994717665212,0.0765317856408263,9.40069461448,1.0,1,1000,direct,Coracopsis_nigra,False,False,,,
307,3133,Gymnomyza_samoensis,Mao,Passeriformes,Meliphagidae,EN,2.44218894812124,2.46619456569629,4.9733890736644,4.57920140147761,0.501119363765276,0.273054159680729,3.96463204736969,0.693,1,1000,direct,Gymnomyza_samoensis,False,False,,,
308,2982,Amazona_vinacea,Vinaceous-breasted Amazon,Psittaciformes,Psittacidae,EN,2.44058183877213,1.46977071436705,5.13374571599474,2.03670778711859,0.48745460364682,0.283861720841798,5.1324959972642,0.877,1,1000,direct,Amazona_vinacea,False,False,,,
309,3100,Stipiturus_mallee,Mallee Emu-wren,Passeriformes,Maluridae,EN,2.43838241681346,1.58075578342985,5.01152312560997,2.00881550558273,0.497542720055112,0.273602786991386,4.678202717846,0.868,1,1000,direct,Stipiturus_mallee,False,False,,,
310,3450,Prionops_gabela,Gabela Helmetshrike,Passeriformes,Malaconotidae,EN,2.43795859401068,3.1184971002456,4.68014701309629,5.60339974877942,0.496319553878475,0.270654547103997,5.98005307875419,0.645,1,1000,direct,Prionops_gabela,False,False,,,
311,3210,Numenius_madagascariensis,Far Eastern Curlew,Charadriiformes,Scolopacidae,EN,2.42974534227523,1.43215109499034,4.90425677769482,1.98674071460571,0.49785401545795,0.274484904684071,4.16079936808939,0.857,1,1000,direct,Numenius_madagascariensis,False,False,,,
313,3030,Turdus_helleri,Taita Thrush,Passeriformes,Turdidae,EN,2.41177359401627,1.46975940121584,5.09175328294597,1.84582863611773,0.48154342133153,0.269464524948549,5.105385672029,0.93,1,1000,direct,Turdus_helleri,False,False,,,
314,3368,Accipiter_gundlachi,Gundlach's Hawk,Accipitriformes,Accipitridae,EN,2.39614158387029,4.19798356652551,4.74707754031455,8.51449123784594,0.501236451275156,0.303943545572748,6.73729263139732,0.622,1,1000,direct,Accipiter_gundlachi,False,False,,,
318,999,Tinamus_tao,Grey Tinamou,Tinamiformes,Tinamidae,VU,2.37148306264222,3.41686174748404,9.94077233739557,13.1828781786379,0.236761557662488,0.0798952201777476,12.2299676348697,0.843,1,1000,direct,Tinamus_tao,False,False,,,
319,3196,Emberiza_jankowskii,Jankowski's Bunting,Passeriformes,Emberizidae,EN,2.37137613875708,1.49398123751607,4.91328540102165,1.76597416304741,0.474361954656395,0.295669430459318,4.91042558537009,0.901,1,1000,direct,Emberiza_jankowskii,False,False,,,
320,974,Chelictinia_riocourii,Scissor-tailed Kite,Accipitriformes,Accipitridae,VU,2.36954429655681,3.33339521845495,10.0456056882171,14.0991839653201,0.246242244923957,0.0802396581695264,11.7673420684261,0.809,1,1000,direct,Chelictinia_riocourii,False,False,,,
321,3151,Petroica_multicolor,Norfolk Island Robin,Passeriformes,Petroicidae,EN,2.36925249052906,1.55550632956816,4.952048659915,2.10875128256321,0.50153476628034,0.285388630993927,4.7245701236266,0.815,1,1000,direct,Petroica_multicolor,False,False,,,
322,969,Amaurocichla_bocagei,Sao Tome Shorttail,Passeriformes,Sylviidae,VU,2.36466897637513,4.11066040102024,10.0934964142582,18.2280867641012,0.24430793292187,0.0790888699011989,10.4459676069165,0.808,1,1000,GBIF_accepted,Amaurocichla_bocagii,False,False,,,
323,3247,Phoebetria_fusca,Sooty Albatross,Procellariiformes,Diomedeidae,EN,2.36158578865457,1.37554344996306,4.85678857761855,1.52660822547243,0.493659641803893,0.278687562239104,3.3377385655253,0.911,1,1000,direct,Phoebetria_fusca,False,False,,,
325,3504,Gallicolumba_canifrons,Palau Ground Dove,Columbiformes,Columbidae,EN,2.34446466014516,3.31998053520992,4.6299003660736,6.41217907145796,0.486783593301628,0.287721817243495,4.74388875388159,0.643,1,1000,GBIF_accepted,Pampusana_canifrons,False,False,,,
327,3434,Nisaetus_philippensis,North Philippine Hawk-eagle,Accipitriformes,Accipitridae,EN,2.33447053783487,1.43472138144646,4.69687412875961,1.45888534079092,0.496065788192338,0.300470586357276,4.4916691273002,0.892,1,1000,direct,Nisaetus_philippensis,False,False,,,
328,3310,Puffinus_huttoni,Hutton's Shearwater,Procellariiformes,Procellariidae,EN,2.33047513617824,1.37442033597431,4.79555307978631,1.53352851405854,0.493659641803893,0.280880997172781,4.4099603210231,0.866,1,1000,direct,Puffinus_huttoni,False,False,,,
330,3295,Geotrygon_carrikeri,Tuxtla Quail-Dove,Columbiformes,Columbidae,EN,2.32850138121009,3.08218302607291,4.81030051110703,5.79312088348747,0.484758030737318,0.289744570410119,5.58493941279681,0.624,1,1000,GBIF_accepted,Zentrygon_carrikeri,False,False,,,
331,3249,Colaptes_fernandinae,Fernandina's Flicker,Piciformes,Picidae,EN,2.32314358324712,1.4294652631409,4.85617943203805,1.716616163396,0.497356600131446,0.260533976525445,4.72326236482,0.847,1,1000,direct,Colaptes_fernandinae,False,False,,,
332,3327,Melanospiza_richardsoni,Saint Lucia Black Finch,Passeriformes,Emberizidae,EN,2.30893973751991,1.42934374636223,4.77873578318196,1.67308134994745,0.497824234694757,0.272515589654295,4.74151380243899,0.877,1,1000,direct,Melanospiza_richardsoni,False,False,,,
335,1012,Cacatua_ophthalmica,Blue-eyed Cockatoo,Psittaciformes,Psittacidae,VU,2.3006100352482,1.37524832484695,9.89250355081686,5.03614786042154,0.243006760157716,0.0777567828912183,9.20013371351813,0.895,1,1000,direct,Cacatua_ophthalmica,False,False,,,
336,1091,Calidris_fuscicollis,White-rumped Sandpiper,Charadriiformes,Scolopacidae,VU,2.29656336612433,0.995164449705727,9.55146641299364,3.14147217583299,0.246807749899898,0.0721570112990128,9.3287618471837,0.975,1,1000,direct,Calidris_fuscicollis,False,False,,,
337,1108,Sericossypha_albocristata,White-capped Tanager,Passeriformes,Thraupidae,VU,2.28892932731052,0.912296333021185,9.45910747539999,2.97766427843242,0.243951717476434,0.0763688084720128,9.644269887888,1.0,1,1000,direct,Sericossypha_albocristata,False,False,,,
338,3630,Taphrolesbia_griseiventris,Grey-bellied Comet,Apodiformes,Trochilidae,EN,2.27265048019204,1.29677407776617,4.50829527928864,1.04638039760312,0.496217463674415,0.290457546066769,4.538682223397,0.942,1,1000,direct,Taphrolesbia_griseiventris,False,False,,,
339,3404,Zoothera_interpres,Chestnut-capped Thrush,Passeriformes,Turdidae,EN,2.25136564658765,1.37377320598929,4.71176875898067,1.67496028976731,0.482459668558332,0.27839664209396,4.534922920315,0.845,1,1000,GBIF_accepted,Geokichla_interpres,False,False,,,
341,1080,Crypturellus_boucardi,Slaty-breasted Tinamou,Tinamiformes,Tinamidae,VU,2.24290277192096,3.06772211218621,9.59187850311151,12.7890673784135,0.236355445532561,0.0790522909888477,11.6427991393774,0.8,1,1000,direct,Crypturellus_boucardi,False,False,,,
343,1078,Lioptilus_nigricapillus,,Passeriformes,Timaliidae,VU,2.23284301238555,1.1742124030325,9.5991331909748,3.98215480550508,0.243583340932067,0.0747775396939678,8.8531766899915,0.919,1,1000,GBIF_iucn_link,Lioptilus_nigricapillus,False,False,,,
345,1124,Rollulus_rouloul,Crested Partridge,Galliformes,Phasianidae,VU,2.22626201508494,1.54628144965404,9.41997332003672,5.89277199093569,0.242156926443161,0.0774291815503151,8.39767375474677,0.946,1,1000,direct,Rollulus_rouloul,False,False,,,
346,3871,Otus_thilohoffmanni,Serendib Scops-owl,Strigiformes,Strigidae,EN,2.22368662932266,3.66189970297087,4.3051215918094,6.90648832130299,0.514423405891835,0.296874575418802,7.58630089494573,0.584,1,1000,direct,Otus_thilohoffmanni,False,False,,,
347,1069,Chloropeta_gracilirostris,Papyrus Yellow Warbler,Passeriformes,Sylviidae,VU,2.2117911808895,1.48137487857525,9.6416238749814,5.74236682080069,0.243190083530075,0.0769145315446214,7.3877753446886,0.853,1,1000,GBIF_accepted,Calamonastides_gracilirostris,False,False,,,
348,1118,Pterodroma_cookii,Cook's Petrel,Procellariiformes,Procellariidae,VU,2.20418281148977,1.03388898746838,9.43425859289475,3.03601521493257,0.247631017912939,0.0755774178425316,7.54135707939679,0.908,1,1000,direct,Pterodroma_cookii,False,False,,,
349,3777,Laterallus_jamaicensis,Black Rail,Gruiformes,Rallidae,EN,2.20063965951936,2.87969103821589,4.38974706324277,5.23075292120137,0.496065788192338,0.290456655306993,4.85143002970023,0.594,1,1000,direct,Laterallus_jamaicensis,False,False,,,
350,3966,Circus_macrosceles,Malagasy Harrier,Accipitriformes,Accipitridae,EN,2.19836903221358,2.8762809621399,4.21810895833089,5.37156698189696,0.501560456939792,0.303918470992057,4.74648686831555,0.597,1,1000,direct,Circus_macrosceles,False,False,,,
351,1205,Pluvialis_squatarola,Grey Plover,Charadriiformes,Charadriidae,VU,2.18962830110972,1.07106343710944,9.06040040764939,4.02730125581165,0.247554237551884,0.0738842256052698,9.32729918535,0.991,1,1000,direct,Pluvialis_squatarola,False,False,,,
352,1163,Pterodroma_longirostris,Stejneger's Petrel,Procellariiformes,Procellariidae,VU,2.18499048864641,1.04557419729054,9.22513479395704,3.41003558565269,0.247363508191294,0.0758336514504458,7.27360887931108,0.947,1,1000,direct,Pterodroma_longirostris,False,False,,,
353,1227,Limosa_fedoa,Marbled Godwit,Charadriiformes,Scolopacidae,VU,2.1774511614067,0.826874742932561,8.98522724537233,2.3645570719845,0.247554237551884,0.0727875008630829,8.203832060851,1.0,1,1000,direct,Limosa_fedoa,False,False,,,
356,4047,Spilornis_klossi,Great Nicobar Serpent-eagle,Accipitriformes,Accipitridae,EN,2.16699800683163,2.69276344739551,4.14811297082909,5.42147486712537,0.501983737955544,0.303800622498791,4.76571934727348,0.609,1,1000,direct,Spilornis_klossi,False,False,,,
357,1217,Limosa_haemastica,Hudsonian Godwit,Charadriiformes,Scolopacidae,VU,2.16397904290712,0.780890445341768,9.00674723128439,2.34776061033786,0.247197059332174,0.0726930735900841,8.202512313091,1.0,1,1000,direct,Limosa_haemastica,False,False,,,
358,1231,Amandava_formosa,Green Avadavat,Passeriformes,Estrildidae,VU,2.16069719450133,1.01774600204217,8.97732988181714,3.40963720928925,0.244871522803606,0.0785324908477588,9.138539384086,0.997,1,1000,direct,Amandava_formosa,False,False,,,
364,1185,Nothura_minor,Lesser Nothura,Tinamiformes,Tinamidae,VU,2.12659880846309,2.95723578023519,9.13288172272411,12.9306072563739,0.236477482828949,0.0791005256245105,11.2298843467487,0.8,1,1000,direct,Nothura_minor,False,False,,,
365,1257,Phaenicophaeus_pyrrhocephalus,Red-faced Malkoha,Cuculiformes,Cuculidae,VU,2.11973320516645,0.838962400762611,8.86346258926835,2.64931973752008,0.244182833711331,0.0767111810044236,8.947209763433,1.0,1,1000,direct,Phaenicophaeus_pyrrhocephalus,False,False,,,
367,3833,Sheppardia_gabela,Gabela Akalat,Passeriformes,Muscicapidae,EN,2.10959065355404,1.15714173641089,4.33512672637856,1.27003245903217,0.479651248545996,0.28308857195423,4.294728169045,0.839,1,1000,direct,Sheppardia_gabela,False,False,,,
368,4027,Hapalopsittaca_pyrrhops,Red-faced Parrot,Psittaciformes,Psittacidae,EN,2.10784410677493,2.73659697107419,4.16797053648612,5.39461565878008,0.489706457980025,0.281344521387007,4.75632390220555,0.575,1,1000,direct,Hapalopsittaca_pyrrhops,False,False,,,
369,3751,Gallirallus_okinawae,,Gruiformes,Rallidae,EN,2.1076456551704,2.09724298612087,4.40532300158231,3.93515809768907,0.501207195257355,0.290074905742213,4.34352667522458,0.616,1,1000,GBIF_iucn_link,Gallirallus_okinawae,False,False,,,
371,3969,Coccyzus_rufigularis,Bay-breasted Cuckoo,Cuculiformes,Cuculidae,EN,2.09776964411524,1.36321031245856,4.21559069209819,2.03791082701108,0.490619690750546,0.279820006796554,4.1479263587718,0.72,1,1000,direct,Coccyzus_rufigularis,False,False,,,
372,4084,Rallus_wetmorei,Plain-flanked Rail,Gruiformes,Rallidae,EN,2.0959245672167,3.00867251114954,4.11680132191711,6.06724361338283,0.499819969416476,0.283686394326905,5.21207899787374,0.557,1,1000,direct,Rallus_wetmorei,False,False,,,
374,1229,Platyrinchus_leucoryphus,Russet-winged Spadebill,Passeriformes,Tyrannidae,VU,2.08410573428918,1.35307664990542,8.9811383150489,5.46889641939534,0.241115813930247,0.0805138971373318,8.3661872433913,0.87,1,1000,direct,Platyrinchus_leucoryphus,False,False,,,
375,3890,Pterodroma_baraui,Barau's Petrel,Procellariiformes,Procellariidae,EN,2.07459448134741,1.25501150445365,4.28591968348696,1.44566096535019,0.501459698960966,0.281910449026477,3.5676843369469,0.746,1,1000,direct,Pterodroma_baraui,False,False,,,
376,3796,Loxops_coccineus,Hawaii Akepa,Passeriformes,Fringillidae,EN,2.07386329138584,1.25727266435378,4.36876254388469,1.10181687990253,0.47522909821409,0.293647521723924,1.7738854667219,0.897,1,1000,direct,Loxops_coccineus,False,False,,,
378,3880,Xenospiza_baileyi,Sierra Madre Sparrow,Passeriformes,Emberizidae,EN,2.07175170457781,1.19113715585051,4.29851223086939,1.53982014729275,0.468146507799828,0.29779032492428,4.360194761702,0.79,1,1000,direct,Xenospiza_baileyi,False,False,,,
381,4251,Pterodroma_atrata,Henderson Petrel,Procellariiformes,Procellariidae,EN,2.06429248310347,2.83275222376631,3.9885273067116,5.84985158211209,0.500748472843818,0.280289853412298,4.83029669315277,0.562,1,1000,direct,Pterodroma_atrata,False,False,,,
382,1285,Wetmorethraupis_sterrhopteron,Orange-throated Tanager,Passeriformes,Thraupidae,VU,2.06091535628492,0.836280295346915,8.74894882143291,2.47659640956478,0.245837740855447,0.0755260209895856,8.7731883106316,0.981,1,1000,direct,Wetmorethraupis_sterrhopteron,False,False,,,
385,1280,Chloropsis_flavipennis,Philippine Leafbird,Passeriformes,Chloropseidae,VU,2.05155354764488,2.45747318227693,8.77966071119194,10.4240584149024,0.241915588036515,0.0814764712031584,9.15678794506999,0.802,1,1000,direct,Chloropsis_flavipennis,False,False,,,
387,1337,Aceros_cassidix,Knobbed Hornbill,Bucerotiformes,Bucerotidae,VU,2.04702083823236,1.23207836992361,8.57510661263537,4.7128911023463,0.242074462456675,0.0800077840836347,8.12680692396993,0.914,1,1000,GBIF_accepted,Rhyticeros_cassidix,False,False,,,
388,4029,Pomarea_mendozae,Marquesas Monarch,Passeriformes,Monarchidae,EN,2.04216352896175,1.16094642595976,4.16540501100062,1.1893709814021,0.493977670677608,0.283412532730599,2.3845366386565,0.817,1,1000,direct,Pomarea_mendozae,False,False,,,
390,1350,Neophema_chrysostoma,Blue-winged Parrot,Psittaciformes,Psittacidae,VU,2.04184814297369,1.38156297121745,8.51761593910436,5.41298352273031,0.248002500972842,0.0735356814278448,8.4386660238276,0.859,1,1000,direct,Neophema_chrysostoma,False,False,,,
391,1318,Nothoprocta_taczanowskii,Taczanowski's Tinamou,Tinamiformes,Tinamidae,VU,2.04016822664103,2.7270211682513,8.65725041681802,11.5201277462895,0.237108943626153,0.0792438546177704,9.95679901253663,0.786,1,1000,direct,Nothoprocta_taczanowskii,False,False,,,
392,4133,Ciconia_boyciana,Oriental Stork,Ciconiiformes,Ciconiidae,EN,2.04010872421129,1.2321825501432,4.07471524100104,1.45308658291402,0.492415115238858,0.280879704718148,3.6104232651726,0.734,1,1000,direct,Ciconia_boyciana,False,False,,,
393,4204,Circus_maurus,Black Harrier,Accipitriformes,Accipitridae,EN,2.03968819034861,2.58977050749395,4.01686220672173,4.90455767135499,0.501084614596922,0.303654166215873,4.16662710427253,0.562,1,1000,direct,Circus_maurus,False,False,,,
394,1215,Aphelocephala_leucopsis,Southern Whiteface,Passeriformes,Acanthizidae,VU,2.03670514361516,1.42231330287986,9.00927621379398,5.29507591319641,0.246503480724283,0.0757845157881382,8.1004211280533,0.862,1,1000,direct,Aphelocephala_leucopsis,False,False,,,
395,4026,Pterodroma_hasitata,Black-capped Petrel,Procellariiformes,Procellariidae,EN,2.03507976342632,1.19601753449509,4.1685276278351,1.48218266208182,0.504571457239543,0.282036296643247,3.9269112023105,0.738,1,1000,direct,Pterodroma_hasitata,False,False,,,
396,1298,Pterodroma_axillaris,Chatham Islands Petrel,Procellariiformes,Procellariidae,VU,2.02842254417895,1.27244759445074,8.70206536132666,4.68491487025511,0.247223085935126,0.0760807864532116,7.46146199664046,0.88,1,1000,direct,Pterodroma_axillaris,False,False,,,
400,4063,Pterodroma_sandwichensis,Hawaiian Petrel,Procellariiformes,Procellariidae,EN,2.0164241305993,1.17529512709979,4.13648531335314,1.50225448647534,0.501459698960966,0.282131339920951,2.34581111164392,0.723,1,1000,direct,Pterodroma_sandwichensis,False,False,,,
401,1336,Cichlopsis_leucogenys,Rufous-brown Solitaire,Passeriformes,Turdidae,VU,1.99777225763637,0.859909282553721,8.58019667888077,2.54593807202302,0.24164509364401,0.0769316118382307,8.708452884489,1.0,1,1000,direct,Cichlopsis_leucogenys,False,False,,,
402,4181,Amytornis_woodwardi,White-throated Grasswren,Passeriformes,Maluridae,EN,1.99311957488379,1.13361111210853,4.0359974843311,1.33013473984919,0.489698054250551,0.271157952155805,2.4471388321196,0.727,1,1000,direct,Amytornis_woodwardi,False,False,,,
406,4175,Grallaria_kaestneri,Cundinamarca Antpitta,Passeriformes,Formicariidae,EN,1.98637752192369,2.86584038325706,4.0429597016319,5.61815267463503,0.489698054250551,0.271770209702876,5.2171898933626,0.561,1,1000,direct,Grallaria_kaestneri,False,False,,,
407,4291,Hapalopsittaca_fuertesi,Indigo-winged Parrot,Psittaciformes,Psittacidae,EN,1.98521056831074,2.85512386133903,3.95229561093661,5.11484316292404,0.490326763465206,0.283263555591627,4.37815866271598,0.556,1,1000,direct,Hapalopsittaca_fuertesi,False,False,,,
409,4172,Grallaria_ridgelyi,Jocotoco Antpitta,Passeriformes,Formicariidae,EN,1.98009694861848,2.89860253340105,4.0441254996319,5.41132545931494,0.489698054250551,0.274753072492457,4.97855762895688,0.562,1,1000,direct,Grallaria_ridgelyi,False,False,,,
410,1286,Poicephalus_robustus,Cape Parrot,Psittaciformes,Psittacidae,VU,1.97835734394676,1.47415196333651,8.74549760676175,5.76786194862731,0.246200807888503,0.0766849075708085,8.1221003489444,0.831,1,1000,direct,Poicephalus_robustus,False,False,,,
411,1371,Neomorphus_geoffroyi,Rufous-vented Ground-cuckoo,Cuculiformes,Cuculidae,VU,1.97161114850606,0.905803424051827,8.43042965731919,2.94332198107937,0.244513969088373,0.0766206633255588,7.4141167119995,0.984,1,1000,direct,Neomorphus_geoffroyi,False,False,,,
412,1359,Nisaetus_nanus,Wallace's Hawk-eagle,Accipitriformes,Accipitridae,VU,1.96917792717229,0.788750759992396,8.47741106619764,2.24013876903296,0.244923245347486,0.0806233806208068,7.6920466208524,0.994,1,1000,direct,Nisaetus_nanus,False,False,,,
414,4239,Anthreptes_pallidigaster,Amani Sunbird,Passeriformes,Nectariniidae,EN,1.96231034350052,2.60384132982581,3.99781347824451,5.23819461628469,0.479831007411303,0.301493917792113,4.9348843007826,0.565,1,1000,GBIF_accepted,Hedydipna_pallidigaster,False,False,,,
416,1270,Coccothraustes_vespertinus,Evening Grosbeak,Passeriformes,Fringillidae,VU,1.93794457558773,1.52020869554174,8.79970598841383,6.26249337936431,0.239905205694364,0.0774900633841465,7.5834716497105,0.8,1,1000,GBIF_accepted,Hesperiphona_vespertina,False,False,,,
417,4222,Amazona_viridigenalis,Red-crowned Amazon,Psittaciformes,Psittacidae,EN,1.93632720092777,1.16328793208685,4.00630169149165,1.58696866614942,0.489356491409012,0.284518281144213,2.4046706303656,0.69,1,1000,direct,Amazona_viridigenalis,False,False,,,
418,4537,Diomedea_antipodensis,Antipodean Albatross,Procellariiformes,Diomedeidae,EN,1.93574660866508,1.20663358551543,3.77079870073478,1.63038354496871,0.499215959208374,0.280385808689838,0.9107604633424,0.597,1,1000,direct,Diomedea_antipodensis,False,False,,,
419,4266,Aquila_nipalensis,Steppe Eagle,Accipitriformes,Accipitridae,EN,1.9326945738114,1.11112107222808,3.97192761866879,1.00405433979689,0.491335404005202,0.298505726900569,3.91326980075,0.757,1,1000,direct,Aquila_nipalensis,False,False,,,
421,1467,Anodorhynchus_hyacinthinus,Hyacinth Macaw,Psittaciformes,Psittacidae,VU,1.92886151852715,0.886291432475083,8.03005331323453,2.97475081273169,0.243919308577984,0.0755139963528173,3.877469582655,0.997,1,1000,direct,Anodorhynchus_hyacinthinus,True,False,,,
422,4279,Amazona_finschi,Lilac-crowned Amazon,Psittaciformes,Psittacidae,EN,1.92783209935165,1.18684481253878,3.95877194113883,1.64805335656364,0.489201847451191,0.285011714310449,2.4148610683488,0.669,1,1000,direct,Amazona_finschi,False,False,,,
425,1459,Picathartes_gymnocephalus,White-necked Rockfowl,Passeriformes,Picathartidae,VU,1.92246762224452,1.29452238274044,8.06390970863832,4.88689994311672,0.246888803469484,0.0758520029814299,5.2200932653555,0.975,1,1000,direct,Picathartes_gymnocephalus,False,False,,,
426,1504,Buceros_bicornis,Great Hornbill,Bucerotiformes,Bucerotidae,VU,1.92192900708051,1.1806437204486,7.94810932307978,4.80579845114136,0.242716178053505,0.0812537920529608,6.61281537467223,0.945,1,1000,direct,Buceros_bicornis,False,False,,,
429,4453,Diomedea_amsterdamensis,Amsterdam Albatross,Procellariiformes,Diomedeidae,EN,1.92063625580057,1.17621554346775,3.8277427603465,1.73597115564384,0.499215959208374,0.281259579970249,0.9102660664453,0.63,1,1000,direct,Diomedea_amsterdamensis,False,False,,,
430,4325,Otus_moheliensis,Moheli Scops-owl,Strigiformes,Strigidae,EN,1.91238891296899,1.34238121268381,3.93115873912564,1.68101044031445,0.515510495836661,0.29579492965847,3.41878791401041,0.636,1,1000,direct,Otus_moheliensis,False,False,,,
432,4524,Phalacrocorax_capensis,Cape Cormorant,Suliformes,Phalacrocoracidae,EN,1.9103502824272,2.78129173174996,3.77809075691671,5.19968554250909,0.492415115238858,0.295037738988473,4.92324774688232,0.529,1,1000,direct,Phalacrocorax_capensis,False,False,,,
434,4278,Ardea_humbloti,Madagascar Heron,Pelecaniformes,Ardeidae,EN,1.90870120135671,3.00873674305073,3.95961548961382,5.43314747810354,0.493038262970142,0.289481039999235,4.64951080443844,0.539,1,1000,direct,Ardea_humbloti,False,False,,,
436,4411,Pterodroma_cahow,Bermuda Petrel,Procellariiformes,Procellariidae,EN,1.9016090623591,1.16962221140449,3.86016953589881,1.33090029382302,0.504571457239543,0.282432083206685,3.64072913391164,0.671,1,1000,direct,Pterodroma_cahow,False,False,,,
437,1491,Centropus_nigrorufus,Javan Coucal,Cuculiformes,Cuculidae,VU,1.90086796103588,0.833690572273781,7.97593856192355,2.6691897962272,0.245127684947126,0.0786929026485626,7.7680327423489,0.987,1,1000,direct,Centropus_nigrorufus,False,False,,,
438,4666,Starnoenas_cyanocephala,Blue-headed Quail-Dove,Columbiformes,Columbidae,EN,1.89784627645026,2.12283234854995,3.68421441950242,4.12707240800819,0.484721754724185,0.289706055109757,4.20531999931042,0.534,1,1000,direct,Starnoenas_cyanocephala,False,False,,,
439,1496,Goura_cristata,Western Crowned-pigeon,Columbiformes,Columbidae,VU,1.89624645873681,0.782685029797616,7.96377097561913,2.21631322256658,0.242977390109845,0.0788812789182276,6.918477507805,0.987,1,1000,direct,Goura_cristata,False,False,,,
440,4675,Trichocichla_rufa,,Passeriformes,Sylviidae,EN,1.89323532218564,2.42664192166079,3.67947674781783,5.15542593534392,0.492109714050523,0.285823076375188,3.88456264575415,0.527,1,1000,GBIF_iucn_link,Megalurulus_rufus,False,False,,,
441,1553,Tyto_soumagnei,Madagascar Red Owl,Strigiformes,Tytonidae,VU,1.89097468953761,2.75950531586116,7.80486502762573,11.0432410540915,0.249976684019447,0.0772135279986843,9.7809050278789,0.761,1,1000,direct,Tyto_soumagnei,False,False,,,
442,1414,Neomorphus_radiolosus,Banded Ground-cuckoo,Cuculiformes,Cuculidae,VU,1.88857202694667,0.91082904727814,8.2522291441403,3.46844010472426,0.244407331314883,0.0765997097936696,6.8597306024697,0.93,1,1000,direct,Neomorphus_radiolosus,False,False,,,
443,1472,Tryngites_subruficollis,Buff-breasted Sandpiper,Charadriiformes,Scolopacidae,VU,1.88203368905183,0.775952842239398,8.01872766574949,2.73401331454877,0.246991028366865,0.0720597545824537,7.7044345026464,0.993,1,1000,GBIF_accepted,Calidris_subruficollis,False,False,,,
445,4333,Otus_pauliani,Grande Comore Scops-owl,Strigiformes,Strigidae,EN,1.86016174226345,1.32652483652646,3.92749403113057,1.72756572237199,0.515165541790952,0.295702858216092,3.30532059118584,0.634,1,1000,direct,Otus_pauliani,False,False,,,
446,1606,Haliaeetus_pelagicus,Steller's Sea-eagle,Accipitriformes,Accipitridae,VU,1.85989528792899,0.637780245284007,7.66190925894321,1.67374227380253,0.244895758884674,0.0803837134704958,7.569799486203,1.0,1,1000,direct,Haliaeetus_pelagicus,False,False,,,
448,1511,Aceros_subruficollis,Plain-pouched Hornbill,Bucerotiformes,Bucerotidae,VU,1.84784692816024,1.97838891535654,7.91131026220089,8.0613451496331,0.242074462456675,0.0802075195999776,6.91541726207045,0.815,1,1000,GBIF_accepted,Rhyticeros_subruficollis,False,False,,,
450,1587,Calyptorhynchus_lathami,Glossy Black-cockatoo,Psittaciformes,Psittacidae,VU,1.83906337685122,2.4961749560973,7.71378513185319,10.5598048528597,0.242726225323331,0.0780465731605584,7.92902709061618,0.762,1,1000,direct,Calyptorhynchus_lathami,False,False,,,
451,4782,Erythrotriorchis_radiatus,Red Goshawk,Accipitriformes,Accipitridae,EN,1.83599560186925,2.10644533815566,3.60714277401224,3.96233754972839,0.503559302178847,0.304455296531743,3.5451589478949,0.517,1,1000,direct,Erythrotriorchis_radiatus,False,False,,,
452,4606,Polyplectron_malacense,Malay Peacock-Pheasant,Galliformes,Phasianidae,EN,1.83587941988515,1.09659050020043,3.72700116886058,1.33026094996909,0.473513272061105,0.289733602324932,2.6426715721032,0.623,1,1000,direct,Polyplectron_malacense,False,False,,,
453,4477,Polyplectron_schleiermacheri,Bornean Peacock-Pheasant,Galliformes,Phasianidae,EN,1.82602335586538,1.07838378471445,3.80698795490081,1.30157706884676,0.475060464888952,0.29000120703275,2.6426715721032,0.635,1,1000,direct,Polyplectron_schleiermacheri,False,False,,,
455,1542,Apalharpactes_reinwardtii,Javan Trogon,Trogoniformes,Trogonidae,VU,1.82424556067322,2.47415364679851,7.83807737916091,9.85951232930764,0.243885342856523,0.0807239026582667,8.85549723976068,0.779,1,1000,direct,Apalharpactes_reinwardtii,False,False,,,
457,4431,Manorina_melanotis,Black-eared Miner,Passeriformes,Meliphagidae,EN,1.81919362920837,2.1584297129342,3.84443922034394,4.38155556754349,0.501227380278383,0.274512633275599,4.03910351661796,0.55,1,1000,direct,Manorina_melanotis,False,False,,,
459,4483,Laniarius_brauni,Braun's Bushshrike,Passeriformes,Malaconotidae,EN,1.81098749392975,1.9517392058348,3.80290774419291,3.66565016845212,0.492832936069451,0.272768029960174,3.9959961870775,0.542,1,1000,direct,Laniarius_brauni,False,False,,,
460,4209,Agelaius_tricolor,Tricolored Blackbird,Passeriformes,Icteridae,EN,1.80346940407119,1.4035545662571,4.01344596691304,2.07565944073483,0.472981717910241,0.286645273538304,3.66954274483288,0.652,1,1000,direct,Agelaius_tricolor,False,False,,,
462,4917,Circus_maillardi,Reunion Marsh-harrier,Accipitriformes,Accipitridae,EN,1.79914994341849,2.34893765286538,3.51348966713377,4.56454890328148,0.501236451275156,0.303654166215873,4.08392857797213,0.505,1,1000,direct,Circus_maillardi,False,False,,,
463,4835,Laniarius_amboimensis,Gabela Bushshrike,Passeriformes,Malaconotidae,EN,1.79906824955033,2.52518495514893,3.57621411372671,4.83864295749665,0.493745558122167,0.272852495512282,4.41568963202668,0.511,1,1000,direct,Laniarius_amboimensis,False,False,,,
464,1654,Ognorhynchus_icterotis,Yellow-eared Parrot,Psittaciformes,Psittacidae,VU,1.79873892834706,1.89167881024825,7.53038752480916,7.49875289269225,0.244233458529515,0.0773005479758293,8.21341455438165,0.812,1,1000,direct,Ognorhynchus_icterotis,False,False,,,
466,4512,Dicrurus_fuscipennis,Comoro Drongo,Passeriformes,Dicruridae,EN,1.78010124404391,1.2436196867569,3.78403675098424,1.89348078233256,0.491402493130704,0.287114540806786,3.5831848892233,0.589,1,1000,direct,Dicrurus_fuscipennis,False,False,,,
468,4873,Prioniturus_luconensis,Green Racquet-tail,Psittaciformes,Psittacidae,EN,1.77741519784316,2.69454603600336,3.54358029761428,5.15709334525432,0.497416228974328,0.276132908481508,4.32396011404558,0.507,1,1000,direct,Prioniturus_luconensis,False,False,,,
470,1721,Tyto_aurantia,Golden Masked-owl,Strigiformes,Tytonidae,VU,1.77281122080236,2.61855799145249,7.3316870473584,10.5709319199096,0.25006324461518,0.0771087212740327,9.16841026492425,0.719,1,1000,direct,Tyto_aurantia,False,False,,,
471,1597,Nesospingus_speculiferus,Puerto Rican Tanager,Passeriformes,Thraupidae,VU,1.77265375931122,1.12407930538044,7.67838458703865,4.3227206227813,0.244590871258616,0.0758395882802144,6.91629458731482,0.805,1,1000,direct,Nesospingus_speculiferus,False,False,,,
474,1672,Buceros_rhinoceros,Rhinoceros Hornbill,Bucerotiformes,Bucerotidae,VU,1.76461301496653,1.16696408429429,7.48231402152954,4.97282414199148,0.242548136482241,0.081234090913455,5.99624096888045,0.927,1,1000,direct,Buceros_rhinoceros,False,False,,,
477,1648,Charadrius_sanctaehelenae,Saint Helena Plover,Charadriiformes,Charadriidae,VU,1.75794206195673,2.19033838215431,7.55033415937063,9.29076663217929,0.246785817835838,0.0738745854102124,8.11864548828232,0.749,1,1000,direct,Charadrius_sanctaehelenae,False,False,,,
479,1673,Electron_carinatum,Keel-billed Motmot,Coraciiformes,Momotidae,VU,1.73895649922884,2.37911929991078,7.47885672917723,9.4698160971041,0.241904111706196,0.0738743464290661,9.02133396481222,0.782,1,1000,direct,Electron_carinatum,False,False,,,
481,1784,Melanoperdix_niger,Black Partridge,Galliformes,Phasianidae,VU,1.72581147910867,1.73036179732467,7.16778458562297,7.15906590326003,0.24234130114472,0.0776223787882491,5.47158248197217,0.848,1,1000,direct,Melanoperdix_niger,False,False,,,
485,1778,Anthracoceros_marchei,Palawan Hornbill,Bucerotiformes,Bucerotidae,VU,1.71451652814213,1.78854391295111,7.18795626804577,6.89865462847708,0.243885342856523,0.0802036161691201,6.58589361541618,0.812,1,1000,direct,Anthracoceros_marchei,False,False,,,
486,4975,Penelopides_panini,Visayan Hornbill,Bucerotiformes,Bucerotidae,EN,1.71201603661683,1.7375294651576,3.47840941565171,3.12699628103534,0.483609965019662,0.294929194224364,3.5069130722291,0.507,1,1000,direct,Penelopides_panini,False,False,,,
493,1805,Puffinus_yelkouan,Yelkouan Shearwater,Procellariiformes,Procellariidae,VU,1.70470513170424,0.614494179269791,7.10671392439362,1.32955205197578,0.245726743827498,0.075902162693087,3.33561508036654,0.998,1,1000,direct,Puffinus_yelkouan,False,False,,,
494,4953,Aepypodius_bruijnii,Waigeo Brushturkey,Galliformes,Megapodiidae,EN,1.70458421716253,2.00794884914238,3.48908717679651,3.78014621253614,0.478835414125139,0.285206143718199,3.84647032952863,0.504,1,1000,direct,Aepypodius_bruijnii,False,False,,,
496,4738,Hemignathus_parvus,Anianiau,Passeriformes,Fringillidae,EN,1.69790876554426,1.16334033220197,3.63616232203685,1.3510111069038,0.476068573349315,0.292090223009236,3.18461869761316,0.587,1,1000,GBIF_accepted,Magumma_parva,False,False,,,
500,1748,Aceros_narcondami,Narcondam Hornbill,Bucerotiformes,Bucerotidae,VU,1.68996119016179,1.72852880758469,7.2734830785603,6.85388458897018,0.241912423738236,0.0800077840836347,6.3866831574943,0.814,1,1000,GBIF_accepted,Rhyticeros_narcondami,False,False,,,
504,1958,Oceanodroma_matsudairae,,Procellariiformes,Hydrobatidae,VU,1.67721701465527,2.07315719679216,6.71861218374177,8.30720653198019,0.244695223739777,0.0746907107275528,7.09301409033109,0.731,1,1000,GBIF_iucn_link,Oceanodroma_matsudairae,False,False,,,
509,1844,Sterna_aleutica,Aleutian Tern,Charadriiformes,Laridae,VU,1.65741897414843,0.811558758964923,7.00559623984035,2.35380180749224,0.245800467521086,0.0781735779652968,6.35061338732277,0.88,1,1000,GBIF_accepted,Onychoprion_aleuticus,False,False,,,
510,1811,Platalea_minor,Black-faced Spoonbill,Pelecaniformes,Threskiornithidae,VU,1.65708291996188,1.20303033926684,7.1009551882822,4.5029896037768,0.244898316546452,0.0769378951223974,6.90541966696271,0.858,1,1000,direct,Platalea_minor,False,False,,,
513,1787,Neodrepanis_hypoxantha,Yellow-bellied Sunbird-asity,Passeriformes,Philepittidae,VU,1.65535115334604,1.90307387038591,7.16221516486865,8.03418002285375,0.242465086114623,0.0808358525340986,7.56535305616711,0.784,1,1000,direct,Neodrepanis_hypoxantha,False,False,,,
515,5031,Ferminia_cerverai,Zapata Wren,Passeriformes,Troglodytidae,EN,1.64382278286562,2.21391744936527,3.4399632697777,4.41081474190151,0.481971935997431,0.283032988409003,4.13992108974547,0.504,1,1000,direct,Ferminia_cerverai,False,False,,,
520,1932,Philepitta_schlegeli,Schlegel's Asity,Passeriformes,Philepittidae,VU,1.63798921799057,1.84417594127185,6.79224123777039,7.49641809404573,0.241814330576649,0.0797987003203911,7.17606018729098,0.75,1,1000,direct,Philepitta_schlegeli,False,False,,,
522,1870,Syrmaticus_reevesii,Reeves's Pheasant,Galliformes,Phasianidae,VU,1.63751623075049,0.680337652394099,6.93741405020101,2.34395041802906,0.239425617519377,0.0798201102757971,7.128403370648,0.999,1,1000,direct,Syrmaticus_reevesii,False,False,,,
523,1899,Penelopina_nigra,Highland Guan,Galliformes,Cracidae,VU,1.63429033736662,0.597400687591964,6.8708545695,1.57615060189767,0.241969921832624,0.0786363722180451,6.906099574218,1.0,1,1000,direct,Penelopina_nigra,False,False,,,
524,1955,Fregata_aquila,Ascension Frigatebird,Suliformes,Fregatidae,VU,1.63279313701592,1.45952032490098,6.72561492271852,6.15186989673908,0.243873310412537,0.0777270311621757,8.0495785422651,0.867,1,1000,direct,Fregata_aquila,False,False,,,
527,1847,Ceratogymna_elata,Yellow-casqued Hornbill,Bucerotiformes,Bucerotidae,VU,1.6234826439575,1.52688369351072,7.00261792479044,6.14287211531446,0.242074462456675,0.0811061216807766,6.56572475607265,0.808,1,1000,direct,Ceratogymna_elata,False,False,,,
528,1924,Coua_gigas,Giant Coua,Cuculiformes,Cuculidae,VU,1.62238216140527,0.74526822909509,6.80939045691167,2.54331607478337,0.244054583387585,0.0760023756848065,6.622200015746,0.974,1,1000,direct,Coua_gigas,False,False,,,
531,1934,Calyptophilus_tertius,Western Chat-tanager,Passeriformes,Thraupidae,VU,1.61870895660069,0.631416007350726,6.78793662497368,2.0089998927642,0.244500446974045,0.0758775455889357,6.36874192929,0.998,1,1000,direct,Calyptophilus_tertius,False,False,,,
535,2108,Goura_scheepmakeri,Scheepmaker's Crowned-pigeon,Columbiformes,Columbidae,VU,1.61501235924665,2.55176304769009,6.40025330422911,10.082874487621,0.242977390109845,0.0790001911497608,7.96660811429488,0.728,1,1000,direct,Goura_scheepmakeri,False,False,,,
538,1874,Megapodius_tenimberensis,Tanimbar Scrubfowl,Galliformes,Megapodiidae,VU,1.6084450330417,1.16870575831962,6.92802729319071,4.4209213719813,0.240793998821969,0.0773842037715002,6.76772620726301,0.858,1,1000,direct,Megapodius_tenimberensis,False,False,,,
544,1987,Melithreptus_validirostris,Strong-billed Honeyeater,Passeriformes,Meliphagidae,VU,1.58266613713799,0.599205780590319,6.64643117540584,1.98650451553175,0.247194177680159,0.0753099741744431,6.682401611587,0.994,1,1000,direct,Melithreptus_validirostris,False,False,,,
546,2070,Phoebastria_albatrus,Short-tailed Albatross,Procellariiformes,Diomedeidae,VU,1.58099613893722,0.61773957902304,6.46323702537634,1.77186324529175,0.246933037592252,0.0755774178425316,5.908982802151,0.989,1,1000,direct,Phoebastria_albatrus,False,False,,,
553,2030,Geositta_poeciloptera,Campo Miner,Passeriformes,Furnariidae,VU,1.56615911737464,0.654392220244634,6.54545591757264,2.0451760005599,0.244310461480918,0.0789131322369104,6.647864888714,0.994,1,1000,direct,Geositta_poeciloptera,False,False,,,
564,2129,Turdus_swalesi,La Selle Thrush,Passeriformes,Turdidae,VU,1.51999182799657,0.578756923733134,6.35679768215026,1.85068644675044,0.239487754672894,0.0785294102982235,6.3899927717812,0.991,1,1000,direct,Turdus_swalesi,False,False,,,
568,2270,Neomorphus_squamiger,,Cuculiformes,Cuculidae,VU,1.50704797708627,1.42611987468337,6.09408638051987,5.49625685091646,0.244513969088373,0.0763549508874809,6.95458696074472,0.815,1,1000,GBIF_iucn_link,Neomorphus_squamiger,False,False,,,
571,2236,Tachycineta_euchrysea,Golden Swallow,Passeriformes,Hirundinidae,VU,1.5031539279572,0.506730270017713,6.15450956746564,1.44835920276205,0.248458521683314,0.0765424761818551,5.638550202574,0.998,1,1000,direct,Tachycineta_euchrysea,False,False,,,
574,2273,Buceros_hydrocorax,Northern Rufous Hornbill,Bucerotiformes,Bucerotidae,VU,1.49938089849236,1.1764678334793,6.09201732203169,4.59473421988683,0.242415361744441,0.0810966843445333,5.09432017595008,0.892,1,1000,direct,Buceros_hydrocorax,False,False,,,
580,2164,Psittacula_longicauda,,Psittaciformes,Psittacidae,VU,1.49439185361084,0.713142399023058,6.28734011052926,2.36043159858396,0.246155748158664,0.0752783671781465,6.23607314383658,0.945,1,1000,GBIF_iucn_link,Psittacula_longicauda,False,False,,,
583,2147,Buthraupis_wetmorei,Masked Mountain-tanager,Passeriformes,Thraupidae,VU,1.49312574170866,0.704195825140333,6.32649460051271,2.32431824895167,0.245793053085138,0.076317593532178,5.95930408128029,0.877,1,1000,GBIF_accepted,Tephrophilus_wetmorei,False,False,,,
590,2151,Saxicola_insignis,White-throated Bushchat,Passeriformes,Muscicapidae,VU,1.48173659578718,0.646574301322645,6.31729432277645,2.08262838052024,0.238020472180498,0.0805660084858595,6.3791257486735,0.978,1,1000,direct,Saxicola_insignis,False,False,,,
593,2233,Habroptila_wallacii,Invisible Rail,Gruiformes,Rallidae,VU,1.47748867412202,2.27163874153417,6.16193835816283,9.34342713288542,0.246663163533726,0.0761848956609117,8.38357389050967,0.692,1,1000,direct,Habroptila_wallacii,False,False,,,
594,2087,Ocyceros_griseus,Malabar Grey Hornbill,Bucerotiformes,Bucerotidae,VU,1.47503506110089,2.2538783768225,6.43840229641558,9.3415709211529,0.241743653821612,0.0807694821835332,7.9040605134539,0.708,1,1000,direct,Ocyceros_griseus,False,False,,,
609,2302,Psophia_viridis,Green-winged Trumpeter,Gruiformes,Psophiidae,VU,1.44837509518699,1.33639538410245,6.03533780810264,5.24285987083539,0.244695223739777,0.0749036510313557,6.7281726495973,0.801,1,1000,direct,Psophia_viridis,False,False,,,
611,2556,Turnix_melanogaster,Black-breasted Buttonquail,Charadriiformes,Turnicidae,VU,1.44450322514431,2.01348192974669,5.69653149065337,8.61432174503307,0.245480195981677,0.0792132286368164,7.25933862085095,0.672,1,1000,direct,Turnix_melanogaster,False,False,,,
612,2292,Catreus_wallichi,Cheer Pheasant,Galliformes,Phasianidae,VU,1.44306555577536,0.578440383517946,6.05089091865114,1.85578369700973,0.238124511701019,0.0796774772124452,6.191695199625,0.99,1,1000,GBIF_accepted,Catreus_wallichii,False,False,,,
620,2339,Polyplectron_napoleonis,Palawan Peacock-Pheasant,Galliformes,Phasianidae,VU,1.42860782683699,0.604138192906478,5.99692902757868,2.03263010670324,0.239923051103132,0.0792673331467187,6.214586650392,0.986,1,1000,direct,Polyplectron_napoleonis,False,False,,,
626,2298,Procellaria_parkinsoni,Black Petrel,Procellariiformes,Procellariidae,VU,1.41691645307233,0.588584372104709,6.04375433596331,1.90367297388277,0.24653255463129,0.0763380120785025,5.871396690528,0.982,1,1000,direct,Procellaria_parkinsoni,False,False,,,
630,2328,Bubo_shelleyi,Shelley's Eagle-owl,Strigiformes,Strigidae,VU,1.40571534344686,1.78298983432773,6.00229050953988,7.05598849238815,0.249477197078119,0.0798326399210232,6.82770303450834,0.695,1,1000,direct,Bubo_shelleyi,False,False,,,
633,2422,Atlantisia_rogersi,,Gruiformes,Rallidae,VU,1.3983984267034,2.36386649956006,5.86316708517001,9.66004016837062,0.24589058242622,0.0765161627117465,7.93163333500236,0.646,1,1000,GBIF_iucn_link,Atlantisia_rogersi,False,False,,,
636,2432,Amytornis_dorotheae,Carpentarian Grasswren,Passeriformes,Maluridae,VU,1.39537844177523,0.634023334009757,5.84889207079092,2.31785217274809,0.24391660965576,0.0750848777013778,2.4471388321196,0.955,1,1000,direct,Amytornis_dorotheae,False,False,,,
641,2321,Cinclus_schulzi,Rufous-throated Dipper,Passeriformes,Cinclidae,VU,1.38165458626525,2.1185727963054,6.01633937311989,8.55223020438406,0.240518220671084,0.0773724001295335,7.68613100066426,0.682,1,1000,GBIF_accepted,Cinclus_schulzii,False,False,,,
656,2460,Acrocephalus_paludicola,Aquatic Warbler,Passeriformes,Sylviidae,VU,1.35627153915151,0.577967585407967,5.81593292955079,1.93908020138913,0.243126933960429,0.0771568911735705,5.4186847976277,0.904,1,1000,direct,Acrocephalus_paludicola,False,False,,,
659,2473,Aramidopsis_plateni,Snoring Rail,Gruiformes,Rallidae,VU,1.35134808656823,1.92883158067236,5.79295110529088,7.66364344893722,0.24653255463129,0.0765444285615449,7.18721285891988,0.677,1,1000,direct,Aramidopsis_plateni,False,False,,,
661,2666,Anthocephala_floriceps,Santa Marta Blossomcrown,Apodiformes,Trochilidae,VU,1.35017617902664,0.419788762140933,5.55539079989533,0.978862209200408,0.246378321381226,0.0774974907883075,5.536201882018,0.999,1,1000,direct,Anthocephala_floriceps,False,False,,,
663,2490,Puffinus_bulleri,,Procellariiformes,Procellariidae,VU,1.346916735057,0.569446093729096,5.77059887894698,1.88110768061852,0.245079093837835,0.0753520109134233,5.2488089029678,0.941,1,1000,GBIF_iucn_link,Puffinus_bulleri,False,False,,,
664,2663,Amaurornis_magnirostris,Talaud Bush-hen,Gruiformes,Rallidae,VU,1.34577384857949,1.85516685861827,5.55903957773946,7.4079476503974,0.246950823639829,0.0780437849452895,6.34900665133463,0.653,1,1000,direct,Amaurornis_magnirostris,False,False,,,
667,2584,Telespiza_cantans,Laysan Finch,Passeriformes,Fringillidae,VU,1.34060056381496,0.484322629559888,5.6591832958618,1.42146445764307,0.239478583532272,0.0791291842558137,1.4061811165209,0.977,1,1000,direct,Telespiza_cantans,False,False,,,
668,2710,Botaurus_poiciloptilus,Australasian Bittern,Pelecaniformes,Ardeidae,VU,1.33971074911322,1.51259498489275,5.49498734058029,6.61006784817169,0.244170324717807,0.0770868402057543,6.33539396798243,0.697,1,1000,direct,Botaurus_poiciloptilus,False,False,,,
669,2619,Phapitreron_brunneiceps,Dark-eared Brown-dove,Columbiformes,Columbidae,VU,1.33928028165409,1.52250569055159,5.60566763038807,6.45405171159837,0.243343032568789,0.0786464769988647,5.49945047747621,0.712,1,1000,direct,Phapitreron_brunneiceps,False,False,,,
671,2684,Eurylaimus_samarensis,,Passeriformes,Eurylaimidae,VU,1.3353676034422,1.15983824195156,5.53489060125607,4.97902172549133,0.243228988645254,0.0804210257562592,5.77491639629404,0.748,1,1000,GBIF_iucn_link,Eurylaimus_samarensis,False,False,,,
680,2725,Caprimulgus_concretus,Bonaparte's Nightjar,Caprimulgiformes,Caprimulgidae,VU,1.32310190612855,1.61765705205011,5.46886877629617,6.47438622467419,0.244268839219515,0.0797040729713215,6.93062800289887,0.684,1,1000,direct,Caprimulgus_concretus,False,False,,,
682,2649,Phoenicoparrus_andinus,Andean Flamingo,Phoenicopteriformes,Phoenicopteridae,VU,1.32022793122741,1.17187299888346,5.57196269596477,4.62044717155614,0.24531362333962,0.0770857962234059,5.7841389683341,0.77,1,1000,direct,Phoenicoparrus_andinus,False,False,,,
693,2672,Charadrius_thoracicus,Black-banded Plover,Charadriiformes,Charadriidae,VU,1.30314921107397,1.83831597000706,5.54668897871029,7.51953988509617,0.247197059332174,0.0724197553136663,6.48828503195118,0.655,1,1000,direct,Charadrius_thoracicus,False,False,,,
703,2791,Cyanolyca_mirabilis,White-throated Jay,Passeriformes,Corvidae,VU,1.28981718232789,0.557832440245901,5.3758905436815,1.79031677128009,0.243313538310751,0.0760948469431655,5.229792440769,0.95,1,1000,direct,Cyanolyca_mirabilis,False,False,,,
704,2788,Hypopyrrhus_pyrohypogaster,Red-bellied Grackle,Passeriformes,Icteridae,VU,1.2885370699082,0.511849688439815,5.38079491357568,1.71935979405632,0.240658621022341,0.0790385674050173,5.412706576494,0.969,1,1000,direct,Hypopyrrhus_pyrohypogaster,False,False,,,
712,2838,Caprimulgus_solala,Nechisar Nightjar,Caprimulgiformes,Caprimulgidae,VU,1.27735757696781,1.79454138627837,5.29403116380413,7.37877227544072,0.243711069824431,0.0793114225510758,7.02790326520314,0.67,1,1000,direct,Caprimulgus_solala,False,False,,,
715,2901,Luscinia_obscura,,Passeriformes,Muscicapidae,VU,1.27433416212934,1.3464407603382,5.23185107024635,5.69740784293287,0.241720971821586,0.0785838047754214,5.6496515305272,0.691,1,1000,GBIF_iucn_link,Luscinia_obscura,False,False,,,
725,2845,Aethopyga_duyvenbodei,Elegant Sunbird,Passeriformes,Nectariniidae,VU,1.26106418573474,2.43194814774644,5.28715986927386,9.74700174703187,0.240588905719717,0.0819317024416013,7.28180229771855,0.637,1,1000,direct,Aethopyga_duyvenbodei,False,False,,,
727,2898,Gallicolumba_crinigera,Mindanao Bleeding-heart,Columbiformes,Columbidae,VU,1.2598248930075,1.75503681644692,5.23346456357637,7.41494714287842,0.243043231172189,0.0778194111185509,4.79537553139875,0.664,1,1000,direct,Gallicolumba_crinigera,False,False,,,
729,2827,Alectrurus_tricolor,Cock-tailed Tyrant,Passeriformes,Tyrannidae,VU,1.25933862574055,0.51202990600868,5.31833554186746,1.90220031623263,0.243098515287213,0.0772473260582652,4.989008352244,0.95,1,1000,direct,Alectrurus_tricolor,False,False,,,
730,2848,Alectrurus_risora,Strange-tailed Tyrant,Passeriformes,Tyrannidae,VU,1.25917070108259,0.590970420860577,5.28531634990022,1.881479016139,0.243195860374204,0.0772473260582652,4.989008352244,0.95,1,1000,direct,Alectrurus_risora,False,False,,,
731,2860,Caprimulgus_noctitherus,Puerto Rican Nightjar,Caprimulgiformes,Caprimulgidae,VU,1.25737085744703,1.55577139070286,5.26978698751808,6.36547781388232,0.245063948457488,0.078453597214301,6.65815674552668,0.661,1,1000,GBIF_accepted,Antrostomus_noctitherus,False,False,,,
736,2966,Accipiter_henstii,Henst's Goshawk,Accipitriformes,Accipitridae,VU,1.25260439799008,1.65433576258494,5.14793460871398,6.64408650408598,0.24741669794716,0.081179605420225,6.04075239399892,0.627,1,1000,direct,Accipiter_henstii,False,False,,,
744,3000,Megapodius_pritchardii,Tongan Scrubfowl,Galliformes,Megapodiidae,VU,1.24053494785814,0.910725109163204,5.11547868909871,3.6189088265688,0.240601479377669,0.0779407890552103,5.28465299731751,0.749,1,1000,direct,Megapodius_pritchardii,False,False,,,
749,2899,Amytornis_ballarae,Kalkadoon Grasswren,Passeriformes,Maluridae,VU,1.23680506639072,0.598404608935796,5.23261622176427,1.99056651761029,0.244699893076077,0.0752536877556656,5.210247591104,0.906,1,1000,direct,Amytornis_ballarae,False,False,,,
756,3096,Calcarius_ornatus,Chestnut-collared Longspur,Passeriformes,Emberizidae,VU,1.21720157038578,0.769200821947577,5.01375324341917,3.10358182559953,0.243885342856523,0.0794587379066076,5.0644407271393,0.812,1,1000,direct,Calcarius_ornatus,False,False,,,
769,2970,Bernieria_apperti,Appert's Tetraka,Passeriformes,Sylviidae,VU,1.20570424311979,0.476117586816086,5.14209889838356,1.29954119171989,0.240835356446646,0.0791636481172689,4.493651099603,0.983,1,1000,GBIF_accepted,Xanthomixis_apperti,False,False,,,
770,3115,Calidris_acuminata,Sharp-tailed Sandpiper,Charadriiformes,Scolopacidae,VU,1.20295353975274,1.21009679943195,4.99047085084589,4.9701110257163,0.246807749899898,0.0718630382388381,5.16258709902536,0.674,1,1000,direct,Calidris_acuminata,False,False,,,
777,3024,Platysteira_laticincta,Banded Wattle-eye,Passeriformes,Platysteiridae,VU,1.19843920060577,0.47371868428077,5.09377322674906,1.54640854188915,0.244328775509288,0.0746521138467968,4.872846849546,0.941,1,1000,direct,Platysteira_laticincta,False,False,,,
778,3207,Gallirallus_australis,Weka,Gruiformes,Rallidae,VU,1.19643694236177,1.41296567181908,4.90590563010329,5.62772183883433,0.247154539652765,0.0782375628547398,5.03846372695356,0.641,1,1000,direct,Gallirallus_australis,False,False,,,
782,3144,Megapodius_nicobariensis,Nicobar Scrubfowl,Galliformes,Megapodiidae,VU,1.18171843340186,1.47446084702961,4.9601458453908,5.97938162786092,0.240601479377669,0.0774734685866398,5.91749929629821,0.654,1,1000,direct,Megapodius_nicobariensis,False,False,,,
790,3191,Cypseloides_niger,Black Swift,Apodiformes,Apodidae,VU,1.17444302007838,1.4722613476487,4.91783417626276,6.21384930276085,0.245516772328093,0.0787152831924248,5.91965918094527,0.625,1,1000,direct,Cypseloides_niger,False,False,,,
792,3080,Gorsachius_goisagi,Japanese Night Heron,Pelecaniformes,Ardeidae,VU,1.17223391073306,1.8923086628396,5.03706393188389,7.42883398854488,0.244898316546452,0.0776792414406951,6.84283068920985,0.635,1,1000,direct,Gorsachius_goisagi,False,False,,,
806,3224,Leucopternis_occidentalis,,Accipitriformes,Accipitridae,VU,1.15435066419915,0.464438616258903,4.88926734298995,1.33771159541794,0.244129574758802,0.0805718189940506,4.5762911771689,0.915,1,1000,GBIF_iucn_link,Leucopternis_occidentalis,False,False,,,
811,3199,Nectarinia_rufipennis,Rufous-winged Sunbird,Passeriformes,Nectariniidae,VU,1.15076099904779,1.54945118473304,4.91070184797682,6.46530467995877,0.23972256726216,0.0820712142461617,5.72792780444815,0.634,1,1000,GBIF_accepted,Cinnyris_rufipennis,False,False,,,
815,3192,Cnipodectes_superrufus,Rufous Twistwing,Passeriformes,Tyrannidae,VU,1.14880774375246,1.61821559971992,4.91574057654452,6.40966315655249,0.241115813930247,0.0793100217378994,5.35484786337851,0.63,1,1000,direct,Cnipodectes_superrufus,False,False,,,
817,3322,Eleothreptus_candicans,White-winged Nightjar,Caprimulgiformes,Caprimulgidae,VU,1.14195502590761,0.590224216215895,4.78342570494282,2.14180957296914,0.244268839219515,0.0792932640592536,3.38809597153386,0.828,1,1000,direct,Eleothreptus_candicans,False,False,,,
827,3312,Pterodroma_externa,Juan Fernandez Petrel,Procellariiformes,Procellariidae,VU,1.13493980361553,0.539732280626927,4.79215629985678,1.83184965733763,0.247288515736599,0.0755418813146319,4.2775459626835,0.831,1,1000,direct,Pterodroma_externa,False,False,,,
831,3303,Eleothreptus_anomalus,Sickle-winged Nightjar,Caprimulgiformes,Caprimulgidae,VU,1.13040325214601,0.600365002014944,4.80197482537994,2.14128819631672,0.244554875701307,0.0792251665541289,3.38809597153386,0.828,1,1000,direct,Eleothreptus_anomalus,False,False,,,
833,3297,Ara_militaris,Military Macaw,Psittaciformes,Psittacidae,VU,1.1293657633887,1.06451046561888,4.80916169263031,4.64798898343783,0.24361577143996,0.0756742569630333,2.8937463186837,0.641,1,1000,direct,Ara_militaris,False,False,,,
835,3097,Dysithamnus_plumbeus,Plumbeous Antvireo,Passeriformes,Thamnophilidae,VU,1.1257082259501,0.857632410781014,5.01342155478507,3.47814544197141,0.245262480154485,0.0734315713551723,4.09238629408541,0.685,1,1000,direct,Dysithamnus_plumbeus,False,False,,,
838,3317,Ficedula_platenae,Palawan Flycatcher,Passeriformes,Muscicapidae,VU,1.12249892966332,0.509206168875829,4.789075350124,1.80654047376777,0.239073129597006,0.080060604976993,4.6345871448676,0.848,1,1000,direct,Ficedula_platenae,False,False,,,
841,3332,Micrastur_plumbeus,Plumbeous Forest-falcon,Falconiformes,Falconidae,VU,1.11955922768143,1.64070979216891,4.77423694610586,6.57309376621963,0.248430922046212,0.0733136924485039,5.99531319241049,0.607,1,1000,direct,Micrastur_plumbeus,False,False,,,
842,3399,Capito_wallacei,Scarlet-banded Barbet,Piciformes,Ramphastidae,VU,1.11906096878312,0.686020446379606,4.71701622496045,2.41193331904214,0.244792570292944,0.0723508817186181,4.83923333435501,0.777,1,1000,direct,Capito_wallacei,False,False,,,
846,3423,Polysticta_stelleri,Steller's Eider,Anseriformes,Anatidae,VU,1.11450542491275,0.659976734902241,4.70190096036768,2.27947689522464,0.243346707133113,0.0768970599937641,4.97953129675,0.821,1,1000,direct,Polysticta_stelleri,False,False,,,
848,3274,Pyrrhura_cruentata,Ochre-marked Parakeet,Psittaciformes,Psittacidae,VU,1.112253603711,0.853077762211813,4.838582819,3.37953105499504,0.243750411380386,0.07675912214879,4.27821764322418,0.684,1,1000,direct,Pyrrhura_cruentata,False,False,,,
853,3386,Agelastes_meleagrides,White-breasted Guineafowl,Galliformes,Numididae,VU,1.10580502440868,1.18655557107464,4.72786082910948,4.8111393994353,0.24234130114472,0.0775979208687474,4.98129333862389,0.623,1,1000,direct,Agelastes_meleagrides,False,False,,,
865,3591,Sturnus_albofrontatus,White-faced Starling,Passeriformes,Sturnidae,VU,1.08694598215746,0.389913465441556,4.5424946134196,1.04098123098962,0.240737277073419,0.073087232417654,4.618493158686,0.951,1,1000,GBIF_accepted,Sturnornis_albofrontatus,False,False,,,
875,3686,Pterodroma_leucoptera,White-winged Petrel,Procellariiformes,Procellariidae,VU,1.07967904661106,1.32656670630286,4.46679737366159,5.25733491554946,0.247223085935126,0.0756449370677962,4.58842616862906,0.614,1,1000,direct,Pterodroma_leucoptera,False,False,,,
879,3592,Megapodius_bernsteinii,Sula Scrubfowl,Galliformes,Megapodiidae,VU,1.07734743167562,1.38079529442756,4.54009850232535,5.80027117094698,0.240601479377669,0.0777999252485543,5.78936908615652,0.621,1,1000,direct,Megapodius_bernsteinii,False,False,,,
882,3336,Prionops_alberti,Yellow-crested Helmetshrike,Passeriformes,Malaconotidae,VU,1.07609600635682,1.58736151111647,4.77146288581167,6.50496711765027,0.245560021996505,0.074643167691078,5.71664922273064,0.607,1,1000,direct,Prionops_alberti,False,False,,,
888,3651,Phytotoma_raimondii,Peruvian Plantcutter,Passeriformes,Cotingidae,VU,1.07258658400576,1.25111354348672,4.49202053367755,4.80519070921464,0.245262480154485,0.0723476478637209,5.43167444307044,0.619,1,1000,direct,Phytotoma_raimondii,False,False,,,
889,3606,Lophophorus_lhuysii,Chinese Monal,Galliformes,Phasianidae,VU,1.07093229852672,0.46728489776798,4.52856685330634,1.59890260358963,0.238941129047433,0.0793886536136297,4.637968743004,0.85,1,1000,direct,Lophophorus_lhuysii,False,False,,,
890,3600,Laterallus_spilonotus,,Gruiformes,Rallidae,VU,1.06988308735423,1.09497111749409,4.53296188073534,4.40223025481023,0.24589058242622,0.0784256932438913,4.38254298349792,0.633,1,1000,GBIF_iucn_link,Laterallus_spilonotus,False,False,,,
892,3716,Grus_carunculatus,Wattled Crane,Gruiformes,Gruidae,VU,1.06764856103049,0.439637529813047,4.43409999811722,1.34245575685687,0.244305344311013,0.0750558366163651,4.529683749782,0.876,1,1000,GBIF_accepted,Bugeranus_carunculatus,False,False,,,
894,3715,Petroica_traversi,Black Robin,Passeriformes,Petroicidae,VU,1.06559192455056,0.736389716049252,4.43442828431047,3.07186567649104,0.247549303978891,0.0759750284957704,4.32386860075094,0.701,1,1000,direct,Petroica_traversi,False,False,,,
897,3407,Anthreptes_rubritorques,Banded Sunbird,Passeriformes,Nectariniidae,VU,1.06361712484601,1.44803709549015,4.7104576950303,5.88744851400157,0.241231932552319,0.0827999770617635,5.52378245209506,0.616,1,1000,direct,Anthreptes_rubritorques,False,False,,,
905,3772,Grus_japonensis,Red-crowned Crane,Gruiformes,Gruidae,VU,1.05298206191776,0.404794489896439,4.39401368077994,1.33895620881458,0.244054583387585,0.0748765742881462,4.54008916466,0.861,1,1000,direct,Grus_japonensis,False,False,,,
908,3658,Malaconotus_gladiator,Green-breasted Bushshrike,Passeriformes,Malaconotidae,VU,1.04932053151792,1.41428390114691,4.48785323550221,5.82677975782783,0.24493003806581,0.0756666901091622,5.02522286532687,0.59,1,1000,direct,Malaconotus_gladiator,False,False,,,
909,3771,Pomarea_dimidiata,Rarotonga Monarch,Passeriformes,Monarchidae,VU,1.04882897165186,0.382610844788316,4.39414364139983,1.19739304252933,0.245746282298088,0.0764603299254674,4.084835151431,0.882,1,1000,direct,Pomarea_dimidiata,False,False,,,
910,3725,Anthus_spragueii,Sprague's Pipit,Passeriformes,Motacillidae,VU,1.04794439301249,0.972839860582454,4.4291694928016,3.88367449836792,0.242705673116188,0.0786286835510286,4.3397387729719,0.628,1,1000,direct,Anthus_spragueii,False,False,,,
915,3739,Gallinago_nemoricola,Wood Snipe,Charadriiformes,Scolopacidae,VU,1.04428367767168,1.19122525616837,4.41626514653653,4.88814013869991,0.246807749899898,0.0723861865598079,4.90455371256479,0.608,1,1000,direct,Gallinago_nemoricola,False,False,,,
916,3805,Phylloscopus_ijimae,Ijima's Leaf-warbler,Passeriformes,Sylviidae,VU,1.0438909258562,0.446017219672666,4.36172202251336,1.37492538602552,0.247549303978891,0.0769037942951782,4.13796820098332,0.816,1,1000,direct,Phylloscopus_ijimae,False,False,,,
920,3648,Scytalopus_iraiensis,Marsh Tapaculo,Passeriformes,Rhinocryptidae,VU,1.03990536709339,1.02377734912642,4.49282844719205,4.2129011625826,0.244107282596253,0.0764285454605231,4.36676752127782,0.613,1,1000,direct,Scytalopus_iraiensis,False,False,,,
921,3605,Chaetura_pelagica,Chimney Swift,Apodiformes,Apodidae,VU,1.03949729838736,1.03263047677874,4.52876750832662,4.35206991869097,0.246059419333368,0.0792251665541289,4.19380082571566,0.603,1,1000,direct,Chaetura_pelagica,False,False,,,
924,3826,Rissa_brevirostris,Red-legged Kittiwake,Charadriiformes,Laridae,VU,1.03535283412485,0.43808612255442,4.33947091703423,1.19372067206587,0.244640682103629,0.0756758156776354,4.077366098861,0.852,1,1000,direct,Rissa_brevirostris,False,False,,,
928,3740,Zoothera_cinerea,Ashy Thrush,Passeriformes,Turdidae,VU,1.03183856756802,0.556302145362495,4.41536830779931,1.88888952432632,0.241857576997495,0.0779429862069603,4.21832453442401,0.744,1,1000,GBIF_accepted,Geokichla_cinerea,False,False,,,
933,3852,Laterallus_levraudi,Rusty-flanked Crake,Gruiformes,Rallidae,VU,1.02844061962249,1.121596466041,4.32033750506297,4.724938210591,0.246581501497401,0.0782791967484976,4.4674819338728,0.6,1,1000,direct,Laterallus_levraudi,False,False,,,
938,3986,Porzana_atra,,Gruiformes,Rallidae,VU,1.0220434110729,1.41031742524613,4.2021325584227,6.06971968442399,0.24589058242622,0.076151594131942,5.14207886038957,0.58,1,1000,GBIF_iucn_link,Porzana_atra,False,False,,,
941,3924,Branta_ruficollis,Red-breasted Goose,Anseriformes,Anatidae,VU,1.01855777862795,0.584428612329655,4.25704204530739,2.25755243214359,0.243346707133113,0.0769202180445377,4.488791638348,0.696,1,1000,direct,Branta_ruficollis,False,False,,,
943,3794,Loxigilla_portoricensis,Puerto Rican Bullfinch,Passeriformes,Emberizidae,VU,1.01693551373657,0.639286438606338,4.37192295627128,2.34053342596984,0.245555396476459,0.0755260209895856,4.07412432525797,0.692,1,1000,GBIF_accepted,Melopyrrha_portoricensis,False,False,,,
944,3903,Pterodroma_brevipes,Collared Petrel,Procellariiformes,Procellariidae,VU,1.01610950700084,1.0746023424457,4.27165321448475,4.28642759060317,0.248142314755207,0.0753011961497733,4.64334218433703,0.598,1,1000,direct,Pterodroma_brevipes,False,False,,,
947,3878,Egretta_eulophotes,Chinese Egret,Pelecaniformes,Ardeidae,VU,1.01395185635618,0.589708739007237,4.30033857385408,2.21019359522519,0.244717018740768,0.0774915700311361,4.13259470785739,0.697,1,1000,direct,Egretta_eulophotes,False,False,,,
949,3820,Grallaria_alleni,Moustached Antpitta,Passeriformes,Formicariidae,VU,1.01346218941369,1.29138204012029,4.34661066025633,5.22591003628746,0.244310461480918,0.0763798534817461,5.18801823885362,0.59,1,1000,direct,Grallaria_alleni,False,False,,,
952,3930,Accipiter_princeps,New Britain Goshawk,Accipitriformes,Accipitridae,VU,1.01235092012163,1.29579951547534,4.25201733248954,5.26204585554955,0.246397206186956,0.0804563373650191,5.07439030640308,0.578,1,1000,direct,Accipiter_princeps,False,False,,,
960,3954,Bolborhynchus_ferrugineifrons,Rufous-fronted Parakeet,Psittaciformes,Psittacidae,VU,1.0079270561304,1.29915140063448,4.23456784932753,5.33227368279161,0.24363304171511,0.077568383622721,4.87946064775652,0.581,1,1000,direct,Bolborhynchus_ferrugineifrons,False,False,,,
962,4049,Diomedea_epomophora,Southern Royal Albatross,Procellariiformes,Diomedeidae,VU,1.00080498991128,0.547119941479422,4.14431704929477,2.06010840300197,0.246346060073729,0.0753978020650303,0.360228789806633,0.703,1,1000,direct,Diomedea_epomophora,False,False,,,
964,4056,Pterodroma_cervicalis,White-necked Petrel,Procellariiformes,Procellariidae,VU,0.998967528001204,0.469018464970965,4.1387235331021,1.60594907281312,0.247288515736599,0.0753944677401139,3.5439879298222,0.727,1,1000,direct,Pterodroma_cervicalis,False,False,,,
967,4011,Circaetus_beaudouini,Beaudouin's Snake-eagle,Accipitriformes,Accipitridae,VU,0.995418983372505,1.37152692564744,4.18446338367831,5.67413237685759,0.247385306247937,0.0811395548395137,5.3877028068314,0.587,1,1000,direct,Circaetus_beaudouini,False,False,,,
971,4025,Grallaria_bangsi,Santa Marta Antpitta,Passeriformes,Formicariidae,VU,0.993874799205263,1.26403870387318,4.17126866085806,5.15315380164726,0.24391660965576,0.0758469670281471,4.79216515768321,0.575,1,1000,direct,Grallaria_bangsi,False,False,,,
973,4065,Laterallus_xenopterus,Rufous-faced Crake,Gruiformes,Rallidae,VU,0.99142213304895,1.10794217625179,4.1356271829645,4.59236788919248,0.246230272358168,0.0781557359763083,4.22412497982113,0.587,1,1000,direct,Laterallus_xenopterus,False,False,,,
975,3927,Puffinus_heinrothi,Heinroth's Shearwater,Procellariiformes,Procellariidae,VU,0.99073362500507,1.31575840583363,4.25361198995697,5.49229194163786,0.245079093837835,0.0756225135036515,4.7267127708556,0.606,1,1000,direct,Puffinus_heinrothi,False,False,,,
979,4129,Nesotriccus_ridgwayi,Cocos Tyrannulet,Passeriformes,Tyrannidae,VU,0.984592699819791,1.08814869859762,4.07852021419464,4.61559896026005,0.241115813930247,0.0803708912723363,4.51713887685474,0.585,1,1000,direct,Nesotriccus_ridgwayi,False,False,,,
980,4079,Coeligena_prunellei,Black Inca,Apodiformes,Trochilidae,VU,0.982652713114622,0.347241275207282,4.12132695111982,0.918063304486884,0.244780251037743,0.0807129152059857,4.108820709992,0.866,1,1000,direct,Coeligena_prunellei,False,False,,,
986,4308,Ducula_oceanica,Micronesian Imperial-pigeon,Columbiformes,Columbidae,VU,0.978749452054767,1.10262174490401,3.93967937592862,4.85998482644111,0.244787017763915,0.0799761565601668,4.45262547548776,0.568,1,1000,direct,Ducula_oceanica,False,False,,,
989,4320,Procnias_tricarunculatus,Three-wattled Bellbird,Passeriformes,Cotingidae,VU,0.972513508526244,1.36809503159915,3.93482912490566,5.32867342947474,0.243320943767257,0.072680375218412,4.72957560049594,0.552,1,1000,direct,Procnias_tricarunculatus,False,False,,,
996,4050,Pitta_steerii,Azure-breasted Pitta,Passeriformes,Pittidae,VU,0.966273816519672,0.577265161460391,4.14341827350559,2.11670738637207,0.243113771489953,0.0788227788615265,4.09035217011537,0.651,1,1000,direct,Pitta_steerii,False,False,,,
1002,4165,Henicopernis_infuscatus,Black Honey-buzzard,Accipitriformes,Accipitridae,VU,0.962113756827263,0.979263585540604,4.04818920387027,4.4404848190022,0.246739621555438,0.0805309126081354,4.22860647420317,0.558,1,1000,direct,Henicopernis_infuscatus,False,False,,,
1007,4157,Pachycephala_rufogularis,Red-lored Whistler,Passeriformes,Pachycephalidae,VU,0.957524128828655,1.45112865084768,4.05428364425542,5.99861508067502,0.247239821125348,0.0758520029814299,5.0092547169253,0.558,1,1000,direct,Pachycephala_rufogularis,False,False,,,
1009,4216,Criniger_olivaceus,Yellow-bearded Greenbul,Passeriformes,Pycnonotidae,VU,0.956483585832948,1.29575490801872,4.00937479965898,5.61550166133643,0.243126933960429,0.0788393692532965,4.87064569178567,0.555,1,1000,direct,Criniger_olivaceus,False,False,,,
1011,4137,Hylorchilus_navai,Nava's Wren,Passeriformes,Troglodytidae,VU,0.956217451930389,0.908197460261337,4.07328318673512,3.84754630323665,0.241570813312289,0.0775800470005079,3.79098774075043,0.576,1,1000,direct,Hylorchilus_navai,False,False,,,
1021,4231,Ptilinopus_jambu,,Columbiformes,Columbidae,VU,0.945729555375641,1.16816111106806,4.00122243845739,4.94173418622952,0.244787017763915,0.0799111261371127,4.32687112234357,0.556,1,1000,GBIF_iucn_link,Ptilinopus_jambu,False,False,,,
1024,4238,Dendrortyx_barbatus,Bearded Wood-partridge,Galliformes,Odontophoridae,VU,0.944599015322806,1.223531739631,3.997984522481,5.11922243750066,0.237335060129336,0.0783467590074948,4.92010763080961,0.559,1,1000,direct,Dendrortyx_barbatus,False,False,,,
1027,4274,Egretta_vinaceigula,Slaty Egret,Pelecaniformes,Ardeidae,VU,0.9415063549409,1.1699138002749,3.96663012939997,4.52052379903282,0.244717018740768,0.0771956927007726,4.72410364702879,0.559,1,1000,direct,Egretta_vinaceigula,False,False,,,
1028,4503,Treron_floris,Flores Green-pigeon,Columbiformes,Columbidae,VU,0.941150889382399,1.17563259806585,3.78942758158592,4.58373287141988,0.243577564979115,0.0792906079235017,4.29098395756809,0.551,1,1000,direct,Treron_floris,False,False,,,
1032,4458,Grallaria_milleri,Brown-banded Antpitta,Passeriformes,Formicariidae,VU,0.937472404614451,1.26153431069602,3.82474685651509,5.61791452884143,0.244107282596253,0.0757507228948695,4.81768370505698,0.546,1,1000,direct,Grallaria_milleri,False,False,,,
1044,4426,Biatas_nigropectus,White-bearded Antshrike,Passeriformes,Thamnophilidae,VU,0.930037505727812,1.26710392361425,3.84776327946468,5.30517918223034,0.245526990386018,0.0731866533538173,4.7865429138368,0.533,1,1000,direct,Biatas_nigropectus,False,False,,,
1060,4407,Scolopax_rochussenii,Moluccan Woodcock,Charadriiformes,Scolopacidae,VU,0.919137815984197,1.32596550242498,3.86171787462484,5.57710461132449,0.246059419333368,0.072841997259775,4.9348793745374,0.541,1,1000,direct,Scolopax_rochussenii,False,False,,,
1064,4485,Geotrygon_caniceps,Gray-fronted Quail-Dove,Columbiformes,Columbidae,VU,0.917322063280013,1.17795059125928,3.80205483626753,4.92660062208619,0.241986815226443,0.0788252051030657,3.98334371873904,0.543,1,1000,direct,Geotrygon_caniceps,False,False,,,
1065,4292,Ficedula_basilanica,Little Slaty Flycatcher,Passeriformes,Muscicapidae,VU,0.915854908491368,1.16419929570834,3.95101184657113,4.92050006516183,0.240854246184275,0.0784374367112571,4.50221130133374,0.575,1,1000,direct,Ficedula_basilanica,False,False,,,
1068,4416,Saxicola_macrorhynchus,White-browed Bushchat,Passeriformes,Muscicapidae,VU,0.915125431773624,0.876570478340998,3.85532704747324,3.71299836386365,0.238664461976719,0.0810000945333004,3.9737638027502,0.558,1,1000,direct,Saxicola_macrorhynchus,False,False,,,
1069,4457,Leptotila_ochraceiventris,Ochre-bellied Dove,Columbiformes,Columbidae,VU,0.914998343942617,1.28473990719307,3.82521874318489,5.34038946288028,0.242415344678131,0.0790111577290152,4.4511549850838,0.546,1,1000,direct,Leptotila_ochraceiventris,False,False,,,
1070,4422,Tijuca_condita,,Passeriformes,Cotingidae,VU,0.913169725825607,0.95748663028834,3.84978501331809,4.14382926780731,0.244060842924806,0.0726462702662223,4.11845902763844,0.553,1,1000,GBIF_iucn_link,Tijuca_condita,False,False,,,
1071,4497,Onychorhynchus_swainsoni,Atlantic Royal Flycatcher,Passeriformes,Tyrannidae,VU,0.912614908136053,1.18766767013585,3.79424745807379,4.97671274914925,0.243674501931548,0.0743183845266789,4.86756940196709,0.546,1,1000,direct,Onychorhynchus_swainsoni,False,False,,,
1072,4511,Phalacrocorax_carunculatus,Rough-faced Shag,Suliformes,Phalacrocoracidae,VU,0.912447275996609,1.21398399291634,3.78431912232939,4.85656799349845,0.244717018740768,0.0791201710266102,4.73401340805631,0.536,1,1000,GBIF_accepted,Leucocarbo_carunculatus,False,False,,,
1074,4488,Rallus_semiplumbeus,Bogota Rail,Gruiformes,Rallidae,VU,0.91023503162511,1.33830956739976,3.80117833761588,5.46354736130016,0.246762541741088,0.0763506506520946,4.4157546965672,0.542,1,1000,direct,Rallus_semiplumbeus,False,False,,,
1081,4553,Phalacrocorax_nigrogularis,Socotra Cormorant,Suliformes,Phalacrocoracidae,VU,0.901375548339426,1.24023782175896,3.75659869185975,5.05151585983563,0.245102877540121,0.0785426847971706,4.48576174426397,0.526,1,1000,direct,Phalacrocorax_nigrogularis,False,False,,,
1082,4636,Campephaga_lobata,Western Wattled Cuckooshrike,Passeriformes,Campephagidae,VU,0.900791481687273,1.19655422318625,3.70362475075905,4.85648448934926,0.244454687057809,0.0748223983950776,4.10254535156741,0.537,1,1000,GBIF_accepted,Lobotos_lobatus,False,False,,,
1085,4586,Henicophaps_foersteri,New Britain Bronzewing,Columbiformes,Columbidae,VU,0.897748244922172,1.06139545857662,3.7394962948619,4.40748334682151,0.243755634489504,0.0779601930906905,4.7018581330062,0.535,1,1000,direct,Henicophaps_foersteri,False,False,,,
1087,4596,Gallirallus_calayanensis,,Gruiformes,Rallidae,VU,0.896177195049319,0.875786381980136,3.73255825060206,3.54863675391803,0.247268742760454,0.0782375628547398,3.33257843395156,0.543,1,1000,GBIF_iucn_link,Gallirallus_calayanensis,False,False,,,
1088,4628,Treron_capellei,Large Green-pigeon,Columbiformes,Columbidae,VU,0.894828925443053,1.5975110671529,3.70937077264015,6.52324280071113,0.243717401929901,0.0796381192238217,5.59063071091537,0.524,1,1000,direct,Treron_capellei,False,False,,,
1090,4734,Lewinia_muelleri,Auckland Island Rail,Gruiformes,Rallidae,VU,0.892292096712216,1.28392054040813,3.63975087593132,5.44161266747908,0.246040445197903,0.0763223848022963,4.37589512604319,0.519,1,1000,direct,Lewinia_muelleri,False,False,,,
1093,4505,Aceros_undulatus,Wreathed Hornbill,Bucerotiformes,Bucerotidae,VU,0.891135331752457,0.648348062100618,3.78624982931149,2.52576939815879,0.242239823936642,0.0798443398937215,3.66218784539418,0.574,1,1000,GBIF_accepted,Rhyticeros_undulatus,False,False,,,
1094,4532,Rhinomyias_albigularis,,Passeriformes,Muscicapidae,VU,0.890048784778074,1.28911161815511,3.77427955628636,5.3161813928473,0.240289395330176,0.0802020830418133,4.83624306260323,0.537,1,1000,GBIF_iucn_link,Rhinomyias_albigularis,False,False,,,
1096,4622,Grallaria_gigantea,Giant Antpitta,Passeriformes,Formicariidae,VU,0.889296023219976,1.23325304954844,3.71817675991897,5.38317547982493,0.244107282596253,0.0760105044875813,4.68830239748308,0.523,1,1000,direct,Grallaria_gigantea,False,False,,,
1100,4487,Xenopirostris_damii,Van Dam's Vanga,Passeriformes,Vangidae,VU,0.885714926533874,1.04038661368808,3.80170059274404,4.21841376859789,0.245249101443619,0.0748239964229434,4.04420198942173,0.545,1,1000,direct,Xenopirostris_damii,False,False,,,
1101,4608,Euphagus_carolinus,Rusty Blackbird,Passeriformes,Icteridae,VU,0.885432766408159,0.373887337928201,3.72676996630018,1.21005207506073,0.239608344124183,0.0792919538010466,3.620052800322,0.644,1,1000,direct,Euphagus_carolinus,False,False,,,
1102,4645,Cotinga_ridgwayi,Turquoise Cotinga,Passeriformes,Cotingidae,VU,0.88527016562458,1.37237087863358,3.6970344285792,5.56590882488351,0.242793856918379,0.072701707374596,4.31436272205844,0.527,1,1000,direct,Cotinga_ridgwayi,False,False,,,
1107,4561,Dicrurus_waldenii,Mayotte Drongo,Passeriformes,Dicruridae,VU,0.882474174687838,0.423183316045806,3.75232081591747,1.36556039729109,0.244420369778204,0.0778983249830877,3.64712340195779,0.625,1,1000,direct,Dicrurus_waldenii,False,False,,,
1110,4585,Xenopirostris_polleni,Pollen's Vanga,Passeriformes,Vangidae,VU,0.881306053190359,1.04283082236349,3.73962738428773,4.42811413589418,0.245249101443619,0.0748828568356561,4.01580315081914,0.54,1,1000,direct,Xenopirostris_polleni,False,False,,,
1114,4659,Phalacrocorax_harrisi,,Suliformes,Phalacrocoracidae,VU,0.879088951826208,1.36700303157058,3.68911095029258,5.36201068535692,0.245426585106124,0.0789678006260064,4.71090188702494,0.533,1,1000,GBIF_iucn_link,Phalacrocorax_harrisi,False,False,,,
1117,4593,Rallus_madagascariensis,Madagascar Rail,Gruiformes,Rallidae,VU,0.878268237648892,1.20152516671353,3.73541423416177,4.92206726420451,0.247027114116752,0.0776149089760355,4.23364774640719,0.531,1,1000,direct,Rallus_madagascariensis,False,False,,,
1126,4667,Accipiter_luteoschistaceus,Slaty-backed Goshawk,Accipitriformes,Accipitridae,VU,0.871781462310812,1.20165037667382,3.68340444145733,4.90566969677053,0.246397206186956,0.0807103370981192,4.45071388687258,0.525,1,1000,direct,Accipiter_luteoschistaceus,False,False,,,
1128,4669,Pauxi_pauxi,Helmeted Curassow,Galliformes,Cracidae,VU,0.871349758479028,0.316600998244116,3.68221007263879,0.851980069509785,0.24147348860263,0.0787046203441057,3.719598097547,0.639,1,1000,direct,Pauxi_pauxi,False,False,,,
1132,4805,Accipiter_butleri,Nicobar Sparrowhawk,Accipitriformes,Accipitridae,VU,0.867533205239801,1.33428238780286,3.58971563845189,5.4115803821909,0.245410557573484,0.080359729310446,5.0004250924237,0.517,1,1000,direct,Accipiter_butleri,False,False,,,
1138,4926,Hypocnemis_ochrogyna,Rondonia Antwarbler,Passeriformes,Thamnophilidae,VU,0.864582816630931,1.2063006921285,3.504500488655,4.95017461209688,0.242487295100801,0.0773672494546457,4.08477372616088,0.513,1,1000,direct,Hypocnemis_ochrogyna,False,False,,,
1142,4794,Gallinago_macrodactyla,Madagascar Snipe,Charadriiformes,Scolopacidae,VU,0.86200073711182,0.944076233545291,3.59582929800784,3.97458240251458,0.247197059332174,0.0725231288550173,4.26305657933905,0.519,1,1000,direct,Gallinago_macrodactyla,False,False,,,
1143,4908,Phalacrocorax_campbelli,Campbell Island Shag,Suliformes,Phalacrocoracidae,VU,0.86152937857823,1.23234739548711,3.5184868574239,5.09804409467721,0.245255744647482,0.079190663831519,4.61321602048651,0.51,1,1000,GBIF_accepted,Leucocarbo_campbelli,False,False,,,
1144,4838,Pterodroma_defilippiana,Masatierra Petrel,Procellariiformes,Procellariidae,VU,0.860946203211442,0.855037618349977,3.57594499214783,3.3712052025665,0.247882112332286,0.0753729472421778,3.5539503198905,0.505,1,1000,direct,Pterodroma_defilippiana,False,False,,,
1145,4726,Coracina_mindanensis,,Passeriformes,Campephagidae,VU,0.859723533814927,0.374874885832656,3.64455681395015,1.2778040671995,0.245721045051564,0.0739107059949057,3.6773654526691,0.577,1,1000,GBIF_iucn_link,Coracina_mindanensis,False,False,,,
1148,4875,Humblotia_flavirostris,Humblot's Flycatcher,Passeriformes,Muscicapidae,VU,0.857281072025278,1.02604460356785,3.54270975278429,4.42220562306946,0.238020472180498,0.0804370320720266,4.30595382007244,0.511,1,1000,direct,Humblotia_flavirostris,False,False,,,
1155,4717,Xenopipo_flavicapilla,,Passeriformes,Pipridae,VU,0.853983805368148,0.995175733201334,3.65336598463865,4.06532904877965,0.245378121525951,0.0724310114978426,4.01246168723876,0.528,1,1000,GBIF_iucn_link,Xenopipo_flavicapilla,False,False,,,
1156,4848,Newtonia_fanovanae,Red-tailed Newtonia,Passeriformes,Vangidae,VU,0.851658566498504,1.16942919268429,3.56626658807188,4.87199787867409,0.244741899517989,0.0748541883097137,4.44744100015069,0.515,1,1000,direct,Newtonia_fanovanae,False,False,,,
1160,4879,Amazona_ventralis,Hispaniolan Amazon,Psittaciformes,Psittacidae,VU,0.849215828030223,0.381066677539368,3.54105541967138,1.29360865520629,0.24363304171511,0.0777712709094786,3.61645797637,0.533,1,1000,direct,Amazona_ventralis,False,False,,,
1162,4898,Phalacrocorax_ranfurlyi,Bounty Islands Shag,Suliformes,Phalacrocoracidae,VU,0.847579585421045,1.13213677889852,3.52621150087053,4.55749079734246,0.245601145245222,0.0791487284941635,4.15199234963471,0.507,1,1000,GBIF_accepted,Leucocarbo_ranfurlyi,False,False,,,
1165,4814,Liocichla_omeiensis,Emei Shan Liocichla,Passeriformes,Timaliidae,VU,0.847251988899003,0.352033112431519,3.58799077299654,1.1950368459963,0.243027441156682,0.0770759213302798,3.20476891900583,0.547,1,1000,direct,Liocichla_omeiensis,False,False,,,
1172,4888,Calicalicus_rufocarpalis,Red-shouldered Vanga,Passeriformes,Vangidae,VU,0.84117874899749,0.936168449150673,3.53149727171888,3.80580482295112,0.24493003806581,0.0746792217743235,3.93805356724297,0.512,1,1000,direct,Calicalicus_rufocarpalis,False,False,,,
1173,4896,Phalacrocorax_colensoi,Auckland Islands Shag,Suliformes,Phalacrocoracidae,VU,0.840792883410548,1.14812219438329,3.52676565840641,5.00317267696315,0.245426585106124,0.0791532640524731,4.06591016921918,0.502,1,1000,GBIF_accepted,Leucocarbo_colensoi,False,False,,,
1174,5001,Rallus_antarcticus,Austral Rail,Gruiformes,Rallidae,VU,0.840366218919023,1.18597161821002,3.45769293783461,4.93543144825682,0.247027114116752,0.0776565428697933,4.21469216063694,0.501,1,1000,direct,Rallus_antarcticus,False,False,,,
1182,4739,Ficedula_subrubra,Kashmir Flycatcher,Passeriformes,Muscicapidae,VU,0.833308067164509,0.436100626260144,3.63468090353401,1.49850974670832,0.239073129597006,0.0802951414005325,3.2650264223945,0.548,1,1000,direct,Ficedula_subrubra,False,False,,,
1188,4793,Ptilinopus_chalcurus,Makatea Fruit-dove,Columbiformes,Columbidae,VU,0.827033894925777,1.00285077989984,3.59644152609719,4.06505014526558,0.243343032568789,0.0791404381222774,3.94514757022894,0.512,1,1000,direct,Ptilinopus_chalcurus,False,False,,,
1199,4939,Bycanistes_cylindricus,Brown-cheeked Hornbill,Bucerotiformes,Bucerotidae,VU,0.823430669021442,1.23266111414183,3.49783655547829,4.73949055255108,0.241231932552319,0.0799876056323609,4.41295984719405,0.51,1,1000,direct,Bycanistes_cylindricus,False,False,,,
1200,4867,Ptilinopus_dohertyi,Red-naped Fruit-dove,Columbiformes,Columbidae,VU,0.822199627201873,1.13217039914371,3.54816380753447,4.65827799668636,0.243926374760789,0.0795355017891107,3.98600917698345,0.508,1,1000,direct,Ptilinopus_dohertyi,False,False,,,
1203,4906,Grallaricula_ochraceifrons,Ochre-fronted Antpitta,Passeriformes,Formicariidae,VU,0.820067807143291,1.32058369194528,3.52037387553648,5.4306448822545,0.243420213849582,0.0751518853092171,4.9927296098863,0.506,1,1000,direct,Grallaricula_ochraceifrons,False,False,,,
