EDGErank,EDrank,species,common_name,order,family,RLcat,EDGEmed,EDGEiqr,EDmed,EDiqr,pextmed,pextiqr,TBLmn,isEDGEsp_frac,is_EDGE_species,n_trees,match,matched_IUCN_name,on_vgp_list,has_vgp_genome,vgp_placement_tier,vgp_name,vgp_accession
1,16,Xenotyphlops_grandidieri,,Squamata,Xenotyphlopidae,CR,61.8047235567104,10.7405862938312,65.0530855,10.15468325,0.97290473996383,0.0586618332696283,64.958502693,1.0,1,1000,direct,Xenotyphlops_grandidieri,False,False,,,
4,106,Anolis_utilensis,Mangrove Anole,Squamata,Anolidae,CR,31.7657592804539,25.4161192532059,34.190098295,26.7442601797208,0.972842662690647,0.0560535280983723,24.8660485555729,0.903,1,1000,direct,Anolis_utilensis,False,False,,,
5,11,Lanthanotus_borneensis,Borneo Earless Monitor,Squamata,Lanthanotidae,EN,31.7206684986983,16.6445648667206,66.5500425,14.61081475,0.48225770977199,0.261967654855367,65.853320209,1.0,1,1000,direct,Lanthanotus_borneensis,False,False,,,
6,113,Gongylomorphus_bojerii,Bojer's Skink,Squamata,Scincidae,CR,31.3343953468862,29.3082109108645,33.3342037708366,30.5131203878717,0.969654356024077,0.063202886816687,28.6354838694279,0.912,1,1000,direct,Gongylomorphus_bojerii,False,False,,,
7,115,Gonatodes_daudini,Union Island Gecko,Squamata,Sphaerodactylidae,CR,30.9368375875486,19.4483174023954,32.7670607565657,20.7342404746591,0.971214318237204,0.0566903435725926,26.0030126283368,0.948,1,1000,direct,Gonatodes_daudini,False,False,,,
8,125,Anolis_darlingtoni,Darlington's Anole,Squamata,Anolidae,CR,30.0592041941014,6.1509974797375,31.442112622587,5.82660265119225,0.972073005910939,0.0557385766045453,28.5076721021147,1.0,1,1000,direct,Anolis_darlingtoni,False,False,,,
9,144,Gonatodes_infernalis,,Squamata,Sphaerodactylidae,CR,28.3152269389545,16.5358455938783,29.9965474063482,17.4845218456369,0.971214318237204,0.0565991217304527,24.9013218616267,0.933,1,1000,direct,Gonatodes_infernalis,False,False,,,
10,297,Asaccus_caudivolvulus,Emirati Leaf-toed Gecko,Squamata,Phyllodactylidae,CR,23.1170781743712,19.1086263676021,24.330063473719,19.7026086546351,0.971112977356402,0.0567068302459359,18.667307972726,0.879,1,1000,direct,Asaccus_caudivolvulus,False,False,,,
11,427,Hemiphyllodactylus_aurantiacus,Yercaud Slender Gecko,Squamata,Gekkonidae,CR,20.6922190826947,9.93920224609025,21.707289053075,10.3877842288297,0.972094315434489,0.0611553036034942,19.2244718382739,0.903,1,1000,direct,Hemiphyllodactylus_aurantiacus,False,False,,,
12,435,Anolis_koopmani,Brown Red-bellied Anole,Squamata,Anolidae,CR,20.6149548945244,4.08864508896003,21.656183837519,4.20103448787933,0.972044774805213,0.0572813732323628,19.1636669123318,1.0,1,1000,direct,Anolis_koopmani,False,False,,,
13,478,Goniurosaurus_yingdeensis,Yingde Leopard Gecko,Squamata,Eublepharidae,CR,19.8812355383894,9.61834267707616,20.8113451940669,10.0566681986796,0.971498576647875,0.0570828051067436,7.03912848764029,0.999,1,1000,direct,Goniurosaurus_yingdeensis,False,False,,,
14,58,Uroplatus_guentheri,,Squamata,Gekkonidae,EN,19.2434191585096,10.9793462876802,38.3820318533684,6.94359039939437,0.493029213148407,0.298792492744824,29.12007618589,1.0,1,1000,direct,Uroplatus_guentheri,False,False,,,
15,60,Uroplatus_malahelo,,Squamata,Gekkonidae,EN,19.1538254545605,10.9576545882582,38.045865636574,7.34270336104802,0.494811795802184,0.299986301678745,29.12007618589,1.0,1,1000,direct,Uroplatus_malahelo,False,False,,,
16,502,Goniurosaurus_yamashinae,Yamashina's Ground Gecko,Squamata,Eublepharidae,CR,19.0864096674502,18.7026502655951,20.3192712185332,19.1214506074062,0.971382146128271,0.0571216343548329,15.2829322819425,0.934,1,1000,direct,Goniurosaurus_yamashinae,False,False,,,
17,532,Goniurosaurus_toyamai,Toyama's Ground Gecko,Squamata,Eublepharidae,CR,18.8795436356846,18.9168864801987,19.8725652431569,19.8205023485974,0.971266495185197,0.0570459463047264,15.122912485325,0.909,1,1000,direct,Goniurosaurus_toyamai,False,False,,,
18,547,Goniurosaurus_huuliensis,,Squamata,Eublepharidae,CR,18.7772641193996,18.3209831721899,19.7165576571249,19.5101161259548,0.971266495185197,0.0570459463047264,14.4513902514091,0.911,1,1000,direct,Goniurosaurus_huuliensis,False,False,,,
19,535,Gerrhopilus_mirus,Jan's Worm Snake,Squamata,Gerrhopilidae,CR,18.693507333786,20.0865188907993,19.8682043898751,21.3824327751817,0.97290473996383,0.0586618332696283,18.5883818877725,0.903,1,1000,direct,Gerrhopilus_mirus,False,False,,,
20,546,Paracontias_rothschildi,Rothschild's Skink,Squamata,Scincidae,CR,18.6711381858043,6.60220139831096,19.7251074096024,6.93483431659594,0.970646704173901,0.0613793462732795,16.7044663051307,0.919,1,1000,direct,Paracontias_rothschildi,False,False,,,
21,65,Paragehyra_gabriellae,,Squamata,Gekkonidae,EN,18.6640181224985,10.6257180737675,37.7254501291233,7.55677290418589,0.493123425572735,0.297731321928574,31.03881134683,1.0,1,1000,direct,Paragehyra_gabriellae,False,False,,,
22,71,Sphenomorphus_sarasinorum,,Squamata,Scincidae,EN,18.2207689091305,9.39155334004353,37.0119378690379,6.41237716262441,0.49999858917851,0.272515589654295,36.70634322732,1.0,1,1000,direct,Sphenomorphus_sarasinorum,False,False,,,
23,570,Cyrtodactylus_nigriocularis,,Squamata,Gekkonidae,CR,17.9664837024755,16.4480709547496,19.3297751849644,17.1509071243723,0.971321892867221,0.0547026785036353,15.6434946230698,0.853,1,1000,direct,Cyrtodactylus_nigriocularis,False,False,,,
24,618,Anolis_cusuco,,Squamata,Anolidae,CR,17.8511190153206,20.9044441848217,18.7304153087433,21.7683669740445,0.97324689764658,0.0550223267156316,17.1951207258057,0.869,1,1000,direct,Anolis_cusuco,False,False,,,
25,685,Cnemaspis_paripari,Fairy Rock Gecko,Squamata,Gekkonidae,CR,17.1584263080365,7.16169060785379,18.034935456053,7.10951480834265,0.97155638866006,0.0546311660065244,15.6150099165023,0.902,1,1000,direct,Cnemaspis_paripari,False,False,,,
26,107,Furcifer_balteatus,Two-banded Chameleon,Squamata,Chamaeleonidae,EN,17.0604593393942,10.0999588034882,34.13121256,8.689883225,0.488579048739054,0.277179343651219,33.7227774455627,0.98,1,1000,direct,Furcifer_balteatus,False,False,,,
27,722,Ceratophora_karu,,Squamata,Agamidae,CR,16.9498166468494,4.06563688475777,17.6942871065271,4.0446053106281,0.970263051973385,0.0607168938901617,15.620624047289,1.0,1,1000,direct,Ceratophora_karu,False,False,,,
30,823,Anolis_eugenegrahami,Eugene's Anole,Squamata,Anolidae,CR,16.058329167569,4.87132801085682,16.8204857227548,4.89161228768633,0.972311063947659,0.0557353536301332,14.3115480140943,0.972,1,1000,direct,Anolis_eugenegrahami,False,False,,,
31,112,Goniurosaurus_zhelongi,Zhe-long’s Leopard Gecko,Squamata,Eublepharidae,EN,15.8772119990775,10.198935894174,33.4925593940271,14.2683767882538,0.493038262970142,0.2878899121558,7.1500562162905,1.0,1,1000,direct,Goniurosaurus_zhelongi,False,False,,,
32,89,Paroedura_masobe,,Squamata,Gekkonidae,EN,15.7948206958359,10.1605768604371,35.5620512402969,8.97511125438285,0.493123425572735,0.297975978309711,29.9082310766061,0.981,1,1000,direct,Paroedura_masobe,False,False,,,
33,119,Archaius_tigris,Tiger Chameleon,Squamata,Chamaeleonidae,EN,15.7753215999771,8.89094039461288,32.39990992682,8.17683023854207,0.485010383861242,0.264039104621399,33.21636900984,1.0,1,1000,direct,Archaius_tigris,False,False,,,
34,882,Capitellum_mariagalantae,Marie-Galante Skink,Squamata,Scincidae,CR,15.505680263791,12.2733068968476,16.2564037838359,12.9708589921305,0.967347203566577,0.0606956220820183,5.6787065870632,0.948,1,1000,direct,Capitellum_mariagalantae,False,False,,,
35,92,Dibamus_tiomanensis,Pulau Tioman Dibamid Lizard,Squamata,Dibamidae,EN,15.4317358394505,13.8500058986166,35.0512214981963,24.0451457796661,0.488820994904156,0.291700761228393,28.5343633993098,0.967,1,1000,direct,Dibamus_tiomanensis,False,False,,,
36,15,Casarea_dussumieri,Keel-scaled Boa,Squamata,Bolyeridae,VU,15.425203176025,5.42868290802235,65.4198232996647,12.7684633917296,0.243763605583379,0.079007164091182,30.2391813690857,1.0,1,1000,direct,Casarea_dussumieri,False,False,,,
37,885,Capitellum_metallicum,Lesser Martinique Skink,Squamata,Scincidae,CR,15.338393224141,12.3844042887306,16.236886760327,12.9073158739805,0.967347203566577,0.0608315154456982,6.01234774630367,0.945,1,1000,direct,Capitellum_metallicum,False,False,,,
38,886,Capitellum_parvicruzae,Lesser Saint Croix Skink,Squamata,Scincidae,CR,15.3082906702847,12.4029224599424,16.2272676606461,12.8722863444632,0.967347203566577,0.0607355700508732,5.76546328724763,0.95,1,1000,direct,Capitellum_parvicruzae,False,False,,,
39,875,Gallotia_stehlini,Gran Canaria Giant Lizard,Squamata,Lacertidae,CR,15.2896761271734,6.07497730404529,16.3319146213874,6.21063235729042,0.969155670035643,0.0658084311630178,15.6061432830926,0.956,1,1000,direct,Gallotia_stehlini,False,False,,,
40,940,Paroedura_lohatsara,,Squamata,Gekkonidae,CR,14.9153606409583,3.25878186996002,15.7613373900563,3.2755527776876,0.971305842804131,0.0620670646999886,15.551889531993,0.984,1,1000,direct,Paroedura_lohatsara,False,False,,,
41,95,Lygodactylus_roavolana,,Squamata,Gekkonidae,EN,14.8033608001456,12.6009399777136,34.8111832344374,19.0532340096925,0.492363623549422,0.297775573795531,27.0089677370478,0.925,1,1000,direct,Lygodactylus_roavolana,False,False,,,
42,987,Bavayia_ornata,Ornate Bavayia,Squamata,Diplodactylidae,CR,14.6910674818806,4.35282577327108,15.3960768006517,4.39771501478633,0.970705811536533,0.0613778794494011,15.103009028877,1.0,1,1000,direct,Bavayia_ornata,False,False,,,
43,994,Lygodactylus_williamsi,Turquoise Dwarf Gecko,Squamata,Gekkonidae,CR,14.5897826227667,4.97296847316216,15.352921892868,5.06452786830709,0.970699206167426,0.0616503336882036,13.9072327204953,0.922,1,1000,direct,Lygodactylus_williamsi,False,False,,,
44,991,Dierogekko_poumensis,Poum Striped Gecko,Squamata,Diplodactylidae,CR,14.491217934929,3.91182587756855,15.3570175177771,3.93487938760294,0.970530677489173,0.0622264152826754,14.955079686324,1.0,1,1000,direct,Dierogekko_poumensis,False,False,,,
45,1033,Brookesia_desperata,,Squamata,Chamaeleonidae,CR,14.4663694096803,4.42502971983923,15.1618185189551,4.5538183162197,0.971028660275833,0.0588313068417075,11.4141800976807,0.987,1,1000,direct,Brookesia_desperata,False,False,,,
46,1083,Cyrtodactylus_chanhomeae,,Squamata,Gekkonidae,CR,13.89812635672,9.46221198150023,14.7475595552319,9.86135663728671,0.971934307329179,0.0567739435678415,12.4601294885307,0.827,1,1000,direct,Cyrtodactylus_chanhomeae,False,False,,,
47,1174,Plestiodon_longirostris,Bermuda Skink,Squamata,Scincidae,CR,13.5780316338571,3.2904170233199,14.2389253367322,3.42603712291019,0.968239704942981,0.0588630283221175,13.7912276264564,0.968,1,1000,direct,Plestiodon_longirostris,False,False,,,
48,192,Anolis_strahmi,Strahm's Anole,Squamata,Anolidae,EN,13.566075533052,7.90812439411067,27.2023039283215,6.42313260797235,0.500246720035104,0.290608044837147,26.609538779509,1.0,1,1000,direct,Anolis_strahmi,False,False,,,
49,21,Ctenoblepharys_adspersa,,Squamata,Liolaemidae,VU,13.4114500219403,4.37467359304443,54.901919455,8.16307349500001,0.245556812923264,0.0764302429586258,55.12042550508,1.0,1,1000,direct,Ctenoblepharys_adspersa,False,False,,,
50,184,Brookesia_minima,,Squamata,Chamaeleonidae,EN,13.1646440545466,7.91962974032629,27.5207301760947,7.29257892849046,0.489683703046073,0.278943498897212,26.5508836144773,0.99,1,1000,direct,Brookesia_minima,False,False,,,
51,212,Oedodera_marmorata,Marbled Gecko,Squamata,Diplodactylidae,EN,12.8663924565887,7.27625866070976,26.39533109,6.50383475500053,0.488276072919399,0.294298235145498,26.27889704349,1.0,1,1000,direct,Oedodera_marmorata,False,False,,,
52,209,Brookesia_ramanantsoai,,Squamata,Chamaeleonidae,EN,12.8431750610661,7.32735014155975,26.4410775386688,7.02223153665495,0.489254562913954,0.279529245494811,24.9356145285463,0.993,1,1000,direct,Brookesia_ramanantsoai,False,False,,,
53,201,Xenosaurus_newmanorum,,Squamata,Xenosauridae,EN,12.8374978674761,16.8580571714581,26.7886619681642,31.9979553122261,0.483260189679077,0.262317520567567,26.7937103081357,0.953,1,1000,direct,Xenosaurus_newmanorum,False,False,,,
54,217,Uroplatus_pietschmanni,,Squamata,Gekkonidae,EN,12.790004539238,7.52137134569597,26.1808972164598,6.41463936683602,0.496330449383259,0.301125527406544,24.77298215189,1.0,1,1000,direct,Uroplatus_pietschmanni,False,False,,,
55,1335,Rhampholeon_acuminatus,Nguru Spiny Pygmy Chameleon,Squamata,Chamaeleonidae,CR,12.6012917840299,3.95925395352557,13.3328690212945,4.20473794583945,0.971028660275833,0.0564192400697241,12.0566958174701,0.967,1,1000,direct,Rhampholeon_acuminatus,False,False,,,
56,1358,Panopa_croizati,Horton's Mabuya,Squamata,Scincidae,CR,12.4551495069117,3.43190058538868,13.2203509631016,3.68124537464476,0.968160572821104,0.0604781603693011,12.937053406064,1.0,1,1000,direct,Panopa_croizati,False,False,,,
58,1398,Lygodactylus_mirabilis,,Squamata,Gekkonidae,CR,12.4215534615663,5.23558908243061,13.024621087398,5.49659750877079,0.971877093609051,0.0611266332386207,12.1409559261505,0.905,1,1000,direct,Lygodactylus_mirabilis,False,False,,,
59,238,Brookesia_peyrierasi,,Squamata,Chamaeleonidae,EN,12.3847776476889,7.23275404264168,25.7494081491047,6.76962587206307,0.489683703046073,0.279652785325784,22.3328400790117,0.999,1,1000,direct,Brookesia_peyrierasi,False,False,,,
60,256,Brookesia_exarmata,,Squamata,Chamaeleonidae,EN,12.3047851444307,7.1695966027157,25.3630524175066,6.96031783151649,0.489683703046073,0.279779576542609,22.7628147536832,0.999,1,1000,direct,Brookesia_exarmata,False,False,,,
61,257,Leposoma_baturitensis,,Squamata,Gymnophthalmidae,EN,12.2327809261614,6.89411573483794,25.3523907168771,6.58413862071585,0.478231136451568,0.291250981188244,25.59195914356,1.0,1,1000,direct,Leposoma_baturitensis,False,False,,,
62,260,Brookesia_dentata,,Squamata,Chamaeleonidae,EN,12.1550737709866,7.13521207388709,25.2785000541789,6.86698682350821,0.489683703046073,0.279779576542609,22.3963661723017,0.99,1,1000,direct,Brookesia_dentata,False,False,,,
64,243,Brookesia_karchei,,Squamata,Chamaeleonidae,EN,12.1238136686943,7.34197510228277,25.6592781556666,7.14314933062027,0.489683703046073,0.279213769296025,22.1925729793254,0.993,1,1000,direct,Brookesia_karchei,False,False,,,
65,202,Marinussaurus_curupira,,Squamata,Gymnophthalmidae,EN,11.9645434609532,8.57199995520085,26.7547320800014,10.6502052401356,0.472632903561996,0.288809367631527,24.1667012756046,0.931,1,1000,direct,Marinussaurus_curupira,False,False,,,
66,1502,Cnemaspis_temiah,Temiah Rock Gecko,Squamata,Gekkonidae,CR,11.8824509004168,3.51284904963898,12.4476021267254,3.58954388287626,0.971321892867221,0.0547276679995969,11.5784191097185,0.91,1,1000,direct,Cnemaspis_temiah,False,False,,,
67,339,Anolis_insolitus,La Palma Anole,Squamata,Anolidae,EN,11.8545015561142,6.79154759862895,23.5074544042931,5.1934693573367,0.500595302985622,0.286099865667453,16.85642005823,1.0,1,1000,direct,Anolis_insolitus,False,False,,,
68,329,Anolis_fowleri,Fowler's Anole,Squamata,Anolidae,EN,11.7985707911447,6.68322576756728,23.636230769027,4.95003200600504,0.501284060347087,0.286099865667453,16.85642005823,1.0,1,1000,direct,Anolis_fowleri,False,False,,,
69,294,Dibamus_bogadeki,,Squamata,Dibamidae,EN,11.7782616594214,16.1440131465432,24.4556500914795,31.840664951338,0.489028183979505,0.292255975830674,28.9851239912146,0.909,1,1000,direct,Dibamus_bogadeki,False,False,,,
70,313,Nangura_spinosa,Nangur Skink,Squamata,Scincidae,EN,11.7465901112588,6.14402328744268,24.0880442235909,4.00793325034593,0.492019212408858,0.276253019742916,24.27522725226,1.0,1,1000,direct,Nangura_spinosa,False,False,,,
71,1532,Barkudia_insularis,Madras Spotted Skink,Squamata,Scincidae,CR,11.745012732887,13.2407425573096,12.3235153215928,13.9237240573641,0.968119334448409,0.058785653181371,8.87928046278211,0.804,1,1000,direct,Barkudia_insularis,False,False,,,
72,1570,Phyllurus_kabikabi,,Squamata,Carphodactylidae,CR,11.7448666907703,12.4273766589535,12.2131645102169,13.052557915475,0.971585306255625,0.0580006749657304,11.9476967672226,0.754,1,1000,direct,Phyllurus_kabikabi,False,False,,,
73,335,Dibamus_nicobaricum,Nicobar Worm Lizard,Squamata,Dibamidae,EN,11.7285334211183,15.0148235019782,23.5883854717446,29.6193768881256,0.488559820962442,0.292255975830674,27.6585662648143,0.911,1,1000,direct,Dibamus_nicobaricum,False,False,,,
74,1555,Rhampholeon_chapmanorum,Chapman's Pygmy Chameleon,Squamata,Chamaeleonidae,CR,11.6275247308551,4.26667879415581,12.2492137400962,4.32798822994868,0.971028660275833,0.0564173023255976,8.26164054720457,0.969,1,1000,direct,Rhampholeon_chapmanorum,False,False,,,
75,1681,Cnemaspis_menikay,,Squamata,Gekkonidae,CR,11.2095695817522,12.4235187992102,11.7549313501747,13.3384148218321,0.970899799806143,0.0602047667602258,10.857737547575,0.771,1,1000,direct,Cnemaspis_menikay,False,False,,,
76,1709,Cnemaspis_latha,,Squamata,Gekkonidae,CR,11.1872305913368,12.4926309579865,11.6784796803897,13.115090676109,0.971512663127861,0.0585800025481786,10.4024948068801,0.768,1,1000,direct,Cnemaspis_latha,False,False,,,
77,1723,Cnemaspis_retigalensis,Retigala Day Gecko,Squamata,Gekkonidae,CR,11.1755162449469,10.9417168884583,11.6282407949006,11.7165952189624,0.970977234224945,0.058832155366252,10.4196005084927,0.785,1,1000,direct,Cnemaspis_retigalensis,False,False,,,
78,1664,Eremias_pleskei,,Squamata,Lacertidae,CR,11.1667304242869,7.9566931832847,11.8395931962093,8.58307019200677,0.96835694016066,0.0664764194766798,10.7029059578765,0.775,1,1000,direct,Eremias_pleskei,False,False,,,
79,1729,Pseudoacontias_menamainty,,Squamata,Scincidae,CR,10.9991679292541,10.6206843200909,11.6120175026659,10.8360693981208,0.969656236967737,0.0642939709962056,10.1044428682792,0.827,1,1000,direct,Pseudoacontias_menamainty,False,False,,,
80,1774,Cnemaspis_anaikattiensis,,Squamata,Gekkonidae,CR,10.9539209136468,12.4052182574229,11.4481972830903,13.2485291224895,0.971252579534343,0.0589940094182322,10.6852666681435,0.77,1,1000,direct,Cnemaspis_anaikattiensis,False,False,,,
81,1745,Cnemaspis_phillipsi,,Squamata,Gekkonidae,CR,10.8838631477833,13.0610434798968,11.5545049215912,13.5300809618931,0.970977234224945,0.0597035243609538,10.1188711226579,0.744,1,1000,direct,Cnemaspis_phillipsi,False,False,,,
82,35,Paragehyra_petiti,Angel's Petite Gecko,Squamata,Gekkonidae,VU,10.8316605489002,3.86427562504755,45.4256556376474,9.81361510017599,0.244764219083529,0.0802634946263845,31.03881134683,1.0,1,1000,direct,Paragehyra_petiti,False,False,,,
83,1879,Cylindrophis_isolepis,Jampea Island Pipe Snake,Squamata,Cylindrophiidae,CR,10.8133781209504,12.0013836192173,11.1011963871345,13.0378210033049,0.971205938507324,0.0618579385460603,11.8244383672262,0.756,1,1000,direct,Cylindrophis_isolepis,False,False,,,
84,1768,Rhampholeon_bruessoworum,Mount Inago Pygmy Chameleon,Squamata,Chamaeleonidae,CR,10.812963773649,9.41573011952751,11.4785555656596,9.71229440317066,0.97068621337822,0.0585585718172652,8.33556238613647,0.767,1,1000,direct,Rhampholeon_bruessoworum,False,False,,,
85,32,Goniurosaurus_kuroiwae,Kuroiwa's Ground Gecko,Squamata,Eublepharidae,VU,10.809535462939,5.25935428482875,46.4800676766279,15.1228069731598,0.245102877540121,0.0770182382215194,30.2601936104874,1.0,1,1000,direct,Goniurosaurus_kuroiwae,False,False,,,
86,314,Anolis_luciae,,Squamata,Anolidae,EN,10.7379505596811,12.0238890771638,24.0345600171407,23.8323267018258,0.496807867947347,0.285277618351916,19.9773258360495,0.835,1,1000,direct,Anolis_luciae,False,False,,,
87,396,Ceratophora_aspera,Rough Nose Horned Lizard,Squamata,Agamidae,EN,10.7260794586294,6.50623626335892,22.3824657981142,4.81140267360278,0.486482824829846,0.289909677982672,20.75078467987,1.0,1,1000,direct,Ceratophora_aspera,False,False,,,
88,459,Goniurosaurus_bawanglingensis,Bawangling Leopard Gecko,Squamata,Eublepharidae,EN,10.7218126818514,11.171699192945,21.1773218794696,20.3505029224219,0.49234051704112,0.286016624091124,15.5064298942041,0.928,1,1000,direct,Goniurosaurus_bawanglingensis,False,False,,,
89,440,Phelsuma_serraticauda,,Squamata,Gekkonidae,EN,10.7112980029685,6.22264789766155,21.52640465,3.48839091999981,0.501923256996698,0.304968576475456,21.053087666228,1.0,1,1000,direct,Phelsuma_serraticauda,False,False,,,
90,367,Uromastyx_thomasi,Omani Spiny-tailed Lizard,Squamata,Agamidae,EN,10.6440636798352,6.40453709524749,22.9795865770077,5.00016718935615,0.489683703046073,0.279779576542609,20.9977473988496,0.963,1,1000,direct,Uromastyx_thomasi,False,False,,,
91,385,Rhampholeon_spinosus,Usambara Spiny Pygmy Chameleon,Squamata,Chamaeleonidae,EN,10.6176310306879,7.09392972141739,22.6194875567553,7.86772303101906,0.488914056176327,0.278070757398396,18.2458395357646,0.95,1,1000,direct,Rhampholeon_spinosus,False,False,,,
92,1920,Cnemaspis_kottiyoorensis,Kottiyoor Day Gecko,Squamata,Gekkonidae,CR,10.5809766210563,12.2384465140235,10.9789461315694,12.9426845105945,0.97086919973591,0.0594160309420651,10.1671506973571,0.76,1,1000,direct,Cnemaspis_kottiyoorensis,False,False,,,
93,1884,Cnemaspis_rammalensis,Rammale Day Gecko,Squamata,Gekkonidae,CR,10.5621640294893,12.7561768714178,11.0896091176514,13.3978241260377,0.971162991172569,0.0589940094182322,10.0146692285707,0.745,1,1000,direct,Cnemaspis_rammalensis,False,False,,,
94,404,Rhampholeon_gorongosae,Mount Gorongosa Pygmy Chameleon,Squamata,Chamaeleonidae,EN,10.4876781143294,7.03935067476969,22.1220790314883,7.51850405856334,0.489683703046073,0.27665680091984,18.169053583792,0.971,1,1000,direct,Rhampholeon_gorongosae,False,False,,,
95,394,Xenosaurus_platyceps,,Squamata,Xenosauridae,EN,10.4727603614818,9.32350857634892,22.4077831265856,16.6789488713975,0.48225770977199,0.26309451137804,19.5961778441854,0.95,1,1000,direct,Xenosaurus_platyceps,False,False,,,
96,1939,Nannoscincus_exos,Northern Dwarf Skink,Squamata,Scincidae,CR,10.4705141947236,3.24909344025967,10.9066912065522,3.29178395970807,0.969902262887647,0.0611241551436733,10.958627202567,0.996,1,1000,direct,Nannoscincus_exos,False,False,,,
97,388,Anolis_bitectus,Roof Anole,Squamata,Anolidae,EN,10.4698012191119,12.0258062789306,22.5270648060706,25.0848856485167,0.50167031299976,0.286053105404842,17.8892933922951,0.783,1,1000,direct,Anolis_bitectus,False,False,,,
98,1914,Cnemaspis_samanalensis,Samanala Day Gecko,Squamata,Gekkonidae,CR,10.3736606062765,11.984113601934,10.991504912988,12.6102388771622,0.971403435887136,0.0585800025481786,10.2461906646205,0.764,1,1000,direct,Cnemaspis_samanalensis,False,False,,,
99,1945,Cyrtodactylus_takouensis,Takou Bent-toed Gecko,Squamata,Gekkonidae,CR,10.3726888478761,3.52142893584581,10.8889071967283,3.51325804590136,0.971834438268103,0.0548436290212209,10.0005278641443,0.883,1,1000,direct,Cyrtodactylus_takouensis,False,False,,,
100,473,Goniurosaurus_orientalis,Spotted Ground Gecko,Squamata,Eublepharidae,EN,10.297813193152,11.2290808234343,20.9110771617861,20.4871135512023,0.493038262970142,0.288094706924357,14.7784492828529,0.926,1,1000,direct,Goniurosaurus_orientalis,False,False,,,
101,1963,Lepidodactylus_euaensis,'Eua Forest Gecko,Squamata,Gekkonidae,CR,10.2580796407531,7.2002047905225,10.8250719274067,7.54226450304061,0.97377869795443,0.0601206174614073,7.84196730821938,0.796,1,1000,direct,Lepidodactylus_euaensis,False,False,,,
103,1993,Mitophis_asbolepis,,Squamata,Leptotyphlopidae,CR,10.196468445036,4.76679489063734,10.7424930713085,4.85082803033665,0.971400287179017,0.0607504066981537,7.9260614122722,0.988,1,1000,direct,Mitophis_asbolepis,False,False,,,
104,2020,Furcifer_belalandaensis,Belalanda Chameleon,Squamata,Chamaeleonidae,CR,10.1768473681714,3.13340674336387,10.6606282486332,3.06370926247976,0.970640323894736,0.0570706757115557,10.9562018682766,0.976,1,1000,direct,Furcifer_belalandaensis,False,False,,,
106,476,Coleodactylus_natalensis,Natal Pigmy Gecko,Squamata,Sphaerodactylidae,EN,10.0876557394759,6.08584939454046,20.8704264899465,5.40148746523348,0.492415115238858,0.276198035221894,19.1523384115797,0.98,1,1000,direct,Coleodactylus_natalensis,False,False,,,
107,407,Cnemaspis_psychedelica,Psychedelic Rock Gecko,Squamata,Gekkonidae,EN,10.075320209577,7.27578340941296,22.0789963212539,10.8215223963463,0.488757848095641,0.26844847762833,17.7928696827278,0.922,1,1000,direct,Cnemaspis_psychedelica,False,False,,,
108,45,Uroplatus_malama,,Squamata,Gekkonidae,VU,10.0727007221336,3.46790101490864,41.7438225209145,7.58080920807746,0.244895758884674,0.0803837134704958,42.25545874155,1.0,1,1000,direct,Uroplatus_malama,False,False,,,
109,2059,Bachia_psamophila,,Squamata,Gymnophthalmidae,CR,10.032828033739,13.2602390430014,10.5514143466454,13.9893682392355,0.969542096316312,0.0613253032706438,12.3099774557326,0.711,1,1000,direct,Bachia_psamophila,False,False,,,
110,503,Phelsuma_vanheygeni,,Squamata,Gekkonidae,EN,10.031084913606,6.18566097109767,20.3063673685992,3.6102916921926,0.498270458318888,0.30032517867572,19.8280494258279,1.0,1,1000,direct,Phelsuma_vanheygeni,False,False,,,
111,2079,Leiocephalus_pratensis,Atalaye Curlytail Lizard,Squamata,Tropiduridae,CR,10.018894136489,11.9338132092473,10.5122730442907,12.2328308196091,0.971996305911646,0.0579934067033279,10.1524434098111,0.719,1,1000,direct,Leiocephalus_pratensis,False,False,,,
113,2056,Anolis_rimarum,Marmelade Anole,Squamata,Anolidae,CR,9.98313658110295,12.7391492456964,10.5575404049507,13.4854463275665,0.972737652992631,0.05571304017296,9.70203754244666,0.709,1,1000,direct,Anolis_rimarum,False,False,,,
114,42,Physignathus_cocincinus,Chinese Water Dragon,Squamata,Agamidae,VU,9.97301418074885,4.43657663807845,43.054881835,11.7776436656266,0.242429145778824,0.0781841625070216,37.4196959849925,0.986,1,1000,direct,Physignathus_cocincinus,False,False,,,
115,2067,Dierogekko_koniambo,Koniambo Striped Gecko,Squamata,Diplodactylidae,CR,9.94690867101259,2.79485223780285,10.5334361232255,2.98259241653442,0.970489696898881,0.061175673380831,7.448388641816,0.996,1,1000,direct,Dierogekko_koniambo,False,False,,,
116,438,Gekko_badenii,,Squamata,Gekkonidae,EN,9.9024515869749,10.7553719114336,21.5824813552983,20.2984905052357,0.501699657516763,0.298300142462671,17.0172638910535,0.86,1,1000,direct,Gekko_badenii,False,False,,,
117,2131,Dierogekko_thomaswhitei,Taom Striped Gecko,Squamata,Diplodactylidae,CR,9.86248960145167,2.79274170027238,10.3837303274726,2.87580715505457,0.970489696898881,0.0616418316745818,5.012328728385,0.996,1,1000,direct,Dierogekko_thomaswhitei,False,False,,,
118,2189,Alsophylax_tadjikiensis,Tadjikistan Even-fingered Gecko,Squamata,Gekkonidae,CR,9.80579955739321,12.4009265394781,10.2307369257094,13.1244335127917,0.971321892867221,0.0546408802440851,10.7068942490872,0.711,1,1000,direct,Alsophylax_tadjikiensis,False,False,,,
119,514,Goniurosaurus_splendens,Banded Ground Gecko,Squamata,Eublepharidae,EN,9.79517953581793,10.4371684018796,20.1732635757221,19.6562152184907,0.493038262970142,0.287940880216019,14.4367440333965,0.92,1,1000,direct,Goniurosaurus_splendens,False,False,,,
120,499,Paniegekko_madjo,High Elevation Bavayia,Squamata,Diplodactylidae,EN,9.78338214932981,5.32783185563446,20.3406612424319,5.27578967558924,0.487777644535165,0.287956579529691,20.26538452729,1.0,1,1000,direct,Paniegekko_madjo,False,False,,,
121,2180,Mitophis_calypso,Samana Threadsnake,Squamata,Leptotyphlopidae,CR,9.78317427416273,8.73239037263486,10.2544501734935,9.10457375105071,0.971400287179017,0.0607209005017037,7.01329022008512,0.786,1,1000,direct,Mitophis_calypso,False,False,,,
122,2116,Dierogekko_kaalaensis,Kaala Striped Gecko,Squamata,Diplodactylidae,CR,9.77404534559189,2.80033005618441,10.4213901091285,2.84109213187023,0.970489696898881,0.0621541416121244,5.012328728385,0.996,1,1000,direct,Dierogekko_kaalaensis,False,False,,,
123,2169,Alsophylax_laevis,Southern Even-fingered Gecko,Squamata,Gekkonidae,CR,9.76026891217724,11.9565502554767,10.3040621642696,12.7515882640041,0.971321892867221,0.0545804769092585,10.4025471747692,0.707,1,1000,direct,Alsophylax_laevis,False,False,,,
124,2175,Lacertaspis_lepesmei,Angel's Five-toed Skink,Squamata,Scincidae,CR,9.72072268011015,3.47503854742,10.2814415713915,3.45958268184355,0.971827136760941,0.0610566885788142,8.892341088807,0.995,1,1000,direct,Lacertaspis_lepesmei,False,False,,,
125,526,Congolacerta_asukului,Asukulu’s Grass Lizard,Squamata,Lacertidae,EN,9.71168372270871,5.78008456204526,19.8973873255364,6.10971442488183,0.473934003899485,0.289352242309315,18.622626276591,1.0,1,1000,direct,Congolacerta_asukului,False,False,,,
126,2194,Sphaerodactylus_cochranae,Cochran's Least Gecko,Squamata,Sphaerodactylidae,CR,9.69495799360177,10.3916020117474,10.2075547449613,10.8034240254271,0.971485064933705,0.0570358564007302,9.66567264603825,0.741,1,1000,direct,Sphaerodactylus_cochranae,False,False,,,
127,466,Sphaerodactylus_shrevei,Northwest Haiti Blotched Sphaero,Squamata,Sphaerodactylidae,EN,9.67800647277341,8.59498311229684,21.1112316720891,16.9765692885349,0.504571457239543,0.282432083206685,15.8730519057054,0.908,1,1000,direct,Sphaerodactylus_shrevei,False,False,,,
128,521,Rhampholeon_viridis,Pare Pygmy Chameleon,Squamata,Chamaeleonidae,EN,9.59070009589805,6.3153893015038,19.983004776772,7.73385134955911,0.488914056176327,0.277606017288127,15.3312806351634,0.935,1,1000,direct,Rhampholeon_viridis,False,False,,,
129,2208,Cnemaspis_scalpensis,Ferguson’s Day Gecko,Squamata,Gekkonidae,CR,9.5494647046446,7.50349710522858,10.1642338728697,7.92047990347305,0.970977234224945,0.0588766924368378,7.92071214040696,0.758,1,1000,direct,Cnemaspis_scalpensis,False,False,,,
130,2287,Tropidophis_stullae,Portland Ridge Trope,Squamata,Tropidophiidae,CR,9.54047857768427,10.9646350108379,9.97464390106666,11.5080258627063,0.970953998653753,0.0600126399661525,9.69073221217629,0.725,1,1000,direct,Tropidophis_stullae,False,False,,,
131,2261,Paracontias_minimus,,Squamata,Scincidae,CR,9.49004641467596,3.784985172475,10.0278613315792,4.00005223205586,0.970802519666177,0.0609914435060527,8.08475337175641,0.904,1,1000,direct,Paracontias_minimus,False,False,,,
132,494,Rhampholeon_temporalis,East Usambara Pygmy Chameleon,Squamata,Chamaeleonidae,EN,9.44529528243922,6.84116147876905,20.4208475756587,8.88234199417057,0.488670182987714,0.277476639238299,14.8795315732256,0.902,1,1000,direct,Rhampholeon_temporalis,False,False,,,
133,616,Anolis_longitibialis,Isla Beata Anole,Squamata,Anolidae,EN,9.43909358371398,5.36106572816392,18.7558885519382,5.7718412111066,0.50167031299976,0.290420021707844,17.4864079416966,1.0,1,1000,direct,Anolis_longitibialis,False,False,,,
134,2310,Amphisbaena_leali,Pestel Amphisbaena,Squamata,Amphisbaenidae,CR,9.43368284767907,9.14031782469509,9.91044937572783,9.63886808312225,0.968479370765202,0.0641336608650388,8.70830176216851,0.705,1,1000,direct,Amphisbaena_leali,False,False,,,
135,2379,Leiocephalus_endomychus,Central Haitian Curlytail,Squamata,Tropiduridae,CR,9.41912566937392,10.6613169519436,9.74662851597087,11.2511907253165,0.971862881430911,0.0577173937299795,9.39163645875287,0.695,1,1000,direct,Leiocephalus_endomychus,False,False,,,
136,2382,Tropidophis_parkeri,Parker’s Dwarf Boa,Squamata,Tropidophiidae,CR,9.36525621708984,11.2698828660666,9.74085001518754,11.7218885204162,0.970953998653753,0.0604178266131817,9.5911440506998,0.692,1,1000,direct,Tropidophis_parkeri,False,False,,,
137,2355,Anolis_singularis,Macaya Green Twig Anole,Squamata,Anolidae,CR,9.35985350850868,2.68813506392807,9.81566977255211,2.76173375189114,0.972699067460665,0.05571304017296,9.0133232379565,0.989,1,1000,direct,Anolis_singularis,False,False,,,
138,2353,Leiocephalus_rhutidira,Lapierre Curlytail Lizard,Squamata,Tropiduridae,CR,9.31879038321993,11.7045271282169,9.81772702030005,12.5305959900482,0.971932068788584,0.0580583366395751,9.57441276933389,0.686,1,1000,direct,Leiocephalus_rhutidira,False,False,,,
139,2354,Tropidophis_caymanensis,Cayman Islands Dwarf Boa,Squamata,Tropidophiidae,CR,9.31017094761143,10.4156333498221,9.8160947662632,11.0203494735377,0.971046491143967,0.0605905937582436,9.69478625310504,0.72,1,1000,direct,Tropidophis_caymanensis,False,False,,,
140,2343,Brachylophus_vitiensis,Fiji Crested Iguana,Squamata,Iguanidae,CR,9.28182238286329,5.11624653514668,9.82568368778759,5.42104291215736,0.971057038886474,0.060065255341853,1.74398505820388,0.906,1,1000,direct,Brachylophus_vitiensis,False,False,,,
142,654,Gerrhopilus_ceylonicus,Sri Lanka Worm Snake,Squamata,Gerrhopilidae,EN,9.26219245056371,10.9683117940816,18.3929910140021,20.6051579280399,0.500221776211044,0.272427302286735,17.909531605331,0.886,1,1000,direct,Gerrhopilus_ceylonicus,False,False,,,
144,2394,Caledoniscincus_constellatus,,Squamata,Scincidae,CR,9.22202172273863,3.47892462149022,9.70529797630268,3.37048265505829,0.97109784336437,0.0605327873255539,8.9923398937227,0.864,1,1000,direct,Caledoniscincus_constellatus,False,False,,,
145,559,Sphaerodactylus_schwartzi,Guantanamo Collared Sphaero,Squamata,Sphaerodactylidae,EN,9.21279901445081,6.63510166704867,19.5519427485706,10.6461274114348,0.494901971386798,0.279019534300683,15.5120515639708,0.93,1,1000,direct,Sphaerodactylus_schwartzi,False,False,,,
147,2475,Paracontias_fasika,,Squamata,Scincidae,CR,9.19893984337216,8.79913295661246,9.5545423395744,9.12671874287287,0.970646704173901,0.0612580890288976,7.32868150235221,0.716,1,1000,direct,Paracontias_fasika,False,False,,,
148,2462,Tropidophis_bucculentus,Navassa Dwarf Boa,Squamata,Tropidophiidae,CR,9.16185637964263,11.107128349798,9.58665778216004,11.645033522573,0.970953998653753,0.0610770055019601,9.28742012695575,0.696,1,1000,direct,Tropidophis_bucculentus,False,False,,,
150,2461,Lepidodactylus_flaviocularis,Yellow-eyed Gecko,Squamata,Gekkonidae,CR,9.1335305106476,11.1413914120814,9.5907132876504,11.5225526889267,0.972142012065116,0.0613320104736478,9.7036602867295,0.694,1,1000,direct,Lepidodactylus_flaviocularis,False,False,,,
151,59,Palleon_nasus,Elongate Leaf Chameleon,Squamata,Chamaeleonidae,VU,9.1249705718187,3.59089448303573,38.1986730436596,10.7592685549581,0.243912489268519,0.0765325700451697,36.83546497745,1.0,1,1000,direct,Palleon_nasus,False,False,,,
152,2449,Tropidophis_schwartzi,Schwartz’ Dwarf Boa,Squamata,Tropidophiidae,CR,9.08840088876188,10.9278614929366,9.60094747885095,11.5442682373239,0.970930053687783,0.0600833680953026,9.18126043732793,0.696,1,1000,direct,Tropidophis_schwartzi,False,False,,,
153,669,Furcifer_minor,Lesser Chameleon,Squamata,Chamaeleonidae,EN,9.08142963430828,5.41687032910932,18.18900596,5.69401072999999,0.488498447285739,0.276516860074819,18.4745770767901,0.988,1,1000,direct,Furcifer_minor,False,False,,,
154,2448,Lygodactylus_insularis,Insular Dwarf Gecko,Squamata,Gekkonidae,CR,9.07459555551292,11.2438227059319,9.60638749837755,11.7043610069111,0.971098107839101,0.0618502022914632,10.4603761719295,0.716,1,1000,direct,Lygodactylus_insularis,False,False,,,
155,508,Aspidura_trachyprocta,Common Rough-sided Snake,Squamata,Natricidae,EN,9.05638269565923,6.26262321632632,20.2199824670252,10.2911240416474,0.489201847451191,0.285211176713168,14.3526104280254,0.977,1,1000,direct,Aspidura_trachyprocta,False,False,,,
156,64,Smaug_giganteus,Giant Dragon Lizard,Squamata,Cordylidae,VU,9.05615091342093,3.4348725304624,37.76538969,10.4996465525,0.244855979103722,0.0785020197508748,38.37322876249,1.0,1,1000,direct,Smaug_giganteus,False,False,,,
157,500,Anolis_sminthus,Mouse Anole,Squamata,Anolidae,EN,8.97607682669919,8.51531605961651,20.3368094281228,15.7174205833199,0.50167031299976,0.286555189939519,16.0278136110085,0.849,1,1000,direct,Anolis_sminthus,False,False,,,
158,2566,Homonota_rupicola,,Squamata,Phyllodactylidae,CR,8.94147337724855,2.68868727980832,9.36614010382189,2.85875597118274,0.971857942486713,0.0573603339126924,5.1025255310044,0.939,1,1000,direct,Homonota_rupicola,False,False,,,
159,2546,Homonota_taragui,,Squamata,Phyllodactylidae,CR,8.92949333784801,2.70140177325474,9.40941815208057,2.89064995676323,0.971944212202863,0.0573963396713637,5.0659944246981,0.935,1,1000,direct,Homonota_taragui,False,False,,,
160,2541,Sphaerodactylus_lazelli,Cap-Haitien Least Gecko,Squamata,Sphaerodactylidae,CR,8.89885704432074,9.91286964579341,9.42362701372819,10.2742053869325,0.972726115800818,0.0552676265606227,8.87342934861046,0.704,1,1000,direct,Sphaerodactylus_lazelli,False,False,,,
161,2604,Brookesia_bonsi,Namoroka Leaf Chameleon,Squamata,Chamaeleonidae,CR,8.89520099572747,2.90808003667878,9.27932069821795,3.04876274946746,0.970935414641676,0.0569735810637276,7.3517201702106,0.947,1,1000,direct,Brookesia_bonsi,False,False,,,
162,2595,Anolis_ernestwilliamsi,Carrot Rock's Anole,Squamata,Anolidae,CR,8.84778335099734,2.0901424192715,9.30174441899998,2.08748500397092,0.973118110661883,0.0561101120619588,9.113076766632,0.984,1,1000,direct,Anolis_ernestwilliamsi,False,False,,,
163,68,Orraya_occultus,Long-necked Northern Leaf-tailed Gecko,Squamata,Carphodactylidae,VU,8.83555991252173,3.36030232386185,37.493002045,10.2078703525,0.244898316546452,0.0774599574594457,37.56572204876,1.0,1,1000,direct,Orraya_occultus,False,False,,,
164,80,Anolis_barbouri,Hispaniolan Hopping Anole,Squamata,Anolidae,VU,8.83239084302073,2.86718954266023,36.2588749338901,5.74256207480062,0.246888803469484,0.0757113406365937,36.47003703679,1.0,1,1000,direct,Anolis_barbouri,False,False,,,
165,646,Brookesia_tristis,,Squamata,Chamaeleonidae,EN,8.80899520768059,5.31779784049506,18.4569755005576,5.35082328579487,0.490372418270785,0.278943498897212,11.4448192683426,0.989,1,1000,direct,Brookesia_tristis,False,False,,,
166,2628,Ceratophora_erdeleni,,Squamata,Agamidae,CR,8.7910441718578,4.32552445445347,9.23540192287361,4.53712406105487,0.970263051973385,0.0606020780371919,1.9864674336121,0.922,1,1000,direct,Ceratophora_erdeleni,False,False,,,
167,659,Anolis_sheplani,Cabral Anole,Squamata,Anolidae,EN,8.78521053148982,6.47446245109561,18.2921561166295,9.06009744512636,0.500246720035104,0.293727409138159,10.2417203129136,0.941,1,1000,direct,Anolis_sheplani,False,False,,,
168,2639,Sphaerodactylus_williamsi,Haitian Striped Sphaero,Squamata,Sphaerodactylidae,CR,8.77313214695802,9.85091064583541,9.21254371255355,10.4894411546225,0.971512663127861,0.0565524991231272,8.65989981503227,0.694,1,1000,direct,Sphaerodactylus_williamsi,False,False,,,
169,2601,Leiocephalus_onaneyi,Sierra Curlytail Lizard,Squamata,Tropiduridae,CR,8.74565167288364,10.7985069206904,9.28648244054713,11.3621771361727,0.971862881430911,0.0577234619804492,9.92570874884916,0.685,1,1000,direct,Leiocephalus_onaneyi,False,False,,,
170,660,Anolis_placidus,Placid Anole,Squamata,Anolidae,EN,8.74197267795738,6.18525234136549,18.2908560516881,9.16034441970531,0.500772094762007,0.293852945767148,10.0342455278434,0.951,1,1000,direct,Anolis_placidus,False,False,,,
171,2664,Phelsuma_masohoala,,Squamata,Gekkonidae,CR,8.7264120710049,9.26353796910998,9.16592635964173,9.76579403290234,0.972668362404429,0.0611504073051189,8.5472177792756,0.683,1,1000,direct,Phelsuma_masohoala,False,False,,,
172,686,Brookesia_perarmata,Antsingy Leaf Chameleon,Squamata,Chamaeleonidae,EN,8.70477700098089,4.97238641823389,18.0212972325118,4.70563068632347,0.490923304970424,0.275973711008312,17.7520236596249,0.996,1,1000,direct,Brookesia_perarmata,False,False,,,
173,732,Algyroides_marchi,,Squamata,Lacertidae,EN,8.68830210042399,5.08788663539633,17.5637454992907,5.15219374767006,0.482904011072377,0.283495311155926,17.949493743782,1.0,1,1000,GBIF_iucn_link,Algyroides_marchi,False,False,,,
174,2671,Phoboscincus_bocourti,,Squamata,Scincidae,CR,8.67877418393239,2.76213011607401,9.14371299685531,2.83972191704748,0.971715719788448,0.059816494862913,9.125233488664,0.969,1,1000,direct,Phoboscincus_bocourti,False,False,,,
175,700,Phoenicolacerta_kulzeri,,Squamata,Lacertidae,EN,8.65451086323747,5.1483155472262,17.9207691357795,4.25519916519385,0.482904011072377,0.277759543243395,18.20097426053,1.0,1,1000,direct,Phoenicolacerta_kulzeri,False,False,,,
176,675,Brachylophus_bulabula,Fiji Banded Iguana,Squamata,Iguanidae,EN,8.63744033894155,5.37963779716678,18.0938064225429,8.51549598588025,0.491423868908558,0.26815149964768,8.11486649609943,1.0,1,1000,direct,Brachylophus_bulabula,False,False,,,
177,2681,Abronia_frosti,Frost’s Arboreal Alligator Lizard,Squamata,Anguidae,CR,8.6276446959799,6.14339182780899,9.12519963398358,6.54602277758658,0.969739566411864,0.0633665002348377,7.34778905970906,0.745,1,1000,direct,Abronia_frosti,False,False,,,
178,628,Gonatodes_seigliei,Estados Sucre Gecko,Squamata,Sphaerodactylidae,EN,8.62068344246906,5.79120485356242,18.597440359479,8.00633465635052,0.493659641803893,0.280674909949591,16.3097456597786,0.915,1,1000,direct,Gonatodes_seigliei,False,False,,,
179,2780,Sphaerodactylus_callocricus,Callous Least Gecko,Squamata,Sphaerodactylidae,CR,8.56432814189707,9.20747921062843,8.91887041048058,9.8020110237129,0.972726115800818,0.0562001205494542,8.88963869590033,0.682,1,1000,direct,Sphaerodactylus_callocricus,False,False,,,
180,2665,Cophotis_dumbara,Dumbara Agama,Squamata,Agamidae,CR,8.56139921357738,4.40502800250767,9.16123570299901,4.6460384629342,0.970153631106608,0.060678839696662,2.8152851830343,0.849,1,1000,direct,Cophotis_dumbara,False,False,,,
181,564,Anolis_yoroensis,,Squamata,Anolidae,EN,8.55678711009605,8.12416931892957,19.40294288,14.8597220951906,0.50403894657111,0.287947753101499,15.2699412635387,0.817,1,1000,direct,Anolis_yoroensis,False,False,,,
182,2769,Sphaerodactylus_nycteropus,Morne Dubois Least Gecko,Squamata,Sphaerodactylidae,CR,8.53562838466946,10.3373125831856,8.94250440319492,10.7576769566679,0.971512663127861,0.0567758156316243,8.6089963034791,0.684,1,1000,direct,Sphaerodactylus_nycteropus,False,False,,,
183,704,Leposoma_nanodactylus,,Squamata,Gymnophthalmidae,EN,8.49532375374592,5.21679585098486,17.8829196713165,5.95228083338223,0.474086354507802,0.290662171331568,16.017910346236,1.0,1,1000,direct,Leposoma_nanodactylus,False,False,,,
184,2773,Anolis_roosevelti,Culebra Giant Anole,Squamata,Anolidae,CR,8.45647499040822,13.2162258364218,8.9330506285638,13.8630586314875,0.972592581652815,0.0556428996694236,8.86866599191759,0.592,1,1000,direct,Anolis_roosevelti,False,False,,,
185,718,Brachylophus_fasciatus,Lau Banded Iguana,Squamata,Iguanidae,EN,8.41270496886444,5.38307541862017,17.7408144712462,8.15415510909323,0.491423868908558,0.267904270728808,1.75721216578105,1.0,1,1000,direct,Brachylophus_fasciatus,False,False,,,
186,2822,Sphaerodactylus_sommeri,TerreNueve Least Gecko,Squamata,Sphaerodactylidae,CR,8.40793399435953,9.50828749100401,8.85427352615705,9.70157439601981,0.972377786268484,0.0555131405010192,9.0770386089567,0.677,1,1000,direct,Sphaerodactylus_sommeri,False,False,,,
187,2763,Anolis_tenorioensis,Tenorio Anole,Squamata,Anolidae,CR,8.39837638323178,4.23918715167859,8.95308007063435,4.36716971006651,0.973118110661883,0.0555685525980388,7.8704882717366,0.774,1,1000,direct,Anolis_tenorioensis,False,False,,,
188,2856,Aspidura_deraniyagalae,Sri Lanka Rough-sided Snake,Squamata,Natricidae,CR,8.37220607911693,7.39746020663564,8.77747512151243,7.90604986913948,0.970735704569647,0.061710536514781,6.71112314036367,0.732,1,1000,direct,Aspidura_deraniyagalae,False,False,,,
189,581,Lissolepis_coventryi,Eastern Mourning Skink,Squamata,Scincidae,EN,8.35754326288267,7.85220907017867,19.2084323119792,13.01576801069,0.477475144029207,0.282693240160637,16.578192744375,0.845,1,1000,direct,Lissolepis_coventryi,False,False,,,
190,816,Ebenavia_maintimainty,,Squamata,Gekkonidae,EN,8.32924425960458,9.90711002058495,16.864322762368,19.6579921461278,0.492576845993419,0.297788040673629,17.6527905270047,0.842,1,1000,direct,Ebenavia_maintimainty,False,False,,,
191,2893,Rhinophis_goweri,,Squamata,Uropeltidae,CR,8.28261047324253,6.70731349605154,8.71909037942352,7.11642679226225,0.971577769050741,0.0625772058805667,6.8308419074488,0.737,1,1000,direct,Rhinophis_goweri,False,False,,,
192,785,Janetaescincus_braueri,Brauer's Burrowing Skink,Squamata,Scincidae,EN,8.27326209485664,6.68141467534147,17.1184298750769,11.7681802708641,0.482799067392854,0.305839570031613,5.208127339785,0.947,1,1000,direct,Janetaescincus_braueri,False,False,,,
193,2919,Sphaerodactylus_elasmorhynchus,Marche Leon Least Gecko,Squamata,Sphaerodactylidae,CR,8.27062557190723,9.37429411049895,8.67604065065822,9.64000874342704,0.973054579205872,0.0550239455001568,8.56007301242181,0.68,1,1000,direct,Sphaerodactylus_elasmorhynchus,False,False,,,
194,760,Anolis_purpurgularis,,Squamata,Anolidae,EN,8.27017259846,7.92515572948269,17.3373511826568,14.4443871693367,0.502220394454328,0.286053105404842,13.0336299485017,0.849,1,1000,direct,Anolis_purpurgularis,False,False,,,
195,2906,Lioscincus_vivae,,Squamata,Scincidae,CR,8.2685439307783,3.25272801568262,8.69749438949033,3.44181204017026,0.970815152800106,0.0600207133127533,6.50675916973411,0.89,1,1000,direct,Lioscincus_vivae,False,False,,,
196,752,Anolis_loveridgei,Honduran Giant Anole,Squamata,Anolidae,EN,8.19106596589526,8.73094879897836,17.415920007311,15.4156635296623,0.501917746447111,0.286053105404842,13.0499726299046,0.823,1,1000,direct,Anolis_loveridgei,False,False,,,
197,801,Janetaescincus_veseyfitzgeraldi,Vesey-Fitzgerald's Burrowing Skink,Squamata,Scincidae,EN,8.1647985320309,6.91767931717996,16.9657507248495,11.8668014271531,0.48253345780319,0.305839570031613,5.208127339785,0.948,1,1000,direct,Janetaescincus_veseyfitzgeraldi,False,False,,,
198,2944,Tympanocryptis_pinguicolla,Victorian Grassland Earless Dragon,Squamata,Agamidae,CR,8.15056674570595,2.92190689276273,8.63562714822716,3.00249302334455,0.970614916471869,0.0618073320017962,8.387630829341,0.911,1,1000,direct,Tympanocryptis_pinguicolla,False,False,,,
199,2970,Rhinophis_punctatus,Müller's Earth Snake,Squamata,Uropeltidae,CR,8.13989106540284,6.30458348923239,8.58036941902776,6.53438988033701,0.971205938507324,0.0626196512948854,6.58526843645145,0.742,1,1000,direct,Rhinophis_punctatus,False,False,,,
200,3042,Sphaerodactylus_schuberti,Neiba Agave Sphaero,Squamata,Sphaerodactylidae,CR,8.13690281089139,9.54669594274852,8.47183833408379,9.83648197312862,0.972377786268484,0.0561276266424037,8.3677259844792,0.665,1,1000,direct,Sphaerodactylus_schuberti,False,False,,,
201,836,Chalcidoseps_thwaitesi,Thwaites' Skink,Squamata,Scincidae,EN,8.10448269230264,9.4704016852273,16.6586174889666,17.9348245060105,0.475256946564086,0.265737014785867,16.8768058619069,0.892,1,1000,direct,Chalcidoseps_thwaitesi,False,False,,,
202,2985,Dierogekko_inexpectatus,Key New Caledonian Gecko,Squamata,Diplodactylidae,CR,8.10412170818529,2.59712437615074,8.55329357491311,2.67241175688593,0.970605498315487,0.0622371219440183,6.572470925671,0.94,1,1000,direct,Dierogekko_inexpectatus,False,False,,,
203,845,Oriocalotes_paulus,Small Forest Lizard,Squamata,Agamidae,EN,8.09722080223355,10.0712740417822,16.5536625335901,18.9310452237561,0.486482824829846,0.290094303524794,17.1040412227619,0.86,1,1000,GBIF_accepted,Calotes_paulus,False,False,,,
204,3023,Celestus_anelpistus,,Squamata,Diploglossidae,CR,8.01740570430041,9.59714854000887,8.50130710238764,10.1123610962882,0.969559868386247,0.0638140261708015,8.26512821820403,0.66,1,1000,GBIF_iucn_link,Celestus_anelpistus,False,False,,,
205,3074,Spondylurus_lineolatus,Hispaniolan Ten-lined Skink,Squamata,Scincidae,CR,8.01242218826704,2.53145929030188,8.41462030553267,2.49621308430114,0.968430021200651,0.0605872544960306,5.39825637768282,0.901,1,1000,direct,Spondylurus_lineolatus,False,False,,,
206,3116,Lepidodactylus_gardineri,Rotuma Forest Gecko,Squamata,Gekkonidae,CR,8.0114967638654,9.37323317538067,8.3501333375531,10.103721909332,0.972355161084026,0.0616753457883369,9.03186126375097,0.666,1,1000,direct,Lepidodactylus_gardineri,False,False,,,
208,3121,Anolis_villai,Corn Island Anole,Squamata,Anolidae,CR,7.97374041734436,10.0151002443948,8.33722503392207,10.477227586546,0.973371513760947,0.0552065232385218,8.72151638186491,0.641,1,1000,direct,Anolis_villai,False,False,,,
209,3100,Sphaerodactylus_epiurus,Hispaniolan Tailspot Sphaero,Squamata,Sphaerodactylidae,CR,7.9669960269003,9.01998579735892,8.37463811719596,9.36269084936636,0.971512663127861,0.056864575142572,8.37077331971985,0.682,1,1000,direct,Sphaerodactylus_epiurus,False,False,,,
211,3133,Enyalius_erythroceneus,,Squamata,Leiosauridae,CR,7.91276510901787,3.11136391747679,8.31280167812794,3.16158362183214,0.970732380734455,0.0581478964675684,8.42975300381,0.889,1,1000,direct,Enyalius_erythroceneus,False,False,,,
212,900,Ceratophora_tennentii,Rhinoceros Agama,Squamata,Agamidae,EN,7.87198416682665,4.77476478881957,16.1107297591181,4.63130934463111,0.486482824829846,0.291527237387407,9.37255169789,1.0,1,1000,direct,Ceratophora_tennentii,False,False,,,
213,3160,Anolis_kreutzi,,Squamata,Anolidae,CR,7.84892175610787,9.51808287111973,8.24736777569043,9.81184874123694,0.972842662690647,0.0552826767536511,8.31668120366859,0.621,1,1000,direct,Anolis_kreutzi,False,False,,,
214,3189,Nessia_layardi,Layard's Nessia,Squamata,Scincidae,CR,7.84423795878813,7.72738362944359,8.20231675928487,8.12084941626707,0.969404918481697,0.0632601557391218,7.2948089794986,0.683,1,1000,direct,Nessia_layardi,False,False,,,
215,3214,Celestus_microblepharis,Small-eyed Galliwasp,Squamata,Diploglossidae,CR,7.79272298708615,9.0176667479097,8.16002429217091,9.33266168647838,0.969828716318601,0.063638877959202,8.04567323731885,0.654,1,1000,direct,Celestus_microblepharis,False,False,,,
216,3196,Hemidactylus_sataraensis,Satara Gecko,Squamata,Gekkonidae,CR,7.79105988660631,3.25127418122901,8.1907709300212,3.40839310397062,0.972657078127501,0.0550083795990395,6.93483609019799,0.781,1,1000,direct,Hemidactylus_sataraensis,False,False,,,
217,3239,Gekko_lauhachindai,Lauhachinda’s Cave Gecko,Squamata,Gekkonidae,CR,7.75509269403543,10.4617689237506,8.1236163766221,10.8473892829417,0.972228932567225,0.0618570531550448,9.16799063169156,0.625,1,1000,direct,Gekko_lauhachindai,False,False,,,
218,928,Tukutuku_rakiurae,Harlequin Gecko,Squamata,Diplodactylidae,EN,7.74978953805321,4.23697674538978,15.8671021184043,4.01115541575922,0.486562555604119,0.286613963800097,16.04866355114,1.0,1,1000,direct,Tukutuku_rakiurae,False,False,,,
219,3272,Lepidodactylus_oligoporus,Mortlock Islands Scaly-toed Gecko,Squamata,Gekkonidae,CR,7.74480082029199,10.9680609494261,8.07365005325866,11.4362527813383,0.972420504191453,0.0613320104736478,9.1811945731903,0.622,1,1000,direct,Lepidodactylus_oligoporus,False,False,,,
220,947,Ceratophora_stoddartii,Mountain Horned Agama,Squamata,Agamidae,EN,7.73726580672063,4.82408324908881,15.7394613649404,4.86451748755294,0.486482824829846,0.29164038008641,1.9864674336121,1.0,1,1000,direct,Ceratophora_stoddartii,False,False,,,
221,910,Toropuku_stephensi,Stephen's Island Gecko,Squamata,Diplodactylidae,EN,7.73513012596273,4.25777763337287,16.0006407645516,4.20814250490117,0.486562555604119,0.286056669810916,15.904055325034,1.0,1,1000,direct,Toropuku_stephensi,False,False,,,
222,3270,Celestus_occiduus,Jamaica Giant Galliwasp,Squamata,Diploglossidae,CR,7.68294015614186,8.86303431440043,8.07826509419395,9.26535292859615,0.969031333205242,0.0639228581218904,8.19309620660305,0.634,1,1000,direct,Celestus_occiduus,False,False,,,
223,3230,Anolis_nubilus,Redonda Anole,Squamata,Anolidae,CR,7.68195710489448,2.26238319384052,8.13660293303363,2.31087434724108,0.973330225451981,0.056210446392973,7.9235948750674,0.945,1,1000,direct,Anolis_nubilus,False,False,,,
224,120,Paroedura_vazimba,,Squamata,Gekkonidae,VU,7.66297985045592,2.99234165665271,32.3373498816665,7.6221995635255,0.244701966183438,0.0804374224759225,30.3897014702868,0.988,1,1000,direct,Paroedura_vazimba,False,False,,,
225,840,Rhinophis_philippinus,Peters' Philippine Earth Snake,Squamata,Uropeltidae,EN,7.65589324393155,5.5708849226688,16.6077247981252,9.46889933938263,0.491978787974214,0.28674615239769,12.7859596588278,0.899,1,1000,direct,Rhinophis_philippinus,False,False,,,
226,3321,Celestus_duquesneyi,Blue-tailed Galliwasp,Squamata,Diploglossidae,CR,7.63703428631295,9.3293132671176,8.00333304855388,9.94395013565044,0.969559868386247,0.0638140261708015,7.66664372865426,0.625,1,1000,direct,Celestus_duquesneyi,False,False,,,
227,3310,Pristidactylus_casuhatiensis,Casuhatien Anole,Squamata,Leiosauridae,CR,7.61706213644034,7.79846706324798,8.02290084481458,8.26159013679826,0.970494206836262,0.0593926591177523,7.90135529189248,0.647,1,1000,direct,Pristidactylus_casuhatiensis,False,False,,,
229,1013,Thermophis_zhaoermii,Sichuan Hot-Spring Keelback,Squamata,Dipsadidae,EN,7.60870752931465,4.26383816524364,15.2757919690929,5.3960508556372,0.49656588713641,0.269037498468527,7.196660919887,1.0,1,1000,direct,Thermophis_zhaoermii,False,False,,,
230,913,Paroedura_tanjaka,,Squamata,Gekkonidae,EN,7.59329021478913,4.75366765072401,15.971536135049,4.29516930084998,0.492576845993419,0.298459343132256,14.2193469686461,0.952,1,1000,direct,Paroedura_tanjaka,False,False,,,
232,3287,Lepidodactylus_tepukapili,Tuvalu Forest Gecko,Squamata,Gekkonidae,CR,7.56797746193174,10.0853802808331,8.05855261113869,10.7649768683227,0.97371930049679,0.0604694437534227,8.80872285532578,0.639,1,1000,direct,Lepidodactylus_tepukapili,False,False,,,
233,3397,Uropeltis_phillipsi,Phillipps' Earth Snake,Squamata,Uropeltidae,CR,7.56467683209071,3.81611319334164,7.89471669206493,3.93478611635341,0.970953998653753,0.0625654709628727,3.5928964713484,0.76,1,1000,GBIF_accepted,Rhinophis_phillipsi,False,False,,,
234,1043,Phelsuma_klemmeri,,Squamata,Gekkonidae,EN,7.5441278104534,4.23193114253111,15.0571701385573,3.07320711070322,0.502255267912087,0.304705580151469,15.143372214431,1.0,1,1000,direct,Phelsuma_klemmeri,False,False,,,
235,1002,Goniurosaurus_catbaensis,Cat Ba Tiger Gecko,Squamata,Eublepharidae,EN,7.53432745841745,4.70598780704536,15.3251808093553,5.62364212569242,0.492415115238858,0.288094706924357,12.7884720411031,0.996,1,1000,direct,Goniurosaurus_catbaensis,False,False,,,
236,3382,Correlophus_belepensis,,Squamata,Diplodactylidae,CR,7.48842156829521,5.43088809738169,7.91251782832292,5.68965493311996,0.970530677489173,0.060809295125613,6.75537749819838,0.701,1,1000,direct,Correlophus_belepensis,False,False,,,
237,3404,Acanthodactylus_beershebensis,,Squamata,Lacertidae,CR,7.45199213071271,3.72053852917701,7.88217132170196,3.94558728052918,0.967901633665167,0.0656269791875388,7.443406597514,0.76,1,1000,direct,Acanthodactylus_beershebensis,False,False,,,
238,1027,Thermophis_baileyi,Xizang Hot-spring Keel-back,Squamata,Dipsadidae,EN,7.43444474692602,4.21897089656292,15.1993930651788,5.24528787953019,0.49656588713641,0.2698730054326,7.196660919887,1.0,1,1000,direct,Thermophis_baileyi,False,False,,,
239,846,Eutropis_clivicola,Inger's Mabuya,Squamata,Scincidae,EN,7.40604856190899,5.52822196496883,16.5434797597114,7.82724914318755,0.470369999691459,0.299949787068124,14.0210895600486,0.858,1,1000,direct,Eutropis_clivicola,False,False,,,
240,134,Uroplatus_ebenaui,,Squamata,Gekkonidae,VU,7.37659510439489,2.59107555711143,30.4650766514597,5.62239245115448,0.245410557573484,0.0805034252162151,30.67042463004,1.0,1,1000,direct,Uroplatus_ebenaui,False,False,,,
241,1055,Hemiaspis_damelii,Grey Snake,Squamata,Elapidae,EN,7.37013044152985,3.99141411599499,14.9909062550522,3.93602882596514,0.493511594932958,0.2749302037151,14.85359339087,1.0,1,1000,direct,Hemiaspis_damelii,False,False,,,
242,1021,Rhampholeon_platyceps,Mount Mulanje Pygmy Chameleon,Squamata,Chamaeleonidae,EN,7.35837315489222,4.78046689615917,15.241130170563,5.40294159682526,0.491675603847434,0.277339695211101,8.38655605601788,0.959,1,1000,direct,Rhampholeon_platyceps,False,False,,,
243,3550,Bavayia_exsuccida,Sclerophyll Bavayia,Squamata,Diplodactylidae,CR,7.3221978265451,2.40651331044103,7.64529087429776,2.48728525727421,0.970530677489173,0.0618256161271503,6.790955313463,0.847,1,1000,direct,Bavayia_exsuccida,False,False,,,
244,139,Anolis_etheridgei,Montane Bush Anole,Squamata,Anolidae,VU,7.32104928629455,2.49199854258671,30.2589054444414,5.83465840960017,0.247048376397435,0.0759769676846728,26.60753207427,1.0,1,1000,direct,Anolis_etheridgei,False,False,,,
245,1052,Crotaphytus_antiquus,,Squamata,Crotaphytidae,EN,7.30687371224915,4.16152731252131,15.0123622043171,4.73223776964188,0.493745558122167,0.272177379473321,15.207241141,0.994,1,1000,direct,Crotaphytus_antiquus,False,False,,,
246,3537,Ameiva_corvina,Sombrero Ameiva,Squamata,Teiidae,CR,7.30620066862986,7.83066111124238,7.6647222260709,8.39731823523159,0.970492114096124,0.058730969934373,7.44355176807413,0.617,1,1000,GBIF_accepted,Pholidoscelis_corvinus,False,False,,,
247,3494,Cnemidophorus_vanzoi,Saint Lucian Whiptail,Squamata,Teiidae,CR,7.28360960988571,10.7386244755656,7.72800735391908,11.4922105253252,0.971358133083185,0.0572502081104265,9.0787398355256,0.602,1,1000,direct,Cnemidophorus_vanzoi,False,False,,,
248,1011,Hemiphyllodactylus_titiwangsaensis,Titiwangsa Slender Gecko,Squamata,Gekkonidae,EN,7.23500230839691,4.62540806917453,15.2784936567567,5.4198590591882,0.49895636048105,0.298903475945531,14.2117196520921,0.923,1,1000,direct,Hemiphyllodactylus_titiwangsaensis,False,False,,,
249,1026,Protobothrops_mangshanensis,Mangshan Pit Viper,Squamata,Viperidae,EN,7.21887978680641,4.67367859922996,15.2087269000548,5.61217170078827,0.485947565096241,0.285232293033294,14.3460604468948,0.942,1,1000,direct,Protobothrops_mangshanensis,False,False,,,
250,982,Anniella_geronimensis,,Squamata,Anniellidae,EN,7.21277533200998,7.44446964952034,15.4437889071244,13.5194299142205,0.48154342133153,0.262547994969059,16.3808075374674,0.85,1,1000,direct,Anniella_geronimensis,False,False,,,
251,974,Cophotis_ceylanica,Ceylon Deaf Agama,Squamata,Agamidae,EN,7.1971435935992,4.74000381420818,15.4879879453145,7.01139928611229,0.485862619793041,0.287131832823911,2.8152851830343,0.946,1,1000,direct,Cophotis_ceylanica,False,False,,,
252,1064,Phelsuma_flavigularis,Yellow-throated Day Gecko,Squamata,Gekkonidae,EN,7.16356844104404,4.24982681297376,14.9147427416376,4.31675973010956,0.498270458318888,0.301602266306386,14.379016048116,1.0,1,1000,direct,Phelsuma_flavigularis,False,False,,,
253,3665,Anolis_morazani,,Squamata,Anolidae,CR,7.11541540565158,8.71836577785218,7.50999068793791,9.15653695402235,0.973118110661883,0.0549243187882506,7.9692654658148,0.608,1,1000,direct,Anolis_morazani,False,False,,,
254,147,Deinagkistrodon_acutus,Chinese Moccasin,Squamata,Viperidae,VU,7.09636386968848,2.77232698081052,29.731264149984,8.743460805404,0.244618270208173,0.0745990710858844,29.85004265558,1.0,1,1000,direct,Deinagkistrodon_acutus,False,False,,,
255,3756,Nannoscincus_manautei,,Squamata,Scincidae,CR,7.06154527613929,1.96921663938454,7.38850951981528,1.89949828790977,0.969919920704256,0.0608925160555912,6.302462534985,0.88,1,1000,direct,Nannoscincus_manautei,False,False,,,
256,3614,Larutia_penangensis,Penang Island Larut Skink,Squamata,Scincidae,CR,7.0453651325368,8.97659472973663,7.56764619757103,9.30935559844015,0.971914463366037,0.0610566885788142,8.97641663938539,0.614,1,1000,direct,Larutia_penangensis,False,False,,,
257,1171,Hypnale_nepa,Sri Lanka Humpnose Viper,Squamata,Viperidae,EN,7.04302003419027,3.96099472783579,14.2801260066985,4.63785102114941,0.494694578125788,0.278677184559292,14.338062448352,1.0,1,1000,direct,Hypnale_nepa,False,False,,,
259,1084,Gonatodes_purpurogularis,,Squamata,Sphaerodactylidae,EN,7.02704437105973,4.28402919773513,14.745236439528,5.22693863029094,0.49234051704112,0.27634094474103,13.7497670607788,0.91,1,1000,direct,Gonatodes_purpurogularis,False,False,,,
260,3688,Anolis_muralla,,Squamata,Anolidae,CR,7.02584232846626,9.14767688828109,7.46969944425703,9.80209878702647,0.972758460345652,0.0558043245123289,8.20256546910968,0.591,1,1000,direct,Anolis_muralla,False,False,,,
261,3709,Ptychoglossus_danieli,Daniel's Largescale Lizard,Squamata,Alopoglossidae,CR,7.00511904959158,10.012267625451,7.43593525402499,10.8149715900185,0.970390472954097,0.0601387775056226,9.44021911307492,0.57,1,1000,GBIF_accepted,Alopoglossus_danieli,False,False,,,
262,1116,Parvilacerta_fraasii,,Squamata,Lacertidae,EN,6.99992900774187,4.00491339332431,14.5864981035799,4.20214253200734,0.482904011072377,0.28308857195423,13.811925858126,1.0,1,1000,direct,Parvilacerta_fraasii,False,False,,,
263,3743,Sigaloseps_ruficauda,Red-tailed Shiny Skink,Squamata,Scincidae,CR,6.99805952651091,2.40923916077326,7.40493286590341,2.58548659695435,0.970951081643615,0.0598304566742021,7.030071275027,0.795,1,1000,direct,Sigaloseps_ruficauda,False,False,,,
264,3787,Iguana_delicatissima,Lesser Antillean Iguana,Squamata,Iguanidae,CR,6.95527036443882,1.81981466377228,7.34392525766143,1.93381133240314,0.971348387062748,0.0589333814869302,7.258172970305,0.89,1,1000,direct,Iguana_delicatissima,False,False,,,
265,1292,Urocotyledon_weileri,Weiler's Gecko,Squamata,Gekkonidae,EN,6.94301285013343,9.32325438268669,13.5342998866346,17.8544256991905,0.491358387836714,0.298271116793056,14.0042837986047,0.81,1,1000,direct,Urocotyledon_weileri,False,False,,,
266,1067,Hemidactylus_hunae,Spotted Giant Gecko,Squamata,Gekkonidae,EN,6.93051378907184,5.3984375027065,14.8978827832167,7.65624122814735,0.501959892407889,0.276232559250726,12.8159952883458,0.852,1,1000,direct,Hemidactylus_hunae,False,False,,,
267,1242,Pseudoacontias_angelorum,,Squamata,Scincidae,EN,6.9219849886295,7.59788117135086,13.8121217078339,13.4499042477833,0.482799067392854,0.305204880452687,10.3965105924353,0.876,1,1000,direct,Pseudoacontias_angelorum,False,False,,,
268,168,Matoatoa_brevipes,,Squamata,Gekkonidae,VU,6.87401899132103,5.31961862876806,28.4088242749624,22.4268643758156,0.244764219083529,0.0803408151729287,18.815551229323,0.971,1,1000,direct,Matoatoa_brevipes,False,False,,,
269,3894,Nannoscincus_rankini,Rankin's Dwarf Skink,Squamata,Scincidae,CR,6.87310701979685,2.01797167368481,7.19874826702643,2.02930847467427,0.970013887916545,0.0605377290828982,5.823220512511,0.832,1,1000,direct,Nannoscincus_rankini,False,False,,,
270,143,Anolis_bonairensis,Bonaire Anole,Squamata,Anolidae,VU,6.84716681251632,5.99084727928691,30.0097145597582,25.0402244329306,0.246021987595089,0.0769502312424794,24.0413845024082,0.899,1,1000,direct,Anolis_bonairensis,False,False,,,
271,3960,Ameiva_atrata,Redonda Ground Lizard,Squamata,Teiidae,CR,6.83083375676651,8.16662120134914,7.11293243997182,8.68677977108438,0.971099034312409,0.0571040218746575,7.21991458818544,0.58,1,1000,GBIF_accepted,Pholidoscelis_atratus,False,False,,,
272,1219,Ameiva_polops,St. Croix Ameiva,Squamata,Teiidae,EN,6.81402789283836,3.84994272348703,13.9387282513036,2.97177572540701,0.488139597624705,0.279621676187122,11.7212367941646,0.989,1,1000,GBIF_accepted,Pholidoscelis_polops,False,False,,,
273,3911,Anolis_juangundlachi,Finca Ceres Anole,Squamata,Anolidae,CR,6.80020225420675,8.51774735351572,7.17001140211996,9.12269307530543,0.972682417642686,0.0584341056317721,7.98352519537196,0.583,1,1000,direct,Anolis_juangundlachi,False,False,,,
274,1017,Anolis_reconditus,Blue Mountain Anole,Squamata,Anolidae,EN,6.77246451340241,5.90837038972091,15.2500545503933,10.8734282081897,0.502720022563524,0.284521939150445,12.0597905550274,0.821,1,1000,direct,Anolis_reconditus,False,False,,,
275,3942,Lankascincus_deignani,Deignan Tree Skink,Squamata,Scincidae,CR,6.769217618428,8.49839745502718,7.1399593837227,8.92399214924268,0.966671261510603,0.0625334035541991,7.25862084672094,0.572,1,1000,direct,Lankascincus_deignani,False,False,,,
276,3870,Pseudoxyrhopus_ankafinaensis,,Squamata,Pseudoxyrhophiidae,CR,6.7629695860943,7.49224762163296,7.22878440057344,7.73919939514272,0.969588539945066,0.069454752279028,7.21394792569876,0.581,1,1000,direct,Pseudoxyrhopus_ankafinaensis,False,False,,,
277,4026,Anolis_altavelensis,Noble's Anole,Squamata,Anolidae,CR,6.74445847361365,6.90661166496023,7.02157751894413,7.34695760047936,0.97324689764658,0.0560984252346299,7.4309176408032,0.596,1,1000,direct,Anolis_altavelensis,False,False,,,
278,1179,Leposoma_puk,,Squamata,Gymnophthalmidae,EN,6.71999306436327,4.36833993349307,14.2131590661387,4.62636611692,0.476240124074541,0.289870727608189,14.439199809505,0.997,1,1000,direct,Leposoma_puk,False,False,,,
280,3976,Pseudocalotes_flavigula,Malaya False Bloodsucker,Squamata,Agamidae,CR,6.68575489200189,8.76479779688942,7.08846239682809,9.14221288275586,0.968502937003609,0.0615815039624783,7.5270248875824,0.566,1,1000,direct,Pseudocalotes_flavigula,False,False,,,
281,4003,Anolis_nelsoni,Nelson's Anole,Squamata,Anolidae,CR,6.65249910840909,8.18862105975928,7.05063301007037,8.67080219021958,0.972758460345652,0.0563734859634195,7.60882297038284,0.565,1,1000,direct,Anolis_nelsoni,False,False,,,
282,1332,Phelsuma_seippi,,Squamata,Gekkonidae,EN,6.65159759548711,3.95574317352631,13.3369100107973,2.62681098925831,0.498270458318888,0.300052079912554,13.477345934286,1.0,1,1000,direct,Phelsuma_seippi,False,False,,,
284,1264,Protobothrops_sieversorum,Three Horned-scaled Pitviper,Squamata,Viperidae,EN,6.63488224636253,4.4556061862416,13.6863975864922,6.2876226413354,0.485787927334518,0.288573186286822,11.7302712778476,0.906,1,1000,direct,Protobothrops_sieversorum,False,False,,,
285,1346,Bavayia_nubila,,Squamata,Diplodactylidae,EN,6.61998478358765,3.62658320663053,13.2843579258732,3.81595919919556,0.489028183979505,0.294956846120746,13.459133554437,1.0,1,1000,direct,Bavayia_nubila,False,False,,,
287,1155,Lerista_lineata,Perth Slider,Squamata,Scincidae,EN,6.60740009984962,4.25709934092448,14.3589324517755,3.63843787901251,0.48919843078153,0.288010760085238,13.0945587254414,0.918,1,1000,direct,Lerista_lineata,False,False,,,
288,4175,Holcosus_orcesi,Peters' Ameiva,Squamata,Teiidae,CR,6.59414178959195,9.4312269869999,6.82553464553213,9.91351707281071,0.970654517744999,0.0596242299297793,9.24055314691543,0.559,1,1000,direct,Holcosus_orcesi,False,False,,,
289,1223,Sphaerodactylus_cryphius,Bakoruco Least Gecko,Squamata,Sphaerodactylidae,EN,6.58717292443642,4.4976013712452,13.9259032082093,7.65659023445679,0.504571457239543,0.28196921487407,11.6422194027516,0.882,1,1000,direct,Sphaerodactylus_cryphius,False,False,,,
290,4106,Aristelliger_reyesi,Reyes’ Caribbean Gecko,Squamata,Sphaerodactylidae,CR,6.53087663875359,9.6906846360152,6.91438937905606,10.503499800723,0.971485064933705,0.0568273146258366,9.40966062741669,0.56,1,1000,direct,Aristelliger_reyesi,False,False,,,
291,195,Anolis_monticola,La Hotte Bush Anole,Squamata,Anolidae,VU,6.48903043554436,2.43931288981612,27.1370039944079,5.20130941636599,0.246119373824057,0.0757775293640531,17.5725854077055,1.0,1,1000,direct,Anolis_monticola,False,False,,,
292,1334,Anolis_cooki,Cook's Pallid Anole,Squamata,Anolidae,EN,6.48572415237561,3.67710742366191,13.3343740036738,3.08932695902383,0.502403925870179,0.290892763475542,12.1646647202006,0.99,1,1000,direct,Anolis_cooki,False,False,,,
293,1239,Sphaerodactylus_torrei,Cuban Broad-banded Sphaero,Squamata,Sphaerodactylidae,EN,6.47420745541001,4.39589653354845,13.8363480792618,7.17751541148379,0.493164457970497,0.28171666176062,11.5423346484769,0.889,1,1000,direct,Sphaerodactylus_torrei,False,False,,,
294,1362,Kinyongia_magomberae,Magombera Single-horned Chameleon,Squamata,Chamaeleonidae,EN,6.44483677569229,4.01822043651637,13.2120417403656,5.03321437521551,0.485998767903069,0.273748127676289,10.5869444660976,0.93,1,1000,direct,Kinyongia_magomberae,False,False,,,
295,1337,Eulamprus_leuraensis,Blue Mountain Water Skink,Squamata,Scincidae,EN,6.43546114584711,4.01930602484421,13.326146120997,3.02104090464921,0.48253345780319,0.292475261311369,13.375347789623,1.0,1,1000,direct,Eulamprus_leuraensis,False,False,,,
296,1327,Calumma_furcifer,,Squamata,Chamaeleonidae,EN,6.42716276677656,3.91938224430451,13.3495599544466,4.27607351711388,0.488498447285739,0.274777442491027,12.8570068554268,0.954,1,1000,direct,Calumma_furcifer,False,False,,,
297,4179,Acanthodactylus_harranensis,,Squamata,Lacertidae,CR,6.42191981746813,8.18755984519786,6.81516031389321,8.64516701825693,0.967744721841013,0.0651990136662535,8.2674134374639,0.566,1,1000,direct,Acanthodactylus_harranensis,False,False,,,
298,1298,Calumma_gallus,,Squamata,Chamaeleonidae,EN,6.41974061511824,3.87925286317626,13.4861443913005,3.89160663969277,0.487404728628316,0.27526114105601,13.1535307198999,0.957,1,1000,direct,Calumma_gallus,False,False,,,
299,1366,Kinyongia_tenuis,Usambara Flap-nosed Chameleon,Squamata,Chamaeleonidae,EN,6.41689779457828,3.99033981563924,13.1878185431164,4.99328668056054,0.485192026013894,0.272893322291908,10.5448760637929,0.921,1,1000,direct,Kinyongia_tenuis,False,False,,,
300,4251,Phyllodactylus_sentosus,Lima Leaf-toed Gecko,Squamata,Phyllodactylidae,CR,6.38070584577595,7.94095919589864,6.71989379037992,8.55082297123227,0.972528384002222,0.0583686716612596,7.78848290460113,0.554,1,1000,direct,Phyllodactylus_sentosus,False,False,,,
301,181,Lygodactylus_bivittis,Tiny Scaled Gecko,Squamata,Gekkonidae,VU,6.37544353806885,2.86346977757784,27.6961296593534,7.17729354781068,0.244615734977249,0.0802279411273171,24.4647681158336,0.947,1,1000,direct,Lygodactylus_bivittis,False,False,,,
303,190,Exiliboa_placata,,Squamata,Ungaliophiidae,VU,6.35206708758283,2.92172707098577,27.3266978160715,10.6624553552146,0.243156396710028,0.0788312882724942,26.669962531679,1.0,1,1000,direct,Exiliboa_placata,False,False,,,
304,4249,Cynisca_kigomensis,,Squamata,Amphisbaenidae,CR,6.32112503742073,7.46660422053087,6.72072022760359,7.89561488596368,0.969540590054367,0.0655015162041849,6.72643390726134,0.548,1,1000,direct,Cynisca_kigomensis,False,False,,,
305,4315,Oligosoma_judgei,Barrier Skink,Squamata,Scincidae,CR,6.31709867219792,1.93096017558157,6.64918319085578,1.91278008855452,0.971476214839584,0.0613914069591761,1.16077541593044,0.723,1,1000,direct,Oligosoma_judgei,False,False,,,
306,4302,Oligosoma_pikitanga,Sinbad Skink,Squamata,Scincidae,CR,6.31119446074761,1.89038613749801,6.65837533143065,1.89662738871253,0.971410613335319,0.0613676320082444,1.15960638019214,0.73,1,1000,direct,Oligosoma_pikitanga,False,False,,,
307,4303,Anolis_amplisquamosus,,Squamata,Anolidae,CR,6.31029599075486,7.95473068956229,6.65703067401622,8.31108301697455,0.972870684438172,0.0555535225109387,7.53822999875038,0.546,1,1000,direct,Anolis_amplisquamosus,False,False,,,
308,4375,Amphiglossus_valhallae,Valhalla Skink,Squamata,Scincidae,CR,6.29406138157895,7.32652086831207,6.57231584022421,7.72460687817295,0.970277394614341,0.0623752311364958,7.07297366984173,0.548,1,1000,GBIF_accepted,Flexiseps_valhallae,False,False,,,
309,4384,Phyllodactylus_pulcher,Barbados Leaf-toed Gecko,Squamata,Phyllodactylidae,CR,6.28073674857513,8.70185202975997,6.56283215286552,9.13999956803596,0.972377786268484,0.0579513573214315,7.8274411066261,0.548,1,1000,direct,Phyllodactylus_pulcher,False,False,,,
310,4337,Alopoglossus_lehmanni,,Squamata,Alopoglossidae,CR,6.27770649562006,8.95976544048583,6.61921594838247,9.14808559716822,0.97074377514658,0.0604410159630673,8.58488514368252,0.54,1,1000,direct,Alopoglossus_lehmanni,False,False,,,
311,4260,Cynisca_gansi,,Squamata,Amphisbaenidae,CR,6.27281410465782,8.3170666953826,6.71150939351171,8.73791601940017,0.969155670035643,0.0668407025494404,6.98276956720497,0.55,1,1000,direct,Cynisca_gansi,False,False,,,
312,1425,Sphaerodactylus_thompsoni,,Squamata,Sphaerodactylidae,EN,6.26468195693726,4.30334289787369,12.8667983823966,6.3669621760286,0.505638809388819,0.282877268803521,10.9436362277403,0.894,1,1000,direct,Sphaerodactylus_thompsoni,False,False,,,
313,4350,Sitana_fusca,Dark Sitana,Squamata,Agamidae,CR,6.26205491709853,8.40875632489409,6.60368372457851,8.91476832019596,0.968502937003609,0.0607112977932602,7.28828937104059,0.557,1,1000,direct,Sitana_fusca,False,False,,,
314,1470,Brookesia_bekolosy,,Squamata,Chamaeleonidae,EN,6.23990400290672,6.17159230391196,12.6371699610182,10.9731865039435,0.489683703046073,0.278943498897212,10.0555986994681,0.826,1,1000,direct,Brookesia_bekolosy,False,False,,,
315,4301,Prosymna_ornatissima,Ornate Shovel-snout,Squamata,Prosymnidae,CR,6.23907673616469,8.34502473955801,6.65908004506532,8.60388525157708,0.968881449082624,0.0661689670068817,8.29499841537822,0.539,1,1000,direct,Prosymna_ornatissima,False,False,,,
316,1469,Dierogekko_insularis,Islands Striped Gecko,Squamata,Diplodactylidae,EN,6.1381479978388,3.42034952635162,12.6525866008977,3.53028160526922,0.487777644535165,0.289963222457562,10.985740470637,1.0,1,1000,direct,Dierogekko_insularis,False,False,,,
318,4526,Amphisbaena_sanctaeritae,,Squamata,Amphisbaenidae,CR,6.11757894308485,7.8449276492687,6.381764604201,8.18720972814302,0.968660335356676,0.0641867513857286,7.06148782447274,0.537,1,1000,direct,Amphisbaena_sanctaeritae,False,False,,,
319,265,Phelsuma_standingi,Standing's Day Gecko,Squamata,Gekkonidae,VU,6.09928453688513,2.1996327937847,25.1635502244698,4.68646894642055,0.247184537435177,0.0810756244084661,24.868194819569,1.0,1,1000,direct,Phelsuma_standingi,False,False,,,
320,1521,Goniurosaurus_araneus,Vietnamese Leopard Gecko,Squamata,Eublepharidae,EN,6.06686344252493,3.68622877064863,12.3703497932273,4.34232728177155,0.493741742427913,0.288208433787827,10.0272070865551,0.986,1,1000,direct,Goniurosaurus_araneus,False,False,,,
321,224,Anolis_calimae,Ayala's Anole,Squamata,Anolidae,VU,6.06670350222219,6.68679438011189,25.9853367582326,28.2315506352728,0.243998201655459,0.0779016004154492,21.6080525304555,0.817,1,1000,direct,Anolis_calimae,False,False,,,
322,4514,Nannoscincus_hanchisteus,Pindai Dwarf Skink,Squamata,Scincidae,CR,6.04297961999172,1.84046627159959,6.39346593195603,1.91186999341142,0.969919920704256,0.0604668467360702,4.343153292505,0.656,1,1000,direct,Nannoscincus_hanchisteus,False,False,,,
323,4568,Spondylurus_monae,Mona Skink,Squamata,Scincidae,CR,6.03059324957072,4.12036315524968,6.33454060796911,4.32856404608295,0.968430021200651,0.0602231830698462,3.50909348017428,0.563,1,1000,direct,Spondylurus_monae,False,False,,,
324,4600,Spondylurus_turksae,Turks Islands Skink,Squamata,Scincidae,CR,6.01745401910158,4.42892289210591,6.29330231185942,4.66199694853781,0.968574785344751,0.0597714297376076,3.62754187059338,0.543,1,1000,direct,Spondylurus_turksae,False,False,,,
325,1447,Anolis_casildae,Casilda's Anole,Squamata,Anolidae,EN,6.01589271756017,5.03058862499998,12.7692876470951,8.85965647201284,0.492822479280359,0.286954982086498,10.8780812330098,0.818,1,1000,direct,Anolis_casildae,False,False,,,
326,4582,Calotes_desilvai,,Squamata,Agamidae,CR,6.01525932375702,7.62482317241918,6.3212999793764,8.06515327302457,0.967746786259228,0.063924410768575,7.5223643941066,0.532,1,1000,direct,Calotes_desilvai,False,False,,,
327,4533,Spondylurus_martinae,Saint Martin Skink,Squamata,Scincidae,CR,6.00041761193573,4.21718474586139,6.3705229710977,4.41461385703863,0.968430021200651,0.0600786081619225,3.2955804336553,0.548,1,1000,direct,Spondylurus_martinae,False,False,,,
328,1496,Ungaliophis_continentalis,Isthmian Dwarf Boa,Squamata,Ungaliophiidae,EN,5.97851065677032,5.96895132622994,12.5070526093965,11.6879887507753,0.485947565096241,0.287369346300379,12.6942900400062,0.823,1,1000,direct,Ungaliophis_continentalis,False,False,,,
329,264,Blaesodactylus_boivini,,Squamata,Gekkonidae,VU,5.96815629942055,2.0108320338906,25.1682960055096,5.99720525801284,0.244182833711331,0.076583870811874,25.12715692324,1.0,1,1000,direct,Blaesodactylus_boivini,False,False,,,
330,4637,Cyclura_collei,Jamaican Rock Iguana,Squamata,Iguanidae,CR,5.94806283654215,1.76227323467825,6.25313132961395,1.79236544238586,0.971057038886474,0.060139937423676,5.94351547336197,0.619,1,1000,direct,Cyclura_collei,False,False,,,
331,4620,Spondylurus_spilonotus,Greater Virgin Islands Skink,Squamata,Scincidae,CR,5.94248243416074,4.40032702405826,6.27275034161534,4.60962653289702,0.968430021200651,0.0602231830698462,3.4042430645678,0.544,1,1000,direct,Spondylurus_spilonotus,False,False,,,
332,4613,Spondylurus_magnacruzae,Greater Saint Croix Skink,Squamata,Scincidae,CR,5.93850538174059,4.03270743826432,6.27584708066895,4.28324424121837,0.968574785344751,0.0600691325504031,3.25084713974374,0.541,1,1000,direct,Spondylurus_magnacruzae,False,False,,,
333,263,Bachia_bresslaui,,Squamata,Gymnophthalmidae,VU,5.93781457970408,5.5926826157121,25.2159297819196,23.816588319298,0.241068467858706,0.0769110057943873,21.6590808458687,0.923,1,1000,direct,Bachia_bresslaui,False,False,,,
334,4728,Spondylurus_anegadae,Anegada Skink,Squamata,Scincidae,CR,5.92847466646942,4.25358147186196,6.16866132085552,4.49751556895646,0.968518631431662,0.0600596031736552,3.32311286942806,0.534,1,1000,direct,Spondylurus_anegadae,False,False,,,
335,1612,Bavayia_montana,Montane Bavayia,Squamata,Diplodactylidae,EN,5.91912389978348,3.41879957717934,12.0597501199415,3.48912922552858,0.489028183979505,0.293544287410675,12.175228165966,1.0,1,1000,direct,Bavayia_montana,False,False,,,
337,1395,Lerista_ameles,Limbless Fine-lined Slider,Squamata,Scincidae,EN,5.91000386194309,3.84198171398493,13.0443946619641,3.54336074642517,0.48253345780319,0.292429292819859,11.8498949636948,0.91,1,1000,direct,Lerista_ameles,False,False,,,
338,1694,Cnemaspis_kumarasinghei,Kumarasinghe’s day gecko,Squamata,Gekkonidae,EN,5.88508097096427,7.19652145876021,11.7290818487549,13.0151323732086,0.491721320935508,0.281932009340281,10.5117532525532,0.787,1,1000,direct,Cnemaspis_kumarasinghei,False,False,,,
339,302,Concinnia_frerei,Stout Barsided Skink,Squamata,Scincidae,VU,5.85453698543653,1.99918887315393,24.2839229209257,4.82517333547494,0.2446012587211,0.0764598927237949,24.61027334353,1.0,1,1000,direct,Concinnia_frerei,False,False,,,
340,1607,Bitis_parviocula,Ethiopian Mountain Adder,Squamata,Viperidae,EN,5.85218144064027,3.68991841446161,12.0872599318983,4.88617172784567,0.493289449274799,0.292648110666037,11.41264815776,0.913,1,1000,direct,Bitis_parviocula,False,False,,,
341,286,Rhampholeon_marshalli,Marshall's Pygmy Chameleon,Squamata,Chamaeleonidae,VU,5.84200711105725,2.87653135524017,24.6649067567017,9.62157714860048,0.24378494367206,0.0758067670064908,17.947653171438,0.972,1,1000,direct,Rhampholeon_marshalli,False,False,,,
342,1805,Cnemaspis_pulchra,,Squamata,Gekkonidae,EN,5.84051146973522,6.73536781149134,11.3301585486306,12.3027487232879,0.491358387836714,0.280052486293839,10.5514220644499,0.794,1,1000,direct,Cnemaspis_pulchra,False,False,,,
343,1562,Calumma_vohibola,,Squamata,Chamaeleonidae,EN,5.83953808996868,3.58605183207765,12.2347191639338,3.68771194884243,0.488255129749814,0.275609816716788,12.0511271071299,0.968,1,1000,direct,Calumma_vohibola,False,False,,,
344,1619,Homonota_uruguayensis,Uruguay Marked Gecko,Squamata,Phyllodactylidae,EN,5.83609603611321,3.48552860366101,12.0266834881732,3.43592989901965,0.496483698198522,0.281781991869079,11.3339782148197,0.955,1,1000,direct,Homonota_uruguayensis,False,False,,,
345,1423,Rhinophis_dorsimaculatus,Polkadot Earth Snake,Squamata,Uropeltidae,EN,5.83217883668401,4.35515980267098,12.8704513492018,7.30342310094455,0.490481686609364,0.287907314236971,9.9875822961945,0.846,1,1000,direct,Rhinophis_dorsimaculatus,False,False,,,
346,1481,Gerrhonotus_parvus,,Squamata,Anguidae,EN,5.82818487723648,5.75743480646346,12.5683324254242,10.7885060841094,0.482566466455683,0.265671343476546,11.4579329639366,0.768,1,1000,direct,Gerrhonotus_parvus,False,False,,,
347,266,Madascincus_nanus,,Squamata,Scincidae,VU,5.82598252605322,3.33957530492401,25.1523672397589,12.2168053205873,0.243885342856523,0.0808567956530785,21.0077783324457,0.929,1,1000,direct,Madascincus_nanus,False,False,,,
348,4802,Spondylurus_haitiae,Hispaniolan Four-lined Skink,Squamata,Scincidae,CR,5.82206354020676,4.22730962166268,6.10487237147649,4.53360441118091,0.968826454284256,0.059888859318182,3.17378512554597,0.534,1,1000,direct,Spondylurus_haitiae,False,False,,,
349,267,Paroedura_androyensis,Grandidier's Madagascar Ground Gecko,Squamata,Gekkonidae,VU,5.82162981317372,2.65563561801428,25.1017399612819,7.53919930018425,0.245410557573484,0.0808052845027057,22.1025416425745,0.926,1,1000,direct,Paroedura_androyensis,False,False,,,
350,292,Pseudogekko_brevipes,Luzon False Gecko,Squamata,Gekkonidae,VU,5.81553130022648,2.5856058216718,24.5320709675767,6.96460839943042,0.249030454108682,0.0800728886163651,21.8098356905625,0.976,1,1000,direct,Pseudogekko_brevipes,False,False,,,
351,1560,Phelsuma_roesleri,Rösler’s Day Gecko,Squamata,Gekkonidae,EN,5.81354038093091,3.30213617881262,12.2358882515512,3.10186791349902,0.501027941886692,0.303409918353676,11.8827545126669,1.0,1,1000,direct,Phelsuma_roesleri,False,False,,,
352,4727,Rhinophis_erangaviraji,Eranga Viraj’s Sieldtail Snake,Squamata,Uropeltidae,CR,5.81037371712712,3.01282237009602,6.1700535032471,3.16085972099561,0.971205938507324,0.0625257800480886,3.9390129513509,0.547,1,1000,direct,Rhinophis_erangaviraji,False,False,,,
353,1468,Tiliqua_adelaidensis,Pygmy Blue-tongue Lizard,Squamata,Scincidae,EN,5.79122493406299,4.58788493548039,12.65932067154,7.16053252602033,0.479309049644457,0.290814291753277,11.1846034228866,0.821,1,1000,direct,Tiliqua_adelaidensis,False,False,,,
355,1802,Sirenoscincus_yamagishii,,Squamata,Scincidae,EN,5.78190201890908,7.31581502816357,11.3441805984228,13.6086768857979,0.479968490225367,0.286334522775891,8.1383290423411,0.795,1,1000,GBIF_accepted,Voeltzkowia_yamagishii,False,False,,,
356,1824,Anolis_armouri,Black-throated Stout Anole,Squamata,Anolidae,EN,5.77759690778861,3.36266697614033,11.2814089797668,3.7860163049676,0.500246720035104,0.290898660542747,11.401117319596,0.998,1,1000,direct,Anolis_armouri,False,False,,,
357,1790,Cnemaspis_wynadensis,Wyanad Forest Gecko,Squamata,Gekkonidae,EN,5.77031573855866,7.10393181194129,11.3897752522344,13.102385998735,0.492257042775657,0.282047008714353,10.533554136262,0.784,1,1000,direct,Cnemaspis_wynadensis,False,False,,,
358,4744,Scincella_huanrenensis,,Squamata,Scincidae,CR,5.74954717221266,8.47646151536113,6.15257289444518,8.79941272050757,0.96905150547561,0.0655337997124802,7.42944556853711,0.505,1,1000,direct,Scincella_huanrenensis,False,False,,,
359,4814,Uropeltis_shorttii,Shevaroy HilIs Earth Snake,Squamata,Uropeltidae,CR,5.73820141716992,7.33735630200125,6.09174035742384,7.81870211524509,0.970930053687783,0.0619788841267975,6.9521079775287,0.516,1,1000,direct,Uropeltis_shorttii,False,False,,,
360,1733,Cnemaspis_molligodai,Molligoda’s Day Gecko,Squamata,Gekkonidae,EN,5.72125345394524,7.09522852471461,11.600203781799,13.3725840438909,0.491721320935508,0.279157588312608,10.2602625498322,0.792,1,1000,direct,Cnemaspis_molligodai,False,False,,,
361,1680,Uropeltis_melanogaster,Gray's Earth Snake,Squamata,Uropeltidae,EN,5.71100371750045,3.56437681408572,11.7569425241519,4.86090622816002,0.490481686609364,0.287428182763026,3.5928964713484,0.946,1,1000,GBIF_accepted,Rhinophis_melanogaster,False,False,,,
362,1734,Cnemaspis_goaensis,Goan Day Gecko,Squamata,Gekkonidae,EN,5.70788476525739,6.85573629193413,11.598478235166,13.1624373643486,0.490619690750546,0.279296403536136,10.4854299436873,0.771,1,1000,direct,Cnemaspis_goaensis,False,False,,,
363,1652,Calumma_tarzan,,Squamata,Chamaeleonidae,EN,5.69138681685497,3.34506788397557,11.8900983892569,3.83332294001006,0.488914056176327,0.276237810351198,11.4522681650138,0.949,1,1000,direct,Calumma_tarzan,False,False,,,
364,308,Calumma_cucullatum,,Squamata,Chamaeleonidae,VU,5.69121224648167,2.65730447854172,24.1664240900002,7.77368293499987,0.243559229434568,0.0758943709936301,22.337914198184,0.981,1,1000,direct,Calumma_cucullatum,False,False,,,
365,1499,Cyclodomorphus_praealtus,Alpine She-Oak Slender Bluetongue,Squamata,Scincidae,EN,5.67679750984775,4.06694283271268,12.4666549363894,5.2796878246625,0.479309049644457,0.288774979813439,11.4667391097195,0.851,1,1000,direct,Cyclodomorphus_praealtus,False,False,,,
366,1602,Dasia_subcaeruleum,Boulenger's Dasia,Squamata,Scincidae,EN,5.67645461363132,3.616904094119,12.0964134613709,4.71447143888688,0.473862215425493,0.299274193225836,11.1077425171008,0.897,1,1000,GBIF_accepted,Dasia_subcaerulea,False,False,,,
367,279,Paracontias_kankana,,Squamata,Scincidae,VU,5.67185228436574,3.29675536005208,24.8055658426405,11.7384273121482,0.243256778190286,0.0808456121031003,19.4079497744585,0.935,1,1000,direct,Paracontias_kankana,False,False,,,
368,4984,Scelotes_inornatus,Durban Dwarf Burrowing Skink,Squamata,Scincidae,CR,5.66395537772935,7.17880166703065,5.91891543887545,7.48931902249997,0.968974884811282,0.0630927113040443,7.15511100830533,0.5,1,1000,direct,Scelotes_inornatus,False,False,,,
369,343,Saara_hardwickii,Indian Spiny-tailed Lizard,Squamata,Agamidae,VU,5.6399860682964,1.99214477567202,23.3979493728133,5.74736180616586,0.244686391138802,0.0767308689512891,23.93072476546,1.0,1,1000,direct,Saara_hardwickii,False,False,,,
370,1782,Lacertaspis_gemmiventris,Sjostedt's Five-toed Skink,Squamata,Scincidae,EN,5.63516083850314,3.14024139741808,11.4263124577366,3.40185941206872,0.49609817193209,0.272362419285625,8.892341088807,1.0,1,1000,direct,Lacertaspis_gemmiventris,False,False,,,
371,1783,Cnemaspis_yercaudensis,Yercaud Day Gecko,Squamata,Gekkonidae,EN,5.61129737709398,6.79369179505784,11.4220337128718,12.8188930057778,0.495929123819793,0.282963796102018,10.3481631832301,0.795,1,1000,direct,Cnemaspis_yercaudensis,False,False,,,
373,303,Xenosaurus_grandis,,Squamata,Xenosauridae,VU,5.6106054146376,5.26344226213362,24.2721524861956,20.6067770947528,0.24196689359858,0.0747132184815411,19.3764939978592,0.952,1,1000,direct,Xenosaurus_grandis,False,False,,,
375,1465,Stenocercus_varius,Keeled Whorltail Iguana,Squamata,Tropiduridae,EN,5.57624588468838,4.99349664539602,12.6786011170998,8.85735588692697,0.496447409599272,0.269586055407793,10.4342546554118,0.781,1,1000,direct,Stenocercus_varius,False,False,,,
378,1862,Cnemaspis_kallima,,Squamata,Gekkonidae,EN,5.54386767932189,7.2956468982475,11.1436250706106,13.0595785614557,0.490619690750546,0.279296403536136,10.348721992593,0.761,1,1000,direct,Cnemaspis_kallima,False,False,,,
379,1863,Cnemaspis_punctata,,Squamata,Gekkonidae,EN,5.54240754924264,7.13024442512921,11.1388664113115,13.3303813025012,0.494901971386798,0.286448752735455,10.4476015340388,0.775,1,1000,direct,Cnemaspis_punctata,False,False,,,
381,5075,Indotyphlops_lankaensis,Sri Lanka Worm Snake,Squamata,Typhlopidae,CR,5.52478676798856,7.08592191177872,5.85540046012347,7.3674558381559,0.972305050921895,0.0591166325876136,5.81682012923443,0.502,1,1000,direct,Indotyphlops_lankaensis,False,False,,,
382,318,Emoia_loyaltiensis,Loyalty Islands Emoia,Squamata,Scincidae,VU,5.50717905995516,3.07537208881042,23.869747315,9.98550895297431,0.245683000851484,0.0752829853068831,20.9089120180579,0.96,1,1000,direct,Emoia_loyaltiensis,False,False,,,
384,1686,Rhinophis_homolepis,Trevelyan's Earth Snake,Squamata,Uropeltidae,EN,5.49952365096098,4.14055561828231,11.748342356623,5.70992008705083,0.491029620967453,0.28674615239769,9.8868173419338,0.89,1,1000,direct,Rhinophis_homolepis,False,False,,,
385,5099,Amphisbaena_gonavensis,Gonave Worm Lizard,Squamata,Amphisbaenidae,CR,5.49882455305586,7.18571729778111,5.83789195086873,7.8452790197179,0.96872523854305,0.0616644438202174,6.718716414887,0.502,1,1000,direct,Amphisbaena_gonavensis,False,False,,,
387,345,Uromastyx_aegyptia,Egyptian Spiny–tailed Lizard,Squamata,Agamidae,VU,5.47990163068371,2.11769236681417,23.3352787262289,5.14293755978972,0.24378494367206,0.0766262019290384,20.8082075194977,0.965,1,1000,direct,Uromastyx_aegyptia,False,False,,,
391,1944,Mixcoatlus_melanurus,,Squamata,Viperidae,EN,5.43731046029971,3.07924501581298,10.896468704373,4.12854907401583,0.489031814806862,0.286894248777049,10.015921290007,0.995,1,1000,direct,Mixcoatlus_melanurus,False,False,,,
392,1758,Rhinophis_travancoricus,Travancore Earth Snake,Squamata,Uropeltidae,EN,5.42850558646925,4.0001695912859,11.5055771035046,5.96475018061077,0.491029620967453,0.287238436919343,9.0359142822098,0.89,1,1000,direct,Rhinophis_travancoricus,False,False,,,
394,1933,Anolis_dolichocephalus,Place Negre Anole,Squamata,Anolidae,EN,5.36549873843985,3.04918142054604,10.9258095319835,2.50871185837062,0.49711099405877,0.28427893932103,8.0693140006209,0.987,1,1000,direct,Anolis_dolichocephalus,False,False,,,
396,1846,Rhampholeon_tilburyi,Mount Namuli Pygmy Chameleon,Squamata,Chamaeleonidae,EN,5.35775234474781,5.6807396891598,11.1781200882996,10.0081636185896,0.490372418270785,0.276583614996683,7.8404249393714,0.765,1,1000,direct,Rhampholeon_tilburyi,False,False,,,
397,1848,Corallus_cropanii,Cropani's Boa,Squamata,Boidae,EN,5.35247855196428,3.31852053198544,11.1749511988249,3.77858217987037,0.490312360283627,0.287732320727659,10.4173377744695,0.958,1,1000,direct,Corallus_cropanii,False,False,,,
398,1964,Tetradactylus_udzungwensis,Udzungwa Long-tailed Seps,Squamata,Gerrhosauridae,EN,5.35207035275407,6.32788419994436,10.8243105940916,12.4768712638323,0.492891637199818,0.290372523950227,11.491821263972,0.745,1,1000,direct,Tetradactylus_udzungwensis,False,False,,,
399,1935,Brookesia_decaryi,Decary's Leaf Chameleon,Squamata,Chamaeleonidae,EN,5.33462651533366,3.24443964553391,10.9208388000426,3.45707022685012,0.490372418270785,0.279855535124097,7.3017923842914,0.974,1,1000,direct,Brookesia_decaryi,False,False,,,
400,1852,Anolis_rejectus,Santiago Grass Anole,Squamata,Anolidae,EN,5.31623857690204,3.3771031109882,11.16342973232,3.51714028803552,0.501176214370965,0.292786249394335,10.2628048521087,0.901,1,1000,direct,Anolis_rejectus,False,False,,,
402,2038,Ptychozoon_nicobarensis,Nicobar Gliding Gecko,Squamata,Gekkonidae,EN,5.30257877966187,6.84103593321496,10.6036553132802,13.7074624152398,0.499900240816004,0.297187158091148,11.2129477566079,0.713,1,1000,GBIF_accepted,Gekko_nicobarensis,False,False,,,
403,1990,Woodworthia_brunneus,,Squamata,Diplodactylidae,EN,5.30037814876264,3.13000632370464,10.7455877918178,3.58992640613177,0.487320496257279,0.286279150296226,10.625899165608,0.973,1,1000,GBIF_iucn_link,Woodworthia_brunnea,False,False,,,
404,1875,Anolis_gruuo,,Squamata,Anolidae,EN,5.29891759342229,3.72901051458505,11.1079531638745,5.58366796088028,0.50403894657111,0.28760079166234,8.5349719339227,0.848,1,1000,direct,Anolis_gruuo,False,False,,,
405,1638,Cyrtodactylus_brevidactylus,,Squamata,Gekkonidae,EN,5.2965128906055,4.32681023292062,11.9497893052375,7.51717048620163,0.491618801270632,0.263383929069892,9.45842436533431,0.78,1,1000,direct,Cyrtodactylus_brevidactylus,False,False,,,
406,1976,Anolis_pigmaequestris,Cayko Frances Anole,Squamata,Anolidae,EN,5.29133175365749,6.34731908325016,10.802177256704,11.6477580321771,0.49711099405877,0.283987870963525,9.44870726944451,0.742,1,1000,direct,Anolis_pigmaequestris,False,False,,,
407,382,Buhoma_procterae,Uluguru Forest Snake,Squamata,Pseudoxyrhophiidae,VU,5.27710749552054,3.73555971160339,22.6808455943756,15.0861410368847,0.240927727265389,0.0808468948395432,21.5711286920088,0.961,1,1000,direct,Buhoma_procterae,False,False,,,
408,1789,Cyrtodactylus_jeyporensis,Jeypore Ground Gecko,Squamata,Gekkonidae,EN,5.27390001522157,4.55712592609187,11.3901162200825,8.55781020950248,0.495801468598124,0.26524900384361,9.4924104359683,0.754,1,1000,direct,Cyrtodactylus_jeyporensis,False,False,,,
409,2006,Cnemaspis_alwisi,Alwis’s Day Gecko,Squamata,Gekkonidae,EN,5.25803898397846,6.91594502743405,10.7139216623143,13.5858072534981,0.48998282481025,0.279318594141376,9.96707951052305,0.749,1,1000,direct,Cnemaspis_alwisi,False,False,,,
411,1865,Anolis_pseudokemptoni,,Squamata,Anolidae,EN,5.25046322387242,4.14450089924123,11.1372104852356,5.65166712872187,0.502990666189135,0.287736645711611,8.5149082044954,0.833,1,1000,direct,Anolis_pseudokemptoni,False,False,,,
412,2213,Sphaerodactylus_omoglaux,Fond Parisien Least Gecko,Squamata,Sphaerodactylidae,EN,5.24557703421096,5.85072065809163,10.1556136296842,10.7993152247502,0.502702406601469,0.282303326213629,9.8841375024593,0.755,1,1000,direct,Sphaerodactylus_omoglaux,False,False,,,
414,1969,Melanoseps_emmrichi,Uluguru Limbless Skink,Squamata,Scincidae,EN,5.23294160530294,6.79705457110058,10.8140899758267,13.7988809753427,0.481724614242514,0.291958514504488,11.9514474629904,0.701,1,1000,direct,Melanoseps_emmrichi,False,False,,,
415,2124,Cnemaspis_alantika,,Squamata,Gekkonidae,EN,5.22644970124751,6.94698024342059,10.3986604372621,12.9992820152724,0.489481457285504,0.298505726900569,11.8960667630114,0.706,1,1000,GBIF_iucn_link,Cnemaspis_alantika,False,False,,,
416,1866,Anolis_rubribarbus,Sagua de Tanamo Anole,Squamata,Anolidae,EN,5.22184211421964,3.59807214694328,11.131154041883,5.29821541205282,0.50167031299976,0.284655397044646,9.6316438893762,0.826,1,1000,direct,Anolis_rubribarbus,False,False,,,
418,2036,Anolis_rupinae,Castillon Anole,Squamata,Anolidae,EN,5.19991826456781,6.78900988917656,10.6052840064773,12.9101183546372,0.49711099405877,0.283987870963525,9.08187451495677,0.733,1,1000,direct,Anolis_rupinae,False,False,,,
420,2033,Calumma_hilleniusi,,Squamata,Chamaeleonidae,EN,5.19770750747297,3.09343247200113,10.6075057217678,2.96124782876497,0.488498447285739,0.276274742218933,10.5760230979992,0.972,1,1000,direct,Calumma_hilleniusi,False,False,,,
421,2083,Eurylepis_poonaensis,Poona Skink,Squamata,Scincidae,EN,5.18638538854519,7.31724913723746,10.5097416192906,14.4717665001858,0.475422066500791,0.26649137971013,12.6965131446746,0.734,1,1000,direct,Eurylepis_poonaensis,False,False,,,
422,2170,Calyptommatus_sinebrachiatus,Lesser Microteiid,Squamata,Gymnophthalmidae,EN,5.18274409240813,2.99366946516891,10.3003361196323,3.9839997498355,0.487208713228287,0.280081589105653,10.577337727048,0.968,1,1000,direct,Calyptommatus_sinebrachiatus,False,False,,,
424,434,Brookesia_tuberculata,,Squamata,Chamaeleonidae,VU,5.15891583105591,2.03536711281374,21.6573963689515,5.96449437326159,0.244116649435445,0.07634938358712,20.823732147244,0.993,1,1000,direct,Brookesia_tuberculata,False,False,,,
425,2193,Zonosaurus_subunicolor,,Squamata,Gerrhosauridae,EN,5.1551871132905,3.09228821125029,10.2102394889828,3.26683776738145,0.494045527859013,0.292759562296393,10.3101885924776,0.971,1,1000,direct,Zonosaurus_subunicolor,False,False,,,
426,402,Ophiophagus_hannah,King Cobra,Squamata,Elapidae,VU,5.11825085291338,2.51091175831255,22.1790136799077,8.29578399671524,0.243098515287213,0.0772473260582652,19.5030560622329,0.919,1,1000,direct,Ophiophagus_hannah,False,False,,,
429,447,Bitis_worthingtoni,Kenya Horned Viper,Squamata,Viperidae,VU,5.10635218509793,2.51644186229002,21.373069375,8.99349685250002,0.24497132155228,0.0793248444183659,20.1366836534778,0.966,1,1000,direct,Bitis_worthingtoni,False,False,,,
430,1958,Lerista_haroldi,Gnaraloo Mulch-slider,Squamata,Scincidae,EN,5.1047666804946,3.39794393122796,10.835773562882,3.17223575966164,0.489767977674485,0.288010760085238,10.103431501506,0.886,1,1000,direct,Lerista_haroldi,False,False,,,
431,1895,Liophidium_mayottensis,Peters' Bright Snake,Squamata,Pseudoxyrhophiidae,EN,5.08640576333657,3.22559919388552,11.0426783640026,2.72881798611126,0.486207987129446,0.281406827941045,10.2174155261798,0.927,1,1000,direct,Liophidium_mayottensis,False,False,,,
434,1825,Anolis_guafe,Cabo Cruz Banded Anole,Squamata,Anolidae,EN,5.04102117432216,3.69768367930406,11.2809340874941,5.71672607767968,0.50153476628034,0.285388630993927,9.9062995046704,0.83,1,1000,direct,Anolis_guafe,False,False,,,
435,1981,Abronia_chiszari,Chiszar's Arboreal Alligator Lizard,Squamata,Anguidae,EN,5.0281574361526,4.3877737120377,10.7888319484527,7.99992644742306,0.483551718262877,0.263935774406619,8.62169949274941,0.792,1,1000,direct,Abronia_chiszari,False,False,,,
436,2319,Sphaerodactylus_inaguae,Inagua Sphaero,Squamata,Sphaerodactylidae,EN,5.00599023447412,5.63993921811072,9.88976213210708,10.2077717498876,0.502702406601469,0.282777041476168,9.77853130997733,0.729,1,1000,direct,Sphaerodactylus_inaguae,False,False,,,
437,2201,Ameiva_dorsalis,Jamaica Ameiva,Squamata,Teiidae,EN,5.00509606321738,2.92412772607224,10.1860811348911,3.41483039982754,0.488139597624705,0.279621676187122,8.69492731949927,0.974,1,1000,GBIF_accepted,Pholidoscelis_dorsalis,False,False,,,
438,1814,Heteroliodon_fohy,,Squamata,Pseudoxyrhophiidae,EN,5.0032652336625,3.49658535406254,11.3166101012662,5.76994656675862,0.486025638051143,0.27991019053387,9.42834583139325,0.818,1,1000,direct,Heteroliodon_fohy,False,False,,,
441,2050,Ogmodon_vitianus,Fiji Snake,Squamata,Elapidae,EN,4.98569094384703,3.40641949018133,10.576250808344,5.07670441957097,0.488884130876556,0.268200934811592,9.45910486433549,0.84,1,1000,direct,Ogmodon_vitianus,False,False,,,
443,2202,Spondylurus_fulgidus,Jamaican Skink,Squamata,Scincidae,EN,4.97061853143486,2.89499286019096,10.1782197600854,3.02962451738336,0.478646261704394,0.292547188198857,5.81874207833475,0.978,1,1000,direct,Spondylurus_fulgidus,False,False,,,
444,2260,Tropidophis_nigriventris,Blackbelly Dwarf Boa,Squamata,Tropidophiidae,EN,4.9667695411961,6.50351173663156,10.0279356621094,11.9905199350987,0.490234762183077,0.278216570818547,9.9162373586048,0.727,1,1000,direct,Tropidophis_nigriventris,False,False,,,
445,2381,Tropidophis_celiae,Canasi Trope,Squamata,Tropidophiidae,EN,4.9664548718143,6.70641517539866,9.74343862362671,13.4080290602641,0.491029620967453,0.276368669494844,9.71572262517945,0.704,1,1000,direct,Tropidophis_celiae,False,False,,,
447,489,Cyclotyphlops_deharvengi,Deharveng’s Blind Snake,Squamata,Typhlopidae,VU,4.95777966432855,2.99520105228894,20.5283856813726,11.7532574226113,0.244107282596253,0.075465483513072,21.274502351622,0.979,1,1000,direct,Cyclotyphlops_deharvengi,False,False,,,
448,2257,Tropidophis_hardyi,Blackbelly Dwarf Boa,Squamata,Tropidophiidae,EN,4.94836946648547,6.21239286715085,10.0357628344386,11.7629933198803,0.491978787974214,0.277277792024999,9.31000832338232,0.714,1,1000,direct,Tropidophis_hardyi,False,False,,,
449,2598,Mitophis_pyrites,Thomas' Blind Snake,Squamata,Leptotyphlopidae,EN,4.93089083225372,5.10470884021923,9.29751257005678,10.4326349438627,0.49314630222302,0.273056484353641,4.8558944458838,0.876,1,1000,direct,Mitophis_pyrites,False,False,,,
451,2117,Platyplectrurus_madurensis,Travancore Hills Thorntail Snake,Squamata,Uropeltidae,EN,4.92628239681649,6.14364538527033,10.4181477303235,11.7761638404512,0.490481686609364,0.279428990935565,7.65373105011786,0.73,1,1000,direct,Platyplectrurus_madurensis,False,False,,,
452,2183,Sphaerodactylus_semasiops,Cockpit Eyespot Sphaero,Squamata,Sphaerodactylidae,EN,4.92021021132678,3.47402844371986,10.248863391999,5.39595545984254,0.501223668225389,0.282368346850033,8.5191662413461,0.821,1,1000,direct,Sphaerodactylus_semasiops,False,False,,,
455,495,Phelsuma_breviceps,,Squamata,Gekkonidae,VU,4.91039728298639,1.82528189754266,20.405264523322,5.24288483041064,0.245410557573484,0.0803837134704958,18.022285877199,1.0,1,1000,direct,Phelsuma_breviceps,False,False,,,
457,2486,Cnemaspis_occidentalis,,Squamata,Gekkonidae,EN,4.89118812603979,6.16303113321111,9.53975229217112,12.2975132497799,0.492363623549422,0.300144448245425,10.6727473674027,0.68,1,1000,GBIF_iucn_link,Cnemaspis_occidentalis,False,False,,,
459,2390,Aspidura_copei,Cope's Rough-side,Squamata,Natricidae,EN,4.87580758074504,4.68981605904167,9.71911008516511,9.10737017944479,0.489201847451191,0.285685739148742,8.07270758233136,0.813,1,1000,direct,Aspidura_copei,False,False,,,
460,2335,Bachia_didactyla,,Squamata,Gymnophthalmidae,EN,4.87187181464681,6.59117965497917,9.84862495169863,13.2208683178299,0.484269763851212,0.279879839215745,11.8076186796539,0.711,1,1000,direct,Bachia_didactyla,False,False,,,
465,2384,Sphaerodactylus_zygaena,Dame-Marie Least Gecko,Squamata,Sphaerodactylidae,EN,4.84136253754622,5.66453684115203,9.73718525721566,10.2418863201703,0.496483698198522,0.279897727320245,9.5082106013543,0.715,1,1000,direct,Sphaerodactylus_zygaena,False,False,,,
466,2172,Parvoscincus_sisoni,,Squamata,Scincidae,EN,4.84092679741269,2.95749113243706,10.2941872048788,2.32855279554533,0.491753308064252,0.271642247928048,9.2661225767442,0.953,1,1000,direct,Parvoscincus_sisoni,False,False,,,
467,2397,Lepidoblepharis_williamsi,,Squamata,Sphaerodactylidae,EN,4.84031211405913,7.2040183842082,9.70087738800906,13.925005560451,0.4987510435736,0.284925562772259,11.8076620504915,0.685,1,1000,direct,Lepidoblepharis_williamsi,False,False,,,
468,2217,Tropidophis_jamaicensis,Jamaican Brown Trope,Squamata,Tropidophiidae,EN,4.83630090531645,6.46937111254871,10.1478619927908,12.7459055700144,0.490340567076978,0.277632334675849,9.55843683247886,0.706,1,1000,direct,Tropidophis_jamaicensis,False,False,,,
469,2409,Mixcoatlus_barbouri,Barbour's Montane Pit Viper,Squamata,Viperidae,EN,4.82332863626188,3.01786589699539,9.67405939004519,4.3402174633849,0.490183656289765,0.287144680851187,8.291106870586,0.964,1,1000,direct,Mixcoatlus_barbouri,False,False,,,
471,2339,Tropidophis_spiritus,Sancti Spiritus Trope,Squamata,Tropidophiidae,EN,4.8193144545243,6.40393734017929,9.83509515947295,12.0741549232348,0.490481686609364,0.279279262065447,9.48040383217009,0.713,1,1000,direct,Tropidophis_spiritus,False,False,,,
472,2306,Trioceros_laterispinis,Spiny-sided Chameleon,Squamata,Chamaeleonidae,EN,4.81808686248369,2.82017768079539,9.91931993029123,3.24931724291773,0.486731325124605,0.272523162246212,9.56963040286853,0.934,1,1000,direct,Trioceros_laterispinis,False,False,,,
473,2380,Sphaerodactylus_richardsonii,,Squamata,Sphaerodactylidae,EN,4.8157788612363,3.22787644115275,9.74439627396809,4.784882167815,0.504571457239543,0.282432083206685,8.59895833661016,0.829,1,1000,GBIF_iucn_link,Sphaerodactylus_richardsonii,False,False,,,
474,2369,Leiocephalus_vinculum,Cochran's Curlytail Lizard,Squamata,Tropiduridae,EN,4.80975495392249,6.62413499983695,9.77276300361957,11.8887725377512,0.495317195459827,0.287646870600991,9.19559484775543,0.697,1,1000,direct,Leiocephalus_vinculum,False,False,,,
475,2215,Cnemaspis_neangthyi,Neang Thy’s Rock Gecko,Squamata,Gekkonidae,EN,4.80918729322528,3.03305456511997,10.1529349482078,3.48964930303393,0.492675402248836,0.270230972292418,9.32422650460812,0.883,1,1000,direct,Cnemaspis_neangthyi,False,False,,,
477,2407,Ichnotropis_chapini,Chapin’s Rough-scaled Lizard,Squamata,Lacertidae,EN,4.80126756549794,6.32847487924418,9.6776829642524,12.281859645358,0.470874271108692,0.276104169909662,10.927108605534,0.668,1,1000,direct,Ichnotropis_chapini,False,False,,,
478,2585,Lepidoblepharis_miyatai,Colombian Dwarf Gecko,Squamata,Sphaerodactylidae,EN,4.79724063040449,6.84460472425517,9.33478243877012,12.8467520772424,0.4987510435736,0.285079389480597,11.1124792382931,0.678,1,1000,direct,Lepidoblepharis_miyatai,False,False,,,
479,2399,Sphaerodactylus_oxyrhinus,Jamaican Sharpnosed Sphaero,Squamata,Sphaerodactylidae,EN,4.79539820776171,5.57138905278157,9.6931091354958,10.3859237770298,0.499215959208374,0.280385808689838,9.63104312925745,0.723,1,1000,direct,Sphaerodactylus_oxyrhinus,False,False,,,
481,2102,Calotes_liocephalus,Crestless Lizard,Squamata,Agamidae,EN,4.79254480006681,4.25322388536703,10.4520166824461,7.78833549101748,0.47606839871576,0.291137138718396,8.9874176304674,0.743,1,1000,direct,Calotes_liocephalus,False,False,,,
483,2325,Liopholis_guthega,Guthega Skink,Squamata,Scincidae,EN,4.77697791060238,3.12278201558308,9.88049838776695,3.32237227751605,0.477656767235656,0.285852133758989,9.5266275394519,0.926,1,1000,direct,Liopholis_guthega,False,False,,,
484,558,Furcifer_petteri,Petter's Chameleon,Squamata,Chamaeleonidae,VU,4.7725239508142,1.96440354490656,19.561002695,5.529333435,0.243559229434568,0.0758943709936301,19.6746411683615,0.988,1,1000,direct,Furcifer_petteri,False,False,,,
486,2330,Ophisaurus_ceroni,,Squamata,Anguidae,EN,4.76036280215342,5.91824363765897,9.86526510997558,11.1015396789564,0.486682594272545,0.266928596074132,11.2146173243447,0.678,1,1000,direct,Ophisaurus_ceroni,False,False,,,
487,2283,Sphaerodactylus_scapularis,Boulenger's Least Gecko,Squamata,Sphaerodactylidae,EN,4.74075093970898,5.56694607056335,9.97810666587026,10.8840215895603,0.501459698960966,0.282303326213629,9.3949515596392,0.715,1,1000,direct,Sphaerodactylus_scapularis,False,False,,,
489,2311,Alluaudina_mocquardi,,Squamata,Pseudoxyrhophiidae,EN,4.73132960935436,6.20218363536497,9.91038856387864,12.3208773244931,0.479888696202703,0.284925642943561,10.9789997713597,0.702,1,1000,direct,Alluaudina_mocquardi,False,False,,,
490,2473,Sphaerodactylus_parkeri,Southern Jamaica Banded Sphaero,Squamata,Sphaerodactylidae,EN,4.730093504472,5.86644371963165,9.55618771288664,10.1232379731386,0.494901971386798,0.282848440282368,8.9348337493753,0.7,1,1000,direct,Sphaerodactylus_parkeri,False,False,,,
492,2472,Tropidophis_galacelidus,Pilsbry's Dwarf Boa,Squamata,Tropidophiidae,EN,4.7234273354439,5.69250450299545,9.56388943678321,11.2224641606824,0.491978787974214,0.276753739275815,9.23178871255718,0.694,1,1000,direct,Tropidophis_galacelidus,False,False,,,
494,541,Zonosaurus_maximus,,Squamata,Gerrhosauridae,VU,4.72079995886154,1.98108113465581,19.7909389950001,5.91962594999944,0.244855979103722,0.0780016421584429,19.6486225444337,0.983,1,1000,direct,Zonosaurus_maximus,False,False,,,
495,2061,Balanophis_ceylonensis,Sri Lankan Keelback,Squamata,Natricidae,EN,4.7176713701958,5.15496811119891,10.5439818226832,10.026025355795,0.499655011397895,0.271673820203391,9.03373845253771,0.668,1,1000,GBIF_accepted,Rhabdophis_ceylonensis,False,False,,,
497,2467,Brookesia_lineata,Lined Leaf Chameleon,Squamata,Chamaeleonidae,EN,4.7137655266573,2.80965989440893,9.56831917693852,2.7906218973945,0.490923304970424,0.279845532046255,9.7081740848086,0.968,1,1000,direct,Brookesia_lineata,False,False,,,
498,517,Strophurus_horneri,Arnhem Phasmid Gecko,Squamata,Diplodactylidae,VU,4.71304135079039,2.21911430595342,20.1084416317341,7.02395670160249,0.245102877540121,0.079008735923495,18.256412398656,0.9,1,1000,direct,Strophurus_horneri,False,False,,,
499,2378,Lioscincus_steindachneri,White-lipped Forest Skink,Squamata,Scincidae,EN,4.70413380910189,2.77131122930025,9.75113021857385,3.63184726253849,0.488956066185892,0.273634352317347,6.57832637074783,0.937,1,1000,direct,Lioscincus_steindachneri,False,False,,,
501,2484,Phyllurus_gulbaru,,Squamata,Carphodactylidae,EN,4.69713442215164,6.08238823111908,9.54115252885583,11.4649594898877,0.494270845943808,0.293047812381805,9.72390898717065,0.685,1,1000,direct,Phyllurus_gulbaru,False,False,,,
503,2495,Dierogekko_validiclavis,Bold-striped Gecko,Squamata,Diplodactylidae,EN,4.67699832766005,2.77954768036186,9.51192865793884,3.04267646340069,0.487777644535165,0.291512371190626,5.207808947939,0.963,1,1000,direct,Dierogekko_validiclavis,False,False,,,
504,2426,Cordylus_marunguensis,Marungu Girdled Lizard,Squamata,Cordylidae,EN,4.67544185933855,3.07488680981299,9.64130511281883,3.90446777806397,0.48868773613707,0.293432765499607,9.4891567502882,0.904,1,1000,direct,Cordylus_marunguensis,False,False,,,
505,2480,Psammodromus_microdactylus,Small-fingered Psammodromus,Squamata,Lacertidae,EN,4.66697979154458,5.9586262071575,9.54740721160593,11.8584415180407,0.482213169737514,0.274840065996793,11.0565402070534,0.696,1,1000,direct,Psammodromus_microdactylus,False,False,,,
506,2526,Dierogekko_nehoueensis,Striped Gekko,Squamata,Diplodactylidae,EN,4.65728664234268,2.67437949100034,9.44710271336803,3.03962947593383,0.488446042290246,0.291700761228393,5.207808947939,0.973,1,1000,direct,Dierogekko_nehoueensis,False,False,,,
507,2428,Lioscincus_greeri,Greers Tree Skink,Squamata,Scincidae,EN,4.65442965167279,2.66730435829069,9.63836491499383,3.58948573085326,0.489259967838169,0.273024480141969,4.50729462369194,0.934,1,1000,GBIF_accepted,Epibator_greeri,False,False,,,
512,2434,Tropidophis_fuscus,Cuban Dusky Trope,Squamata,Tropidophiidae,EN,4.62499194483182,5.8801814206462,9.62851854157125,12.0149314391861,0.490481686609364,0.276549230559083,9.35846617649203,0.708,1,1000,direct,Tropidophis_fuscus,False,False,,,
513,2728,Sphaerodactylus_pimienta,Pepper Sphaero,Squamata,Sphaerodactylidae,EN,4.61152125427428,5.51903881210258,9.00944245689543,9.65074712876891,0.501223668225389,0.283938632448338,9.113277149929,0.701,1,1000,direct,Sphaerodactylus_pimienta,False,False,,,
516,2630,Rhinophis_porrectus,,Squamata,Uropeltidae,EN,4.60458846761198,4.07939182567782,9.22964246045323,7.1029749048079,0.494238475346823,0.286687315935043,7.0448240387257,0.769,1,1000,direct,Rhinophis_porrectus,False,False,,,
517,2586,Tropidophis_hendersoni,Cuban Khaki Trope,Squamata,Tropidophiidae,EN,4.59667620770999,6.24065322575698,9.33441692396566,11.6207186450185,0.490340567076978,0.27918114199349,8.99757963055868,0.68,1,1000,direct,Tropidophis_hendersoni,False,False,,,
518,2483,Celatiscincus_similis,Northern Pale-hipped Skink,Squamata,Scincidae,EN,4.59435803026257,2.55684105061466,9.54256974819299,2.87196156408882,0.488651009367663,0.272816184700065,6.360461987734,0.964,1,1000,direct,Celatiscincus_similis,False,False,,,
521,2474,Celatiscincus_euryotis,Southern Pale-hipped Skink,Squamata,Scincidae,EN,4.58137286190115,2.5930595698434,9.55523767743468,2.91207987617203,0.488651009367663,0.27307780881308,6.360461987734,0.963,1,1000,direct,Celatiscincus_euryotis,False,False,,,
523,536,Tytthoscincus_parvus,,Squamata,Scincidae,VU,4.57998571418044,1.98298841225224,19.850536167798,5.02973769363392,0.239921393079105,0.0815470995760638,18.0176467534498,0.95,1,1000,direct,Tytthoscincus_parvus,False,False,,,
524,2602,Nessia_hickanala,Hickanala Nessia,Squamata,Scincidae,EN,4.57359019316834,4.64980212837924,9.28587566777001,8.82005189207552,0.483609965019662,0.296560622395104,7.78650232339316,0.718,1,1000,direct,Nessia_hickanala,False,False,,,
525,2729,Phelsuma_borbonica,Réunion Day Gecko,Squamata,Gekkonidae,EN,4.56984201719794,2.68980853635241,9.00874019218142,2.21053404685275,0.501084614596922,0.303409918353676,9.028817414267,0.991,1,1000,direct,Phelsuma_borbonica,False,False,,,
527,2593,Anolis_breslini,,Squamata,Anolidae,EN,4.56910485613192,4.92241020574147,9.30303257056199,9.51496902195077,0.499676142331873,0.290608044837147,7.2770595012255,0.699,1,1000,direct,Anolis_breslini,False,False,,,
528,2522,Sphaerodactylus_parthenopion,Virgin Gorda Least Gecko,Squamata,Sphaerodactylidae,EN,4.56752069832282,5.76884469235363,9.45046972481349,9.8970864529252,0.504571457239543,0.282365001437508,9.5533321876639,0.702,1,1000,direct,Sphaerodactylus_parthenopion,False,False,,,
529,2693,Nessia_bipes,Two-legged Nessia,Squamata,Scincidae,EN,4.55077086304069,5.08959564756458,9.10231076139664,9.30538651672235,0.483609965019662,0.296560622395104,7.77167046756905,0.713,1,1000,direct,Nessia_bipes,False,False,,,
530,2721,Sphaerodactylus_phyzacinus,,Squamata,Sphaerodactylidae,EN,4.54866615294008,5.31705861176456,9.03132828151664,9.83833016270691,0.49741816124927,0.280725132539145,8.90468638224139,0.701,1,1000,direct,Sphaerodactylus_phyzacinus,False,False,,,
531,2488,Sphaerodactylus_ruibali,Ruibal's Least Gecko,Squamata,Sphaerodactylidae,EN,4.54555934974373,5.66388185303784,9.53825216862316,10.5303053514212,0.493659641803893,0.281452699716329,9.17094998969297,0.699,1,1000,direct,Sphaerodactylus_ruibali,False,False,,,
532,2512,Sphaerodactylus_ladae,Martin Garcia Least Gecko,Squamata,Sphaerodactylidae,EN,4.53108145185444,5.31945752599721,9.46483981668256,10.4521000760093,0.492257042775657,0.279496205797888,8.8844426115485,0.694,1,1000,direct,Sphaerodactylus_ladae,False,False,,,
533,2654,Sphaerodactylus_asterulus,Haitian Least Gecko,Squamata,Sphaerodactylidae,EN,4.52320302523176,5.60158648208107,9.19483571208544,10.131793435547,0.500748472843818,0.28051214972085,9.4402771574051,0.686,1,1000,direct,Sphaerodactylus_asterulus,False,False,,,
536,2840,Sphaerodactylus_perissodactylius,Dominican Least Gecko,Squamata,Sphaerodactylidae,EN,4.48295167095318,5.66132916778559,8.81895061761209,11.0677405417474,0.492015754175701,0.278685089857273,7.91757334740163,0.652,1,1000,direct,Sphaerodactylus_perissodactylius,False,False,,,
537,2556,Nessia_monodactyla,One-toed Nessia,Squamata,Scincidae,EN,4.48041514953402,4.75819486999969,9.39706117887343,8.4868277950242,0.481724614242514,0.299224930214763,7.57639903876324,0.724,1,1000,direct,Nessia_monodactyla,False,False,,,
538,2596,Sphaerodactylus_beattyi,Saint Croix's Sphaero,Squamata,Sphaerodactylidae,EN,4.47830671062781,5.49683757849876,9.29925529185642,9.88059782800601,0.499215959208374,0.284529776208821,8.91519135932636,0.709,1,1000,direct,Sphaerodactylus_beattyi,False,False,,,
540,2554,Cyrtodactylus_caovansungi,,Squamata,Gekkonidae,EN,4.46905895610479,2.68900671025795,9.39766266902843,2.91787981693652,0.496422708841211,0.264081816382463,8.7197442377897,0.878,1,1000,direct,Cyrtodactylus_caovansungi,False,False,,,
541,2724,Sphaerodactylus_mariguanae,Southern Bahamas Sphaero,Squamata,Sphaerodactylidae,EN,4.46393850205117,5.64641574597732,9.02274537807515,9.98109000032651,0.496483698198522,0.27819153890866,9.1570707538341,0.683,1,1000,direct,Sphaerodactylus_mariguanae,False,False,,,
542,2550,Aspidura_drummondhayi,Drummond-Hay's Rough-sided Snake,Squamata,Natricidae,EN,4.45461714519923,2.59518490953489,9.40201888527502,3.12549567107548,0.489356491409012,0.285011714310449,6.61087487359493,0.916,1,1000,direct,Aspidura_drummondhayi,False,False,,,
543,598,Kinyongia_excubitor,Mount Kenya Sentinel Chameleon,Squamata,Chamaeleonidae,VU,4.43949869918641,1.98152066558569,18.9661271811521,5.95578294928047,0.242804742248917,0.0758569422867005,18.4843970784193,0.966,1,1000,direct,Kinyongia_excubitor,False,False,,,
544,2774,Mediodactylus_amictopholis,,Squamata,Gekkonidae,EN,4.42818080604023,5.17021453153369,8.93297061816739,9.80319121553959,0.513771471472913,0.296541677882915,8.97239038003312,0.66,1,1000,direct,Mediodactylus_amictopholis,False,False,,,
545,2388,Typhlops_capitulatus,Haitian Pale-Lipped Blindsnake,Squamata,Typhlopidae,EN,4.42680353387518,3.14567937869692,9.72848765803912,4.86183802686555,0.499365004132973,0.274292783041598,7.94746382102133,0.785,1,1000,direct,Typhlops_capitulatus,False,False,,,
546,658,Calodactylodes_illingworthorum,Illingworth's Gecko,Squamata,Gekkonidae,VU,4.41497459648332,2.17856451011259,18.3286231270778,8.67340888179121,0.244400562045422,0.0805567360279245,16.580057825075,1.0,1,1000,direct,Calodactylodes_illingworthorum,False,False,,,
548,2400,Anolis_confusus,Cabo Cruz Trunk Anole,Squamata,Anolidae,EN,4.41387887488301,3.1612306007033,9.69265455704308,4.45315051506404,0.502220394454328,0.284655397044646,8.30181651526868,0.791,1,1000,direct,Anolis_confusus,False,False,,,
549,2666,Colobodactylus_dalcyanus,Vanzolini's Teiid,Squamata,Gymnophthalmidae,EN,4.4085037655816,2.89622710070843,9.16057011085428,4.06082362486486,0.487440625456207,0.282333390001347,8.890076811911,0.903,1,1000,direct,Colobodactylus_dalcyanus,False,False,,,
551,665,Calumma_capuroni,,Squamata,Chamaeleonidae,VU,4.40090471512681,1.72227469564055,18.2582273649045,4.61657480774498,0.242233991135324,0.0748014716925561,18.7854394587,1.0,1,1000,direct,Calumma_capuroni,False,False,,,
552,2692,Sphaerodactylus_storeyae,,Squamata,Sphaerodactylidae,EN,4.39955110309981,5.83296546979476,9.10535914554817,10.3613473291941,0.497009941019367,0.280450645927107,8.61293202018113,0.662,1,1000,direct,Sphaerodactylus_storeyae,False,False,,,
553,2809,Sphaerodactylus_randi,Pedernales Least Gecko,Squamata,Sphaerodactylidae,EN,4.38572682027009,5.15824650354463,8.87222262028036,9.94727826300092,0.493827460047598,0.281501195394716,8.80519071714147,0.687,1,1000,direct,Sphaerodactylus_randi,False,False,,,
554,2776,Rhinophis_tricolorata,,Squamata,Uropeltidae,EN,4.37955502050265,3.95593342277309,8.93050515001819,6.66441285563286,0.490340567076978,0.287238436919343,6.5641814879287,0.741,1,1000,GBIF_accepted,Rhinophis_tricoloratus,False,False,,,
555,692,Uroplatus_henkeli,,Squamata,Gekkonidae,VU,4.36155665912651,1.54280533538839,17.9899619478174,4.16029735133408,0.244895758884674,0.0804138992722015,18.13879141289,1.0,1,1000,direct,Uroplatus_henkeli,False,False,,,
556,585,Anolis_podocarpus,,Squamata,Anolidae,VU,4.35760856781796,2.82365756735314,19.0973598392905,11.3703947456124,0.243998201655459,0.0778313784221337,15.926274691564,0.891,1,1000,direct,Anolis_podocarpus,False,False,,,
557,2877,Sphaerodactylus_plummeri,Barahona Big-Scaled Sphaero,Squamata,Sphaerodactylidae,EN,4.35255401656924,5.27438715661313,8.74618462036925,10.187972170339,0.493827460047598,0.280109589536789,8.38776554524367,0.671,1,1000,direct,Sphaerodactylus_plummeri,False,False,,,
560,2765,Sphaerodactylus_armasi,Guantanamo Coastal Gecko,Squamata,Sphaerodactylidae,EN,4.34191200358159,5.69447983897454,8.94730865143271,10.267237525767,0.493659641803893,0.281929371213534,8.73628988406193,0.676,1,1000,direct,Sphaerodactylus_armasi,False,False,,,
561,2821,Sphaerodactylus_dimorphicus,,Squamata,Sphaerodactylidae,EN,4.33465911398212,5.83473469341467,8.85550882415644,10.3826871630393,0.500180886980073,0.282777041476168,8.42762263184713,0.679,1,1000,direct,Sphaerodactylus_dimorphicus,False,False,,,
563,2623,Typhlops_syntherus,Barahona Peninsula Blindsnake,Squamata,Typhlopidae,EN,4.30223708164766,3.14040733178623,9.24178766307239,4.18336289330672,0.500221776211044,0.274906728659077,7.58244868466395,0.794,1,1000,direct,Typhlops_syntherus,False,False,,,
565,3029,Phelsuma_antanosy,Antanosy Day Gecko,Squamata,Gekkonidae,EN,4.29721843017585,2.50600830212036,8.49253571836711,2.24870664049799,0.501236451275156,0.303117340676187,8.4890517584864,0.979,1,1000,direct,Phelsuma_antanosy,False,False,,,
566,2871,Harpesaurus_modiglianii,Modigliani's Nose-horned Lizard,Squamata,Agamidae,EN,4.28793927387242,5.80544161602064,8.75467844209217,10.920704187134,0.477735844221756,0.282534463081628,8.14815957293152,0.66,1,1000,direct,Harpesaurus_modiglianii,False,False,,,
567,3010,Anolis_roatanensis,Roatan Anole,Squamata,Anolidae,EN,4.28705338096186,5.35122279801532,8.51408090946026,9.38639825188663,0.501917746447111,0.288069643113138,8.96836055317612,0.681,1,1000,direct,Anolis_roatanensis,False,False,,,
569,2663,Celestus_scansorius,,Squamata,Diploglossidae,EN,4.26310628515414,5.6664730646497,9.1661222878071,10.9604188495339,0.48154342133153,0.260939687830297,9.19653359716308,0.657,1,1000,GBIF_iucn_link,Diploglossus_scansorius,False,False,,,
570,2789,Ctenotus_stuarti,Stuart's Ctenotus,Squamata,Scincidae,EN,4.26241851117156,2.32328296348525,8.90188719470613,1.76369375300942,0.492703310403838,0.281894589225407,8.4963094356463,0.975,1,1000,direct,Ctenotus_stuarti,False,False,,,
571,2611,Lycodryas_inopinae,,Squamata,Pseudoxyrhophiidae,EN,4.25628633055004,2.6580131154308,9.25468114662059,2.66800269076585,0.486560910828293,0.278383049976799,8.43624865801185,0.877,1,1000,direct,Lycodryas_inopinae,False,False,,,
572,2973,Sphaerodactylus_rhabdotus,Two-striped Sphaero,Squamata,Sphaerodactylidae,EN,4.24475918768935,5.57571314046826,8.57121764895852,9.82797328721915,0.501459698960966,0.28051214972085,8.51606803173612,0.656,1,1000,direct,Sphaerodactylus_rhabdotus,False,False,,,
574,715,Anolis_bahorucoensis,Bahoruco Long-snouted Anole,Squamata,Anolidae,VU,4.23509287979207,1.62824885534699,17.7662227288088,3.81810429325101,0.246069157602972,0.0758305851051575,14.1684859240831,0.999,1,1000,direct,Anolis_bahorucoensis,False,False,,,
575,2938,Kanakysaurus_viviparus,,Squamata,Scincidae,EN,4.22680308765798,2.67202468720326,8.64291256027846,4.06659360945639,0.49562032066095,0.275765141317634,4.57279453534205,0.821,1,1000,direct,Kanakysaurus_viviparus,False,False,,,
577,2980,Celestus_darlingtoni,,Squamata,Diploglossidae,EN,4.20223375717681,4.85840713468092,8.56363244315823,10.0442435601985,0.479724149359584,0.265152056200031,8.02549072554978,0.664,1,1000,GBIF_iucn_link,Celestus_darlingtoni,False,False,,,
578,756,Pseudoacontias_unicolor,,Squamata,Scincidae,VU,4.20135526595552,3.92513965905969,17.3536444991561,16.9407119493351,0.241825365206028,0.082061862399745,10.2322222555202,0.912,1,1000,direct,Pseudoacontias_unicolor,False,False,,,
580,3034,Amerotyphlops_tasymicris,Grenada Bank Blindsnake,Squamata,Typhlopidae,EN,4.1911814306101,6.49529823197256,8.48618565449653,13.5950395373016,0.503106106404127,0.274168004482481,9.75177891426776,0.619,1,1000,direct,Amerotyphlops_tasymicris,False,False,,,
581,2772,Abronia_graminea,Terrestrial Arboreal Alligator Lizard,Squamata,Anguidae,EN,4.19025653757345,3.62838275601661,8.93591360832274,6.3954798345154,0.483998942665454,0.26431251686162,7.02498728221462,0.717,1,1000,direct,Abronia_graminea,False,False,,,
582,2800,Nessia_didactyla,Two-toed Nessia,Squamata,Scincidae,EN,4.18524469444197,4.39705824990644,8.89067317868787,8.28069974245814,0.48087306415529,0.293856499507495,6.94044693424904,0.69,1,1000,direct,Nessia_didactyla,False,False,,,
583,3045,Celestus_bivittatus,,Squamata,Diploglossidae,EN,4.18278322210842,5.37964404061998,8.46985097028948,11.0449278444221,0.480412608069097,0.261144678063325,9.073150213453,0.654,1,1000,GBIF_iucn_link,Diploglossus_bivittatus,False,False,,,
585,3095,Pristidactylus_volcanensis,,Squamata,Leiosauridae,EN,4.16348475370736,4.78251331417396,8.37951944122557,8.992764731241,0.487804028891327,0.270406351609111,8.17963627868876,0.667,1,1000,direct,Pristidactylus_volcanensis,False,False,,,
586,3132,Bavayia_sauvagii,Sauvage's Bavayia,Squamata,Diplodactylidae,EN,4.16288995989468,2.54090800720054,8.3128450358494,3.27262449879461,0.487777644535165,0.291102934684321,4.564596460195,0.877,1,1000,direct,Bavayia_sauvagii,False,False,,,
587,2952,Kanakysaurus_zebratus,,Squamata,Scincidae,EN,4.16213746242749,2.67279532523072,8.62428157153689,4.19081061522444,0.49562032066095,0.275729378454693,4.57279453534205,0.822,1,1000,direct,Kanakysaurus_zebratus,False,False,,,
588,2956,Calliophis_castoe,Castoe’s Coralsnake,Squamata,Elapidae,EN,4.16200368276784,4.11861331329773,8.61308187705103,7.98910303855594,0.487339447307544,0.280549930966377,7.76253140909151,0.678,1,1000,direct,Calliophis_castoe,False,False,,,
590,728,Brookesia_ebenaui,Northern Leaf Chameleon,Squamata,Chamaeleonidae,VU,4.15262855775829,1.69843178855097,17.606245726007,4.80080276327137,0.244025350984129,0.0759497168470028,17.3106924925052,0.993,1,1000,direct,Brookesia_ebenaui,False,False,,,
592,2969,Lepidoblepharis_conolepis,,Squamata,Sphaerodactylidae,EN,4.14873614735948,6.16840759038639,8.58062311978038,11.7957529834923,0.498089430711352,0.284799729886294,9.98020788459886,0.637,1,1000,direct,Lepidoblepharis_conolepis,False,False,,,
596,653,Sceloporus_maculosus,,Squamata,Phrynosomatidae,VU,4.13095164319605,1.88586010134603,18.4021612233365,4.75893923756899,0.244627741986313,0.077557845554578,15.2224563564247,0.894,1,1000,direct,Sceloporus_maculosus,False,False,,,
598,2924,Tetracheilostoma_breuili,Saint Lucia Threadsnake,Squamata,Leptotyphlopidae,EN,4.12615818243208,5.19637451920896,8.66953960413568,10.73799021016,0.49532741591327,0.272578089251908,2.14025296347331,0.628,1,1000,direct,Tetracheilostoma_breuili,False,False,,,
599,687,Lycodryas_inornatus,,Squamata,Pseudoxyrhophiidae,VU,4.12514199859028,1.7721326968121,18.0164861165409,5.47423284295152,0.243211116576945,0.0791117595274201,15.6822242216659,0.949,1,1000,direct,Lycodryas_inornatus,False,False,,,
600,712,Gonatodes_astralis,,Squamata,Sphaerodactylidae,VU,4.12401631981412,2.15710943203154,17.7936184417133,7.00368677519896,0.244603833622913,0.0747584898559903,16.4911439327187,0.912,1,1000,direct,Gonatodes_astralis,False,False,,,
603,3135,Bavayia_pulchella,Pretty Bavayia,Squamata,Diplodactylidae,EN,4.11183643652573,2.54054750606517,8.31000084122876,3.20250107348214,0.487777644535165,0.291291324722088,4.564596460195,0.882,1,1000,direct,Bavayia_pulchella,False,False,,,
604,2941,Celestus_macrotus,Thomas' Galliwasp,Squamata,Diploglossidae,EN,4.10898303753079,5.03600837863274,8.63944607905749,10.1535900191816,0.482566466455683,0.26791381641382,7.9233415512221,0.675,1,1000,direct,Celestus_macrotus,False,False,,,
605,3079,Nannoscincus_greeri,Greer's Dwarf Skink,Squamata,Scincidae,EN,4.10195169857009,2.23686938596594,8.39888475251194,2.20794047538406,0.485200669387928,0.272189129210425,5.823220512511,0.963,1,1000,direct,Nannoscincus_greeri,False,False,,,
606,2857,Phisalixella_variabilis,,Squamata,Pseudoxyrhophiidae,EN,4.09250442641306,2.52561895547182,8.77707987439076,2.72253626979067,0.486560910828293,0.280580552231604,7.9339056831661,0.869,1,1000,direct,Phisalixella_variabilis,False,False,,,
607,655,Anolis_ocelloscapularis,,Squamata,Anolidae,VU,4.08979441757764,3.25421077609026,18.364503955,12.4129578692602,0.248231494990812,0.0755298859957356,14.4310500307421,0.842,1,1000,direct,Anolis_ocelloscapularis,False,False,,,
609,3172,Eurydactylodes_occidentalis,,Squamata,Diplodactylidae,EN,4.07044685346794,2.43881646454531,8.2241875716023,2.84081127903139,0.489028183979505,0.294298235145498,8.321168335472,0.892,1,1000,direct,Eurydactylodes_occidentalis,False,False,,,
610,3307,Anolis_agueroi,Cabo Cruz Bearded Anole,Squamata,Anolidae,EN,4.06914218053747,7.01142953018326,8.02449844062547,13.3380800321841,0.500595302985622,0.286435379813776,8.36142039252749,0.595,1,1000,direct,Anolis_agueroi,False,False,,,
611,3302,Leiolepis_guentherpetersi,Peters’ Butterfly Lizard,Squamata,Agamidae,EN,4.0601422092848,2.95074159391938,8.03482934852592,4.56369755058522,0.491675603847434,0.280483633178599,7.83569632583551,0.796,1,1000,direct,Leiolepis_guentherpetersi,False,False,,,
612,3138,Celestus_montanus,,Squamata,Diploglossidae,EN,4.04570861081363,5.16041687349132,8.30263166109167,10.4340566837291,0.482566466455683,0.260575935039353,9.167588448496,0.647,1,1000,GBIF_iucn_link,Diploglossus_montanus,False,False,,,
613,843,Furcifer_campani,,Squamata,Chamaeleonidae,VU,4.04357108901023,1.58164923725883,16.580162,5.26384439000001,0.243583340932067,0.0760198023514421,16.8704305409688,0.987,1,1000,direct,Furcifer_campani,False,False,,,
614,2801,Varanus_mertensi,Mertens's Water Monitor,Squamata,Varanidae,EN,4.04194568318606,2.73147727265995,8.88790035716951,3.53279000514218,0.479542773697369,0.260373720765646,8.00792796965288,0.81,1,1000,direct,Varanus_mertensi,False,False,,,
615,3352,Celestus_barbouri,,Squamata,Diploglossidae,EN,4.0395466491848,5.08523661585141,7.95724585831245,9.57138165120282,0.484506263061704,0.267411321910059,8.07385137631813,0.669,1,1000,direct,Celestus_barbouri,False,False,,,
617,3153,Nannoscincus_humectus,Forêt Plate Dwarf Skink,Squamata,Scincidae,EN,4.03617722967891,2.13742192675932,8.26087051055048,2.24234731753249,0.485076094350555,0.27245075332344,4.343153292505,0.959,1,1000,direct,Nannoscincus_humectus,False,False,,,
618,3174,Brookesia_valerieae,,Squamata,Chamaeleonidae,EN,4.03334856858025,2.41303367068912,8.21664783539792,2.8454285194545,0.490372418270785,0.280318965651858,7.7172039799869,0.878,1,1000,direct,Brookesia_valerieae,False,False,,,
619,3094,Pristidactylus_alvaroi,,Squamata,Leiosauridae,EN,4.02625610799126,4.51825405470605,8.3843785556692,9.27452029173032,0.488333900787813,0.270406351609111,8.04901683545245,0.661,1,1000,direct,Pristidactylus_alvaroi,False,False,,,
620,3222,Goniurosaurus_liboensis,Libo Leopard Gecko,Squamata,Eublepharidae,EN,4.01816459487363,2.47342977679242,8.14822822370221,3.39625338075898,0.492415115238858,0.285862797382786,5.6225302674437,0.841,1,1000,direct,Goniurosaurus_liboensis,False,False,,,
622,808,Xantusia_gracilis,,Squamata,Xantusiidae,VU,3.99850427738312,1.82406050802747,16.9263791416151,6.21408164264321,0.245646506826908,0.0779249392755075,16.319500185,1.0,1,1000,direct,Xantusia_gracilis,False,False,,,
624,842,Phelsuma_nigristriata,Island Day Gecko,Squamata,Gekkonidae,VU,3.99079795634735,1.37316957736221,16.5827468463272,3.22566388555271,0.246397206186956,0.0804563373650191,16.115926218247,1.0,1,1000,direct,Phelsuma_nigristriata,False,False,,,
625,3071,Rhinophis_blythii,Blyth’s Earth Snake,Squamata,Uropeltidae,EN,3.98823142634013,2.74534059153037,8.42405024519851,4.13972644172998,0.490340567076978,0.281101825055696,6.57512877282967,0.802,1,1000,direct,Rhinophis_blythii,False,False,,,
626,3433,Anolis_johnmeyeri,Meyer's Anole,Squamata,Anolidae,EN,3.97590865479058,5.41090052218249,7.83407202437155,9.87502880209099,0.500772094762007,0.283109105365279,8.5050363641733,0.636,1,1000,direct,Anolis_johnmeyeri,False,False,,,
627,2976,Amphisbaena_hyporissor,Puerto Rican Dusky Amphisbaena,Squamata,Amphisbaenidae,EN,3.96847089879872,3.43700134420711,8.56831047740791,7.13246496527595,0.475379590476348,0.262072453809799,7.38620667916646,0.692,1,1000,direct,Amphisbaena_hyporissor,False,False,,,
629,781,Aspidura_ceylonensis,Ceylon Keelback,Squamata,Natricidae,VU,3.9653023440459,2.0478287408029,17.1962144342171,6.90900584023127,0.243769251416132,0.0780008337986107,13.2829077548269,0.966,1,1000,direct,Aspidura_ceylonensis,False,False,,,
630,825,Lygodactylus_madagascariensis,Madagascar Dwarf Gecko,Squamata,Gekkonidae,VU,3.96091983357214,3.34035405747515,16.8096447960796,13.5677025043443,0.244895758884674,0.0801280833470817,14.1173221664199,0.796,1,1000,direct,Lygodactylus_madagascariensis,False,False,,,
632,3124,Celestus_hewardi,Red-spotted Galliwasp,Squamata,Diploglossidae,EN,3.94371350284547,4.92920933216428,8.32688174193552,9.76161074590096,0.482566466455683,0.265766283772748,7.9284284191812,0.652,1,1000,direct,Celestus_hewardi,False,False,,,
633,3335,Ameivula_abaetensis,Bahian Sand Dune Lizard,Squamata,Teiidae,EN,3.94256749852663,5.13417723679696,7.98782917786035,9.75063479410758,0.495628986648866,0.28992292450648,8.33503214827965,0.629,1,1000,GBIF_accepted,Glaucomastix_abaetensis,False,False,,,
635,3248,Pristidactylus_valeriae,,Squamata,Leiosauridae,EN,3.93221367832742,4.6822241741756,8.10715805872141,8.99439050964804,0.488333900787813,0.271592961034135,7.89591135159459,0.624,1,1000,direct,Pristidactylus_valeriae,False,False,,,
636,3255,Anolis_datzorum,,Squamata,Anolidae,EN,3.93030620675902,5.30714984565,8.10257935833682,9.66413921713901,0.50167031299976,0.284031085450668,8.79698965513482,0.641,1,1000,direct,Anolis_datzorum,False,False,,,
638,813,Lyriocephalus_scutatus,Lyre Head Lizard,Squamata,Agamidae,VU,3.92554988770656,2.57111122612815,16.9088742447954,10.3134528040166,0.242952034537889,0.0785827696969629,12.8428719335104,0.865,1,1000,direct,Lyriocephalus_scutatus,False,False,,,
640,3398,Bradypodion_caeruleogula,Eshowe Dwarf Chameleon,Squamata,Chamaeleonidae,EN,3.91180623589853,2.10440712694492,7.89398527810529,2.20546692007613,0.485886293214259,0.263945274239206,8.02243366847,0.898,1,1000,direct,Bradypodion_caeruleogula,False,False,,,
641,3260,Lygodactylus_ornatus,,Squamata,Gekkonidae,EN,3.91094715742651,5.8389949376014,8.09442515780614,11.3813036201093,0.490417041059773,0.297495065785717,9.8418631679017,0.614,1,1000,direct,Lygodactylus_ornatus,False,False,,,
645,841,Diplodactylus_fulleri,Lake Disappointment Ground Gecko,Squamata,Diplodactylidae,VU,3.84866013115161,2.08526715508022,16.5997399587798,7.00825589512997,0.244329140485403,0.0780458176137112,15.0548965343879,0.888,1,1000,direct,Diplodactylus_fulleri,False,False,,,
646,3373,Anolis_benedikti,Benedikt's Cloud Forest Anole,Squamata,Anolidae,EN,3.84835909974158,2.64026158464981,7.92910283700396,3.68786352867812,0.504898030138029,0.289284893237095,7.0721600452794,0.771,1,1000,direct,Anolis_benedikti,False,False,,,
649,3490,Amphiglossus_decaryi,Rock Skink,Squamata,Scincidae,EN,3.83779364652251,4.16928005324501,7.73600235781157,7.59599124985049,0.484149037948448,0.300367465972512,7.6924345205081,0.631,1,1000,GBIF_accepted,Flexiseps_decaryi,False,False,,,
650,884,Enyalioides_oshaughnessyi,Red-eyed Woodlizard,Squamata,Hoplocercidae,VU,3.83433873052624,1.44541431760625,16.2433193868651,3.68691750012232,0.244274088906394,0.0746996286426828,15.6499102750542,0.973,1,1000,direct,Enyalioides_oshaughnessyi,False,False,,,
651,839,Dibamus_seramensis,Seram Blind Skink,Squamata,Dibamidae,VU,3.82829583280608,2.48315074943686,16.6114858925142,8.79633822373009,0.243577564979115,0.0790703162204357,14.7329632606517,0.935,1,1000,direct,Dibamus_seramensis,False,False,,,
652,3394,Calumma_vencesi,Vences' Chameleon,Squamata,Chamaeleonidae,EN,3.81190171550135,2.27101350933007,7.89950070633962,2.96058772817909,0.488670182987714,0.276237810351198,7.1164654718331,0.843,1,1000,direct,Calumma_vencesi,False,False,,,
653,3576,Anolis_ruizii,,Squamata,Anolidae,EN,3.80831308638847,5.15025912316754,7.61167280342174,9.64056632018726,0.492330341852597,0.287657377340214,8.4244613628889,0.601,1,1000,direct,Anolis_ruizii,False,False,,,
654,3625,Anolis_birama,Branch Anole,Squamata,Anolidae,EN,3.80606688723205,4.79005141950638,7.55500041491069,8.70244262117196,0.501917746447111,0.287885189920749,7.97776305387561,0.612,1,1000,direct,Anolis_birama,False,False,,,
655,3532,Anolis_nasofrontalis,Nose Anole,Squamata,Anolidae,EN,3.7937302544089,5.02272945354791,7.67234912471617,9.51419814294394,0.489182560393789,0.287497989733104,8.78188683787293,0.622,1,1000,direct,Anolis_nasofrontalis,False,False,,,
656,3565,Mniarogekko_jalu,,Squamata,Diplodactylidae,EN,3.79268125402421,3.07373291309517,7.63017683424798,4.87088014719131,0.489028183979505,0.294298235145498,6.3542165023497,0.718,1,1000,direct,Mniarogekko_jalu,False,False,,,
658,939,Amphiglossus_anosyensis,,Squamata,Scincidae,VU,3.78968931117923,1.93349885201431,15.7847245119273,6.50040411366343,0.243256778190286,0.0815497659913222,13.9435595001916,0.945,1,1000,GBIF_iucn_link,Brachyseps_anosyensis,False,False,,,
660,3574,Tropidophorus_laotus,Laotian Water Skink,Squamata,Scincidae,EN,3.7618392237612,4.64637626719083,7.6157443875415,9.05991535276726,0.476647636602969,0.301601057837794,8.7637589948585,0.62,1,1000,direct,Tropidophorus_laotus,False,False,,,
663,3453,Rhinophis_drummondhayi,Drummond-hay's Earth Snake,Squamata,Uropeltidae,EN,3.74842399280979,2.6948436018202,7.79699978707082,4.20576677676483,0.491029620967453,0.285132746368514,3.924512710863,0.723,1,1000,direct,Rhinophis_drummondhayi,False,False,,,
665,957,Amphiglossus_splendidus,,Squamata,Scincidae,VU,3.73957583604609,1.8421722202449,15.6432705447103,7.11754158407006,0.242716178053505,0.0813473144387698,13.7531268543284,0.937,1,1000,GBIF_iucn_link,Brachyseps_splendidus,False,False,,,
668,980,Zonosaurus_boettgeri,,Squamata,Gerrhosauridae,VU,3.72688270352739,1.55064090883529,15.4490354694352,4.828885481155,0.244971934215384,0.07803102030139,15.355259670432,0.98,1,1000,direct,Zonosaurus_boettgeri,False,False,,,
669,3351,Typhlops_granti,Grant's Worm Snake,Squamata,Typhlopidae,EN,3.72464524726431,2.47665797559138,7.95885791882716,3.25653454383571,0.494929850793169,0.274450909272743,6.7982364955515,0.772,1,1000,GBIF_accepted,Antillotyphlops_granti,False,False,,,
670,943,Ophryacus_undulatus,,Squamata,Viperidae,VU,3.71982119636849,1.55201244230435,15.7525058700432,5.16305231617404,0.244060842924806,0.0773672494546457,15.13409189938,1.0,1,1000,direct,Ophryacus_undulatus,False,False,,,
671,3739,Anolis_campbelli,,Squamata,Anolidae,EN,3.71931652254441,5.1635339778298,7.40727634430532,9.51062518201821,0.501284060347087,0.287487913708622,8.1398570199184,0.587,1,1000,direct,Anolis_campbelli,False,False,,,
672,894,Techmarscincus_jigurru,Bartle Frere Cool-skink,Squamata,Scincidae,VU,3.70582162671949,2.57788513719433,16.1792724798117,9.71291092457423,0.239350910955629,0.0803039137987497,13.694206656078,0.858,1,1000,direct,Techmarscincus_jigurru,False,False,,,
673,3579,Lucasium_occultum,Alligator River Gecko,Squamata,Diplodactylidae,EN,3.70499315789365,4.49199166150238,7.60908019148012,8.645775678187,0.493038262970142,0.296363711905822,8.6553313961815,0.62,1,1000,direct,Lucasium_occultum,False,False,,,
674,3555,Takydromus_dorsalis,Sakishima Grass Lizard,Squamata,Lacertidae,EN,3.6975356544122,2.41955884828931,7.63914662100992,2.86935040565413,0.482459668558332,0.277553258462831,7.4833062743063,0.825,1,1000,direct,Takydromus_dorsalis,False,False,,,
678,995,Phelsuma_guentheri,Round Island Day Gecko,Squamata,Gekkonidae,VU,3.67784715737301,1.33240406332845,15.349519089601,3.48883553864476,0.247226641827942,0.0807707401718522,14.9876833481987,1.0,1,1000,direct,Phelsuma_guentheri,False,False,,,
680,1022,Hemicordylus_nebulosus,Dwarf Crag Lizard,Squamata,Cordylidae,VU,3.67412540966789,1.63249635095154,15.2293584963214,5.36685459462459,0.244431785086558,0.0785324908477588,15.106980108866,1.0,1,1000,direct,Hemicordylus_nebulosus,False,False,,,
681,3556,Kinyongia_matschiei,Giant East Usambara Blade-horned Chameleon,Squamata,Chamaeleonidae,EN,3.66854943037411,2.43436622954988,7.63689299542599,2.74807086728567,0.484129930733264,0.269439693492156,7.3781535564349,0.795,1,1000,direct,Kinyongia_matschiei,False,False,,,
682,3694,Crotalus_pusillus,,Squamata,Viperidae,EN,3.66694202632823,2.34778972919101,7.46001180709165,2.5696647587808,0.491508721079618,0.288024845884317,7.4684926497067,0.83,1,1000,direct,Crotalus_pusillus,False,False,,,
684,988,Sphaerodactylus_cinereus,Gray Gecko,Squamata,Sphaerodactylidae,VU,3.65072476163939,2.54001504094917,15.3847598324571,9.81978731763757,0.245737537206352,0.0749130555875528,12.3557765595996,0.884,1,1000,direct,Sphaerodactylus_cinereus,False,False,,,
685,4125,Phyllodactylus_thompsoni,,Squamata,Phyllodactylidae,EN,3.6499937140719,4.62500939920552,6.89419113239229,9.29673710448234,0.4987510435736,0.281626872706107,8.13022838984691,0.579,1,1000,direct,Phyllodactylus_thompsoni,False,False,,,
687,3753,Anolis_pseudotigrinus,False Tiger Anole,Squamata,Anolidae,EN,3.6442900093623,5.22023183987832,7.39014195248101,10.0914376949374,0.490455586871569,0.28705512140024,8.32334497953295,0.604,1,1000,direct,Anolis_pseudotigrinus,False,False,,,
688,3110,Amphisbaena_fenestrata,Cope's Worm Lizard,Squamata,Amphisbaenidae,EN,3.63802977217872,3.14975824887302,8.35772350402406,6.16771609957089,0.477873992604072,0.267389214711678,7.1531059549428,0.653,1,1000,direct,Amphisbaena_fenestrata,False,False,,,
689,3626,Madascincus_macrolepis,Rusty Skink,Squamata,Scincidae,EN,3.63679142997532,5.18201803360013,7.55346649336327,9.22637069600006,0.485706707269045,0.30208686852009,7.93484471538383,0.616,1,1000,direct,Madascincus_macrolepis,False,False,,,
690,3596,Takydromus_toyamai,Miyako Grass Lizard,Squamata,Lacertidae,EN,3.63499855258161,2.29520104101902,7.58665294531662,2.53369366872731,0.482213169737514,0.279520461905162,7.62073714826999,0.838,1,1000,direct,Takydromus_toyamai,False,False,,,
691,3741,Trioceros_perreti,Perret's Montane Chameleon,Squamata,Chamaeleonidae,EN,3.63258438533603,2.17962032991863,7.40714188649652,2.70177747213298,0.488647395703453,0.274708532266982,6.2512307747874,0.787,1,1000,direct,Trioceros_perreti,False,False,,,
695,3725,Anolis_ruibali,Cabo Cruz Pallid Anole,Squamata,Anolidae,EN,3.62193981053865,4.79970250957267,7.41954821998618,8.22943639910542,0.501176214370965,0.291461348579235,7.69691958987182,0.597,1,1000,direct,Anolis_ruibali,False,False,,,
696,3868,Sitana_schleichi,Suklaphantah Sitana,Squamata,Agamidae,EN,3.62169091030909,4.82339457728434,7.23038011788241,9.45326693399401,0.47606839871576,0.282334843680963,7.12664328856101,0.583,1,1000,direct,Sitana_schleichi,False,False,,,
697,3773,Trioceros_pfefferi,Bakossi Two-horned Chameleon,Squamata,Chamaeleonidae,EN,3.61760137724021,2.25997100378156,7.35670631587553,2.6966069180411,0.488498447285739,0.274381901672876,6.25673592559533,0.788,1,1000,direct,Trioceros_pfefferi,False,False,,,
698,945,Gekko_swinhonis,Peking Gecko,Squamata,Gekkonidae,VU,3.61620277364427,2.69364075768986,15.7472573807076,10.6980787313673,0.246590184265428,0.0801288060919242,12.6455349517198,0.84,1,1000,direct,Gekko_swinhonis,False,False,,,
699,3496,Calotes_nigrilabris,Black-cheek lizard,Squamata,Agamidae,EN,3.61491733626268,2.56011299906132,7.72736297777998,3.4941351680266,0.47788403338645,0.289273175540256,7.0027571684189,0.75,1,1000,direct,Calotes_nigrilabris,False,False,,,
701,3837,Uma_exsul,,Squamata,Phrynosomatidae,EN,3.57643093895143,1.98815571771711,7.27367248338728,1.47773988731589,0.492109714050523,0.28676719876972,6.158891798825,0.9,1,1000,direct,Uma_exsul,False,False,,,
704,984,Pararhadinaea_melanogaster,,Squamata,Pseudoxyrhophiidae,VU,3.56693927977203,2.84843873735745,15.4059071840686,11.8485830591625,0.241115813930247,0.0808228244269782,14.9560532366153,0.87,1,1000,direct,Pararhadinaea_melanogaster,False,False,,,
710,3871,Anolis_hobartsmithi,,Squamata,Anolidae,EN,3.55203681323316,5.04256440341831,7.22799815451141,9.4152279662092,0.50327187573485,0.282937397594068,8.33423595871483,0.573,1,1000,direct,Anolis_hobartsmithi,False,False,,,
712,1065,Ameiva_wetmorei,Puerto Rican Blue-tailed Ameiva,Squamata,Teiidae,VU,3.54908249157352,1.2818814475575,14.9086220329795,3.24290191163599,0.243451698984066,0.0760301138517016,11.6233980370826,0.983,1,1000,GBIF_accepted,Pholidoscelis_wetmorei,False,False,,,
713,3746,Nadzikambia_mlanjensis,Mulanje Chameleon,Squamata,Chamaeleonidae,EN,3.5450032193047,1.98394834964681,7.39993732538301,2.6246130527678,0.483551718262877,0.265292875498082,3.5385075228564,0.804,1,1000,direct,Nadzikambia_mlanjensis,False,False,,,
714,3727,Anolis_wermuthi,Wermuth’s Anole,Squamata,Anolidae,EN,3.54105909015352,5.02696559492491,7.41702075320923,9.17865336536239,0.501917746447111,0.287955331714292,7.14799007850586,0.576,1,1000,direct,Anolis_wermuthi,False,False,,,
715,3649,Varanus_flavescens,Yellow Monitor,Squamata,Varanidae,EN,3.54080327149161,2.37212685262105,7.5309023149283,2.89522387825266,0.479724149359584,0.262113892375282,6.9610236461881,0.763,1,1000,direct,Varanus_flavescens,False,False,,,
716,3879,Otocryptis_beddomei,,Squamata,Agamidae,EN,3.5407597113837,4.73216398791642,7.2155549945055,9.58447523464503,0.473756760775691,0.281792488356044,8.84622507837449,0.59,1,1000,GBIF_iucn_link,Otocryptis_beddomei,False,False,,,
717,3780,Parvoscincus_aurorus,,Squamata,Scincidae,EN,3.54015421397844,2.05696372003736,7.35208061338186,1.28793999224793,0.492019212408858,0.270670394070819,7.1206895315217,0.883,1,1000,direct,Parvoscincus_aurorus,False,False,,,
719,3806,Euprepiophis_perlacea,Sichuan Rat Snake,Squamata,Colubridae,EN,3.53228638085381,2.02626437581328,7.32197287945761,2.60712225892854,0.465734260787695,0.284687347978583,7.337188346842,0.816,1,1000,GBIF_accepted,Euprepiophis_perlaceus,False,False,,,
720,4006,Gyiophis_vorisi,,Squamata,Homalopsidae,EN,3.52951248575025,4.24219836091944,7.04642530256226,7.81479250393018,0.493289449274799,0.273541696091243,5.80067314798743,0.595,1,1000,direct,Gyiophis_vorisi,False,False,,,
721,3585,Chalcides_sexlineatus,Gran Canaria Skink,Squamata,Scincidae,EN,3.52735257466647,2.56836527355139,7.6013481088488,3.3710250496814,0.479968490225367,0.271864647155411,7.0089555137337,0.748,1,1000,direct,Chalcides_sexlineatus,False,False,,,
723,3863,Acanthodactylus_spinicauda,Doumergue's Fringe-fingered Lizard,Squamata,Lacertidae,EN,3.51223411921618,4.66832389425875,7.24006659219365,8.82494180231768,0.473934003899485,0.284301614456144,8.31770862426603,0.576,1,1000,direct,Acanthodactylus_spinicauda,False,False,,,
724,3861,Xyelodontophis_uluguruensis,Dagger-tooth Vine Snake,Squamata,Colubridae,EN,3.51002618485304,4.46003820053476,7.24343731852341,8.52263270929946,0.493632974419255,0.285594743385209,7.73108915652295,0.594,1,1000,direct,Xyelodontophis_uluguruensis,False,False,,,
725,3875,Marmorosphax_montana,,Squamata,Scincidae,EN,3.5031465943172,1.85062624397571,7.22013308293778,1.97542413841788,0.488113465577322,0.272816184700065,7.144164664888,0.796,1,1000,direct,Marmorosphax_montana,False,False,,,
726,4046,Phelsuma_guimbeaui,Lowland Forest Day Gecko,Squamata,Gekkonidae,EN,3.49313113542255,2.01669440751308,6.98895996652864,1.82334948563675,0.501011484710204,0.303654166215873,6.776848986332,0.777,1,1000,direct,Phelsuma_guimbeaui,False,False,,,
727,1125,Rhampholeon_beraduccii,Mahenge Pygmy Chameleon,Squamata,Chamaeleonidae,VU,3.48247466466664,1.5308330494987,14.5243617876756,4.95845639893707,0.244279270468979,0.0747743171338103,11.8875621890061,0.959,1,1000,direct,Rhampholeon_beraduccii,False,False,,,
729,3686,Typhlops_caymanensis,Cayman Worm Snake,Squamata,Typhlopidae,EN,3.47599699023686,2.52674896009286,7.47242136800787,3.68878943645829,0.497013959182841,0.274988525847664,6.3445425804748,0.709,1,1000,GBIF_accepted,Cubatyphlops_caymanensis,False,False,,,
731,4044,Acanthodactylus_ahmaddisii,,Squamata,Lacertidae,EN,3.47212326071736,4.84937194195407,6.99272738916668,9.60413051550321,0.476041466934143,0.289672208483767,8.66523639024563,0.579,1,1000,direct,Acanthodactylus_ahmaddisii,False,False,,,
733,1032,Chalcides_mauritanicus,Two-fingered Skink,Squamata,Scincidae,VU,3.46776552012976,2.08759129704418,15.1655102522381,7.81653877518919,0.240588905719717,0.0758067937001075,13.2489239519417,0.862,1,1000,direct,Chalcides_mauritanicus,False,False,,,
735,3971,Phyllodactylus_delsolari,,Squamata,Phyllodactylidae,EN,3.46427712982785,4.72993663262728,7.09453130064326,9.82800125738684,0.499215959208374,0.282428848077195,8.38526332731933,0.586,1,1000,direct,Phyllodactylus_delsolari,False,False,,,
736,1066,Brygophis_coulangesi,,Unassigned,Unassigned,VU,3.45971368267909,3.12452692467704,14.9040391577276,12.8170899058208,0.243918279101649,0.0785048030632138,14.9029521336929,0.835,1,1000,GBIF_iucn_link,Brygophis_coulangesi,False,False,,,
737,3855,Delma_impar,Striped Legless Lizard,Squamata,Pygopodidae,EN,3.45789907036372,2.1461948018853,7.24841495045291,2.9194479658259,0.48996170292027,0.286908011364134,6.94902273289865,0.732,1,1000,direct,Delma_impar,False,False,,,
738,3903,Abronia_montecristoi,Monte Cristo Arboreal Alligator Lizard,Squamata,Anguidae,EN,3.43987309611557,3.85064879136162,7.17873911786725,7.13077017595532,0.483998942665454,0.264407457157822,6.26976541678061,0.6,1,1000,direct,Abronia_montecristoi,False,False,,,
739,3749,Scelotes_kasneri,Kasner's Dwarf Burrowing Skink,Squamata,Scincidae,EN,3.43786260384373,2.49914589367012,7.39256343806725,3.57701380846064,0.479968490225367,0.286334522775891,6.60788114774899,0.723,1,1000,direct,Scelotes_kasneri,False,False,,,
742,4091,Procellosaurinus_tetradactylus,,Squamata,Gymnophthalmidae,EN,3.42731339066756,2.20250542268502,6.93405348747438,3.40699074649575,0.485105966276334,0.279207202519643,6.5107651778315,0.652,1,1000,direct,Procellosaurinus_tetradactylus,False,False,,,
743,4192,Phyllodactylus_angustidigitus,Narrow Leaf-toed Gecko,Squamata,Phyllodactylidae,EN,3.42727461259024,5.21178385184342,6.80094404353321,9.74006550206261,0.497009941019367,0.282428848077195,8.47841591232383,0.556,1,1000,direct,Phyllodactylus_angustidigitus,False,False,,,
744,4267,Furcifer_nicosiai,,Squamata,Chamaeleonidae,EN,3.42530038863825,1.93615712409431,6.69853123376474,2.2807908217125,0.488498447285739,0.276323381575044,6.7811341518187,0.727,1,1000,direct,Furcifer_nicosiai,False,False,,,
745,1009,Stenocercus_limitaris,,Squamata,Tropiduridae,VU,3.42330515627001,3.46741723968651,15.2889199289114,13.9608675795877,0.245560021996505,0.0746891602195978,12.2931611366725,0.772,1,1000,direct,Stenocercus_limitaris,False,False,,,
747,4228,Pygomeles_petteri,,Squamata,Scincidae,EN,3.41531951228565,4.00523705067902,6.74864552324688,7.85735404568599,0.48253345780319,0.302981639482806,7.4587469239596,0.564,1,1000,direct,Pygomeles_petteri,False,False,,,
748,4085,Pseudoxyrhopus_kely,,Squamata,Pseudoxyrhophiidae,EN,3.40592125103909,4.03075521964646,6.94290125037156,8.09989933502586,0.482284987725897,0.280339555610057,7.21520364681629,0.568,1,1000,direct,Pseudoxyrhopus_kely,False,False,,,
751,3913,Abronia_gaiophantasma,Brilliant Arboreal Alligator Lizard,Squamata,Anguidae,EN,3.380263675817,3.65251580938154,7.16623485496044,7.12403109243999,0.483998942665454,0.26431251686162,6.03105568280169,0.59,1,1000,direct,Abronia_gaiophantasma,False,False,,,
752,4013,Celestus_haetianus,,Squamata,Diploglossidae,EN,3.37464169767289,3.09929005977183,7.03854023489255,5.65132853484812,0.485010383861242,0.26872823201214,5.29828161407968,0.612,1,1000,GBIF_iucn_link,Celestus_haetianus,False,False,,,
753,3820,Eutropis_quadratilobus,,Squamata,Scincidae,EN,3.3742330201821,4.60518775907076,7.30289651752808,8.19428831793361,0.471222188353563,0.300373734752779,7.97809128904387,0.58,1,1000,direct,Eutropis_quadratilobus,False,False,,,
754,3705,Varanus_komodoensis,Komodo Dragon,Squamata,Varanidae,EN,3.37093996916105,2.24096646051318,7.44288115675234,3.22652686547467,0.478118147545573,0.257981644719699,6.65959360909763,0.729,1,1000,direct,Varanus_komodoensis,False,False,,,
755,4016,Cyclura_cornuta,Hispaniolan Rhinoceros Iguana,Squamata,Iguanidae,EN,3.3708786787611,1.82412696966415,7.03454933215854,1.89646744213167,0.491091093131507,0.267904270728808,6.14687435944515,0.791,1,1000,direct,Cyclura_cornuta,False,False,,,
756,4089,Celestus_agasepsoides,,Squamata,Diploglossidae,EN,3.35204462024778,3.17862001454215,6.93884291813172,5.5534559063077,0.48587585238337,0.270119456198695,5.03629541317213,0.6,1,1000,GBIF_iucn_link,Celestus_agasepsoides,False,False,,,
757,3925,Cynisca_schaeferi,Cameroon Worm Lizard,Squamata,Amphisbaenidae,EN,3.34822901725029,4.50015102755766,7.15890294806586,8.90216659354788,0.482213169737514,0.27081882583176,7.08990792443009,0.581,1,1000,direct,Cynisca_schaeferi,False,False,,,
759,4145,Lankascincus_sripadensis,Sripada Forest Skink,Squamata,Scincidae,EN,3.33125900050537,4.91728733770417,6.8654660937665,9.36419411601956,0.467893852198415,0.297003712955177,7.01331195462648,0.56,1,1000,direct,Lankascincus_sripadensis,False,False,,,
760,4122,Abronia_martindelcampoi,Martín del Campo’s Arboreal Alligator Lizard,Squamata,Anguidae,EN,3.32767522928441,3.52087297695842,6.89737208566364,6.96411015291985,0.483998942665454,0.264407457157822,5.82908386762479,0.587,1,1000,direct,Abronia_martindelcampoi,False,False,,,
761,4124,Spondylurus_nitidus,Puerto Rican Skink,Squamata,Scincidae,EN,3.32697750726065,2.50623437334014,6.89513284316459,4.31061874521886,0.478029208667757,0.29152482138097,3.53528972395991,0.62,1,1000,direct,Spondylurus_nitidus,False,False,,,
762,4134,Spondylurus_powelli,Anguilla Bank Skink,Squamata,Scincidae,EN,3.32621362726011,1.98320112748992,6.88158321438777,1.98242533493176,0.477050243744744,0.292090223009236,1.7416026499974,0.76,1,1000,direct,Spondylurus_powelli,False,False,,,
764,4069,Abronia_salvadorensis,Salvador Arboreal Alligator Lizard,Squamata,Anguidae,EN,3.3164940335844,3.57628038883846,6.96412157285638,6.7777971535702,0.483998942665454,0.263792622698206,5.65867019288506,0.589,1,1000,direct,Abronia_salvadorensis,False,False,,,
766,4222,Phyllodactylus_johnwrighti,Rio Huancabamba Leaf-toed Gecko,Squamata,Phyllodactylidae,EN,3.3087193774479,4.56984164008632,6.75562680634754,9.28108103839019,0.497009941019367,0.283140611039417,7.92599085674096,0.553,1,1000,direct,Phyllodactylus_johnwrighti,False,False,,,
767,4185,Oligosoma_lineoocellatum,Spotted Skink,Squamata,Scincidae,EN,3.30811291802238,1.82860173860595,6.81022229515531,2.0124353391963,0.493606240137023,0.273400424925082,5.3642068319763,0.739,1,1000,direct,Oligosoma_lineoocellatum,False,False,,,
769,1247,Anolis_hendersoni,Henderson's Anole,Squamata,Anolidae,VU,3.29098073582906,1.36651165936006,13.79361640953,4.02744696676823,0.246119373824057,0.0757775293640531,7.8568790865942,0.99,1,1000,direct,Anolis_hendersoni,False,False,,,
771,4147,Eurolophosaurus_amathites,Amathites Lava Lizard,Squamata,Tropiduridae,EN,3.2877034742765,1.90360040962495,6.86360703959097,2.71847230813118,0.486698266241793,0.273128695878439,6.487424784084,0.693,1,1000,direct,Eurolophosaurus_amathites,False,False,,,
772,4253,Calotes_pethiyagodai,Pethiyagoda’s Crestless Lizard,Squamata,Agamidae,EN,3.28431119179626,4.19101542830759,6.71911775090933,8.30619032069983,0.476972310302321,0.290195675994627,7.21648053827389,0.565,1,1000,direct,Calotes_pethiyagodai,False,False,,,
774,4486,Phelsuma_rosagularis,Upland Forest Day Gecko,Squamata,Gekkonidae,EN,3.27760531240594,2.08167872932475,6.42889929292081,2.31594686401324,0.501084614596922,0.304455296531743,6.516222455295,0.677,1,1000,direct,Phelsuma_rosagularis,False,False,,,
776,4238,Ameivula_nativo,,Squamata,Teiidae,EN,3.27222550309908,4.61472530045525,6.73667416848225,8.79077606600649,0.494519151962206,0.287398402527044,7.39485302290824,0.551,1,1000,direct,Ameivula_nativo,False,False,,,
777,4196,Oligosoma_chloronoton,Green Skink,Squamata,Scincidae,EN,3.27153656409133,1.84347377721284,6.79378038193912,2.00562804682983,0.493208600286555,0.272668305374605,5.3751057435604,0.736,1,1000,direct,Oligosoma_chloronoton,False,False,,,
778,4239,Lankascincus_greeri,,Squamata,Scincidae,EN,3.26470461672749,4.70897472437279,6.73658650985569,9.23359388596976,0.468981847956093,0.300885052273734,6.58212518950535,0.554,1,1000,direct,Lankascincus_greeri,False,False,,,
779,1286,Correlophus_ciliatus,Crested Gecko,Squamata,Diplodactylidae,VU,3.25561558266272,1.24365879176714,13.5683112243403,3.6964077387591,0.243343032568789,0.0785354847994211,9.22138268768368,1.0,1,1000,direct,Correlophus_ciliatus,False,False,,,
780,1274,Leiolepis_ngovantrii,Ngo Van Tri’s Lady Butterfly Lizard,Squamata,Agamidae,VU,3.25533678744048,5.22408675624759,13.6143084530033,20.6705924418304,0.244500375755957,0.0766744621544317,19.7669921869041,0.777,1,1000,direct,Leiolepis_ngovantrii,False,False,,,
783,1186,Lerista_christinae,Bold-striped Slider,Squamata,Scincidae,VU,3.24698814912059,1.49001948716186,14.1675120560557,4.01283045648338,0.243951717476434,0.0794587379066076,12.1644092668346,0.895,1,1000,direct,Lerista_christinae,False,False,,,
784,4224,Morunasaurus_groi,,Unassigned,Unassigned,EN,3.24697300430648,3.74457211273679,6.75159401341474,7.34758837035026,0.492198462339889,0.269873736031842,6.9410591381785,0.575,1,1000,GBIF_iucn_link,Morunasaurus_groi,False,False,,,
785,1284,Teuchocercus_keyi,Key Tegu,Squamata,Gymnophthalmidae,VU,3.24329207541282,1.93025142876514,13.5758545280966,7.42930932458157,0.242486239907696,0.0778823895581422,14.508708212123,0.952,1,1000,GBIF_accepted,Echinosaura_keyi,False,False,,,
786,4104,Synophis_bicolor,Two-coloured Fishing Snake,Squamata,Dipsadidae,EN,3.24159473972617,2.29648883103699,6.91711983651777,2.85744023082947,0.497307899702545,0.295713058362292,5.12545531133961,0.677,1,1000,direct,Synophis_bicolor,False,False,,,
787,4257,Lankascincus_munindradasai,Ceylon Tree Skink,Squamata,Scincidae,EN,3.22964154510924,4.8493190396406,6.71447709309069,8.59888549732125,0.467893852198415,0.29673140135656,6.63831401378082,0.572,1,1000,GBIF_accepted,Lankascincus_taprobanensis,False,False,,,
788,1176,Sceloporus_megalepidurus,,Squamata,Phrynosomatidae,VU,3.22561200968515,1.53187242925974,14.2352830166291,3.83929988041785,0.244627741986313,0.0787206011700892,11.7192926508629,0.866,1,1000,direct,Sceloporus_megalepidurus,False,False,,,
791,1278,Correlophus_sarasinorum,Sarasin's Giant Gecko,Squamata,Diplodactylidae,VU,3.21544190216056,1.24436404942408,13.5916263779845,3.72555385045142,0.243343032568789,0.0786464769988647,9.4313039440747,1.0,1,1000,direct,Correlophus_sarasinorum,False,False,,,
792,4430,Nannoscincus_garrulus,,Squamata,Scincidae,EN,3.20797221251621,1.74251110146989,6.50773938247127,1.98153667002695,0.486092813656229,0.272238310017156,5.982280666445,0.715,1,1000,direct,Nannoscincus_garrulus,False,False,,,
793,4346,Lankascincus_taprobanensis,Ceylon Tree Skink,Squamata,Scincidae,EN,3.20693401469135,4.84630217389882,6.61083698603012,9.20759055822373,0.467893852198415,0.297003712955177,6.34894592811483,0.54,1,1000,direct,Lankascincus_taprobanensis,False,False,,,
794,4186,Abronia_deppii,Deppe’s Arboreal Alligator Lizard,Squamata,Anguidae,EN,3.20610160774848,3.69703552050901,6.80836185694364,6.92424536068722,0.482566466455683,0.263815854684572,5.80837628163088,0.584,1,1000,direct,Abronia_deppii,False,False,,,
796,4165,Abronia_meledona,,Squamata,Anguidae,EN,3.201129170676,3.62494954440538,6.84134538976024,7.22425832486563,0.483998942665454,0.26431251686162,5.84222354699224,0.552,1,1000,direct,Abronia_meledona,False,False,,,
797,4465,Hemidactylus_pieresii,,Squamata,Gekkonidae,EN,3.19863320651874,3.9485845871427,6.4711098705963,7.82445092981023,0.508360936931233,0.292364883062108,6.92698822769678,0.541,1,1000,direct,Hemidactylus_pieresii,False,False,,,
798,4377,Cnemaspis_niyomwanae,Niyomwan’s Rock Gecko,Squamata,Gekkonidae,EN,3.19511104722081,1.93172671501663,6.56839000438294,2.5648700613216,0.493709831966974,0.264161931554573,6.18248059581142,0.659,1,1000,direct,Cnemaspis_niyomwanae,False,False,,,
799,4416,Voeltzkowia_mira,,Squamata,Scincidae,EN,3.19228679983195,3.67040675198926,6.52544806653468,6.86242597269049,0.482799067392854,0.301880607259261,7.30706554392032,0.557,1,1000,direct,Voeltzkowia_mira,False,False,,,
801,4362,Prosymna_semifasciata,Banded Shovel-snout,Squamata,Prosymnidae,EN,3.18076898856326,4.70778912731178,6.59146404704815,9.56914124483058,0.478057481906502,0.280660705735678,8.58649270317899,0.56,1,1000,direct,Prosymna_semifasciata,False,False,,,
802,4452,Ameivula_littoralis,,Squamata,Teiidae,EN,3.17811740345585,4.31979322472169,6.48546010286204,7.88962630938738,0.495628986648866,0.290623154168424,6.91515290233206,0.538,1,1000,GBIF_accepted,Glaucomastix_littoralis,False,False,,,
803,1324,Paroedura_sanctijohannis,Comoro Ground Gecko,Squamata,Gekkonidae,VU,3.17793267744851,1.22516352849419,13.3598096771414,3.64759759577693,0.245410557573484,0.0806233806208068,12.1822213550756,0.976,1,1000,direct,Paroedura_sanctijohannis,False,False,,,
804,4396,Pseudocalotes_poilani,Laotian False Bloodsucker,Squamata,Agamidae,EN,3.17620339492263,4.41456605598498,6.54937874846065,8.35117050330086,0.473166815814561,0.282513516383292,7.36344245805356,0.553,1,1000,direct,Pseudocalotes_poilani,False,False,,,
805,4309,Acanthodactylus_savignyi,Savigny's Fringe-fingered Lizard,Squamata,Lacertidae,EN,3.17583879017853,4.36944006952534,6.65402277825525,8.63800280367629,0.473934003899485,0.28631099825196,8.13645823810208,0.556,1,1000,direct,Acanthodactylus_savignyi,False,False,,,
806,4626,Anolis_inexpectatus,Pineland Bush Anole,Squamata,Anolidae,EN,3.17019596836123,1.98255251546786,6.26812724507572,2.64053245510252,0.500772094762007,0.292786249394335,5.4206080470253,0.58,1,1000,direct,Anolis_inexpectatus,False,False,,,
807,1297,Rhacodactylus_trachyrhynchus,Rough-snouted Giant Gecko,Squamata,Diplodactylidae,VU,3.16984670844012,1.29675338522186,13.4900682550787,3.74390133961007,0.243492626696667,0.0793226420721193,1.6448305599928,1.0,1,1000,direct,Rhacodactylus_trachyrhynchus,False,False,,,
810,1383,Oligosoma_lichenigera,Lord Howe and Norfolk Islands Skink,Squamata,Scincidae,VU,3.16305125382508,1.06473725268854,13.11173057,3.50814181933897,0.245780719788718,0.0758064089726139,13.201932956357,0.997,1,1000,GBIF_accepted,Oligosoma_lichenigerum,False,False,,,
811,4570,Hemidactylus_scabriceps,Scaly Gecko,Squamata,Gekkonidae,EN,3.14861770990392,3.85271413432514,6.33377457452686,7.20823655397342,0.500575083189969,0.273315898288934,7.34931213107051,0.535,1,1000,direct,Hemidactylus_scabriceps,False,False,,,
813,1402,Christinus_guentheri,Lord Howe Island Southern Gecko,Squamata,Gekkonidae,VU,3.14592741871234,1.12705918085769,13.0001591076194,3.72875758024396,0.244923245347486,0.0801997893753568,13.210608514831,1.0,1,1000,direct,Christinus_guentheri,False,False,,,
814,1377,Lepidodactylus_manni,Viti Forest Gecko,Squamata,Gekkonidae,VU,3.14568550029415,4.5613343749774,13.1441077210503,20.4476153378141,0.249095306074778,0.0797935735813972,8.09912305585532,0.842,1,1000,direct,Lepidodactylus_manni,False,False,,,
815,4710,Cyrtodactylus_phuquocensis,Phu Quoc Bent–toed Gecko,Squamata,Gekkonidae,EN,3.14001299897998,4.51309021341435,6.18370404798997,8.4952087785331,0.494926775826706,0.264532948116048,7.0961623099968,0.52,1,1000,direct,Cyrtodactylus_phuquocensis,False,False,,,
816,4544,Calumma_glawi,,Squamata,Chamaeleonidae,EN,3.13968653852325,1.78143099071534,6.35922818235545,2.41909688854232,0.488670182987714,0.275165794490102,4.1073633873397,0.598,1,1000,direct,Calumma_glawi,False,False,,,
818,1294,Perochirus_ateles,Micronesia Saw-tailed Gecko,Squamata,Gekkonidae,VU,3.13421850028581,4.63960342430081,13.5240520599238,19.3825577355631,0.245771469441435,0.0810514736294813,13.8990027650316,0.766,1,1000,direct,Perochirus_ateles,False,False,,,
819,4369,Abronia_fuscolabialis,Mount Zempoaltepec Alligator Lizard,Squamata,Anguidae,EN,3.12799422433926,3.55911613507426,6.5772444777192,6.95582651632175,0.483998942665454,0.265499109254951,5.69273674328158,0.547,1,1000,direct,Abronia_fuscolabialis,False,False,,,
820,4466,Cyrtodactylus_sworderi,Johore Bow-fingered Gecko,Squamata,Gekkonidae,EN,3.12079923568311,2.0392417857953,6.46556879213041,2.75187919413229,0.495801468598124,0.264680656891893,5.9723937072409,0.639,1,1000,direct,Cyrtodactylus_sworderi,False,False,,,
821,4501,Calumma_andringitraense,,Squamata,Chamaeleonidae,EN,3.11897945943389,1.85187836876372,6.40789755241339,2.32583937253724,0.488579048739054,0.274877292655751,4.1180454648693,0.612,1,1000,direct,Calumma_andringitraense,False,False,,,
824,4560,Typhlops_proancylops,La Selle Blindsnake,Squamata,Typhlopidae,EN,3.1075858987376,2.24055145487574,6.3459808814234,2.87392238365392,0.500221776211044,0.274906728659077,5.50436865859982,0.594,1,1000,direct,Typhlops_proancylops,False,False,,,
828,4599,Amphisbaena_caudalis,Cayemite Long-tailed Amphisbaena,Squamata,Amphisbaenidae,EN,3.09176269597526,4.32745506862603,6.295859397557,8.52656762996508,0.472852874059887,0.266857484723523,6.88282071188468,0.53,1,1000,direct,Amphisbaena_caudalis,False,False,,,
830,4668,Cyclura_lewisi,Grand Cayman Blue Iguana,Squamata,Iguanidae,EN,3.08633616303437,3.09632178608868,6.2263567181802,6.08183256375757,0.491091093131507,0.26939317078088,4.39590674047648,0.529,1,1000,direct,Cyclura_lewisi,False,False,,,
832,4474,Atheris_desaixi,Ashe's Bush Viper,Squamata,Viperidae,EN,3.07821782072289,2.75839489382412,6.44457639485884,4.85061404704666,0.49629074881749,0.291509137090389,5.7701808248196,0.561,1,1000,direct,Atheris_desaixi,False,False,,,
834,4630,Acanthosaura_titiwangsaensis,Titiwangsa Horned Tree Lizard,Squamata,Agamidae,EN,3.07699072078137,3.97457682378794,6.26023938653904,7.86690716036451,0.476972310302321,0.290195675994627,7.2576850415994,0.523,1,1000,direct,Acanthosaura_titiwangsaensis,False,False,,,
835,4926,Hemidactylus_makolowodei,,Squamata,Gekkonidae,EN,3.07499232036636,4.1015234004809,5.97470889014281,7.28229806771632,0.507765109022094,0.283599133586444,6.85137629590781,0.511,1,1000,direct,Hemidactylus_makolowodei,False,False,,,
836,1282,Anolis_otongae,,Squamata,Anolidae,VU,3.06465250251412,1.8764005210512,13.5793857172746,7.23452988450656,0.243998201655459,0.0778115198058614,11.4654209316552,0.833,1,1000,direct,Anolis_otongae,False,False,,,
837,4615,Anolis_pygmaeus,,Squamata,Anolidae,EN,3.05996829776936,4.53075036162566,6.27457671594654,8.80897702141238,0.500967625448778,0.283171213073779,6.99195127622528,0.527,1,1000,direct,Anolis_pygmaeus,False,False,,,
838,5024,Amerotyphlops_trinitatus,Trinidad Worm Snake,Squamata,Typhlopidae,EN,3.05799054409709,4.17360951814391,5.89953094241575,8.03453105038419,0.502628324176682,0.274168004482481,6.99772056649531,0.501,1,1000,direct,Amerotyphlops_trinitatus,False,False,,,
840,4482,Calotes_aurantolabium,Orange-lipped Forest Lizard,Squamata,Agamidae,EN,3.05067760474236,4.00326644991852,6.43178386220243,7.51854604544126,0.475126498256118,0.290585821274925,6.8847681223946,0.534,1,1000,GBIF_accepted,Microauris_aurantolabium,False,False,,,
841,4671,Uropeltis_madurensis,Madura Earth Snake,Squamata,Uropeltidae,EN,3.04488945388062,4.16110610029807,6.22303164217848,8.05170850386245,0.491029620967453,0.280669549303619,7.09851715786748,0.525,1,1000,direct,Uropeltis_madurensis,False,False,,,
846,4863,Cynisca_oligopholis,Cassine River Worm Lizard,Squamata,Amphisbaenidae,EN,3.03298117089249,4.21899591557723,6.03607716096073,8.1632536351095,0.477873992604072,0.269464524948549,6.20607184759557,0.512,1,1000,direct,Cynisca_oligopholis,False,False,,,
848,1400,Diplodactylus_polyophthalmus,Spotted Sandplain Gecko,Squamata,Diplodactylidae,VU,3.02634540863462,1.75480713255518,13.0072115517273,6.01397031049561,0.245197436096022,0.0783527094959269,11.9788714632016,0.862,1,1000,direct,Diplodactylus_polyophthalmus,False,False,,,
849,4768,Amphisbaena_scutigerum,Shielded Worm Lizard,Squamata,Amphisbaenidae,EN,3.02479514078742,4.02778624497901,6.12942744396269,7.8576332959941,0.476851610225868,0.261654868248124,6.66476695323875,0.513,1,1000,GBIF_accepted,Leposternon_scutigerum,False,False,,,
850,4732,Cnemaspis_kandiana,Kandy Day Gecko,Squamata,Gekkonidae,EN,3.02099504546439,2.26089374045386,6.16393267740051,3.55983105208289,0.495929123819793,0.283857615628043,4.21454788606419,0.544,1,1000,direct,Cnemaspis_kandiana,False,False,,,
851,4784,Amphisbaena_uroxena,,Squamata,Amphisbaenidae,EN,3.01910317454431,3.98465550724441,6.11911091729972,8.05991951482773,0.477873992604072,0.272383228831224,6.87650667821833,0.516,1,1000,direct,Amphisbaena_uroxena,False,False,,,
853,1376,Acanthodactylus_felicis,South Arabian Fringe-toed Lizard,Squamata,Lacertidae,VU,3.01540218182877,1.79974542055867,13.1447188561882,6.15647147544428,0.240289395330176,0.0798479814670747,11.8339866029156,0.844,1,1000,direct,Acanthodactylus_felicis,False,False,,,
854,1442,Leiocephalus_psammodromus,Turks and Caicos Curlytail,Squamata,Tropiduridae,VU,3.01348229650689,2.61244384761442,12.7815583426401,11.1508738467011,0.245983013163148,0.0775804974927916,9.97996242001448,0.791,1,1000,direct,Leiocephalus_psammodromus,False,False,,,
856,4826,Takydromus_sikkimensis,Sikkim Grass Lizard,Squamata,Lacertidae,EN,2.99757882609244,4.75806095961788,6.07672595041161,9.36445947505964,0.482213169737514,0.277553258462831,7.5625125947229,0.514,1,1000,direct,Takydromus_sikkimensis,False,False,,,
858,1382,Bothrocophias_campbelli,,Squamata,Viperidae,VU,2.99589138340656,1.70353399788033,13.1144232996156,6.23579369615243,0.243543412026614,0.0781444240532484,11.2940655342961,0.853,1,1000,direct,Bothrocophias_campbelli,False,False,,,
859,4565,Amphisbaena_octostegum,Dumeril's Worm Lizard,Squamata,Amphisbaenidae,EN,2.99111586902288,4.00230216531946,6.3381361531935,8.11280238451162,0.472852874059887,0.266143367047079,6.95715447716943,0.529,1,1000,GBIF_accepted,Leposternon_octostegum,False,False,,,
861,4721,Chioninia_vaillantii,,Squamata,Scincidae,EN,2.98698445321743,2.06117321040193,6.17350665277808,2.92893477307535,0.47522909821409,0.293389702743632,5.83486801027265,0.56,1,1000,direct,Chioninia_vaillantii,False,False,,,
864,4787,Cyrtodactylus_khelangensis,Lampang Bent-toed Gecko,Squamata,Gekkonidae,EN,2.96929037813141,3.84772735637676,6.11734367896424,7.26219523529699,0.497033379845029,0.265015806239765,6.85018033048437,0.512,1,1000,direct,Cyrtodactylus_khelangensis,False,False,,,
865,4951,Saltuarius_eximius,,Squamata,Carphodactylidae,EN,2.96734407830849,4.0223185776728,5.9520673997644,7.59001653612995,0.493038262970142,0.289095066435884,7.9679506442908,0.503,1,1000,direct,Saltuarius_eximius,False,False,,,
866,4759,Iberolacerta_aurelioi,Aurelio's Rock Lizard,Squamata,Lacertidae,EN,2.96725812286494,1.92903638296365,6.13794612361407,2.3102561348629,0.479651248545996,0.275646408461617,6.143466278183,0.553,1,1000,direct,Iberolacerta_aurelioi,False,False,,,
868,4983,Naultinus_gemmeus,Jewelled Gecko,Squamata,Diplodactylidae,EN,2.9649546877132,1.73372226244289,5.9198340234883,2.02504502777887,0.485661000176803,0.286613963800097,6.060442809533,0.527,1,1000,direct,Naultinus_gemmeus,False,False,,,
870,4593,Lycodryas_guentheri,,Squamata,Pseudoxyrhophiidae,EN,2.95825121054311,3.09372266487105,6.30742055183686,5.54678655682791,0.486148968162752,0.279080518788838,6.1135162177117,0.537,1,1000,direct,Lycodryas_guentheri,False,False,,,
871,1490,Tarentola_chazaliae,Helmethead Gecko,Squamata,Phyllodactylidae,VU,2.94766328417844,1.3722625868954,12.5311336141134,3.89236590996277,0.247288515736599,0.0777598895302579,11.4578017586317,0.891,1,1000,direct,Tarentola_chazaliae,False,False,,,
873,4846,Anolis_proboscis,Proboscis Anole,Squamata,Anolidae,EN,2.94595845813198,4.69878449168309,6.04902101529923,8.68008256935761,0.492127639718649,0.286954982086498,6.58933972827936,0.51,1,1000,direct,Anolis_proboscis,False,False,,,
875,4967,Oligosoma_grande,Grand Skink,Squamata,Scincidae,EN,2.94311192500602,1.49949384288848,5.9417063102359,1.49183090499635,0.493995306423265,0.272362419285625,5.6282802025118,0.516,1,1000,direct,Oligosoma_grande,False,False,,,
877,4777,Thamnosophis_martae,,Squamata,Pseudoxyrhophiidae,EN,2.94091578519038,1.711547988543,6.12274858258275,1.70156334869282,0.482284987725897,0.282370453626216,5.808317720612,0.588,1,1000,direct,Thamnosophis_martae,False,False,,,
882,4700,Amphisbaena_carvalhoi,,Squamata,Amphisbaenidae,EN,2.9368431049111,3.96263883536635,6.19442198129802,7.73533176991532,0.483345061909206,0.272100928495374,6.63914190721978,0.522,1,1000,direct,Amphisbaena_carvalhoi,False,False,,,
884,4932,Oligosoma_longipes,Long-toed Skink,Squamata,Scincidae,EN,2.93508158399165,1.68045384726366,5.97124423617574,1.79350859797018,0.495756692612462,0.272293241465829,5.9058833959959,0.538,1,1000,direct,Oligosoma_longipes,False,False,,,
885,1593,Cnemaspis_indica,Nilgiri Dwarf Gecko,Squamata,Gekkonidae,VU,2.9303504772461,3.50173555720946,12.1277096272218,14.4998717018852,0.244935658266975,0.0764247248174417,10.7260874873635,0.776,1,1000,direct,Cnemaspis_indica,False,False,,,
887,4969,Oligosoma_levidensum,Slight Skink,Squamata,Scincidae,EN,2.91155693985124,1.57126799770762,5.94066584219012,1.93689511422284,0.496141352536301,0.275104192333504,5.93321420039779,0.522,1,1000,direct,Oligosoma_levidensum,False,False,,,
888,4818,Amphisbaena_frontalis,,Squamata,Amphisbaenidae,EN,2.90827236691011,4.11551408524087,6.08759049726126,7.72398314781341,0.474184508711511,0.26623248317721,6.716159736433,0.509,1,1000,direct,Amphisbaena_frontalis,False,False,,,
891,4761,Cyrtodactylus_fraenatus,Sri Lanka Bow-fingered Gecko,Squamata,Gekkonidae,EN,2.89850294918042,3.60540507699122,6.13586584693915,7.38960901605967,0.497033379845029,0.264439621967011,6.57607465338392,0.517,1,1000,direct,Cyrtodactylus_fraenatus,False,False,,,
892,1533,Cnemaspis_gemunu,,Squamata,Gekkonidae,VU,2.88762072711934,2.59224149126401,12.3234079111747,10.7548561332031,0.244695223739777,0.0766904372555196,9.53137227184614,0.803,1,1000,direct,Cnemaspis_gemunu,False,False,,,
895,1726,Lycognathophis_seychellensis,Seychelles Wolf Snake,Squamata,Natricidae,VU,2.86876804162922,3.49752279489498,11.6229131487404,14.6565745037532,0.245224206144522,0.0749312838220562,12.485060340685,0.761,1,1000,direct,Lycognathophis_seychellensis,False,False,,,
898,1403,Trachylepis_tavaratra,,Squamata,Scincidae,VU,2.84987287648629,2.70268132716615,12.995961147614,10.6689029087732,0.238815345054374,0.0802010064020584,11.0118430345985,0.747,1,1000,direct,Trachylepis_tavaratra,False,False,,,
899,1655,Cnemaspis_otai,Vellore Day Gecko,Squamata,Gekkonidae,VU,2.84903865376733,3.57746123127346,11.8765494056592,14.3721198665305,0.244189602980791,0.0762572350244468,10.572652261896,0.776,1,1000,direct,Cnemaspis_otai,False,False,,,
900,4966,Sphenomorphus_tropidonotus,,Squamata,Scincidae,EN,2.84797303807556,3.92610847497069,5.94203159147203,7.74810480364741,0.494880871160539,0.273989508824772,6.70635668030783,0.508,1,1000,direct,Sphenomorphus_tropidonotus,False,False,,,
902,1573,Plestiodon_reynoldsi,Florida Sand Skink,Squamata,Scincidae,VU,2.83876677179786,1.20023210766128,12.2039695994576,3.3626716071831,0.239603087940731,0.0739261465477668,10.8053661653086,0.903,1,1000,direct,Plestiodon_reynoldsi,False,False,,,
905,5022,Lycodon_carinatus,Ceylon Wolf Snake,Squamata,Colubridae,EN,2.8263054625547,4.2405952776265,5.90023980786274,9.03681958555662,0.487789885160026,0.281948650084115,6.50963268947238,0.503,1,1000,direct,Lycodon_carinatus,False,False,,,
909,4862,Calotes_manamendrai,Manamendra-Arachchi’s Whistling Lizard,Squamata,Agamidae,EN,2.82299095158304,4.15475289266763,6.03610303128592,8.27406659671178,0.475126498256118,0.290195675994627,6.86610193841226,0.51,1,1000,direct,Calotes_manamendrai,False,False,,,
915,5031,Anolis_ahli,Ahl's Anole,Squamata,Anolidae,EN,2.80084270019206,1.93849720935493,5.89480590414853,2.50620527484957,0.50153476628034,0.283352155392621,5.0686296514915,0.501,1,1000,direct,Anolis_ahli,False,False,,,
916,1678,Alsophylax_szczerbaki,Szczerbak’s Even-fingered Gecko,Squamata,Gekkonidae,VU,2.79978996082209,3.54437709129238,11.7697011789463,14.4254160948533,0.244792570292944,0.0721796298064102,10.400429105508,0.758,1,1000,direct,Alsophylax_szczerbaki,False,False,,,
924,1730,Alsophylax_loricatus,Strauch's Even-fingered Gecko,Squamata,Gekkonidae,VU,2.78355640228626,3.95126339194783,11.6085402566301,15.7371428261681,0.245093523654252,0.0727523300967199,10.5544481215081,0.75,1,1000,direct,Alsophylax_loricatus,False,False,,,
930,1657,Chalcides_guentheri,,Squamata,Scincidae,VU,2.77403621073726,1.54298751922652,11.8745929688109,5.58640312532389,0.240398307347324,0.0758860690586729,10.6966533213985,0.846,1,1000,direct,Chalcides_guentheri,False,False,,,
931,1735,Cnemaspis_jerdonii,Jerdon’s Day Gecko,Squamata,Gekkonidae,VU,2.77310722754964,3.80822765998969,11.5984098297046,14.9847249820463,0.244054583387585,0.0760023756848065,10.5595094234401,0.755,1,1000,direct,Cnemaspis_jerdonii,False,False,,,
933,1695,Polychrus_peruvianus,,Squamata,Polychrotidae,VU,2.76231313210699,3.25668721245362,11.728305144332,14.050259323787,0.244653701337996,0.0752144776974126,14.3528721288364,0.771,1,1000,direct,Polychrus_peruvianus,False,False,,,
935,1561,Rhampholeon_nebulauctor,Mount Chiperone Pygmy Chameleon,Squamata,Chamaeleonidae,VU,2.757307873012,2.54463664640932,12.2357166071971,9.72432963614199,0.243912489268519,0.0750208963622694,8.45647017441023,0.816,1,1000,direct,Rhampholeon_nebulauctor,False,False,,,
944,1684,Cnemaspis_clivicola,,Squamata,Gekkonidae,VU,2.73617365858091,3.37559289861639,11.7499280327726,13.4889036324611,0.244407331314883,0.0765997097936696,10.2444162201337,0.76,1,1000,GBIF_accepted,Cnemaspis_upendrai,False,False,,,
947,1812,Aspidura_brachyorrhos,Boie's Rough-sided Snake,Squamata,Natricidae,VU,2.73076244885866,2.11645870813861,11.3171749436669,8.40383597647801,0.243815279424788,0.0778909005902639,7.9498306672996,0.885,1,1000,direct,Aspidura_brachyorrhos,False,False,,,
953,1786,Aspidura_guentheri,Günther's Rough-sided Snake,Squamata,Natricidae,VU,2.70458733876885,1.33350403239151,11.4083584119526,4.79806232944604,0.243769251416132,0.0781624835278039,6.51670466106122,0.929,1,1000,direct,Aspidura_guentheri,False,False,,,
955,1703,Bothrops_lojanus,,Squamata,Viperidae,VU,2.69471279322662,1.71979484568121,11.6933888044923,6.46308414789157,0.243543412026614,0.0781444240532484,9.8266186343341,0.824,1,1000,GBIF_accepted,Bothrocophias_lojanus,False,False,,,
956,1806,Brachymeles_cebuensis,Cebu Small Worm Skink,Squamata,Scincidae,VU,2.69221212769623,1.12348173129143,11.3295211183751,3.38799888245662,0.240784467536754,0.073813930976328,10.4146997497414,0.9,1,1000,direct,Brachymeles_cebuensis,False,False,,,
957,1817,Cnemaspis_upendrai,,Squamata,Gekkonidae,VU,2.69149056965575,3.17643599630823,11.2965810265961,12.3732134750076,0.245437112217406,0.0765860624553027,9.81046805681211,0.764,1,1000,direct,Cnemaspis_upendrai,False,False,,,
959,1818,Cnemaspis_indraneildasii,Das's Day Gecko,Squamata,Gekkonidae,VU,2.68948736462555,3.20870672209271,11.2934629195273,13.242471862347,0.245771469441435,0.0783167925698885,9.93340330653293,0.775,1,1000,direct,Cnemaspis_indraneildasii,False,False,,,
975,1907,Amblyrhynchus_cristatus,Marine Iguana,Squamata,Iguanidae,VU,2.64861732412336,0.884708333062531,11.0088855915522,2.26341721009307,0.244838873762501,0.0746792217743235,11.02789655067,1.0,1,1000,direct,Amblyrhynchus_cristatus,False,False,,,
976,1835,Cylindrophis_maculatus,Ceylonese Cylinder Snake,Squamata,Cylindrophiidae,VU,2.64813534833446,2.22139022131648,11.2371781628796,9.03067311020526,0.244589229996823,0.0789131322369104,10.3774393913561,0.8,1,1000,direct,Cylindrophis_maculatus,False,False,,,
979,1794,Eutropis_grandis,,Squamata,Scincidae,VU,2.63937813147682,1.39755562183425,11.373663969083,5.13095476123769,0.238220240543184,0.0808203437330443,10.2027749011835,0.841,1,1000,GBIF_accepted,Eutropis_macrophthalma,False,False,,,
989,1926,Gonatodes_tapajonicus,,Squamata,Sphaerodactylidae,VU,2.60986099816637,3.64091260823201,10.9492532431715,14.9970927234816,0.244603833622913,0.0747779469704497,11.6815946193091,0.725,1,1000,direct,Gonatodes_tapajonicus,False,False,,,
991,1932,Goniurosaurus_luii,Chinese Leopard Gecko,Squamata,Eublepharidae,VU,2.60069558910612,1.20128200910658,10.930168077489,4.46879223585899,0.244717018740768,0.0765588688606081,5.5927533059693,0.964,1,1000,direct,Goniurosaurus_luii,False,False,,,
997,2126,Paroedura_stellata,Mayotte Ground Gecko,Squamata,Gekkonidae,VU,2.58694455509987,2.59193380989888,10.3949327941631,10.9597477503676,0.244764219083529,0.0803307599259306,10.1332895883858,0.771,1,1000,direct,Paroedura_stellata,False,False,,,
998,1905,Simiscincus_aurantiacus,Orange-bellied Burrowing Skink,Squamata,Scincidae,VU,2.58114239964956,1.12673991437866,11.0157398064171,3.60744160911791,0.244400068847258,0.0759444495168904,9.9433859001098,0.926,1,1000,direct,Simiscincus_aurantiacus,False,False,,,
1001,1798,Gekko_gigante,Gigante Narrow-disked Gecko,Squamata,Gekkonidae,VU,2.573639157499,1.42043324621272,11.3608315627181,4.66440893824315,0.246021942950381,0.0803453439377031,9.55675704999068,0.831,1,1000,direct,Gekko_gigante,False,False,,,
1002,1928,Graciliscincus_shonae,,Squamata,Scincidae,VU,2.56824780565066,1.13644901195706,10.9463604066294,3.54833212725871,0.244144133459694,0.0759444495168904,10.0854073493772,0.931,1,1000,direct,Graciliscincus_shonae,False,False,,,
1003,1894,Cnemaspis_podihuna,Deraniyagala's Gecko,Squamata,Gekkonidae,VU,2.56620190851191,2.13159543780505,11.0434700740521,8.92011613919173,0.244513969088373,0.0763549508874809,7.82202736466958,0.765,1,1000,direct,Cnemaspis_podihuna,False,False,,,
1014,1874,Cyrtodactylus_chrysopylos,Nwalabo Mountain Cave Bent-toed Gecko,Squamata,Gekkonidae,VU,2.52502859470866,2.00731096603039,11.111934878035,8.12452956584039,0.244483762573443,0.0721267059421886,8.99940292971069,0.761,1,1000,direct,Cyrtodactylus_chrysopylos,False,False,,,
1019,2057,Helophis_schoutedeni,Schouteden's Sun Snake,Squamata,Natricidae,VU,2.51148041457658,3.05488374345529,10.5546371112133,12.6160672767654,0.245518238234228,0.0745905577907713,11.4232394174744,0.712,1,1000,direct,Helophis_schoutedeni,False,False,,,
1020,2082,Cyrtodactylus_grismeri,Grismer’s Bent-toed Gecko,Squamata,Gekkonidae,VU,2.50533426163906,1.41680833681523,10.5098572800967,5.07535739373092,0.244792570292944,0.0730331666549484,9.3476378795285,0.82,1,1000,direct,Cyrtodactylus_grismeri,False,False,,,
1024,1986,Abronia_mixteca,Mixtecan Arboreal Alligator Lizard,Squamata,Anguidae,VU,2.48701275867151,1.91484133940375,10.7698847595657,8.39690090328269,0.242056540793805,0.0752109449687862,8.8160561426138,0.787,1,1000,direct,Abronia_mixteca,False,False,,,
1033,2135,Phyllurus_isis,,Squamata,Carphodactylidae,VU,2.47100618241377,2.80861240275227,10.3792949101734,11.3760895908036,0.245255744647482,0.0780352686671808,9.98922275911193,0.726,1,1000,direct,Phyllurus_isis,False,False,,,
1037,1962,Orthriophis_taeniurus,Cave Racer,Squamata,Colubridae,VU,2.46619459872379,0.967259405981387,10.8281818405205,2.86264265697397,0.236355445532561,0.079008713873875,10.758113125919,0.981,1,1000,GBIF_accepted,Elaphe_taeniura,False,False,,,
1039,2256,Achalinus_hainanus,Hainan Odd-scaled Snake,Squamata,Xenodermidae,VU,2.46256710003316,3.0040734193738,10.0372942731892,12.5711441690248,0.244149009477822,0.0785864340831038,12.389893754829,0.706,1,1000,direct,Achalinus_hainanus,False,False,,,
1040,2218,Tropidophis_pilsbryi,Pilsbry's Dwarf Boa,Squamata,Tropidophiidae,VU,2.45479553441876,2.86120696201424,10.1420177973077,12.2376656828601,0.244310461480918,0.0762836093484684,9.71785648433845,0.7,1,1000,direct,Tropidophis_pilsbryi,False,False,,,
1041,1942,Cyrtodactylus_badenensis,,Squamata,Gekkonidae,VU,2.45354283675686,1.61044049966633,10.9038656874191,5.96267682868924,0.245695892635065,0.0721524666902148,8.7503387860685,0.782,1,1000,direct,Cyrtodactylus_badenensis,False,False,,,
1045,2139,Tropidophis_grapiuna,,Squamata,Tropidophiidae,VU,2.43831511541451,2.86319413761707,10.3678519763639,12.0551402280038,0.244107282596253,0.0765185958989385,9.83251005983149,0.716,1,1000,direct,Tropidophis_grapiuna,False,False,,,
1046,2211,Cnemaspis_elgonensis,,Squamata,Gekkonidae,VU,2.43722424712006,3.20237430199871,10.1616934448149,13.7408123485967,0.245846971490943,0.0813949249116985,11.516524446173,0.687,1,1000,GBIF_iucn_link,Cnemaspis_elgonensis,False,False,,,
1057,2150,Cyrtodactylus_lomyenensis,Lomyen Bent-toed Gecko,Squamata,Gekkonidae,VU,2.40983595512244,1.5785116178488,10.3399974994277,6.12355848501204,0.245204690251875,0.0717740404552573,8.73624454992663,0.779,1,1000,direct,Cyrtodactylus_lomyenensis,False,False,,,
1059,2176,Mniarogekko_chahoua,Bavay's Giant Gecko,Squamata,Diplodactylidae,VU,2.40238755288091,1.22145468815072,10.2685739390163,4.49706977051607,0.243717401929901,0.0796381192238217,6.3542165023497,0.921,1,1000,direct,Mniarogekko_chahoua,False,False,,,
1061,2205,Cnemaspis_caudanivea,Hon Tre Island Rock Gecko,Squamata,Gekkonidae,VU,2.39814503473217,1.11378740009573,10.1712179290268,3.38998106703924,0.244792570292944,0.0731685415574725,9.37067603330799,0.876,1,1000,direct,Cnemaspis_caudanivea,False,False,,,
1066,2291,Tracheloptychus_petersi,,Squamata,Gerrhosauridae,VU,2.38685826174989,1.0570379708618,9.96660253740341,3.19141400270979,0.244767819473105,0.0778281053096351,9.667781706748,0.99,1,1000,direct,Tracheloptychus_petersi,False,False,,,
1068,2198,Uroplatus_giganteus,,Squamata,Gekkonidae,VU,2.38496832863129,1.00507971130736,10.1948117646251,2.88754443068365,0.245410557573484,0.0805438741110356,9.087648181069,0.956,1,1000,direct,Uroplatus_giganteus,False,False,,,
1071,2360,Lepidoblepharis_grandis,,Squamata,Sphaerodactylidae,VU,2.38317050212512,3.25696819641669,9.80776211871036,13.1768435735896,0.246156232913464,0.0760400629297898,11.5704116463941,0.698,1,1000,direct,Lepidoblepharis_grandis,False,False,,,
1076,2280,Nannoscincus_mariei,Earless Dwarf Skink,Squamata,Scincidae,VU,2.37435250479221,0.893542211827729,9.98193659899082,2.60408529983074,0.242833172355425,0.0756474586197843,9.771847147964,0.996,1,1000,direct,Nannoscincus_mariei,False,False,,,
1080,2316,Lioscincus_maruia,Maruia Maquis Skink,Squamata,Scincidae,VU,2.3611450667072,0.919031773969663,9.90012851713232,3.23057333752012,0.245485860192536,0.0758064089726139,9.549882708579,0.99,1,1000,GBIF_accepted,Phasmasaurus_maruia,False,False,,,
1085,2159,Pseudotyphlops_philippinus,Large Shieldtail Snake,Squamata,Uropeltidae,VU,2.350026629698,1.4211563376948,10.3208278740102,5.42433011801133,0.244310461480918,0.0783569390950941,8.34338020646589,0.838,1,1000,GBIF_accepted,Rhinophis_saffragamus,False,False,,,
1087,2487,Tantalophis_discolor,,Squamata,Dipsadidae,VU,2.34575063231926,3.01143421454825,9.53941798277435,13.0364338438053,0.246124997597564,0.0757199957141767,9.95977429139295,0.698,1,1000,direct,Tantalophis_discolor,False,False,,,
1091,2279,Tropidophis_morenoi,Zebra Trope,Squamata,Tropidophiidae,VU,2.33712775246412,2.81107629626122,9.98302433479126,11.5267163318231,0.244310461480918,0.076307512119574,9.56982684101111,0.704,1,1000,direct,Tropidophis_morenoi,False,False,,,
1095,2203,Stenocercus_rhodomelas,Red-black Whorltail Iguana,Squamata,Tropiduridae,VU,2.33338824122833,1.51025102029867,10.1782029145507,5.64949790696895,0.245880371379556,0.0742596974746219,8.74269949551807,0.779,1,1000,direct,Stenocercus_rhodomelas,False,False,,,
1096,2298,Plestiodon_barbouri,Barbour's blue-tailed Skink,Squamata,Scincidae,VU,2.3329815049597,1.04753021590709,9.94563178593218,3.50465392653866,0.239750212132957,0.0746428523011612,9.2607373566427,0.906,1,1000,direct,Plestiodon_barbouri,False,False,,,
1099,2340,Nessia_sarasinorum,Muller's Nessia,Squamata,Scincidae,VU,2.32238822686125,2.30993563254142,9.83461520283756,9.23089324977884,0.241743653821612,0.0807694821835332,7.33336112136925,0.735,1,1000,direct,Nessia_sarasinorum,False,False,,,
1119,2481,Leiocephalus_greenwayi,East Plana Curlytail,Squamata,Tropiduridae,VU,2.26670577206886,2.68547613754396,9.54532833182866,12.0133928457961,0.24601173381325,0.077657736806446,9.11342034029869,0.701,1,1000,direct,Leiocephalus_greenwayi,False,False,,,
1122,2443,Podarcis_carbonelli,Carbonelli's Wall Lizard,Squamata,Lacertidae,VU,2.26277907342416,0.990629889231712,9.61197284457142,2.99477920085633,0.240518220671084,0.0787254023000309,9.600100782741,0.931,1,1000,direct,Podarcis_carbonelli,False,False,,,
1125,2482,Hemidactylus_albofasciatus,White-striped Viper Gecko,Squamata,Gekkonidae,VU,2.2537902082342,1.44953409403167,9.54424447235226,5.53865929557329,0.247164236429349,0.0733739105369039,6.8160597098782,0.789,1,1000,direct,Hemidactylus_albofasciatus,False,False,,,
1128,2320,Abronia_oaxacae,Oaxaca Arboreal Alligator Lizard,Squamata,Anguidae,VU,2.24600192318804,1.7195131680079,9.88827402705123,6.57936866254141,0.242193826954269,0.0753453225532237,7.67221096360274,0.764,1,1000,direct,Abronia_oaxacae,False,False,,,
1130,2615,Phelsuma_hielscheri,,Squamata,Gekkonidae,VU,2.24290439404135,0.886024589740587,9.24874105159276,2.85676803804625,0.246790052896689,0.0810955870268967,9.176649513231,0.962,1,1000,direct,Phelsuma_hielscheri,False,False,,,
1132,2441,Pristidactylus_torquatus,,Squamata,Leiosauridae,VU,2.2402718176661,2.07799388277405,9.61214784371814,8.25445958833543,0.243350872880798,0.0754374194496765,8.0609618487978,0.727,1,1000,direct,Pristidactylus_torquatus,False,False,,,
1144,2563,Sphaerodactylus_kirbyi,Grenadines Sphaero,Squamata,Sphaerodactylidae,VU,2.20916482478255,1.19769311649817,9.37664675024198,4.14170191290263,0.247091096779859,0.0765011533648231,8.2632447488455,0.855,1,1000,direct,Sphaerodactylus_kirbyi,False,False,,,
1161,2594,Simalia_oenpelliensis,Oenpelli Rock Python,Squamata,Pythonidae,VU,2.17042701813041,0.884925448111986,9.30206444114199,2.31670881662725,0.242493071210551,0.0785487721871161,9.215803835075,0.953,1,1000,GBIF_accepted,Nyctophilopython_oenpelliensis,False,False,,,
1164,2808,Lepidodactylus_paurolepis,Seventy Islands-Gecko,Squamata,Gekkonidae,VU,2.16651536682079,2.77571405125051,8.87354776247123,11.9873294842948,0.247758312357828,0.0801603862021707,9.74225596040507,0.661,1,1000,direct,Lepidodactylus_paurolepis,False,False,,,
1169,2616,Celestus_warreni,,Squamata,Diploglossidae,VU,2.15714648791515,2.41822079016281,9.24760828155877,9.9850911737272,0.242207565469844,0.0759813407046561,8.0890460286077,0.692,1,1000,GBIF_iucn_link,Celestus_warreni,False,False,,,
1175,2674,Lygodactylus_blanci,,Squamata,Gekkonidae,VU,2.13876701297817,2.75591419502349,9.13757548593001,11.1822714354627,0.244615734977249,0.0801355631894318,10.3506572977665,0.671,1,1000,direct,Lygodactylus_blanci,False,False,,,
1180,2813,Ameiva_parecis,,Squamata,Teiidae,VU,2.12663422506306,1.435742169838,8.86562713953425,5.2888684553447,0.245901934783012,0.0770603969702113,7.32923249630297,0.773,1,1000,direct,Ameiva_parecis,False,False,,,
1181,2752,Liophidium_therezieni,,Squamata,Pseudoxyrhophiidae,VU,2.12326246800979,0.930300252469111,8.97217024127118,2.76867722504838,0.242793856918379,0.0798539052346878,7.7961628510173,0.889,1,1000,direct,Liophidium_therezieni,False,False,,,
1186,2918,Gekko_shibatai,,Squamata,Gekkonidae,VU,2.11513761992336,2.68242126188412,8.68032436462302,11.4251671603,0.247433413669604,0.0803849300361866,9.11308258253079,0.642,1,1000,direct,Gekko_shibatai,False,False,,,
1192,2701,Acanthodactylus_pardalis,Leopard Fringe-fingered Lizard,Squamata,Lacertidae,VU,2.11155899690876,1.28100189754761,9.08288157287461,4.52326429501828,0.239731502591289,0.079316376658037,7.3957956892697,0.828,1,1000,direct,Acanthodactylus_pardalis,False,False,,,
1193,2775,Sphaerodactylus_streptophorus,Hispaniolan Small-eared Sphaero,Squamata,Sphaerodactylidae,VU,2.11080612494853,2.71715374437784,8.93166717251018,11.1884033364911,0.244695223739777,0.0754130054406325,9.03082687457462,0.686,1,1000,direct,Sphaerodactylus_streptophorus,False,False,,,
1198,2868,Lacertoides_pardalis,New Caledonian Leopard Skink,Squamata,Scincidae,VU,2.10258198397052,0.984665500131526,8.75555390782812,3.6265823480465,0.24564386518509,0.0759321909747455,8.26646754478331,0.857,1,1000,direct,Lacertoides_pardalis,False,False,,,
1200,2715,Eutropis_macrophthalma,,Squamata,Scincidae,VU,2.10161509723247,1.15625549669648,9.0505079180127,3.80647299826052,0.238011688541746,0.080710360844467,8.43846078868394,0.845,1,1000,direct,Eutropis_macrophthalma,False,False,,,
1204,2870,Bavayia_crassicollis,Strand Bavayia,Squamata,Diplodactylidae,VU,2.09276519141467,0.805401433336892,8.75510656552675,2.49862546546154,0.243577564979115,0.0789704293749891,8.694139227457,0.96,1,1000,direct,Bavayia_crassicollis,False,False,,,
1206,2932,Cyrtopodion_aravallensis,,Squamata,Gekkonidae,VU,2.08972486760819,2.51976589916949,8.65313591080527,10.7191294081154,0.250137896242146,0.0791544813806848,8.31086929345309,0.634,1,1000,GBIF_iucn_link,Cyrtopodion_aravallensis,False,False,,,
1208,2851,Celestus_carraui,,Squamata,Diploglossidae,VU,2.08796706895279,2.3355289848907,8.78918959984278,10.026743906668,0.242767200832033,0.0762037757723071,8.2048165920541,0.698,1,1000,GBIF_iucn_link,Celestus_warreni,False,False,,,
1214,3106,Gekko_vietnamensis,Vietnam Gecko,Squamata,Gekkonidae,VU,2.07708556830587,2.41712801519851,8.36427030641732,9.77104800110485,0.246854680698196,0.0804769028562856,9.50149744073556,0.658,1,1000,direct,Gekko_vietnamensis,False,False,,,
1226,3090,Gekko_russelltraini,Russell Train’s Marble Gecko,Squamata,Gekkonidae,VU,2.05052938268096,2.43821398488618,8.39055669074571,10.5776291502204,0.246138845801172,0.0804405860326456,9.36627804934064,0.661,1,1000,direct,Gekko_russelltraini,False,False,,,
1233,2927,Gekko_takouensis,Ta Kou Marbled Gecko,Squamata,Gekkonidae,VU,2.04065535028752,2.36563255982115,8.66715831957918,9.95402443889328,0.249095306074778,0.0801014476692865,9.05322749805093,0.669,1,1000,direct,Gekko_takouensis,False,False,,,
1235,3054,Caledoniscincus_orestes,Panié Litter Skink,Squamata,Scincidae,VU,2.04017514497264,0.816641365044169,8.45235506092256,2.50250610071917,0.244498886814285,0.0759024540533292,8.2554612704653,0.922,1,1000,direct,Caledoniscincus_orestes,False,False,,,
1238,2839,Japalura_dasi,Agaupani Mountain Lizard,Squamata,Agamidae,VU,2.0280336768468,2.69708477788466,8.82078008230135,11.5201539959201,0.238171607880058,0.0777162321967411,10.4275794437154,0.661,1,1000,direct,Japalura_dasi,False,False,,,
1243,3048,Malayopython_timoriensis,Timor Python,Squamata,Pythonidae,VU,2.01729686958714,0.804167455064527,8.46693216230375,2.56121049100526,0.243156396710028,0.0788702396809215,8.220546342568,0.921,1,1000,direct,Malayopython_timoriensis,False,False,,,
1256,2990,Calumma_peyrierasi,,Squamata,Chamaeleonidae,VU,1.99345509206045,0.823915040325485,8.54583558654182,2.68108931355074,0.243486318535151,0.075967653546468,8.21145807487841,0.881,1,1000,direct,Calumma_peyrierasi,False,False,,,
1263,3206,Trioceros_serratus,,Squamata,Chamaeleonidae,VU,1.97111109120169,0.927375324744907,8.16585126058606,2.85527222308736,0.243603780895362,0.0756122790027357,7.8807060504574,0.868,1,1000,direct,Trioceros_serratus,False,False,,,
1264,3226,Celestus_fowleri,Bromeliad Galliwasp,Squamata,Diploglossidae,VU,1.97012157488463,2.40636770895861,8.14282314594913,9.66385692153657,0.242503703495307,0.0760871865687803,7.81332550212321,0.654,1,1000,direct,Celestus_fowleri,False,False,,,
1265,3179,Brookesia_vadoni,,Squamata,Chamaeleonidae,VU,1.96827560397021,0.81667204408283,8.20947473930928,2.68677528830944,0.244279270468979,0.0756349703252806,8.2245392397689,0.898,1,1000,direct,Brookesia_vadoni,False,False,,,
1270,3227,Dasia_haliana,Ceylonese Dasia,Squamata,Scincidae,VU,1.96251750905119,1.1340209384951,8.13860574105351,4.32125057320573,0.238815345054374,0.0800062516961285,6.57255522376297,0.762,1,1000,direct,Dasia_haliana,False,False,,,
1273,2998,Niveoscincus_greeni,Alpine Cool-skink,Squamata,Scincidae,VU,1.96164875610591,1.61286043462649,8.53445161167356,6.86724453082576,0.239858205969232,0.0787525128283249,7.6186670425231,0.668,1,1000,GBIF_accepted,Carinascincus_greeni,False,False,,,
1278,3056,Melanophidium_bilineatum,Two-lined Black Earth Snake,Squamata,Uropeltidae,VU,1.95330725271565,2.65919090211209,8.44773806403527,10.5990895860295,0.244149009477822,0.0787332633338962,9.57622664352509,0.642,1,1000,direct,Melanophidium_bilineatum,False,False,,,
1280,3247,Omoadiphas_aurula,,Squamata,Dipsadidae,VU,1.95082213220549,1.60036843183728,8.11018996656282,6.26341286148059,0.245814517063555,0.0797998566578501,2.48093989289238,0.697,1,1000,direct,Omoadiphas_aurula,False,False,,,
1286,3128,Melanophidium_punctatum,Beddome's Black Earth Snake,Squamata,Uropeltidae,VU,1.93907119869938,2.43652954512694,8.32357662911885,10.0056613169954,0.244310461480918,0.0788312882724942,9.351261213953,0.64,1,1000,direct,Melanophidium_punctatum,False,False,,,
1290,3221,Amerotyphlops_tycherus,,Squamata,Typhlopidae,VU,1.93320207750412,2.62216635055088,8.14912946380519,11.2373074389337,0.247391850607525,0.0752208785480129,8.94926867826547,0.614,1,1000,direct,Amerotyphlops_tycherus,False,False,,,
1292,3391,Nactus_coindemirensis,Lesser Night Gecko,Squamata,Gekkonidae,VU,1.92936826997881,2.63444618067486,7.90363172757557,11.0751120153463,0.2475083193418,0.0812226684301223,9.26603663425484,0.614,1,1000,direct,Nactus_coindemirensis,False,False,,,
1293,3327,Anolis_barkeri,,Squamata,Anolidae,VU,1.92719498487565,2.28735714633475,7.99679503290507,9.24738727798738,0.24771043094234,0.0766530385996578,8.08988091544775,0.631,1,1000,direct,Anolis_barkeri,False,False,,,
1296,3186,Lycodryas_citrinus,,Squamata,Pseudoxyrhophiidae,VU,1.92334542584865,0.767906772803363,8.2044386968165,2.0979109046083,0.242975788672422,0.0786307992234062,7.8530237664038,0.898,1,1000,direct,Lycodryas_citrinus,False,False,,,
1297,3311,Parvoscincus_banahaoensis,,Squamata,Scincidae,VU,1.92291510447746,0.641971008275174,8.02286931440976,1.41034112239346,0.244613723327954,0.0753248975423216,7.9279512513254,0.956,1,1000,direct,Parvoscincus_banahaoensis,False,False,,,
1302,3312,Amphisbaena_innocens,Innocent Worm Lizard,Squamata,Amphisbaenidae,VU,1.91446993675319,1.83389316784621,8.02207046909346,7.79875949383325,0.240274218140376,0.0752138878135306,7.08581160568455,0.663,1,1000,direct,Amphisbaena_innocens,False,False,,,
1303,3384,Lepidophyma_gaigeae,Gaige's Tropical Night Lizard,Squamata,Xantusiidae,VU,1.91070771379948,0.753248516910713,7.9075107394022,2.21077346963265,0.245646506826908,0.0778836224836452,7.5531809236193,0.87,1,1000,direct,Lepidophyma_gaigeae,False,False,,,
1304,3140,Stenocercus_ornatus,Girard's Whorltail Iguana,Squamata,Tropiduridae,VU,1.90988068047291,1.29898025959129,8.30075254456384,5.0071131213915,0.245442042722317,0.074325837677501,7.0739028694775,0.72,1,1000,direct,Stenocercus_ornatus,False,False,,,
1317,3315,Anolis_cobanensis,Coban Anole,Squamata,Anolidae,VU,1.89352788583879,2.32207684809862,8.01962256154477,9.42258475148653,0.247415181027503,0.075965051882024,8.54134974103889,0.628,1,1000,direct,Anolis_cobanensis,False,False,,,
1322,3343,Cnemaspis_tucdupensis,Tuc Dup Hill Rock Gecko,Squamata,Gekkonidae,VU,1.88089022924074,0.833824672928817,7.9776256083479,2.84807432144244,0.244792570292944,0.0731332299624091,7.00254358742664,0.833,1,1000,direct,Cnemaspis_tucdupensis,False,False,,,
1326,3421,Morunasaurus_annularis,,Unassigned,Unassigned,VU,1.87032663196841,1.75539396032765,7.85494902038547,7.17127175981706,0.244653701337996,0.0744426688534062,6.99999381256808,0.649,1,1000,GBIF_iucn_link,Morunasaurus_annularis,False,False,,,
1329,3305,Stenocercus_stigmosus,,Squamata,Tropiduridae,VU,1.86922314976231,1.13101211004576,8.02647937558764,4.15502592269551,0.246321561783078,0.0735783664557595,7.03921516784645,0.739,1,1000,direct,Stenocercus_stigmosus,False,False,,,
1341,3418,Charina_umbratica,Southern Rubber Boa,Squamata,Charinaidae,VU,1.84682842162671,1.30356643768545,7.86093030503253,5.48283457109081,0.242960452648994,0.078740611357361,8.3046965369959,0.721,1,1000,direct,Charina_umbratica,False,False,,,
1344,3454,Furcifer_rhinoceratus,Rhinoceros Chameleon,Squamata,Chamaeleonidae,VU,1.84497731099516,0.841660232875366,7.7968886450248,2.60617295033995,0.243486318535151,0.0756980539850154,7.996854620268,0.86,1,1000,direct,Furcifer_rhinoceratus,False,False,,,
1346,3511,Anolis_toldo,Gray-banded Green Anole,Squamata,Anolidae,VU,1.84304253907058,2.28922517952941,7.70302070650889,9.67265869558752,0.246552812974646,0.0786531126913981,7.95089817054406,0.613,1,1000,direct,Anolis_toldo,False,False,,,
1351,3680,Anolis_rubribarbaris,,Squamata,Anolidae,VU,1.83545784848784,2.08584908672425,7.48290198693381,8.85009303633288,0.24715205173504,0.0764303431194148,8.18651844554032,0.602,1,1000,direct,Anolis_rubribarbaris,False,False,,,
1357,3636,Anolis_zeus,,Squamata,Anolidae,VU,1.83083900883821,0.947253060301855,7.54706328487986,3.07836789433899,0.247997457519313,0.0752721542134958,6.8225032892115,0.777,1,1000,direct,Anolis_zeus,False,False,,,
1361,3514,Liopholidophis_grandidieri,,Squamata,Pseudoxyrhophiidae,VU,1.82553849886136,0.673012628848262,7.69396944701976,1.87806647106046,0.241549772113932,0.0802562148209073,7.688442915987,0.934,1,1000,direct,Liopholidophis_grandidieri,False,False,,,
1364,3489,Stenocercus_torquatus,,Squamata,Tropiduridae,VU,1.82391691192492,1.06267912563312,7.74631088718559,3.59025222724863,0.245880371379556,0.0737629801171215,7.0120472594661,0.744,1,1000,direct,Stenocercus_torquatus,False,False,,,
1370,3459,Phyllodactylus_insularis,Belize Leaf-toed Gecko,Squamata,Phyllodactylidae,VU,1.81259069902995,2.31183239313654,7.79153640443453,9.55375361485438,0.246663163533726,0.076066755237063,8.80351651404535,0.599,1,1000,direct,Phyllodactylus_insularis,False,False,,,
1391,3495,Cnemaspis_nuicamensis,Nui Cam Hill Rock Gecko,Squamata,Gekkonidae,VU,1.78826898577055,0.887092557469854,7.72744819121218,2.88147220944587,0.244483762573443,0.0731332299624091,6.71240601700361,0.801,1,1000,direct,Cnemaspis_nuicamensis,False,False,,,
1393,3846,Larutia_miodactyla,Single Finger Larut Skink,Squamata,Scincidae,VU,1.78733861445075,2.31541583629033,7.25858304987859,9.81360394077865,0.24595630923414,0.0760066935292609,7.99214840059452,0.591,1,1000,direct,Larutia_miodactyla,False,False,,,
1394,3482,Aristelliger_hechti,Caicos Gecko,Squamata,Sphaerodactylidae,VU,1.7844114486959,2.48809252212289,7.75246285123655,10.1350773872899,0.244717018740768,0.0755503448265769,9.77815553356452,0.606,1,1000,direct,Aristelliger_hechti,False,False,,,
1397,3690,Gehyra_georgpotthasti,,Squamata,Gekkonidae,VU,1.78257908004822,2.07042023830567,7.46791308388412,8.70188365842563,0.246790052896689,0.0805144934631528,8.7924716431406,0.606,1,1000,direct,Gehyra_georgpotthasti,False,False,,,
1398,3722,Bitis_nasicornis,Rhinoceros Viper,Squamata,Viperidae,VU,1.78020288960562,0.876944991140223,7.4225726201354,3.13607371138053,0.24497132155228,0.079109459598836,7.23543934160971,0.769,1,1000,direct,Bitis_nasicornis,False,False,,,
1401,3580,Python_bivittatus,Burmese Python,Squamata,Pythonidae,VU,1.77848035162989,0.991245967335052,7.60728900459992,3.40600929030953,0.244149009477822,0.0793523958655036,6.85907458216932,0.734,1,1000,direct,Python_bivittatus,False,False,,,
1403,3762,Nactus_serpensinsula,Serpent Island Night Gecko,Squamata,Gekkonidae,VU,1.77620867408443,2.45516156542181,7.37306856066963,10.5427872639197,0.2475083193418,0.080826578231083,8.36157913580778,0.579,1,1000,direct,Nactus_serpensinsula,False,False,,,
1410,3781,Amphiglossus_alluaudi,,Squamata,Scincidae,VU,1.76827833457088,1.96099181679885,7.35184745912095,7.86976903489807,0.243256778190286,0.0809710632076769,7.42787178473948,0.608,1,1000,GBIF_accepted,Flexiseps_alluaudi,False,False,,,
1416,3723,Tropidophorus_assamensis,North-Eastern Waterskink,Squamata,Scincidae,VU,1.76432822939267,2.11145729210965,7.42186461211299,9.40052725459563,0.239921393079105,0.0820383704311716,8.87851550634804,0.615,1,1000,direct,Tropidophorus_assamensis,False,False,,,
1422,3586,Anolis_fairchildi,Cay Sal Anole,Squamata,Anolidae,VU,1.75927145078199,2.19348193687525,7.60002787706297,8.81892302374521,0.247209872626704,0.0778917901484918,7.78097041270756,0.604,1,1000,direct,Anolis_fairchildi,False,False,,,
1432,3657,Contomastix_vittata,,Squamata,Teiidae,VU,1.74595565302608,2.35551361634858,7.5255043025495,9.55181223341219,0.245722624728999,0.0766347194916512,8.43809834816826,0.592,1,1000,direct,Contomastix_vittata,False,False,,,
1436,3732,Loveridgelaps_elapoides,Solomons Black-banded krait,Squamata,Elapidae,VU,1.74075702049658,2.06777425285103,7.41163369611326,8.36406938924961,0.243452033672191,0.077374744172048,8.25761078368521,0.582,1,1000,direct,Loveridgelaps_elapoides,False,False,,,
1437,3548,Lerista_chordae,,Squamata,Scincidae,VU,1.74052578564464,1.1159957706618,7.64646155915612,4.51241773201341,0.241915588036515,0.0814764712031584,6.17553361680542,0.71,1,1000,direct,Lerista_chordae,False,False,,,
1441,3878,Anolis_parilis,Ecuador Anole,Squamata,Anolidae,VU,1.73392263553222,2.24691073255434,7.21742436968665,8.76065529807677,0.244632895366312,0.077874832772176,8.18808245554773,0.591,1,1000,direct,Anolis_parilis,False,False,,,
1445,3827,Anolis_naufragus,,Squamata,Anolidae,VU,1.73305402165836,2.26041707685771,7.29139588647289,9.23871462646516,0.247239821125348,0.076350753587332,7.76553710576517,0.582,1,1000,direct,Anolis_naufragus,False,False,,,
1448,3796,Pseudoxyrhopus_sokosoko,,Squamata,Pseudoxyrhophiidae,VU,1.73098351471889,2.04253689723134,7.33512808290426,8.40105308726454,0.242975788672422,0.0798783939702315,7.44743455714995,0.601,1,1000,direct,Pseudoxyrhopus_sokosoko,False,False,,,
1451,3745,Phyllodactylus_lepidopygus,Western Leaf-toed Gecko,Squamata,Phyllodactylidae,VU,1.72896078580373,2.3760012029222,7.40094432165651,9.48037332856132,0.246266161588165,0.0759951464158392,8.54251547413203,0.574,1,1000,direct,Phyllodactylus_lepidopygus,False,False,,,
1452,3887,Leiolopisma_telfairii,Telfair's Skink,Squamata,Scincidae,VU,1.72866968874739,1.86212339543031,7.20792732352996,7.89773724466218,0.245683000851484,0.0754208039331916,2.7297180692046,0.605,1,1000,direct,Leiolopisma_telfairii,False,False,,,
1466,3961,Contomastix_vacariensis,,Squamata,Teiidae,VU,1.72212131818446,2.24732367388526,7.11206947555286,9.14331746958484,0.245722624728999,0.0766347194916512,8.20167738828029,0.579,1,1000,direct,Contomastix_vacariensis,False,False,,,
1468,3916,Epictia_clinorostris,,Squamata,Leptotyphlopidae,VU,1.71885420557506,2.26513525042166,7.16532978122046,9.36469412093609,0.24493003806581,0.0756666901091622,8.38590483481336,0.579,1,1000,direct,Epictia_clinorostris,False,False,,,
1481,3801,Pseudoxyrhopus_oblectator,,Squamata,Pseudoxyrhophiidae,VU,1.7082008744721,1.90350733297253,7.32758843095158,7.78712707836889,0.241680389060108,0.0799222625106466,7.57474377121177,0.616,1,1000,direct,Pseudoxyrhopus_oblectator,False,False,,,
1483,3775,Lycodon_stormi,Sulawesi Wolf Snake,Squamata,Colubridae,VU,1.70666497703421,1.84868723194315,7.35451954942993,7.9325435852597,0.243188963492623,0.0767475417161011,6.69757991213088,0.567,1,1000,direct,Lycodon_stormi,False,False,,,
1488,4063,Cnemaspis_assamensis,Assamese Day Gecko,Squamata,Gekkonidae,VU,1.7027806373716,2.31003669168505,6.97073307685817,9.40687202371501,0.245093523654252,0.0728358102571818,7.86117716869578,0.578,1,1000,direct,Cnemaspis_assamensis,False,False,,,
1507,3984,Larutia_larutensis,Black Larut Skink,Squamata,Scincidae,VU,1.68449973173073,2.08011344928209,7.07744603152391,8.68228455371383,0.246270675065497,0.0758729456575968,7.39129426808187,0.585,1,1000,direct,Larutia_larutensis,False,False,,,
1526,3915,Orthriophis_moellendorffi,Moellendorff's Trinket Snake,Squamata,Colubridae,VU,1.66012430805519,0.676775706678856,7.16572049974841,2.05268287549847,0.236355445532561,0.079008713873875,7.071626317919,0.785,1,1000,GBIF_accepted,Elaphe_moellendorffi,False,False,,,
1529,4116,Goniurosaurus_lichtenfelderi,Lichtenfelder's Gecko,Squamata,Eublepharidae,VU,1.65045720027727,0.890350951296023,6.90410891612768,3.32453326925116,0.245102877540121,0.0769378951223974,4.0311370055038,0.661,1,1000,direct,Goniurosaurus_lichtenfelderi,False,False,,,
1533,4157,Amphiglossus_mandokava,,Squamata,Scincidae,VU,1.64723282113645,0.816118003864741,6.85344465118254,2.65952305312487,0.243256778190286,0.0808567956530785,6.4767632860592,0.707,1,1000,GBIF_accepted,Flexiseps_mandokava,False,False,,,
1540,4149,Kaestlea_laterimaculata,,Squamata,Scincidae,VU,1.63927246566535,2.41752556430731,6.86029500767767,10.2975599645845,0.241013352431779,0.0819475948451467,8.85970939297027,0.554,1,1000,direct,Kaestlea_laterimaculata,False,False,,,
1546,3884,Lankascincus_taylori,Taylor's Tree Skink,Squamata,Scincidae,VU,1.63087259552042,2.17943723397943,7.21209464701194,8.81866043406615,0.237511426116196,0.0808347675497867,6.80820427069243,0.58,1,1000,direct,Lankascincus_taylori,False,False,,,
1551,4187,Abronia_taeniata,Banded Arboreal Alligator Lizard,Squamata,Anguidae,VU,1.62800604515648,1.62935501130594,6.80688361353613,7.09027771813939,0.242767200832033,0.0749101466269706,5.65851126323262,0.583,1,1000,direct,Abronia_taeniata,False,False,,,
1560,4086,Phrynocephalus_strauchi,Strauch's Toad Agama,Squamata,Agamidae,VU,1.62462306887594,0.863860795171292,6.94138493241082,3.00085080327242,0.24354454998368,0.0770574140007768,6.21074372968447,0.69,1,1000,direct,Phrynocephalus_strauchi,False,False,,,
1576,4162,Enyalioides_rubrigularis,Red-throated Woodlizard,Squamata,Hoplocercidae,VU,1.61301718260327,0.624823193437695,6.84777166175615,1.93252709046412,0.244426583364077,0.0748013734848106,6.8390525042004,0.758,1,1000,direct,Enyalioides_rubrigularis,False,False,,,
1580,4070,Phrynocephalus_persicus,,Squamata,Agamidae,VU,1.61011269844203,0.77723244360662,6.96286618855206,2.63554938982013,0.243480026870436,0.0771618657588358,6.296560725942,0.71,1,1000,direct,Phrynocephalus_persicus,False,False,,,
1583,4195,Calumma_jejy,Marojejy Peak Chameleon,Squamata,Chamaeleonidae,VU,1.60947500779698,1.57688140724825,6.79416873413537,6.27099569870677,0.243583340932067,0.075967653546468,6.53487272876355,0.576,1,1000,direct,Calumma_jejy,False,False,,,
1584,4280,Abronia_vasconcelosii,,Squamata,Anguidae,VU,1.60865193868186,1.73553302531454,6.68484507423901,7.13042039407164,0.242193826954269,0.0753750822377682,5.92846644293194,0.571,1,1000,direct,Abronia_vasconcelosii,False,False,,,
1586,4259,Brachymeles_vermis,Limbless Worm Skink,Squamata,Scincidae,VU,1.60751284135502,2.43200388853086,6.71164687142286,9.95383368293979,0.242665395531489,0.0739669203691339,9.25473377972506,0.55,1,1000,direct,Brachymeles_vermis,False,False,,,
1588,4233,Tropidoscincus_aubrianus,Aubrey's Whiptailed Skink,Squamata,Scincidae,VU,1.60650957525881,0.679184554362096,6.7430439451869,2.32915798132726,0.245485860192536,0.0759674926218791,6.791410443022,0.692,1,1000,direct,Tropidoscincus_aubrianus,False,False,,,
1594,4178,Epictia_striatula,,Squamata,Leptotyphlopidae,VU,1.60410212213103,2.24705992854975,6.81684298331439,9.37957433360402,0.24510385778109,0.0753897119085333,8.49172452105039,0.558,1,1000,direct,Epictia_striatula,False,False,,,
1603,4426,Anolis_spectrum,Ghost Anole,Squamata,Anolidae,VU,1.59654586913288,2.23201024589672,6.51049680289938,9.31183773351014,0.247209872626704,0.0785402765266611,7.35523480366642,0.534,1,1000,direct,Anolis_spectrum,False,False,,,
1607,4243,Oligosoma_fallai,Falla's Skink,Squamata,Scincidae,VU,1.59439420927473,0.633696967071277,6.731925443768,1.87173054042874,0.245485860192536,0.0757931926243323,6.15617469478348,0.749,1,1000,direct,Oligosoma_fallai,False,False,,,
1616,4201,Stenocercus_festae,Peracca's Whorltail Iguana,Squamata,Tropiduridae,VU,1.588557347417,0.81796277825462,6.78987856878366,2.83985582033894,0.245560021996505,0.0737254933393141,6.3327876618182,0.668,1,1000,direct,Stenocercus_festae,False,False,,,
1618,4288,Chilabothrus_subflavus,Jamaican Boa,Squamata,Boidae,VU,1.58617989162328,0.662304873150352,6.67602473375255,2.19239935943256,0.243420213849582,0.0786569502970186,6.787548462184,0.702,1,1000,direct,Chilabothrus_subflavus,False,False,,,
1620,4163,Atheris_barbouri,Uzungwe Mountain Bush Viper,Squamata,Viperidae,VU,1.58450835702804,1.15817285479716,6.84759029632405,4.4377129209232,0.245517706643223,0.0773471164661593,5.9661406930039,0.614,1,1000,direct,Atheris_barbouri,False,False,,,
1623,4373,Parvoscincus_beyeri,Beyer's Sphenomorphus,Squamata,Scincidae,VU,1.58324693782423,0.910403864404417,6.57333432624488,3.62343918741227,0.244454700404114,0.0751495401692238,4.9285490361429,0.634,1,1000,direct,Parvoscincus_beyeri,False,False,,,
1625,4152,Bothrops_itapetiningae,Sao Paulo Lancehead,Squamata,Viperidae,VU,1.58296313645168,0.94795871192843,6.85944792673102,3.54157944386574,0.244060842924806,0.0779304404782478,6.06786059165836,0.622,1,1000,direct,Bothrops_itapetiningae,False,False,,,
1627,4332,Cynisca_leonina,Los Archipelago Worm Lizard,Squamata,Amphisbaenidae,VU,1.58134023229451,2.00941344703752,6.62454034146835,7.97290320281472,0.241438704112126,0.0771490302578588,6.25026438248435,0.556,1,1000,direct,Cynisca_leonina,False,False,,,
1634,4189,Tropidurus_hygomi,,Squamata,Tropiduridae,VU,1.57648238074939,0.877109081279816,6.80477484445,3.30783084619202,0.244070196455499,0.0757771151413792,6.22690936399641,0.66,1,1000,direct,Tropidurus_hygomi,False,False,,,
1640,4347,Cynisca_nigeriensis,,Squamata,Amphisbaenidae,VU,1.56994297321315,2.14711482799609,6.6104252097023,8.82080447947394,0.239768456431963,0.0765214951337851,7.02610040065817,0.553,1,1000,direct,Cynisca_nigeriensis,False,False,,,
1642,4308,Crotalus_stejnegeri,,Squamata,Viperidae,VU,1.56894804960627,0.728989806891328,6.65513105595855,2.53587986509076,0.243430714315617,0.078054076152846,6.1469226681128,0.66,1,1000,direct,Crotalus_stejnegeri,False,False,,,
1643,4438,Trilepida_anthracina,Bailey's Blind Snake,Squamata,Leptotyphlopidae,VU,1.56867665583921,2.02833986201441,6.49924349685213,8.36170210314468,0.24493003806581,0.0755672935379523,7.64177242477838,0.549,1,1000,direct,Trilepida_anthracina,False,False,,,
1668,4459,Ctenophorus_nguyarna,,Squamata,Agamidae,VU,1.54416355930956,2.03072536608917,6.47759807049783,8.35593653630541,0.242177976493637,0.0786324221084572,7.5995633975545,0.54,1,1000,direct,Ctenophorus_nguyarna,False,False,,,
1674,4556,Coryphophylax_brevicaudus,Short-tailed Bay Island Forest Lizard,Squamata,Agamidae,VU,1.54214129519494,1.88988291730751,6.35130427646355,8.46206752559774,0.242429145778824,0.0782864204068316,7.3854016173496,0.531,1,1000,GBIF_accepted,Coryphophylax_brevicauda,False,False,,,
1683,4439,Tetralepis_fruhstorferi,Fruhstorfer's Mountain Snake,Squamata,Colubridae,VU,1.52977845090351,1.81948357423831,6.49881482243726,7.57341260354952,0.243188963492623,0.0761730552405622,7.00050488142688,0.54,1,1000,direct,Tetralepis_fruhstorferi,False,False,,,
1686,4477,Ialtris_haetianus,Haitian Ground Snake,Squamata,Dipsadidae,VU,1.52866937363692,0.766742254061544,6.43686736619929,2.72404914418793,0.246200807888503,0.0734505837052986,4.36396160972767,0.614,1,1000,direct,Ialtris_haetianus,False,False,,,
1700,4655,Nannoscincus_gracilis,Gracile Dwarf Skink,Squamata,Scincidae,VU,1.51645695164701,0.61630214278023,6.23772251408791,2.06570433969516,0.242833172355425,0.0753006202066225,3.883663164324,0.62,1,1000,direct,Nannoscincus_gracilis,False,False,,,
1701,4578,Plestiodon_dugesii,Duges' Skink,Squamata,Scincidae,VU,1.51464107348842,0.792996050836978,6.32590914345001,2.76385525153159,0.239884310429369,0.0746758968135508,5.3243017351504,0.596,1,1000,direct,Plestiodon_dugesii,False,False,,,
1729,4866,Bronchocela_vietnamensis,,Squamata,Agamidae,VU,1.48455891622603,2.00476265790544,6.03564807854561,8.11591419116237,0.2423921440204,0.0784684727986354,7.34714116056609,0.517,1,1000,direct,Bronchocela_vietnamensis,False,False,,,
1733,4588,Calumma_tsycorne,Blunt-nosed Chameleon,Squamata,Chamaeleonidae,VU,1.4819238451861,1.67375651611953,6.31246352142103,6.90457046740058,0.243603780895362,0.0756723398866462,6.09499979141852,0.531,1,1000,direct,Calumma_tsycorne,False,False,,,
1754,4713,Scelotes_bourquini,Bourquin's Dwarf Burrowing Skink,Squamata,Scincidae,VU,1.45598190694512,1.95253814289756,6.18087646094822,8.32492893066698,0.240784467536754,0.0781598713905919,7.27392420048384,0.523,1,1000,direct,Scelotes_bourquini,False,False,,,
1756,4781,Anisolepis_longicauda,,Unassigned,Unassigned,VU,1.45559647192402,0.901141848041908,6.12049692927558,3.27808424752204,0.243763488420101,0.0746250764017889,5.5801101200113,0.551,1,1000,GBIF_iucn_link,Anisolepis_longicauda,False,False,,,
1757,4606,Cyrtodactylus_thuongae,,Squamata,Gekkonidae,VU,1.45318143286937,1.69877706727799,6.2841689571559,6.9222989357079,0.245093523654252,0.0733255246030725,6.70678566889818,0.534,1,1000,direct,Cyrtodactylus_thuongae,False,False,,,
1771,5057,Cyrtodactylus_yakhuna,Northern Sri Lanka Gecko,Squamata,Gekkonidae,VU,1.44227417569267,1.68428096265589,5.86831800137759,6.77159315164814,0.246138845801172,0.0715612851957138,6.8750208178896,0.505,1,1000,direct,Cyrtodactylus_yakhuna,False,False,,,
1790,4883,Lipinia_infralineolata,,Squamata,Scincidae,VU,1.42783524054214,1.82198055689703,6.01658148588542,7.60336335037181,0.239921393079105,0.0818175981260631,6.60787756406088,0.507,1,1000,direct,Lipinia_infralineolata,False,False,,,
1800,4764,Amphisbaena_kisteumacheri,,Squamata,Amphisbaenidae,VU,1.41665943625251,1.74199193609452,6.13360525244145,7.52019786887402,0.239768456431963,0.0766422239525119,6.57821869187193,0.52,1,1000,GBIF_accepted,Leposternon_kisteumacheri,False,False,,,
1801,5023,Aspronema_cochabambae,,Squamata,Scincidae,VU,1.41493112234301,0.713597433994124,5.90011470341776,2.48567022481458,0.239905205694364,0.0780553315916095,5.793264828552,0.504,1,1000,direct,Aspronema_cochabambae,False,False,,,
1810,4946,Amphisbaena_nigricauda,Black-headed Worm Lizard,Squamata,Amphisbaenidae,VU,1.40606613902737,1.97632811450296,5.95828882613828,7.97194802412671,0.238870950717064,0.0765797240796514,6.57711695040503,0.506,1,1000,direct,Amphisbaena_nigricauda,False,False,,,
1812,4843,Parvoscincus_palawanensis,,Squamata,Scincidae,VU,1.40555153433812,1.32688359168824,6.05173565663265,5.31337118922193,0.244454700404114,0.0757544957095587,5.73952821540577,0.51,1,1000,direct,Parvoscincus_palawanensis,False,False,,,
1827,4971,Bungarus_slowinskii,Red River Krait,Squamata,Elapidae,VU,1.39074239370079,0.771174440027961,5.93891294707769,2.64631702237678,0.244647472992592,0.0772611425986849,5.3539806546112,0.506,1,1000,direct,Bungarus_slowinskii,False,False,,,
1861,4950,Diporiphora_vescus,Northern Pilbara Tree Dragon,Squamata,Agamidae,VU,1.3674176701723,1.799770293142,5.95308475251818,7.53724440170055,0.242952034537889,0.0788614918397714,6.87136407000898,0.502,1,1000,direct,Diporiphora_vescus,False,False,,,
1865,4954,Liopholis_slateri,Centralian Floodplains Desert-skink,Squamata,Scincidae,VU,1.36604562206431,1.49749628197226,5.94968671914602,6.01498914664667,0.240235501954537,0.0776645327629851,5.79787084949585,0.502,1,1000,direct,Liopholis_slateri,False,False,,,
1867,5080,Pseudocalotes_larutensis,Bukit Larut False Garden Lizard,Squamata,Agamidae,VU,1.36220239206486,1.73703191391299,5.85267161114152,7.25614161104673,0.23901752232636,0.0777875937128397,6.4717241873865,0.502,1,1000,direct,Pseudocalotes_larutensis,False,False,,,
