EDGErank,EDrank,species,common_name,order,family,RLcat,EDGEmed,EDGEiqr,EDmed,EDiqr,pextmed,pextiqr,TBLmn,isEDGEsp_frac,is_EDGE_species,n_trees,match,matched_IUCN_name,on_vgp_list,has_vgp_genome,vgp_placement_tier,vgp_name,vgp_accession
57,10,Cathetorhinus_melanocephalus,,Squamata,Gerrhopilidae,DD,12.4233327139833,42.1493397005738,67.2350140350036,12.0918244800063,0.186212836295837,0.614805820145514,67.79529860705,0.0,0,1000,direct,Cathetorhinus_melanocephalus,False,False,,,
112,19,Rhachisaurus_brachylepis,Dixon's Anotosaura,Squamata,Gymnophthalmidae,DD,10.0127328083084,27.544710765489,58.031681,9.8483315,0.167849067051439,0.500579816468138,58.033499183,0.0,0,1000,direct,Rhachisaurus_brachylepis,False,False,,,
228,37,Xenophidion_schaeferi,Schäfer's Spiny-jawed Snake,Squamata,Xenophidiidae,DD,7.6109209282174,17.7515728074536,44.6541565571942,31.7209173717565,0.178735888288564,0.573437209564205,30.0037738542553,0.0,0,1000,direct,Xenophidion_schaeferi,False,False,,,
207,38,Xenophidion_acanthognathus,,Squamata,Xenophidiidae,DD,7.99351524975663,19.1422772093855,44.1547083312794,31.3518083557312,0.178163851179345,0.573437209564205,30.0037738542553,0.0,0,1000,direct,Xenophidion_acanthognathus,False,False,,,
336,82,Ptychozoon_rhacophorus,Sabah Flying Gecko,Squamata,Gekkonidae,DD,5.91085525713282,13.42004067995,36.0215940677722,12.4994837808302,0.174328783673613,0.559788138824835,30.7496484799664,0.0,0,1000,GBIF_accepted,Gekko_rhacophorus,False,False,,,
534,148,Mediodactylus_brachykolon,Short-limbed Bend-toed Gecko,Squamata,Gekkonidae,DD,4.51720366758693,9.17329339979127,29.7115873357112,24.1680665299219,0.170705244643237,0.530766505572568,23.6788281987257,0.0,0,1000,direct,Mediodactylus_brachykolon,False,False,,,
372,155,Xenosaurus_agrenon,,Squamata,Xenosauridae,NM,5.61085518120659,14.0147337112133,29.4131318162853,32.1564081550831,0.178836655102767,0.617748553546791,28.1376841213038,0.0,0,1000,no_RedList_match,,False,False,,,
377,178,Xenosaurus_rackhami,,Squamata,Xenosauridae,NM,5.55616222337422,12.3874571672889,28.0363679048514,30.3658167854332,0.178570747203118,0.625770990233506,26.662276125251,0.0,0,1000,no_RedList_match,,False,False,,,
576,183,Sphenomorphus_diwata,Diwata Sphenomorphus,Squamata,Scincidae,DD,4.21358443598161,12.2986948408767,27.53249146,4.7838699625,0.165039814964201,0.505790669481911,25.6524308458875,0.0,0,1000,direct,Sphenomorphus_diwata,False,False,,,
390,189,Xenosaurus_tzacualtipantecus,,Squamata,Xenosauridae,NM,5.449025797735,12.6826252792203,27.3451529910732,31.6612448703307,0.178162589748789,0.61789171843612,27.9148242551914,0.0,0,1000,no_RedList_match,,False,False,,,
354,193,Xenosaurus_mendozai,,Squamata,Xenosauridae,NM,5.78944270251511,13.1164911543937,27.1864004641505,30.7127252076077,0.178162589748789,0.62594256738048,26.9444862279462,0.0,0,1000,no_RedList_match,,False,False,,,
376,203,Xenosaurus_phalaroanthereon,,Squamata,Xenosauridae,DD,5.56873043896787,13.0362707514487,26.689519542466,30.5207832936978,0.17769796903592,0.61789171843612,27.7134954363484,0.0,0,1000,direct,Xenosaurus_phalaroanthereon,False,False,,,
511,208,Dibamus_vorisi,,Squamata,Dibamidae,DD,4.62507268416701,11.7303095182573,26.4588124785138,33.1791341221921,0.17116254820367,0.446319582813198,29.9947695097247,0.0,0,1000,direct,Dibamus_vorisi,False,False,,,
427,220,Dibamus_booliati,Boo Liat’s Blind Lizard,Squamata,Dibamidae,DD,5.11800841450186,11.6337050861911,26.0563020305294,32.2525942748815,0.17135279498653,0.456185384109453,30.427644217272,0.0,0,1000,direct,Dibamus_booliati,False,False,,,
440,236,Dibamus_deharvengi,,Squamata,Dibamidae,DD,4.99068917307191,12.0561251540598,25.7866478168972,33.592003480871,0.17116254820367,0.446188553919883,29.3246294898946,0.0,0,1000,direct,Dibamus_deharvengi,False,False,,,
488,237,Dibamus_smithi,,Squamata,Dibamidae,DD,4.73222092660948,12.9898709083871,25.7784982979448,30.9254466068435,0.17116254820367,0.453913766317183,28.8847799037325,0.0,0,1000,direct,Dibamus_smithi,True,True,exact,Dibamus_smithi,GCA_046126795.1
594,247,Gonocephalus_robinsonii,,Squamata,Agamidae,NM,4.14670392640618,10.9732862782317,25.5349185107816,24.5664023590197,0.187043744980449,0.654270228091624,22.0288440721981,0.0,0,1000,no_RedList_match,,False,False,,,
519,248,Dibamus_somsaki,Somsak’s Dibamid Lizard,Squamata,Dibamidae,DD,4.59170095018399,12.7608883230584,25.5136841587754,33.1901501114348,0.17135279498653,0.456185384109453,30.7094678129933,0.0,0,1000,direct,Dibamus_somsaki,False,False,,,
491,251,Dibamus_tebal,,Squamata,Dibamidae,DD,4.72885255072211,11.9837634788469,25.4785632157251,31.4796101148317,0.171069078365101,0.442786253901324,27.9847470789195,0.0,0,1000,direct,Dibamus_tebal,False,False,,,
550,259,Barkudia_melanosticta,Russell's Legless Skink,Squamata,Scincidae,DD,4.40810753206494,9.66416284792976,25.3446517935156,18.8736822002635,0.169710384603372,0.437266079811787,8.87928046278211,0.0,0,1000,direct,Barkudia_melanosticta,False,False,,,
601,274,Luperosaurus_gulat,,Squamata,Gekkonidae,DD,4.11959380939757,8.12360070739437,24.9490906047955,25.6766324063432,0.174328783673613,0.556932622919619,21.4918407605694,0.0,0,1000,GBIF_accepted,Gekko_gulat,False,False,,,
493,278,Dibamus_ingeri,,Squamata,Dibamidae,DD,4.72226604926464,12.9960330234922,24.8351386287249,31.0861633934599,0.171069078365101,0.446188553919883,29.4624979290073,0.0,0,1000,direct,Dibamus_ingeri,False,False,,,
462,284,Dibamus_alfredi,Alfred's Blind Skink,Squamata,Dibamidae,DD,4.86350736356012,11.6199371954719,24.7294133961567,30.4964855361517,0.17116254820367,0.445081402739979,28.1196820931059,0.0,0,1000,direct,Dibamus_alfredi,False,False,,,
515,298,Dibamus_dezwaani,,Squamata,Dibamidae,DD,4.60616362831594,11.8494952298147,24.3180470375253,33.1459596969502,0.17116254820367,0.446319582813198,28.9898978376843,0.0,0,1000,direct,Dibamus_dezwaani,False,False,,,
647,305,Paracontias_vermisaurus,,Squamata,Scincidae,DD,3.84324984307971,10.2276239783139,24.2092541755055,6.85466711784826,0.172257248654336,0.49970825158756,20.4530073870244,0.0,0,1000,direct,Paracontias_vermisaurus,False,False,,,
662,311,Luperosaurus_joloensis,Jolo Flapped-legged Gecko,Squamata,Gekkonidae,DD,3.75664657986624,8.93964538095103,24.1249802894257,22.305575607148,0.174328783673613,0.54662187387217,19.6843194623272,0.0,0,1000,direct,Luperosaurus_joloensis,False,False,,,
522,347,Matoatoa_spannringi,,Squamata,Gekkonidae,DD,4.58022365070721,10.7732856369344,23.2840124380153,14.6965277962434,0.175019286821306,0.536094914149138,18.815551229323,0.0,0,1000,direct,Matoatoa_spannringi,False,False,,,
595,366,Anomalepis_colombia,,Squamata,Anomalepididae,DD,4.14520741899623,10.5066565394484,22.9917752847892,23.8307843158249,0.16897905278174,0.577503177451029,19.8985624560798,0.0,0,1000,direct,Anomalepis_colombia,False,False,,,
589,379,Anomalepis_aspinosus,Taylor's Peru Blind Snake,Squamata,Anomalepididae,DD,4.15592717545974,10.5224704909665,22.8033498547972,24.0474308511134,0.16897905278174,0.574194496678096,19.5066112137487,0.0,0,1000,direct,Anomalepis_aspinosus,False,False,,,
593,397,Geckolepis_polylepis,,Squamata,Gekkonidae,DD,4.14712782163755,11.9846793687626,22.3644874505718,6.2992945733354,0.18364775517881,0.577391639141109,22.21691829092,0.0,0,1000,direct,Geckolepis_polylepis,False,False,,,
579,398,Anomalepis_flavapices,Ecuador Blind Snake,Squamata,Anomalepididae,DD,4.19369224968188,10.387501501285,22.3588259046354,23.7379340827356,0.16897905278174,0.577503177451029,20.1975258454888,0.0,0,1000,direct,Anomalepis_flavapices,False,False,,,
562,399,Anomalepis_mexicanus,Mexican Blind Snake,Squamata,Anomalepididae,DD,4.32457992178777,9.45595345249508,22.3317710612041,23.8405091246906,0.169326825143835,0.577107017213411,20.1690908329523,0.0,0,1000,GBIF_accepted,Anomalepis_mexicana,False,False,,,
708,408,Nactus_acutus,,Squamata,Gekkonidae,DD,3.55738582315302,8.16229641687884,22.0771399803547,11.5711991217777,0.168284196998603,0.528999671779821,17.9349916269818,0.0,0,1000,direct,Nactus_acutus,False,False,,,
800,479,Gekko_truongi,Truong’s Gecko,Squamata,Gekkonidae,DD,3.18586147548444,6.84888209594009,20.769683107261,18.2131560648474,0.174328783673613,0.565962098617565,16.5894900505492,0.0,0,1000,direct,Gekko_truongi,False,False,,,
693,486,Pachycalamus_brevis,Short Worm Lizard,Squamata,Trogonophidae,DD,3.62931194569917,9.63148320624448,20.5590009243972,19.0277405399166,0.180822331883572,0.644019512497762,21.3212988815089,0.0,0,1000,direct,Pachycalamus_brevis,False,False,,,
703,550,Phelsuma_borai,,Squamata,Gekkonidae,DD,3.57185832846478,10.2947526760724,19.6983543050931,4.45966718329508,0.170283258980613,0.533333265661744,18.0832108556686,0.0,0,1000,direct,Phelsuma_borai,False,False,,,
763,561,Gekko_grossmanni,,Squamata,Gekkonidae,DD,3.32419128037988,7.02273298050414,19.5198103457293,18.000855960646,0.176308319851015,0.565779753090421,16.2568555075168,0.0,0,1000,direct,Gekko_grossmanni,False,False,,,
872,572,Amphiglossus_meva,,Squamata,Scincidae,DD,2.94718532135649,6.95042878616998,19.3175661202067,9.40286887863267,0.170148052962235,0.496270078762273,15.2804514989523,0.0,0,1000,GBIF_accepted,Flexiseps_meva,False,False,,,
781,579,Tumbunascincus_luteilateralis,Orange-speckled Forest-skink,Squamata,Scincidae,DD,3.25142233622074,9.85246245068284,19.2354263339521,3.39262895288988,0.165271072592883,0.505820861734666,19.36224682332,0.0,0,1000,direct,Tumbunascincus_luteilateralis,False,False,,,
829,583,Luperosaurus_iskandari,Pak Djoko's Flap-legged Gecko,Squamata,Gekkonidae,DD,3.08667024074049,7.00549675809283,19.1341999303247,16.7186424421429,0.177960462785948,0.565666313845027,16.1062983732916,0.0,0,1000,GBIF_accepted,Gekko_iskandari,False,False,,,
749,592,Urostrophus_gallardoi,,Squamata,Leiosauridae,DD,3.40328482710075,9.74435660752088,19.0262565906588,5.96907124900876,0.168804327640178,0.557987556277727,19.50955837192,0.0,0,1000,direct,Urostrophus_gallardoi,False,False,,,
700,596,Gerrhopilus_tindalli,Tindall's Worm Snake,Squamata,Gerrhopilidae,DD,3.59389869835534,9.18501952404367,19.0113794570968,19.5570360285422,0.182554764337875,0.596628006636054,17.8218736202857,0.0,0,1000,direct,Gerrhopilus_tindalli,False,False,,,
746,599,Leposoma_sinepollex,,Squamata,Gymnophthalmidae,DD,3.4197010296467,9.15033982607124,18.9265256102907,5.3566931178679,0.166193890040608,0.543415811996824,16.017910346236,0.0,0,1000,direct,Leposoma_sinepollex,False,False,,,
657,601,Holodactylus_cornii,,Squamata,Eublepharidae,DD,3.79025905243657,7.91656778166576,18.9157854552642,22.0342767753528,0.176238244124992,0.483054675562403,20.2947387291916,0.0,0,1000,direct,Holodactylus_cornii,False,False,,,
643,612,Gerrhopilus_hades,,Squamata,Gerrhopilidae,DD,3.88324595788816,8.6919653392444,18.8124813882746,18.1310473634417,0.184336811190649,0.604267678400303,17.4427481657294,0.0,0,1000,direct,Gerrhopilus_hades,False,False,,,
686,615,Gerrhopilus_beddomii,Beddome's Worm Snake,Squamata,Gerrhopilidae,DD,3.64969384993229,8.46077826321723,18.7614232139786,19.463689883827,0.183168192728247,0.597157449018991,17.7036840487803,0.0,0,1000,direct,Gerrhopilus_beddomii,False,False,,,
711,620,Gerrhopilus_bisubocularis,Javanese Blind Snake,Squamata,Gerrhopilidae,DD,3.54929567578635,8.17481467411491,18.7247416564507,21.7904217899283,0.184336811190649,0.613881476375416,17.1798888016282,0.0,0,1000,direct,Gerrhopilus_bisubocularis,False,False,,,
683,630,Gerrhopilus_mcdowelli,McDowell’s Blindsnake,Squamata,Gerrhopilidae,DD,3.66582573011995,8.39906400436536,18.5906823935271,19.375325918751,0.183744619005032,0.613881476375416,17.4642951905493,0.0,0,1000,direct,Gerrhopilus_mcdowelli,False,False,,,
709,634,Gerrhopilus_oligolepis,Wall's Worm Snake,Squamata,Gerrhopilidae,DD,3.55682702209772,8.22973112216811,18.5822238582688,20.1054831580494,0.183744619005032,0.60479712078324,17.5454748451362,0.0,0,1000,direct,Gerrhopilus_oligolepis,False,False,,,
758,639,Insulasaurus_wrighti,Wright's Sphenomorphus,Squamata,Scincidae,DD,3.34769189777353,10.0786286849243,18.5088304002161,4.25779200731991,0.172120581648648,0.525098780370478,18.97908461822,0.0,0,1000,direct,Insulasaurus_wrighti,False,False,,,
782,656,Gerrhopilus_manilae,Manila Blind Snake,Squamata,Gerrhopilidae,DD,3.2486265808061,7.93008620053251,18.3347392384596,19.3983161609254,0.183744619005032,0.596937709979588,16.9154181097602,0.0,0,1000,GBIF_accepted,Malayotyphlops_manilae,False,False,,,
852,657,Pareas_stanleyi,Stanley's Slug Snake,Squamata,Pareidae,DD,3.01870041795876,7.53255766933517,18.3327529149083,7.83042621695362,0.178163851179345,0.571306448669646,17.2184837909197,0.0,0,1000,direct,Pareas_stanleyi,False,False,,,
707,663,Helminthophis_frontalis,Costa Rica Blind Snake,Squamata,Anomalepididae,DD,3.55768086301336,8.58488456153892,18.2736856746539,21.0343586007122,0.16897905278174,0.574457635777349,20.2509454499912,0.0,0,1000,direct,Helminthophis_frontalis,False,False,,,
694,671,Gerrhopilus_andamanensis,Andaman Worm Snake,Squamata,Gerrhopilidae,DD,3.62623537891511,8.02281926558035,18.1517739911495,19.5229732264128,0.183744619005032,0.596937709979588,16.8105517402213,0.0,0,1000,direct,Gerrhopilus_andamanensis,False,False,,,
718,676,Gerrhopilus_floweri,Flower's Blind Snake,Squamata,Gerrhopilidae,DD,3.53737202660512,8.4160320429223,18.0934020656201,20.29112005436,0.183744619005032,0.604577381743837,17.269564036707,0.0,0,1000,direct,Gerrhopilus_floweri,False,False,,,
732,679,Gerrhopilus_fredparkeri,Fred Parkers Blindsnake,Squamata,Gerrhopilidae,DD,3.47072197380621,8.62031702554594,18.0755998299098,19.4103404257191,0.184336811190649,0.613571773031882,16.8097882803017,0.0,0,1000,direct,Gerrhopilus_fredparkeri,False,False,,,
964,683,Acanthodactylus_gongrorhynchatus,Saudi Fringe-fingered Lizard,Squamata,Lacertidae,DD,2.67857744114589,6.77388536657447,18.053422986636,11.9643382520831,0.166820222881355,0.5839848444046,15.4561038251132,0.0,0,1000,direct,Acanthodactylus_gongrorhynchatus,False,False,,,
722,689,Gerrhopilus_thurstoni,Thurston's Worm Snake,Squamata,Gerrhopilidae,DD,3.51249347405515,9.12227375916868,18.001997773299,20.3859668044099,0.186212836295837,0.615002051260435,17.6376600296199,0.0,0,1000,direct,Gerrhopilus_thurstoni,False,False,,,
734,694,Helminthophis_praeocularis,Preocular Blind Snake,Squamata,Anomalepididae,DD,3.46531937233353,8.18042332624569,17.9719744540867,21.1546635824373,0.168804327640178,0.573363769941104,19.9898944320951,0.0,0,1000,direct,Helminthophis_praeocularis,False,False,,,
910,720,Mediodactylus_sagittifer,Jaz Murian Bent-toed Gecko,Squamata,Gekkonidae,DD,2.81782238312665,5.79243711973542,17.7153945561396,10.935551726326,0.170705244643237,0.530956442188252,14.888300468384,0.0,0,1000,direct,Mediodactylus_sagittifer,False,False,,,
897,727,Anolis_subocularis,,Squamata,Anolidae,DD,2.85033769940444,6.58730110870183,17.6161850363485,10.5890778852853,0.181203860843429,0.557283129855698,14.813204980253,0.0,0,1000,direct,Anolis_subocularis,False,False,,,
880,749,Baikia_africana,West African Worm Lizard,Squamata,Amphisbaenidae,DD,2.93706491470169,8.51662713017469,17.4236061903875,15.6734436553504,0.180822331883572,0.631208514530281,18.6704753084198,0.0,0,1000,direct,Baikia_africana,False,False,,,
889,767,Rhinophis_oxyrhynchus,,Squamata,Uropeltidae,DD,2.89900116520448,6.67666567590826,17.2786457427705,10.3182780218353,0.16897905278174,0.582016602296612,13.2276284450017,0.0,0,1000,direct,Rhinophis_oxyrhynchus,False,False,,,
740,779,Parafimbrios_lao,,Unassigned,Unassigned,NM,3.43566589366545,8.7471265981722,17.20230340371,8.44367825788687,0.178735888288564,0.576753817370241,18.093441772064,0.0,0,1000,no_RedList_match,,False,False,,,
901,780,Kaieteurosaurus_hindsi,,Squamata,Gymnophthalmidae,DD,2.84285769551167,7.03822676339617,17.1983892945612,7.42047878462697,0.165653664613254,0.524779785878416,15.8503940610015,0.0,0,1000,direct,Kaieteurosaurus_hindsi,False,False,,,
1067,848,Cyrtodactylus_gubernatoris,Sikkimese Bent-toed Gecko,Squamata,Gekkonidae,DD,2.38539187999157,5.27434814012577,16.529449116115,15.0525033001466,0.169383573149906,0.432695542701229,13.162755089865,0.0,0,1000,direct,Cyrtodactylus_gubernatoris,False,False,,,
981,868,Phyllodactylus_paucituberculatus,,Squamata,Phyllodactylidae,DD,2.63430757516845,7.06100726393019,16.3789274957178,15.8043371930775,0.192250775221576,0.633827107618017,13.9300608885945,0.0,0,1000,direct,Phyllodactylus_paucituberculatus,False,False,,,
987,891,Herpetoreas_burbrinki,Burbrink’s Keelback,Squamata,Natricidae,DD,2.61433364507387,6.69472758853695,16.192164217662,7.92690297454999,0.183407470861438,0.639625141887594,12.3591358547119,0.0,0,1000,direct,Herpetoreas_burbrinki,False,False,,,
894,906,Sirenoscincus_mobydick,,Squamata,Scincidae,NM,2.87630336358739,6.67393846449956,16.013943970706,12.6900093723099,0.172492032599472,0.464472701353725,8.1383290423411,0.0,0,1000,no_RedList_match,,False,False,,,
1101,930,Hemidactylus_alkiyumii,,Squamata,Gekkonidae,NM,2.31947592346457,5.84187877316632,15.857174915,7.79515648778369,0.168792029852567,0.531797682087997,12.9645333618375,0.0,0,1000,no_RedList_match,,False,False,,,
881,936,Cyrtopodion_battalense,Reticulate Plump-bodied Gecko,Squamata,Gekkonidae,DD,2.93688260426078,8.57370288876536,15.7956123930925,5.25283614280431,0.169983213652976,0.528249194715006,14.060918164331,0.0,0,1000,GBIF_accepted,Cyrtodactylus_battalensis,False,False,,,
996,963,Fojia_bumui,Fojia Skink,Squamata,Scincidae,DD,2.58891847156243,5.8659027336838,15.5930516754771,19.4153392562718,0.169130125749575,0.517192475543152,16.1169826565512,0.0,0,1000,direct,Fojia_bumui,False,False,,,
962,973,Xantusia_sherbrookei,,Squamata,Xantusiidae,NM,2.6820484788725,8.01887824765898,15.4980198568888,5.76667632566462,0.168409901470264,0.582456045675264,13.510441939,0.0,0,1000,no_RedList_match,,False,False,,,
948,985,Xantusia_gilberti,,Squamata,Xantusiidae,NM,2.71672560626369,7.30427357185373,15.4052777882922,5.79844205517083,0.168409901470264,0.582456045675264,13.510441939,0.0,0,1000,no_RedList_match,,False,False,,,
823,996,Pseudoacontias_madagascariensis,,Squamata,Scincidae,DD,3.11103120569657,6.61066624923454,15.3406376811431,12.0625458725186,0.171817627044223,0.500267353912823,10.1488582727958,0.0,0,1000,direct,Pseudoacontias_madagascariensis,False,False,,,
1022,1018,Pristurus_adrarensis,,Squamata,Sphaerodactylidae,DD,2.49283976959828,6.93680256829991,15.2437813698537,6.28737678584245,0.182918398928594,0.513808139443976,14.3314593831652,0.0,0,1000,direct,Pristurus_adrarensis,False,False,,,
1165,1030,Gekko_auriverrucosus,,Squamata,Gekkonidae,DD,2.16425940629715,5.12342172469569,15.1738507513117,12.3055124610054,0.176308319851015,0.565666313845027,11.7180539319218,0.0,0,1000,direct,Gekko_auriverrucosus,False,False,,,
907,1034,Coleodactylus_elizae,,Squamata,Sphaerodactylidae,DD,2.82393496551777,7.11878412194801,15.1473013805728,14.3102879030404,0.180443035578789,0.521251939579204,14.8879259595887,0.0,0,1000,direct,Coleodactylus_elizae,False,False,,,
1027,1061,Sphaerodactylus_cricoderus,Turquino Collared Sphaero,Squamata,Sphaerodactylidae,DD,2.4798542059676,6.538755936596,14.9239912092235,8.53336598031054,0.184839096808667,0.597222278818169,11.7810520124034,0.0,0,1000,direct,Sphaerodactylus_cricoderus,False,False,,,
942,1073,Hypsiscopus_matannensis,Matana Mud Snake,Squamata,Homalopsidae,DD,2.73850158122729,7.55681310824114,14.8571493863383,4.77685298363155,0.174705122815102,0.54876110704703,15.020303874705,0.0,0,1000,direct,Hypsiscopus_matannensis,False,False,,,
970,1074,Poecilopholis_cameronensis,Cameroon Racer,Squamata,Colubridae,DD,2.6579739964318,6.41183742574355,14.8217419763106,12.1706316432807,0.189237056180909,0.568484553138109,15.0173904893977,0.0,0,1000,direct,Poecilopholis_cameronensis,False,False,,,
949,1080,Tympanocryptis_uniformis,Even-scaled Earless Dragon,Squamata,Agamidae,DD,2.71528579555352,8.30792097893819,14.7796897619999,3.60358383165023,0.183918432151188,0.583368789941795,15.046882661497,0.0,0,1000,direct,Tympanocryptis_uniformis,False,False,,,
918,1082,Eublepharis_angramainyu,,Squamata,Eublepharidae,DD,2.79239582648334,6.68331207384099,14.7674719493201,21.3445024540426,0.175160361227603,0.477605809239146,18.4042851717411,0.0,0,1000,direct,Eublepharis_angramainyu,False,False,,,
961,1100,Mitophis_leptipileptus,,Squamata,Leptotyphlopidae,NM,2.68383262420258,8.49710087842795,14.6744700084605,5.35513926302447,0.179465345243834,0.605644639553402,4.83701191431412,0.0,0,1000,no_RedList_match,,False,False,,,
886,1102,Myriopholis_blanfordi,,Squamata,Leptotyphlopidae,DD,2.91373502680867,6.64574511264222,14.6687498609065,21.7791260097784,0.184336811190649,0.614805820145514,15.8234811765159,0.0,0,1000,GBIF_iucn_link,Myriopholis_blanfordi,False,False,,,
1005,1124,Plestiodon_dicei,,Squamata,Scincidae,NM,2.5607176268494,5.5448408078603,14.5253692208006,3.2900921747039,0.171817627044223,0.445450852332493,14.157371833591,0.0,0,1000,no_RedList_match,,False,False,,,
842,1134,Complicitus_nigrigularis,Blackthroated Bloodsucker,Squamata,Agamidae,DD,3.04250040444489,6.8471015629679,14.4329170508692,17.2685631213374,0.185785744229175,0.645816855567939,15.7207654018127,0.0,0,1000,direct,Complicitus_nigrigularis,False,False,,,
937,1146,Cryptagama_aurita,,Unassigned,Unassigned,DD,2.75400816590408,6.67980061660549,14.3991847949971,14.4021087068616,0.184476500337859,0.582543301969622,14.6237777751007,0.0,0,1000,GBIF_iucn_link,Cryptagama_aurita,False,False,,,
938,1147,Urocotyledon_wolterstorffi,Wolterstorff's Gecko,Squamata,Gekkonidae,DD,2.75100415751354,6.10450902207314,14.3982399810482,15.669371378509,0.174328783673613,0.533333265661744,13.5098459957284,0.0,0,1000,direct,Urocotyledon_wolterstorffi,False,False,,,
827,1152,Leiolepis_triploida,Thai Butterfly Lizard,Squamata,Agamidae,DD,3.09274591692867,7.98185769697759,14.3673758910448,22.4253498380335,0.187662999398214,0.663753509340645,20.0073971215065,0.0,0,1000,direct,Leiolepis_triploida,False,False,,,
857,1167,Hypsicalotes_kinabaluensis,,Squamata,Agamidae,DD,2.99732260586294,6.94040853670703,14.3002347290968,15.6256032919761,0.186442509462294,0.645387572805221,14.771818857223,0.0,0,1000,direct,Hypsicalotes_kinabaluensis,False,False,,,
934,1170,Urocotyledon_rasmusseni,Rasmussen's Gecko,Squamata,Gekkonidae,DD,2.76220874845893,6.34827633536503,14.2910351668238,18.2505627533056,0.17317123573678,0.533552367800675,14.1022300047147,0.0,0,1000,direct,Urocotyledon_rasmusseni,False,False,,,
1093,1180,Protobothrops_kaulbacki,,Squamata,Viperidae,DD,2.33611094456042,6.26824016156248,14.2062276479534,6.27055999720524,0.176040603037455,0.555124574788534,11.1564456102428,0.0,0,1000,direct,Protobothrops_kaulbacki,False,False,,,
1006,1184,Liotyphlops_argaleus,,Squamata,Anomalepididae,DD,2.55149786265903,5.58784638575632,14.1952498464832,16.4810423510792,0.169326825143835,0.574194496678096,14.8390580449147,0.0,0,1000,direct,Liotyphlops_argaleus,False,False,,,
1004,1194,Anolis_macilentus,Black-cheeked Bush Anole,Squamata,Anolidae,DD,2.56125210439628,6.77265196966544,14.1014690872117,4.914442582305,0.1847344135563,0.546588142285429,11.7802656980855,0.0,0,1000,direct,Anolis_macilentus,False,False,,,
1105,1222,Lygodactylus_scheffleri,Scheffler's Dwarf Gecko,Squamata,Gekkonidae,DD,2.31133234173028,5.5143470155088,13.928430339976,5.86472611130442,0.16633369324196,0.520720521189099,12.2635680788952,0.0,0,1000,direct,Lygodactylus_scheffleri,False,False,,,
952,1227,Liotyphlops_trefauti,,Squamata,Anomalepididae,DD,2.71182419082807,6.6286382768146,13.9083675556438,15.8822061829189,0.169326825143835,0.572825476952589,15.4169206603988,0.0,0,1000,direct,Liotyphlops_trefauti,False,False,,,
992,1229,Paroedura_hordiesi,,Squamata,Gekkonidae,NM,2.59272366694854,6.12028165816863,13.8992556498618,16.1683645947092,0.178616173557924,0.545578981175942,12.8671883735535,0.0,0,1000,no_RedList_match,,False,False,,,
983,1232,Urocotyledon_palmata,Congo Palm Gecko,Squamata,Gekkonidae,DD,2.62548326136552,6.55201137921299,13.8810238994124,16.005150669552,0.17317123573678,0.53304305460984,13.3903448045429,0.0,0,1000,direct,Urocotyledon_palmata,False,False,,,
1079,1246,Anolis_alfaroi,Small-fanned Bush Anole,Squamata,Anolidae,DD,2.36254551214362,6.29476558791324,13.7953938150665,5.31512929799138,0.184513414993001,0.546668361984285,10.9954437540987,0.0,0,1000,direct,Anolis_alfaroi,False,False,,,
1116,1261,Hemiphyllodactylus_zugi,Zug’s Slender Gecko,Squamata,Gekkonidae,DD,2.27418947279426,5.12163626534241,13.6982720506725,5.73191903573888,0.170318338623201,0.527347735436472,12.2789699546301,0.0,0,1000,direct,Hemiphyllodactylus_zugi,False,False,,,
1229,1263,Stenocercus_formosus,Formosa Whorltail Iguana,Squamata,Tropiduridae,DD,2.04657895706081,5.01843266800165,13.6909497914362,9.82901699180038,0.174022630227271,0.55826779488187,11.424646201858,0.0,0,1000,direct,Stenocercus_formosus,False,False,,,
1038,1269,Liotyphlops_schubarti,Sao Paulo Blind Snake,Squamata,Anomalepididae,DD,2.46538557303281,6.45015957238118,13.6399002917847,15.242850163518,0.169743438536495,0.573798336440478,15.1207592794293,0.0,0,1000,direct,Liotyphlops_schubarti,False,False,,,
1011,1285,Liotyphlops_haadi,,Squamata,Anomalepididae,DD,2.54053884912437,6.32594079797801,13.5751693069785,15.1582077307758,0.169326825143835,0.574194496678096,15.1533734780976,0.0,0,1000,direct,Liotyphlops_haadi,False,False,,,
1120,1295,Parvoscincus_luzonense,Highland Sphenomorphus,Squamata,Scincidae,DD,2.26650099371267,6.75853849301432,13.5066745678544,2.78366475321161,0.16474408516873,0.505929969607909,13.56290258033,0.0,0,1000,GBIF_accepted,Parvoscincus_luzonensis,False,False,,,
879,1303,Rhinoleptus_parkeri,Parker’s Worm Snake,Squamata,Leptotyphlopidae,DD,2.93885408939514,6.4670713145908,13.4692644469988,17.4142137269197,0.179465345243834,0.605452294008701,15.7335774271512,0.0,0,1000,direct,Rhinoleptus_parkeri,False,False,,,
1203,1306,Paracontias_manify,,Squamata,Scincidae,DD,2.09434960083871,5.61143901920895,13.4459393232934,5.5146436138317,0.172120581648648,0.495274489814519,11.0774517085471,0.0,0,1000,direct,Paracontias_manify,False,False,,,
951,1307,Perochirus_guentheri,Vanuatu Saw-tailed Gecko,Squamata,Gekkonidae,DD,2.711943349804,6.39972078021404,13.4419150239621,17.4783097771253,0.16896894678239,0.531987639978849,15.4201023302635,0.0,0,1000,direct,Perochirus_guentheri,False,False,,,
1127,1308,Phytolopsis_punctata,Blackwater Mud Snake,Squamata,Homalopsidae,DD,2.24752226884588,4.86398491355267,13.4396894097507,6.63717053026706,0.168921469009175,0.498006529198,11.8276251234821,0.0,0,1000,direct,Phytolopsis_punctata,False,False,,,
971,1311,Cyrtopodion_himalayanum,Himalayan Bent-toed Gecko,Squamata,Gekkonidae,DD,2.65545822021032,7.28454246428929,13.4338132593575,5.74834965550517,0.169983213652976,0.525778328386398,10.844104659355,0.0,0,1000,GBIF_accepted,Cyrtodactylus_himalayanus,False,False,,,
984,1313,Cyrtopodion_lawderanum,Lawder’s Bent-toed Gecko,Squamata,Gekkonidae,DD,2.62090198219053,6.99358191335813,13.4289599692083,5.68050542658603,0.169983213652976,0.525778328386398,10.844104659355,0.0,0,1000,GBIF_accepted,Cyrtodactylus_lawderanus,False,False,,,
1078,1329,Xantusia_wigginsi,,Squamata,Xantusiidae,NM,2.36534202394807,6.92764398675169,13.3456751144523,4.54715438545349,0.16815615794634,0.580624519628745,13.590767078,0.0,0,1000,no_RedList_match,,False,False,,,
1049,1345,Liotyphlops_anops,Cope's Blind Snake,Squamata,Anomalepididae,DD,2.43592990869134,6.50765187339086,13.2909880664218,16.0575040958875,0.169326825143835,0.574194496678096,14.9500963846837,0.0,0,1000,direct,Liotyphlops_anops,False,False,,,
1102,1353,Plestiodon_parviauriculatus,Northern Pigmy Skink,Squamata,Scincidae,DD,2.31358159374918,4.74797298119607,13.2550110282702,3.28436570742203,0.171817627044223,0.445450852332493,12.4521773286587,0.0,0,1000,direct,Plestiodon_parviauriculatus,False,False,,,
1030,1354,Chelosania_brunnea,Chameleon Dragon,Squamata,Agamidae,DD,2.47585223231334,5.0812145807472,13.252981817332,17.7582993354225,0.184476500337859,0.591658757921304,14.0008741926258,0.0,0,1000,direct,Chelosania_brunnea,False,False,,,
1136,1355,Homopholis_walbergii,,Squamata,Gekkonidae,NM,2.23101521489014,5.52939596986666,13.2382975578404,4.60096736836042,0.18186332201965,0.549958996057946,11.6223959575553,0.0,0,1000,no_RedList_match,,False,False,,,
1111,1371,Afroedura_pongola,Pongola Flat Gecko,Squamata,Gekkonidae,DD,2.29018947817644,6.1618512108839,13.1690677562789,4.42389035816969,0.182918398928594,0.579871106259629,12.2551723276311,0.0,0,1000,direct,Afroedura_pongola,False,False,,,
1205,1389,Anolis_zapotecorum,,Squamata,Anolidae,NM,2.09138432856585,5.41806651474723,13.092836432845,6.6409913494437,0.186792079296111,0.636616998997888,10.9636101171249,0.0,0,1000,no_RedList_match,,False,False,,,
1083,1392,Enyalius_boulengeri,,Squamata,Leiosauridae,NM,2.35420333782534,6.40199908923387,13.0647668388386,4.69595833361375,0.169534794301079,0.55826779488187,13.414239737436,0.0,0,1000,no_RedList_match,,False,False,,,
1081,1405,Epacrophis_reticulatus,Reticulate Blind Snake,Squamata,Leptotyphlopidae,DD,2.35834200289829,6.31431986750704,12.9792729186873,13.3418786588086,0.180639228092253,0.60479712078324,10.6742189069973,0.0,0,1000,direct,Epacrophis_reticulatus,False,False,,,
1031,1418,Platyplectrurus_trilineatus,Lined Thorntail Snake,Squamata,Uropeltidae,DD,2.47393459655886,5.65095062465981,12.9147223271141,10.0989216975222,0.169326825143835,0.574457635777349,7.65373105011786,0.0,0,1000,direct,Platyplectrurus_trilineatus,False,False,,,
1044,1419,Haackgreerius_miopus,Haacke-Greer's Skink,Squamata,Scincidae,DD,2.44394029749564,5.41989573154646,12.894963264523,16.9076131887449,0.165895918788839,0.569718244961255,14.9898692193184,0.0,0,1000,direct,Haackgreerius_miopus,False,False,,,
1069,1428,Epacrophis_boulengeri,Manda Flesh-pink Blind Snake,Squamata,Leptotyphlopidae,DD,2.38464420657725,6.11727465429515,12.8481476517994,12.8334350366561,0.180639228092253,0.60479712078324,10.4595441177879,0.0,0,1000,direct,Epacrophis_boulengeri,False,False,,,
1189,1438,Tropidophorus_matsuii,,Squamata,Scincidae,DD,2.11443196711877,5.52253777801316,12.8074431349166,3.77016441286396,0.170148052962235,0.51058386113984,11.608284532553,0.0,0,1000,direct,Tropidophorus_matsuii,False,False,,,
1007,1451,Cnemaspis_andersonii,,Squamata,Gekkonidae,DD,2.55116725882718,5.83819618262739,12.7595664417056,13.3407092191088,0.186182850724134,0.617806611438556,11.1382517404705,0.0,0,1000,direct,Cnemaspis_andersonii,False,False,,,
985,1452,Cnemaspis_girii,Giri’s Day Gecko,Squamata,Gekkonidae,DD,2.61690472491262,5.84594869070487,12.7552593995352,13.1459904170206,0.185971938269484,0.615066998272127,11.2458453388399,0.0,0,1000,direct,Cnemaspis_girii,False,False,,,
1088,1495,Epacrophis_drewesi,Drewes’ Worm Snake,Squamata,Leptotyphlopidae,DD,2.34553874431238,5.5679302712599,12.5210726465827,14.0719836352325,0.179465345243834,0.597157449018991,10.2823148538632,0.0,0,1000,direct,Epacrophis_drewesi,False,False,,,
1167,1503,Anolis_stevepoei,,Squamata,Anolidae,NM,2.16249492006816,5.54127800532463,12.4432149402703,4.62744992011203,0.186792079296111,0.637466878597342,10.7095162269121,0.0,0,1000,no_RedList_match,,False,False,,,
1013,1512,Amphisbaena_caiari,,Squamata,Amphisbaenidae,DD,2.53646100696301,6.23639777404408,12.4135796559796,18.8361103285667,0.180298561878804,0.662507722338452,13.5474450687268,0.0,0,1000,direct,Amphisbaena_caiari,False,False,,,
1288,1514,Cyrtodactylus_kimberleyensis,Kimberley Bent-toed Gecko,Squamata,Gekkonidae,DD,1.93779020942868,4.50281734234272,12.3977907270009,7.2111564640872,0.169869956767653,0.437467667285254,10.7530357660462,0.0,0,1000,direct,Cyrtodactylus_kimberleyensis,False,False,,,
1373,1527,Cyrtodactylus_arcanus,,Squamata,Gekkonidae,DD,1.80705469980335,3.76948657309852,12.3481112713219,12.3825334886267,0.171817627044223,0.495810253120335,10.4702768141409,0.0,0,1000,direct,Cyrtodactylus_arcanus,False,False,,,
1147,1535,Polychrus_jacquelinae,,Squamata,Polychrotidae,DD,2.20309713953579,6.05340023981014,12.3217641144498,15.2756142298351,0.174022630227271,0.576028538351192,15.3468870641517,0.0,0,1000,direct,Polychrus_jacquelinae,False,False,,,
1047,1541,Cnemaspis_wicksi,,Squamata,Gekkonidae,DD,2.4370071572599,6.31943523888148,12.2962690711598,14.6978260610752,0.186182850724134,0.618782641109207,11.2717827984503,0.0,0,1000,direct,Cnemaspis_wicksi,False,False,,,
1225,1546,Xerotyphlops_socotranus,Socotra Worm Snake,Squamata,Typhlopidae,DD,2.05275590240311,4.67932066523968,12.2759596733595,10.0595381905825,0.168594882788728,0.570345024810685,10.0781058781827,0.0,0,1000,direct,Xerotyphlops_socotranus,False,False,,,
1154,1550,Alopoglossus_viridiceps,,Squamata,Alopoglossidae,NM,2.17755527556526,4.96411006335958,12.2585414016215,9.01231739717253,0.16815615794634,0.50319999900449,11.5203156474824,0.0,0,1000,no_RedList_match,,False,False,,,
1173,1552,Cnemaspis_uzungwae,,Squamata,Gekkonidae,DD,2.14392251305653,4.89762388900236,12.2553818201861,13.6250651946412,0.16896894678239,0.526976757082969,11.3732394663799,0.0,0,1000,GBIF_iucn_link,Cnemaspis_uzungwae,False,False,,,
1084,1553,Sanzinia_volontany,,Squamata,Sanziniidae,NM,2.35035053760109,5.12223497877544,12.2534588249255,12.6851443255299,0.178027940806408,0.57935767084555,13.7130978005372,0.0,0,1000,no_RedList_match,,False,False,,,
1060,1556,Cnemaspis_amith,,Squamata,Gekkonidae,DD,2.39863938755244,5.74190236535189,12.247349461481,13.4790862869854,0.188841730398902,0.631796101186605,10.2546955608221,0.0,0,1000,direct,Cnemaspis_amith,False,False,,,
1299,1571,Madagascarophis_fuchsi,,Squamata,Pseudoxyrhophiidae,NM,1.91835139772941,4.82907555630963,12.210359643167,5.14303114022176,0.175015019727817,0.53985451300272,11.0934744233858,0.0,0,1000,no_RedList_match,,False,False,,,
1072,1572,Iranolacerta_brandtii,Brandt's Persian Lizard,Squamata,Lacertidae,DD,2.38293978713759,6.34525370581148,12.2073033831091,4.77085810084903,0.169279560751684,0.575093296986872,11.708814040438,0.0,0,1000,direct,Iranolacerta_brandtii,False,False,,,
1227,1575,Parvoscincus_lawtoni,,Squamata,Scincidae,DD,2.04893945403724,6.43139535813504,12.1989865625432,2.64508063114346,0.164924670129156,0.508785312710747,12.309054912508,0.0,0,1000,direct,Parvoscincus_lawtoni,False,False,,,
1219,1591,Acanthocercus_annectens,,Squamata,Agamidae,NM,2.06367969891199,5.93833064303589,12.1434723462633,6.92086637977787,0.190405080920532,0.699276243770813,11.274897592983,0.0,0,1000,no_RedList_match,,False,False,,,
1279,1616,Hemidactylus_newtoni,Newton's Leaf-toed Gecko,Squamata,Gekkonidae,DD,1.95216570901692,4.4574796648394,12.0394889370266,7.9459082264825,0.168567884148377,0.532295191487005,10.3705269194474,0.0,0,1000,direct,Hemidactylus_newtoni,False,False,,,
1287,1622,Cryophis_hallbergi,,Squamata,Dipsadidae,DD,1.93906607349225,4.48482018426874,12.0171369435771,9.3978588438172,0.168328786088906,0.467209060596847,10.6403316674,0.0,0,1000,direct,Cryophis_hallbergi,False,False,,,
1281,1639,Hemiphyllodactylus_insularis,Philippine Slender Gecko,Squamata,Gekkonidae,DD,1.95056685580292,5.03668326874609,11.9492995532378,4.22447092501218,0.170318338623201,0.527347735436472,10.9641148436812,0.0,0,1000,direct,Hemiphyllodactylus_insularis,False,False,,,
1306,1649,Nactus_kunan,,Squamata,Gekkonidae,DD,1.9065025195592,4.5670987762049,11.9098541159321,5.0227263812482,0.168774765283158,0.528999671779821,9.75392556784391,0.0,0,1000,direct,Nactus_kunan,False,False,,,
1212,1653,Brookesia_lambertoni,,Squamata,Chamaeleonidae,DD,2.08365452275099,5.60124923492833,11.8827411001163,10.4613232453339,0.185785744229175,0.655843153406238,9.35541717446461,0.0,0,1000,direct,Brookesia_lambertoni,False,False,,,
1266,1663,Cnemaspis_aurantiacopes,Hon Dat Rock Gecko,Squamata,Gekkonidae,DD,1.96679180246568,4.13248510896617,11.8416121257425,3.74257439437274,0.168851992379745,0.427817119294446,11.0942352546206,0.0,0,1000,direct,Cnemaspis_aurantiacopes,False,False,,,
1222,1669,Xantusia_bolsonae,Bolson Night Lizard,Squamata,Xantusiidae,DD,2.05542018347046,5.11549441855818,11.8081391481204,4.7117046395345,0.168257190075815,0.582456045675264,11.72719328,0.0,0,1000,direct,Xantusia_bolsonae,False,False,,,
1184,1672,Geophis_occabus,,Squamata,Dipsadidae,NM,2.12013494382202,6.11038714380969,11.8054181598356,3.66323594727525,0.172769960546025,0.566334547612524,11.145033551221,0.0,0,1000,no_RedList_match,,False,False,,,
1064,1685,Cnemaspis_kolhapurensis,Kolhapur Day Gecko,Squamata,Gekkonidae,DD,2.39212400566146,5.74362292313243,11.7485607032516,13.5048860294682,0.188841730398902,0.630409511063799,10.2843465603967,0.0,0,1000,direct,Cnemaspis_kolhapurensis,False,False,,,
1118,1687,Cylindrophis_yamdena,Yamdena Pipe Snake,Squamata,Cylindrophiidae,DD,2.26697992710206,4.85494732242134,11.7462480718753,13.7694090504485,0.168975948394515,0.578809553580136,11.7858328659607,0.0,0,1000,direct,Cylindrophis_yamdena,False,False,,,
1223,1690,Geophis_latifrontalis,Potosí Earth Snake,Squamata,Dipsadidae,DD,2.05456044878513,6.1342467474962,11.7394280815395,3.47416964550181,0.172769960546025,0.566146012363627,11.145033551221,0.0,0,1000,direct,Geophis_latifrontalis,False,False,,,
1054,1693,Cnemaspis_boiei,Boie’s Day Gecko,Squamata,Gekkonidae,DD,2.42043621171517,5.78781560465911,11.7327693391388,13.577132845809,0.185971938269484,0.617806611438556,10.382562445775,0.0,0,1000,direct,Cnemaspis_boiei,False,False,,,
1146,1702,Cylindrophis_aruensis,Aru Cylinder Snake,Squamata,Cylindrophiidae,DD,2.2036076975799,5.51145276205097,11.6943588470811,13.4502081050357,0.168975948394515,0.579264299583529,11.8874313523427,0.0,0,1000,direct,Cylindrophis_aruensis,False,False,,,
1314,1704,Gymnophthalmus_leucomystax,White Spectacied Tegu,Squamata,Gymnophthalmidae,DD,1.89571567024548,4.59681796208415,11.6876040884318,4.36461960842311,0.16815615794634,0.503440903099182,11.3652063749236,0.0,0,1000,direct,Gymnophthalmus_leucomystax,False,False,,,
1115,1714,Gonatodes_fuscus,,Squamata,Sphaerodactylidae,NM,2.27899426411753,5.4024767345532,11.6555812523738,12.99956254882,0.18364775517881,0.552155923447892,10.9919586938147,0.0,0,1000,no_RedList_match,,False,False,,,
1232,1720,Sphaerodactylus_poindexteri,,Squamata,Sphaerodactylidae,NM,2.04374121438919,5.13246722564112,11.6342213779377,5.69583367865761,0.188841730398902,0.61264241769368,9.7702586033994,0.0,0,1000,no_RedList_match,,False,False,,,
1126,1721,Cylindrophis_lineatus,Lined Pipe Snake,Squamata,Cylindrophiidae,DD,2.24761380925879,5.92008596953859,11.6289687307501,13.0240945819511,0.168975948394515,0.579264299583529,12.0940340362396,0.0,0,1000,direct,Cylindrophis_lineatus,False,False,,,
1356,1740,Cnemaspis_flavolineata,Fraser’s Hill Rock Gecko,Squamata,Gekkonidae,DD,1.83115828255704,4.18187545775169,11.5771791488877,3.37382969905254,0.169105439780076,0.428640224182472,10.6358522969733,0.0,0,1000,direct,Cnemaspis_flavolineata,False,False,,,
1158,1742,Tympanocryptis_cephalus,Blotch-tailed Earless Dragon,Squamata,Agamidae,DD,2.17294811051174,6.74300888119139,11.5664646514838,2.99243352663567,0.184476500337859,0.591658757921304,11.85954188241,0.0,0,1000,direct,Tympanocryptis_cephalus,False,False,,,
1381,1753,Anolis_peucephilus,,Squamata,Anolidae,NM,1.80028638394011,4.62247811357627,11.5293797365072,7.24192428105877,0.1847344135563,0.627387559169678,9.48776777114801,0.0,0,1000,no_RedList_match,,False,False,,,
1194,1765,Cylindrophis_engkariensis,Engkari Pipe Snake,Squamata,Cylindrophiidae,DD,2.1086643654055,4.66466818469008,11.4905297296301,14.0338850425358,0.168975948394515,0.579264299583529,11.5619396418094,0.0,0,1000,direct,Cylindrophis_engkariensis,False,False,,,
1284,1767,Cordylus_ukingensis,Ukinga Girdled Lizard,Squamata,Cordylidae,DD,1.94488741543029,5.33276883860561,11.4856745172918,4.62841931058722,0.166358832682754,0.556779328991094,11.4016057836474,0.0,0,1000,direct,Cordylus_ukingensis,False,False,,,
1211,1779,Madatyphlops_comorensis,Comoro Blind Snake,Squamata,Typhlopidae,DD,2.08706478464931,5.25439493602968,11.4294315916344,15.4508909504715,0.168533520451549,0.569063225683814,12.0644050545834,0.0,0,1000,direct,Madatyphlops_comorensis,False,False,,,
1051,1787,Cnemaspis_monticola,Montane Day Gecko,Squamata,Gekkonidae,DD,2.42641482215444,5.53130365093538,11.399343215882,12.6137620402821,0.187048383580453,0.620620402947724,10.132857005628,0.0,0,1000,direct,Cnemaspis_monticola,False,False,,,
1138,1791,Thecadactylus_oskrobapreinorum,,Squamata,Phyllodactylidae,DD,2.21865707472871,5.96847805256928,11.3863155396861,12.538678973938,0.188841730398902,0.618550361488311,12.8053585471352,0.0,0,1000,direct,Thecadactylus_oskrobapreinorum,False,False,,,
1221,1792,Agamodon_arabicus,Arabian Worm Lizard,Squamata,Trogonophidae,DD,2.05688040349446,5.43371988864073,11.3856420093855,11.5548159981557,0.180298561878804,0.636053641137341,11.0323194840972,0.0,0,1000,direct,Agamodon_arabicus,False,False,,,
1334,1793,Brachymeles_tiboliorum,Western Mindanao Slender Skink,Squamata,Scincidae,DD,1.86184780779404,4.19605971942874,11.3822880571231,3.01590607882519,0.169710384603372,0.427507220695504,10.6966830434096,0.0,0,1000,direct,Brachymeles_tiboliorum,False,False,,,
1188,1801,Agamodon_compressus,Flat Worm Lizard,Squamata,Trogonophidae,DD,2.11460746524739,5.69122084021202,11.3475142113944,11.6541612484338,0.180822331883572,0.643709389665704,11.0740203825665,0.0,0,1000,direct,Agamodon_compressus,False,False,,,
1359,1808,Anolis_poei,Telimbela Anole,Squamata,Anolidae,DD,1.82963298158448,4.8711673259236,11.3281215548383,5.25507834235127,0.190968699891668,0.599611266605358,9.68216654412507,0.0,0,1000,direct,Anolis_poei,False,False,,,
1139,1834,Cylindrophis_boulengeri,Boulenger's Pipe Snake,Squamata,Cylindrophiidae,DD,2.21829040728062,5.23057693778398,11.2377763543588,12.2027886760641,0.168975948394515,0.578313691712586,11.7116405123703,0.0,0,1000,direct,Cylindrophis_boulengeri,False,False,,,
1097,1842,Cnemaspis_beddomei,Beddome’s Day Gecko,Squamata,Gekkonidae,DD,2.33122994394503,6.12685606751071,11.1955108436602,13.6585281444099,0.187048383580453,0.62094043881556,10.5347548685072,0.0,0,1000,direct,Cnemaspis_beddomei,False,False,,,
1275,1853,Draco_cristatellus,Crested Flying Dragon,Squamata,Agamidae,DD,1.95918633992551,5.39583659020852,11.1613395260648,4.45939837747627,0.185785744229175,0.669388298009501,10.3132150143964,0.0,0,1000,direct,Draco_cristatellus,False,False,,,
1086,1855,Cnemaspis_littoralis,Coastal Day Gecko,Squamata,Gekkonidae,DD,2.34954134767686,5.91077989664208,11.1607584342507,13.3803078181499,0.187048383580453,0.620620402947724,10.1257078974567,0.0,0,1000,direct,Cnemaspis_littoralis,False,False,,,
1209,1860,Bachia_cacerensis,,Squamata,Gymnophthalmidae,DD,2.08784732634271,4.72872262943264,11.1446315000243,15.806031631048,0.165986041475851,0.454217983467089,13.0446648332559,0.0,0,1000,direct,Bachia_cacerensis,False,False,,,
1134,1880,Pseudocophotis_sumatrana,,Squamata,Agamidae,DD,2.23847021896734,5.64637649013745,11.0960637952582,12.1308667793841,0.1847344135563,0.636081567257437,7.79416916638423,0.0,0,1000,direct,Pseudocophotis_sumatrana,False,False,,,
1196,1885,Anoplohydrus_aemulans,,Squamata,Natricidae,DD,2.10589684123696,5.53491478170235,11.0779251856492,13.1483447296058,0.17772849736262,0.627244522589548,12.2873317703604,0.0,0,1000,direct,Anoplohydrus_aemulans,False,False,,,
1285,1898,Asthenodipsas_lasgalenensis,,Squamata,Pareidae,NM,1.94099687192037,4.96571140038835,11.0387289294748,4.80806873500281,0.178163851179345,0.571069662212548,10.7250671800726,0.0,0,1000,no_RedList_match,,False,False,,,
1215,1899,Anolis_sierramaestrae,,Squamata,Anolidae,DD,2.07567860724669,4.49707498796396,11.0372972273332,12.768744795893,0.18573905888994,0.637212847558952,10.5410762139014,0.0,0,1000,direct,Anolis_sierramaestrae,False,False,,,
1191,1916,Pseudocophotis_kontumensis,,Squamata,Agamidae,DD,2.11228792910802,5.31420453270488,10.9890865179729,12.449534568929,0.184513414993001,0.625838657353002,7.79416916638423,0.0,0,1000,direct,Pseudocophotis_kontumensis,False,False,,,
1216,1929,Pararhabdophis_chapaensis,Chapa Flat-nosed Snake,Squamata,Natricidae,DD,2.07198774838786,4.93491628231664,10.945985038089,13.8553470076982,0.175827105608337,0.613919751161064,12.3845782407275,0.0,0,1000,GBIF_accepted,Hebius_chapaensis,False,False,,,
1248,1941,Mixcoatlus_browni,,Squamata,Viperidae,NM,2.00637986491949,5.13322262795704,10.9045846809617,4.0374853277147,0.176671916695783,0.553276999682585,8.291106870586,0.0,0,1000,no_RedList_match,,False,False,,,
1260,1950,Pseudogekko_labialis,Dark-spotted Smooth-scaled Gecko,Squamata,Gekkonidae,DD,1.98218170717583,4.48237085597967,10.8661003642321,11.0196316479695,0.176308319851015,0.54662187387217,10.9172290780294,0.0,0,1000,GBIF_accepted,Lepidodactylus_labialis,False,False,,,
1171,1961,Asaccus_barani,,Squamata,Phyllodactylidae,NM,2.15146278549025,5.25176947955483,10.8308838049956,15.3018698098427,0.18809789609785,0.61264241769368,11.0190887232764,0.0,0,1000,no_RedList_match,,False,False,,,
1218,1991,Gonatodes_ligiae,,Squamata,Sphaerodactylidae,DD,2.0676419785391,5.15913171130544,10.7442135010927,13.7251128356217,0.18364775517881,0.551924135583517,10.9123723932017,0.0,0,1000,direct,Gonatodes_ligiae,False,False,,,
1354,1998,Lygodactylus_inexpectatus,Dar-es-Salaam Dwarf Gecko,Squamata,Gekkonidae,DD,1.83252284925504,4.78447795006753,10.7282822008465,12.0935950388896,0.167199022088564,0.506001483955233,10.8622882973369,0.0,0,1000,direct,Lygodactylus_inexpectatus,False,False,,,
1324,2002,Bachia_geralista,,Squamata,Gymnophthalmidae,DD,1.8775815928302,4.46175127905562,10.722971418493,13.696483439389,0.166820222881355,0.483884735108814,11.8594176923852,0.0,0,1000,direct,Bachia_geralista,False,False,,,
1255,2004,Hypsiglena_tanzeri,Rio Verde Nightsnake,Squamata,Dipsadidae,DD,1.99491887830256,6.34119024554715,10.7223246696954,2.84348376501609,0.17672088535038,0.569887043728842,10.988093847335,0.0,0,1000,direct,Hypsiglena_tanzeri,False,False,,,
1142,2005,Cnemaspis_australis,Southern Day Gecko,Squamata,Gekkonidae,DD,2.21508689734441,5.33617566740309,10.7148634828208,13.2386263286745,0.18664424126612,0.617806611438556,9.7999499992304,0.0,0,1000,direct,Cnemaspis_australis,False,False,,,
1224,2014,Asaccus_tangestanensis,,Squamata,Phyllodactylidae,NM,2.05436298361443,5.15917414728228,10.685608564484,14.7367261419214,0.186652745837391,0.609466067482097,10.8278914722873,0.0,0,1000,no_RedList_match,,False,False,,,
1277,2023,Bachia_micromela,,Squamata,Gymnophthalmidae,DD,1.9576451868863,4.67514647140106,10.6556176990291,12.9403166294542,0.166820222881355,0.4843689321886,11.9961257529982,0.0,0,1000,direct,Bachia_micromela,False,False,,,
1385,2029,Melanoseps_longicauda,Black Limbless Skink,Squamata,Scincidae,DD,1.79600054978831,4.5329016380448,10.6285630554236,13.4334074740162,0.172257248654336,0.464575770271735,10.7650593101438,0.0,0,1000,direct,Melanoseps_longicauda,False,False,,,
1259,2048,Gonatodes_lichenosus,Perijá Lichen-Gecko,Squamata,Sphaerodactylidae,DD,1.98404119598808,4.77958761961953,10.5838249682671,13.9617157762305,0.18364775517881,0.548245521079519,11.2246716671563,0.0,0,1000,direct,Gonatodes_lichenosus,False,False,,,
1331,2060,Parahelicops_annamensis,Annam Keelback,Squamata,Natricidae,DD,1.86542517381479,4.69171128052818,10.5456543198389,13.7664600470284,0.17672088535038,0.627244522589548,11.2641769844007,0.0,0,1000,GBIF_accepted,Hebius_annamensis,False,False,,,
1239,2062,Asaccus_zagrosicus,,Squamata,Phyllodactylidae,NM,2.02115430630595,5.0813745068033,10.5433787620552,14.5278825831092,0.18809789609785,0.61264241769368,11.0765555535423,0.0,0,1000,no_RedList_match,,False,False,,,
1491,2063,Cyrtodactylus_vilaphongi,,Squamata,Gekkonidae,DD,1.69985195326719,3.77991398620835,10.541997614827,5.3408498378075,0.16970205025574,0.429385943602853,9.2429034800111,0.0,0,1000,direct,Cyrtodactylus_vilaphongi,False,False,,,
1335,2064,Melanoseps_rondoensis,Rondo Limbless Skink,Squamata,Scincidae,DD,1.85700268743827,4.06812340617962,10.5415990284722,12.9385118413812,0.172257248654336,0.464575770271735,11.1294518864259,0.0,0,1000,direct,Melanoseps_rondoensis,False,False,,,
1185,2071,Sphaerodactylus_gilvitorques,Jamaican Collared Sphaero,Squamata,Sphaerodactylidae,DD,2.11862837868415,5.00496647443373,10.5204649115737,11.5843444588625,0.187498022033898,0.611572183390236,10.2967599737359,0.0,0,1000,direct,Sphaerodactylus_gilvitorques,False,False,,,
1298,2086,Xylophis_stenorhynchus,Günther's Mountain Snake,Squamata,Pareidae,DD,1.92034732678624,5.11332980786906,10.4986590648695,14.1828932729599,0.178163851179345,0.571955713724804,13.229841824165,0.0,0,1000,direct,Xylophis_stenorhynchus,False,False,,,
1310,2096,Ichnotropis_tanganicana,Tanzanian Rough-scaled Lizard,Squamata,Lacertidae,DD,1.90141427312608,4.7668758562211,10.4662234193046,12.4557582738869,0.166358832682754,0.58108493861481,11.2060534645037,0.0,0,1000,direct,Ichnotropis_tanganicana,False,False,,,
1574,2101,Anilios_polygrammicus,,Squamata,Typhlopidae,NM,1.61442188369221,3.71873615971558,10.4550597102885,13.371780843347,0.177631916742631,0.57303833778915,10.1990128163198,0.0,0,1000,no_RedList_match,,False,False,,,
1337,2109,Phelsuma_gouldi,,Squamata,Gekkonidae,DD,1.85379416725364,5.40676312394364,10.4394702236944,4.77497819860446,0.169543145314187,0.537092391273052,9.8513647547229,0.0,0,1000,direct,Phelsuma_gouldi,False,False,,,
1486,2112,Cyrtodactylus_teyniei,,Squamata,Gekkonidae,DD,1.70494202059135,3.72385199391316,10.4320761676687,5.21755967123295,0.170370119673012,0.488093020664074,9.1154713165984,0.0,0,1000,direct,Cyrtodactylus_teyniei,False,False,,,
1404,2120,Paracontias_tsararano,,Squamata,Scincidae,DD,1.77474914152812,3.9542082707495,10.4104947066261,10.0530190319642,0.171178290326662,0.492142864892384,7.95535125981252,0.0,0,1000,direct,Paracontias_tsararano,False,False,,,
1328,2128,Tropidophis_battersbyi,Battersby's Dwarf Boa,Squamata,Tropidophiidae,DD,1.86977190208357,4.79416486981294,10.3905493397056,11.6096801417797,0.169326825143835,0.578041470439544,9.43575007092924,0.0,0,1000,direct,Tropidophis_battersbyi,False,False,,,
1217,2137,Bachia_pallidiceps,Cope's Bachia,Squamata,Gymnophthalmidae,DD,2.07146198067994,4.8602450954229,10.3727189300011,14.1071991593008,0.166358832682754,0.469234748719974,12.2575071825128,0.0,0,1000,direct,Bachia_pallidiceps,False,False,,,
1300,2142,Cnemaspis_gigas,,Squamata,Gekkonidae,DD,1.91653887705174,4.81279592729861,10.3653656996102,12.5469947031411,0.168774765283158,0.526976757082969,11.4065096220912,0.0,0,1000,GBIF_iucn_link,Cnemaspis_gigas,False,False,,,
1368,2153,Ichnotropis_microlepidota,Marx's Rough-scaled Lizard,Squamata,Lacertidae,DD,1.81836432807501,4.9416754683934,10.3370601829103,12.5180828846974,0.166820222881355,0.584474078561987,11.3319809540151,0.0,0,1000,direct,Ichnotropis_microlepidota,False,False,,,
1230,2163,Asaccus_saffinae,,Squamata,Phyllodactylidae,NM,2.04578742453343,5.33456299696635,10.3105641522611,14.2003707455573,0.186037691068409,0.601276243305599,11.1469527104804,0.0,0,1000,no_RedList_match,,False,False,,,
1289,2166,Iguanognathus_werneri,Spatula-toothed Snake,Squamata,Colubridae,DD,1.93674447352728,4.99975301244067,10.3072757445057,13.6486361302063,0.175827105608337,0.62258614461601,11.3454151974497,0.0,0,1000,direct,Iguanognathus_werneri,False,False,,,
1592,2168,Xenochrophis_piscator,,Squamata,Natricidae,NM,1.60528415370409,3.81272514431122,10.3047508507594,7.35303509797879,0.17772849736262,0.61008451804336,8.39353289781999,0.0,0,1000,no_RedList_match,,False,False,,,
1150,2173,Asaccus_granularis,,Squamata,Phyllodactylidae,NM,2.18612417554674,5.12043491583158,10.2846973840106,15.0047081601961,0.18809789609785,0.612335169085346,11.3744080043596,0.0,0,1000,no_RedList_match,,False,False,,,
1257,2196,Leiocephalus_anonymous,,Squamata,Tropiduridae,NM,1.99250603152793,4.57353340242076,10.1982647250428,11.9499109601958,0.190092299286517,0.609467045696802,9.4645228441208,0.0,0,1000,no_RedList_match,,False,False,,,
1727,2209,Trachylepis_vezo,,Squamata,Scincidae,DD,1.48584364554344,3.62992473978224,10.1640510482955,6.11492357666906,0.166574720106958,0.558497461556272,9.1710987883902,0.0,0,1000,direct,Trachylepis_vezo,False,False,,,
1258,2226,Tropidophis_preciosus,,Squamata,Tropidophiidae,DD,1.99221549393919,4.71504642487502,10.1191861902276,11.7975126099055,0.169743438536495,0.577107017213411,9.63706228874483,0.0,0,1000,direct,Tropidophis_preciosus,False,False,,,
1319,2229,Tricheilostoma_dissimilis,Sudan Blind Snake,Squamata,Leptotyphlopidae,DD,1.88697481555775,4.88195285993211,10.1161398615479,14.8989723266152,0.178445515735906,0.575805657364639,11.6046292756731,0.0,0,1000,direct,Tricheilostoma_dissimilis,False,False,,,
1530,2232,Acanthodactylus_nilsoni,,Squamata,Lacertidae,DD,1.65033370063451,3.85603989807273,10.1099405616581,4.30064540473291,0.165986041475851,0.572021373920414,9.29206277852534,0.0,0,1000,direct,Acanthodactylus_nilsoni,False,False,,,
1236,2235,Cnemaspis_petrodroma,,Squamata,Gekkonidae,DD,2.03728819756029,4.50529585629886,10.1039933261985,11.4167604426997,0.16896894678239,0.526209715187292,10.4776695739944,0.0,0,1000,GBIF_iucn_link,Cnemaspis_petrodroma,False,False,,,
1480,2237,Tropidophorus_latiscutatus,,Squamata,Scincidae,DD,1.70865816705269,4.52118042178167,10.0978531482461,3.81690600452668,0.170148052962235,0.507821155457108,9.3246316065077,0.0,0,1000,direct,Tropidophorus_latiscutatus,False,False,,,
1478,2245,Hemidactylus_lemurinus,Ghost Gecko,Squamata,Gekkonidae,DD,1.70959321135146,4.81569078208011,10.0714820591362,2.91093309901446,0.169105439780076,0.529672158209638,9.4271780572307,0.0,0,1000,direct,Hemidactylus_lemurinus,False,False,,,
1596,2248,Varanus_dumerilii,Dumeril's Monitor,Squamata,Varanidae,DD,1.6010669694286,4.58438700508749,10.0640231161612,4.39824472431712,0.17769796903592,0.653295908229667,8.92167615696929,0.0,0,1000,direct,Varanus_dumerilii,False,False,,,
1241,2251,Asaccus_andersoni,,Squamata,Phyllodactylidae,NM,2.01771740207596,5.12710711235655,10.0504728077121,13.1261873513043,0.18809789609785,0.611879431998571,10.2481101092725,0.0,0,1000,no_RedList_match,,False,False,,,
1678,2253,Bunopus_crassicauda,Thickhead Rock Gecko,Squamata,Gekkonidae,DD,1.53361170076316,3.78646726526857,10.0473257790795,8.93329888340681,0.172960137271736,0.527930436736443,9.21180603613588,0.0,0,1000,direct,Bunopus_crassicauda,False,False,,,
1563,2255,Bachia_scaea,,Squamata,Gymnophthalmidae,DD,1.62334558111433,3.95787453466258,10.041593286256,6.91760746832295,0.165986041475851,0.454217983467089,9.5738480918267,0.0,0,1000,direct,Bachia_scaea,False,False,,,
1247,2270,Pseudogonatodes_furvus,Colombian Clawed Gecko,Squamata,Sphaerodactylidae,DD,2.00964470155966,5.11686202562325,10.0029108126014,13.1274252966867,0.182918398928594,0.525770446185556,12.6754853349871,0.0,0,1000,direct,Pseudogonatodes_furvus,False,False,,,
1320,2294,Leiocephalus_apertosulcus,,Squamata,Tropiduridae,NM,1.88658573416405,5.17733082704801,9.95426093625504,11.4407052663848,0.189386835157634,0.609467045696802,9.50470321590787,0.0,0,1000,no_RedList_match,,False,False,,,
1295,2297,Leiocephalus_jamaicensis,,Squamata,Tropiduridae,NM,1.92353443060691,5.0877165397163,9.94675231254858,11.3227236310741,0.188590011337757,0.59016365889231,9.72164483984898,0.0,0,1000,no_RedList_match,,False,False,,,
1311,2346,Stoliczkia_khasiensis,Khasi Earth Snake,Squamata,Xenodermidae,DD,1.89967699247706,4.36877056409782,9.82250171520079,9.90296595218436,0.178163851179345,0.573437209564205,10.5519928431709,0.0,0,1000,direct,Stoliczkia_khasiensis,False,False,,,
1379,2356,Scolecoseps_boulengeri,Boulenger's Limbless Skink,Squamata,Scincidae,DD,1.80345169488318,4.07155941179747,9.8155511913811,10.2853915312111,0.169710384603372,0.437266079811787,8.295009092154,0.0,0,1000,direct,Scolecoseps_boulengeri,False,False,,,
1617,2359,Lerista_viduata,Ravensthorpe Range Slider,Squamata,Scincidae,DD,1.58804030325903,4.4318036763946,9.81060064843505,2.60149586457713,0.169130125749575,0.52830415205245,9.03001623156903,0.0,0,1000,direct,Lerista_viduata,False,False,,,
1626,2365,Gekko_carusadensis,Luzon Karst Gecko,Squamata,Gekkonidae,DD,1.58242451035215,3.76935004995546,9.78438329871144,3.81711127443239,0.170318338623201,0.526244641573072,8.5160970792054,0.0,0,1000,direct,Gekko_carusadensis,False,False,,,
1573,2371,Vietnascincus_rugosus,,Squamata,Scincidae,DD,1.61492665139574,4.30977977439294,9.76971352520791,11.221047962868,0.164200112032119,0.518266246223694,10.8912354650804,0.0,0,1000,direct,Vietnascincus_rugosus,False,False,,,
1372,2373,Montaspis_gilvomaculata,Cream-spotted Mountain Snake,Squamata,Lamprophiidae,DD,1.80997089741238,4.39941915792022,9.7618256879557,11.5535140018289,0.181579758791239,0.556039525153798,11.1958251700834,0.0,0,1000,direct,Montaspis_gilvomaculata,False,False,,,
1430,2374,Tupinambis_palustris,,Squamata,Teiidae,DD,1.747189408121,4.37566763389679,9.75968967829154,11.7561685973413,0.168021209122516,0.521577031095735,11.8409828627413,0.0,0,1000,direct,Tupinambis_palustris,False,False,,,
1386,2386,Amphisbaena_ignatiana,,Squamata,Amphisbaenidae,DD,1.7959923792026,4.17571854483308,9.73081636063795,8.76714010738511,0.190074876861224,0.675198603345178,8.68818998539321,0.0,0,1000,direct,Amphisbaena_ignatiana,False,False,,,
1339,2395,Leiocephalus_etheridgei,,Squamata,Tropiduridae,NM,1.85124308578913,5.08952360827375,9.70298787871947,12.4397616062033,0.189386835157634,0.600119521048712,9.69303692636877,0.0,0,1000,no_RedList_match,,False,False,,,
1456,2401,Bradypodion_caffer,,Squamata,Chamaeleonidae,NM,1.72608519782994,5.47418866621588,9.6898050680006,2.6891491402492,0.179281478799195,0.659666605260141,9.809279126223,0.0,0,1000,no_RedList_match,,False,False,,,
1545,2408,Coloptychon_rhombifer,Isthmian Alligator Lizard,Squamata,Anguidae,DD,1.63185545201508,3.8724244022358,9.67742468289164,6.83396191445402,0.182049713057435,0.657650403646763,8.95326744053628,0.0,0,1000,GBIF_accepted,Gerrhonotus_rhombifer,False,False,,,
1374,2431,Lygodactylus_decaryi,,Squamata,Gekkonidae,DD,1.8051165584937,4.73693901055303,9.63480100829433,12.9656771935375,0.171277390978963,0.530497196825619,11.4575860743419,0.0,0,1000,direct,Lygodactylus_decaryi,False,False,,,
1554,2444,Luperosaurus_cumingii,Cuming's Flapped-legged Gecko,Squamata,Gekkonidae,DD,1.62767022452696,3.4806341598357,9.61103787055987,5.41257431473538,0.176308319851015,0.556389694238407,8.1117237054017,0.0,0,1000,direct,Luperosaurus_cumingii,False,False,,,
1424,2451,Hemiphyllodactylus_margarethae,Sumatran Slender Gecko,Squamata,Gekkonidae,DD,1.75567972611705,4.10061831104791,9.59758289621429,10.5868488665117,0.169896702062609,0.523514959777989,9.9359758915962,0.0,0,1000,direct,Hemiphyllodactylus_margarethae,False,False,,,
1565,2453,Geoscincus_haraldmeieri,,Squamata,Scincidae,DD,1.62264387359204,4.04355910419063,9.59706621057389,7.98521551502579,0.156900428987954,0.552136720295456,9.6668465225377,0.0,0,1000,direct,Geoscincus_haraldmeieri,False,False,,,
1467,2469,Lepidodactylus_mutahi,Bougainville's Scaly-toed Gecko,Squamata,Gekkonidae,DD,1.71969351516956,4.28108607663586,9.56599996601079,11.0848943075229,0.176308319851015,0.559335424161239,9.64471911142573,0.0,0,1000,direct,Lepidodactylus_mutahi,False,False,,,
1323,2478,Asaccus_iranicus,,Squamata,Phyllodactylidae,NM,1.87985195258164,4.73443896494628,9.54937383288533,13.4596300991934,0.18809789609785,0.611572183390236,10.1636236375562,0.0,0,1000,no_RedList_match,,False,False,,,
1652,2489,Hemidactylus_funaiolii,Archer’s Post Gecko,Squamata,Gekkonidae,DD,1.55854692956286,3.48160377213113,9.5377965991822,4.03974856109282,0.17134493046283,0.559284212885906,8.27506226777911,0.0,0,1000,direct,Hemidactylus_funaiolii,False,False,,,
1387,2492,Calumma_fallax,,Squamata,Chamaeleonidae,DD,1.79525767805391,5.401944198283,9.51838934858177,3.15617307881765,0.185785744229175,0.672910279290414,9.3718250317084,0.0,0,1000,direct,Calumma_fallax,False,False,,,
1453,2493,Paracontias_milloti,,Squamata,Scincidae,DD,1.72695522119782,4.3195625500352,9.5177264272842,10.8963363079272,0.171178290326662,0.49197553618527,7.77005511361805,0.0,0,1000,direct,Paracontias_milloti,False,False,,,
1538,2500,Agama_bottegi,Somali Agama,Squamata,Agamidae,DD,1.64110864735101,4.90289039456471,9.49926211520043,3.74583061698889,0.190405080920532,0.715496385673787,8.79338654873405,0.0,0,1000,direct,Agama_bottegi,False,False,,,
1294,2502,Leiocephalus_partidus,,Squamata,Tropiduridae,NM,1.9260774195683,4.55675976853459,9.49762607413782,12.1921385726837,0.188590011337757,0.594242824031715,9.50078257520355,0.0,0,1000,no_RedList_match,,False,False,,,
1415,2510,Plagiopholis_delacouri,,Squamata,Pseudoxenodontidae,DD,1.76553916527268,4.48640885361405,9.46776903123953,12.0516650482957,0.170238909629781,0.598587195949773,11.0151784711142,0.0,0,1000,direct,Plagiopholis_delacouri,False,False,,,
1312,2511,Lepidoblepharis_microlepis,,Squamata,Sphaerodactylidae,DD,1.89927626712763,4.44059553666666,9.46587224931363,12.3602710276144,0.181960774923945,0.549293241218104,11.171929214834,0.0,0,1000,direct,Lepidoblepharis_microlepis,False,False,,,
1694,2523,Hemidactylus_granchii,Granchi's Leaf-toed Gecko,Squamata,Gekkonidae,DD,1.5200040957259,3.5934957410149,9.44900303204102,5.26556750730302,0.168429179962371,0.530191441140078,8.15096087551144,0.0,0,1000,direct,Hemidactylus_granchii,False,False,,,
1717,2525,Hemidactylus_lopezjuradoi,López-Jurado's Leaf-toed Gecko,Squamata,Gekkonidae,DD,1.49635957058772,3.6465564009132,9.44783947217914,6.47902509440644,0.169105439780076,0.534386631619113,3.7549833514412,0.0,0,1000,direct,Hemidactylus_lopezjuradoi,False,False,,,
1680,2538,Hemidactylus_ulii,,Squamata,Gekkonidae,NM,1.53323498892639,3.6847603721935,9.42520002757947,4.60381943169522,0.169105439780076,0.531369548377475,8.1758490690108,0.0,0,1000,no_RedList_match,,False,False,,,
1336,2539,Scolecoseps_acontias,Sandy Limbless Skink,Squamata,Scincidae,DD,1.85559667945792,4.19996166078088,9.42480367047655,11.2437635181042,0.169710384603372,0.437266079811787,8.32248476772774,0.0,0,1000,direct,Scolecoseps_acontias,False,False,,,
1396,2540,Rhinophis_zigzag,Zigzag Rhinophis,Squamata,Uropeltidae,DD,1.78397031803081,4.46513911713082,9.42467485142014,6.81655522312515,0.169326825143835,0.589931985066017,6.64058035533439,0.0,0,1000,direct,Rhinophis_zigzag,False,False,,,
1687,2544,Trimeresurus_sichuanensis,Sichuan Pit Viper,Squamata,Viperidae,DD,1.52860952241996,3.5115622117124,9.41596258123893,7.33322000765528,0.172141007761791,0.54773583545257,8.28006174535501,0.0,0,1000,direct,Trimeresurus_sichuanensis,False,False,,,
1474,2549,Plagiopholis_unipostocularis,Yunnan Mountain Snake,Squamata,Pseudoxenodontidae,DD,1.71279266480352,4.43302433321372,9.40567466679438,11.4671558050063,0.170055854722854,0.598587195949773,10.7068925415551,0.0,0,1000,direct,Plagiopholis_unipostocularis,False,False,,,
1313,2551,Harpesaurus_ensicauda,Nias Nose-horned Lizard,Squamata,Agamidae,DD,1.89670451650438,4.62333858045409,9.39952589397267,10.3654783502411,0.185785744229175,0.639267955201526,8.00944706700722,0.0,0,1000,direct,Harpesaurus_ensicauda,False,False,,,
1541,2559,Abronia_ornelasi,Cerro Baul Alligator Lizard,Squamata,Anguidae,DD,1.63891477236516,4.51786559007178,9.3815032073472,7.10260109162952,0.181350140272025,0.668118055848752,7.37686577053265,0.0,0,1000,direct,Abronia_ornelasi,False,False,,,
1612,2564,Heurnia_ventromaculata,,Squamata,Homalopsidae,DD,1.59145988672758,3.58614955939818,9.37226545406195,9.6871444145719,0.168921469009175,0.485671883887265,9.41716668853372,0.0,0,1000,direct,Heurnia_ventromaculata,False,False,,,
1597,2565,Parvoscincus_agtorum,,Squamata,Scincidae,DD,1.5995757835524,4.676245284276,9.37095592580421,2.15446217151258,0.164924670129156,0.505820861734666,9.049055751921,0.0,0,1000,direct,Parvoscincus_agtorum,False,False,,,
1675,2569,Mediodactylus_heteropholis,Iraqui Keel-scaled Gecko,Squamata,Gekkonidae,DD,1.54197311303499,3.76002855704953,9.35945682275013,4.46412003810145,0.170318338623201,0.531769007090006,8.20200960013572,0.0,0,1000,direct,Mediodactylus_heteropholis,False,False,,,
1482,2588,Eumeces_indothalensis,Striped Mole Skink,Squamata,Scincidae,DD,1.707637964597,3.85273904502883,9.32425304864234,11.3174667606046,0.168627846675554,0.428246043263788,10.6484211886206,0.0,0,1000,direct,Eumeces_indothalensis,False,False,,,
1439,2592,Rhinophis_lineatus,Striped Rhinophis,Squamata,Uropeltidae,DD,1.73529387998562,4.38152336612001,9.30658155246199,6.96133703318667,0.16897905278174,0.578996900611394,6.91761986861335,0.0,0,1000,direct,Rhinophis_lineatus,False,False,,,
1444,2617,Lygodactylus_grandisonae,Kenya Dwarf Gecko,Squamata,Gekkonidae,DD,1.73319392152463,3.93332287664875,9.24750981043129,11.8213199319876,0.16896894678239,0.525486313929739,10.6333785208269,0.0,0,1000,direct,Lygodactylus_grandisonae,False,False,,,
1532,2627,Djokoiskandarus_annulata,,Squamata,Homalopsidae,DD,1.64794757042456,3.72852669681464,9.23575037285749,9.62990735365655,0.169308464911072,0.485671883887265,9.73183137305346,0.0,0,1000,direct,Djokoiskandarus_annulata,False,False,,,
1431,2631,Sphaerodactylus_bromeliarum,El Yunque Least Gecko,Squamata,Sphaerodactylidae,DD,1.74640364308998,3.97211081505951,9.22481962901745,10.1424136930589,0.186037691068409,0.593171951740952,8.82217909756353,0.0,0,1000,direct,Sphaerodactylus_bromeliarum,False,False,,,
1499,2641,Uromastyx_occidentalis,Western Spiny-Tailed Lizard,Squamata,Agamidae,DD,1.69116346704138,4.5906925507924,9.21130082343958,12.1782861444972,0.185785744229175,0.662893289921699,10.1588444733095,0.0,0,1000,direct,Uromastyx_occidentalis,False,False,,,
1375,2649,Gyiophis_maculosa,,Squamata,Homalopsidae,DD,1.80490382506393,3.67603945281456,9.2024282273049,7.81482240568367,0.173922185920503,0.515935987931402,5.80067314798743,0.0,0,1000,direct,Gyiophis_maculosa,False,False,,,
1363,2673,Scolecoseps_litipoensis,Litipo Sand Skink,Squamata,Scincidae,DD,1.82446511473575,3.86213576237625,9.13869341034413,10.6396807718434,0.169905036410241,0.439364759427465,7.93378450406068,0.0,0,1000,direct,Scolecoseps_litipoensis,False,False,,,
1388,2680,Sphaerodactylus_docimus,Cabo Cruz Banded Sphaero,Squamata,Sphaerodactylidae,DD,1.79153941428882,4.36985939279607,9.12546844409956,10.5197647479368,0.18364775517881,0.564250257744765,9.17180983072426,0.0,0,1000,direct,Sphaerodactylus_docimus,False,False,,,
1485,2694,Nessia_deraniyagalai,Deraniyagala's Nessia,Squamata,Scincidae,DD,1.70582887567737,4.24629287284675,9.10171910952632,8.6541615496213,0.174969514214297,0.499451475276761,7.03183826310081,0.0,0,1000,direct,Nessia_deraniyagalai,False,False,,,
1658,2702,Parvoscincus_igorotorum,Igorot Cordillera Mountains Skink,Squamata,Scincidae,DD,1.55547124662362,4.37807761780257,9.08174549519093,1.77887139706087,0.165119309343948,0.505790669481911,9.1365751797656,0.0,0,1000,direct,Parvoscincus_igorotorum,False,False,,,
1392,2703,Dicrodon_holmbergi,Holmberg's Desert Tegu,Squamata,Teiidae,DD,1.78785332392888,4.13130003869568,9.08081290174044,12.7237048929061,0.167466678606274,0.499364384103203,11.9635846571094,0.0,0,1000,direct,Dicrodon_holmbergi,False,False,,,
1759,2707,Parvoscincus_duwendorum,,Squamata,Scincidae,DD,1.45249969180271,4.09482273091639,9.06923974256302,2.27940114129758,0.16474408516873,0.505113193496445,8.9150773658572,0.0,0,1000,direct,Parvoscincus_duwendorum,False,False,,,
1433,2716,Tricheilostoma_greenwelli,,Squamata,Leptotyphlopidae,DD,1.74363285543,4.20020120271199,9.04272759717139,12.8108513867599,0.178445515735906,0.57592484995474,10.4082980679203,0.0,0,1000,direct,Tricheilostoma_greenwelli,False,False,,,
1460,2718,Lepidodactylus_lombocensis,,Squamata,Gekkonidae,DD,1.72366532061297,4.15404340893505,9.04060649732224,12.1827303453344,0.176308319851015,0.556389694238407,9.92449373492192,0.0,0,1000,direct,Lepidodactylus_lombocensis,False,False,,,
1418,2720,Lygodactylus_scorteccii,Scortecci's Dwarf Gecko,Squamata,Gekkonidae,DD,1.76239692444425,4.14670572786117,9.03372929518519,12.3922295115062,0.170283258980613,0.53304305460984,10.1946170439065,0.0,0,1000,direct,Lygodactylus_scorteccii,False,False,,,
1376,2726,Lepidodactylus_pulcher,Admiralty Gecko,Squamata,Gekkonidae,DD,1.80466478244027,3.95986022436065,9.01271251477769,11.3353663395608,0.176308319851015,0.53002048833094,9.62018625202622,0.0,0,1000,direct,Lepidodactylus_pulcher,False,False,,,
1561,2734,Lepidodactylus_ranauensis,Sabah Scaly-toed Gecko,Squamata,Gekkonidae,DD,1.62403766515563,3.72463929885729,8.99801393555774,10.6166362473136,0.170318338623201,0.527669892719143,9.28479020991848,0.0,0,1000,direct,Lepidodactylus_ranauensis,False,False,,,
1670,2736,Karnsophis_siantaris,,Unassigned,Unassigned,NM,1.54373671304462,3.37967355222611,8.99354039265162,9.61269095469786,0.169948846363448,0.485671883887265,9.35663165842977,0.0,0,1000,no_RedList_match,,False,False,,,
1465,2739,Lepidoblepharis_colombianus,,Squamata,Sphaerodactylidae,DD,1.72226481809988,4.41983082712758,8.99010595122249,11.9351350086666,0.181960774923945,0.549293241218104,10.770897476148,0.0,0,1000,direct,Lepidoblepharis_colombianus,False,False,,,
1458,2744,Harpesaurus_tricinctus,Java Nose-horned Lizard,Squamata,Agamidae,DD,1.72538577520367,4.64664525024455,8.98430181343878,9.65031002205218,0.185440348058406,0.636081567257437,7.35228898700181,0.0,0,1000,direct,Harpesaurus_tricinctus,False,False,,,
1382,2757,Harpesaurus_borneensis,,Squamata,Agamidae,DD,1.79912678024882,4.55738987361806,8.96451473021721,10.1767470670045,0.185440348058406,0.636315325427697,7.91349270459476,0.0,0,1000,direct,Harpesaurus_borneensis,False,False,,,
1493,2760,Miralia_alternans,Reuss' Mud Snake,Squamata,Homalopsidae,DD,1.69764733463018,4.37106402440951,8.95646889031276,10.2180845444617,0.174250467837342,0.548843614121569,9.5362963848775,0.0,0,1000,direct,Miralia_alternans,False,False,,,
1338,2762,Harpesaurus_beccarii,Sumatra Nose-horned Lizard,Squamata,Agamidae,DD,1.85356853596736,4.44926412851167,8.95378112579236,9.9156230936328,0.185440348058406,0.639267955201526,7.65574444859643,0.0,0,1000,direct,Harpesaurus_beccarii,False,False,,,
1662,2777,Acutotyphlops_kunuaensis,Kunua Blind Snake,Squamata,Typhlopidae,DD,1.55082894423966,3.52080052022458,8.92918887099583,7.53652981082949,0.176573262048185,0.571669318063644,7.26333199671683,0.0,0,1000,direct,Acutotyphlops_kunuaensis,False,False,,,
1427,2783,Luperosaurus_sorok,,Squamata,Gekkonidae,DD,1.75280476411187,3.87698717708271,8.91669332520345,10.8393128249682,0.174328783673613,0.547164802553382,9.60596292591712,0.0,0,1000,GBIF_accepted,Gekko_sorok,False,False,,,
1692,2785,Raclitia_indica,Selangor Mud Snake,Squamata,Homalopsidae,DD,1.52272231995387,3.42486202258864,8.90759641567991,9.38220480467524,0.169948846363448,0.498322157826964,9.1788681143568,0.0,0,1000,direct,Raclitia_indica,False,False,,,
1426,2790,Lepidodactylus_intermedius,,Squamata,Gekkonidae,DD,1.75305724636316,4.23191116173015,8.90174315312362,12.5712445673412,0.174328783673613,0.533835597730757,9.78284343184398,0.0,0,1000,direct,Lepidodactylus_intermedius,False,False,,,
1463,2792,Madatyphlops_cuneirostris,Wedge-snouted Blind-snake,Squamata,Typhlopidae,DD,1.72250283740478,4.23729032883018,8.89703080983441,11.2108315766153,0.168533520451549,0.570532371841943,9.6956249044119,0.0,0,1000,GBIF_accepted,Afrotyphlops_cuneirostris,False,False,,,
1525,2804,Altiphylax_yarkandensis,,Squamata,Gekkonidae,NM,1.66462342368567,3.97108120203012,8.88297973067599,11.3456913083148,0.176308319851015,0.530257192381733,9.95710563188713,0.0,0,1000,no_RedList_match,,False,False,,,
1741,2807,Cyrtodactylus_medioclivus,,Squamata,Gekkonidae,DD,1.47261321213524,3.42098414865487,8.87845907062282,4.19981810542256,0.171817627044223,0.489699453267816,7.76342166336674,0.0,0,1000,direct,Cyrtodactylus_medioclivus,False,False,,,
1429,2811,Myriopholis_burii,,Squamata,Leptotyphlopidae,DD,1.74721159201012,4.25568299790407,8.87037305401478,12.7684052580941,0.18548751961592,0.613055612530286,10.7658148244357,0.0,0,1000,direct,Myriopholis_burii,False,False,,,
1714,2823,Hypsilurus_nigrigularis,,Squamata,Agamidae,DD,1.50300877169572,3.7628678418176,8.85182347082256,6.01661631620522,0.183068879014153,0.570830634834423,7.906764176598,0.0,0,1000,direct,Hypsilurus_nigrigularis,False,False,,,
1661,2834,Liophidium_maintikibo,,Squamata,Pseudoxyrhophiidae,DD,1.55409305158084,3.83165093962049,8.83071102373413,2.54688793945035,0.178347210591111,0.540344940145363,7.70221950212028,0.0,0,1000,direct,Liophidium_maintikibo,False,False,,,
1519,2841,Ancylocranium_ionidesi,Kilwa Sharp-snouted Worm Lizard,Squamata,Amphisbaenidae,DD,1.6713320794628,4.4568712344815,8.81608232360438,10.8039891031711,0.180822331883572,0.636053641137341,7.21036605200648,0.0,0,1000,direct,Ancylocranium_ionidesi,False,False,,,
1455,2843,Heliobolus_neumanni,Neumann’s Sand Lizard,Squamata,Lacertidae,DD,1.72627699009674,3.75632392657362,8.8104882480071,12.3383440933873,0.166193890040608,0.569250178222885,10.9491665295297,0.0,0,1000,direct,Heliobolus_neumanni,False,False,,,
1399,2862,Madatyphlops_madagascariensis,Madagascar Worm Snake,Squamata,Typhlopidae,DD,1.77947798103702,3.94290173568094,8.76222782054401,10.5446996871614,0.168126125483349,0.569330624655949,9.78192801960168,0.0,0,1000,direct,Madatyphlops_madagascariensis,False,False,,,
1775,2864,Hypsilurus_bruijnii,,Squamata,Agamidae,DD,1.44038129833787,3.39161989304964,8.76150663331613,6.01003944387046,0.183918432151188,0.583368789941795,7.7135307516646,0.0,0,1000,direct,Hypsilurus_bruijnii,False,False,,,
1718,2866,Hemidactylus_festivus,,Squamata,Gekkonidae,NM,1.49582974629663,4.03738831212501,8.75738741059451,4.00457595375614,0.168567884148377,0.533177021092326,6.96448467341633,0.0,0,1000,no_RedList_match,,False,False,,,
1461,2876,Ptyodactylus_homolepis,Pakistan Fan-fingered Gecko,Squamata,Phyllodactylidae,DD,1.72357279228498,4.73408030950669,8.74649738026787,11.2034098021244,0.18809789609785,0.615019856799822,10.4492687059543,0.0,0,1000,direct,Ptyodactylus_homolepis,False,False,,,
1808,2879,Cyrtodactylus_khasiensis,Khasi Hills bent-toed Gecko,Squamata,Gekkonidae,DD,1.40787107032541,2.9339934820285,8.74297653313765,4.70120429904364,0.16970205025574,0.432695542701229,7.64569385832999,0.0,0,1000,direct,Cyrtodactylus_khasiensis,False,False,,,
1512,2882,Celestus_adercus,,Squamata,Diploglossidae,DD,1.67783566862338,3.83628603016309,8.73514267053244,11.0409968686065,0.179565704291298,0.617748553546791,9.17083030910747,0.0,0,1000,GBIF_iucn_link,Celestus_adercus,False,False,,,
1750,2884,Anolis_nietoi,,Squamata,Anolidae,NM,1.46399742568107,4.18263875689705,8.72991958991577,3.69662434480035,0.186792079296111,0.637772154400839,7.61633805250683,0.0,0,1000,no_RedList_match,,False,False,,,
1470,2886,Lepidodactylus_woodfordi,,Squamata,Gekkonidae,NM,1.71638683199367,4.1608997072732,8.72911523531729,10.8506618621528,0.177960462785948,0.565327038426824,9.6898215444244,0.0,0,1000,no_RedList_match,,False,False,,,
1340,2890,Ptyodactylus_dhofarensis,,Squamata,Phyllodactylidae,NM,1.85103933073319,4.58867244745084,8.72122242229432,11.0035367829248,0.187498022033898,0.612769681516853,11.027505455213,0.0,0,1000,no_RedList_match,,False,False,,,
1503,2898,Ancylocranium_somalicum,Somali Sharp-snouted Worm Lizard,Squamata,Amphisbaenidae,DD,1.68748101248625,4.61589636887428,8.70805810794049,10.1123691040211,0.180822331883572,0.635743518305282,6.89340954896329,0.0,0,1000,direct,Ancylocranium_somalicum,False,False,,,
1417,2905,Sphaerodactylus_micropithecus,,Squamata,Sphaerodactylidae,DD,1.76420595687645,4.38511609398597,8.69937740088535,10.1533864655729,0.186441833382742,0.593276967538676,8.81826206125057,0.0,0,1000,direct,Sphaerodactylus_micropithecus,False,False,,,
1523,2907,Mediodactylus_aspratilis,Iranian Keel-scaled Gecko,Squamata,Gekkonidae,DD,1.66540872244013,3.85722086433154,8.69411505545317,10.2972080687599,0.17134493046283,0.530766505572568,8.98215093756415,0.0,0,1000,direct,Mediodactylus_aspratilis,False,False,,,
1590,2911,Lepidodactylus_buleli,,Squamata,Gekkonidae,DD,1.60592755634727,4.11287343572596,8.69061228684842,12.0399100273234,0.170705244643237,0.526528164280135,9.84538804299569,0.0,0,1000,direct,Lepidodactylus_buleli,False,False,,,
1559,2912,Myriopholis_natatrix,Gambia Blind Snake,Squamata,Leptotyphlopidae,DD,1.62591397710067,3.86314190255634,8.69046915059092,13.4111852063098,0.183744619005032,0.619343253190042,10.3828592219342,0.0,0,1000,direct,Myriopholis_natatrix,False,False,,,
1789,2917,Ameiva_jacuba,,Squamata,Teiidae,NM,1.42803636304777,3.33602031760041,8.68414160710357,4.43982771372181,0.167849067051439,0.579532942058535,7.25753946910727,0.0,0,1000,no_RedList_match,,False,False,,,
1522,2923,Myriopholis_yemenicus,Yemen Blind Snake,Squamata,Leptotyphlopidae,DD,1.66549556383915,4.42588730691918,8.67060502728485,13.0674932389128,0.18548751961592,0.617412225741663,10.8205780969855,0.0,0,1000,GBIF_accepted,Myriopholis_yemenica,False,False,,,
1421,2926,Ancylocranium_barkeri,Lindi Sharp-snouted Worm Lizard,Squamata,Amphisbaenidae,DD,1.75937324433421,4.50238321490489,8.66932174511386,10.8948321643835,0.181350140272025,0.635743518305282,7.19190380770653,0.0,0,1000,direct,Ancylocranium_barkeri,False,False,,,
1435,2931,Myriopholis_filiformis,Socotra Island Blind Snake,Squamata,Leptotyphlopidae,DD,1.74277607161499,4.30043419636427,8.65666177471538,11.2676965786942,0.184336811190649,0.614488735630278,10.2339909606232,0.0,0,1000,direct,Myriopholis_filiformis,False,False,,,
1624,2933,Rhinophis_fergusonianus,,Squamata,Uropeltidae,DD,1.58301124927894,3.83793791246766,8.65310208410454,6.89613324596334,0.16897905278174,0.581324343996052,6.3548601769964,0.0,0,1000,direct,Rhinophis_fergusonianus,False,False,,,
1732,2940,Hemidactylus_shihraensis,,Squamata,Gekkonidae,NM,1.48313400378578,3.56822568154733,8.63966609757555,3.99977539329609,0.168792029852567,0.532863932700904,6.98093380982571,0.0,0,1000,no_RedList_match,,False,False,,,
1622,2942,Gekko_albofasciolatus,,Squamata,Gekkonidae,NM,1.58389333317532,3.71302531368614,8.63903045143498,10.2702081839819,0.171917076798556,0.556932622919619,9.31006885716444,0.0,0,1000,no_RedList_match,,False,False,,,
1619,2953,Madatyphlops_leucocephalus,White-headed Beaked Snake,Squamata,Typhlopidae,DD,1.58525780892434,3.57818992210744,8.62351337116124,11.3103893883896,0.168126125483349,0.569063225683814,9.5387095441205,0.0,0,1000,GBIF_accepted,Rhinotyphlops_leucocephalus,False,False,,,
1663,2958,Sphaerodactylus_elegantulus,Antigua Least Gecko,Squamata,Sphaerodactylidae,DD,1.55079497992008,4.19811479451394,8.60954731704953,4.3291386066333,0.18364775517881,0.558698682450933,7.7117636402851,0.0,0,1000,direct,Sphaerodactylus_elegantulus,False,False,,,
1502,2964,Takydromus_haughtonianus,Goalpora Grass Lizard,Squamata,Lacertidae,DD,1.68789460057867,4.17234241074378,8.60132144166293,10.2417094482281,0.169849818928791,0.583432376101136,9.35643461031278,0.0,0,1000,direct,Takydromus_haughtonianus,False,False,,,
1553,2965,Mediodactylus_ilamensis,,Squamata,Gekkonidae,NM,1.6277705644625,3.79615209046044,8.59885385568681,10.1241914704425,0.170705244643237,0.531465755379087,8.86659142169267,0.0,0,1000,no_RedList_match,,False,False,,,
1511,2966,Mediodactylus_stevenandersoni,,Squamata,Gekkonidae,NM,1.68101737166132,3.74397529688454,8.59819367730095,11.3497367275101,0.170318338623201,0.530956442188252,9.23644752064814,0.0,0,1000,no_RedList_match,,False,False,,,
1446,2967,Gymnodactylus_vanzolinii,,Squamata,Gekkonidae,DD,1.73187718489713,4.40307022105661,8.58736295696031,11.5624368846508,0.18809789609785,0.641823876581719,10.5203916770779,0.0,0,1000,direct,Gymnodactylus_vanzolinii,False,False,,,
1407,2972,Celestus_orobius,,Squamata,Diploglossidae,DD,1.77007719041489,3.99757457240881,8.5771863014433,10.9584660085434,0.180822331883572,0.636490055676079,8.66524917006901,0.0,0,1000,GBIF_iucn_link,Celestus_orobius,False,False,,,
1500,2981,Lemuriatyphlops_domerguei,,Squamata,Typhlopidae,DD,1.69061045634476,4.00428510660593,8.56320580094725,9.69313160399305,0.182301474906387,0.577790226112219,6.95501766631973,0.0,0,1000,GBIF_accepted,Madatyphlops_domerguei,False,False,,,
1667,2987,Latastia_siebenrocki,Siebenrock's Longtail Lizard,Squamata,Lacertidae,DD,1.54510618124726,3.94974337024346,8.5511206055005,11.7698489937994,0.165820428278736,0.579514872172299,10.2265875755675,0.0,0,1000,direct,Latastia_siebenrocki,False,False,,,
1595,2993,Kualatahan_pahangensis,Pahang Mud Snake,Squamata,Homalopsidae,DD,1.60112781304724,3.85397155235945,8.53845963166973,9.74151432053845,0.169308464911072,0.48601663158627,9.28609203157703,0.0,0,1000,direct,Kualatahan_pahangensis,False,False,,,
1566,2997,Myriopholis_macrura,Boulenger's Blind Snake,Squamata,Leptotyphlopidae,DD,1.62213299965224,4.14682617097301,8.5349177660649,11.9966735965948,0.184336811190649,0.617608456856585,10.4002604734717,0.0,0,1000,direct,Myriopholis_macrura,False,False,,,
1760,2999,Zamenis_persicus,,Squamata,Colubridae,DD,1.45135894816435,3.99702905809433,8.53332018801028,2.20526321693491,0.164564993611017,0.537153625495986,8.565812141553,0.0,0,1000,direct,Zamenis_persicus,False,False,,,
1649,3003,Lemuriatyphlops_microcephalus,,Squamata,Typhlopidae,DD,1.56186406677115,3.64520246160855,8.52329461923985,9.8226449485201,0.182554764337875,0.577790226112219,6.82427940666128,0.0,0,1000,GBIF_accepted,Madatyphlops_microcephalus,False,False,,,
1534,3005,Fimbrios_smithi,Smith's Rough Water Snake,Squamata,Xenodermidae,DD,1.64639259508505,3.59027873853474,8.52203437141182,8.1502080777246,0.178163851179345,0.577790226112219,8.6799859645984,0.0,0,1000,direct,Fimbrios_smithi,False,False,,,
1644,3007,Latastia_ornata,,Squamata,Lacertidae,DD,1.56849152743761,3.65114886643399,8.51969180901536,11.0360398382908,0.165820428278736,0.579456058261376,10.3333546664895,0.0,0,1000,direct,Latastia_ornata,False,False,,,
1591,3017,Gekko_taibaiensis,Mingtao's Gecko,Squamata,Gekkonidae,DD,1.60563524366384,3.7722973780619,8.50838410829499,10.166735074088,0.170705244643237,0.527240403283324,9.02672411809536,0.0,0,1000,direct,Gekko_taibaiensis,False,False,,,
1645,3020,Madatyphlops_mucronatus,Boettger's Worm Snake,Squamata,Typhlopidae,DD,1.56827213237749,4.06649292218218,8.50627844778488,11.0836519047149,0.168533520451549,0.570532371841943,9.26982482516906,0.0,0,1000,direct,Madatyphlops_mucronatus,False,False,,,
1494,3021,Pristurus_longipes,Peters’ Rock Gecko,Squamata,Sphaerodactylidae,DD,1.69748020800784,4.25885883889475,8.50516373761036,11.2458646307701,0.18364775517881,0.513539841070759,11.1133732694329,0.0,0,1000,direct,Pristurus_longipes,False,False,,,
1593,3024,Luperosaurus_yasumai,,Squamata,Gekkonidae,DD,1.6048969957525,4.06802841373717,8.49969953891459,11.4505344884336,0.176308319851015,0.570828141250707,9.25285918579323,0.0,0,1000,direct,Luperosaurus_yasumai,False,False,,,
1629,3026,Herpetoreas_sieboldii,Sikkim Keelback,Squamata,Natricidae,DD,1.5805541277374,3.6996688350524,8.49561477805639,9.94440867636941,0.18403234180357,0.649119269542397,7.03875944313227,0.0,0,1000,direct,Herpetoreas_sieboldii,False,False,,,
1609,3027,Madatyphlops_ocularis,Parker's Worm Snake,Squamata,Typhlopidae,DD,1.59348171922575,3.77778475567394,8.49499758758307,11.6237435154862,0.168533520451549,0.570532371841943,9.8397264567369,0.0,0,1000,direct,Madatyphlops_ocularis,False,False,,,
1484,3028,Anolis_williamsmittermeierorum,Williams-Mittermeier Anole,Squamata,Anolidae,DD,1.70632150671575,4.61919239647655,8.49312706580948,10.3919379629924,0.190968699891668,0.625994942513531,9.70804395374708,0.0,0,1000,direct,Anolis_williamsmittermeierorum,False,False,,,
1513,3031,Luperosaurus_palawanensis,Palawan Flapped-legged Gecko,Squamata,Gekkonidae,DD,1.67637873503876,3.92370671295476,8.49068558789052,11.5956133199945,0.177960462785948,0.559335424161239,9.29618203136343,0.0,0,1000,direct,Luperosaurus_palawanensis,False,False,,,
1527,3039,Aeluroglena_cucullata,,Squamata,Colubridae,DD,1.65277220484836,3.25914112742239,8.47527189428345,8.17370008321568,0.166341651089203,0.466724380880536,8.61748705325152,0.0,0,1000,direct,Aeluroglena_cucullata,False,False,,,
1504,3052,Nucras_caesicaudata,Blue-tailed Sandveld Lizard,Squamata,Lacertidae,DD,1.68740193718414,3.86596190185827,8.45721029609292,11.2260035521592,0.165640809436898,0.569308992133808,11.0583785745609,0.0,0,1000,direct,Nucras_caesicaudata,False,False,,,
1543,3058,Sumatranus_albomaculata,Sumatran Mud Snake,Squamata,Homalopsidae,DD,1.63743360938234,3.71403775199994,8.44323015215216,9.47226010217716,0.173922185920503,0.546149009720828,8.98066508820863,0.0,0,1000,direct,Sumatranus_albomaculata,False,False,,,
1666,3059,Eumeces_cholistanensis,,Squamata,Scincidae,DD,1.54538752403626,3.4514528189555,8.43810989372251,10.2031452574747,0.168851992379745,0.430132593507467,9.4547588514989,0.0,0,1000,direct,Eumeces_cholistanensis,False,False,,,
1615,3061,Gekko_wenxianensis,,Squamata,Gekkonidae,DD,1.58872798055128,3.73601701671944,8.43639508180283,10.9220584460869,0.170705244643237,0.530076472119449,9.15427075555592,0.0,0,1000,direct,Gekko_wenxianensis,False,False,,,
1823,3062,Hemidactylus_jumailiae,,Squamata,Gekkonidae,NM,1.39371176504304,3.54655527595506,8.43542993668753,3.76273514845275,0.168567884148377,0.526358665481595,7.5574873464912,0.0,0,1000,no_RedList_match,,False,False,,,
1693,3065,Lepidodactylus_shebae,Guadalcanal Scaly-toed Gecko,Squamata,Gekkonidae,DD,1.52213897212595,3.96601214678315,8.43073332487402,10.7250534778169,0.177960462785948,0.533835597730757,8.78686757498271,0.0,0,1000,direct,Lepidodactylus_shebae,False,False,,,
1639,3070,Luperosaurus_corfieldi,,Squamata,Gekkonidae,DD,1.57192414077466,3.78288929247664,8.42412758864245,11.4024967273178,0.174328783673613,0.55997048435198,9.35449303372468,0.0,0,1000,direct,Luperosaurus_corfieldi,False,False,,,
1793,3084,Pristidactylus_fasciatus,D'Orbigny's Banded Anole,Squamata,Leiosauridae,DD,1.42544369941714,3.9470838927092,8.39497340126117,9.11507746411957,0.167936692693223,0.550152950104367,7.96054145527879,0.0,0,1000,direct,Pristidactylus_fasciatus,False,False,,,
1515,3091,Gekko_remotus,,Squamata,Gekkonidae,NM,1.67388384873535,4.05190390485653,8.38988958471392,11.1401939558572,0.174328783673613,0.546735313117564,9.06189179454173,0.0,0,1000,no_RedList_match,,False,False,,,
1635,3099,Anolis_rubiginosus,Sierra Juarez Anole,Squamata,Anolidae,DD,1.57431273265483,3.83821116867811,8.37722076691595,10.2444113876033,0.182932911459228,0.606914266766858,8.96609302939817,0.0,0,1000,direct,Anolis_rubiginosus,False,False,,,
1753,3113,Varanus_rudicollis,Roughneck Monitor,Squamata,Varanidae,DD,1.45849057935757,3.84060896002101,8.35356905600699,3.26253360887935,0.17769796903592,0.650841630889809,7.56719478411063,0.0,0,1000,direct,Varanus_rudicollis,False,False,,,
1650,3126,Ptyodactylus_ananjevae,,Squamata,Phyllodactylidae,NM,1.56072601028329,4.73796744710651,8.32419696600439,10.8478860816841,0.186037691068409,0.601276243305599,10.7050996255467,0.0,0,1000,no_RedList_match,,False,False,,,
1552,3127,Lemuriatyphlops_reuteri,Reuters Blind Snake,Squamata,Typhlopidae,DD,1.62786969359675,3.45891458819551,8.32385342945346,9.99265615400475,0.182301474906387,0.578186386349837,6.98813761989101,0.0,0,1000,GBIF_accepted,Madatyphlops_reuteri,False,False,,,
1582,3130,Madatyphlops_platyrhynchus,Tanga Blind-snake,Squamata,Typhlopidae,DD,1.60995584931606,3.58566523887028,8.31877570609726,10.8069690301485,0.168745365130104,0.573125398422442,9.12801958193917,0.0,0,1000,GBIF_accepted,Afrotyphlops_platyrhynchus,False,False,,,
1585,3148,Xerotyphlops_etheridgei,,Squamata,Typhlopidae,DD,1.60753845806133,3.66170508481891,8.27271224764531,9.54319329552564,0.168804327640178,0.573125398422442,7.97672081576757,0.0,0,1000,direct,Xerotyphlops_etheridgei,False,False,,,
1447,3165,Tricheilostoma_broadleyi,,Squamata,Leptotyphlopidae,DD,1.73121804998525,4.14258362711929,8.24030211114504,12.7891045551497,0.177154133476431,0.57592484995474,10.0221753094229,0.0,0,1000,direct,Tricheilostoma_broadleyi,False,False,,,
1613,3166,Anolis_microlepis,,Squamata,Anolidae,DD,1.59124089615791,4.23191605279924,8.24001177000207,9.57105871545573,0.187308601474219,0.642047278202915,8.36463168271358,0.0,0,1000,direct,Anolis_microlepis,False,False,,,
1571,3175,Pristurus_mazbah,,Squamata,Sphaerodactylidae,DD,1.61758066201699,3.88641297586524,8.2165419222219,10.5968272839593,0.181960774923945,0.51429119071082,10.2267110792491,0.0,0,1000,direct,Pristurus_mazbah,False,False,,,
1728,3178,Xerotyphlops_wilsoni,Iranian Worm Snake,Squamata,Typhlopidae,DD,1.48573150128033,3.7080470533591,8.20986036373487,9.7002927467354,0.168594882788728,0.570532371841943,7.88710820102891,0.0,0,1000,direct,Xerotyphlops_wilsoni,False,False,,,
1935,3185,Dasia_johnsinghi,Barred Tree Skink,Squamata,Scincidae,DD,1.31816650316521,3.6218160040121,8.20522012718625,3.45457996403038,0.166574720106958,0.564206109554085,6.74930829308383,0.0,0,1000,direct,Dasia_johnsinghi,False,False,,,
1471,3212,Gallotia_auaritae,,Squamata,Lacertidae,NM,1.71545078013595,4.01182867483813,8.16093803518932,12.6803557759064,0.17236485768129,0.619561958756573,8.48967245052686,0.0,0,1000,no_RedList_match,,False,False,,,
1679,3229,Altiphylax_mintoni,Minton’s Thin-toed Gecko,Squamata,Gekkonidae,DD,1.53335843327672,3.662766962015,8.13729967322278,10.6309085237611,0.174328783673613,0.527930436736443,9.27823686230817,0.0,0,1000,direct,Altiphylax_mintoni,False,False,,,
1707,3232,Afroedura_rondavelica,Blyde River Flat Gecko,Squamata,Gekkonidae,DD,1.5100730443956,4.06041497371167,8.1357144786368,10.3378533927786,0.182918398928594,0.57074206674754,9.7150306774906,0.0,0,1000,direct,Afroedura_rondavelica,False,False,,,
2156,3249,Trachylepis_infralineata,,Squamata,Scincidae,NM,1.20202959096555,3.16146951711227,8.10603869458609,4.90139499141164,0.166150984117996,0.550253581545569,7.25682179582225,0.0,0,1000,no_RedList_match,,False,False,,,
1562,3257,Myriopholis_wilsoni,Wilson's Blind Snake,Squamata,Leptotyphlopidae,DD,1.62401345426316,4.23402328509602,8.10075243924213,12.5410378252775,0.184336811190649,0.613055612530286,10.2757236483618,0.0,0,1000,direct,Myriopholis_wilsoni,False,False,,,
1710,3258,Hypsilurus_godeffroyi,Palau Tree Dragon,Squamata,Agamidae,DD,1.50794338487848,3.480072502293,8.10065944576361,10.3612676446284,0.183068879014153,0.570830634834423,9.0073680000439,0.0,0,1000,direct,Hypsilurus_godeffroyi,False,False,,,
1761,3261,Ristella_travancorica,Travancore Ristella,Squamata,Scincidae,DD,1.45076622356891,3.58884475672075,8.09020826991935,9.74714112228455,0.168206657853807,0.60699744185599,8.68130256119347,0.0,0,1000,direct,Ristella_travancorica,False,False,,,
1537,3271,Takydromus_madaensis,Ma Da Grass Lizard,Squamata,Lacertidae,DD,1.64299020087753,3.91395965422334,8.07725498035691,10.608586548049,0.172505601564475,0.585673554282709,9.70975182622686,0.0,0,1000,direct,Takydromus_madaensis,False,False,,,
1889,3278,Hemidactylus_saba,,Squamata,Gekkonidae,NM,1.3521269627729,3.20530173059943,8.06883035924438,3.25053941071794,0.169105439780076,0.531369548377475,6.9553090419314,0.0,0,1000,no_RedList_match,,False,False,,,
1633,3280,Anolis_pijolense,,Squamata,Anolidae,NM,1.5769596998339,3.72467363983593,8.06468834703398,8.8567578444088,0.1847344135563,0.62717503597055,8.31332100437594,0.0,0,1000,no_RedList_match,,False,False,,,
2151,3289,Lygosoma_punctata,,Squamata,Scincidae,NM,1.20304563864394,2.99217467430159,8.05526002902479,8.07438310990199,0.165895918788839,0.564668447263984,7.24244356500468,0.0,0,1000,no_RedList_match,,False,False,,,
1836,3294,Lygosoma_pruthi,,Squamata,Scincidae,DD,1.38396985890413,3.79671372012508,8.04900596971895,12.9904113049297,0.167221175831877,0.570386574170015,9.40008008782092,0.0,0,1000,GBIF_iucn_link,Subdoluseps_pruthi,False,False,,,
1986,3317,Sibynophis_bistrigatus,,Squamata,Sibynophiidae,DD,1.29011866072461,3.56633806877327,8.01135003643695,5.55912259142651,0.164276558945935,0.495935633861343,7.86832862407517,0.0,0,1000,direct,Sibynophis_bistrigatus,False,False,,,
1706,3325,Trioceros_wiedersheimi,Wiedersheim's Montane Chameleon,Squamata,Chamaeleonidae,DD,1.51018450842161,4.25058182880371,7.99776316531129,2.83645083688105,0.186454106274433,0.6661424307851,7.7390032805001,0.0,0,1000,direct,Trioceros_wiedersheimi,False,False,,,
1558,3329,Ristella_guentheri,Günther's Ristella,Squamata,Scincidae,DD,1.62635602974604,3.75212099873033,7.99409873898208,10.6492535767301,0.168206657853807,0.60699744185599,9.40913421409581,0.0,0,1000,direct,Ristella_guentheri,False,False,,,
1708,3336,Diploglossus_ingridae,,Squamata,Diploglossidae,DD,1.50996771107207,3.9011856580562,7.98733927942261,10.4725910923027,0.182049713057435,0.653674352828487,9.07187292776849,0.0,0,1000,GBIF_iucn_link,Celestus_ingridae,False,False,,,
1849,3344,Parahydrophis_mertoni,Northern Mangrove Sea Snake,Squamata,Elapidae,DD,1.37416403966938,3.4869879075316,7.97369562636627,2.54780922993984,0.169079260384171,0.500886505688936,7.6831364952034,0.0,0,1000,direct,Parahydrophis_mertoni,False,False,,,
1709,3345,Madascincus_ankodabensis,Ankodabe Skink,Squamata,Scincidae,DD,1.5095541672996,3.40534769262055,7.97108455415105,9.31456277113458,0.172120581648648,0.49554773994821,8.25990778664266,0.0,0,1000,direct,Madascincus_ankodabensis,False,False,,,
2078,3348,Hemidactylus_granosus,,Squamata,Gekkonidae,NM,1.23623483365299,3.06328213324509,7.96103874282966,3.71646095687512,0.169105439780076,0.530191441140078,6.47682885114763,0.0,0,1000,no_RedList_match,,False,False,,,
1980,3350,Synophis_calamitus,,Squamata,Dipsadidae,DD,1.29325689077751,3.05219570828519,7.95914805245547,3.5658032561935,0.164473653464944,0.496708825191868,6.1977529809648,0.0,0,1000,direct,Synophis_calamitus,False,False,,,
1713,3356,Hypsilurus_tenuicephalus,,Squamata,Agamidae,DD,1.503572557897,3.42425793345357,7.95248092182172,9.46454942105611,0.184347989215724,0.591880640023148,8.92384002310198,0.0,0,1000,direct,Hypsilurus_tenuicephalus,False,False,,,
1614,3357,Ophisops_elbaensis,Mount Elba Snake-eyed Lizard,Squamata,Lacertidae,DD,1.58880786590738,3.68215158478745,7.95167812754838,11.8561713374334,0.16862062868109,0.600060822606491,10.9998199413571,0.0,0,1000,direct,Ophisops_elbaensis,False,False,,,
1982,3360,Aprosdoketophis_andreonei,,Squamata,Colubridae,DD,1.29273813199527,3.0966800786664,7.94796559045369,8.41165662878721,0.167096574834081,0.504287417386685,8.08825298139786,0.0,0,1000,direct,Aprosdoketophis_andreonei,False,False,,,
1659,3361,Anolis_radulinus,,Squamata,Anolidae,NM,1.55493717454198,3.62770336736708,7.94582820638276,9.00079688607011,0.181203860843429,0.570263733564334,8.57882932964958,0.0,0,1000,no_RedList_match,,False,False,,,
1684,3362,Lepidodactylus_oortii,,Squamata,Gekkonidae,DD,1.52970888845494,3.91069407153306,7.94203433399971,10.0464421496849,0.174328783673613,0.565962098617565,8.57891453323154,0.0,0,1000,GBIF_iucn_link,Lepidodactylus_oortii,False,False,,,
1815,3368,Plestiodon_parvulus,Southern Pigmy Skink,Squamata,Scincidae,DD,1.39981569921654,3.40586321029003,7.9340336345452,2.53475765167854,0.172120581648648,0.447701989364011,7.6414305388345,0.0,0,1000,direct,Plestiodon_parvulus,False,False,,,
1557,3378,Anolis_delafuentei,Guamuhaya Anole,Squamata,Anolidae,DD,1.62671805327372,3.76472329864981,7.92256466655558,9.99754795343661,0.17731467635847,0.606724087618019,8.13969533391109,0.0,0,1000,direct,Anolis_delafuentei,False,False,,,
1655,3380,Salea_gularis,,Squamata,Agamidae,DD,1.55743378208788,3.77488030999346,7.92152457498877,10.4573589305416,0.185785744229175,0.639442278309137,10.376336315604,0.0,0,1000,direct,Salea_gularis,False,False,,,
1695,3383,Anolis_lamari,,Squamata,Anolidae,DD,1.51904984676177,3.92545956576762,7.90836805468929,11.4571596076486,0.190968699891668,0.606789805755444,9.5509952005634,0.0,0,1000,direct,Anolis_lamari,False,False,,,
1745,3393,Hypsilurus_ornatus,,Squamata,Agamidae,DD,1.46950385219703,3.64811417418519,7.90236698337107,9.77775341708737,0.184347989215724,0.583146907839951,8.94819147369711,0.0,0,1000,direct,Hypsilurus_ornatus,False,False,,,
1671,3411,Anolis_gibbiceps,,Squamata,Anolidae,NM,1.54347918943291,3.97121932489406,7.86408635003704,9.77212178768524,0.186792079296111,0.636922274801385,8.23716614172162,0.0,0,1000,no_RedList_match,,False,False,,,
1637,3419,Anolis_nigrolineatus,,Squamata,Anolidae,DD,1.57368441516152,3.72089867341263,7.859759265718,9.34406901725589,0.19257226440059,0.62567877874694,8.25151953306397,0.0,0,1000,direct,Anolis_nigrolineatus,False,False,,,
1960,3425,Eremias_papenfussi,,Squamata,Lacertidae,NM,1.30413057688641,3.05702224265567,7.8508279376342,9.53901831179053,0.165222135032615,0.51927003524195,8.93390115323442,0.0,0,1000,no_RedList_match,,False,False,,,
1773,3461,Tropidophorus_micropus,,Squamata,Scincidae,DD,1.44142724022555,3.96632444473714,7.79109865450463,11.1894007742492,0.172120581648648,0.507085885673123,9.60339732560592,0.0,0,1000,direct,Tropidophorus_micropus,False,False,,,
1742,3462,Tropiocolotes_naybandensis,,Squamata,Gekkonidae,NM,1.47196679494514,3.78149622458717,7.79031047152983,9.54756104484401,0.170705244643237,0.531465755379087,9.65213502638644,0.0,0,1000,no_RedList_match,,False,False,,,
1520,3472,Anolis_cristifer,,Squamata,Anolidae,DD,1.67035039551409,3.96678096608974,7.76278407402301,10.2372260952379,0.182932911459228,0.588462680665113,8.6564782319446,0.0,0,1000,direct,Anolis_cristifer,False,False,,,
1632,3474,Diploglossus_atitlanensis,,Squamata,Diploglossidae,DD,1.57782167879675,3.94141411753879,7.76261829113956,9.99675127988855,0.183068879014153,0.653531187939158,8.57154623036362,0.0,0,1000,GBIF_iucn_link,Diploglossus_atitlanensis,False,False,,,
1699,3475,Anolis_limon,,Squamata,Anolidae,NM,1.51745099533994,3.95407939386026,7.75924611399877,8.59024860829184,0.187664990530121,0.626823527386677,8.301869478745,0.0,0,1000,no_RedList_match,,False,False,,,
1799,3492,Mesoscincus_altamirani,,Squamata,Scincidae,DD,1.41734271293484,3.43701241701953,7.73025012528378,8.7443524977422,0.171817627044223,0.449433410943846,9.40780186687585,0.0,0,1000,direct,Mesoscincus_altamirani,False,False,,,
1738,3500,Holcosus_chaitzami,Chaitzam's Ameiva,Squamata,Teiidae,DD,1.47545107772465,3.42273868257428,7.72588151448041,10.9362385898498,0.167466678606274,0.490239230768499,9.56128675579642,0.0,0,1000,direct,Holcosus_chaitzami,False,False,,,
1630,3502,Anolis_caquetae,Caqueta Anole,Squamata,Anolidae,DD,1.57915153380041,3.59234682999448,7.72086070735584,9.62797800604891,0.19439251570235,0.632412737124934,9.02312699865834,0.0,0,1000,direct,Anolis_caquetae,False,False,,,
1578,3506,Anolis_paravertebralis,,Squamata,Anolidae,DD,1.61103650708161,3.71846056294766,7.71883066271675,10.3601353644571,0.19257226440059,0.609783209463393,8.68316742620856,0.0,0,1000,direct,Anolis_paravertebralis,False,False,,,
2206,3507,Anilios_longissimus,,Squamata,Typhlopidae,DD,1.17988656582492,3.10354200165069,7.71769262943057,5.38835878949183,0.178445515735906,0.576116456750119,7.08853970371802,0.0,0,1000,direct,Anilios_longissimus,False,False,,,
1831,3516,Eremias_szczerbaki,Szczerbak’s Racerunner,Squamata,Lacertidae,DD,1.38825908901862,3.46297916648143,7.69117241111571,10.1910334888834,0.165820428278736,0.519012624535268,9.3016311859779,0.0,0,1000,direct,Eremias_szczerbaki,False,False,,,
1850,3519,Anolis_alvarezdeltoroi,,Squamata,Anolidae,DD,1.37343180485874,3.69719213052017,7.68337933237562,8.59534964822688,0.180102745531761,0.570468887975374,7.49794232430061,0.0,0,1000,direct,Anolis_alvarezdeltoroi,False,False,,,
1803,3529,Anolis_milleri,,Squamata,Anolidae,DD,1.4128199636529,3.37842852096127,7.67390040761287,11.1528835071324,0.181203860843429,0.607246366770504,8.3478115182404,0.0,0,1000,direct,Anolis_milleri,False,False,,,
1997,3543,Tribolonotus_brongersmai,Admiralty Spiny Skink,Squamata,Scincidae,DD,1.28174161019938,3.91070848682838,7.66167978365461,2.81891478912578,0.165797066881516,0.558837235909304,7.65803802458662,0.0,0,1000,direct,Tribolonotus_brongersmai,False,False,,,
1996,3544,Barisia_levicollis,,Squamata,Anguidae,DD,1.2818856712539,3.75994376816945,7.65480305421642,3.4598097427504,0.181350140272025,0.676966118202827,7.27975282494927,0.0,0,1000,direct,Barisia_levicollis,False,False,,,
1818,3546,Brachyophis_revoili,,Squamata,Micrelapidae,DD,1.39798929272821,3.3643381026065,7.64784405640925,11.4902590343576,0.185905841420832,0.563671848721927,9.40273329823519,0.0,0,1000,direct,Brachyophis_revoili,False,False,,,
1822,3547,Diploglossus_microlepis,Small-lipped Galliwasp,Squamata,Diploglossidae,DD,1.39579922865076,3.63032392223534,7.64682444632293,10.5090178116481,0.180298561878804,0.63672533538557,8.4499131987731,0.0,0,1000,direct,Diploglossus_microlepis,False,False,,,
1715,3568,Altiphylax_baturensis,Batura Glacier Gecko,Squamata,Gekkonidae,DD,1.50064207591471,3.67128741135477,7.62685040668323,10.4046542795576,0.176308319851015,0.53002048833094,8.94217028769911,0.0,0,1000,direct,Altiphylax_baturensis,False,False,,,
1892,3573,Phyllodactylus_pumilus,,Squamata,Phyllodactylidae,DD,1.34988397126035,3.36501389474324,7.62042831278061,3.63454341311224,0.190161650210136,0.629335554093382,6.79847172096728,0.0,0,1000,direct,Phyllodactylus_pumilus,False,False,,,
1835,3578,Diploglossus_microcephalus,,Squamata,Diploglossidae,NM,1.38408743638178,4.05076246197404,7.60975597663699,10.2337629234302,0.180822331883572,0.636868500274899,8.52657095090949,0.0,0,1000,no_RedList_match,,False,False,,,
1805,3584,Scincella_inconspicua,Hidden Ground Skink,Squamata,Scincidae,DD,1.41161506853182,3.38153174979923,7.60195046530118,9.528306626802,0.168519106694507,0.530894546221259,8.888128840332,0.0,0,1000,GBIF_accepted,Lipinia_inconspicua,False,False,,,
1682,3587,Anolis_oligaspis,,Squamata,Anolidae,NM,1.53049292017181,3.44266894684011,7.59891132730749,10.0081586280294,0.178439416960953,0.607246366770504,7.9570253834146,0.0,0,1000,no_RedList_match,,False,False,,,
1820,3591,Gehyra_serraticauda,,Squamata,Gekkonidae,DD,1.39723115234782,3.2548099861624,7.59091866842929,9.91915695172793,0.169105439780076,0.532100745208697,9.49936205448403,0.0,0,1000,direct,Gehyra_serraticauda,False,False,,,
1877,3598,Eumecia_johnstoni,,Squamata,Scincidae,DD,1.35661469544661,3.45838378279076,7.58466173816704,9.51300971093237,0.164915917178012,0.527671586851501,8.59401337987043,0.0,0,1000,direct,Eumecia_johnstoni,False,False,,,
1894,3604,Dibamus_montanus,,Squamata,Dibamidae,DD,1.34890420731412,3.22769935657365,7.58034065537772,4.40407546631832,0.171069078365101,0.44660463825205,6.92827379152384,0.0,0,1000,direct,Dibamus_montanus,False,False,,,
1744,3616,Tropiocolotes_wolfgangboehmei,,Squamata,Gekkonidae,DD,1.47100404363329,3.82778206622811,7.56240017783563,9.03322580793601,0.17134493046283,0.530766505572568,9.54249382037099,0.0,0,1000,direct,Tropiocolotes_wolfgangboehmei,False,False,,,
1969,3628,Brachymeles_vindumi,Jens’ Slender Skink,Squamata,Scincidae,DD,1.30003191549052,3.81250359910465,7.55316577482491,9.62288008980403,0.169105439780076,0.429587112496529,9.95804505271354,0.0,0,1000,direct,Brachymeles_vindumi,False,False,,,
1638,3638,Anolis_propinquus,,Squamata,Anolidae,DD,1.5720738194153,3.94663374341077,7.54466907334477,9.32228453126745,0.19439251570235,0.628520302829384,8.7718367900126,0.0,0,1000,direct,Anolis_propinquus,False,False,,,
1762,3647,Gehyra_leopoldi,Leopold Dtella,Squamata,Gekkonidae,DD,1.45049830124497,3.11709180028525,7.53161585318016,9.16666581657163,0.170318338623201,0.527834338671525,8.6353749016959,0.0,0,1000,direct,Gehyra_leopoldi,False,False,,,
1611,3648,Anolis_deltae,,Squamata,Anolidae,NM,1.59315826021005,3.54507409155007,7.53153067782258,8.63886836997884,0.195301454737209,0.628520302829384,7.97935516281231,0.0,0,1000,no_RedList_match,,False,False,,,
1907,3661,Hebius_atemporale,Mountain Keelback,Squamata,Natricidae,DD,1.33360398304689,3.29571185264971,7.51749331386637,9.25578948555571,0.18403234180357,0.640453103410495,7.18121231868091,0.0,0,1000,GBIF_accepted,Hebius_atemporalis,False,False,,,
1890,3668,Dasia_nicobarensis,Nicobarese Tree Skink,Squamata,Scincidae,DD,1.35079512954789,3.21246170416037,7.50415259071852,7.76797621789477,0.166983128137592,0.566060523094744,7.73099779941581,0.0,0,1000,direct,Dasia_nicobarensis,False,False,,,
1774,3673,Proscelotes_aenea,Montane Skink,Squamata,Scincidae,DD,1.44069812848153,3.55634999422455,7.49948651390011,9.87204972678804,0.169983213652976,0.45272970255867,9.31532709307817,0.0,0,1000,direct,Proscelotes_aenea,False,False,,,
1691,3677,Phyllodactylus_gilberti,Gilbert's Leaf-toed Gecko,Squamata,Phyllodactylidae,DD,1.5254928693278,3.65213878909997,7.48758711102987,9.70633001894943,0.18809789609785,0.635578977030146,8.52728754778135,0.0,0,1000,direct,Phyllodactylus_gilberti,False,False,,,
1826,3678,Contomastix_leachei,,Squamata,Teiidae,DD,1.39123461413379,3.08496498220555,7.48711226399396,9.72255429250207,0.166574720106958,0.551468176802753,8.45742771538692,0.0,0,1000,direct,Contomastix_leachei,False,False,,,
2328,3697,Afroablepharus_annobonensis,Annobon Lidless Skink,Squamata,Scincidae,DD,1.12221536942563,2.47414695056258,7.45187982221005,6.65835049217376,0.159001205764598,0.547021972518759,6.22803685705552,0.0,0,1000,GBIF_accepted,Panaspis_annobonensis,False,False,,,
1953,3707,Emmochliophis_fugleri,Fugler's Shadow Snake,Squamata,Dipsadidae,DD,1.30836477835337,2.9280416327885,7.43920085537132,6.14828143404428,0.16938745097696,0.469893631405474,2.49322785929982,0.0,0,1000,direct,Emmochliophis_fugleri,False,False,,,
1899,3714,Simalia_boeleni,Black Python,Squamata,Pythonidae,DD,1.34331846354015,4.1471325743748,7.42982629499974,2.1124186025942,0.17491815318784,0.58939236482084,7.411667506551,0.0,0,1000,direct,Simalia_boeleni,False,False,,,
1893,3719,Thalassophis_anomalus,Anomalous Sea Snake,Squamata,Elapidae,DD,1.34979090632596,3.17328706011044,7.42465451475955,9.34606418884305,0.169079260384171,0.503805090965036,8.2459984248748,0.0,0,1000,GBIF_accepted,Hydrophis_anomalus,False,False,,,
1665,3731,Anolis_incredulus,Turquino Emerald Anole,Squamata,Anolidae,DD,1.54624876998374,3.25387238835891,7.41166197905141,9.45717143919316,0.182804400337094,0.545342911064288,8.42520697149292,0.0,0,1000,direct,Anolis_incredulus,False,False,,,
1817,3734,Tropidophorus_hangnam,,Squamata,Scincidae,DD,1.39843286736389,3.60833884613289,7.41122421615783,7.89488789796761,0.170483527034493,0.51058386113984,8.48478936825951,0.0,0,1000,direct,Tropidophorus_hangnam,False,False,,,
2003,3778,Aprasia_picturata,,Squamata,Pygopodidae,DD,1.27819749408212,2.96829636594418,7.35261969909775,3.23816755117625,0.171658126892077,0.47367708984189,6.90050391154245,0.0,0,1000,direct,Aprasia_picturata,False,False,,,
1751,3784,Diploglossus_owenii,,Squamata,Diploglossidae,DD,1.46290096532395,3.95254750773376,7.34571080306219,10.5841993710658,0.183068879014153,0.657507238757434,8.74464064671515,0.0,0,1000,GBIF_iucn_link,Diploglossus_owenii,False,False,,,
1737,3786,Anolis_schiedii,,Squamata,Anolidae,DD,1.47667024682559,3.99342502029789,7.34495605564035,9.08235720549523,0.1847344135563,0.633689864117095,7.73599748608258,0.0,0,1000,direct,Anolis_schiedii,False,False,,,
2031,3791,Anilios_howi,Kimberley Deep-soil Blind Snake,Squamata,Typhlopidae,DD,1.26061058287034,2.93793309786467,7.33838750284419,3.61744368666135,0.179961640348652,0.572106070954525,6.76732128972631,0.0,0,1000,direct,Anilios_howi,False,False,,,
2024,3795,Anolis_oporinus,Pimienta Green Anole,Squamata,Anolidae,DD,1.26429389876026,3.52631658255977,7.33561106962668,2.39872041729427,0.182804400337094,0.559265441060455,6.4188293040333,0.0,0,1000,direct,Anolis_oporinus,False,False,,,
1704,3797,Phyllodactylus_paralepis,,Squamata,Phyllodactylidae,NM,1.5109901169895,4.17988131087531,7.33459916591087,8.69096661324952,0.188841730398902,0.629716181767744,8.2074582301037,0.0,0,1000,no_RedList_match,,False,False,,,
2005,3803,Mesalina_ayunensis,Ayun Sand Lizard,Squamata,Lacertidae,DD,1.27558290004026,2.97593936752846,7.32621419306439,8.35917116294006,0.167466678606274,0.561201968494935,8.13224672967542,0.0,0,1000,direct,Mesalina_ayunensis,False,False,,,
2014,3810,Latastia_carinata,Peters' Longtail Lizard,Squamata,Lacertidae,DD,1.2688466796203,3.83279900176174,7.31526723653059,10.7679725264761,0.165986041475851,0.579456058261376,9.70395520000817,0.0,0,1000,GBIF_accepted,Latastia_petersiana,False,False,,,
2183,3813,Sympholis_lippiens,Mexican Short-tail Snake,Squamata,Colubridae,DD,1.19145412649076,3.06585117311501,7.31090430501781,3.04282169763095,0.166822827201569,0.549779281391663,6.8075701364855,0.0,0,1000,direct,Sympholis_lippiens,False,False,,,
1975,3814,Ophiomorus_latastii,,Squamata,Scincidae,DD,1.29532520988698,2.96504516906414,7.31024941785188,9.49301692016667,0.171817627044223,0.452456452424979,8.56063673558418,0.0,0,1000,direct,Ophiomorus_latastii,False,False,,,
1785,3818,Anolis_lemniscatus,,Squamata,Anolidae,DD,1.43444206842627,3.64514983000748,7.30500515762199,9.78133085968022,0.1847344135563,0.624106123068297,8.15230041847455,0.0,0,1000,direct,Anolis_lemniscatus,False,False,,,
1845,3825,Anolis_wampuensis,,Squamata,Anolidae,DD,1.37749781980617,3.94606239659018,7.29276255990657,8.67788447647286,0.181203860843429,0.570263733564334,7.88709607780194,0.0,0,1000,direct,Anolis_wampuensis,False,False,,,
1723,3828,Lepidodactylus_browni,Brown's Scaly-toed Gecko,Squamata,Gekkonidae,DD,1.48900237224816,4.17384002089105,7.28936335645841,10.4421387108148,0.176308319851015,0.570828141250707,8.3506967269051,0.0,0,1000,direct,Lepidodactylus_browni,False,False,,,
1832,3829,Papuascincus_phaeodes,,Squamata,Scincidae,DD,1.38791633541765,3.08263213059631,7.2892080134783,9.48273745935911,0.169130125749575,0.544298415929232,8.5406889696355,0.0,0,1000,direct,Papuascincus_phaeodes,False,False,,,
1950,3830,Acanthodactylus_boueti,Chabanaud's Fringe-fingered Lizard,Squamata,Lacertidae,DD,1.30923445196436,3.33514250711227,7.28794298190498,9.24688943964303,0.168409901470264,0.59381791177991,9.2306749478313,0.0,0,1000,direct,Acanthodactylus_boueti,False,False,,,
1685,3833,Geocalamus_modestus,Mpwapwa Wedge-snouted Worm Lizard,Squamata,Amphisbaenidae,DD,1.52964153175773,3.6464748714542,7.27825373420861,9.45099684501644,0.183576810700091,0.647625123735414,8.5218011957287,0.0,0,1000,direct,Geocalamus_modestus,False,False,,,
1672,3839,Anolis_damulus,,Squamata,Anolidae,NM,1.54282668001793,3.8390320257143,7.26911279831444,9.56711348343389,0.1847344135563,0.623583843915812,8.21477573047616,0.0,0,1000,no_RedList_match,,False,False,,,
1755,3840,Epictia_peruviana,Peru Blind Snake,Squamata,Leptotyphlopidae,DD,1.45597060548494,3.40317010032054,7.26788694399336,9.39003088001444,0.183300764633813,0.615778815088293,8.3961174130889,0.0,0,1000,direct,Epictia_peruviana,False,False,,,
2082,3842,Eutropis_darevskii,Darevsky’s Mabuya,Squamata,Scincidae,DD,1.23499039380813,3.53832207076755,7.26645741049277,9.61092396405169,0.167466678606274,0.573615678566763,8.1059149667433,0.0,0,1000,direct,Eutropis_darevskii,False,False,,,
1804,3850,Ptychoglossus_bilineatus,,Squamata,Alopoglossidae,DD,1.41230062367794,3.29264050187526,7.2526043882631,11.0997641898074,0.168409901470264,0.539366974636815,9.35094812440329,0.0,0,1000,GBIF_accepted,Alopoglossus_bilineatus,False,False,,,
1924,3862,Cyrtopodion_gastrophole,Werner's Spider Gecko,Squamata,Gekkonidae,DD,1.32372004612615,3.04755656785393,7.24258641249697,9.62756688559328,0.172120934186079,0.530852598319159,7.37945841322236,0.0,0,1000,direct,Cyrtopodion_gastrophole,False,False,,,
1886,3864,Anolis_scapularis,,Squamata,Anolidae,DD,1.35419511365798,3.24519410520136,7.23902308797539,8.35614741782817,0.182804400337094,0.57875983877144,7.5860078673033,0.0,0,1000,direct,Anolis_scapularis,False,False,,,
1855,3865,Tropidophorus_iniquus,,Squamata,Scincidae,DD,1.36955718633099,3.34575874636348,7.2365501745968,10.056808502026,0.171178290326662,0.509848591355856,8.78894254462315,0.0,0,1000,direct,Tropidophorus_iniquus,False,False,,,
1776,3874,Diploglossus_montisilvestris,,Squamata,Diploglossidae,DD,1.43948088034487,3.46094853987364,7.22101896245336,10.4186299581575,0.180298561878804,0.636868500274899,8.59897958428603,0.0,0,1000,GBIF_iucn_link,Diploglossus_montisilvestris,False,False,,,
1748,3880,Anolis_mirus,,Squamata,Anolidae,DD,1.46752063072349,3.77962265766431,7.21537982310849,9.57748385744291,0.19027925597231,0.629825007345218,8.80929398592192,0.0,0,1000,direct,Anolis_mirus,False,False,,,
1908,3881,Abronia_reidi,Reid's Arboreal Alligator Lizard,Squamata,Anguidae,DD,1.33338403465136,3.20371360262231,7.21461050995895,6.44006647023805,0.181350140272025,0.657921886475918,5.8642614857164,0.0,0,1000,direct,Abronia_reidi,False,False,,,
2154,3939,Colobosauroides_carvalhoi,,Squamata,Gymnophthalmidae,DD,1.202486044098,2.73144380690581,7.1412109122101,6.88041335469312,0.166820222881355,0.550760940953048,7.31256121074337,0.0,0,1000,direct,Colobosauroides_carvalhoi,False,False,,,
1846,3945,Abronia_ochoterenai,Northern Chiapas Arboreal Alligator Lizard,Squamata,Anguidae,DD,1.3765840182919,3.25312102069137,7.13339728043854,6.84162978589293,0.179281478799195,0.659666605260141,6.04558019913542,0.0,0,1000,direct,Abronia_ochoterenai,False,False,,,
1837,3946,Eremias_kokshaaliensis,,Squamata,Lacertidae,DD,1.38389672728343,3.11017583962865,7.13098001789535,8.76472958299497,0.166820222881355,0.550760940953048,8.47231942692973,0.0,0,1000,direct,Eremias_kokshaaliensis,False,False,,,
1696,3947,Phyllodactylus_papenfussi,,Squamata,Phyllodactylidae,NM,1.51890851088546,3.67553265806616,7.13060027048208,9.12232479227082,0.192250775221576,0.631796101186605,8.44693540961306,0.0,0,1000,no_RedList_match,,False,False,,,
1903,3956,Mesalina_ercolinii,,Squamata,Lacertidae,DD,1.33842322529892,3.35148060533309,7.11899223874691,7.82717826378176,0.166358832682754,0.556696779132528,8.50599422036399,0.0,0,1000,direct,Mesalina_ercolinii,False,False,,,
2091,3969,Acutotyphlops_solomonis,,Squamata,Typhlopidae,DD,1.23288974876115,3.03102506053053,7.09997496915429,7.63598599878189,0.176573262048185,0.57303833778915,6.71761344859765,0.0,0,1000,direct,Acutotyphlops_solomonis,False,False,,,
1974,3972,Scincella_darevskii,Darevsky’s Ground Skink,Squamata,Scincidae,DD,1.29712303232825,3.00801248129225,7.0910622715458,8.3385854827689,0.169130125749575,0.568603128890968,7.9745106763785,0.0,0,1000,direct,Scincella_darevskii,False,False,,,
1847,3974,Ptychoglossus_gorgonae,,Squamata,Alopoglossidae,DD,1.37620016042887,3.33160436572772,7.09007030627258,11.0175942299826,0.168257190075815,0.520551849504312,8.96100500950384,0.0,0,1000,GBIF_accepted,Alopoglossus_gorgonae,False,False,,,
1891,3975,Larutia_puehensis,Berumput Two-toed Skink,Squamata,Scincidae,DD,1.35046510305936,3.18143034743969,7.08962477782328,9.74370595902917,0.161023668593255,0.546862519477014,7.86905390071478,0.0,0,1000,direct,Larutia_puehensis,False,False,,,
2083,3980,Cordylus_rivae,Ethiopian Girdled Lizard,Squamata,Cordylidae,DD,1.23484322059809,3.21016398669182,7.08447265914787,3.28176466220838,0.166358832682754,0.556779328991094,6.9497104672145,0.0,0,1000,direct,Cordylus_rivae,False,False,,,
1866,3982,Anolis_duellmani,,Squamata,Anolidae,DD,1.36230025402089,3.37510835462331,7.08041197158244,9.47369158951379,0.182932911459228,0.606724087618019,8.05456994955196,0.0,0,1000,direct,Anolis_duellmani,False,False,,,
1909,3991,Ptychoglossus_romaleos,,Squamata,Alopoglossidae,DD,1.33334280419777,3.56884017753519,7.06584433367646,11.0376832348777,0.168764535054924,0.539049128973172,9.11086199980084,0.0,0,1000,GBIF_accepted,Alopoglossus_romaleos,False,False,,,
2107,3995,Plectrurus_canaricus,Karnataka Burrowing Snake,Squamata,Uropeltidae,DD,1.223274754683,3.37144607492969,7.06127630862794,8.49659696412652,0.168804327640178,0.580319273644966,7.487580359145,0.0,0,1000,GBIF_accepted,Pseudoplectrurus_canaricus,False,False,,,
1970,3998,Hemidactylus_puccionii,Somali Plain Gecko,Squamata,Gekkonidae,DD,1.29996193475772,3.02432100451174,7.05582997582182,8.21608516465329,0.169105439780076,0.533172237971456,7.64521628320593,0.0,0,1000,direct,Hemidactylus_puccionii,False,False,,,
2190,4002,Ameivula_nigrigula,,Squamata,Teiidae,DD,1.18752687247112,3.13108443337141,7.05205912093501,9.13711311454845,0.166193890040608,0.551062539170938,7.08465430913243,0.0,0,1000,direct,Ameivula_nigrigula,False,False,,,
2066,4008,Indotyphlops_pushpakumara,,Squamata,Typhlopidae,NM,1.24219516094082,2.83511327260022,7.04275410897883,7.74591878188536,0.182301474906387,0.57844952544909,6.15587606000146,0.0,0,1000,no_RedList_match,,False,False,,,
1925,4009,Amphiglossus_stylus,,Squamata,Scincidae,DD,1.3234027113886,2.8525706388609,7.04261827184326,8.3641378868509,0.170148052962235,0.496270078762273,7.32281310037326,0.0,0,1000,GBIF_accepted,Flexiseps_stylus,False,False,,,
1778,4011,Pseudoxenodon_baramensis,Baram False Cobra,Squamata,Pseudoxenodontidae,DD,1.43819225053807,3.34865129399316,7.03979154984226,10.0669345012925,0.172507494163167,0.606311337754156,9.40088887390035,0.0,0,1000,direct,Pseudoxenodon_baramensis,False,False,,,
1882,4020,Ptychoglossus_grandisquamatus,Common Largescale Lizard,Squamata,Alopoglossidae,DD,1.35557564176678,3.55657144733773,7.03020437977788,10.3442264532834,0.168257190075815,0.52077951452715,8.95119690999902,0.0,0,1000,GBIF_accepted,Alopoglossus_grandisquamatus,False,False,,,
2088,4024,Scincella_rara,Double Subdigital-pads Skink,Squamata,Scincidae,DD,1.23322686558908,3.04003653026562,7.02394117083128,8.47786425761499,0.168519106694507,0.575798025861763,7.62492116441421,0.0,0,1000,direct,Scincella_rara,False,False,,,
1954,4029,Epictia_rubrolineata,Red-lined Blind Snake,Squamata,Leptotyphlopidae,DD,1.30799531594749,3.09183890589244,7.01577863274208,9.59099000311774,0.182554764337875,0.597483690516825,8.35682335861492,0.0,0,1000,direct,Epictia_rubrolineata,False,False,,,
2100,4030,Acanthodactylus_hardyi,,Squamata,Lacertidae,NM,1.22823394735674,3.03464687992637,7.01482169733083,9.6423528304554,0.168081285979574,0.58643369879387,8.40144825846409,0.0,0,1000,no_RedList_match,,False,False,,,
1919,4034,Sphaerodactylus_continentalis,,Squamata,Sphaerodactylidae,NM,1.32608394243616,3.56946116038503,7.00846398447448,2.83708489514508,0.187498022033898,0.609158818873762,6.3754987411014,0.0,0,1000,no_RedList_match,,False,False,,,
1964,4047,Epictia_teaguei,Northern Blind Snake,Squamata,Leptotyphlopidae,DD,1.30279633000551,3.42990603949488,6.98695680636039,9.09281599216757,0.182301474906387,0.597483690516825,7.95328994149069,0.0,0,1000,direct,Epictia_teaguei,False,False,,,
2072,4052,Plectrurus_guentheri,Günther's Burrowing Snake,Squamata,Uropeltidae,DD,1.23907997916843,3.10983790922625,6.98133105303851,8.45684935922228,0.168975948394515,0.580319273644966,7.24905694937786,0.0,0,1000,direct,Plectrurus_guentheri,False,False,,,
2070,4054,Zonosaurus_maramaintso,,Squamata,Gerrhosauridae,DD,1.24003504883361,2.99604481660435,6.97899217637368,8.30758067713831,0.168021209122516,0.53007348900187,8.1593661960817,0.0,0,1000,direct,Zonosaurus_maramaintso,False,False,,,
1991,4055,Leptoseps_poilani,,Squamata,Scincidae,DD,1.28547571786493,3.02918163483914,6.9763493561773,8.7997829618652,0.165271072592883,0.505790669481911,7.90836942016254,0.0,0,1000,direct,Leptoseps_poilani,False,False,,,
1944,4064,Calamophis_sharonbrooksae,Arfak Stout-tailed Snake,Squamata,Homalopsidae,DD,1.31087833057422,2.98126173305922,6.96992671498795,7.42501251186071,0.173922185920503,0.485671883887265,6.39575167419845,0.0,0,1000,direct,Calamophis_sharonbrooksae,False,False,,,
2030,4065,Protobothrops_dabieshanensis,,Squamata,Viperidae,NM,1.26099704713317,3.56084787509143,6.96695850499986,2.93461501495188,0.176671916695783,0.558140673714476,6.7714614956802,0.0,0,1000,no_RedList_match,,False,False,,,
1948,4067,Kolpophis_annandalei,Bighead Sea Snake,Squamata,Elapidae,DD,1.30966586108665,2.9743227151443,6.96523533969403,8.70944189518069,0.169079260384171,0.497765480549961,7.62300635853451,0.0,0,1000,GBIF_accepted,Hydrophis_annandalei,False,False,,,
2058,4076,Cnemaspis_dezwaani,,Squamata,Gekkonidae,DD,1.24742108519942,2.74554213933568,6.95770643022378,7.77218817574276,0.168851992379745,0.427817119294446,7.32458342804417,0.0,0,1000,direct,Cnemaspis_dezwaani,False,False,,,
2162,4078,Cnemaspis_jacobsoni,,Squamata,Gekkonidae,DD,1.19792391077177,2.99830098396791,6.95348869331592,8.88430339542873,0.168429179962371,0.425993143902111,7.53534488937825,0.0,0,1000,direct,Cnemaspis_jacobsoni,False,False,,,
1870,4080,Aristelliger_barbouri,Inagua Gecko,Squamata,Sphaerodactylidae,DD,1.36007431480407,3.48156317299908,6.95241975975086,10.1069211402854,0.182918398928594,0.49397281782305,8.65839084869226,0.0,0,1000,direct,Aristelliger_barbouri,False,False,,,
2049,4088,Leposoma_ioanna,,Squamata,Gymnophthalmidae,DD,1.25176301523495,3.14866729956001,6.94039260770591,8.00862284907907,0.166193890040608,0.545283285576637,7.70893375144229,0.0,0,1000,GBIF_accepted,Loxopholis_ioanna,False,False,,,
1940,4093,Brachymeles_wrighti,Northern Four-fingered Burrowing Skink,Squamata,Scincidae,DD,1.3173276571273,3.43188173954477,6.93132643485212,8.93129891770695,0.169710384603372,0.427395789538919,9.77932888247755,0.0,0,1000,direct,Brachymeles_wrighti,False,False,,,
1917,4098,Plectrurus_aureus,Kerala Burrowing Snake,Squamata,Uropeltidae,DD,1.32634319867229,3.01722172631535,6.92802582741027,8.93614214281902,0.168975948394515,0.582646717029624,7.40497235357106,0.0,0,1000,direct,Plectrurus_aureus,False,False,,,
1809,4101,Abronia_ramirezi,Ramirez's Alligator Lizard,Squamata,Anguidae,DD,1.40629095705226,3.43173947904958,6.92010340685194,6.68376775168274,0.181350140272025,0.676966118202827,6.01444737237723,0.0,0,1000,direct,Abronia_ramirezi,False,False,,,
1871,4109,Anolis_vicarius,,Squamata,Anolidae,DD,1.3598348654464,3.42869560361662,6.91136139436208,9.2064741501244,0.17731467635847,0.596130902740278,7.6229230518646,0.0,0,1000,direct,Anolis_vicarius,False,False,,,
2207,4113,Anolis_ginaelisae,,Squamata,Anolidae,NM,1.17912628807927,3.52528795254994,6.90867455711485,3.14191055125662,0.19027925597231,0.633641174844345,6.32845975220935,0.0,0,1000,no_RedList_match,,False,False,,,
1966,4119,Brachymeles_suluensis,Graceful Short-legged Skink,Squamata,Scincidae,DD,1.30160239507432,3.57369307191735,6.90206675501343,9.36028341590937,0.169710384603372,0.428640224182472,9.87550559600468,0.0,0,1000,direct,Brachymeles_suluensis,False,False,,,
2125,4126,Plestiodon_indubitus,,Squamata,Scincidae,NM,1.21531220169724,3.00276775955017,6.89392161159536,2.33351975577471,0.172257248654336,0.448974930837128,6.7643228618084,0.0,0,1000,no_RedList_match,,False,False,,,
2004,4127,Abronia_mitchelli,Mitchell's Arboreal Alligator Lizard,Squamata,Anguidae,DD,1.27569277898261,3.5520706243227,6.89300298858634,6.41751158765524,0.180822331883572,0.668564034728031,5.84552519994697,0.0,0,1000,direct,Abronia_mitchelli,False,False,,,
1828,4128,Anolis_santamartae,Santa Marta Anole,Squamata,Anolidae,DD,1.39002173391107,3.66080758708665,6.88998163718187,8.87271491076634,0.187308601474219,0.630431169561385,8.29489746016009,0.0,0,1000,direct,Anolis_santamartae,False,False,,,
2085,4129,Anolis_cymbops,,Squamata,Anolidae,DD,1.23429261791366,3.48189112769938,6.8867441924353,9.92681735703781,0.184513414993001,0.614772278000057,7.3440492411258,0.0,0,1000,direct,Anolis_cymbops,False,False,,,
1797,4132,Anolis_vescus,Purial Bush Anole,Squamata,Anolidae,DD,1.41838568549065,3.1584877459842,6.88317047588842,8.96027881295737,0.184347989215724,0.549660578174706,7.56429359033541,0.0,0,1000,direct,Anolis_vescus,False,False,,,
2006,4133,Amphiglossus_elongatus,,Squamata,Scincidae,DD,1.27511356842633,3.11866836692458,6.88244377115592,7.61127143265988,0.170148052962235,0.496361969707619,6.9422399962573,0.0,0,1000,GBIF_accepted,Flexiseps_elongatus,False,False,,,
1841,4135,Phyllodactylus_clinatus,Cerro Illescas Gecko,Squamata,Phyllodactylidae,DD,1.38152444088414,3.39999160668691,6.88122630328889,9.19577579198043,0.190161650210136,0.630409511063799,8.29518870988332,0.0,0,1000,direct,Phyllodactylus_clinatus,False,False,,,
1905,4151,Liopholidophis_oligolepis,,Squamata,Pseudoxyrhophiidae,NM,1.33495652935324,3.50802517484312,6.85976222495872,2.69827254018734,0.179293662991265,0.543443487019539,5.654814452568,0.0,0,1000,no_RedList_match,,False,False,,,
2157,4155,Cnemaspis_laoensis,Lao Rock Gecko,Squamata,Gekkonidae,DD,1.20139611152753,3.06796036166582,6.85564990301668,8.13411977167433,0.168429179962371,0.425993143902111,7.53153448439397,0.0,0,1000,direct,Cnemaspis_laoensis,False,False,,,
1937,4164,Liopholidophis_baderi,,Squamata,Pseudoxyrhophiidae,NM,1.31787165294048,3.51648489302142,6.84612062997942,2.69945651338405,0.179293662991265,0.543443487019539,5.654814452568,0.0,0,1000,no_RedList_match,,False,False,,,
2016,4168,Phisalixella_iarakaensis,,Squamata,Pseudoxyrhophiidae,DD,1.26777597162824,3.20306221896137,6.83648102419659,6.81205509494103,0.176835213194532,0.540344940145363,7.52339640572476,0.0,0,1000,direct,Phisalixella_iarakaensis,False,False,,,
1885,4182,Pseudotrapelus_jensvindumi,,Squamata,Agamidae,NM,1.35432088526603,3.56404410455683,6.81391744223497,2.89273494543411,0.190405080920532,0.67828273302975,5.976094227349,0.0,0,1000,no_RedList_match,,False,False,,,
1878,4183,Tropidophorus_guangxiensis,,Squamata,Scincidae,DD,1.35658227836725,3.51932882557776,6.8134455282743,8.32183946424768,0.170148052962235,0.507522372295615,8.20318994552167,0.0,0,1000,direct,Tropidophorus_guangxiensis,False,False,,,
2145,4188,Hemidactylus_jubensis,Ethiopian Gecko,Squamata,Gekkonidae,DD,1.20460501499436,3.01544141101611,6.80629786005307,8.070902199214,0.169543145314187,0.533177021092326,7.2914904887534,0.0,0,1000,direct,Hemidactylus_jubensis,False,False,,,
1838,4197,Furcifer_tuzetae,,Squamata,Chamaeleonidae,DD,1.38279527748747,3.29161289088862,6.79301713740593,8.39095752413162,0.184347989215724,0.666459134487513,6.81542397173543,0.0,0,1000,direct,Furcifer_tuzetae,False,False,,,
2201,4200,Cyrtodactylus_malcolmsmithi,Malcolm Smith's Gecko,Squamata,Gekkonidae,DD,1.18161826761453,3.0714371314656,6.7903305169887,7.89232651132286,0.169383573149906,0.427376791152552,7.20311759987518,0.0,0,1000,GBIF_accepted,Hemidactylus_malcolmsmithi,False,False,,,
2176,4203,Calamophis_katesandersae,Andian Stout-tailed Snake,Squamata,Homalopsidae,DD,1.19289829979206,2.69730918085088,6.78846886377754,7.01832670561443,0.169948846363448,0.48601663158627,6.22013165328178,0.0,0,1000,direct,Calamophis_katesandersae,False,False,,,
1936,4208,Pseudotrapelus_aqabensis,,Squamata,Agamidae,NM,1.31815408690821,3.60032681651077,6.78277691525186,2.90251213740217,0.190405080920532,0.67828273302975,5.976094227349,0.0,0,1000,no_RedList_match,,False,False,,,
1942,4211,Acanthosaura_brachypoda,,Squamata,Agamidae,DD,1.31546338762247,3.10458130667159,6.78078116011812,8.21322002992965,0.187662999398214,0.654270228091624,7.6782116195077,0.0,0,1000,direct,Acanthosaura_brachypoda,False,False,,,
1945,4219,Epictia_undecimstriata,Eleven-striped Blind Snake,Squamata,Leptotyphlopidae,DD,1.31028229179644,3.21253172770421,6.75877679493202,8.69683013051181,0.182554764337875,0.606474720456714,8.06251564182924,0.0,0,1000,direct,Epictia_undecimstriata,False,False,,,
2224,4220,Amphiglossus_gastrostictus,,Squamata,Scincidae,DD,1.17221742753387,3.0313834635411,6.7572972253934,8.19704687752769,0.169983213652976,0.492671242460221,7.04917561114732,0.0,0,1000,GBIF_iucn_link,Brachyseps_gastrostictus,False,False,,,
2093,4226,Chirindia_rondoensis,Nchingidi Worm Lizard,Squamata,Amphisbaenidae,DD,1.23269925354309,3.39026786124208,6.74921383582118,9.32647055156811,0.174804268619809,0.642626400527092,7.9954384821287,0.0,0,1000,direct,Chirindia_rondoensis,False,False,,,
2094,4230,Cnemaspis_timoriensis,,Squamata,Gekkonidae,NM,1.23193148725553,2.84897666033671,6.74721371358403,8.75218003628838,0.168851992379745,0.426753673938793,7.83461947889408,0.0,0,1000,no_RedList_match,,False,False,,,
1979,4231,Eutropis_gansi,Gans' Mabuya,Squamata,Scincidae,DD,1.29329181848814,3.23524209105689,6.74533958505512,8.88993414629207,0.168359369248257,0.597930978596626,7.6662137717594,0.0,0,1000,direct,Eutropis_gansi,False,False,,,
1956,4242,Amphiglossus_spilostichus,,Squamata,Scincidae,DD,1.30775017245399,3.0990004028363,6.73299176679377,7.98879410006848,0.169983213652976,0.492579351514875,7.15245387589905,0.0,0,1000,GBIF_iucn_link,Brachyseps_spilostichus,False,False,,,
1859,4244,Epictia_alfredschmidti,,Squamata,Leptotyphlopidae,DD,1.36873393612709,3.48914260409996,6.72775781438931,8.92506453849808,0.183300764633813,0.615615328519672,7.82262631631783,0.0,0,1000,direct,Epictia_alfredschmidti,False,False,,,
2121,4247,Abronia_leurolepis,Smoothback Arboreal Alligator Lizard,Squamata,Anguidae,DD,1.21729769053212,3.0152181957975,6.72164984655219,6.82017715519365,0.17979707063857,0.666424727466656,5.72364772220587,0.0,0,1000,direct,Abronia_leurolepis,False,False,,,
1963,4274,Abronia_bogerti,Bogert's Arboreal Alligator Lizard,Squamata,Anguidae,DD,1.30324135866725,2.98612432648401,6.6920199012073,6.61945908756067,0.181350140272025,0.668118055848752,5.84977619527482,0.0,0,1000,direct,Abronia_bogerti,False,False,,,
1949,4281,Anolis_ibague,Ibague Anole,Squamata,Anolidae,DD,1.309648995156,3.45427496015725,6.68387448307847,9.47960049740387,0.1847344135563,0.637155428600607,7.54443891279277,0.0,0,1000,direct,Anolis_ibague,False,False,,,
2254,4282,Cnemaspis_dringi,Dring’s Rock Gecko,Squamata,Gekkonidae,DD,1.1586138103777,2.86890228542174,6.68330047543539,8.19472660382195,0.169105439780076,0.426753673938793,7.39748603731316,0.0,0,1000,direct,Cnemaspis_dringi,False,False,,,
2013,4283,Dasia_semicincta,Southern Keel-scaled Tree Skink,Squamata,Scincidae,DD,1.26940614337441,3.000111931874,6.68317742855839,7.95416703130968,0.166574720106958,0.564206109554085,6.9092505802551,0.0,0,1000,direct,Dasia_semicincta,False,False,,,
2153,4284,Lipinia_semperi,Semper's Tree Skink,Squamata,Scincidae,DD,1.2025044023296,3.05422506439978,6.68289829710475,7.87405809178541,0.169956468358019,0.521691147733705,7.4662069295551,0.0,0,1000,direct,Lipinia_semperi,False,False,,,
2194,4293,Ameivula_xacriaba,,Squamata,Teiidae,NM,1.1849499026315,2.54313312968206,6.66813349529066,8.0078197601046,0.166574720106958,0.547627582853098,6.87972066197278,0.0,0,1000,no_RedList_match,,False,False,,,
1769,4296,Hemidactylus_kushmorensis,Kushmore House Gecko,Squamata,Gekkonidae,DD,1.44362681004495,3.14537600559521,6.66609378193189,8.44046402730861,0.168792029852567,0.530637131615591,7.90102485945008,0.0,0,1000,direct,Hemidactylus_kushmorensis,False,False,,,
2071,4300,Eremias_quadrifrons,Alachan Racerunner,Squamata,Lacertidae,DD,1.23952141918822,3.29467179515612,6.65937810416988,9.57422704470916,0.165986041475851,0.518955835922626,8.41833549116091,0.0,0,1000,direct,Eremias_quadrifrons,False,False,,,
2152,4306,Parvoscincus_boyingi,Boying’s Zambales Mountain Skink,Squamata,Scincidae,DD,1.20291642104443,3.30563165886634,6.65651321983429,2.50748062205481,0.16474408516873,0.505113193496445,5.511640206994,0.0,0,1000,direct,Parvoscincus_boyingi,False,False,,,
2057,4323,Scincella_przewalskii,,Squamata,Scincidae,DD,1.2476519098656,3.02373157725319,6.64100928378818,8.35284842842046,0.167977309519205,0.544298415929232,7.95744645875736,0.0,0,1000,direct,Scincella_przewalskii,False,False,,,
2099,4327,Anolis_laevis,Smooth Anole,Squamata,Anolidae,DD,1.22927343858706,3.81472877617164,6.63748772545799,9.62306758689466,0.191657551337719,0.606789805755444,8.4228299575497,0.0,0,1000,direct,Anolis_laevis,False,False,,,
2068,4333,Eutropis_floweri,,Squamata,Scincidae,DD,1.24163503446837,2.93219804012967,6.62372190395658,8.31635060457664,0.168053484659377,0.578403782991459,7.4065842515933,0.0,0,1000,direct,Eutropis_floweri,False,False,,,
1911,4334,Cynisca_degrysi,Sierra Leone Worm Lizard,Squamata,Amphisbaenidae,DD,1.3319368923537,3.2460278141212,6.62301445860609,7.92294065337312,0.174006546284342,0.636553758238596,6.73179389575046,0.0,0,1000,direct,Cynisca_degrysi,False,False,,,
2069,4338,Uropeltis_beddomii,Beddome's Earth Snake,Squamata,Uropeltidae,DD,1.24106577841182,3.03834764588237,6.6190706565981,7.69077244531312,0.168804327640178,0.578996900611394,6.87414949348515,0.0,0,1000,direct,Uropeltis_beddomii,False,False,,,
2150,4340,Gehyra_interstitialis,Oudeman's Dtella,Squamata,Gekkonidae,DD,1.20353116699078,3.32844724992864,6.61836278982721,8.10204172716239,0.170705244643237,0.527347735436472,8.27541109017553,0.0,0,1000,direct,Gehyra_interstitialis,False,False,,,
2172,4352,Parvoscincus_laterimaculatus,,Squamata,Scincidae,DD,1.19429852706716,3.19976416582757,6.602957232677,2.68270526925584,0.16474408516873,0.505929969607909,5.3764498551996,0.0,0,1000,direct,Parvoscincus_laterimaculatus,False,False,,,
2239,4357,Eutropis_innotata,Blanford's Mabuya,Squamata,Scincidae,DD,1.16649260766779,2.94352201516801,6.59376104025837,8.13484835986693,0.167849067051439,0.573615678566763,7.49405973638901,0.0,0,1000,direct,Eutropis_innotata,False,False,,,
2011,4361,Ameivula_cyanura,,Squamata,Teiidae,DD,1.27080385697085,2.71395153412788,6.59172231817316,8.97719030618007,0.166193890040608,0.564292568982881,7.02263440304378,0.0,0,1000,GBIF_accepted,Glaucomastix_cyanura,False,False,,,
2220,4378,Luperosaurus_angliit,,Squamata,Gekkonidae,DD,1.17299815239625,2.97001156658658,6.56827783005699,2.66655107152941,0.177960462785948,0.558844363771986,5.60734791448799,0.0,0,1000,direct,Luperosaurus_angliit,False,False,,,
2167,4380,Sphenomorphus_fragosus,,Squamata,Scincidae,DD,1.19708726268847,2.97278384681931,6.56764183618741,7.41364455638416,0.163122135058879,0.515854397558725,7.29626619599556,0.0,0,1000,direct,Sphenomorphus_fragosus,False,False,,,
2111,4382,Epictia_melanurus,Dark Blind Snake,Squamata,Leptotyphlopidae,DD,1.22103563515443,3.42236610862448,6.56564638744123,9.39920016930025,0.183168192728247,0.606311233888093,7.85054421093111,0.0,0,1000,GBIF_accepted,Epictia_melanura,False,False,,,
2133,4385,Kaestlea_palnica,Palni Hills Ground Skink,Squamata,Scincidae,DD,1.21198015455263,3.06647108564826,6.56094372920582,9.48214826483404,0.171178290326662,0.495833592139782,8.33611937146097,0.0,0,1000,direct,Kaestlea_palnica,False,False,,,
2198,4387,Eryx_somalicus,Somali Sand Boa,Squamata,Erycidae,DD,1.18307501325061,3.14321025034608,6.55570317247417,7.80210969433319,0.177214341813134,0.571669318063644,7.85918028553676,0.0,0,1000,direct,Eryx_somalicus,False,False,,,
2169,4389,Pogona_minima,,Squamata,Agamidae,NM,1.19684927858563,3.04759323392078,6.5543835715068,2.98835069725981,0.1847344135563,0.595206387557076,6.50038210741844,0.0,0,1000,no_RedList_match,,False,False,,,
2330,4390,Scincella_devorator,,Squamata,Scincidae,DD,1.12075261886949,2.73927357581107,6.55264889650463,9.17682233036203,0.169130125749575,0.575798025861763,7.47670452375677,0.0,0,1000,direct,Scincella_devorator,False,False,,,
2065,4397,Hemidactylus_ophiolepoides,Lanza's Leaf-toed Gecko,Squamata,Gekkonidae,DD,1.24294824083882,2.84965274245601,6.54928151204128,7.77552259079185,0.170705244643237,0.559598899335807,7.24654718375326,0.0,0,1000,direct,Hemidactylus_ophiolepoides,False,False,,,
2212,4409,Ameivula_cipoensis,,Squamata,Teiidae,NM,1.17736832197124,2.85637166897879,6.53532695205914,7.77446942531494,0.166574720106958,0.562968565107245,6.71677441252121,0.0,0,1000,no_RedList_match,,False,False,,,
1916,4412,Amphisbaena_arenaria,,Squamata,Amphisbaenidae,DD,1.32707063574635,3.25703526246848,6.53171150246428,8.15747761026409,0.183576810700091,0.665726353550596,7.08344091914216,0.0,0,1000,direct,Amphisbaena_arenaria,False,False,,,
2488,4417,Acanthodactylus_khamirensis,,Squamata,Lacertidae,NM,1.06073107902784,2.91021241065169,6.52431870159743,2.74529903681834,0.166820222881355,0.583681199686567,5.8509328906087,0.0,0,1000,no_RedList_match,,False,False,,,
2110,4421,Ameiva_major,Martinique Ameiva,Squamata,Teiidae,DD,1.22145336490961,2.89206773544785,6.51485235355646,7.91873331985828,0.166358832682754,0.465313652724493,6.91055973596716,0.0,0,1000,GBIF_accepted,Pholidoscelis_major,False,False,,,
2119,4423,Eremias_cholistanica,,Squamata,Lacertidae,DD,1.21755243076104,3.10169831306708,6.51440131401011,10.412460430176,0.165820428278736,0.519012624535268,8.4904760091621,0.0,0,1000,direct,Eremias_cholistanica,False,False,,,
2261,4431,Acutotyphlops_banaorum,,Squamata,Typhlopidae,DD,1.15396294649177,3.23892417402453,6.50722575702396,7.09391383946,0.176573262048185,0.57303833778915,6.19862520642769,0.0,0,1000,direct,Acutotyphlops_banaorum,False,False,,,
2195,4433,Uropeltis_petersi,Shieldtail Earth Snake,Squamata,Uropeltidae,DD,1.18446324597455,2.8926496612856,6.50556418489762,8.1610924444291,0.168746743867614,0.578126344681328,6.93865954883902,0.0,0,1000,direct,Uropeltis_petersi,False,False,,,
2309,4434,Protobothrops_maolanensis,Mao-Lan Pit Viper,Squamata,Viperidae,DD,1.13056738220782,3.20520055451765,6.50548149763554,2.31051737167941,0.175246435104678,0.555482804514044,6.4108634848409,0.0,0,1000,direct,Protobothrops_maolanensis,False,False,,,
2244,4437,Lygodactylus_pauliani,,Squamata,Gekkonidae,DD,1.16372765506162,3.06025574052308,6.499347677526,2.77642386967007,0.170283258980613,0.53304305460984,6.2121138482626,0.0,0,1000,direct,Lygodactylus_pauliani,False,False,,,
2516,4443,Parvoscincus_hadros,Aurora Mountain Skink,Squamata,Scincidae,DD,1.05023314431897,3.16369544880801,6.4940493969931,1.83261993750338,0.165039814964201,0.505820861734666,4.9098479624836,0.0,0,1000,direct,Parvoscincus_hadros,False,False,,,
2232,4445,Cnemaspis_sundagekko,Anambas Rock gecko,Squamata,Gekkonidae,DD,1.16832799448647,2.94018844026571,6.49163365903564,9.28867918605064,0.168851992379745,0.433259090162754,7.23504295859897,0.0,0,1000,direct,Cnemaspis_sundagekko,False,False,,,
2255,4446,Amphiglossus_mandady,,Squamata,Scincidae,DD,1.15813368981968,2.80721508306533,6.48969142572322,7.15191339481244,0.171817627044223,0.507522372295615,6.76926242106103,0.0,0,1000,GBIF_iucn_link,Brachyseps_mandady,False,False,,,
2028,4457,Calamophis_jobiensis,Yapen Island Stout-tailed Snake,Squamata,Homalopsidae,DD,1.2620493723407,2.81027968532069,6.48020107839883,7.33972122615721,0.172141007761791,0.48601663158627,6.07967635841691,0.0,0,1000,direct,Calamophis_jobiensis,False,False,,,
2020,4468,Cynisca_muelleri,,Squamata,Amphisbaenidae,DD,1.26617889761004,3.04582085553392,6.45944802286738,7.90856101856401,0.174006546284342,0.642676446892514,6.51426013939444,0.0,0,1000,direct,Cynisca_muelleri,False,False,,,
2404,4473,Sceloporus_aureolus,,Squamata,Phrynosomatidae,NM,1.08989003165017,2.87806328881083,6.44808986358221,1.68232210222759,0.179015570899546,0.555061205112739,6.0607730167091,0.0,0,1000,no_RedList_match,,False,False,,,
2097,4480,Cynisca_rouxae,,Squamata,Amphisbaenidae,DD,1.22983052412903,3.28282460219866,6.43429580343172,8.36377290728281,0.174006546284342,0.636553758238596,6.45513528637393,0.0,0,1000,direct,Cynisca_rouxae,False,False,,,
2081,4484,Sphenomorphus_shelfordi,,Squamata,Scincidae,DD,1.23499900842057,3.05158716079342,6.43055353699575,8.00004085039719,0.161991523563191,0.549319843974529,7.5515044165752,0.0,0,1000,direct,Sphenomorphus_shelfordi,False,False,,,
2163,4493,Calamophis_ruuddelangi,Kebar Stout-tailed Snake,Squamata,Homalopsidae,DD,1.19791887042874,2.92827546844028,6.41743252634625,7.23168811940657,0.172141007761791,0.48601663158627,6.34325028832582,0.0,0,1000,direct,Calamophis_ruuddelangi,False,False,,,
2073,4496,Acutotyphlops_infralabialis,Red Blind Snake,Squamata,Typhlopidae,DD,1.23894244837027,2.88261865358564,6.41457166410563,7.45775045330841,0.176573262048185,0.572429316714971,6.27036751627401,0.0,0,1000,direct,Acutotyphlops_infralabialis,False,False,,,
2118,4504,Gerrhonotus_farri,,Squamata,Anguidae,NM,1.21777835367793,3.08127198760395,6.40564373991127,8.09364587944403,0.181350140272025,0.653882029036185,6.44487977127709,0.0,0,1000,no_RedList_match,,False,False,,,
2041,4509,Cyrtodactylus_martinstolli,Barred gecko,Squamata,Gekkonidae,DD,1.25535909196943,2.68435757453368,6.40112333858494,7.62469764670573,0.169983213652976,0.485887547000888,7.00769616688174,0.0,0,1000,direct,Cyrtodactylus_martinstolli,False,False,,,
2034,4515,Epictia_unicolor,,Squamata,Leptotyphlopidae,DD,1.25986940394896,2.98964861970544,6.38995140744476,8.4422938205682,0.183300764633813,0.615778815088293,7.6692402478156,0.0,0,1000,direct,Epictia_unicolor,False,False,,,
2032,4516,Cynisca_senegalensis,,Squamata,Amphisbaenidae,DD,1.26027958194637,2.91566660766064,6.38947261945035,8.04378449147678,0.17236485768129,0.643035703941226,6.48354922873134,0.0,0,1000,direct,Cynisca_senegalensis,False,False,,,
2124,4522,Calotes_bhutanensis,,Squamata,Agamidae,DD,1.21557153877987,2.98378713554744,6.38338430795818,7.74531698136568,0.185044092885353,0.645816855567939,7.0160906414298,0.0,0,1000,direct,Calotes_bhutanensis,False,False,,,
2241,4524,Porthidium_hespere,Western Hognose Viper,Squamata,Viperidae,DD,1.16629146030257,2.67182217197639,6.38239308034833,2.67439159843387,0.178735888288564,0.555571079376981,6.10693685254268,0.0,0,1000,direct,Porthidium_hespere,False,False,,,
2021,4525,Anolis_umbrivagus,,Squamata,Anolidae,DD,1.26559685970118,3.20940745365153,6.38224618054799,9.13900532266886,0.191657551337719,0.607131453944823,7.35415955335396,0.0,0,1000,direct,Anolis_umbrivagus,False,False,,,
2325,4529,Hemidactylus_kyaboboensis,,Squamata,Gekkonidae,NM,1.12365903893375,3.30570996355856,6.37467016580172,8.27766004592353,0.168567884148377,0.531797682087997,7.2852854839412,0.0,0,1000,no_RedList_match,,False,False,,,
2197,4541,Epictia_signata,South American Blind Snake,Squamata,Leptotyphlopidae,DD,1.18408715247423,3.09905939857875,6.36381616983447,9.05130105240501,0.183300764633813,0.616894725692419,7.66025044474498,0.0,0,1000,direct,Epictia_signata,False,False,,,
2178,4543,Rena_affinis,,Squamata,Leptotyphlopidae,DD,1.19205056720353,2.7214271657104,6.36116314429207,8.68963568148962,0.180639228092253,0.596899602455226,7.548817946876,0.0,0,1000,GBIF_iucn_link,Rena_affinis,False,False,,,
2370,4547,Hemidactylus_modestus,Moderate Leaf-toed Gecko,Squamata,Gekkonidae,DD,1.10192441636688,2.77809935225755,6.35640465956944,2.99178078837436,0.17134493046283,0.540038350111261,5.90544750137465,0.0,0,1000,direct,Hemidactylus_modestus,False,False,,,
2460,4549,Colubroelaps_nguyenvansangi,Nguyenvansang's snake,Squamata,Sibynophiidae,DD,1.07118557555337,2.56380564537194,6.35508702894933,7.25151889421449,0.166341651089203,0.469503347711268,6.83000645473319,0.0,0,1000,direct,Colubroelaps_nguyenvansangi,False,False,,,
2090,4551,Calumma_vatosoa,,Squamata,Chamaeleonidae,DD,1.23317957985377,3.25116990949475,6.35402765718997,6.19338668558047,0.184476500337859,0.663856057549815,6.21679461706631,0.0,0,1000,direct,Calumma_vatosoa,False,False,,,
2285,4552,Hemidactylus_biokoensis,Bioko Leaf-toed Gecko,Squamata,Gekkonidae,DD,1.14128315326166,2.82355354854036,6.35385159623735,7.098599452014,0.169543145314187,0.527857629797676,6.75749986543289,0.0,0,1000,direct,Hemidactylus_biokoensis,False,False,,,
2171,4561,Sphenomorphus_necopinatus,,Squamata,Scincidae,DD,1.19465149626584,2.99083225207695,6.34457922692375,7.89505966932163,0.159788236873952,0.520392352301518,7.59644675452469,0.0,0,1000,direct,Sphenomorphus_necopinatus,False,False,,,
2250,4566,Epictia_rufidorsa,,Squamata,Leptotyphlopidae,DD,1.16019078875857,3.18733542507575,6.33751729683246,8.50692807857886,0.182301474906387,0.597483690516825,7.37191291624697,0.0,0,1000,direct,Epictia_rufidorsa,False,False,,,
2076,4569,Cynisca_williamsi,,Squamata,Amphisbaenidae,DD,1.23787900153866,3.01111354483983,6.33440718409587,8.53796553428383,0.170651225400104,0.642864126794252,6.45868523679125,0.0,0,1000,direct,Cynisca_williamsi,False,False,,,
2062,4576,Uropeltis_myhendrae,Boulenger's Earth Snake,Squamata,Uropeltidae,DD,1.24403499763782,2.98961914264023,6.32600957011998,7.64561541941316,0.16897905278174,0.574817663908395,6.6575852205397,0.0,0,1000,direct,Uropeltis_myhendrae,False,False,,,
2263,4580,Sphenomorphus_maculicollus,,Squamata,Scincidae,DD,1.15348043252276,2.63195456983673,6.32524702731048,7.16192343887072,0.161991523563191,0.548939738865601,6.73092066772912,0.0,0,1000,direct,Sphenomorphus_maculicollus,False,False,,,
2193,4584,Hemidactylus_megalops,Parker's Leaf-toed Gecko,Squamata,Gekkonidae,DD,1.18529936752196,2.60303323292424,6.32005267087425,7.71846488507244,0.169105439780076,0.525533691265564,6.8456927605669,0.0,0,1000,direct,Hemidactylus_megalops,False,False,,,
1906,4597,Amphisbaena_littoralis,Worm lizard,Squamata,Amphisbaenidae,DD,1.33393669230312,2.82289307852342,6.29765879552915,7.87393355302936,0.183576810700091,0.665726353550596,6.77542973803002,0.0,0,1000,direct,Amphisbaena_littoralis,False,False,,,
2061,4607,Trilepida_brevissima,Caqueta Blind Snake,Squamata,Leptotyphlopidae,DD,1.24421073455465,2.92072389204322,6.28345973397896,8.49765272399379,0.181621884245912,0.590876964376295,7.44322924714211,0.0,0,1000,direct,Trilepida_brevissima,False,False,,,
2270,4610,Liophidium_trilineatum,,Squamata,Pseudoxyrhophiidae,DD,1.14987689407461,2.96114647841988,6.27900750399376,6.00085134222262,0.177513548684819,0.540772597371106,6.14818666740555,0.0,0,1000,direct,Liophidium_trilineatum,False,False,,,
2245,4617,Scincella_apraefrontalis,Huulien Ground Skink,Squamata,Scincidae,DD,1.16252796395073,3.03682484658441,6.27358159877617,8.79817461167417,0.167977309519205,0.544298415929232,7.59848560522339,0.0,0,1000,direct,Scincella_apraefrontalis,False,False,,,
2067,4618,Uropeltis_maculata,Spotted Earth Snake,Squamata,Uropeltidae,DD,1.24166635477603,3.01880491914132,6.27306043101217,7.80733722811435,0.16897905278174,0.581324343996052,6.89013825244449,0.0,0,1000,direct,Uropeltis_maculata,False,False,,,
2074,4621,Hemidactylus_lamaensis,,Squamata,Gekkonidae,DD,1.2385335296985,3.30085402910665,6.27211947800488,8.27901241262094,0.168567884148377,0.530855043822317,7.5393648106391,0.0,0,1000,direct,Hemidactylus_lamaensis,False,False,,,
2318,4625,Uropeltis_macrorhyncha,Anaimalai Earth Snake,Squamata,Uropeltidae,DD,1.12744824636646,2.84421566879936,6.26894698138345,7.16451908034271,0.168804327640178,0.578996900611394,6.65337229352322,0.0,0,1000,direct,Uropeltis_macrorhyncha,False,False,,,
2187,4631,Amphisbaena_maranhensis,,Squamata,Amphisbaenidae,DD,1.18868799780259,2.85903565648721,6.25935175613211,7.6454688592037,0.190557514208792,0.661013412375342,6.52752335877507,0.0,0,1000,direct,Amphisbaena_maranhensis,False,False,,,
2208,4636,Amphisbaena_medemi,,Squamata,Amphisbaenidae,DD,1.17906155592875,2.93069148379627,6.25387225022811,8.36686073861041,0.186454106274433,0.654392310196432,6.9463876053879,0.0,0,1000,direct,Amphisbaena_medemi,False,False,,,
2191,4638,Sphenomorphus_butleri,,Squamata,Scincidae,NM,1.18741875115088,2.79630024533463,6.25159423332633,7.30081978977445,0.16240830310757,0.506278731608588,7.2268549066735,0.0,0,1000,no_RedList_match,,False,False,,,
2002,4640,Pseudocalotes_ziegleri,Ziegler’s Tree Lizard,Squamata,Agamidae,DD,1.27879296552867,2.83434075563839,6.24945552798287,8.25355864992249,0.184852399085686,0.639267955201526,6.82429377961025,0.0,0,1000,direct,Pseudocalotes_ziegleri,False,False,,,
2155,4646,Hemidactylus_mrimaensis,,Squamata,Gekkonidae,NM,1.20223141012701,2.85760378119348,6.24590576464346,8.74191039394651,0.170318338623201,0.53972366366136,7.55322493730736,0.0,0,1000,no_RedList_match,,False,False,,,
2523,4649,Cyrtodactylus_feae,,Squamata,Gekkonidae,DD,1.04686126090727,2.57734212676381,6.24428876595193,2.5030837519992,0.16970205025574,0.435546812034082,5.33782410085182,0.0,0,1000,direct,Cyrtodactylus_feae,False,False,,,
2033,4657,Duberria_rhodesiana,,Squamata,Pseudoxyrhophiidae,NM,1.25995540830948,2.84524827388946,6.23640876885475,7.75325214660671,0.178347210591111,0.536121383084339,7.43592162914329,0.0,0,1000,no_RedList_match,,False,False,,,
2322,4659,Trimeresurus_medoensis,Medo Pit Viper,Squamata,Viperidae,DD,1.12558940667886,2.74555962188075,6.23526342812624,3.06302701654732,0.176139257685053,0.553488444375468,5.99153345151846,0.0,0,1000,direct,Trimeresurus_medoensis,False,False,,,
2044,4661,Amphisbaena_townsendi,,Squamata,Amphisbaenidae,NM,1.25429943867211,3.08386842406383,6.23476569021379,7.88873230009465,0.178162589748789,0.649255569411286,6.72256750051917,0.0,0,1000,no_RedList_match,,False,False,,,
2258,4667,Hemidactylus_barbierii,,Squamata,Gekkonidae,DD,1.15475536863812,3.05378973109743,6.22857410426792,7.53088621882394,0.169896702062609,0.528222469800898,7.17189742853932,0.0,0,1000,direct,Hemidactylus_barbierii,False,False,,,
2234,4674,Hemidactylus_albivertebralis,,Squamata,Gekkonidae,DD,1.16766828212207,3.0327944641254,6.21879335332729,7.52363659833523,0.168429179962371,0.528102266918511,6.89644199431439,0.0,0,1000,direct,Hemidactylus_albivertebralis,False,False,,,
2276,4678,Thamnophis_nigronuchalis,,Squamata,Natricidae,DD,1.1476608773794,3.50205013965352,6.21625426565441,1.3690922218953,0.193196560688065,0.631553896909882,6.1083273779948,0.0,0,1000,direct,Thamnophis_nigronuchalis,False,False,,,
2265,4685,Trilepida_guayaquilensis,Guayaquila Blind Snake,Squamata,Leptotyphlopidae,DD,1.15211836955325,3.08255275290014,6.2078855597332,7.81782470015979,0.182301474906387,0.596501306972271,7.47594078464221,0.0,0,1000,GBIF_accepted,Epictia_guayaquilensis,False,False,,,
2177,4686,Eryx_borrii,,Squamata,Erycidae,DD,1.19209134477116,2.72828148879715,6.20779998858113,7.53110592547263,0.178163851179345,0.573483057842891,7.43709130404879,0.0,0,1000,direct,Eryx_borrii,False,False,,,
2306,4690,Rena_boettgeri,,Squamata,Leptotyphlopidae,NM,1.13124368692323,2.69712071501444,6.20330256870324,8.28201836571941,0.180639228092253,0.596899602455226,7.31427584137483,0.0,0,1000,no_RedList_match,,False,False,,,
2186,4693,Amphisbaena_brevis,,Squamata,Amphisbaenidae,DD,1.18883932237593,2.97955063671308,6.20235586548503,7.21521210340299,0.179352246942142,0.655922421202258,6.67776668766001,0.0,0,1000,direct,Amphisbaena_brevis,False,False,,,
2450,4704,Plestiodon_bilineatus,,Squamata,Scincidae,NM,1.07610594213293,2.70836964343776,6.19104550543606,1.86808229133846,0.171178290326662,0.449433410943846,5.2635786006495,0.0,0,1000,no_RedList_match,,False,False,,,
1981,4706,Loveridgea_phylofiniens,,Squamata,Amphisbaenidae,DD,1.29317473651133,2.77339352556284,6.18979989674381,8.33354573724132,0.183576810700091,0.641987820023654,7.47472578637936,0.0,0,1000,direct,Loveridgea_phylofiniens,False,False,,,
2051,4714,Gonocephalus_mjobergi,,Squamata,Agamidae,DD,1.25112795393862,2.92678760774672,6.18065489338369,9.45233871977119,0.1847344135563,0.625556172118535,8.21242988918432,0.0,0,1000,direct,Gonocephalus_mjobergi,False,False,,,
2001,4715,Pseudocalotes_saravacensis,,Squamata,Agamidae,DD,1.27880935696101,2.83214868198005,6.17712478683243,8.03683723475849,0.185440348058406,0.645543282208935,6.66835072922364,0.0,0,1000,direct,Pseudocalotes_saravacensis,False,False,,,
2395,4720,Sphenomorphus_taylori,Taylor’s Solomon Skink,Squamata,Scincidae,DD,1.09253894278936,2.99785638541432,6.17371944302464,8.07141918756613,0.164150836057896,0.56246646074165,6.9959819369427,0.0,0,1000,direct,Sphenomorphus_taylori,False,False,,,
2048,4724,Lipinia_rabori,Black Slender Tree Skink,Squamata,Scincidae,DD,1.2518061800876,2.8899476855985,6.17239566882405,8.2085451942886,0.169956468358019,0.521691147733705,7.28622054492399,0.0,0,1000,direct,Lipinia_rabori,False,False,,,
2205,4745,Hemidactylus_arnoldi,Arnold's Leaf-toed Ghecko,Squamata,Gekkonidae,DD,1.1805821183264,2.93878159960117,6.1524254841201,7.80095901582861,0.168429179962371,0.533177021092326,7.29950530281185,0.0,0,1000,direct,Hemidactylus_arnoldi,False,False,,,
2278,4749,Cyrtopodion_belaense,,Squamata,Gekkonidae,DD,1.14712825448833,2.61060666495122,6.1475561175392,7.9486894184012,0.170705244643237,0.531878165316861,6.82935776995982,0.0,0,1000,direct,Cyrtopodion_belaense,False,False,,,
2273,4750,Pseudocalotes_khaonanensis,,Squamata,Agamidae,DD,1.14885527418174,2.83509611618782,6.14599657575983,7.47291789980513,0.184852399085686,0.669105812775034,6.59748408923801,0.0,0,1000,direct,Pseudocalotes_khaonanensis,False,False,,,
2308,4751,Hemidactylus_minutus,,Squamata,Gekkonidae,NM,1.13058941967806,2.79461227608286,6.14490158952138,6.84796199118773,0.169105439780076,0.532662924780621,6.64790011939285,0.0,0,1000,no_RedList_match,,False,False,,,
2269,4752,Cyrtodactylus_mandalayensis,,Squamata,Gekkonidae,DD,1.15051077603692,2.39742114675294,6.14261792839768,7.39279229216356,0.16970205025574,0.428822396141327,6.7188128678095,0.0,0,1000,direct,Cyrtodactylus_mandalayensis,False,False,,,
2123,4754,Amphisbaena_persephone,,Squamata,Amphisbaenidae,NM,1.2168414948328,3.10251516614197,6.14177886255673,7.67970467766435,0.181350140272025,0.665726353550596,6.580558591854,0.0,0,1000,no_RedList_match,,False,False,,,
2233,4760,Sphenomorphus_grandisonae,Grandison’s Forest Skink,Squamata,Scincidae,DD,1.16791402716441,2.49360432669456,6.13677057056061,7.93205161885719,0.159788236873952,0.509261641550198,7.3082308141148,0.0,0,1000,direct,Sphenomorphus_grandisonae,False,False,,,
2397,4771,Phrynosoma_ditmarsi,,Squamata,Phrynosomatidae,DD,1.09235563155142,3.24259529789329,6.1281543785629,1.24245337949475,0.17731467635847,0.540743148592129,6.034452786437,0.0,0,1000,direct,Phrynosoma_ditmarsi,False,False,,,
2063,4775,Calotes_nigriplicatus,,Squamata,Agamidae,DD,1.243920153124,2.98241464861307,6.12369423702778,8.38713291552539,0.184513414993001,0.645708693441083,6.90765873135145,0.0,0,1000,direct,Calotes_nigriplicatus,False,False,,,
2087,4779,Amphisbaena_hiata,,Squamata,Amphisbaenidae,DD,1.23354506782907,3.02359157227554,6.12081688217983,8.28063772417142,0.178162589748789,0.651773549313661,6.66052494134639,0.0,0,1000,direct,Amphisbaena_hiata,False,False,,,
2357,4782,Uropeltis_broughami,Brougham's Earth Snake,Squamata,Uropeltidae,DD,1.10814937011713,3.07826775432244,6.12037932189849,7.28874618929014,0.168804327640178,0.578809553580136,6.3411627039898,0.0,0,1000,direct,Uropeltis_broughami,False,False,,,
2238,4783,Scincella_schmidti,,Squamata,Scincidae,DD,1.16656275773412,2.62046200254652,6.11928884105051,8.64829702572907,0.168519106694507,0.544091523713084,7.17184937976639,0.0,0,1000,direct,Scincella_schmidti,False,False,,,
2522,4786,Cyrtodactylus_irregularis,Irregular Bow-fingered Gecko,Squamata,Gekkonidae,DD,1.04732081639639,2.55486831998041,6.11754278249162,3.07748892886858,0.169983213652976,0.482099506425928,5.69680966588675,0.0,0,1000,direct,Cyrtodactylus_irregularis,False,False,,,
2211,4789,Pseudocalotes_rhammanotus,Stitched-back False Garden Lizard,Squamata,Agamidae,DD,1.17786254390616,3.17482556472303,6.11731356305904,7.94690326318163,0.184513414993001,0.669105812775034,6.66047061976134,0.0,0,1000,direct,Pseudocalotes_rhammanotus,False,False,,,
2536,4790,Hemidactylus_acanthopholis,,Squamata,Gekkonidae,DD,1.03997136515886,3.07475384338289,6.11692495719573,7.51917120018428,0.170705244643237,0.559284212885906,6.42315433814592,0.0,0,1000,direct,Hemidactylus_acanthopholis,False,False,,,
2465,4804,Liophidium_apperti,,Squamata,Pseudoxyrhophiidae,DD,1.06955443315045,2.81378278719174,6.10041754627471,5.6608564002657,0.176835213194532,0.544253119805283,5.90305817660318,0.0,0,1000,direct,Liophidium_apperti,False,False,,,
2533,4808,Uropeltis_dindigalensis,Sirumalai Hills Earth Snake,Squamata,Uropeltidae,DD,1.04303361227884,2.83503917162705,6.09479082314411,7.28871040123951,0.168804327640178,0.573635991214146,6.3634280609173,0.0,0,1000,direct,Uropeltis_dindigalensis,False,False,,,
2214,4810,Malayotyphlops_hypogius,Cebu Blind Snake,Squamata,Typhlopidae,DD,1.17520524726915,2.84964493729534,6.0946127521661,7.76074114924449,0.182301474906387,0.574989477278725,6.77307411036694,0.0,0,1000,direct,Malayotyphlops_hypogius,False,False,,,
2137,4812,Calliophis_gracilis,Spotted Coral Snake,Squamata,Elapidae,DD,1.20988429499951,2.72682874172535,6.09242666715226,6.85830646693726,0.175709862409522,0.542672515881462,6.4989620317493,0.0,0,1000,direct,Calliophis_gracilis,False,False,,,
2338,4813,Scincella_kikaapoa,,Squamata,Scincidae,NM,1.11753597868357,2.67651687531526,6.09208373189955,9.15720108278254,0.169130125749575,0.575798025861763,7.32099327757562,0.0,0,1000,no_RedList_match,,False,False,,,
2045,4817,Amphisbaena_rozei,Roze's Worm Lizard,Squamata,Amphisbaenidae,DD,1.25348006599898,2.94723008345875,6.08941482871103,7.74952375311177,0.178162589748789,0.651773549313661,6.70261439296435,0.0,0,1000,direct,Amphisbaena_rozei,False,False,,,
2594,4822,Leposoma_caparensis,,Squamata,Gymnophthalmidae,DD,1.01369419014944,2.60254516314362,6.08348844143961,7.43003354494412,0.166193890040608,0.54534007418928,6.97255864561981,0.0,0,1000,GBIF_accepted,Loxopholis_caparensis,False,False,,,
2196,4831,Leptotyphlops_mbanjensis,Mbanja Worm Snake,Squamata,Leptotyphlopidae,DD,1.18442534627689,2.87112681529702,6.06792287175468,8.22239738756802,0.183744619005032,0.617928386243259,7.18777990401104,0.0,0,1000,direct,Leptotyphlops_mbanjensis,False,False,,,
2389,4832,Uropeltis_liura,Günther's Earth Snake,Squamata,Uropeltidae,DD,1.09520804133324,2.58784160625785,6.06781117400283,5.6573923952573,0.168804327640178,0.579264299583529,5.78356454427068,0.0,0,1000,direct,Uropeltis_liura,False,False,,,
2519,4834,Ophiomorus_maranjabensis,,Squamata,Scincidae,NM,1.0483527676617,2.82085314394783,6.06659553411218,8.31161329857108,0.171817627044223,0.449433410943846,8.01528818112544,0.0,0,1000,no_RedList_match,,False,False,,,
2758,4835,Cnemidophorus_ruatanus,,Squamata,Teiidae,NM,0.954671118464082,2.26089380686024,6.06549300550423,4.866095403491,0.166574720106958,0.520043130217694,5.61069800679507,0.0,0,1000,no_RedList_match,,False,False,,,
2229,4839,Laudakia_dayana,Haridwar Agama,Squamata,Agamidae,DD,1.16911368284192,2.84871710101254,6.05841110130991,7.86972059604144,0.187662999398214,0.672762138048422,7.04648721406472,0.0,0,1000,direct,Laudakia_dayana,False,False,,,
2227,4840,Opisthotropis_tamdaoensis,Tam Dao Stream Snake,Squamata,Natricidae,DD,1.17037116189794,3.05868119590029,6.05680898994758,7.11888123669461,0.185399536869399,0.648311214810133,6.33184425152127,0.0,0,1000,direct,Opisthotropis_tamdaoensis,False,False,,,
2036,4854,Acanthosaura_bintangensis,Bukit Larut Mountain Horned Agamid,Squamata,Agamidae,DD,1.25854248452701,3.16289069723864,6.04366158409164,8.07447326532406,0.185440348058406,0.645816855567939,7.37853548196318,0.0,0,1000,direct,Acanthosaura_bintangensis,False,False,,,
2423,4859,Trimeresurus_gramineus,,Squamata,Viperidae,NM,1.08252066705178,2.50433404458955,6.04069436465963,3.81199743298166,0.174250467837342,0.549841330744357,5.77836909893198,0.0,0,1000,no_RedList_match,,False,False,,,
2421,4861,Hemidactylus_gleadowi,Gleadow’s House Gecko,Squamata,Gekkonidae,DD,1.08323432181478,2.60032694915036,6.03659133165509,6.14285029574713,0.168792029852567,0.5306195748506,6.5827316639435,0.0,0,1000,direct,Hemidactylus_gleadowi,False,False,,,
2515,4867,Anomochilus_monticola,Kinabalu Giant Blind Snake,Squamata,Anomochilidae,DD,1.05073178683105,2.68887100870429,6.03532746925326,6.39871375693211,0.168975948394515,0.579264299583529,6.29124808082452,0.0,0,1000,direct,Anomochilus_monticola,False,False,,,
2541,4872,Varanus_kordensis,Biak Emerald Monitor,Squamata,Varanidae,DD,1.03740983074611,2.91971693047093,6.0287536599035,2.67398768824732,0.180298561878804,0.65690920172947,5.70540156860435,0.0,0,1000,direct,Varanus_kordensis,False,False,,,
2102,4874,Amphisbaena_neglecta,Neglected Worm Lizard,Squamata,Amphisbaenidae,DD,1.22630390589388,3.37771244977702,6.02749593353243,7.75079907715736,0.188955170440201,0.664591981034103,6.8615117940585,0.0,0,1000,direct,Amphisbaena_neglecta,False,False,,,
2159,4876,Indotyphlops_veddae,Vedda Worm Snake,Squamata,Typhlopidae,DD,1.20010018444965,2.66770187524025,6.01893865068979,7.54241056595405,0.182554764337875,0.574409253664236,5.56615808469711,0.0,0,1000,direct,Indotyphlops_veddae,False,False,,,
2340,4879,Cyrtodactylus_nepalensis,Nepalese rock gecko,Squamata,Gekkonidae,DD,1.11742839963553,2.54804928769544,6.01763476601904,8.14554568998911,0.169105439780076,0.427003339588478,6.89526034007574,0.0,0,1000,direct,Cyrtodactylus_nepalensis,False,False,,,
2253,4880,Sphenomorphus_buettikoferi,,Squamata,Scincidae,DD,1.15903794702893,2.71866655102207,6.01733162033174,8.07610652371775,0.164924670129156,0.505004085623202,7.23386889571714,0.0,0,1000,direct,Sphenomorphus_buettikoferi,False,False,,,
2296,4884,Asthenodipsas_tropidonotus,,Squamata,Pareidae,DD,1.13529157879005,2.86451702352841,6.01538191849692,3.25341271732087,0.177513548684819,0.571069662212548,5.7787940669898,0.0,0,1000,direct,Asthenodipsas_tropidonotus,False,False,,,
2230,4886,Cyrtodactylus_minor,,Squamata,Gekkonidae,DD,1.16874139503669,2.77022120682123,6.01191125684191,7.02397633769017,0.172120581648648,0.490483166860275,6.78369556785679,0.0,0,1000,direct,Cyrtodactylus_minor,False,False,,,
2175,4889,Japalura_hamptoni,Hampton's Japalure,Squamata,Agamidae,DD,1.1938273552649,2.79225441166317,6.01082734148351,7.56395375002512,0.184852399085686,0.635633670790823,6.86248424015856,0.0,0,1000,GBIF_accepted,Diploderma_hamptoni,False,False,,,
2749,4894,Aspidoscelis_marmorata,,Squamata,Teiidae,NM,0.958291485363763,2.34056656638292,6.00580305862716,4.19579592210682,0.166983128137592,0.501911762188936,5.53969578099934,0.0,0,1000,no_RedList_match,,False,False,,,
2477,4902,Phyllodactylus_baurii,Baur's Leaf-toed Gecko,Squamata,Phyllodactylidae,DD,1.06552726634092,2.72656148096502,6.00056844032923,2.38537501709466,0.190161650210136,0.620620402947724,5.34626204879926,0.0,0,1000,direct,Phyllodactylus_baurii,False,False,,,
2486,4903,Scelotes_poensis,,Squamata,Scincidae,DD,1.06108349785448,2.36983372548016,6.00055764939917,7.31681932139703,0.173304903488291,0.46438242871439,6.8239969430782,0.0,0,1000,direct,Scelotes_poensis,False,False,,,
2365,4904,Hemidactylus_tanganicus,Dutumi Gecko,Squamata,Gekkonidae,DD,1.10375550024755,2.61389476382305,5.99851151857309,7.583721647953,0.17134493046283,0.559440509217694,6.92095025403379,0.0,0,1000,direct,Hemidactylus_tanganicus,False,False,,,
2520,4908,Tenuidactylus_dadunensis,,Squamata,Gekkonidae,DD,1.04811356231172,2.67984471260008,5.98993511401782,8.02189867957874,0.172960137271736,0.526752329499046,7.22923783734029,0.0,0,1000,direct,Tenuidactylus_dadunensis,False,False,,,
2528,4909,Sphenomorphus_capitolythos,,Squamata,Scincidae,DD,1.04485220056886,2.93189718275965,5.98910848206955,8.01519977635677,0.16240830310757,0.558047014949889,6.88293572696217,0.0,0,1000,direct,Sphenomorphus_capitolythos,False,False,,,
2019,4910,Amphisbaena_stejnegeri,Stejneger's Worm Lizard,Squamata,Amphisbaenidae,DD,1.26641944747445,2.97710775456229,5.98878015831845,7.51433448744951,0.185794179942087,0.647342102101141,6.53753289603811,0.0,0,1000,direct,Amphisbaena_stejnegeri,False,False,,,
2356,4914,Duberria_shirana,Shire Slug Eater,Squamata,Pseudoxyrhophiidae,DD,1.10875284491547,2.74430923988538,5.98531270517499,7.46980196732102,0.178347210591111,0.538629861419778,7.02815250320845,0.0,0,1000,direct,Duberria_shirana,False,False,,,
2582,4916,Darevskia_kamii,,Squamata,Lacertidae,NM,1.01814382654774,2.85917621686236,5.98330172247425,2.35681719918128,0.166193890040608,0.573130342484123,5.51904919571535,0.0,0,1000,no_RedList_match,,False,False,,,
2084,4917,Bronchocela_rubrigularis,Nicobar Long-tailed Lizard,Squamata,Agamidae,DD,1.23433706043202,2.85958219758771,5.98198525052936,7.26499232291279,0.1847344135563,0.635477961387108,6.92202445694179,0.0,0,1000,direct,Bronchocela_rubrigularis,False,False,,,
2313,4918,Argyrophis_trangensis,Trang Blind Snake,Squamata,Typhlopidae,DD,1.12910647469186,2.77451617644976,5.98041992624485,7.61741741281852,0.167201609279599,0.561702193508168,5.75810535963107,0.0,0,1000,direct,Argyrophis_trangensis,False,False,,,
2251,4921,Uropeltis_ceylanicus,Cuvier's Shieldtail,Squamata,Uropeltidae,DD,1.15962759399397,2.84058397300702,5.97843999958709,7.77464360682583,0.168804327640178,0.578996900611394,6.63272487801159,0.0,0,1000,GBIF_accepted,Uropeltis_ceylanica,False,False,,,
2142,4929,Ramphotyphlops_adocetus,,Squamata,Typhlopidae,NM,1.20527187789,2.60298131522172,5.97223933764517,7.0855016072737,0.176573262048185,0.573798336440478,6.34454503804215,0.0,0,1000,no_RedList_match,,False,False,,,
2866,4931,Trachylepis_cristinae,,Squamata,Scincidae,NM,0.909502954389242,2.28096814635814,5.97168458501616,3.41061333440842,0.164915917178012,0.534874590951015,5.54077405040509,0.0,0,1000,no_RedList_match,,False,False,,,
2482,4934,Hemidactylus_bavazzanoi,Somali Banded Gecko,Squamata,Gekkonidae,DD,1.06195659134011,2.83184113139435,5.96904302807382,8.73211302920102,0.168429179962371,0.531797682087997,6.51717655490666,0.0,0,1000,direct,Hemidactylus_bavazzanoi,False,False,,,
2310,4938,Uropeltis_nitida,Southern Earth Snake,Squamata,Uropeltidae,DD,1.13033989565546,2.925611901787,5.96602730936364,7.47590657715694,0.168804327640178,0.578809553580136,6.53293763401218,0.0,0,1000,direct,Uropeltis_nitida,False,False,,,
2298,4949,Diporiphora_convergens,Crystal Creek Two-line Dragon,Squamata,Agamidae,DD,1.13496722583007,2.78280544058525,5.95499863709918,6.90373318495781,0.1847344135563,0.594974551108443,6.81684746097822,0.0,0,1000,direct,Diporiphora_convergens,False,False,,,
2396,4953,Hemidactylus_pseudomuriceus,,Squamata,Gekkonidae,DD,1.0924789655636,2.95374814824108,5.95056872595762,7.2085337569917,0.169983213652976,0.532945767666039,6.9854113404548,0.0,0,1000,direct,Hemidactylus_pseudomuriceus,False,False,,,
2287,4956,Japalura_otai,Ota’s Mountain Lizard,Squamata,Agamidae,DD,1.14029121602073,2.88705118510794,5.94927498500148,7.08829666506815,0.184852399085686,0.625390760886388,6.50703958040374,0.0,0,1000,GBIF_accepted,Cristidorsa_otai,False,False,,,
2355,4957,Argyrophis_hypsobothrius,Sumatra Worm Snake,Squamata,Typhlopidae,DD,1.10909947742805,2.76357736269349,5.94887589796681,7.74864748479706,0.167691132088187,0.561702193508168,6.12018954949478,0.0,0,1000,direct,Argyrophis_hypsobothrius,False,False,,,
2237,4959,Indotyphlops_exiguus,Belgaum Worm Snake,Squamata,Typhlopidae,DD,1.16679777348821,2.80655310086321,5.94581152727971,7.39116863992724,0.182301474906387,0.574672392763489,5.77200201493399,0.0,0,1000,direct,Indotyphlops_exiguus,False,False,,,
2349,4961,Hemidactylus_romeshkanicus,,Squamata,Gekkonidae,NM,1.11116996219992,2.89690512751626,5.94490777304679,7.46745314311398,0.168792029852567,0.532662924780621,6.67848315326326,0.0,0,1000,no_RedList_match,,False,False,,,
2359,4962,Cyrtopodion_dattanense,Plump Banded Gecko,Squamata,Gekkonidae,DD,1.10802820645444,2.71619204323813,5.94464257778357,7.37447315889599,0.17134493046283,0.53002048833094,6.86255192699323,0.0,0,1000,GBIF_accepted,Cyrtodactylus_dattanensis,False,False,,,
2018,4963,Opisthotropis_maculosa,Spotted Mountain Stream Snake,Squamata,Natricidae,DD,1.26721194549157,2.92953670003104,5.94446435958613,7.48894739177767,0.190780908650772,0.659798615979618,6.35054920272458,0.0,0,1000,direct,Opisthotropis_maculosa,False,False,,,
2257,4964,Japalura_grahami,Graham's Japalure,Squamata,Agamidae,DD,1.157930192645,2.51807590224455,5.94371303707893,7.07347250660258,0.184852399085686,0.635799082022971,6.44544444026796,0.0,0,1000,GBIF_accepted,Diploderma_grahami,False,False,,,
2360,4970,Uropeltis_arcticeps,Tirunelveli Earth Snake,Squamata,Uropeltidae,DD,1.10775352462089,2.79075325217892,5.93976516732451,7.15236171972892,0.169326825143835,0.577766316550282,6.44390425626771,0.0,0,1000,direct,Uropeltis_arcticeps,False,False,,,
2496,4973,Ramphotyphlops_cumingii,Cuming's Blind Snake,Squamata,Typhlopidae,DD,1.05888023885572,2.67338621098021,5.93692799953753,7.45613223024843,0.16897905278174,0.573040524180659,5.96256023784119,0.0,0,1000,direct,Ramphotyphlops_cumingii,False,False,,,
2658,4985,Geagras_redimitus,,Squamata,Colubridae,DD,0.991887597201048,2.2709225174943,5.91736188419195,6.27010245157036,0.166822827201569,0.549877711464127,6.23121338925449,0.0,0,1000,direct,Geagras_redimitus,False,False,,,
2218,4988,Leptotyphlops_tanae,Tana Worm Snake,Squamata,Leptotyphlopidae,DD,1.17365919195081,2.80229117141078,5.91671855956908,7.75865394687163,0.183744619005032,0.617928386243259,7.53523767759727,0.0,0,1000,direct,Leptotyphlops_tanae,False,False,,,
2704,4994,Sphenomorphus_transversus,,Squamata,Scincidae,DD,0.97360761618196,2.56155169595424,5.91437377821201,7.3579325775717,0.16240830310757,0.506278731608588,6.7666333069479,0.0,0,1000,direct,Sphenomorphus_transversus,False,False,,,
2292,4995,Japalura_flaviceps,,Squamata,Agamidae,NM,1.13869710710582,2.62135653607969,5.91436300180547,7.96311280994697,0.185440348058406,0.638838672438808,6.51339164571911,0.0,0,1000,no_RedList_match,,False,False,,,
2511,4999,Cordylus_angolensis,Angolan Girdled Lizard,Squamata,Cordylidae,DD,1.05162497730917,2.43905343437906,5.91371133549349,6.96721590113087,0.166358832682754,0.557076110401856,6.535537171859,0.0,0,1000,direct,Cordylus_angolensis,False,False,,,
2161,5002,Opisthotropis_spenceri,,Squamata,Natricidae,DD,1.19933819490218,2.84602023593773,5.90949729650277,7.37792326930267,0.185399536869399,0.652074483484727,6.14785264236451,0.0,0,1000,direct,Opisthotropis_spenceri,False,False,,,
2680,5009,Amphiglossus_andranovahensis,Andranovaho Skink,Squamata,Scincidae,DD,0.985281024130574,2.66251261360993,5.90574574847797,8.13647228617625,0.170148052962235,0.496361969707619,6.06549083667163,0.0,0,1000,GBIF_accepted,Flexiseps_andranovahensis,False,False,,,
2367,5013,Trioceros_kinetensis,Mount Kineti Chameleon,Squamata,Chamaeleonidae,DD,1.10306076132386,2.92866371749681,5.90471788727964,6.58454797130368,0.184476500337859,0.65690920172947,6.6001123613946,0.0,0,1000,direct,Trioceros_kinetensis,False,False,,,
2461,5036,Stenodactylus_stenurus,,Squamata,Gekkonidae,DD,1.07108736353429,2.8394915502494,5.88911273500014,2.27589985157062,0.169896702062609,0.539436912630569,5.273470410139,0.0,0,1000,direct,Stenodactylus_stenurus,False,False,,,
2470,5037,Crotalus_culminatus,,Squamata,Viperidae,NM,1.0680211849541,2.81279528262248,5.88591053098401,2.39529882892718,0.178163851179345,0.549629886051474,5.7854555457259,0.0,0,1000,no_RedList_match,,False,False,,,
2439,5049,Calliophis_beddomei,Beddome's Coral Snake,Squamata,Elapidae,DD,1.07944100286411,2.93202373721739,5.873983366157,6.63629018818807,0.175015019727817,0.539177256110926,6.0188461052907,0.0,0,1000,direct,Calliophis_beddomei,False,False,,,
2299,5052,Leiolepis_guttata,Spotted Butterfly Lizard,Squamata,Agamidae,DD,1.13380810846672,3.01459670251146,5.86994922955711,3.51670040410742,0.186442509462294,0.655723177533264,4.17254157026989,0.0,0,1000,direct,Leiolepis_guttata,False,False,,,
2418,5059,Diplodactylus_kenneallyi,Kenneally's Gecko,Squamata,Diplodactylidae,DD,1.08384719573358,2.64790959348651,5.86757926721499,7.26355598513667,0.171259325147961,0.45321604507381,7.00901604025454,0.0,0,1000,direct,Diplodactylus_kenneallyi,False,False,,,
2281,5063,Indotyphlops_madgemintonae,,Squamata,Typhlopidae,DD,1.14357695183551,3.11579696900697,5.8623413990967,7.40359004198351,0.182554764337875,0.579018488233628,5.90803431458115,0.0,0,1000,direct,Indotyphlops_madgemintonae,False,False,,,
2429,5071,Myersophis_alpestris,Myer's Snake,Squamata,Cyclocoridae,DD,1.08149448693718,2.46457777653326,5.85653186000206,7.3173305480599,0.167474492415617,0.485667644855303,6.57830241896482,0.0,0,1000,direct,Myersophis_alpestris,False,False,,,
2286,5074,Ramphotyphlops_lorenzi,Lorenz's Blind Snake,Squamata,Typhlopidae,DD,1.14096261795945,2.68190407568987,5.85552941770904,7.42849804119647,0.176573262048185,0.572429316714971,6.1507522785803,0.0,0,1000,direct,Ramphotyphlops_lorenzi,False,False,,,
2430,5085,Indotyphlops_tenuicollis,Samagutin Worm Snake,Squamata,Typhlopidae,DD,1.08143384678938,2.87427281503582,5.84911986812684,7.193856544942,0.182554764337875,0.579994872085735,5.81634358905857,0.0,0,1000,direct,Indotyphlops_tenuicollis,False,False,,,
2301,5092,Trilepida_nicefori,Santander Blind Snake,Squamata,Leptotyphlopidae,DD,1.13323595059064,2.9660571654404,5.84444707357329,8.65596901746976,0.180639228092253,0.597483690516825,7.35145890325731,0.0,0,1000,direct,Trilepida_nicefori,False,False,,,
2267,5100,Anatololacerta_budaki,,Squamata,Lacertidae,NM,1.15118993057611,2.9492161513354,5.83585941599184,10.4800841686828,0.165986041475851,0.567826415440291,8.57918739203539,0.0,0,1000,no_RedList_match,,False,False,,,
2422,5101,Argyrophis_klemmeri,Klemmer's Blind Snake,Squamata,Typhlopidae,DD,1.08256701430779,2.55464738712615,5.83485657144608,7.70745421983906,0.167691132088187,0.561702193508168,5.86869321123685,0.0,0,1000,direct,Argyrophis_klemmeri,False,False,,,
2371,5108,Leptotyphlops_keniensis,Mount Kenya Worm Snake,Squamata,Leptotyphlopidae,DD,1.10188247367032,2.72801455095077,5.82811260912462,6.95645695075858,0.182301474906387,0.615631683990644,6.96647139787828,0.0,0,1000,direct,Leptotyphlops_keniensis,False,False,,,
2200,5113,Amphisbaena_slateri,Slater's Worm Lizard,Squamata,Amphisbaenidae,DD,1.1816953174331,3.16845527085245,5.82142267893408,7.26187700437932,0.185658833062118,0.665289665120249,6.5953965240169,0.0,0,1000,direct,Amphisbaena_slateri,False,False,,,
2319,5117,Lipinia_albodorsalis,,Squamata,Scincidae,DD,1.1270361803313,2.38437414565012,5.81890864876793,7.49215268797171,0.169956468358019,0.521691147733705,6.58144827118663,0.0,0,1000,GBIF_accepted,Ornithuroscincus_albodorsalis,False,False,,,
2723,5125,Macropholidus_huancabambae,,Squamata,Gymnophthalmidae,DD,0.968343796498838,2.44078239043839,5.80818625654495,2.15191622434334,0.165986041475851,0.505931926021105,4.9158390480294,0.0,0,1000,direct,Macropholidus_huancabambae,False,False,,,
2369,5127,Sphenomorphus_tanahtinggi,,Squamata,Scincidae,DD,1.1020192911905,2.76037076355926,5.80368306644803,8.04219507697649,0.16474408516873,0.498294661736145,6.93680242696302,0.0,0,1000,direct,Sphenomorphus_tanahtinggi,False,False,,,
2407,5129,Amphisbaena_absaberi,,Squamata,Amphisbaenidae,DD,1.0890336929981,2.9091990988205,5.80213783780781,6.79759862667246,0.17769796903592,0.649255569411286,6.11828924222138,0.0,0,1000,direct,Amphisbaena_absaberi,False,False,,,
2437,5132,Cyrtodactylus_markuscombaii,Striped gecko,Squamata,Gekkonidae,DD,1.07994541447322,2.60964869908302,5.80009870633489,6.49067358912677,0.171178290326662,0.527558867118658,6.368203887029,0.0,0,1000,direct,Cyrtodactylus_markuscombaii,False,False,,,
2589,5142,Stenocercus_praeornatus,Greater Ornate Whorltail Iguana,Squamata,Tropiduridae,DD,1.01519674882356,2.45170124381008,5.79296850958037,6.2816801315115,0.174022630227271,0.558211056736256,6.08020213364108,0.0,0,1000,direct,Stenocercus_praeornatus,False,False,,,
2454,5144,Lipinia_venemai,,Squamata,Scincidae,DD,1.07447576407768,2.5882921012256,5.79228909193227,7.32801474899569,0.169956468358019,0.518213597518709,6.52825059661907,0.0,0,1000,GBIF_iucn_link,Lipinia_venemai,False,False,,,
2462,5145,Hemidactylus_laevis,Common Leaf-toed Gecko,Squamata,Gekkonidae,DD,1.0709815266275,2.69441407959608,5.79118217829998,6.6049894188788,0.169896702062609,0.535627886340837,6.30554488797271,0.0,0,1000,direct,Hemidactylus_laevis,False,False,,,
2391,5146,Stenocercus_variabilis,Variable Whorltail Iguana,Squamata,Tropiduridae,DD,1.09449660493586,2.44710280605541,5.79065880972592,6.62717285523609,0.170344008566499,0.559796727360315,6.2125205030219,0.0,0,1000,direct,Stenocercus_variabilis,False,False,,,
2529,5151,Anomochilus_weberi,Sumatran Giant Blind Snake,Squamata,Anomochilidae,DD,1.04449383650963,2.677840625754,5.78826203276018,6.55349730544163,0.168975948394515,0.578996900611394,6.06427387571095,0.0,0,1000,direct,Anomochilus_weberi,False,False,,,
2131,5154,Amphisbaena_polygrammica,,Squamata,Amphisbaenidae,DD,1.21280301728377,3.15474552729222,5.78702191262914,8.57612078889385,0.190557514208792,0.664591981034103,6.82439605486447,0.0,0,1000,direct,Amphisbaena_polygrammica,False,False,,,
2104,5157,Amphisbaena_cerradensis,,Squamata,Amphisbaenidae,DD,1.22501943545507,2.92455862228446,5.78561037234836,7.6611576515422,0.187104011110264,0.675198603345178,6.38371788706753,0.0,0,1000,GBIF_accepted,Leposternon_cerradensis,False,False,,,
2466,5163,Sphenomorphus_wollastoni,,Squamata,Scincidae,DD,1.06936539698676,2.72696124376434,5.78228909745239,8.0227518446964,0.16474408516873,0.505820861734666,7.1043012760862,0.0,0,1000,direct,Sphenomorphus_wollastoni,False,False,,,
2341,5165,Sphenomorphus_rarus,,Squamata,Scincidae,DD,1.11576190410075,2.54694579909639,5.77877714673305,7.9818754994276,0.165675849318769,0.505456510388285,6.76406732730995,0.0,0,1000,direct,Sphenomorphus_rarus,False,False,,,
2502,5171,Parapistocalamus_hedigeri,Bougainville Coral Snake,Squamata,Elapidae,DD,1.05385520897879,2.59479546369111,5.77110327265163,6.70965362742218,0.169079260384171,0.499555724081696,6.62559762139782,0.0,0,1000,direct,Parapistocalamus_hedigeri,False,False,,,
2364,5185,Opisthotropis_jacobi,Jacob's Stream Snake,Squamata,Natricidae,DD,1.10390496699944,2.50589872971217,5.76484590197935,7.59694012826604,0.185399536869399,0.658665494228935,6.29312032113585,0.0,0,1000,direct,Opisthotropis_jacobi,False,False,,,
2393,5188,Japalura_chapaensis,Japalure,Squamata,Agamidae,DD,1.09269317492115,2.62468964126103,5.7605267968963,7.18177597478134,0.185440348058406,0.635477961387108,6.26670399862653,0.0,0,1000,GBIF_accepted,Diploderma_chapaense,False,False,,,
2446,5193,Cyrtodactylus_variegatus,Variegated Bow-fingered Gecko,Squamata,Gekkonidae,DD,1.07744464494778,2.67368055081548,5.75656311026968,7.57849550671604,0.172257248654336,0.490213549579521,6.10742749821807,0.0,0,1000,direct,Cyrtodactylus_variegatus,False,False,,,
2490,5195,Indotyphlops_filiformis,File Worm Snake,Squamata,Typhlopidae,DD,1.06051296213032,2.91837555933431,5.75525298794393,7.41400065505375,0.181974615188121,0.578083401065518,5.74704872688286,0.0,0,1000,direct,Indotyphlops_filiformis,False,False,,,
2312,5196,Cyrtodactylus_martini,Martin’s Bent–toed Gecko,Squamata,Gekkonidae,DD,1.12939572314226,2.54094526421015,5.75522758146983,7.03688492950468,0.172492032599472,0.489900461188099,6.19118641409516,0.0,0,1000,direct,Cyrtodactylus_martini,False,False,,,
2343,5213,Cyrtodactylus_derongo,Derongo Bow-fingered Gecko,Squamata,Gekkonidae,DD,1.1149929968968,2.47303500112581,5.74424430821724,7.49251826524033,0.172120581648648,0.488699154738037,6.3807202186831,0.0,0,1000,direct,Cyrtodactylus_derongo,False,False,,,
2483,5216,Sphenomorphus_haasi,,Squamata,Scincidae,DD,1.06178369388648,2.59668024458123,5.74137225314533,7.22351350969477,0.161750948135486,0.530323339663772,6.63954098768629,0.0,0,1000,direct,Sphenomorphus_haasi,False,False,,,
2433,5223,Ramphotyphlops_becki,Beck’s Blind Snake,Squamata,Typhlopidae,DD,1.08048832962997,2.37033017677754,5.73686253040582,7.58064164661647,0.169326825143835,0.573040524180659,6.02135780785544,0.0,0,1000,direct,Ramphotyphlops_becki,False,False,,,
2480,5227,Lipinia_surda,Malaysian Striped Skink,Squamata,Scincidae,DD,1.0628942178883,2.71822487470199,5.73381174747354,7.21133137600401,0.169956468358019,0.525006889425133,6.23598739069626,0.0,0,1000,direct,Lipinia_surda,False,False,,,
2640,5235,Lerista_praefrontalis,Yampi Sandslider,Squamata,Scincidae,DD,0.997989950026027,2.13486265368036,5.72236111848907,8.13787903978978,0.165119309343948,0.507604101934127,6.60526914051506,0.0,0,1000,direct,Lerista_praefrontalis,False,False,,,
2500,5240,Sphenomorphus_sheai,Shea’s Forest Skink,Squamata,Scincidae,DD,1.05609259126025,2.66179998810898,5.71853155599763,8.89692858587244,0.163122135058879,0.557262974851761,7.28649389447794,0.0,0,1000,direct,Sphenomorphus_sheai,False,False,,,
2280,5244,Sceloporus_tanneri,,Squamata,Phrynosomatidae,DD,1.1447966273268,2.9143447892999,5.7163600792501,7.22138897913339,0.184476500337859,0.58222539455927,6.92874591881827,0.0,0,1000,direct,Sceloporus_tanneri,False,False,,,
2316,5250,Amphisbaena_myersi,,Squamata,Amphisbaenidae,DD,1.12764674501246,2.810329252471,5.712664770017,7.27899688900696,0.186454106274433,0.647898279475781,6.34776407577629,0.0,0,1000,direct,Amphisbaena_myersi,False,False,,,
2448,5271,Malayotyphlops_canlaonensis,Taylor's Worm Snake,Squamata,Typhlopidae,DD,1.0772956945177,2.55840990221268,5.690860024737,7.44481203600577,0.182989376203208,0.574672392763489,5.99555350652991,0.0,0,1000,direct,Malayotyphlops_canlaonensis,False,False,,,
2530,5272,Sphenomorphus_tenuiculus,,Squamata,Scincidae,DD,1.04408622544881,2.61616045656165,5.69075126805542,7.93145886538187,0.161750948135486,0.538457654818602,6.8017403812073,0.0,0,1000,direct,Sphenomorphus_tenuiculus,False,False,,,
2659,5298,Lepidophyma_cuicateca,,Squamata,Xantusiidae,NM,0.991558219621808,2.72882175081183,5.65887080499325,1.83130090369048,0.168257190075815,0.584448876854335,5.46530004403918,0.0,0,1000,no_RedList_match,,False,False,,,
2593,5302,Hemidactylus_klauberi,,Squamata,Gekkonidae,DD,1.01391696748733,2.60867437441405,5.65412038918248,8.11659385029009,0.169983213652976,0.530637131615591,6.22345786327293,0.0,0,1000,direct,Hemidactylus_klauberi,False,False,,,
2272,5304,Indotyphlops_meszoelyi,Darjeeling Worm Snake,Squamata,Typhlopidae,DD,1.14895096226514,2.85919237206843,5.65026548661789,7.02043234255057,0.182301474906387,0.578186386349837,6.01131090440592,0.0,0,1000,direct,Indotyphlops_meszoelyi,False,False,,,
2339,5307,Opisthotropis_balteata,Hainanese Stream Snake,Squamata,Natricidae,DD,1.11746454814266,2.9564688735264,5.64805135673254,7.9990167991045,0.18403234180357,0.652882538216991,6.40308345202393,0.0,0,1000,GBIF_accepted,Trimerodytes_balteatus,False,False,,,
2504,5316,Argyrophis_oatesii,Oates's Blind Snake,Squamata,Typhlopidae,DD,1.05294765423716,2.44913087869081,5.63749288416442,8.29814590122179,0.168126125483349,0.570799770814078,6.03968131064482,0.0,0,1000,direct,Argyrophis_oatesii,False,False,,,
2731,5318,Lepidophyma_lineri,Liner’s Tropical Night Lizard,Squamata,Xantusiidae,DD,0.963960972528806,2.45942021319809,5.63678421065384,1.83098580180227,0.168257190075815,0.585483251120075,5.37937792206519,0.0,0,1000,direct,Lepidophyma_lineri,False,False,,,
2346,5321,Chirindia_mpwapwaensis,,Squamata,Amphisbaenidae,DD,1.11276655874094,2.80780664238071,5.63632715283716,8.38587021200511,0.175382381556231,0.64425970844609,7.11483416752408,0.0,0,1000,direct,Chirindia_mpwapwaensis,False,False,,,
2411,5323,Ramphotyphlops_conradi,Conrad's Worm Snake,Squamata,Typhlopidae,DD,1.08784094247666,2.52072465235985,5.63484779300547,7.94307882280565,0.172138219820499,0.572825476952589,6.19919570851387,0.0,0,1000,direct,Ramphotyphlops_conradi,False,False,,,
2585,5328,Sphenomorphus_bacboensis,,Squamata,Scincidae,DD,1.017457177421,2.57016013643244,5.63199060497993,7.5603381237227,0.161750948135486,0.515884327188457,6.57591484500012,0.0,0,1000,direct,Sphenomorphus_bacboensis,False,False,,,
2526,5329,Cyrtopodion_kiabii,,Squamata,Gekkonidae,NM,1.0457567462353,2.3765686467766,5.63192672572129,7.29424768543988,0.170705244643237,0.530956442188252,6.39407827591264,0.0,0,1000,no_RedList_match,,False,False,,,
2543,5334,Hemidactylus_aporus,Annobon Leaf-toed Gecko,Squamata,Gekkonidae,DD,1.03726633383581,2.44519278613868,5.62723021946632,6.89070096193598,0.169105439780076,0.532033151059714,6.41354078794785,0.0,0,1000,direct,Hemidactylus_aporus,False,False,,,
2765,5338,Trachylepis_pendeana,,Squamata,Scincidae,DD,0.952790949014178,2.21835768012533,5.62541228067284,6.44211563949327,0.166150984117996,0.555103202158446,6.18794549259862,0.0,0,1000,direct,Trachylepis_pendeana,False,False,,,
2436,5341,Xenochrophis_melanzostus,,Squamata,Natricidae,NM,1.08012835237381,2.72034659954175,5.62411985234851,7.41424864774826,0.175827105608337,0.605977715875076,6.53267047303943,0.0,0,1000,no_RedList_match,,False,False,,,
2660,5345,Lepidophyma_tuxtlae,Tuxtla Tropical Night Lizard,Squamata,Xantusiidae,DD,0.990984910243695,2.83267800470962,5.61818208442839,1.7370184012552,0.168409901470264,0.580696672222621,5.47689372610755,0.0,0,1000,direct,Lepidophyma_tuxtlae,False,False,,,
2518,5347,Cyrtodactylus_irianjayaensis,,Squamata,Gekkonidae,DD,1.04837214639453,2.47530232538749,5.61756209797595,7.81659266396743,0.170370119673012,0.528004557594171,6.29298533838938,0.0,0,1000,direct,Cyrtodactylus_irianjayaensis,False,False,,,
2473,5350,Sceloporus_druckercolini,,Squamata,Phrynosomatidae,NM,1.06782067749043,2.60906929982116,5.61303061168689,7.17512376467824,0.173143175765404,0.517469229034548,6.40011399995969,0.0,0,1000,no_RedList_match,,False,False,,,
2742,5352,Argyrophis_bothriorhynchus,Günther’s Blind Snake,Squamata,Typhlopidae,DD,0.960276932847219,2.57170028964582,5.61244695084214,7.41729314720877,0.167201609279599,0.561702193508168,5.88025806367135,0.0,0,1000,direct,Argyrophis_bothriorhynchus,False,False,,,
2141,5353,Laudakia_nuristanica,Leviton's Rock Agama,Squamata,Agamidae,DD,1.20537151420304,3.03185459821363,5.61208378033325,8.35226579564342,0.187662999398214,0.670241203399852,7.20343965442135,0.0,0,1000,direct,Laudakia_nuristanica,False,False,,,
2580,5355,Typhlops_catapontus,Anegada Blindsnake,Squamata,Typhlopidae,DD,1.0190969536379,2.60773384840851,5.60905505644877,2.14962214989848,0.186995995555324,0.579994872085735,5.07726447733462,0.0,0,1000,GBIF_accepted,Antillotyphlops_catapontus,False,False,,,
2732,5356,Hemidactylus_lavadeserticus,,Squamata,Gekkonidae,NM,0.963701830603207,2.44700954973914,5.60897434882592,1.78874030479548,0.168792029852567,0.5306195748506,5.03272262112422,0.0,0,1000,no_RedList_match,,False,False,,,
2427,5357,Diporiphora_margaretae,,Squamata,Agamidae,NM,1.08152168150514,2.58956193616041,5.60890612873688,7.08624809986823,0.185044092885353,0.595040976324928,6.56080199534218,0.0,0,1000,no_RedList_match,,False,False,,,
2447,5358,Malayotyphlops_ruficaudus,Brown Blind Snake,Squamata,Typhlopidae,DD,1.07736176649471,2.6668751859888,5.60703212941884,7.6182874110273,0.183744619005032,0.57844952544909,6.12095873768439,0.0,0,1000,GBIF_accepted,Malayotyphlops_ruficauda,False,False,,,
2457,5359,Cyrtodactylus_fumosus,,Squamata,Gekkonidae,DD,1.07275735400681,2.2843205966218,5.60355708862254,6.4449287626387,0.169905036410241,0.467324057701099,5.76640694815156,0.0,0,1000,direct,Cyrtodactylus_fumosus,False,False,,,
2625,5360,Stenocercus_chlorostictus,,Squamata,Tropiduridae,DD,1.00389814602103,2.39595524664238,5.60243731557078,6.237845541413,0.168804327640178,0.553435684837215,6.01238752894632,0.0,0,1000,direct,Stenocercus_chlorostictus,False,False,,,
2686,5368,Sphenomorphus_annectens,,Squamata,Scincidae,DD,0.982209462056391,2.42542165165121,5.59572730216863,7.54529566854431,0.164924670129156,0.505004085623202,6.68888323339976,0.0,0,1000,direct,Sphenomorphus_annectens,False,False,,,
2288,5374,Opisthotropis_atra,,Squamata,Natricidae,DD,1.14012395204978,2.78440228069401,5.58719784557924,7.14962648403783,0.190099351652933,0.657550701314642,5.74107693436891,0.0,0,1000,direct,Opisthotropis_atra,False,False,,,
2558,5376,Ramphotyphlops_hatmaliyeb,,Squamata,Typhlopidae,NM,1.02845744466466,2.53849188583827,5.583992995483,6.57090872586335,0.17020488043982,0.573363769941104,5.7320013807124,0.0,0,1000,no_RedList_match,,False,False,,,
2434,5379,Ramphotyphlops_supranasalis,Salawati Blindsnake,Squamata,Typhlopidae,DD,1.08028047146283,2.56099225994894,5.58094042330955,6.61947146860467,0.16897905278174,0.573125398422442,5.89401588797752,0.0,0,1000,direct,Ramphotyphlops_supranasalis,False,False,,,
2627,5381,Lipinia_vulcania,Girard's Tree Skink,Squamata,Scincidae,DD,1.00377281499148,2.58928640830777,5.58016853392295,7.48202377319054,0.169956468358019,0.521691147733705,6.32955087571683,0.0,0,1000,direct,Lipinia_vulcania,False,False,,,
2379,5382,Hemidactylus_curlei,Parker’s Gecko,Squamata,Gekkonidae,DD,1.0988095962946,2.42263029185932,5.57800554207198,7.01721036642474,0.168792029852567,0.534621947132296,6.2211298948056,0.0,0,1000,direct,Hemidactylus_curlei,False,False,,,
2484,5383,Anisolepis_undulatus,,Unassigned,Unassigned,DD,1.06164902503449,2.67028061319245,5.57605814386236,6.37378912914953,0.168804327640178,0.569343211910221,6.26559206717031,0.0,0,1000,GBIF_iucn_link,Anisolepis_undulatus,False,False,,,
2512,5389,Argyrophis_fuscus,Brown Worm Snake,Squamata,Typhlopidae,DD,1.05159928111216,2.87900721117365,5.56838826396351,8.02420729982402,0.167201609279599,0.561702193508168,6.21959456318593,0.0,0,1000,direct,Argyrophis_fuscus,False,False,,,
2426,5390,Cyrtodactylus_aaroni,,Squamata,Gekkonidae,DD,1.08178987583037,2.64217866145059,5.56724274705031,8.01018975016256,0.171817627044223,0.505631151319096,6.3255311965272,0.0,0,1000,direct,Cyrtodactylus_aaroni,False,False,,,
2566,5394,Ramphotyphlops_mansuetus,Small-headed Blind Snake,Squamata,Typhlopidae,DD,1.02639732180234,2.63831958756343,5.56377512318352,6.40462576374532,0.168804327640178,0.570345024810685,5.95332682544141,0.0,0,1000,direct,Ramphotyphlops_mansuetus,False,False,,,
2672,5396,Rhadinophanes_monticola,,Squamata,Dipsadidae,DD,0.987654337018151,2.30927573414701,5.56287337029171,6.09098119346639,0.168595465815175,0.467209060596847,5.46461270992879,0.0,0,1000,direct,Rhadinophanes_monticola,False,False,,,
2382,5402,Cyrtodactylus_durio,Durian Bent-toed Gecko,Squamata,Gekkonidae,DD,1.09763856208093,2.31512823771093,5.55396225091438,6.69052686248501,0.172120581648648,0.495609245200052,5.9485646841645,0.0,0,1000,direct,Cyrtodactylus_durio,False,False,,,
2611,5410,Sphenomorphus_celebense,,Squamata,Scincidae,DD,1.00811712257637,2.5504424735206,5.5464995464308,7.5586403288621,0.159788236873952,0.515981964397498,6.38436276813321,0.0,0,1000,GBIF_accepted,Sphenomorphus_celebensis,False,False,,,
2846,5413,Anolis_immaculogularis,,Squamata,Anolidae,NM,0.919429226582277,2.49295191968118,5.54455467219634,2.41187248400041,0.182804400337094,0.570165605283556,5.05886284539249,0.0,0,1000,no_RedList_match,,False,False,,,
2469,5416,Hemidactylus_taylori,,Squamata,Gekkonidae,DD,1.06851451501673,2.33880953689888,5.5423633618261,6.92706280077718,0.168567884148377,0.530850265447035,6.4124417126086,0.0,0,1000,direct,Hemidactylus_taylori,False,False,,,
2847,5423,Liolaemus_neuquensis,,Squamata,Liolaemidae,DD,0.918873144192416,2.10531181258046,5.53774180557711,6.28015713248552,0.181203860843429,0.548216360209142,5.27772474131376,0.0,0,1000,direct,Liolaemus_neuquensis,False,False,,,
2361,5425,Amphisbaena_wiedi,,Squamata,Amphisbaenidae,NM,1.10717310546638,2.72853231825321,5.536530509155,7.12039062297944,0.187162701924456,0.678718781340556,6.28594152887581,0.0,0,1000,no_RedList_match,,False,False,,,
2442,5433,Japalura_micangshanensis,,Squamata,Agamidae,NM,1.07833480610897,2.4869874048919,5.53103841004283,7.29495756274629,0.185440348058406,0.638994381842522,6.27770181050352,0.0,0,1000,no_RedList_match,,False,False,,,
2636,5434,Hemidactylus_endophis,Snake’s Gut Gecko,Squamata,Gekkonidae,DD,1.00178979006234,2.61633318155986,5.53099483215565,7.09387928224548,0.168792029852567,0.534386631619113,6.3639530277819,0.0,0,1000,direct,Hemidactylus_endophis,False,False,,,
2497,5435,Cyrtodactylus_tamaiensis,Tamai bent-toed Gecko,Squamata,Gekkonidae,DD,1.05849601241528,2.39801488038092,5.52894368369108,7.68238398919168,0.168851992379745,0.429136277953167,6.15237315971147,0.0,0,1000,direct,Cyrtodactylus_tamaiensis,False,False,,,
2583,5438,Indotyphlops_violaceus,Violet Worm Snake,Squamata,Typhlopidae,DD,1.01804695800873,2.60342226187119,5.52406694975457,7.30130270788921,0.182554764337875,0.574409253664236,5.82438491353251,0.0,0,1000,direct,Indotyphlops_violaceus,False,False,,,
2567,5440,Lamprolepis_leucosticta,,Squamata,Scincidae,DD,1.02635398560343,2.31433342072966,5.52343709806043,7.78868760639552,0.166983128137592,0.565468811925396,6.9511520476566,0.0,0,1000,direct,Lamprolepis_leucosticta,False,False,,,
2347,5441,Bronchocela_orlovi,Orlov’s Forest Lizard,Squamata,Agamidae,DD,1.11225299679677,2.7044713065083,5.52100514933487,6.87196679383408,0.184513414993001,0.625235051482673,6.55371380452537,0.0,0,1000,direct,Bronchocela_orlovi,False,False,,,
2375,5443,Brachyorrhos_gastrotaenius,Buru Short-tailed Snake,Squamata,Homalopsidae,DD,1.10065889939578,2.45796219382123,5.51911185450067,7.61392462642746,0.173922185920503,0.548843614121569,6.78940736339774,0.0,0,1000,direct,Brachyorrhos_gastrotaenius,False,False,,,
2317,5444,Sceloporus_lemosespinali,,Squamata,Phrynosomatidae,DD,1.12754802278943,2.65221950285032,5.5178750641266,6.51024764311055,0.178784204552274,0.550340141861967,6.49211339503618,0.0,0,1000,direct,Sceloporus_lemosespinali,False,False,,,
2910,5449,Leiosaurus_paronae,,Squamata,Leiosauridae,DD,0.897297709697375,2.43774892809487,5.51453297008266,3.03311891911019,0.168597979077863,0.556365700730515,5.365145044307,0.0,0,1000,direct,Leiosaurus_paronae,False,False,,,
2479,5456,Ramphotyphlops_bipartitus,Southern New Guinea Blindsnake,Squamata,Typhlopidae,DD,1.06343937610943,2.6970054430129,5.50883024291552,6.86897460336133,0.16897905278174,0.573040524180659,5.8274550705067,0.0,0,1000,direct,Ramphotyphlops_bipartitus,False,False,,,
2578,5467,Sphenomorphus_helenae,Notaburi Forest Skink,Squamata,Scincidae,DD,1.02075386007089,2.81449064869202,5.49959752833335,7.22241370271825,0.163592539854557,0.560259097542614,6.5944982175691,0.0,0,1000,direct,Sphenomorphus_helenae,False,False,,,
2289,5470,Sphenomorphus_crassus,,Squamata,Scincidae,DD,1.13958244872836,2.40995063447809,5.49813200877521,7.51065557770972,0.165271072592883,0.5046857804886,6.67077138066046,0.0,0,1000,direct,Sphenomorphus_crassus,False,False,,,
2595,5471,Rena_bressoni,Michoacán Slender Blind Snake,Squamata,Leptotyphlopidae,DD,1.01341993503896,2.70591539016189,5.49697422712389,8.33582654521202,0.180639228092253,0.605644639553402,7.03251536799764,0.0,0,1000,direct,Rena_bressoni,False,False,,,
2464,5473,Tarentola_albertschwartzi,Jamaican Giant Gecko,Squamata,Phyllodactylidae,DD,1.06992996551369,2.69460532181763,5.4953107947623,7.26052136324508,0.190161650210136,0.633338348178958,6.72469713660085,0.0,0,1000,direct,Tarentola_albertschwartzi,False,False,,,
2975,5474,Eirenis_hakkariensis,,Squamata,Colubridae,DD,0.870848679780415,2.14302926090091,5.49525121055543,2.54313308126532,0.167096574834081,0.512535925626245,4.77124615224531,0.0,0,1000,GBIF_iucn_link,Eirenis_hakkariensis,False,False,,,
2538,5476,Lipinia_miangensis,Werner's Lipinia,Squamata,Scincidae,DD,1.03881548886019,2.66348165822624,5.49094526054797,7.56882699614332,0.170483527034493,0.530802655275914,6.15116730459903,0.0,0,1000,direct,Lipinia_miangensis,False,False,,,
2453,5487,Cyrtodactylus_spinosus,,Squamata,Gekkonidae,DD,1.07468399690134,2.60496308879057,5.48144040642799,7.40197452350699,0.169905036410241,0.467010175889259,6.34725650465472,0.0,0,1000,direct,Cyrtodactylus_spinosus,False,False,,,
2668,5491,Sceloporus_becki,,Squamata,Phrynosomatidae,NM,0.988357377994182,2.76849713257855,5.47894478902348,7.37922846222483,0.173503815895601,0.5330501064302,6.58547590232232,0.0,0,1000,no_RedList_match,,False,False,,,
2665,5492,Sphenomorphus_consobrinus,,Squamata,Scincidae,DD,0.989059370244832,2.39889359267098,5.47891416974617,8.41705491260057,0.164924670129156,0.504973893370447,6.86946506380215,0.0,0,1000,direct,Sphenomorphus_consobrinus,False,False,,,
2474,5493,Malayotyphlops_koekkoeki,Koekkoek's Blind Snake,Squamata,Typhlopidae,DD,1.06731744754146,2.60017158282703,5.47878293335933,7.16686521487657,0.183744619005032,0.57844952544909,6.13372434720785,0.0,0,1000,direct,Malayotyphlops_koekkoeki,False,False,,,
2657,5494,Acratosaura_spinosa,Spiny Colobosaura,Squamata,Gymnophthalmidae,DD,0.991995727107026,2.30644102476635,5.47851906182788,5.73096293661192,0.168409901470264,0.520551849504312,5.88189395921831,0.0,0,1000,direct,Acratosaura_spinosa,False,False,,,
2709,5501,Sceloporus_omiltemanus,,Squamata,Phrynosomatidae,NM,0.971474239444555,2.53501470217922,5.47506541224798,6.86384120802471,0.184347989215724,0.582305614258126,6.30608034456252,0.0,0,1000,no_RedList_match,,False,False,,,
2843,5505,Egernia_douglasi,Kimberley Crevice-skink,Squamata,Scincidae,DD,0.920345152887216,2.35047478658685,5.46843020096405,7.24761977059502,0.164774993994404,0.533880646962333,5.99406102779158,0.0,0,1000,direct,Egernia_douglasi,False,False,,,
2714,5515,Sphenomorphus_alfredi,,Squamata,Scincidae,DD,0.970320996733506,2.47870116106234,5.45104319714839,7.93742094222064,0.165039814964201,0.505585306528692,6.84088427039557,0.0,0,1000,direct,Sphenomorphus_alfredi,False,False,,,
2675,5517,Japalura_yunnanensis,,Squamata,Agamidae,NM,0.986410619992557,2.58078627458979,5.44772794815816,7.19974275131395,0.185440348058406,0.635633670790823,6.29137518844581,0.0,0,1000,no_RedList_match,,False,False,,,
2524,5518,Stenocercus_tricristatus,,Squamata,Tropiduridae,DD,1.04615245254291,2.37561239291898,5.4467901780746,6.01228214560872,0.174022630227271,0.558211056736256,5.74087920355499,0.0,0,1000,direct,Stenocercus_tricristatus,False,False,,,
2324,5523,Amerotyphlops_lehneri,Estado Falcón Worm Snake,Squamata,Typhlopidae,DD,1.1239548175308,2.82425676378745,5.44017309228807,7.62283356942625,0.182554764337875,0.589296620232238,6.50186946399909,0.0,0,1000,direct,Amerotyphlops_lehneri,False,False,,,
2547,5526,Cyrtodactylus_aequalis,,Squamata,Gekkonidae,DD,1.03555997300479,2.38437903836174,5.43919640618681,6.49104743111023,0.169905036410241,0.472517623703409,5.94595325574285,0.0,0,1000,direct,Cyrtodactylus_aequalis,False,False,,,
2587,5535,Leptotyphlops_howelli,Howell’s Worm Snake,Squamata,Leptotyphlopidae,DD,1.01582020887888,2.93296196093049,5.43433712742174,7.75783145521525,0.183744619005032,0.615118597656152,7.15202541358381,0.0,0,1000,direct,Leptotyphlops_howelli,False,False,,,
2772,5537,Cyrtopodion_hormozganum,,Squamata,Gekkonidae,NM,0.949365281647845,2.40222840538462,5.43421658490834,7.18015368975919,0.17134493046283,0.530257192381733,6.27261098609655,0.0,0,1000,no_RedList_match,,False,False,,,
2638,5538,Xenochrophis_bellula,Burmese Keelback Water Snake,Squamata,Natricidae,DD,0.998428014853071,2.55860960822839,5.4295092895249,6.79960361206892,0.175827105608337,0.61008451804336,6.44383632714804,0.0,0,1000,GBIF_accepted,Xenochrophis_bellulus,False,False,,,
2606,5544,Ramphotyphlops_willeyi,Loyalty Islands Blind Snake,Squamata,Typhlopidae,DD,1.0092447146298,2.54781402582527,5.41757394509262,6.95210872618472,0.168804327640178,0.570345024810685,5.85509872403541,0.0,0,1000,direct,Ramphotyphlops_willeyi,False,False,,,
2610,5547,Sceloporus_bimaculosus,,Squamata,Phrynosomatidae,NM,1.0083994674156,2.63123775152961,5.4153479941613,6.69567405884049,0.184513414993001,0.57875983877144,6.21340427450735,0.0,0,1000,no_RedList_match,,False,False,,,
2126,5553,Amphisbaena_crisae,,Squamata,Amphisbaenidae,DD,1.21468827236944,2.9869897450548,5.40777530473754,7.47017544338825,0.19191815927489,0.68271516977078,6.41111659611114,0.0,0,1000,direct,Amphisbaena_crisae,False,False,,,
2531,5556,Opisthotropis_durandi,,Squamata,Natricidae,NM,1.0439709507257,2.64325999679334,5.40308748872807,7.57888690367597,0.18403234180357,0.652882538216991,5.80554062487149,0.0,0,1000,no_RedList_match,,False,False,,,
2894,5560,Synophis_lasallei,Lasalle's Fishing Snake,Squamata,Dipsadidae,DD,0.902719172371839,2.19363085468145,5.39849280053077,3.5425159794643,0.164276558945935,0.496961710038381,3.72613599328504,0.0,0,1000,direct,Synophis_lasallei,False,False,,,
2546,5561,Indotyphlops_ozakiae,Molly Ozaki's Blind Snake,Squamata,Typhlopidae,DD,1.03604866899265,2.60321862739234,5.39812920203442,7.32150228130664,0.182301474906387,0.579414648471246,5.65487062173873,0.0,0,1000,GBIF_accepted,Ramphotyphlops_mollyozakiae,False,False,,,
2726,5564,Kinyongia_gyrolepis,Circular-scaled Chameleon,Squamata,Chamaeleonidae,DD,0.966725406304495,2.78851538435876,5.39716692100773,2.07645807722056,0.179281478799195,0.637585961983334,5.2101298734386,0.0,0,1000,direct,Kinyongia_gyrolepis,False,False,,,
2545,5566,Scincella_forbesora,,Squamata,Scincidae,NM,1.03640299566929,2.63836615710315,5.39649797146825,8.17865958172168,0.169130125749575,0.543999632767738,6.70206564928283,0.0,0,1000,no_RedList_match,,False,False,,,
3039,5571,Arrhyton_supernum,Oriente Black Groundsnake,Squamata,Dipsadidae,DD,0.849272070299712,2.3596925645449,5.38789045834999,2.85073572493615,0.175827105608337,0.57866166533048,4.86541679964826,0.0,0,1000,direct,Arrhyton_supernum,False,False,,,
2572,5577,Sphenomorphus_sibuensis,Sibu Island Forest Skink,Squamata,Scincidae,DD,1.02452874392527,2.38753092358794,5.38454235611847,6.92209721291565,0.161023668593255,0.525641971450804,6.2233489622562,0.0,0,1000,GBIF_accepted,Tytthoscincus_sibuensis,False,False,,,
2788,5578,Cnemidophorus_duellmani,,Squamata,Teiidae,NM,0.943463756659955,2.2213193680552,5.38313637686628,6.89854716925848,0.166358832682754,0.502557804978092,6.30385472953905,0.0,0,1000,no_RedList_match,,False,False,,,
2487,5586,Indotyphlops_loveridgei,Loveridge's Worm Snake,Squamata,Typhlopidae,DD,1.06078918469874,2.51006270746472,5.37545538522295,7.53459898152829,0.182301474906387,0.579994872085735,5.22288284268092,0.0,0,1000,direct,Indotyphlops_loveridgei,False,False,,,
2403,5594,Malayotyphlops_kraalii,Kei Island Worm Snake,Squamata,Typhlopidae,DD,1.0899100083879,2.79038056201295,5.3706102970395,7.671500005778,0.183433230574427,0.574672392763489,6.51272186777174,0.0,0,1000,direct,Malayotyphlops_kraalii,False,False,,,
2674,5595,Cyrtodactylus_batik,Batik Bent-toed Gecko,Squamata,Gekkonidae,DD,0.986489117219662,2.3862614492071,5.36871917480934,6.26391542601673,0.16970205025574,0.437467667285254,5.94879811423426,0.0,0,1000,direct,Cyrtodactylus_batik,False,False,,,
2321,5596,Japalura_sagittifera,Burmese Japalure,Squamata,Agamidae,DD,1.12660044873575,2.52606256870013,5.36843370958485,6.96915379639742,0.185440348058406,0.635477961387108,6.1604361078908,0.0,0,1000,direct,Japalura_sagittifera,False,False,,,
2650,5597,Ramphotyphlops_similis,Manukwari Blind Snake,Squamata,Typhlopidae,DD,0.994393432723723,2.56304150584935,5.36791410572047,6.82584702568021,0.177631916742631,0.573798336440478,5.88639708528735,0.0,0,1000,direct,Ramphotyphlops_similis,False,False,,,
2648,5599,Cyrtopodion_golubevi,,Squamata,Gekkonidae,NM,0.994563816832976,2.40239762224399,5.36685921268337,6.85477211956759,0.17134493046283,0.530766505572568,6.14495209358458,0.0,0,1000,no_RedList_match,,False,False,,,
2551,5604,Ramphotyphlops_angusticeps,Arboreal Blind Snake,Squamata,Typhlopidae,DD,1.03267585130744,2.47123729793857,5.36416874067953,6.96484071951528,0.168804327640178,0.573125398422442,5.77419242867324,0.0,0,1000,direct,Ramphotyphlops_angusticeps,False,False,,,
2671,5605,Crotalus_ericsmithi,,Squamata,Viperidae,NM,0.987745084541588,2.46627179164623,5.3641038704987,2.24049374457837,0.179232183393382,0.553914893752333,4.5829554327751,0.0,0,1000,no_RedList_match,,False,False,,,
2383,5612,Indotyphlops_khoratensis,,Squamata,Typhlopidae,NM,1.09730874704243,2.54146378916142,5.35028102058291,7.59667107457995,0.182989376203208,0.578186386349837,5.49603270013957,0.0,0,1000,no_RedList_match,,False,False,,,
2835,5614,Chalcides_levitoni,,Squamata,Scincidae,DD,0.925215237775237,2.23420192826594,5.34852559413512,5.97899536863127,0.170370119673012,0.4563385139114,6.0218060468936,0.0,0,1000,direct,Chalcides_levitoni,False,False,,,
2428,5618,Leptotyphlops_pungwensis,,Squamata,Leptotyphlopidae,DD,1.08150895184618,2.83963248566845,5.34398259566617,7.76181591970756,0.183744619005032,0.615002051260435,6.87628298404681,0.0,0,1000,direct,Leptotyphlops_pungwensis,False,False,,,
2713,5620,Indotyphlops_tenebrarum,,Squamata,Typhlopidae,DD,0.970491212452667,2.56829647212485,5.34104964904675,7.24576624843001,0.182554764337875,0.574672392763489,5.56260326956322,0.0,0,1000,direct,Indotyphlops_tenebrarum,False,False,,,
2850,5621,Echis_jogeri,Joger's Saw-scaled Viper,Squamata,Viperidae,DD,0.917551388568682,2.42454294478427,5.33856194022861,2.25751078738713,0.176671916695783,0.571767073436479,4.83184288751187,0.0,0,1000,direct,Echis_jogeri,False,False,,,
2564,5625,Stenocercus_bolivarensis,Bolivar Whorltail Iguana,Squamata,Tropiduridae,DD,1.02661810663253,2.41102102873845,5.33732829597132,6.29085213668016,0.168804327640178,0.553435684837215,5.93025792359495,0.0,0,1000,direct,Stenocercus_bolivarensis,False,False,,,
2738,5628,Crotalus_lannomi,,Squamata,Viperidae,DD,0.961100489613107,2.43131042170037,5.33277225066803,2.52663764355888,0.179232183393382,0.554587749592959,4.5391643079901,0.0,0,1000,direct,Crotalus_lannomi,False,False,,,
2653,5630,Ramphotyphlops_marxi,Marx's Worm Snake,Squamata,Typhlopidae,DD,0.993240832165489,2.51714933052177,5.32956350148759,6.73742728716986,0.17020488043982,0.573040524180659,5.554597914809,0.0,0,1000,direct,Ramphotyphlops_marxi,False,False,,,
2550,5634,Argyrophis_giadinhensis,Gia Dinh Blind Snake,Squamata,Typhlopidae,DD,1.03308749857388,2.4240846355261,5.32842062308774,7.87140436202608,0.167201609279599,0.561702193508168,5.96937364638726,0.0,0,1000,direct,Argyrophis_giadinhensis,False,False,,,
2711,5652,Cyrtodactylus_consobrinoides,,Squamata,Gekkonidae,DD,0.970700293787099,2.29022366882901,5.30245736637139,7.27363338418956,0.169983213652976,0.482099506425928,6.20391324613588,0.0,0,1000,direct,Cyrtodactylus_consobrinoides,False,False,,,
2792,5666,Argyrophis_siamensis,Thailand Worm Snake,Squamata,Typhlopidae,DD,0.942768831497899,2.50361898064547,5.27866959833134,7.29912606434992,0.168383038110173,0.570532371841943,5.76535450376456,0.0,0,1000,direct,Argyrophis_siamensis,False,False,,,
2645,5675,Stenocercus_nubicola,Cloud Whorltail Iguana,Squamata,Tropiduridae,DD,0.996218635886039,2.4378281519308,5.27038048871484,6.68651080673111,0.168804327640178,0.556484893320616,6.0023657071146,0.0,0,1000,direct,Stenocercus_nubicola,False,False,,,
2603,5677,Sphenomorphus_cophias,,Squamata,Scincidae,DD,1.00995612224855,2.49085416110722,5.2696096753311,6.88675910972443,0.163592539854557,0.515793121839275,6.19958287099462,0.0,0,1000,GBIF_iucn_link,Sphenomorphus_cophias,False,False,,,
2852,5682,Tribolonotus_annectens,New Britain Spiny Skink,Squamata,Scincidae,DD,0.916660686063912,2.56914476313009,5.26498654408273,6.77294685914019,0.165866791988052,0.564653929815174,6.85137120970134,0.0,0,1000,direct,Tribolonotus_annectens,False,False,,,
2534,5683,Cyrtodactylus_murua,,Squamata,Gekkonidae,DD,1.04231936482107,2.69481978967672,5.26324769146176,7.17455035617975,0.171817627044223,0.496123341511757,6.3112198833824,0.0,0,1000,direct,Cyrtodactylus_murua,False,False,,,
2737,5694,Sphenomorphus_malayanum,Malayan Forest Skink,Squamata,Scincidae,DD,0.961147953962049,2.38072058895735,5.25119554775175,7.25562953093139,0.161991523563191,0.548969668495334,5.95465672933251,0.0,0,1000,GBIF_accepted,Sphenomorphus_malayanus,False,False,,,
2456,5703,Pseudoboodon_sandfordorum,Sandford’s Ethiopian Snake,Squamata,Lamprophiidae,DD,1.07319197642463,2.55373559873948,5.245106480053,7.48818019851592,0.179293662991265,0.551933201339484,6.89042894205469,0.0,0,1000,direct,Pseudoboodon_sandfordorum,False,False,,,
2741,5707,Sphenomorphus_zimmeri,,Squamata,Scincidae,DD,0.960278215586168,2.47346781866904,5.24244254494551,7.49862824072625,0.16474408516873,0.508676204837503,6.24639858541862,0.0,0,1000,direct,Sphenomorphus_zimmeri,False,False,,,
2907,5716,Cerrophidion_wilsoni,,Squamata,Viperidae,NM,0.898000423449399,2.07311938821661,5.23191016391574,3.15683024053228,0.178163851179345,0.553019783469838,5.10327646158631,0.0,0,1000,no_RedList_match,,False,False,,,
2565,5724,Sphenomorphus_murudensis,,Squamata,Scincidae,DD,1.02653206786028,2.27835723790779,5.22513285304903,7.35140165092907,0.163122135058879,0.509134074711426,6.37840607916238,0.0,0,1000,direct,Sphenomorphus_murudensis,False,False,,,
2707,5726,Sceloporus_aurantius,,Squamata,Phrynosomatidae,NM,0.9723380774222,2.26076383326942,5.22010712885325,6.87098970694091,0.173503815895601,0.517469229034548,6.40603678467173,0.0,0,1000,no_RedList_match,,False,False,,,
2702,5728,Sceloporus_edbelli,,Squamata,Phrynosomatidae,NM,0.974484218502587,2.59138276269092,5.2155582608657,6.76145568067063,0.184513414993001,0.58202024014823,6.21603412794625,0.0,0,1000,no_RedList_match,,False,False,,,
2617,5736,Agama_bocourti,,Squamata,Agamidae,NM,1.00745889004584,2.59924505414114,5.20479143137999,6.26203916665918,0.19132841556711,0.712805506687514,6.34408565983847,0.0,0,1000,no_RedList_match,,False,False,,,
2557,5740,Opisthotropis_cucae,Cuc's Mountain Snake,Squamata,Natricidae,DD,1.02888079347784,2.90709404957145,5.20332752017271,6.5233850667667,0.190780908650772,0.658382748395776,5.64683059790055,0.0,0,1000,direct,Opisthotropis_cucae,False,False,,,
2452,5748,Rhabdophis_callichroma,Black-barred Keelback,Squamata,Natricidae,DD,1.07495014464989,2.49291560482944,5.19246619553656,7.26812376287835,0.17672088535038,0.62280085564547,6.26259854715482,0.0,0,1000,direct,Rhabdophis_callichroma,False,False,,,
2597,5751,Malayotyphlops_collaris,Light-collared Blind Snake,Squamata,Typhlopidae,DD,1.01288686404118,2.73245523791256,5.18943749074778,7.69908673378713,0.183433230574427,0.574989477278725,6.12554422023355,0.0,0,1000,direct,Malayotyphlops_collaris,False,False,,,
2573,5752,Indotyphlops_ahsanai,,Squamata,Typhlopidae,DD,1.02428938848278,2.62628167698027,5.18930124738168,6.84570669820071,0.182554764337875,0.578766609964326,5.35987919415169,0.0,0,1000,direct,Indotyphlops_ahsanai,False,False,,,
2628,5755,Plestiodon_colimensis,Colima Skink,Squamata,Scincidae,DD,1.0036498382204,2.16079486876143,5.18296744451359,6.01250212283602,0.170370119673012,0.449433410943846,5.64626386840869,0.0,0,1000,direct,Plestiodon_colimensis,False,False,,,
2602,5760,Plestiodon_multilineatus,Chihuahuan Skink,Squamata,Scincidae,DD,1.00996408570055,2.58365844712606,5.18037966531735,6.30855483547527,0.171817627044223,0.449279703551057,6.29068001950298,0.0,0,1000,direct,Plestiodon_multilineatus,False,False,,,
2575,5761,Sphenomorphus_cinereus,,Squamata,Scincidae,DD,1.022346727862,2.56872261388807,5.17897058471601,7.9042865474972,0.163592539854557,0.515793121839275,6.75539403642975,0.0,0,1000,direct,Sphenomorphus_cinereus,False,False,,,
2651,5763,Madatyphlops_rajeryi,,Squamata,Typhlopidae,DD,0.994215827707045,2.17272650402432,5.17550118428718,4.31446635421503,0.168126125483349,0.569330624655949,3.9848058695882,0.0,0,1000,direct,Madatyphlops_rajeryi,False,False,,,
2544,5768,Argyrophis_roxaneae,Roxane's Blind Snake,Squamata,Typhlopidae,DD,1.03665164632635,2.59452994607943,5.17009005063169,7.13863666639666,0.168126125483349,0.569330624655949,5.802024280478,0.0,0,1000,direct,Argyrophis_roxaneae,False,False,,,
2849,5771,Aspidoscelis_opatae,,Squamata,Teiidae,DD,0.918025847385319,2.28995312465964,5.16628138566284,6.82094745177577,0.166193890040608,0.486060851881821,6.48459431892215,0.0,0,1000,direct,Aspidoscelis_opatae,False,False,,,
2654,5777,Sphenomorphus_mimikanum,,Squamata,Scincidae,DD,0.992754845648548,2.43725530567542,5.1546965610023,6.79757933114298,0.165119309343948,0.508357899702902,6.08530125760362,0.0,0,1000,GBIF_accepted,Sphenomorphus_mimikanus,False,False,,,
2705,5778,Cyrtodactylus_stresemanni,Stresemann’s Bent-toed Gecko,Squamata,Gekkonidae,DD,0.972777057581544,2.35105737612336,5.15450774744754,6.74488228495584,0.170370119673012,0.488093020664074,5.891241201741,0.0,0,1000,direct,Cyrtodactylus_stresemanni,False,False,,,
2895,5792,Homalopsis_mereljcoxi,,Squamata,Homalopsidae,NM,0.902296066626942,2.18076596275002,5.14252439795234,5.36911850455907,0.172141007761791,0.497356637094939,5.19347652480586,0.0,0,1000,no_RedList_match,,False,False,,,
2721,5795,Leiopython_montanus,Wau White-lipped Python,Squamata,Pythonidae,DD,0.96885471766981,2.40378663667191,5.1421184678776,5.83103263505669,0.169743438536495,0.58105212272301,5.92209327167601,0.0,0,1000,direct,Leiopython_montanus,False,False,,,
2804,5803,Stenocercus_ivitus,Ivy Whorltail Iguana,Squamata,Tropiduridae,DD,0.937147442107887,2.33419556650171,5.13416440632443,5.79725171411996,0.171290342518457,0.571736068829472,5.58420677091775,0.0,0,1000,direct,Stenocercus_ivitus,False,False,,,
2599,5805,Plesiodipsas_perijanensis,Alemán's Snail-eater,Squamata,Dipsadidae,DD,1.01191788716916,2.61758019725658,5.13327852830602,6.41412993041644,0.181703501084761,0.596204031019047,5.81312183692716,0.0,0,1000,direct,Plesiodipsas_perijanensis,False,False,,,
2845,5806,Anolis_inderenae,,Squamata,Anolidae,DD,0.920061440045334,2.63101340821484,5.13163442869952,1.85287715480102,0.19257226440059,0.621792340670544,3.578289350926,0.0,0,1000,direct,Anolis_inderenae,False,False,,,
2990,5808,Lygodactylus_conradti,Matschie's Dwarf Gecko,Squamata,Gekkonidae,DD,0.867706512613566,2.3874096607464,5.12880605109829,2.99126911121926,0.166129191377453,0.511591038480328,2.01642839596474,0.0,0,1000,direct,Lygodactylus_conradti,False,False,,,
2739,5811,Madatyphlops_andasibensis,Andasibe Blind Snake,Squamata,Typhlopidae,DD,0.960825744623776,2.2954923017855,5.1261640107427,4.49105912865548,0.168533520451549,0.569063225683814,3.9583032234676,0.0,0,1000,direct,Madatyphlops_andasibensis,False,False,,,
2413,5814,Amphisbaena_spurelli,,Squamata,Amphisbaenidae,DD,1.08713497762046,2.86640693941077,5.12238366214034,7.93596721157029,0.192957351509259,0.68860397691592,6.05018020950817,0.0,0,1000,GBIF_iucn_link,Amphisbaena_spurelli,False,False,,,
2839,5816,Stenocercus_nigromaculatus,Black-spotted Whorltail Iguana,Squamata,Tropiduridae,DD,0.920932008369143,2.50272936944262,5.1177608615726,6.04983139209832,0.171290342518457,0.569966868317704,5.75249466903912,0.0,0,1000,direct,Stenocercus_nigromaculatus,False,False,,,
2952,5821,Lygosoma_boehmei,,Squamata,Scincidae,DD,0.879059800312754,2.25163895478961,5.11422658400014,6.06987217609346,0.166343016175021,0.569897808970514,5.63996584288631,0.0,0,1000,direct,Lygosoma_boehmei,False,False,,,
2934,5837,Lerista_bunglebungle,Bunglebungle Robust Slider,Squamata,Scincidae,DD,0.886404364678558,2.32470075809379,5.09614423754237,6.9653823452067,0.169130125749575,0.521521457033837,5.78614339182217,0.0,0,1000,direct,Lerista_bunglebungle,False,False,,,
2927,5845,Homalopsis_semizonata,,Squamata,Homalopsidae,NM,0.888187744987446,1.92868359014279,5.0824647415594,5.63265400355548,0.169948846363448,0.497356637094939,5.19432361121212,0.0,0,1000,no_RedList_match,,False,False,,,
2767,5847,Trachylepis_maculata,Spotted Mabuya,Squamata,Scincidae,DD,0.952302658461045,2.15512591557966,5.08201018928589,7.13916423866655,0.166574720106958,0.554511490989099,6.05885573267168,0.0,0,1000,direct,Trachylepis_maculata,False,False,,,
2885,5849,Scincella_macrotis,Large eared Ground Skink,Squamata,Scincidae,DD,0.904502878765725,2.60286554552531,5.07931591573888,8.46470056582792,0.168519106694507,0.568901912052461,6.35287510535143,0.0,0,1000,direct,Scincella_macrotis,False,False,,,
2662,5854,Opisthotropis_boonsongi,Boomsong’s Stream Snake,Squamata,Natricidae,DD,0.990352978429964,2.63111903111839,5.07271747515656,6.66584227352171,0.189474846542019,0.657649681568439,5.57685369668985,0.0,0,1000,GBIF_accepted,Isanophis_boonsongi,False,False,,,
2744,5855,Rhabdophis_angeli,Angel's Keelback,Squamata,Natricidae,DD,0.959753134758141,2.5344869449989,5.07208276528417,6.91020421007173,0.17772849736262,0.610609888002834,5.90365516587747,0.0,0,1000,direct,Rhabdophis_angeli,False,False,,,
2699,5857,Lipinia_cheesmanae,Cheesman's Lipinia,Squamata,Scincidae,DD,0.975783205771192,2.58877755378226,5.06947148744977,7.1515091009873,0.170483527034493,0.530894546221259,5.87038795266547,0.0,0,1000,direct,Lipinia_cheesmanae,False,False,,,
2561,5858,Sphaerodactylus_leonardovaldesi,,Squamata,Sphaerodactylidae,NM,1.02752464711089,2.70663995941836,5.06850216205918,2.34320650178768,0.187498022033898,0.61264241769368,4.28015304493,0.0,0,1000,no_RedList_match,,False,False,,,
2712,5892,Lipinia_occidentalis,,Squamata,Scincidae,DD,0.970590471225407,2.39081713045823,5.0301411378723,7.19724751594183,0.171817627044223,0.530802655275914,5.81672667393126,0.0,0,1000,direct,Lipinia_occidentalis,False,False,,,
2789,5894,Lycophidion_semiannule,Eastern Wolf Snake,Squamata,Lamprophiidae,DD,0.943421424678755,2.4186877859002,5.02639992336662,6.91845923016988,0.174705122815102,0.524043843952735,6.32175043380303,0.0,0,1000,direct,Lycophidion_semiannule,False,False,,,
2966,5896,Sphenomorphus_mimicus,Dwarf Forest Skink,Squamata,Scincidae,DD,0.875723398304267,2.03536860963931,5.02603407924846,7.23597414084124,0.163592539854557,0.515793121839275,5.84701197756806,0.0,0,1000,direct,Sphenomorphus_mimicus,False,False,,,
2689,5897,Rhabdophis_chrysargoides,Javanese Keelback,Squamata,Natricidae,DD,0.980095430514463,2.67902824307421,5.0256292842046,6.63721661819968,0.17672088535038,0.614445121120539,5.83939856903067,0.0,0,1000,direct,Rhabdophis_chrysargoides,False,False,,,
2906,5898,Trachylepis_ferrarai,Ferrara's Mabuya,Squamata,Scincidae,DD,0.898123747756173,2.05620981016175,5.02558024225715,6.35344124385652,0.166574720106958,0.557905750386925,5.85687986269618,0.0,0,1000,direct,Trachylepis_ferrarai,False,False,,,
2598,5904,Sphaerodactylus_guanajae,,Squamata,Sphaerodactylidae,NM,1.01268155593054,2.64765580219235,5.01996999264906,2.30359251510647,0.187498022033898,0.611572183390236,4.0229367049544,0.0,0,1000,no_RedList_match,,False,False,,,
2734,5909,Causus_rasmusseni,Rasmussen’s Night Adder,Squamata,Viperidae,DD,0.961773789091439,2.31370279329724,5.01733594646598,6.83679356772716,0.174178860999593,0.556048415452533,6.84567911557848,0.0,0,1000,direct,Causus_rasmusseni,False,False,,,
2937,5913,Trachylepis_betsileana,Betsileo Mabuya,Squamata,Scincidae,DD,0.885160400449558,2.03377160078865,5.01114956303113,6.56980671123502,0.166574720106958,0.557905750386925,5.88130269743007,0.0,0,1000,direct,Trachylepis_betsileana,False,False,,,
2948,5921,Brachyorrhos_raffrayi,Ternate Short-tailed Snake,Squamata,Homalopsidae,DD,0.881325003014241,2.26593350041107,5.00706389626865,3.83234268203921,0.172141007761791,0.5378699122866,4.11127789615106,0.0,0,1000,direct,Brachyorrhos_raffrayi,False,False,,,
2574,5924,Sceloporus_shannonorum,Shannon's Spiny Lizard,Squamata,Phrynosomatidae,DD,1.0226678520911,2.67036542022672,5.00288524936587,6.30509729564037,0.184476500337859,0.587534764080764,6.3081585990937,0.0,0,1000,direct,Sceloporus_shannonorum,False,False,,,
2904,5929,Argyrogena_fasciolata,,Unassigned,Unassigned,NM,0.898616974784477,2.27605889740068,4.9961706569296,5.57099841405663,0.166762954451852,0.527474430819069,3.67296044548793,0.0,0,1000,no_RedList_match,,False,False,,,
2706,5930,Sceloporus_uniformis,,Squamata,Phrynosomatidae,NM,0.972580384029207,2.53484744421806,4.99564002139472,6.3233929164072,0.182495744503181,0.559265441060455,6.06278692270553,0.0,0,1000,no_RedList_match,,False,False,,,
2762,5932,Ctenotus_vagus,Uneven-striped Ctenotus,Squamata,Scincidae,DD,0.953230471986003,2.01467498535391,4.99442059240183,5.69111283925072,0.166791293021966,0.509825787618741,5.5893941008686,0.0,0,1000,direct,Ctenotus_vagus,False,False,,,
3059,5933,Plestiodon_nietoi,,Squamata,Scincidae,NM,0.844126686834745,2.07414030874275,4.99402069292605,6.25551455139865,0.171178290326662,0.449706661077537,5.47011683589779,0.0,0,1000,no_RedList_match,,False,False,,,
2688,5937,Tropidonophis_dolasii,,Squamata,Natricidae,DD,0.980177757992428,2.58042220495882,4.99194148604049,6.916049162618,0.182221820014356,0.634232381539341,6.29490910010389,0.0,0,1000,direct,Tropidonophis_dolasii,False,False,,,
2916,5938,Cerberus_schneiderii,,Squamata,Homalopsidae,NM,0.893803371136643,1.9220551079244,4.9915660067126,5.59036110741405,0.172141007761791,0.515935987931402,5.14661027235827,0.0,0,1000,no_RedList_match,,False,False,,,
2842,5943,Plestiodon_popei,Pope's Skink,Squamata,Scincidae,DD,0.9204072704126,2.29211487266381,4.98777397624753,6.66528560571638,0.170370119673012,0.449433410943846,5.84203078175748,0.0,0,1000,direct,Plestiodon_popei,False,False,,,
3003,5952,Simoselaps_warro,Warrego Burrowing Snake,Squamata,Elapidae,DD,0.865451956512179,2.1272864395375,4.97855565097656,6.60350777095993,0.17041261974261,0.478234035511947,6.07311864790531,0.0,0,1000,GBIF_accepted,Antaioserpens_warro,False,False,,,
2976,5954,Anotosaura_collaris,Collared Anotosaura,Squamata,Gymnophthalmidae,DD,0.870803192525536,2.34908726725475,4.97848820270756,2.61910508584534,0.166820222881355,0.556696779132528,5.0330916316407,0.0,0,1000,direct,Anotosaura_collaris,False,False,,,
2994,5969,Xantusia_jaycolei,,Squamata,Xantusiidae,NM,0.866736804074774,2.04811976835845,4.96615181828329,2.77097910862056,0.16815615794634,0.580624519628745,4.763174746,0.0,0,1000,no_RedList_match,,False,False,,,
2979,5977,Hemiphyllodactylus_larutensis,Larut Dwarf Gecko,Squamata,Gekkonidae,DD,0.869800753697811,2.19846156800005,4.95651961154734,2.31309345479179,0.169896702062609,0.527834338671525,4.3181734066973,0.0,0,1000,direct,Hemiphyllodactylus_larutensis,False,False,,,
2673,5980,Argyrophis_koshunensis,Koshun Worm Snake,Squamata,Typhlopidae,DD,0.986990724541626,2.36775398729986,4.95258406220314,7.41390097887498,0.168383038110173,0.570532371841943,5.42285362462757,0.0,0,1000,direct,Argyrophis_koshunensis,False,False,,,
2868,5989,Brachyorrhos_wallacei,Halmahera Short-tailed Snake,Squamata,Homalopsidae,DD,0.909241213460528,1.99411574321833,4.94301822266199,3.99409413260472,0.173922185920503,0.548843614121569,4.09153619535388,0.0,0,1000,direct,Brachyorrhos_wallacei,False,False,,,
2677,5990,Lycophidion_hellmichi,Hellmich's Wolf Snake,Squamata,Lamprophiidae,DD,0.986167960703946,2.43755975721101,4.94297753874111,6.89069029068692,0.175709862409522,0.536829813839565,6.28776081546511,0.0,0,1000,direct,Lycophidion_hellmichi,False,False,,,
2811,5995,Plestiodon_liui,,Squamata,Scincidae,DD,0.934489500891564,2.27228962434283,4.93949742864484,6.23781632809278,0.169983213652976,0.448160469470729,5.7742872471068,0.0,0,1000,direct,Plestiodon_liui,False,False,,,
2920,5997,Homalopsis_hardwickii,Hardwick’s Water Snake,Squamata,Homalopsidae,DD,0.892325579418236,1.90230878419471,4.93744287160552,5.31535460606268,0.169948846363448,0.497618374566782,5.00218076484823,0.0,0,1000,direct,Homalopsis_hardwickii,False,False,,,
2926,6005,Lygosoma_isodactylum,Siamese Writhing Skink,Squamata,Scincidae,DD,0.890066653068113,2.17444095409032,4.93187483963527,6.15734915455287,0.166343016175021,0.580584937438995,5.60635040628583,0.0,0,1000,direct,Lygosoma_isodactylum,False,False,,,
2935,6006,Lygosoma_bampfyldei,Bampfylde’s Supple Skink,Squamata,Scincidae,DD,0.886312635803543,2.14576955402821,4.92924357285536,6.2924055720702,0.166343016175021,0.580716972891646,5.46292248405793,0.0,0,1000,direct,Lygosoma_bampfyldei,False,False,,,
2471,6011,Trioceros_schoutedeni,Schoutenden's Montane Dwarf Chameleon,Squamata,Chamaeleonidae,DD,1.06801776233833,2.74860980307825,4.92245970661718,5.98136649812045,0.184476500337859,0.650272091716789,6.24783496193423,0.0,0,1000,direct,Trioceros_schoutedeni,False,False,,,
2886,6031,Lycophidion_pembanum,,Squamata,Lamprophiidae,DD,0.904478632773329,2.32378727167861,4.90457765283615,6.76605709752262,0.176388197899809,0.543798232479265,6.25018401811683,0.0,0,1000,direct,Lycophidion_pembanum,False,False,,,
3160,6037,Cyrtodactylus_payacola,,Squamata,Gekkonidae,DD,0.809672160822548,1.89095860045541,4.89822538873678,2.2731480817938,0.169869956767653,0.43764549164976,3.745544620944,0.0,0,1000,direct,Cyrtodactylus_payacola,False,False,,,
2402,6045,Agama_lucyae,,Squamata,Agamidae,DD,1.09011146891038,2.55994041689199,4.89336123950912,6.13485174222559,0.190405080920532,0.714111724129369,6.27723517602962,0.0,0,1000,direct,Agama_lucyae,False,False,,,
2719,6049,Cyrtopodion_persepolense,,Squamata,Gekkonidae,NM,0.969192567384915,2.09000380690745,4.88991708920431,6.9815236003995,0.172120934186079,0.530852598319159,5.61649123985376,0.0,0,1000,no_RedList_match,,False,False,,,
2989,6053,Darevskia_steineri,,Squamata,Lacertidae,DD,0.867917763130831,2.46499885271564,4.88695774190137,2.07363812425572,0.166767240713388,0.561713289420665,4.1175812182595,0.0,0,1000,direct,Darevskia_steineri,False,False,,,
2630,6058,Coluber_bholanathi,Sharma's Racer,Squamata,Colubridae,DD,1.00336929610927,2.25680010670484,4.88085353036265,6.12626144534172,0.166341651089203,0.50339193430277,5.51178897956721,0.0,0,1000,GBIF_accepted,Platyceps_bholanathi,False,False,,,
2882,6061,Denisonia_maculata,Ornamental Snake,Squamata,Elapidae,DD,0.905729406580677,2.2051690219826,4.87533651206852,6.5031961387794,0.17041261974261,0.478234035511947,5.54800428859153,0.0,0,1000,direct,Denisonia_maculata,False,False,,,
2968,6070,Argyrogena_vittacaudata,,Unassigned,Unassigned,DD,0.874983585328452,2.15209611915817,4.86539745867459,5.71114046077059,0.166762954451852,0.527301077367044,3.67296044548793,0.0,0,1000,GBIF_iucn_link,Argyrogena_vittacaudata,False,False,,,
2856,6085,Ithycyphus_blanci,,Squamata,Pseudoxyrhophiidae,DD,0.91318394995351,2.1362904883885,4.84070995911696,6.7319472825716,0.178347210591111,0.537836461809924,6.01968627743908,0.0,0,1000,direct,Ithycyphus_blanci,False,False,,,
2807,6092,Prasinohaema_parkeri,Parker's Green Tree Skink,Squamata,Scincidae,DD,0.936199472660307,2.44871787613502,4.83467536995328,7.95864427100158,0.169130125749575,0.530894546221259,6.7562962561298,0.0,0,1000,direct,Prasinohaema_parkeri,False,False,,,
2855,6094,Rhabdophis_barbouri,,Squamata,Natricidae,DD,0.91333287625243,2.54609733164887,4.8315596254564,6.74625519549467,0.174070030175688,0.622440015870358,5.82786040529359,0.0,0,1000,direct,Rhabdophis_barbouri,False,False,,,
2756,6095,Lycophidion_acutirostre,Mozambique Wolf Snake,Squamata,Lamprophiidae,DD,0.954894470641974,2.22550748302618,4.83105969614819,6.57393591904918,0.176388197899809,0.549579353232933,5.95704487190977,0.0,0,1000,direct,Lycophidion_acutirostre,False,False,,,
3094,6100,Plestiodon_coreensis,Smith's Skink,Squamata,Scincidae,DD,0.830593206274361,2.15884754384733,4.82537003740743,7.05546235715264,0.169983213652976,0.439602043162472,5.57263714375369,0.0,0,1000,direct,Plestiodon_coreensis,False,False,,,
3067,6113,Typhlops_arator,Cuban Giant Blindsnake,Squamata,Typhlopidae,DD,0.842269105569532,2.31651164556731,4.81047703363556,1.92155458743082,0.183744619005032,0.584111313734482,4.31891331948307,0.0,0,1000,GBIF_accepted,Cubatyphlops_arator,False,False,,,
2875,6115,Lipinia_macrotympanum,Big-eared Lipinia,Squamata,Scincidae,DD,0.907213948670954,2.21280972443466,4.80711329420351,6.93795873744046,0.170483527034493,0.525098780370478,5.44081541991502,0.0,0,1000,direct,Lipinia_macrotympanum,False,False,,,
3184,6127,Cyrtodactylus_russelli,,Squamata,Gekkonidae,DD,0.801792816892533,1.84648276851912,4.80016558176196,2.31900172075495,0.168851992379745,0.427003339588478,4.0969657099272,0.0,0,1000,direct,Cyrtodactylus_russelli,False,False,,,
2958,6133,Sceloporus_salvini,,Squamata,Phrynosomatidae,DD,0.877726509043592,2.31150176149001,4.79214054099239,6.82995680740916,0.181037179303071,0.559740994319189,6.04794168350742,0.0,0,1000,direct,Sceloporus_salvini,False,False,,,
2771,6134,Tropidonophis_elongatus,Moluccan Keelback,Squamata,Natricidae,DD,0.949792264443149,2.34694977947432,4.79207742585979,6.81735048996003,0.179293662991265,0.634721396734602,6.03557757526022,0.0,0,1000,direct,Tropidonophis_elongatus,False,False,,,
3032,6143,Lygosoma_singha,Sri Lankan Supple Skink,Squamata,Scincidae,DD,0.852541138957946,2.19370298184624,4.78285227101782,6.15885032365916,0.165895918788839,0.571050082395721,5.52446717993422,0.0,0,1000,direct,Lygosoma_singha,False,False,,,
3263,6157,Hydrophis_stricticollis,Collared Sea Snake,Squamata,Elapidae,DD,0.776739027913321,1.84909720830468,4.76925935385852,2.29122840203472,0.169079260384171,0.497765480549961,4.24640276550032,0.0,0,1000,direct,Hydrophis_stricticollis,False,False,,,
2678,6162,Hydraethiops_laevis,,Squamata,Natricidae,DD,0.986139511403334,2.20549234770954,4.7617216561433,6.0942264785235,0.190099351652933,0.581739634722216,5.75341834052029,0.0,0,1000,direct,Hydraethiops_laevis,False,False,,,
3120,6168,Lerista_quadrivincula,Four-chained Slider,Squamata,Scincidae,DD,0.825222520091487,2.09753359044057,4.75361214650849,6.45346237706493,0.167629043436641,0.500267353912823,5.44328642723403,0.0,0,1000,direct,Lerista_quadrivincula,False,False,,,
3038,6170,Holbrookia_approximans,,Squamata,Phrynosomatidae,NM,0.849761234954771,2.35188923786653,4.74979405781558,5.7722774392963,0.183918432151188,0.592300787870039,5.36801965395703,0.0,0,1000,no_RedList_match,,False,False,,,
3018,6188,Lipinia_zamboangensis,Rusty Tree Skink,Squamata,Scincidae,DD,0.857533057930245,2.33366529684083,4.72952261123814,7.5958610905536,0.170483527034493,0.530802655275914,5.75898817281034,0.0,0,1000,direct,Lipinia_zamboangensis,False,False,,,
2865,6193,Ameiva_pantherina,,Squamata,Teiidae,DD,0.909653847911426,2.13677273940539,4.72589258229641,6.3578521141626,0.168021209122516,0.579532942058535,5.89275571893873,0.0,0,1000,direct,Ameiva_pantherina,False,False,,,
2947,6198,Trachylepis_angolensis,,Squamata,Scincidae,DD,0.881699367008336,2.04480136013225,4.71907673607094,6.27246152483166,0.167466678606274,0.563343417371767,5.76334924176006,0.0,0,1000,GBIF_accepted,Trachylepis_monardi,False,False,,,
2802,6214,Homalophis_gyii,Kapuas Mud Snake,Squamata,Homalopsidae,DD,0.937672707941246,2.17831152193931,4.69803885734486,6.12216058078977,0.174705122815102,0.546678065437986,5.78102399043617,0.0,0,1000,direct,Homalophis_gyii,False,False,,,
3173,6216,Ameiva_erythrocephala,,Squamata,Teiidae,NM,0.805591029182493,2.2744292787033,4.69521223011179,1.69434059785745,0.166983128137592,0.469695750785985,4.5716649291451,0.0,0,1000,no_RedList_match,,False,False,,,
2919,6229,Gonionotophis_egbensis,Egbe File Snake,Squamata,Lamprophiidae,DD,0.893181740424023,2.0113107306977,4.68525013607046,6.39670045526824,0.181579758791239,0.556039525153798,5.509890914085,0.0,0,1000,GBIF_accepted,Mehelya_egbensis,False,False,,,
3126,6236,Afroablepharus_wilsoni,Wilson's Snake-eyed Skink,Squamata,Scincidae,DD,0.822423737422733,1.83228820989976,4.67649184527269,5.42016011433558,0.159716956191857,0.546358464293054,4.78596296020251,0.0,0,1000,GBIF_accepted,Panaspis_wilsoni,False,False,,,
2949,6245,Chalcides_pentadactylus,Five-fingered Skink,Squamata,Scincidae,DD,0.880714875069687,2.05036738981965,4.66727535429609,6.40675420204471,0.171817627044223,0.4563385139114,5.78869058265343,0.0,0,1000,direct,Chalcides_pentadactylus,False,False,,,
3143,6248,Afroablepharus_seydeli,Seydel's snake-eyed skink,Squamata,Scincidae,DD,0.817511080738341,1.79361765445899,4.6653318265174,5.52606048266364,0.160382768814393,0.547256840077469,4.76095751005193,0.0,0,1000,GBIF_accepted,Panaspis_seydeli,False,False,,,
3077,6250,Myron_karnsi,Aru Mangrove Snake,Squamata,Homalopsidae,DD,0.836325098127118,1.94773139075621,4.66436363572014,5.14362853092459,0.174250467837342,0.53239504844166,4.94225258470991,0.0,0,1000,direct,Myron_karnsi,False,False,,,
3351,6252,Rhabdophis_guangdongensis,Guangdong Keelback,Squamata,Natricidae,DD,0.748012246349981,2.44033940537205,4.66343275330918,2.11719971220703,0.175827105608337,0.62258614461601,4.33418947224973,0.0,0,1000,direct,Rhabdophis_guangdongensis,False,False,,,
3231,6269,Darevskia_schaekeli,,Squamata,Lacertidae,NM,0.786810040448895,2.14240033777236,4.64091943550429,2.23205103391309,0.166767240713388,0.561713289420665,3.61220739467154,0.0,0,1000,no_RedList_match,,False,False,,,
3008,6271,Lygosoma_laeviceps,Common Writhing Skink,Squamata,Scincidae,DD,0.862731811179744,2.04893996116574,4.63970785726408,6.67177146928012,0.166343016175021,0.564980046725895,5.4530791388174,0.0,0,1000,GBIF_accepted,Mochlus_laeviceps,False,False,,,
2998,6272,Aprasia_clairae,,Squamata,Pygopodidae,DD,0.866376209488605,2.13178935136583,4.63828463516103,5.91792677312666,0.171658126892077,0.472968578602672,5.59806449696402,0.0,0,1000,direct,Aprasia_clairae,False,False,,,
2864,6273,Aparallactus_nigriceps,Mozambique Centipede Eater,Squamata,Atractaspididae,DD,0.910501033257668,2.27226719004387,4.63668664611494,6.45375215541238,0.183407470861438,0.55881687772766,5.80166001155525,0.0,0,1000,direct,Aparallactus_nigriceps,False,False,,,
3150,6276,Lygosoma_frontoparietale,Taylor's Writhing Skink,Squamata,Scincidae,DD,0.815455104263727,2.14558649102357,4.63540532527312,6.69990692596223,0.166343016175021,0.565009976355628,5.55970434691642,0.0,0,1000,GBIF_accepted,Subdoluseps_frontoparietalis,False,False,,,
2956,6278,Cyrtopodion_baigii,,Squamata,Gekkonidae,DD,0.87830835669328,2.09851805776917,4.63344840056855,7.58137900645747,0.172120934186079,0.530257192381733,5.63912355008128,0.0,0,1000,direct,Cyrtopodion_baigii,False,False,,,
3036,6279,Cerberus_dunsoni,,Squamata,Homalopsidae,NM,0.850020337866732,1.82765253380592,4.63321731068485,5.0512247559302,0.172141007761791,0.505821719366511,4.90607228760461,0.0,0,1000,no_RedList_match,,False,False,,,
2851,6283,Cyrtodactylus_buchardi,,Squamata,Gekkonidae,DD,0.916861508511681,2.07100889173061,4.62760276048023,6.94995227763165,0.171817627044223,0.496123341511757,5.21710365150144,0.0,0,1000,direct,Cyrtodactylus_buchardi,False,False,,,
3068,6285,Bachia_intermedia,Noble's Bachia,Squamata,Gymnophthalmidae,DD,0.842088316252931,1.89614509668461,4.6249030397091,3.08573692548803,0.166193890040608,0.465313652724493,3.9570795874101,0.0,0,1000,direct,Bachia_intermedia,False,False,,,
3006,6304,Lygosoma_opisthorhodum,,Squamata,Scincidae,DD,0.863198377447069,2.12545015690042,4.60033174982831,5.97419137670886,0.165895918788839,0.573466553991555,5.23180148992078,0.0,0,1000,direct,Lygosoma_opisthorhodum,False,False,,,
2912,6310,Phrynocephalus_roborowskii,,Squamata,Agamidae,NM,0.89626454650415,2.17642464553046,4.590732782277,5.02027218343066,0.188371595048236,0.676328343972923,5.06794553798748,0.0,0,1000,no_RedList_match,,False,False,,,
3028,6312,Bachia_barbouri,Barbour's Bachia,Squamata,Gymnophthalmidae,DD,0.853303411657506,1.86576399502139,4.58948771469049,3.20317245309387,0.166193890040608,0.465313652724493,3.93266270480692,0.0,0,1000,direct,Bachia_barbouri,False,False,,,
2939,6324,Trapelus_rubrigularis,Red-throated Agama,Squamata,Agamidae,DD,0.884142037708348,2.32568362650949,4.57592782877415,6.01567350699519,0.190405080920532,0.67828273302975,5.5627976639187,0.0,0,1000,direct,Trapelus_rubrigularis,False,False,,,
2946,6327,Darevskia_bithynica,,Squamata,Lacertidae,NM,0.881736201062907,2.26600937691053,4.56899093327017,6.16697961117743,0.166193890040608,0.561713289420665,5.64655286665796,0.0,0,1000,no_RedList_match,,False,False,,,
3152,6329,Lipinia_nitens,,Squamata,Scincidae,DD,0.814132124762172,2.15191439232817,4.56799267676324,6.82421501189994,0.169956468358019,0.524570402802642,5.2634196141559,0.0,0,1000,direct,Lipinia_nitens,False,False,,,
2879,6357,Sceloporus_albiventris,,Squamata,Phrynosomatidae,NM,0.906720573438558,2.18029204800126,4.54138405362823,7.18316149586997,0.180102745531761,0.554790806265044,5.70939307959183,0.0,0,1000,no_RedList_match,,False,False,,,
3310,6363,Hydrophis_donaldi,Rough Scaled Sea Snake,Squamata,Elapidae,DD,0.760132540801279,1.82805149825322,4.5352916142381,1.83894049551605,0.168339381445987,0.469137055164161,4.03871730217341,0.0,0,1000,direct,Hydrophis_donaldi,False,False,,,
3194,6369,Pseudonaja_nuchalis,Western Brown Snake,Squamata,Elapidae,DD,0.798873784108634,1.85490181989893,4.52791605053656,1.82289215496075,0.173503458183883,0.484217133874622,4.46645192661399,0.0,0,1000,direct,Pseudonaja_nuchalis,False,False,,,
3004,6374,Typhlops_golyathi,Goliath Blindsnake,Squamata,Typhlopidae,DD,0.865154583084991,2.12216133012981,4.52565196410226,5.36018932157299,0.18548751961592,0.584428398249718,4.63076021646222,0.0,0,1000,GBIF_accepted,Cubatyphlops_golyathi,False,False,,,
3133,6375,Typhlops_pachyrhinus,,Squamata,Typhlopidae,DD,0.821491292168379,1.99804827601665,4.52560397242072,5.36931200878419,0.184336811190649,0.584428398249718,4.53260359943081,0.0,0,1000,direct,Typhlops_pachyrhinus,False,False,,,
3175,6395,Hebius_groundwateri,Groundwater's Keelback,Squamata,Natricidae,DD,0.804933080857736,2.11764363891151,4.50101302347304,5.70450780542248,0.180647392278266,0.622638074637335,4.93438927370313,0.0,0,1000,direct,Hebius_groundwateri,False,False,,,
2981,6398,Echis_hughesi,,Squamata,Viperidae,DD,0.86950223247067,2.14394094287589,4.49810941156833,6.29847122803291,0.176671916695783,0.571443827676033,5.97399501017506,0.0,0,1000,direct,Echis_hughesi,False,False,,,
3167,6406,Typhlops_paradoxus,Inagua Blindsnake,Squamata,Typhlopidae,DD,0.807540585371701,1.96667152798154,4.49330863022653,4.87769166882264,0.183744619005032,0.584111313734482,4.26353547840355,0.0,0,1000,GBIF_accepted,Cubatyphlops_paradoxus,False,False,,,
3308,6410,Cyrtodactylus_dati,Đạt Bent–toed Gecko,Squamata,Gekkonidae,DD,0.7608391560468,1.6348729027405,4.4887265092414,2.15433383477956,0.169869956767653,0.462502013398245,2.2390333631896,0.0,0,1000,direct,Cyrtodactylus_dati,False,False,,,
3015,6416,Trioceros_ntunte,Nyiru Montane Chameleon,Squamata,Chamaeleonidae,DD,0.859672301645458,2.1110473394182,4.48347036390453,6.08057726135504,0.184476500337859,0.663667323935985,5.5802426447559,0.0,0,1000,direct,Trioceros_ntunte,False,False,,,
3185,6427,Tribolonotus_ponceleti,Giant Spiny Skink,Squamata,Scincidae,DD,0.801756106822123,2.07071119331755,4.46903247636399,1.90646764496471,0.165797066881516,0.564653929815174,4.33616429250513,0.0,0,1000,direct,Tribolonotus_ponceleti,False,False,,,
2745,6433,Lioheterophis_iheringi,Ihering's Snake,Squamata,Dipsadidae,DD,0.959740130721749,2.31213549947619,4.4571735764995,5.71159046465685,0.179548637407013,0.623404817248843,5.5618881750474,0.0,0,1000,direct,Lioheterophis_iheringi,False,False,,,
3300,6435,Hemidactylus_dawudazraqi,,Squamata,Gekkonidae,NM,0.763744666497087,2.17736724407325,4.45594123787704,1.7277166458659,0.168792029852567,0.530191441140078,4.21192189226484,0.0,0,1000,no_RedList_match,,False,False,,,
3495,6438,Coluber_bilineatus,,Squamata,Colubridae,NM,0.709721040900606,1.78243737059748,4.4514323975773,3.26587975629012,0.165757839263197,0.535994598834991,3.8895575920594,0.0,0,1000,no_RedList_match,,False,False,,,
3519,6446,Tropidurus_mucujensis,,Squamata,Tropiduridae,DD,0.704180659157354,1.95747005437406,4.44229228516295,2.12324274468403,0.168597979077863,0.558211056736256,3.78155459878841,0.0,0,1000,direct,Tropidurus_mucujensis,False,False,,,
2999,6454,Lepidophyma_tarascae,Tarascan Tropical Night Lizard,Squamata,Xantusiidae,DD,0.866159854778496,2.26260763689491,4.42901494361264,5.06881473423156,0.168409901470264,0.584697223856837,6.73207111658816,0.0,0,1000,direct,Lepidophyma_tarascae,False,False,,,
3027,6455,Trachischium_tenuiceps,Yellowbelly Worm-eating Snake,Squamata,Natricidae,DD,0.853438706638952,2.34334198689323,4.42763698367591,6.83446540733679,0.183407470861438,0.627442581356524,6.04077143205504,0.0,0,1000,direct,Trachischium_tenuiceps,False,False,,,
3030,6457,Monopeltis_kabindae,Kabinda Worm Lizard,Squamata,Amphisbaenidae,DD,0.852709756004058,2.22228169160701,4.42634893151883,5.31561015176497,0.181350140272025,0.634171070883108,5.25302713275023,0.0,0,1000,direct,Monopeltis_kabindae,False,False,,,
3277,6461,Typhlops_longissimus,Long Worm Snake,Squamata,Typhlopidae,DD,0.771831498642066,1.94303586613626,4.42401847827061,4.8648452237746,0.183744619005032,0.584111313734482,4.23068187285852,0.0,0,1000,GBIF_accepted,Indotyphlops_longissimus,False,False,,,
3088,6463,Rhabdophis_akraios,Singalang Keelback,Squamata,Natricidae,DD,0.831742959750661,2.4235829607896,4.42143466586657,6.27507148724155,0.17672088535038,0.614102234670929,5.41379011745,0.0,0,1000,direct,Rhabdophis_akraios,False,False,,,
3198,6468,Petracola_labioocularis,,Squamata,Gymnophthalmidae,DD,0.797834865569323,1.89310873924696,4.41460569536381,4.9681209189689,0.165653664613254,0.502053317481943,4.46595836658197,0.0,0,1000,direct,Petracola_labioocularis,False,False,,,
3050,6503,Typhlops_annae,Saint Barts Blindsnake,Squamata,Typhlopidae,DD,0.846341690566901,2.04516633401743,4.37492612100768,5.21014659680921,0.183744619005032,0.59352077500386,4.53071573372366,0.0,0,1000,GBIF_accepted,Antillotyphlops_annae,False,False,,,
2899,6504,Lepidophyma_chicoasensis,Sumidero Tropical Night Lizard,Squamata,Xantusiidae,DD,0.900710871699142,2.3515760615704,4.37482369891782,4.7857815475324,0.168257190075815,0.584448876854335,6.43095206982861,0.0,0,1000,direct,Lepidophyma_chicoasensis,False,False,,,
3212,6520,Ctenotus_aphrodite,Oorida Ctenotus,Squamata,Scincidae,DD,0.793351093704227,1.99495949108696,4.36272220732941,5.76092825622604,0.165119309343948,0.527453898327582,5.23358055569496,0.0,0,1000,direct,Ctenotus_aphrodite,False,False,,,
3450,6534,Cyrtodactylus_jelawangensis,Jelawang Bent-toed Gecko,Squamata,Gekkonidae,DD,0.719333985212588,1.82722101126598,4.34770407236816,1.83927603633811,0.171817627044223,0.486451094462414,3.81877431339307,0.0,0,1000,direct,Cyrtodactylus_jelawangensis,False,False,,,
3265,6536,Typhlops_silus,,Squamata,Typhlopidae,DD,0.776298167531444,1.96984842965676,4.34545537555651,5.12606445229626,0.184336811190649,0.589506093383177,4.28516443564551,0.0,0,1000,direct,Typhlops_silus,False,False,,,
3155,6547,Lepidophyma_zongolica,,Squamata,Xantusiidae,NM,0.81304347306483,2.31335554456127,4.32997667597456,4.89116561784706,0.168409901470264,0.581482699485859,6.02931904812988,0.0,0,1000,no_RedList_match,,False,False,,,
3469,6563,Oligodon_torquatus,,Squamata,Colubridae,DD,0.715248199703222,1.56141831353306,4.32088451625376,3.24963952045758,0.167096574834081,0.466224763992572,3.98302923121889,0.0,0,1000,direct,Oligodon_torquatus,False,False,,,
3192,6565,Mesaspis_antauges,Mount Orizaba Alligator Lizard,Squamata,Anguidae,DD,0.798940216974532,1.9602673831082,4.31770741877483,5.53249141005716,0.181350140272025,0.668054249227294,4.87294330013665,0.0,0,1000,GBIF_accepted,Abronia_antauges,False,False,,,
3157,6566,Atheris_hirsuta,,Squamata,Viperidae,DD,0.811771647762997,1.93252792732149,4.31644354731687,4.92638919418032,0.172141007761791,0.565789973264374,4.65039122581928,0.0,0,1000,direct,Atheris_hirsuta,False,False,,,
2984,6569,Monopeltis_galeata,Helmeted Worm Lizard,Squamata,Amphisbaenidae,DD,0.869304372673198,2.23665421756829,4.31296190139427,5.63871135203299,0.181350140272025,0.634967696760073,5.19651767195897,0.0,0,1000,direct,Monopeltis_galeata,False,False,,,
3044,6579,Typhlops_leptolepis,,Squamata,Typhlopidae,DD,0.848280705907021,1.99888224740346,4.29781259234518,4.77611425064142,0.183744619005032,0.589296620232238,4.29558881561434,0.0,0,1000,direct,Typhlops_leptolepis,False,False,,,
3335,6588,Oligodon_perkinsi,Perkin's Short-headed Snake,Squamata,Colubridae,DD,0.753168785612115,1.80401958161122,4.28333141237036,5.17052525767325,0.167096574834081,0.469366115010644,4.78175474678633,0.0,0,1000,direct,Oligodon_perkinsi,False,False,,,
3256,6603,Atractaspis_leucomelas,Ogaden Burrowing Asp,Squamata,Atractaspididae,DD,0.778352945168144,1.73152766624873,4.26272722614701,5.05246092022404,0.190099351652933,0.573976543466008,4.82489660434431,0.0,0,1000,direct,Atractaspis_leucomelas,False,False,,,
3230,6608,Atractaspis_phillipsi,Phillips’ Burrowing Asp,Squamata,Atractaspididae,DD,0.787014736421518,1.89547157032579,4.25142877557015,5.93129403150173,0.190780908650772,0.573742578790367,5.1403879138098,0.0,0,1000,direct,Atractaspis_phillipsi,False,False,,,
3530,6609,Lerista_robusta,Brad-eyed Sandslider,Squamata,Scincidae,DD,0.699409829570131,1.9983683009255,4.25068261389133,1.32469718126497,0.167629043436641,0.510758004887425,4.1988931909689,0.0,0,1000,direct,Lerista_robusta,False,False,,,
3205,6610,Hebius_kerinciense,Gunung Kerinchi Keelback,Squamata,Natricidae,DD,0.795288850601883,2.11887406327446,4.24948356176983,5.1163764199689,0.182814367944735,0.6273906513352,4.7600826347779,0.0,0,1000,GBIF_accepted,Hebius_kerinciensis,False,False,,,
3130,6611,Monopeltis_welwitschii,,Squamata,Amphisbaenidae,DD,0.822113763527458,2.18251312648447,4.24875899340799,5.77070999799085,0.182049713057435,0.634021948663232,5.20811475684055,0.0,0,1000,GBIF_accepted,Dalophia_welwitschii,False,False,,,
3314,6614,Typhlops_zenkeri,Zenker's Worm Snake,Squamata,Typhlopidae,DD,0.758196392817252,1.95839455196434,4.24747883572466,4.64642432627064,0.186212836295837,0.584111313734482,4.14985700229529,0.0,0,1000,GBIF_accepted,Letheobia_zenkeri,False,False,,,
3224,6619,Typhlops_satelles,Cienfuegos Blindsnake,Squamata,Typhlopidae,DD,0.789342830757219,2.05338478027875,4.24318931766035,5.10797539237753,0.184336811190649,0.584111313734482,4.17160303413868,0.0,0,1000,GBIF_accepted,Cubatyphlops_satelles,False,False,,,
3312,6625,Oligodon_nikhili,Nikhil's Kukri Snake,Squamata,Colubridae,DD,0.758373024319421,1.83360075109735,4.23911778084948,5.21304341543024,0.167602450460526,0.465905675785966,4.9187800711914,0.0,0,1000,direct,Oligodon_nikhili,False,False,,,
2881,6629,Hydrablabes_praefrontalis,Kinabalu Water Snake,Squamata,Natricidae,DD,0.906086198125837,2.06359834567188,4.23398422596383,5.90257119967608,0.17672088535038,0.6273906513352,5.0452196118082,0.0,0,1000,direct,Hydrablabes_praefrontalis,False,False,,,
2908,6633,Trapelus_jayakari,,Squamata,Agamidae,DD,0.897865138835589,2.39479787536179,4.22746097069891,5.80026165705332,0.189634179562213,0.676128840768637,5.35490333896411,0.0,0,1000,direct,Trapelus_jayakari,False,False,,,
3566,6642,Pseudemoia_rawlinsoni,Rawlinson's Window-eyed Skink,Squamata,Scincidae,DD,0.687294156303972,2.06136571001072,4.21553272708029,1.64598307524225,0.157926559779375,0.55856925861263,4.046766343068,0.0,0,1000,direct,Pseudemoia_rawlinsoni,False,False,,,
3334,6644,Darevskia_caspica,,Squamata,Lacertidae,NM,0.753577928072427,1.94186709994997,4.21447724139959,1.73636090317867,0.167631955243657,0.572957976511808,4.0007268846085,0.0,0,1000,no_RedList_match,,False,False,,,
3060,6648,Phrynocephalus_ananjevae,,Squamata,Agamidae,NM,0.844123811914516,2.00076083400707,4.21112187445077,4.99197817409917,0.186442509462294,0.672762138048422,5.06700338439882,0.0,0,1000,no_RedList_match,,False,False,,,
3153,6651,Atractaspis_scorteccii,Somali Burrowing Asp,Squamata,Atractaspididae,DD,0.81317458592432,1.89176260833199,4.20754644918455,5.4082584233748,0.190099351652933,0.573976543466008,4.99100729137807,0.0,0,1000,direct,Atractaspis_scorteccii,False,False,,,
3098,6653,Enhydris_chanardi,Chanard's Mud Snake,Squamata,Homalopsidae,DD,0.830156684343917,1.94423283787719,4.20652454466706,5.74359083811586,0.174250467837342,0.548843614121569,5.28134106282141,0.0,0,1000,direct,Enhydris_chanardi,False,False,,,
3144,6656,Ablepharus_darvazi,,Squamata,Scincidae,DD,0.817036775561313,2.01622085177703,4.20453935732833,5.71009296207587,0.165895918788839,0.562854652172265,5.7383276442176,0.0,0,1000,direct,Ablepharus_darvazi,False,False,,,
3503,6661,Dendrelaphis_papuensis,Papuan Treesnake,Squamata,Colubridae,DD,0.708373361958144,1.67869861420652,4.20059219838128,5.65660705045563,0.164276558945935,0.441533754911427,5.17957804149773,0.0,0,1000,direct,Dendrelaphis_papuensis,False,False,,,
3149,6670,Bothriechis_guifarroi,,Squamata,Viperidae,NM,0.815943765022586,1.97814276297252,4.18710247781114,1.63952756474748,0.176671916695783,0.549372669838727,3.937014888656,0.0,0,1000,no_RedList_match,,False,False,,,
3248,6675,Typhlops_oxyrhinus,,Squamata,Typhlopidae,DD,0.782505382280289,1.91262434289025,4.18140964742913,4.80878613497812,0.183168192728247,0.579079387474964,4.17157746575268,0.0,0,1000,direct,Typhlops_oxyrhinus,False,False,,,
3223,6680,Hebius_concelarum,,Squamata,Natricidae,NM,0.789570229104555,1.93325715246862,4.17758307676989,5.75016911422383,0.183407470861438,0.636307935765545,4.581353410156,0.0,0,1000,no_RedList_match,,False,False,,,
3208,6681,Hebius_pealii,Assam Keelback,Squamata,Natricidae,DD,0.794590635596545,1.8410342511038,4.17595394710739,5.41254896164692,0.180647392278266,0.627442581356524,4.73776354137408,0.0,0,1000,GBIF_accepted,Herpetoreas_pealii,False,False,,,
3216,6701,Gonionotophis_gabouensis,Gabou File Snake,Squamata,Lamprophiidae,DD,0.792824975270109,2.00776902012012,4.16309205496876,5.6088324314934,0.181579758791239,0.556039525153798,5.10049916585152,0.0,0,1000,GBIF_accepted,Mehelya_gabouensis,False,False,,,
3283,6707,Anilios_micrommus,Small-eyed Blind Snake,Squamata,Typhlopidae,DD,0.76899602692599,1.92741905422185,4.15555783813518,4.95126399790408,0.180991959034462,0.575997796252236,4.68239868865063,0.0,0,1000,GBIF_accepted,Anilios_micromma,False,False,,,
3040,6710,Monopeltis_perplexus,,Squamata,Amphisbaenidae,DD,0.848725907107586,2.1124168064765,4.15229823250764,5.57972782350206,0.180298561878804,0.63050813773626,5.11608650376008,0.0,0,1000,direct,Monopeltis_perplexus,False,False,,,
3357,6711,Oligodon_kampucheaensis,,Squamata,Colubridae,NM,0.746948647219765,1.93487944369217,4.15157129350967,5.56152720382983,0.1649521624744,0.466206332271025,4.84852626874958,0.0,0,1000,no_RedList_match,,False,False,,,
3057,6718,Xenagama_zonura,Ethiopian Ridgeback Agama,Squamata,Agamidae,DD,0.844368256414778,2.09797346501736,4.14489938430701,4.44662236882456,0.188955170440201,0.678556306388753,4.73730927477337,0.0,0,1000,direct,Xenagama_zonura,False,False,,,
3307,6720,Coelognathus_enganensis,Enggano Rat Snake,Squamata,Colubridae,DD,0.761028453711016,1.7601502951414,4.14414659610248,5.25390523948311,0.165146279109614,0.549682817055433,4.88141104118199,0.0,0,1000,direct,Coelognathus_enganensis,False,False,,,
3428,6727,Oligodon_petronellae,Petronella's Kukri Snake,Squamata,Colubridae,DD,0.726424202084532,1.82916323099747,4.13649357737165,5.33728905100398,0.167096574834081,0.465948512464486,4.79247381363834,0.0,0,1000,direct,Oligodon_petronellae,False,False,,,
3359,6731,Trapelus_schmitzi,Schmitz’s Agama,Squamata,Agamidae,DD,0.746454299485786,2.07592576800258,4.13054945836324,6.38195053093653,0.187662999398214,0.671859407080194,5.14282426347548,0.0,0,1000,direct,Trapelus_schmitzi,False,False,,,
3264,6733,Anguis_colchica,,Squamata,Anguidae,NM,0.776439211245377,2.17504988617694,4.12895587271153,1.79315431555648,0.183918432151188,0.682150696792316,4.01721727714036,0.0,0,1000,no_RedList_match,,False,False,,,
3406,6738,Oligodon_travancoricus,Travancore Kukri Snake,Squamata,Colubridae,DD,0.73175848802717,1.91626269650916,4.12554008270208,5.44142232660888,0.167096574834081,0.466681544202017,4.78492486227545,0.0,0,1000,direct,Oligodon_travancoricus,False,False,,,
3331,6740,Oligodon_nagao,,Squamata,Colubridae,NM,0.75384790938033,1.78375592703915,4.12204910603549,5.15450054355869,0.168240206966831,0.466615984442336,4.84434872452602,0.0,0,1000,no_RedList_match,,False,False,,,
3273,6742,Rhynchocalamus_arabicus,Arabian Kukri Snake,Squamata,Colubridae,DD,0.774264889573383,1.69609778472429,4.12048863961802,5.07961468183075,0.165892358292883,0.465948512464486,4.48209753109583,0.0,0,1000,direct,Rhynchocalamus_arabicus,False,False,,,
3430,6753,Oligodon_hamptoni,Hampton's Kukri Snake,Squamata,Colubridae,DD,0.725909254847695,1.85298706189951,4.10558654476738,5.56043920388142,0.166762954451852,0.465948512464486,4.92206787979031,0.0,0,1000,direct,Oligodon_hamptoni,False,False,,,
3187,6760,Hebius_nicobariense,Nicobar Island Keelback,Squamata,Natricidae,DD,0.800918705193751,2.17758371925226,4.09774143275016,4.8295135507596,0.18403234180357,0.649593936407477,4.52570483357286,0.0,0,1000,GBIF_accepted,Hebius_nicobariensis,False,False,,,
3204,6761,Atheris_subocularis,,Squamata,Viperidae,DD,0.795865485172126,1.93707272160963,4.09673667943844,4.71536622803086,0.172141007761791,0.559822244460885,4.51292595655405,0.0,0,1000,direct,Atheris_subocularis,False,False,,,
3508,6762,Macropholidus_ataktolepis,,Squamata,Gymnophthalmidae,DD,0.707450727281798,1.58249068916305,4.09558328651073,3.18401776359882,0.165986041475851,0.505999776533683,3.36277412819759,0.0,0,1000,direct,Macropholidus_ataktolepis,False,False,,,
3377,6778,Afroablepharus_duruarum,,Squamata,Scincidae,DD,0.739777132467419,1.65677944073947,4.07826037748702,5.41232073174714,0.160382768814393,0.547256840077469,4.46962508759264,0.0,0,1000,GBIF_accepted,Panaspis_duruarum,False,False,,,
3373,6787,Lampropholis_colossus,Bunya Sunskink,Squamata,Scincidae,DD,0.740662519802182,1.74409387593501,4.0737093675293,5.12824996020508,0.159001205764598,0.564985581615989,4.73956802283615,0.0,0,1000,direct,Lampropholis_colossus,False,False,,,
3465,6792,Aspidoscelis_scalaris,,Squamata,Teiidae,NM,0.715585739755104,1.57877086867939,4.06880579398834,1.99832661602721,0.166193890040608,0.47129522590899,4.0481563464993,0.0,0,1000,no_RedList_match,,False,False,,,
3349,6801,Dendrelaphis_hollinrakei,,Squamata,Colubridae,DD,0.748748066299687,1.7302981663442,4.05464682148125,5.90996151973026,0.164473653464944,0.466925163048718,5.08257573318634,0.0,0,1000,direct,Dendrelaphis_hollinrakei,False,False,,,
3233,6807,Oligodon_vertebralis,Dark-spined Kukri Snake,Squamata,Colubridae,DD,0.785230863387248,1.83974656072413,4.04573471014431,5.50016436003434,0.166762954451852,0.469408951689163,4.8442570681112,0.0,0,1000,direct,Oligodon_vertebralis,False,False,,,
3513,6808,Oligodon_melanozonatus,Abor Hills Kukri Snake,Squamata,Colubridae,DD,0.70626243906121,1.73689310226397,4.04568944391027,5.06294324528661,0.168240206966831,0.469300555250964,4.64570938923835,0.0,0,1000,direct,Oligodon_melanozonatus,False,False,,,
3222,6816,Hebius_andreae,Andrea's Keelback,Squamata,Natricidae,DD,0.789687306746857,2.08277893937596,4.03933546197082,5.40836560173362,0.185399536869399,0.649119269542397,4.77621233330261,0.0,0,1000,direct,Hebius_andreae,False,False,,,
3336,6817,Atheris_acuminata,Acuminate Bush Viper,Squamata,Viperidae,DD,0.752936009497127,1.98822910032784,4.03904459422977,4.81800487983036,0.172141007761791,0.565874847506158,4.55456518103765,0.0,0,1000,direct,Atheris_acuminata,False,False,,,
3219,6819,Blaesodactylus_ambonihazo,,Squamata,Gekkonidae,DD,0.79142618056533,1.97316963942194,4.03536452010095,1.91107971867817,0.18186332201965,0.557110938121692,3.710585934398,0.0,0,1000,direct,Blaesodactylus_ambonihazo,False,False,,,
3395,6828,Oligodon_annamensis,Annam Kukri Snake,Squamata,Colubridae,DD,0.734972895597332,1.80896027742302,4.02855184260394,5.09896431878086,0.167602450460526,0.476531692922937,4.83076184220668,0.0,0,1000,direct,Oligodon_annamensis,False,False,,,
3580,6836,Platyceps_insulanus,Sarso Island Racer,Squamata,Colubridae,DD,0.684545888500478,1.62911872358055,4.01959088697782,4.55125489666701,0.167096574834081,0.497001416817578,4.16277763091711,0.0,0,1000,direct,Platyceps_insulanus,False,False,,,
3515,6837,Oligodon_propinquus,Javanese Kukri Snake,Squamata,Colubridae,DD,0.70550305624709,1.80684200010829,4.01776622183817,4.93270888218959,0.167602450460526,0.469300555250964,4.53040296793401,0.0,0,1000,direct,Oligodon_propinquus,False,False,,,
3328,6842,Oligodon_praefrontalis,Pulau Weh Kukri Snake,Squamata,Colubridae,DD,0.755132907171087,1.79208326564485,4.00903891626071,5.19176928570502,0.164581443907176,0.466224763992572,4.8022179832561,0.0,0,1000,direct,Oligodon_praefrontalis,False,False,,,
3461,6843,Toxicocalamus_misimae,Misima Island Forest Snake,Squamata,Elapidae,DD,0.715935434666959,1.76343301017524,4.00800928677804,4.88563341232355,0.173922185920503,0.478052274782877,4.3394423976273,0.0,0,1000,direct,Toxicocalamus_misimae,False,False,,,
3416,6850,Euspondylus_simonsii,Simons' Sun Tegus,Squamata,Gymnophthalmidae,DD,0.729541073159382,1.560089901195,4.00063560155893,4.91814511761573,0.165222135032615,0.502628445029131,4.27974456489921,0.0,0,1000,direct,Euspondylus_simonsii,False,False,,,
3362,6853,Lycodonomorphus_obscuriventris,Floodplain Water Snake,Squamata,Lamprophiidae,DD,0.744984289680308,1.82872418144237,3.99829429816904,5.12576037744351,0.177085949433164,0.55503888376483,4.84359629047443,0.0,0,1000,direct,Lycodonomorphus_obscuriventris,False,False,,,
3348,6873,Hypsiglena_ochrorhyncha,,Squamata,Dipsadidae,NM,0.749343415292392,2.2038893315063,3.98256937105434,1.16186415088512,0.17672088535038,0.569887043728842,4.15435617835,0.0,0,1000,no_RedList_match,,False,False,,,
3514,6878,Dendrelaphis_chairecacos,,Squamata,Colubridae,DD,0.706180790159089,1.63694107145144,3.97885892472194,5.36259369250263,0.164473653464944,0.450778136360055,4.79831971817755,0.0,0,1000,direct,Dendrelaphis_chairecacos,False,False,,,
3445,6879,Coelognathus_philippinus,,Squamata,Colubridae,NM,0.720616379828668,1.87465570918978,3.97881180077331,5.13790678917754,0.164564993611017,0.54651502720649,4.65507851186506,0.0,0,1000,no_RedList_match,,False,False,,,
3574,6892,Dendrelaphis_underwoodi,Underwood's Bronzeback Tree Snake,Squamata,Colubridae,DD,0.685028430418159,1.78603926597783,3.96560607687324,5.47214116436703,0.164276558945935,0.451478535416201,4.89686014144326,0.0,0,1000,direct,Dendrelaphis_underwoodi,False,False,,,
3405,6894,Oligodon_cattienensis,,Squamata,Colubridae,NM,0.731987929080634,1.61312859163418,3.96362449783392,5.10541502598281,0.165442603596593,0.466206332271025,4.71493933008586,0.0,0,1000,no_RedList_match,,False,False,,,
3340,6899,Anilios_yampiensis,Yampi Blind Snake,Squamata,Typhlopidae,DD,0.752026424416389,1.79562898430656,3.95907879435422,4.892422191701,0.182301474906387,0.575997796252236,4.50876275936551,0.0,0,1000,direct,Anilios_yampiensis,False,False,,,
3565,6916,Oligodon_saintgironsi,Saint Giron's Kukri Snake,Squamata,Colubridae,DD,0.687908430616341,1.73973650639169,3.94072854931815,5.24871994137297,0.164581443907176,0.466206332271025,4.87302000806436,0.0,0,1000,direct,Oligodon_saintgironsi,False,False,,,
3390,6919,Dendrelaphis_oliveri,Oliver's Bronzeback,Squamata,Colubridae,DD,0.736030575485166,1.92213486974376,3.93485384989784,5.65924410932009,0.164473653464944,0.466206332271025,5.085009679875,0.0,0,1000,direct,Dendrelaphis_oliveri,False,False,,,
3365,6924,Hebius_frenatum,Bridled Keelback,Squamata,Natricidae,DD,0.743065913218658,1.83599735886668,3.9301589590733,4.9302239999015,0.182814367944735,0.6273906513352,4.50421829977988,0.0,0,1000,GBIF_accepted,Hebius_frenatus,False,False,,,
3562,6928,Lepidophyma_lowei,Lowe’s Tropical Night Lizard,Squamata,Xantusiidae,DD,0.689401541587824,2.10603987830723,3.92613608401371,1.43797718793788,0.168257190075815,0.584448876854335,3.67055928993271,0.0,0,1000,direct,Lepidophyma_lowei,False,False,,,
3255,6929,Hebius_sarasinorum,Sarasin’s Keelback,Squamata,Natricidae,DD,0.778378633518234,1.84019386180244,3.92584808394674,5.35299842643319,0.18403234180357,0.637159524225386,4.4511141796807,0.0,0,1000,direct,Hebius_sarasinorum,False,False,,,
3486,6932,Toxicocalamus_spilolepidotus,Spotted Forest Snake,Squamata,Elapidae,DD,0.711543004557915,1.62141002664675,3.92196603816606,4.76564493113356,0.17041261974261,0.46955559241157,4.32086199756175,0.0,0,1000,direct,Toxicocalamus_spilolepidotus,False,False,,,
3631,6935,Cerberus_microlepis,Lake Buhi Bockadam,Squamata,Homalopsidae,DD,0.669522209680677,1.63351009285762,3.91975458642145,2.13321227986626,0.172141007761791,0.505821719366511,3.5998412583776,0.0,0,1000,direct,Cerberus_microlepis,False,False,,,
3487,6938,Oligodon_melaneus,Bluebelly Kukri Snake,Squamata,Colubridae,DD,0.711498890301221,1.82315863336579,3.91735809801829,4.89869177429514,0.164276558945935,0.466005933449091,4.70658598341161,0.0,0,1000,direct,Oligodon_melaneus,False,False,,,
3493,6956,Cerrophidion_petlalcalensis,,Squamata,Viperidae,DD,0.710491632898193,1.77208616950973,3.89595411973831,1.80569639204606,0.178735888288564,0.554784807447076,3.85179829428973,0.0,0,1000,direct,Cerrophidion_petlalcalensis,False,False,,,
3361,6967,Microlophus_tarapacensis,Tarapaca Pacific Iguana,Squamata,Tropiduridae,DD,0.745450292287487,1.92870425392368,3.88782750936156,6.47797425980246,0.170344008566499,0.552769078677898,5.60788090266631,0.0,0,1000,direct,Microlophus_tarapacensis,False,False,,,
3594,6970,Lampropholis_elongata,Elongate Sunskink,Squamata,Scincidae,DD,0.680545395311065,1.81751293116571,3.88607982666861,5.47275337102856,0.159716956191857,0.575506518829521,4.63532433160203,0.0,0,1000,direct,Lampropholis_elongata,False,False,,,
3698,6983,Hydrophis_czeblukovi,Fine-spined Sea Snake,Squamata,Elapidae,DD,0.656797436675754,1.43135464935319,3.86907606838669,1.55890135935254,0.168690885744765,0.468955294435091,3.51309725248102,0.0,0,1000,direct,Hydrophis_czeblukovi,False,False,,,
3290,6985,Hebius_viperinum,Viper-like Keelback,Squamata,Natricidae,DD,0.76613795998518,1.85483317653525,3.86849351359948,4.77180611355924,0.183112582707948,0.636307935765545,4.33039603003802,0.0,0,1000,GBIF_accepted,Hebius_viperinus,False,False,,,
3578,6986,Asymblepharus_tragbulense,,Unassigned,Unassigned,DD,0.68460716479242,1.68869237390571,3.86844005417399,4.9354306058785,0.163711340087893,0.554266800442058,4.46568841795421,0.0,0,1000,GBIF_iucn_link,Asymblepharus_tragbulensis,False,False,,,
3541,6988,Oligodon_macrurus,,Squamata,Colubridae,DD,0.694510596510533,1.73901299286988,3.8664089963789,5.33900084517118,0.164581443907176,0.465305534392945,4.71179018726251,0.0,0,1000,direct,Oligodon_macrurus,False,False,,,
3367,7000,Oligodon_jintakunei,Jintakune's Kukri Snake,Squamata,Colubridae,DD,0.742579505443672,1.68548109877378,3.85380272414545,5.48438091856627,0.167602450460526,0.466681544202017,4.76317872209908,0.0,0,1000,direct,Oligodon_jintakunei,False,False,,,
3512,7009,Telescopus_pulcher,Beautiful Cat Snake,Squamata,Colubridae,DD,0.706313883397705,1.76921205572816,3.83865711379479,5.05918494462062,0.165991491034188,0.485859130304073,4.58734206886797,0.0,0,1000,direct,Telescopus_pulcher,False,False,,,
3355,7010,Anguis_incomptus,,Squamata,Anguidae,DD,0.74706222228148,2.01300802287609,3.8371804798792,4.29003222065104,0.183068879014153,0.676694635373672,4.4863850500002,0.0,0,1000,GBIF_accepted,Ophisaurus_incomptus,False,False,,,
3712,7014,Platyceps_messanai,Schätti's Racer,Squamata,Colubridae,DD,0.653431346242706,1.61742065465827,3.83294307375196,4.7930295825051,0.166762954451852,0.500294609037664,4.14396523918373,0.0,0,1000,direct,Platyceps_messanai,False,False,,,
3427,7030,Oligodon_moricei,Morice's Kukri Snake,Squamata,Colubridae,DD,0.726509096599862,1.73743903540921,3.81726154714912,4.93773186783272,0.168240206966831,0.466615984442336,4.58679911065533,0.0,0,1000,direct,Oligodon_moricei,False,False,,,
3418,7043,Telescopus_gezirae,Blue Nile Cat Snake,Squamata,Colubridae,DD,0.728962504193026,1.72042688882182,3.80574000958906,5.14387131744624,0.165991491034188,0.505436081835085,4.50539632951265,0.0,0,1000,direct,Telescopus_gezirae,False,False,,,
3797,7047,Anilios_batillus,Batillus Blind Snake,Squamata,Typhlopidae,DD,0.636035852362097,1.7821647817336,3.80024024700997,4.61588000518075,0.180991959034462,0.571346072303198,4.38956756382073,0.0,0,1000,direct,Anilios_batillus,False,False,,,
3497,7048,Varanus_reisingeri,Yellow Tree Monitor,Squamata,Varanidae,DD,0.709019902967147,1.8603463724862,3.79796066036572,4.55896913388298,0.178836655102767,0.61789171843612,4.26005161314187,0.0,0,1000,direct,Varanus_reisingeri,False,False,,,
3202,7054,Hebius_arquus,,Squamata,Natricidae,DD,0.796733260637634,1.89357685939089,3.79069466818822,5.10967128592,0.18403234180357,0.640453103410495,4.36140610153399,0.0,0,1000,direct,Hebius_arquus,False,False,,,
3676,7056,Platyceps_scortecci,,Squamata,Colubridae,DD,0.661172543598757,1.55197081224176,3.77882323993904,4.61876485896348,0.166762954451852,0.497001416817578,4.11569214282562,0.0,0,1000,direct,Platyceps_scortecci,False,False,,,
3480,7062,Euspondylus_maculatus,Spotted Sun Tegu,Squamata,Gymnophthalmidae,DD,0.712858363392499,1.54856052607254,3.77483331361013,4.72847094286309,0.165653664613254,0.502564638407674,4.22476338020651,0.0,0,1000,direct,Euspondylus_maculatus,False,False,,,
3584,7063,Varanus_ornatus,,Squamata,Varanidae,NM,0.684073226781791,1.75982976710168,3.76797093657669,4.60837290362295,0.182049713057435,0.65690920172947,4.25283635162616,0.0,0,1000,no_RedList_match,,False,False,,,
3652,7070,Rhynchocalamus_barani,,Squamata,Colubridae,DD,0.665899801218862,1.81604002015739,3.76050792904963,5.18283694062494,0.165892358292883,0.466224763992572,4.42816242676086,0.0,0,1000,GBIF_accepted,Muhtarophis_barani,False,False,,,
3809,7074,Xantusia_sierrae,,Squamata,Xantusiidae,NM,0.633352079043366,1.47710581034478,3.75455086571323,2.27975264981624,0.16815615794634,0.582456045675264,3.45282224,0.0,0,1000,no_RedList_match,,False,False,,,
3969,7076,Lerista_axillaris,Stripe-sided Robust Slider,Squamata,Scincidae,DD,0.599149715833428,1.62337438448459,3.75354468151851,1.42812338242983,0.165039814964201,0.508420878045591,3.62656230212966,0.0,0,1000,direct,Lerista_axillaris,False,False,,,
3833,7083,Platyceps_tessellata,,Squamata,Colubridae,NM,0.627806947249055,1.57883113802213,3.74401508429961,4.48524906144935,0.166762954451852,0.500294609037664,3.94893049956237,0.0,0,1000,no_RedList_match,,False,False,,,
3346,7085,Varanus_telenesetes,,Squamata,Varanidae,DD,0.749536777982135,1.79056907423931,3.7415066276675,4.76035004823087,0.180298561878804,0.653121884525024,4.32852503476308,0.0,0,1000,direct,Varanus_telenesetes,False,False,,,
3665,7097,Cercophis_auratus,Schlegel's Golden Snake,Squamata,Dipsadidae,DD,0.662335496585878,1.79899886539525,3.723912936585,4.35190921109738,0.174070030175688,0.585355862647298,4.38818874443512,0.0,0,1000,direct,Cercophis_auratus,False,False,,,
3656,7103,Spalerosophis_josephscorteccii,Scortecci's Diadem Snake,Squamata,Colubridae,DD,0.665126355258313,1.51582672092685,3.71497273700828,4.75707028959662,0.166762954451852,0.501584594396433,4.41816596196573,0.0,0,1000,direct,Spalerosophis_josephscorteccii,False,False,,,
3661,7109,Telescopus_rhinopoma,Indian Desert Tiger Snake,Squamata,Colubridae,DD,0.663938078926042,1.67559717781944,3.71151177866425,4.96336711610358,0.165991491034188,0.485859130304073,4.29277806670861,0.0,0,1000,direct,Telescopus_rhinopoma,False,False,,,
3711,7115,Asymblepharus_nepalensis,,Unassigned,Unassigned,DD,0.653604581701355,1.57977232650229,3.7011685937162,4.77537929668873,0.164774993994404,0.554266800442058,4.4805240721561,0.0,0,1000,GBIF_iucn_link,Asymblepharus_nepalensis,False,False,,,
3593,7124,Euspondylus_nellycarrillae,,Squamata,Gymnophthalmidae,DD,0.680801424141315,1.65283772269693,3.69283485420557,4.86068527596913,0.165222135032615,0.507021171341662,4.02451239156285,0.0,0,1000,direct,Euspondylus_nellycarrillae,False,False,,,
3617,7125,Platyceps_gracilis,Graceful Racer,Squamata,Colubridae,DD,0.674641325291413,1.6549891080024,3.69021432300823,4.48233440551989,0.166762954451852,0.495741823953695,3.9869725791192,0.0,0,1000,direct,Platyceps_gracilis,False,False,,,
3385,7127,Trimeresurus_toba,Toba Pit Viper,Squamata,Viperidae,DD,0.737680815703754,1.76582494958457,3.68917895134142,4.61646200062701,0.174705122815102,0.547573175720481,4.27787015026685,0.0,0,1000,direct,Trimeresurus_toba,False,False,,,
3510,7129,Trimeresurus_gunaleni,Gunalen’s Pitviper,Squamata,Viperidae,DD,0.70654748722574,1.82546124686541,3.68737024052802,4.34946699123482,0.174705122815102,0.553140619855742,4.30896955618028,0.0,0,1000,direct,Trimeresurus_gunaleni,False,False,,,
3441,7134,Trimeresurus_phuketensis,,Squamata,Viperidae,NM,0.721641211537064,1.71848846264328,3.68459154101458,4.34992027711442,0.176139257685053,0.553488444375468,4.25274427244214,0.0,0,1000,no_RedList_match,,False,False,,,
3526,7138,Lytorhynchus_gasperetti,,Squamata,Colubridae,DD,0.701984248594186,1.69512539704681,3.68072062167145,5.53508356095675,0.166762954451852,0.476916340889223,4.79672833154288,0.0,0,1000,direct,Lytorhynchus_gasperetti,False,False,,,
3414,7147,Letheobia_erythraea,,Squamata,Typhlopidae,DD,0.730125571285344,1.79179744269514,3.67097539009204,5.0764643341644,0.183433230574427,0.574989477278725,4.32923237780787,0.0,0,1000,direct,Letheobia_erythraea,False,False,,,
3446,7167,Anilios_robertsi,,Squamata,Typhlopidae,DD,0.720394479951422,1.74001531280908,3.64996550886149,4.52061106986382,0.181974615188121,0.576116456750119,4.29492520043,0.0,0,1000,direct,Anilios_robertsi,False,False,,,
3522,7178,Agkistrodon_russeolus,,Squamata,Viperidae,NM,0.703556281532801,1.73864573348522,3.64028913330858,4.44829782752319,0.176671916695783,0.547573175720481,4.55224880120802,0.0,0,1000,no_RedList_match,,False,False,,,
3691,7182,Copeoglossum_margaritae,Margarita Skink,Squamata,Scincidae,DD,0.658856801338334,1.54104849756855,3.63481899328242,5.32745865785261,0.164774993994404,0.527949391204332,3.87626445362388,0.0,0,1000,direct,Copeoglossum_margaritae,False,False,,,
3597,7187,Boiga_hoeseli,,Squamata,Colubridae,DD,0.680031565932003,1.63394246048885,3.62888903786929,4.34679599425295,0.16521604822198,0.522183856401487,4.1877844695205,0.0,0,1000,direct,Boiga_hoeseli,False,False,,,
3563,7203,Euspondylus_oreades,,Squamata,Gymnophthalmidae,DD,0.689244774119764,1.57934085612876,3.6092597835709,5.27656023570202,0.165222135032615,0.506957364720205,4.12848950887589,0.0,0,1000,GBIF_accepted,Proctoporus_oreades,False,False,,,
3613,7204,Oligodon_wagneri,Wagner's Kukri Snake,Squamata,Colubridae,DD,0.675083062622752,1.6785243171499,3.6090987995889,4.8263733228636,0.166341651089203,0.465029282864858,4.25298443510096,0.0,0,1000,direct,Oligodon_wagneri,False,False,,,
3560,7208,Crotalus_armstrongi,,Squamata,Viperidae,NM,0.690097986747577,1.65523941987974,3.60683572017165,4.36653301053633,0.179232183393382,0.554587749592959,3.78993985051341,0.0,0,1000,no_RedList_match,,False,False,,,
3654,7212,Varanus_zugorum,Silver Tree Monitor,Squamata,Varanidae,DD,0.665724204852505,1.71898734220938,3.60416656762372,4.4248631510069,0.177314754181087,0.644470415393818,3.91965421990925,0.0,0,1000,direct,Varanus_zugorum,False,False,,,
3500,7217,Tropidolaemus_huttoni,Hutton’s Pit Viper,Squamata,Viperidae,DD,0.70869565153742,1.76715316070823,3.59959319241455,5.35148591828374,0.174250467837342,0.549105351593413,5.34059656845623,0.0,0,1000,direct,Tropidolaemus_huttoni,False,False,,,
3542,7225,Letheobia_jubana,,Squamata,Typhlopidae,DD,0.694489672666645,1.75049441443201,3.5846144551782,5.04587468894357,0.183433230574427,0.575219767925792,4.33188223921455,0.0,0,1000,direct,Letheobia_jubana,False,False,,,
3474,7228,Asymblepharus_mahabharatus,,Unassigned,Unassigned,DD,0.714693858965426,1.54606975703952,3.58263707711716,5.05660056469631,0.165182825261992,0.560765551697989,4.30809505935433,0.0,0,1000,GBIF_iucn_link,Asymblepharus_mahabharatus,False,False,,,
3856,7229,Emoia_coggeri,Cogger’s Skink,Squamata,Scincidae,DD,0.62239745104201,1.56868496921005,3.58126946087892,4.22573049365581,0.158652640391634,0.564715053000972,3.89618085016346,0.0,0,1000,direct,Emoia_coggeri,False,False,,,
3639,7232,Elapsoidea_broadleyi,,Squamata,Elapidae,DD,0.668295833843401,1.64837741579033,3.57736565629025,4.77000980393624,0.168202196853499,0.486088890254499,4.73453559081196,0.0,0,1000,direct,Elapsoidea_broadleyi,False,False,,,
3800,7234,Letheobia_pembana,Pemba Gracile Blind-snake,Squamata,Typhlopidae,DD,0.635480141762496,1.81002611582249,3.57660201586361,5.00188963301062,0.182301474906387,0.574783230916626,4.31940683011578,0.0,0,1000,direct,Letheobia_pembana,False,False,,,
3949,7235,Platyceps_thomasi,Thomas’ Semi-banded Racer,Squamata,Colubridae,DD,0.602269286051627,1.36365361884323,3.5757011132019,4.63107591439945,0.166762954451852,0.500294609037664,3.84114820278745,0.0,0,1000,direct,Platyceps_thomasi,False,False,,,
3650,7238,Platyceps_somalicus,Ogaden Racer,Squamata,Colubridae,DD,0.666045632807444,1.51795485288437,3.57400781416384,4.00463483287947,0.167096574834081,0.502337670891555,3.81201558038125,0.0,0,1000,direct,Platyceps_somalicus,False,False,,,
3556,7240,Saproscincus_eungellensis,Eungella Shadeskink,Squamata,Scincidae,DD,0.691021235477032,1.65980895136994,3.57125670202067,4.85947457887395,0.158652640391634,0.548391498178471,4.33468077388755,0.0,0,1000,direct,Saproscincus_eungellensis,False,False,,,
3824,7243,Euspondylus_rahmi,Rahm's Sun Tegus,Squamata,Gymnophthalmidae,DD,0.62929237082508,1.53897370717848,3.57013781831127,4.87284260216328,0.165222135032615,0.506957364720205,3.99394143199977,0.0,0,1000,GBIF_accepted,Proctoporus_rahmi,False,False,,,
3684,7253,Sphaerodactylus_alphus,,Squamata,Sphaerodactylidae,NM,0.660119931915304,1.64709921445599,3.55607835941385,1.79406699555777,0.186037691068409,0.578565800875058,3.24272103032214,0.0,0,1000,no_RedList_match,,False,False,,,
3899,7267,Letheobia_episcopus,,Squamata,Typhlopidae,DD,0.614533072728548,1.42501793730723,3.54029938559696,3.65899616916277,0.183433230574427,0.57339523231727,3.49198229918534,0.0,0,1000,direct,Letheobia_episcopus,False,False,,,
3775,7272,Platyceps_largeni,Dahlak Racer,Squamata,Colubridae,DD,0.639602176314484,1.50358261011048,3.5336508721086,4.296557329698,0.166341651089203,0.495676264194015,3.91711430749604,0.0,0,1000,direct,Platyceps_largeni,False,False,,,
3660,7282,Agkistrodon_howardgloydi,,Squamata,Viperidae,NM,0.664026418965207,1.54754816995468,3.51914033892724,4.62095476631257,0.176671916695783,0.549629886051474,4.3297244061948,0.0,0,1000,no_RedList_match,,False,False,,,
3780,7296,Platyceps_afarensis,,Squamata,Colubridae,DD,0.638801695970346,1.49822767618091,3.50913284712541,4.5134844013819,0.166762954451852,0.500294609037664,3.81201201208983,0.0,0,1000,direct,Platyceps_afarensis,False,False,,,
3792,7307,Emoia_cyclops,Cyclop’s Skink,Squamata,Scincidae,DD,0.636497284562101,1.33327467237662,3.49774813862333,4.36410926142242,0.157765974936778,0.548000628537276,3.94145454433924,0.0,0,1000,direct,Emoia_cyclops,False,False,,,
3696,7311,Riama_stellae,,Squamata,Gymnophthalmidae,DD,0.657561802060262,1.50284691658762,3.49650847085755,3.66912050556908,0.165820428278736,0.501366645063811,3.52285465577784,0.0,0,1000,GBIF_accepted,Andinosaura_stellae,False,False,,,
3852,7326,Leptosiaphos_luberoensis,Witte's Five-toed Skink,Squamata,Scincidae,DD,0.623269387091389,1.5418012272949,3.48671256350607,3.48515777523718,0.163122135058879,0.558427120058817,3.47227682603594,0.0,0,1000,direct,Leptosiaphos_luberoensis,False,False,,,
3753,7328,Letheobia_pauwelsi,,Squamata,Typhlopidae,DD,0.643437991806864,1.62391905701957,3.48498843383855,4.7324124000183,0.182554764337875,0.57445130345161,4.17022961984938,0.0,0,1000,direct,Letheobia_pauwelsi,False,False,,,
4095,7329,Eugongylus_sulaensis,Sula Skink,Squamata,Scincidae,DD,0.574212741696934,1.81501625795367,3.48486195195523,4.97529323289608,0.163122135058879,0.549319843974529,4.72076854247616,0.0,0,1000,direct,Eugongylus_sulaensis,False,False,,,
3529,7338,Amblyodipsas_teitana,Taita Hills Purple-glossed Snake,Squamata,Atractaspididae,DD,0.699868670581961,1.59322334434836,3.47659337198681,4.6123983460307,0.185043695292369,0.563845657917256,4.41749306033081,0.0,0,1000,direct,Amblyodipsas_teitana,False,False,,,
3835,7366,Simalia_tracyae,Halmahera Python,Squamata,Pythonidae,DD,0.627276271244876,1.85422905954196,3.44504475718182,1.22604603077359,0.176040603037455,0.58105212272301,3.469595662925,0.0,0,1000,direct,Simalia_tracyae,False,False,,,
3921,7370,Crotalus_campbelli,,Squamata,Viperidae,NM,0.607253048634981,1.42640316372908,3.442162682412,3.50797022493112,0.176671916695783,0.547573175720481,3.55113421620033,0.0,0,1000,no_RedList_match,,False,False,,,
3662,7376,Riama_yumborum,,Squamata,Gymnophthalmidae,DD,0.663772704624873,1.55157325303948,3.42903432866577,3.67560016356851,0.166193890040608,0.499807081639265,3.42223782171452,0.0,0,1000,direct,Riama_yumborum,False,False,,,
4046,7389,Hydrophis_pachycercos,,Squamata,Elapidae,DD,0.583467203410587,1.37336307654266,3.40942864536284,1.17591137344891,0.169079260384171,0.468930433806468,3.02835150825031,0.0,0,1000,direct,Hydrophis_pachycercos,False,False,,,
3525,7396,Amnesteophis_melanauchen,,Squamata,Dipsadidae,DD,0.70214081418294,1.74535059074733,3.40270416564547,4.25882914495938,0.182814367944735,0.623626796752195,4.12050196603071,0.0,0,1000,direct,Amnesteophis_melanauchen,False,False,,,
3811,7403,Letheobia_leucosticta,Liberia Worm Snake,Squamata,Typhlopidae,DD,0.632547806352337,1.60630674564899,3.39666639956333,4.80212845004822,0.182989376203208,0.575511727940301,4.20517490964658,0.0,0,1000,direct,Letheobia_leucosticta,False,False,,,
3635,7422,Letheobia_pallida,Zanzibar Beaked Snake,Squamata,Typhlopidae,DD,0.668655348511407,1.56682259078232,3.37599518965063,4.57723647099175,0.182989376203208,0.573927951228654,4.04600414127739,0.0,0,1000,direct,Letheobia_pallida,False,False,,,
4340,7445,Lerista_ingrami,McIvor River Slider,Squamata,Scincidae,DD,0.531142393069969,1.24668756566446,3.3576710961905,1.41531524599195,0.165543630260961,0.508420878045591,2.90450657519748,0.0,0,1000,direct,Lerista_ingrami,False,False,,,
3961,7446,Leptosiaphos_blochmanni,Zaire Three-toed Skink,Squamata,Scincidae,DD,0.600232963138971,1.56474488127411,3.35495866276997,3.87830857666133,0.163592539854557,0.558427120058817,3.68061780531536,0.0,0,1000,direct,Leptosiaphos_blochmanni,False,False,,,
3773,7450,Elapsoidea_chelazziorum,,Squamata,Elapidae,DD,0.640017733289976,1.57376459112135,3.35357249687393,5.49646618117874,0.168202196853499,0.491612741256193,4.57411158985708,0.0,0,1000,GBIF_iucn_link,Elapsoidea_chelazziorum,False,False,,,
3658,7451,Dryophiops_philippina,Philippine Keel-bellied Whip Snake,Squamata,Colubridae,DD,0.664520767194547,1.31894773535928,3.35184475089788,3.88782070261188,0.167474492415617,0.533410050315111,3.89556174916407,0.0,0,1000,direct,Dryophiops_philippina,False,False,,,
3806,7455,Afrotyphlops_angeli,,Squamata,Typhlopidae,NM,0.633733907993818,1.75325885827523,3.35062720049752,4.77466475882439,0.186212836295837,0.580307649596373,4.23889124641923,0.0,0,1000,no_RedList_match,,False,False,,,
3842,7460,Enulius_oligostichus,Mexican Longtail Snake,Squamata,Dipsadidae,DD,0.62530197299959,1.58417013384249,3.34661307574014,3.55775971493859,0.179042431178678,0.586361523825125,2.89428542338167,0.0,0,1000,direct,Enulius_oligostichus,False,False,,,
3874,7461,Meizodon_krameri,Tana Delta Smooth Snake,Squamata,Colubridae,DD,0.618410873268434,1.70371446611887,3.34635602062086,4.57407619928873,0.166341651089203,0.505933636727903,4.34980058709309,0.0,0,1000,direct,Meizodon_krameri,False,False,,,
3607,7466,Vipera_altaica,,Squamata,Viperidae,NM,0.676587249141767,1.63449008927696,3.34122756948237,3.92921742582762,0.178163851179345,0.555482804514044,3.61244622367122,0.0,0,1000,no_RedList_match,,False,False,,,
3854,7473,Afrotyphlops_schmidti,Schmidt’s Blind-snake,Squamata,Typhlopidae,DD,0.62286636295814,1.69330686107086,3.33560504690941,4.53664074673748,0.184336811190649,0.580307649596373,4.06904600799125,0.0,0,1000,direct,Afrotyphlops_schmidti,False,False,,,
3703,7477,Tropidurus_arenarius,,Squamata,Tropiduridae,DD,0.655107694630558,1.54739761609573,3.33366302906153,4.2493037829116,0.168804327640178,0.561772231425026,4.10383651385995,0.0,0,1000,GBIF_accepted,Microlophus_arenarius,False,False,,,
4063,7482,Furina_dunmalli,Dunmall's Snake,Squamata,Elapidae,DD,0.579796186083524,1.57937566837309,3.33100132164865,5.21151997552324,0.171722280025171,0.46955559241157,4.42950991949048,0.0,0,1000,direct,Furina_dunmalli,False,False,,,
4157,7484,Potamites_erythrocularis,,Squamata,Gymnophthalmidae,NM,0.563137708992827,1.58470801312996,3.32949343604302,3.91376079923449,0.165222135032615,0.506957364720205,3.87923537007374,0.0,0,1000,no_RedList_match,,False,False,,,
3883,7487,Riama_vieta,,Squamata,Gymnophthalmidae,DD,0.617382650981925,1.39251750121451,3.32655013107457,3.77484874530723,0.167466678606274,0.499402976264445,3.28780221614793,0.0,0,1000,GBIF_iucn_link,Riama_vieta,False,False,,,
3829,7490,Crotalus_ornatus,,Squamata,Viperidae,NM,0.628666519048628,1.40001824694705,3.32312506160149,3.7673437668458,0.178735888288564,0.549372669838727,3.61361892432969,0.0,0,1000,no_RedList_match,,False,False,,,
4181,7495,Eirenis_rechingeri,,Squamata,Colubridae,DD,0.559110332208426,1.3873252674084,3.32070101489982,3.68342886463927,0.167096574834081,0.50768644727683,3.56710643049557,0.0,0,1000,direct,Eirenis_rechingeri,False,False,,,
3748,7497,Toxicocalamus_pachysomus,,Squamata,Elapidae,DD,0.644660483805199,1.55877540385872,3.32000249477645,4.24066166701812,0.174250467837342,0.478027414154254,3.85630328393889,0.0,0,1000,direct,Toxicocalamus_pachysomus,False,False,,,
3781,7499,Letheobia_largeni,Largen’s Blind-snake,Squamata,Typhlopidae,DD,0.63854704059963,1.75562931950046,3.31582471174326,4.52576766728771,0.183433230574427,0.573604705468209,4.10349186479063,0.0,0,1000,direct,Letheobia_largeni,False,False,,,
4047,7503,Lobulia_glacialis,,Squamata,Scincidae,DD,0.583113145375403,1.45661722405531,3.31381707155681,4.15435464210215,0.158652640391634,0.567442493487835,3.97482526872451,0.0,0,1000,GBIF_accepted,Nubeoscincus_glacialis,False,False,,,
3816,7506,Crotalus_tlaloci,,Squamata,Viperidae,NM,0.631634794074644,1.36734584862885,3.31231350443804,3.83879407567015,0.177214341813134,0.550430439853311,3.62931482757152,0.0,0,1000,no_RedList_match,,False,False,,,
3896,7507,Afrotyphlops_blanfordii,,Squamata,Typhlopidae,DD,0.614657836885983,1.54068613033548,3.31198089662455,4.42160390496773,0.186995995555324,0.593404228608143,3.89025782467465,0.0,0,1000,direct,Afrotyphlops_blanfordii,False,False,,,
3970,7511,Riama_inanis,,Squamata,Gymnophthalmidae,DD,0.599108464735654,1.40077422895127,3.30632463509185,3.86651998099895,0.166193890040608,0.499807081639265,3.41207968536426,0.0,0,1000,GBIF_iucn_link,Riama_inanis,False,False,,,
3747,7528,Afrotyphlops_kaimosae,Kakamega Blind-snake,Squamata,Typhlopidae,DD,0.644743794984071,1.61458333562157,3.29161977348001,4.34475686232542,0.184336811190649,0.580307649596373,3.95389171623578,0.0,0,1000,direct,Afrotyphlops_kaimosae,False,False,,,
3960,7537,Leptosiaphos_fuhni,Fuhn's Five-toed Skink,Squamata,Scincidae,DD,0.600290159565802,1.44665268313282,3.27824113335646,3.37699032476359,0.163592539854557,0.562982219011038,3.43920536368675,0.0,0,1000,direct,Leptosiaphos_fuhni,False,False,,,
4064,7539,Emoia_mivarti,Admiralty Five-striped Skink,Squamata,Scincidae,DD,0.579516759649654,1.51282807706607,3.27788750033378,4.25116095985859,0.158652640391634,0.560177944393612,3.83161785528998,0.0,0,1000,direct,Emoia_mivarti,False,False,,,
3962,7546,Crotalus_stephensi,,Squamata,Viperidae,NM,0.599754540727188,1.36120580028522,3.26677778002965,3.9347176903196,0.177513548684819,0.550267780121222,3.63927868203567,0.0,0,1000,no_RedList_match,,False,False,,,
3873,7554,Porthidium_volcanicum,,Squamata,Viperidae,DD,0.618521001090456,1.49000587099363,3.2562720418171,3.85740240284205,0.178163851179345,0.553276999682585,3.57828910886243,0.0,0,1000,direct,Porthidium_volcanicum,False,False,,,
3995,7557,Phrynosoma_sherbrookei,,Squamata,Phrynosomatidae,NM,0.593344392413798,1.54778464105079,3.25382915997876,1.25954445898964,0.177942142714032,0.540743148592129,2.9375960705911,0.0,0,1000,no_RedList_match,,False,False,,,
3825,7576,Eutrachelophis_bassleri,,Unassigned,Unassigned,NM,0.629210538746703,1.65064451735087,3.23873647429957,3.69592949977587,0.182279456381909,0.623746631962827,2.56088305420323,0.0,0,1000,no_RedList_match,,False,False,,,
4397,7579,Pseudechis_papuanus,Papuan Blacksnake,Squamata,Elapidae,DD,0.522004515964003,1.09270648873468,3.23665672740857,1.80788695529327,0.173431851346135,0.486130332525261,2.87764420271068,0.0,0,1000,direct,Pseudechis_papuanus,False,False,,,
3889,7594,Panaspis_tancredi,Ethiopian Snake-Eyed Skink,Squamata,Scincidae,DD,0.616053724145091,1.3538731420893,3.22482866904506,4.49954389039273,0.161893092381762,0.549417179829181,4.28421882656352,0.0,0,1000,GBIF_accepted,Panaspis_tancredii,False,False,,,
3971,7597,Stegonotus_guentheri,Milne Bay Ground Snake,Squamata,Colubridae,DD,0.598864178267712,1.41151994765461,3.2226449012318,4.55461761415322,0.165991491034188,0.485762040877407,3.98962352949791,0.0,0,1000,direct,Stegonotus_guentheri,False,False,,,
3729,7602,Riama_hyposticta,,Squamata,Gymnophthalmidae,DD,0.647819490838293,1.36758351708773,3.21894147263114,3.61358412996014,0.167849067051439,0.498584772085484,3.33783046777718,0.0,0,1000,GBIF_iucn_link,Riama_hyposticta,False,False,,,
4179,7603,Emoia_digul,Digul's Skink,Squamata,Scincidae,DD,0.560014669691971,1.42519232221189,3.21845066201223,4.32558305159637,0.159716956191857,0.565509875480451,3.64383232505543,0.0,0,1000,direct,Emoia_digul,False,False,,,
3974,7606,Cercosaura_hypnoides,,Squamata,Gymnophthalmidae,DD,0.598043936984712,1.39341732641997,3.21574937164624,4.25099535461579,0.165222135032615,0.506446043794474,3.79010758224139,0.0,0,1000,direct,Cercosaura_hypnoides,False,False,,,
4188,7611,Pseudocordylus_subviridis,,Squamata,Cordylidae,NM,0.556876158006561,1.46974281171336,3.20930439699609,1.63183934362013,0.166098001950029,0.563532405088326,3.2129637026004,0.0,0,1000,no_RedList_match,,False,False,,,
3927,7612,Boiga_dightoni,Travancore Cat Snake,Squamata,Colubridae,DD,0.606495227790925,1.42026854633552,3.20881691623098,4.01352933982058,0.16521604822198,0.501452097770048,3.64841087970748,0.0,0,1000,direct,Boiga_dightoni,False,False,,,
3872,7619,Leptosiaphos_dewittei,Dewitte's Five-toed Skink,Squamata,Scincidae,DD,0.618700337207294,1.4353708169739,3.20191235716308,4.09922247141375,0.163592539854557,0.562982219011038,3.66612260645618,0.0,0,1000,direct,Leptosiaphos_dewittei,False,False,,,
3782,7620,Eutrachelophis_steinbachi,,Squamata,Dipsadidae,DD,0.638506929307352,1.60459320138173,3.20120064866807,3.62435130420166,0.182279456381909,0.623746631962827,2.56088305420323,0.0,0,1000,GBIF_accepted,Baliodryas_steinbachi,False,False,,,
3822,7621,Pseudechis_rossignolii,,Squamata,Elapidae,DD,0.629707729311945,1.55509861821843,3.20096889627641,4.5519905874455,0.171722280025171,0.482253422773467,4.32714059328547,0.0,0,1000,direct,Pseudechis_rossignolii,False,False,,,
3714,7633,Afrotyphlops_manni,Mann's Worm Snake,Squamata,Typhlopidae,DD,0.652955416058485,1.57716847554775,3.19019211983753,4.80866931975067,0.183744619005032,0.579288860625902,4.08010827516753,0.0,0,1000,GBIF_accepted,Letheobia_manni,False,False,,,
4004,7640,Anolis_boulengerianus,,Squamata,Anolidae,DD,0.590807904757376,1.56427425696947,3.18737808304969,1.25511845675967,0.181203860843429,0.570263733564334,2.9649277208049,0.0,0,1000,direct,Anolis_boulengerianus,False,False,,,
4074,7655,Potamites_montanicola,,Squamata,Gymnophthalmidae,DD,0.578237784553546,1.41531255512238,3.1728570879221,4.11733650556456,0.164823739954302,0.506957364720205,3.70781878241079,0.0,0,1000,direct,Potamites_montanicola,False,False,,,
3913,7666,Leptosiaphos_rhomboidalis,Udzungwa Five-toed Skink,Squamata,Scincidae,DD,0.610745139390774,1.42329429758528,3.1647565422005,3.82597702392014,0.163592539854557,0.558427120058817,3.50283754309299,0.0,0,1000,direct,Leptosiaphos_rhomboidalis,False,False,,,
3885,7667,Riama_afrania,,Squamata,Gymnophthalmidae,DD,0.617096632365097,1.35216778419784,3.16398911234826,3.46901781276136,0.166820222881355,0.499068969165271,3.12991073823223,0.0,0,1000,GBIF_accepted,Andinosaura_afrania,False,False,,,
3922,7670,Riama_laudahnae,,Squamata,Gymnophthalmidae,DD,0.607145649713714,1.60294985090212,3.16192032582147,3.52633258096112,0.165986041475851,0.500519182533514,3.17385404999816,0.0,0,1000,GBIF_accepted,Proctoporus_laudahnae,False,False,,,
4051,7676,Boiga_bengkuluensis,Bengkulu Cat Snake,Squamata,Colubridae,DD,0.58242073244885,1.49740678813873,3.15860785198009,3.97320362374858,0.165605638882113,0.526055260018677,3.68792513083129,0.0,0,1000,direct,Boiga_bengkuluensis,False,False,,,
4233,7677,Lycodon_tessellatus,Manila Wolf Snake,Squamata,Colubridae,DD,0.549539209519748,1.50369720072002,3.15577977848896,4.07363271203832,0.165757839263197,0.507053676709518,3.83695733102961,0.0,0,1000,direct,Lycodon_tessellatus,False,False,,,
4177,7679,Cercosaura_steyeri,,Squamata,Gymnophthalmidae,DD,0.560401238140811,1.36621903012676,3.15450001667968,4.28652565696784,0.165653664613254,0.524204658331228,3.68711751113578,0.0,0,1000,direct,Cercosaura_steyeri,False,False,,,
4357,7695,Eirenis_kermanensis,,Squamata,Colubridae,NM,0.52791443853409,1.42241451258884,3.14161114065905,3.44080711673577,0.166762954451852,0.506916444008895,3.37909943868027,0.0,0,1000,no_RedList_match,,False,False,,,
3990,7696,Micrurus_oligoanellatus,,Squamata,Elapidae,DD,0.594546506580548,1.52162975788914,3.14062219440569,4.0761396426582,0.175556332017394,0.542672515881462,3.87364673860176,0.0,0,1000,direct,Micrurus_oligoanellatus,False,False,,,
4232,7704,Emoia_mokolahi,,Squamata,Scincidae,NM,0.549599511170688,1.31783910114679,3.13365133015529,3.8351074940351,0.157765974936778,0.576868466473567,3.3887979463979,0.0,0,1000,no_RedList_match,,False,False,,,
4238,7706,Emoia_ahli,Ahl's Skink,Squamata,Scincidae,DD,0.548802430210388,1.53728961385889,3.13323891194638,3.97393398391837,0.159716956191857,0.564715053000972,3.61203349656277,0.0,0,1000,direct,Emoia_ahli,False,False,,,
4543,7707,Emoia_oriva,,Squamata,Scincidae,NM,0.497561430131438,1.43812257183702,3.13256142459509,3.91971333955071,0.158234030360422,0.548628475706674,3.34176243102167,0.0,0,1000,no_RedList_match,,False,False,,,
4001,7714,Lycodon_rosozonatus,Pink Large-toothed Snake,Squamata,Colubridae,DD,0.591663456084566,1.48951648477736,3.12589942516417,4.11941297388843,0.165757839263197,0.500637467559372,3.84764347570216,0.0,0,1000,direct,Lycodon_rosozonatus,False,False,,,
4042,7719,Menetia_amaura,,Squamata,Scincidae,NM,0.583843441069492,1.64174679649128,3.12196039058646,5.49480562517294,0.159001205764598,0.592574176693249,4.60541120145824,0.0,0,1000,no_RedList_match,,False,False,,,
4205,7722,Oligosoma_northlandi,,Squamata,Scincidae,NM,0.553530063600778,1.3030283811958,3.12079481566433,2.42857347171195,0.157327803208045,0.560101775494629,2.2710927672932,0.0,0,1000,no_RedList_match,,False,False,,,
4488,7731,Lycodon_cavernicolus,,Squamata,Colubridae,NM,0.508441195106404,1.29875753725316,3.11239650639512,1.70544342446161,0.16521604822198,0.505626983521482,2.93795834864962,0.0,0,1000,no_RedList_match,,False,False,,,
4353,7739,Cryptoblepharus_xenikos,,Squamata,Scincidae,DD,0.529454619682984,1.36920679569698,3.10239869386196,4.14498300684933,0.157765974936778,0.552440777444033,3.7484543796037,0.0,0,1000,direct,Cryptoblepharus_xenikos,False,False,,,
3975,7744,Afrotyphlops_rondoensis,Rondo Worm Snake,Squamata,Typhlopidae,DD,0.597880061867995,1.51116899030407,3.09759171653276,4.48683428524895,0.186995995555324,0.59352077500386,3.82809783965941,0.0,0,1000,direct,Afrotyphlops_rondoensis,False,False,,,
3805,7745,Afrotyphlops_nanus,Kenyan Dwarf Blind-snake,Squamata,Typhlopidae,DD,0.634088937829514,1.60426255944639,3.09540241919456,4.44046156017912,0.184336811190649,0.580517122747312,3.79152269416507,0.0,0,1000,direct,Afrotyphlops_nanus,False,False,,,
4159,7750,Anadia_petersi,Peters' Anadia,Squamata,Gymnophthalmidae,DD,0.562739954383747,1.40657648908459,3.09249284911838,3.96486600159486,0.165986041475851,0.54419404025608,3.35142621163485,0.0,0,1000,direct,Anadia_petersi,False,False,,,
4059,7765,Stegonotus_florensis,Flores Ground Snake,Squamata,Colubridae,DD,0.581154441605624,1.41881982843512,3.07747402103212,4.0619817532532,0.166762954451852,0.485667644855303,3.61059600348553,0.0,0,1000,direct,Stegonotus_florensis,False,False,,,
4082,7767,Coluber_barbouri,,Squamata,Colubridae,DD,0.576902661445181,1.33276380189931,3.07056248675113,3.55403232177902,0.165605638882113,0.53605113757738,3.25553119413474,0.0,0,1000,GBIF_accepted,Masticophis_barbouri,False,False,,,
4411,7769,Boiga_wallachi,Nicobar Cat Snake,Squamata,Colubridae,DD,0.518953384158742,1.49549569857478,3.07019399425654,4.03672114297467,0.16521604822198,0.522183856401487,3.67283438342462,0.0,0,1000,direct,Boiga_wallachi,False,False,,,
4173,7771,Eirenis_thospitis,,Squamata,Colubridae,DD,0.560719280387544,1.48635799924374,3.06793708648576,3.36925120981229,0.167602450460526,0.512535925626245,3.28685015965796,0.0,0,1000,direct,Eirenis_thospitis,False,False,,,
4137,7773,Lobulia_stellaris,,Squamata,Scincidae,DD,0.567438317244594,1.31274305388161,3.06619531429563,4.24508086269429,0.158234030360422,0.564715053000972,3.80392171435323,0.0,0,1000,GBIF_accepted,Nubeoscincus_stellaris,False,False,,,
4253,7780,Lycodon_zoosvictoriae,,Squamata,Colubridae,NM,0.546130617042976,1.40916018871833,3.05821055876162,4.04454425048189,0.165389535956814,0.505343515498626,3.6194980091646,0.0,0,1000,no_RedList_match,,False,False,,,
4086,7784,Mochlus_simonettai,Simonetta's Writhing Skink,Squamata,Scincidae,DD,0.576025308303861,1.2461175153536,3.057653959581,3.72173852850087,0.166574720106958,0.573676047630547,3.50199355495629,0.0,0,1000,direct,Mochlus_simonettai,False,False,,,
4011,7796,Bothrops_barnetti,Barnett's Lancehead,Squamata,Viperidae,DD,0.589011548728681,1.31610036683178,3.04869908651929,3.43920056654495,0.177214341813134,0.553276999682585,3.24062735480698,0.0,0,1000,direct,Bothrops_barnetti,False,False,,,
4820,7798,Micrurus_ibiboboca,Caatinga Coral Snake,Squamata,Elapidae,DD,0.45986273821838,1.19545578874548,3.04720302648109,2.70228904210555,0.175556332017394,0.54252027904336,2.6956157455929,0.0,0,1000,direct,Micrurus_ibiboboca,False,False,,,
3929,7803,Micrurus_camilae,,Squamata,Elapidae,DD,0.606340740333486,1.54515364341126,3.04365912175759,4.4815730825412,0.178221496166975,0.551166100334761,3.89294589270712,0.0,0,1000,direct,Micrurus_camilae,False,False,,,
4192,7810,Dryocalamus_gracilis,Scarce Bridal Snake,Squamata,Colubridae,DD,0.555297146258774,1.413421497125,3.03139777380137,3.74977892696856,0.165389535956814,0.466307638603743,3.62571611752216,0.0,0,1000,GBIF_accepted,Lycodon_gracilis,False,False,,,
4061,7812,Gongylosoma_nicobariensis,Camorta Island Stripe-necked Snake,Squamata,Colubridae,DD,0.580835250450227,1.5489519200874,3.03028932387848,4.54966117970091,0.165991491034188,0.521310520772334,3.5508351454611,0.0,0,1000,direct,Gongylosoma_nicobariensis,False,False,,,
4185,7817,Cryptoblepharus_ahli,Ahl’s Snake-eyed Skink,Squamata,Scincidae,DD,0.55739646745388,1.33583104816119,3.02503447456177,4.10621934678577,0.159001205764598,0.564478075472769,3.844254332164,0.0,0,1000,direct,Cryptoblepharus_ahli,False,False,,,
4240,7822,Emoia_laobaoense,,Squamata,Scincidae,DD,0.548601828249139,1.3880078827669,3.02118819314095,4.22507041112877,0.158234030360422,0.583238298274099,3.41650365747919,0.0,0,1000,GBIF_iucn_link,Emoia_laobaoense,False,False,,,
3926,7825,Adelophis_foxi,,Unassigned,Unassigned,DD,0.606604024259634,1.45179196462122,3.01236344503271,2.01712216000463,0.192788309468692,0.637398846644018,2.44298355543062,0.0,0,1000,GBIF_iucn_link,Adelophis_foxi,False,False,,,
3910,7829,Micrurus_petersi,Peters' Coral Snake,Squamata,Elapidae,DD,0.611250560527656,1.43453837526168,3.00932566013307,4.0838967733738,0.17891924770033,0.550921900185047,3.73316302125463,0.0,0,1000,direct,Micrurus_petersi,False,False,,,
4267,7834,Blythia_reticulata,,Unassigned,Unassigned,DD,0.543094366033346,1.53879303501018,3.0061451887496,4.99480268002283,0.164276558945935,0.436760978475,4.3192196887273,0.0,0,1000,GBIF_iucn_link,Blythia_reticulata,False,False,,,
4186,7861,Micrurus_tamaulipensis,,Squamata,Elapidae,DD,0.557336910951809,1.56042630185656,2.98339719207851,4.30713978957941,0.170201363200541,0.536566598904868,3.76605462579348,0.0,0,1000,direct,Micrurus_tamaulipensis,False,False,,,
4076,7863,Dryocalamus_philippinus,,Squamata,Colubridae,DD,0.577796662279782,1.49127611757669,2.98190205059217,3.9218380198847,0.165605638882113,0.473668100171606,3.73137477402912,0.0,0,1000,GBIF_accepted,Lycodon_philippinus,False,False,,,
4318,7875,Mochlus_grandisonianum,Lanza's Writhing Skink,Squamata,Scincidae,DD,0.533841287840206,1.19909226215913,2.97649659921557,3.86148258362128,0.165895918788839,0.565468811925396,3.40855285476,0.0,0,1000,GBIF_accepted,Mochlus_grandisonianus,False,False,,,
4019,7879,Lycodon_cardamomensis,Cardamom Mountains Wolf Snake,Squamata,Colubridae,DD,0.587199912884802,1.26416046056971,2.97423469028565,4.03670004388248,0.165757839263197,0.501137481484465,3.61218963662572,0.0,0,1000,direct,Lycodon_cardamomensis,False,False,,,
4077,7891,Cynisca_kraussi,,Squamata,Amphisbaenidae,DD,0.577756629188414,1.42061484224796,2.96314455182757,2.61766714251857,0.174006546284342,0.642676446892514,2.80931271280323,0.0,0,1000,direct,Cynisca_kraussi,False,False,,,
4117,7892,Aspidoscelis_maxima,,Squamata,Teiidae,NM,0.571249976110659,1.37138528676722,2.96215560024661,2.62645004213826,0.166193890040608,0.489359779442726,1.8605109613061,0.0,0,1000,no_RedList_match,,False,False,,,
4200,7898,Aspidoscelis_hyperythra,,Squamata,Teiidae,NM,0.55414739259318,1.45331266938515,2.95563466349913,2.59299655810568,0.166193890040608,0.486060851881821,1.81921634986842,0.0,0,1000,no_RedList_match,,False,False,,,
4328,7899,Varanus_yemenensis,Yemen Monitor,Squamata,Varanidae,DD,0.532604825246077,1.49407986203649,2.95532336720557,1.28330242614772,0.178836655102767,0.62608573226981,2.54626313774711,0.0,0,1000,direct,Varanus_yemenensis,False,False,,,
4604,7911,Caledoniscincus_cryptos,Cryptic Litter Skink,Squamata,Scincidae,DD,0.487926243037053,1.4946767247854,2.94861178575737,1.45876399294023,0.161023668593255,0.597432660289167,0.9307870152878,0.0,0,1000,direct,Caledoniscincus_cryptos,False,False,,,
4291,7933,Cryptoblepharus_richardsi,,Squamata,Scincidae,DD,0.539018876060495,1.4013669175495,2.93399516094726,3.79467455743235,0.158234030360422,0.559591136188145,3.69051062620842,0.0,0,1000,direct,Cryptoblepharus_richardsi,False,False,,,
4596,7938,Liolaemus_hermannunezi,,Squamata,Liolaemidae,DD,0.489938977132365,1.30298213743678,2.92801372629886,0.906268884245198,0.177380171543981,0.555700515440006,2.64426928122865,0.0,0,1000,direct,Liolaemus_hermannunezi,False,False,,,
4101,7943,Leptosiaphos_koutoui,,Squamata,Scincidae,DD,0.573501621612055,1.4333743272887,2.92399785557765,3.43691123478382,0.163122135058879,0.558174581788662,3.25513970617053,0.0,0,1000,direct,Leptosiaphos_koutoui,False,False,,,
4542,7958,Cercosaura_dicra,Uzzell's Prionodactylus,Squamata,Gymnophthalmidae,DD,0.498194720548732,1.21192658168245,2.90882575867326,3.92012890636999,0.165820428278736,0.542394417188845,3.37189069230588,0.0,0,1000,GBIF_accepted,Pholidobolus_dicrus,False,False,,,
4254,7963,Carlia_sukur,Sukur Four-toed Skink,Squamata,Scincidae,DD,0.545887239917761,1.19319216488546,2.90539369418317,3.53611920613413,0.157765974936778,0.562877768505259,3.48909140473933,0.0,0,1000,direct,Carlia_sukur,False,False,,,
4591,7973,Lycodon_davidi,,Squamata,Colubridae,NM,0.491349234513038,1.29524350591897,2.89532807537254,3.82931902298811,0.16521604822198,0.485766563967615,3.49840959261956,0.0,0,1000,no_RedList_match,,False,False,,,
4098,7974,Leptosiaphos_dungeri,,Squamata,Scincidae,DD,0.573907782216663,1.35160678932708,2.89470680246572,3.39242311013995,0.163122135058879,0.558427120058817,3.13938787023486,0.0,0,1000,direct,Leptosiaphos_dungeri,False,False,,,
4234,7979,Bothrops_jonathani,Jonathan's Lancehead,Squamata,Viperidae,DD,0.549453036079611,1.29160820899758,2.89227436259202,3.22822640025865,0.179232183393382,0.563133199292761,3.17791997206168,0.0,0,1000,direct,Bothrops_jonathani,False,False,,,
4199,8001,Lycodon_kundui,Kundu's Wolf Snake,Squamata,Colubridae,DD,0.554186065878583,1.2912825640939,2.87146581323934,4.007158612606,0.165389535956814,0.505626983521482,3.52521622874872,0.0,0,1000,direct,Lycodon_kundui,False,False,,,
4594,8011,Eirenis_africana,African Dwarf Snake,Squamata,Colubridae,DD,0.490412647821977,1.30954493378247,2.85872415403908,3.77970259074062,0.167602450460526,0.512470365866564,3.1323838336097,0.0,0,1000,GBIF_accepted,Eirenis_africanus,False,False,,,
4433,8012,Etheridgeum_pulchrum,Sumatran Burrowing Snake,Squamata,Calamariidae,DD,0.515704589912395,1.26510752546624,2.85744205023854,4.45353644797255,0.164611655022202,0.441069009313453,3.81590164968946,0.0,0,1000,direct,Etheridgeum_pulchrum,False,False,,,
4526,8014,Lygosoma_vosmaeri,Vosmer's Writhing Skink,Squamata,Scincidae,DD,0.501556187340249,1.19808669186365,2.8567980488141,1.98551335539086,0.167669452678823,0.569718244961255,2.80122862845739,0.0,0,1000,GBIF_accepted,Riopa_vosmaerii,False,False,,,
4229,8019,Hydromorphus_dunni,Dunn's Water Snake,Squamata,Dipsadidae,DD,0.550228471124773,1.32216341300449,2.8510577065255,3.73655405437862,0.167691029582601,0.467648545440189,3.54247562533142,0.0,0,1000,direct,Hydromorphus_dunni,False,False,,,
4326,8034,Adelphicos_latifasciatum,Oaxacan Burrowing Snake,Squamata,Dipsadidae,DD,0.532868686326613,1.30970512892064,2.83450308795365,3.51333242745464,0.17672088535038,0.569754514138234,2.92119565323766,0.0,0,1000,direct,Adelphicos_latifasciatum,False,False,,,
4295,8038,Emoia_jamur,Jamur Skink,Squamata,Scincidae,DD,0.537372153784429,1.32596163108117,2.8326937366274,4.0886481981697,0.158234030360422,0.548920382621804,3.53818881198351,0.0,0,1000,direct,Emoia_jamur,False,False,,,
4274,8042,Mochlus_mabuiiforme,Mabuya-like Skink,Squamata,Scincidae,DD,0.541558860538886,1.31954988620551,2.83098559694903,3.74199761398684,0.165895918788839,0.566132320151102,3.31392983187157,0.0,0,1000,GBIF_accepted,Mochlus_mabuiiformis,False,False,,,
4321,8043,Emoia_paniai,,Squamata,Scincidae,DD,0.533337928406667,1.29571298849291,2.83032043989441,3.64568159436386,0.157926559779375,0.574038782504007,3.33490408277903,0.0,0,1000,direct,Emoia_paniai,False,False,,,
4338,8045,Stegonotus_batjanensis,Batjan Frog-eating Snake,Squamata,Colubridae,DD,0.531603070068107,1.28860867625772,2.82920587267293,4.08849678719238,0.165991491034188,0.485667644855303,3.624424762257,0.0,0,1000,direct,Stegonotus_batjanensis,False,False,,,
4520,8049,Emoia_kitcheneri,,Squamata,Scincidae,DD,0.502587291017692,1.26898441599607,2.82697188178809,4.00995258526313,0.159001205764598,0.568673641536201,3.34869631262269,0.0,0,1000,direct,Emoia_kitcheneri,False,False,,,
4272,8050,Micrurus_bogerti,,Squamata,Elapidae,DD,0.541674265296183,1.19102641445286,2.82348386457047,3.53073258626983,0.175015019727817,0.54252027904336,3.48838972277822,0.0,0,1000,direct,Micrurus_bogerti,False,False,,,
4565,8056,Tropidurus_jaguaribanus,,Squamata,Tropiduridae,DD,0.494925696435878,1.29059145312412,2.81761529432419,1.34755572695975,0.170344008566499,0.569786937082984,2.65024697194841,0.0,0,1000,direct,Tropidurus_jaguaribanus,False,False,,,
4246,8060,Saphenophis_antioquiensis,Dunn's Saphenophis Snake,Squamata,Dipsadidae,DD,0.546941486703003,1.35320817054146,2.80857673191391,3.12216280446945,0.180547109845956,0.635704842635232,2.64449316907152,0.0,0,1000,direct,Saphenophis_antioquiensis,False,False,,,
4386,8077,Anadia_bumanguesa,,Squamata,Gymnophthalmidae,DD,0.52329170368437,1.21246930371256,2.77607372972399,3.52842831104506,0.166193890040608,0.517427948540847,3.13469478052518,0.0,0,1000,direct,Anadia_bumanguesa,False,False,,,
4550,8078,Carlia_spinauris,,Squamata,Scincidae,NM,0.496345255973071,1.25169009361355,2.7754625007592,3.87334516228961,0.157294223310074,0.552136720295456,3.61582238402286,0.0,0,1000,no_RedList_match,,False,False,,,
4523,8081,Ctenosaura_praeocularis,Southern Honduran Spiny-tailed Iguana,Squamata,Iguanidae,DD,0.502196165434439,1.21716135445212,2.77097515878062,3.74476411643524,0.181621884245912,0.569786937082984,3.1992269033062,0.0,0,1000,direct,Ctenosaura_praeocularis,False,False,,,
4905,8084,Hydrophis_belcheri,Faint-banded Sea Snake,Squamata,Elapidae,DD,0.447383461135249,1.14086672394607,2.76562306307961,1.2798038678329,0.17041261974261,0.491213890983791,2.30402290495415,0.0,0,1000,direct,Hydrophis_belcheri,False,False,,,
4369,8088,Phelsuma_hoeschi,,Squamata,Gekkonidae,DD,0.525487208964732,1.18309286221656,2.76401914865744,1.82781723412685,0.168284196998603,0.533576392732802,1.9865928709325,0.0,0,1000,direct,Phelsuma_hoeschi,False,False,,,
4374,8091,Phelsuma_kely,,Squamata,Gekkonidae,DD,0.52490014153613,1.27839138166727,2.76137772972432,1.84002046014473,0.168567884148377,0.53733551834411,1.9874501342046,0.0,0,1000,direct,Phelsuma_kely,False,False,,,
4658,8092,Lampropeltis_webbi,,Squamata,Colubridae,DD,0.481044318479861,1.36187539488552,2.75907681428926,1.08288895229834,0.166822827201569,0.553612690973234,2.7926491024257,0.0,0,1000,direct,Lampropeltis_webbi,False,False,,,
4310,8093,Micrurus_nebularis,,Squamata,Elapidae,DD,0.535036478043918,1.37446304795668,2.75566226462515,3.49812629821905,0.175709862409522,0.542970028703764,3.29780651159398,0.0,0,1000,direct,Micrurus_nebularis,False,False,,,
4187,8100,Montivipera_kuhrangica,,Squamata,Viperidae,NM,0.556879897088947,1.26474765650354,2.75129069944707,2.43942250760994,0.176194133429583,0.551835690882933,3.00107927467174,0.0,0,1000,no_RedList_match,,False,False,,,
4212,8108,Conophis_morai,,Squamata,Dipsadidae,DD,0.552956886699299,1.38501046500469,2.73397519865424,3.44450422846463,0.174070030175688,0.577236694025362,3.46632823364778,0.0,0,1000,direct,Conophis_morai,False,False,,,
4499,8115,Emoia_klossi,Kloss' Skink,Squamata,Scincidae,DD,0.505795363572274,1.22184329167787,2.72493050656302,4.09628214125406,0.158234030360422,0.548022006837388,3.39910786436873,0.0,0,1000,direct,Emoia_klossi,False,False,,,
4208,8123,Gloydius_monticola,Likiang Pit Viper,Squamata,Viperidae,DD,0.553111350268817,1.39793543990341,2.71455934374333,3.7507188225242,0.176671916695783,0.546678065437986,3.75080069605137,0.0,0,1000,direct,Gloydius_monticola,False,False,,,
4673,8132,Coluber_slevini,,Squamata,Colubridae,NM,0.47921207656209,1.1426364504917,2.70772689360935,3.46985241249607,0.165605638882113,0.535994598834991,2.8873955954495,0.0,0,1000,no_RedList_match,,False,False,,,
4642,8134,Sibon_noalamina,,Squamata,Dipsadidae,NM,0.482778108469791,1.29257094188133,2.70638648352332,3.55126833517511,0.16938745097696,0.566334547612524,3.01357497366018,0.0,0,1000,no_RedList_match,,False,False,,,
4223,8142,Saphenophis_atahuallpae,Atahuallpa Saphenophis Snake,Squamata,Dipsadidae,DD,0.551068057841665,1.34990865423125,2.69815564115751,3.20281728214426,0.179548637407013,0.636026532829089,2.67448791353876,0.0,0,1000,direct,Saphenophis_atahuallpae,False,False,,,
4588,8144,Mochlus_paedocarinatum,Lanza’s Writhing Skink,Squamata,Scincidae,DD,0.491588649932656,1.30333779054704,2.69580649156303,3.86625023309544,0.166180110918784,0.565224121378355,3.2208580123482,0.0,0,1000,GBIF_accepted,Mochlus_paedocarinatus,False,False,,,
4540,8152,Tarentola_rudis,,Squamata,Phyllodactylidae,DD,0.498378574600458,1.51835450214289,2.68879302756293,1.13492622142447,0.190900037989225,0.655316656770097,2.64234225056498,0.0,0,1000,direct,Tarentola_rudis,False,False,,,
4718,8179,Toxicocalamus_grandis,Setekwa River Forest Snake,Squamata,Elapidae,DD,0.471543916936314,1.22859994488448,2.66505118070334,4.30233328729703,0.174250467837342,0.478027414154254,3.06887818854626,0.0,0,1000,direct,Toxicocalamus_grandis,False,False,,,
4849,8180,Marisora_magnacornae,Eastern Nicaraguan skink,Squamata,Scincidae,DD,0.456229007072422,1.11502914726342,2.66379628604869,3.05744108960333,0.165576997411446,0.502935287112353,2.69859729233971,0.0,0,1000,direct,Marisora_magnacornae,False,False,,,
4677,8190,Aipysurus_apraefrontalis,Short-nosed Sea Snake,Squamata,Elapidae,DD,0.477910448884423,1.08680986169596,2.6554578734536,0.96731736239942,0.170201363200541,0.483585047331164,2.5548129085278,0.0,0,1000,direct,Aipysurus_apraefrontalis,False,False,,,
4843,8195,Cophoscincopus_senegalensis,,Squamata,Scincidae,DD,0.457317820750943,1.39346715961125,2.64621377115381,4.20548115108619,0.159788236873952,0.575930015045418,3.57482214400225,0.0,0,1000,direct,Cophoscincopus_senegalensis,False,False,,,
4869,8208,Lygosoma_goaensis,,Squamata,Scincidae,DD,0.453932408255986,1.1898266333686,2.63095862304493,1.69903233718351,0.166343016175021,0.564668447263984,2.5401829238877,0.0,0,1000,GBIF_iucn_link,Riopa_goaensis,False,False,,,
4784,8212,Arrhyton_dolichura,Habana Island Racer,Squamata,Dipsadidae,DD,0.463677227352815,1.35554826225052,2.62819209486625,1.14160855748254,0.174070030175688,0.57866166533048,2.3757351416066,0.0,0,1000,direct,Arrhyton_dolichura,False,False,,,
4541,8218,Arrhyton_ainictum,Cuban Island Racer,Squamata,Dipsadidae,DD,0.498259382676316,1.09768166111495,2.62084082558123,3.16670436438776,0.175827105608337,0.585797388051787,2.90088719831209,0.0,0,1000,direct,Arrhyton_ainictum,False,False,,,
4643,8221,Lycodon_solivagus,,Squamata,Colubridae,DD,0.48263841953388,1.15636025421719,2.61714925301148,3.80321597698826,0.165757839263197,0.501137481484465,3.35751634927383,0.0,0,1000,direct,Lycodon_solivagus,False,False,,,
4609,8222,Naja_crawshayi,,Squamata,Elapidae,NM,0.487636075319871,1.14915057308599,2.61612283168628,3.55968161729475,0.168690885744765,0.49919799360868,3.48832087937816,0.0,0,1000,no_RedList_match,,False,False,,,
4432,8229,Micrurus_renjifoi,,Squamata,Elapidae,DD,0.515726842558308,1.14471442577726,2.6082257198176,3.39111108925901,0.177513548684819,0.550254985600158,3.25465238091695,0.0,0,1000,direct,Micrurus_renjifoi,False,False,,,
4703,8230,Sibon_dunni,Dunn's Snail Sucker,Squamata,Dipsadidae,DD,0.474018900687606,1.20493427042499,2.60700497387989,3.29247464022659,0.171968786413411,0.566334547612524,2.86963748886757,0.0,0,1000,direct,Sibon_dunni,False,False,,,
4803,8233,Hydrophis_inornatus,Plain Sea Snake,Squamata,Elapidae,DD,0.461711919804216,1.03665730651706,2.60344023166972,2.88075110167665,0.168690885744765,0.484588992601054,2.81455540976923,0.0,0,1000,direct,Hydrophis_inornatus,False,False,,,
4619,8250,Cryptoblepharus_gurrmul,Arafura Snake-eyed Skink,Squamata,Scincidae,DD,0.486470633302797,1.2198408351005,2.58260979595745,4.0122892362549,0.160382768814393,0.568166135392981,3.52409490503765,0.0,0,1000,direct,Cryptoblepharus_gurrmul,False,False,,,
4227,8251,Saphenophis_tristriatus,,Squamata,Dipsadidae,DD,0.550614039764671,1.39720995798516,2.58205921208081,3.03436641323776,0.180547109845956,0.636026532829089,2.54456280024816,0.0,0,1000,direct,Saphenophis_tristriatus,False,False,,,
4808,8262,Bothrops_ayerbei,,Squamata,Viperidae,DD,0.46122863521329,1.21879557503804,2.57385479765107,3.4781530592562,0.177214341813134,0.555046544918919,3.10014363940345,0.0,0,1000,direct,Bothrops_ayerbei,False,False,,,
4802,8269,Gloydius_lijianlii,,Squamata,Viperidae,NM,0.461959946332134,1.09646401843054,2.56399483903453,3.65945235739858,0.176139257685053,0.547146726343616,3.29283993282898,0.0,0,1000,no_RedList_match,,False,False,,,
4500,8283,Philodryas_amaru,,Squamata,Dipsadidae,DD,0.505681836657815,1.21391594773592,2.55489412371975,3.39587746356357,0.179548637407013,0.635704842635232,3.18488498048069,0.0,0,1000,GBIF_accepted,Incaspis_amaru,False,False,,,
4896,8289,Pholidobolus_anomalus,Anomalous Cercosaura,Squamata,Gymnophthalmidae,DD,0.449438581575272,1.15621579393364,2.54616926814384,2.77712007842132,0.166358832682754,0.523690540557859,2.87782615320508,0.0,0,1000,GBIF_accepted,Cercosaura_anomala,False,False,,,
4912,8291,Rhadinaea_cuneata,Veracruz Graceful Brown Snake,Squamata,Dipsadidae,DD,0.446924900184093,1.01830160785181,2.544485001641,3.19295368656167,0.166107999318212,0.469721187365463,2.73376758089806,0.0,0,1000,direct,Rhadinaea_cuneata,False,False,,,
4521,8292,Imantodes_phantasma,,Squamata,Dipsadidae,DD,0.50247954030137,1.22514943785469,2.54190080944824,3.42247025288101,0.181703501084761,0.599143394110564,3.27156249721989,0.0,0,1000,direct,Imantodes_phantasma,False,False,,,
4761,8310,Sibon_linearis,,Squamata,Dipsadidae,DD,0.466278217997161,1.14544212043603,2.51309400584684,3.37903614839642,0.168471820934825,0.565209166041083,2.80560042192327,0.0,0,1000,direct,Sibon_linearis,False,False,,,
4644,8311,Lepidophyma_dontomasi,MacDougall's Tropical Night Lizard,Squamata,Xantusiidae,DD,0.482529624090397,1.22325225447905,2.51186797486463,1.50525807238736,0.168257190075815,0.584697223856837,1.7880587668036,0.0,0,1000,direct,Lepidophyma_dontomasi,False,False,,,
4862,8318,Crotalus_cerberus,,Squamata,Viperidae,NM,0.454601660403013,1.07025811049004,2.50116311250371,1.30603660378044,0.177513548684819,0.553914893752333,2.4190589435495,0.0,0,1000,no_RedList_match,,False,False,,,
4968,8328,Coniophanes_lateritius,,Squamata,Dipsadidae,DD,0.440966411594096,1.08036729142019,2.48768268919761,3.36557891886924,0.164473653464944,0.496800447591211,2.82640524251144,0.0,0,1000,direct,Coniophanes_lateritius,False,False,,,
4674,8340,Coluber_fuliginosus,Hallowell's Ground Snake,Squamata,Colubridae,DD,0.479109907724741,1.11030899061312,2.47532476907446,2.90907257114098,0.165605638882113,0.535994598834991,2.66213802409734,0.0,0,1000,GBIF_accepted,Atractus_fuliginosus,False,False,,,
5073,8342,Tantilla_albiceps,Barbour's Centipede Snake,Squamata,Colubridae,DD,0.42845492618431,1.12570154002312,2.47319017259612,3.08211271660769,0.165757839263197,0.552735463327476,2.52243931031183,0.0,0,1000,direct,Tantilla_albiceps,False,False,,,
5029,8345,Coniophanes_joanae,,Squamata,Dipsadidae,DD,0.432899925969025,1.05832017680896,2.46870932624931,3.3237611488022,0.164276558945935,0.492489091874593,2.80714708005343,0.0,0,1000,direct,Coniophanes_joanae,False,False,,,
4782,8347,Lepidophyma_radula,Yautepec Tropical Night Lizard,Squamata,Xantusiidae,DD,0.463745106191837,1.20414221122838,2.46776627108887,1.50660262912674,0.168409901470264,0.591712494606275,1.79080320194979,0.0,0,1000,direct,Lepidophyma_radula,False,False,,,
5012,8349,Emydocephalus_szczerbaki,,Squamata,Elapidae,NM,0.434436518054968,1.06310557098462,2.46175287346076,3.77284083528953,0.171722280025171,0.484217133874622,3.05951267010242,0.0,0,1000,no_RedList_match,,False,False,,,
5026,8359,Coniophanes_alvarezi,,Squamata,Dipsadidae,DD,0.43324517780141,1.18376062257816,2.45319472867104,3.25521096208138,0.164473653464944,0.47058600109533,2.72436976827553,0.0,0,1000,direct,Coniophanes_alvarezi,False,False,,,
4982,8363,Ficimia_ruspator,,Squamata,Colubridae,DD,0.438946448009513,1.0727827059814,2.44861320412226,2.76526208288292,0.166576368583006,0.550076185500166,2.56764273894601,0.0,0,1000,direct,Ficimia_ruspator,False,False,,,
4839,8368,Rhadinaea_gaigeae,,Squamata,Dipsadidae,DD,0.457749976218171,1.06301669449092,2.44277448756442,2.97442058134683,0.165168265399699,0.491745886479465,2.61581094589513,0.0,0,1000,direct,Rhadinaea_gaigeae,False,False,,,
5171,8369,Dendrophidion_rufiterminorum,,Squamata,Colubridae,NM,0.41752896215887,1.06115299168724,2.44230847056783,2.93508052193375,0.166762954451852,0.525200056386269,2.61748763827926,0.0,0,1000,no_RedList_match,,False,False,,,
4878,8378,Hydrophis_bituberculatus,Peters' Sea Snake,Squamata,Elapidae,DD,0.452621947651462,1.11184144035464,2.43157305153283,2.6806867384704,0.169079260384171,0.500467968441526,2.50671169482597,0.0,0,1000,direct,Hydrophis_bituberculatus,False,False,,,
4583,8382,Thamnophis_rossmani,,Squamata,Natricidae,DD,0.492167735591217,1.14998151506702,2.42683975115363,2.90071712439757,0.193196560688065,0.623532915542871,2.86158229150516,0.0,0,1000,direct,Thamnophis_rossmani,False,False,,,
4842,8386,Chironius_diamantina,,Squamata,Colubridae,NM,0.457389952457983,1.05764057838353,2.42460742133119,3.04536336960614,0.167474492415617,0.534206263517724,2.85667965440545,0.0,0,1000,no_RedList_match,,False,False,,,
4958,8392,Leptophis_haileyi,,Squamata,Colubridae,DD,0.441942046884937,1.07994970631465,2.41938267987045,3.43094677887659,0.165605638882113,0.526246745467447,3.10245370472529,0.0,0,1000,direct,Leptophis_haileyi,False,False,,,
4798,8398,Rhadinaea_quinquelineata,Pueblan Graceful Brown Snake,Squamata,Dipsadidae,DD,0.462266469982043,1.05149489826896,2.41033482255391,2.96734192812315,0.166890912496761,0.476952325037436,2.47766318604794,0.0,0,1000,direct,Rhadinaea_quinquelineata,False,False,,,
4876,8399,Tantilla_striata,Striped Centipede Snake,Squamata,Colubridae,DD,0.45282080715027,1.0969023299437,2.41022421306458,3.0850010970108,0.16521604822198,0.548195135418072,2.57284267281118,0.0,0,1000,direct,Tantilla_striata,False,False,,,
4994,8416,Ficimia_variegata,,Squamata,Colubridae,DD,0.437482962615141,1.10228860218947,2.39138504998755,2.74295383557644,0.166822827201569,0.553688122243652,2.46681492513491,0.0,0,1000,direct,Ficimia_variegata,False,False,,,
5189,8425,Calamorhabdium_kuekenthali,Batjan Iridescent Snake,Squamata,Calamariidae,DD,0.415516917493401,1.05299002715033,2.38045149315285,3.62944002326815,0.165168265399699,0.441069009313453,2.06655389556983,0.0,0,1000,direct,Calamorhabdium_kuekenthali,False,False,,,
4920,8434,Coniophanes_melanocephalus,,Squamata,Dipsadidae,DD,0.445855449806654,1.11213088809038,2.36908591424484,3.14648596587939,0.163530784100116,0.467952265991975,2.85500638489377,0.0,0,1000,direct,Coniophanes_melanocephalus,False,False,,,
5005,8443,Chionactis_annulata,,Unassigned,Unassigned,NM,0.435805529797313,1.01029746026467,2.36391316734422,3.03487401852008,0.167474492415617,0.549877711464127,2.89310515794543,0.0,0,1000,no_RedList_match,,False,False,,,
4824,8446,Bothrops_rhombeatus,,Squamata,Viperidae,NM,0.459671721012581,1.25017325131595,2.36036424185616,3.54631583638757,0.177513548684819,0.556441419991092,2.9927055826117,0.0,0,1000,no_RedList_match,,False,False,,,
5013,8449,Hydrophis_vorisi,Estuarine Sea Snake,Squamata,Elapidae,DD,0.434323292990067,1.00382811752855,2.35880434601469,2.94247107184414,0.168560701239223,0.484588992601054,2.72445655716684,0.0,0,1000,direct,Hydrophis_vorisi,False,False,,,
5226,8451,Hydrophis_sibauensis,Kalimantan Sea Snake,Squamata,Elapidae,DD,0.410854466088147,0.975811293969517,2.35832148094456,2.38159640808435,0.168560701239223,0.485007529848464,2.35687811104585,0.0,0,1000,direct,Hydrophis_sibauensis,False,False,,,
4729,8453,Hydrophis_mamillaris,Bombay Sea Snake,Squamata,Elapidae,DD,0.470027350665749,1.05613463942233,2.35722620751433,3.14838372128447,0.168690885744765,0.478234035511947,2.72390918723885,0.0,0,1000,direct,Hydrophis_mamillaris,False,False,,,
5267,8462,Micrurus_pachecogili,,Squamata,Elapidae,DD,0.406503546776615,1.16432118268113,2.35001429192573,3.54776836913634,0.170201363200541,0.536566598904868,3.03775046732555,0.0,0,1000,direct,Micrurus_pachecogili,False,False,,,
5105,8464,Rhadinaea_omiltemana,Guerreran Pine Woods Snake,Squamata,Dipsadidae,DD,0.42440080403647,1.09494668572648,2.34905926224566,3.09769590928454,0.166107999318212,0.491745886479465,2.57987027473085,0.0,0,1000,direct,Rhadinaea_omiltemana,False,False,,,
5110,8465,Tantilla_briggsi,Briggs' Centipede Snake,Squamata,Colubridae,DD,0.423728205947706,1.06754653673016,2.34797791233726,2.8700819517817,0.165757839263197,0.552735463327476,2.5515352845298,0.0,0,1000,direct,Tantilla_briggsi,False,False,,,
5036,8468,Rhadinaea_pulveriventris,Common Graceful Brown Snake,Squamata,Dipsadidae,DD,0.432403970292518,1.04706453297518,2.34412477076289,3.05816771324008,0.165168265399699,0.476952325037436,2.56786615067154,0.0,0,1000,direct,Rhadinaea_pulveriventris,False,False,,,
5062,8473,Sibon_perissostichon,,Squamata,Dipsadidae,DD,0.429099634116798,1.0200937015139,2.33494140923619,3.31146555405459,0.168595465815175,0.566719850957678,2.56812615015325,0.0,0,1000,direct,Sibon_perissostichon,False,False,,,
5106,8482,Rhadinaea_macdougalli,MacDougall's Graceful Brown Snake,Squamata,Dipsadidae,DD,0.424277914114474,0.989184988574837,2.32869295493302,3.02649204133879,0.166107999318212,0.496108077901355,2.47635948308054,0.0,0,1000,direct,Rhadinaea_macdougalli,False,False,,,
5089,8483,Urotheca_myersi,Talamanca Glasstail Snake,Squamata,Dipsadidae,DD,0.427075729293913,1.05663544214468,2.32757280506925,2.9326171403153,0.164515274651873,0.467901430286703,2.80776490535761,0.0,0,1000,direct,Urotheca_myersi,False,False,,,
5068,8485,Tantilla_ceboruca,,Squamata,Colubridae,NM,0.428799620354581,1.06456400284813,2.32579850320233,3.16004992585514,0.165757839263197,0.547797801691183,2.64863057934709,0.0,0,1000,no_RedList_match,,False,False,,,
4954,8487,Tantilla_miyatai,,Squamata,Colubridae,DD,0.442126830185713,1.09968623795587,2.32499070763287,3.33273658886602,0.16467278405325,0.539834014511265,2.59060597653254,0.0,0,1000,direct,Tantilla_miyatai,False,False,,,
5077,8488,Tantilla_cascadae,Michoacán Centipede Snake,Squamata,Colubridae,DD,0.428002963265934,0.988584491364491,2.32479955464398,2.96725761626885,0.16521604822198,0.547909396757174,2.50755469578383,0.0,0,1000,direct,Tantilla_cascadae,False,False,,,
5172,8491,Arrhyton_procerum,Zapata Long-tailed Groundsnake,Squamata,Dipsadidae,DD,0.417493336571869,1.15577203568251,2.32286002527569,1.0939327243878,0.174070030175688,0.585797388051787,1.79618516326769,0.0,0,1000,direct,Arrhyton_procerum,False,False,,,
4949,8496,Ficimia_ramirezi,,Squamata,Colubridae,DD,0.442706942389983,0.993207851293177,2.31491074498758,3.03369976268832,0.166822827201569,0.553786552316116,2.51326727149383,0.0,0,1000,direct,Ficimia_ramirezi,False,False,,,
5031,8503,Hydrophis_torquatus,West Coast Black-headed Sea Snake,Squamata,Elapidae,DD,0.432673242590726,0.960745398232551,2.30834527188722,2.64944892847132,0.168690885744765,0.49231892518123,2.58155513688555,0.0,0,1000,direct,Hydrophis_torquatus,False,False,,,
5102,8505,Diaphorolepis_laevis,Colombian Frog-eating Snake,Squamata,Dipsadidae,DD,0.424859677449299,1.05714045622102,2.3080155888591,2.64371129803383,0.164276558945935,0.496708825191868,2.40914870111991,0.0,0,1000,direct,Diaphorolepis_laevis,False,False,,,
5123,8506,Dendrophidion_crybelum,,Squamata,Colubridae,NM,0.42259559202174,1.08876925948427,2.30697472945054,2.78939315787326,0.166762954451852,0.527301077367044,2.66950050583036,0.0,0,1000,no_RedList_match,,False,False,,,
5403,8507,Tantilla_bairdi,,Squamata,Colubridae,DD,0.393470899024895,1.05531659772903,2.30653647720027,3.10671239869787,0.164276558945935,0.529333330405618,2.57609352027529,0.0,0,1000,direct,Tantilla_bairdi,False,False,,,
5191,8512,Tantilla_slavensi,Slavens' Centipede Snake,Squamata,Colubridae,DD,0.415048948047963,1.0420313418971,2.30482514526554,3.27024556780923,0.164564993611017,0.529452283707688,2.61725766542729,0.0,0,1000,direct,Tantilla_slavensi,False,False,,,
5324,8515,Tretanorhinus_mocquardi,Mocquard's Swamp Snake,Squamata,Dipsadidae,DD,0.399775880911299,1.20441231263564,2.29889143885598,2.99628226660223,0.180547109845956,0.596204031019047,2.9125630081247,0.0,0,1000,direct,Tretanorhinus_mocquardi,False,False,,,
5022,8517,Apostolepis_dorbignyi,Bolivian Burrowing Snake,Squamata,Dipsadidae,DD,0.433416873173959,1.10910806206362,2.29771795994625,2.38182083962397,0.180547109845956,0.582045761600487,2.45553295077583,0.0,0,1000,direct,Apostolepis_dorbignyi,False,False,,,
5159,8518,Rhadinella_kanalchutchan,,Squamata,Dipsadidae,DD,0.418489610551831,1.13226872431091,2.29734134318554,3.03705476249957,0.176938095184123,0.577974342802501,2.68023114967674,0.0,0,1000,direct,Rhadinella_kanalchutchan,False,False,,,
5111,8541,Coniophanes_sarae,,Squamata,Dipsadidae,DD,0.423668943935994,1.08616988922314,2.2793157549284,3.03386930429897,0.163530784100116,0.467901430286703,2.73662333354375,0.0,0,1000,direct,Coniophanes_sarae,False,False,,,
5176,8542,Trimetopon_barbouri,Barbour's Tropical Ground Snake,Squamata,Dipsadidae,DD,0.416763549532206,1.01906494202685,2.27914345557175,2.77149364291761,0.17672088535038,0.582274446959609,2.28331415685728,0.0,0,1000,direct,Trimetopon_barbouri,False,False,,,
5200,8545,Hydrophis_hendersoni,,Squamata,Elapidae,NM,0.414069361297938,0.934766960136723,2.27720874681274,2.76250678645299,0.168690885744765,0.484588992601054,2.48822172730079,0.0,0,1000,no_RedList_match,,False,False,,,
4945,8554,Calamorhabdium_acuticeps,Sulawesi Iridescent Snake,Squamata,Calamariidae,DD,0.443082819806949,1.01985083971884,2.26872862578416,3.86299863786768,0.165168265399699,0.441069009313453,2.06655389556983,0.0,0,1000,direct,Calamorhabdium_acuticeps,False,False,,,
5104,8559,Atractus_indistinctus,Indistinct Ground Snake,Squamata,Dipsadidae,DD,0.42451521044626,0.998191862556484,2.26412774382606,2.71216619905319,0.175737774548199,0.589035199080563,2.39691460774309,0.0,0,1000,direct,Atractus_indistinctus,False,False,,,
5244,8564,Tantilla_nigra,Black Centipede Snake,Squamata,Colubridae,DD,0.408642515818182,1.03572748595799,2.26041073034501,2.71576245210108,0.16467278405325,0.539834014511265,2.49225140298701,0.0,0,1000,direct,Tantilla_nigra,False,False,,,
5330,8565,Tantilla_tayrae,Volcan Tacana Centipede Snake,Squamata,Colubridae,DD,0.399338112601625,1.03024079745104,2.25994649063632,2.91432002663267,0.165146279109614,0.545963715405272,2.41545595008441,0.0,0,1000,direct,Tantilla_tayrae,False,False,,,
5626,8570,Tantilla_oaxacae,Oaxacan Centipede Snake,Squamata,Colubridae,DD,0.373967894848904,1.09849540114053,2.2580033545665,2.87760551247494,0.164882393362033,0.539834014511265,2.41049854591175,0.0,0,1000,direct,Tantilla_oaxacae,False,False,,,
5134,8583,Coniophanes_michoacanensis,,Squamata,Dipsadidae,NM,0.421293730247083,1.12767944271239,2.24004469469378,3.03175410138869,0.164515274651873,0.47058600109533,2.6324928831947,0.0,0,1000,no_RedList_match,,False,False,,,
5298,8585,Hydrophis_melanosoma,Black-banded Sea Snake,Squamata,Elapidae,DD,0.402777064296948,1.04991768725601,2.23870242050931,2.5002167436351,0.173503458183883,0.496975084576119,2.36699394947992,0.0,0,1000,direct,Hydrophis_melanosoma,False,False,,,
5411,8586,Rhadinaea_myersi,Myers' Graceful Brown Snake,Squamata,Dipsadidae,DD,0.392263687662363,1.01124323313202,2.23693978359058,2.98271224929201,0.164611655022202,0.469893631405474,2.38957629488519,0.0,0,1000,direct,Rhadinaea_myersi,False,False,,,
5125,8589,Geophis_tarascae,Tarascan Earth Snake,Squamata,Dipsadidae,DD,0.422307416706703,1.11524643085962,2.2340255450088,2.9524397191483,0.172388211540444,0.582616261673593,2.52760764016696,0.0,0,1000,direct,Geophis_tarascae,False,False,,,
5446,8595,Pliocercus_wilmarai,,Squamata,Dipsadidae,DD,0.389382260859414,0.968618552007915,2.23008910496853,2.7320888642525,0.164473653464944,0.496961710038381,2.71911093086289,0.0,0,1000,direct,Pliocercus_wilmarai,False,False,,,
5088,8600,Enhydris_jagorii,Bangkok Mud Snake,Squamata,Homalopsidae,DD,0.427206200268815,1.02250294518218,2.22604163272638,1.4836879202775,0.173922185920503,0.549105351593413,2.2466844432594,0.0,0,1000,direct,Enhydris_jagorii,False,False,,,
5241,8601,Geophis_petersii,Peters' Earth Snake,Squamata,Dipsadidae,DD,0.408954513109641,1.10759206698444,2.22516293807923,2.86517078419208,0.172388211540444,0.582496426462962,2.46496123361908,0.0,0,1000,direct,Geophis_petersii,False,False,,,
5143,8611,Geophis_turbidus,,Squamata,Dipsadidae,NM,0.420351253258707,0.977110820191835,2.22005339012867,2.71361008312242,0.171009862162587,0.58286876954404,2.31614490397406,0.0,0,1000,no_RedList_match,,False,False,,,
5097,8614,Tantilla_hendersoni,Peten Centipede Snake,Squamata,Colubridae,DD,0.42617205339548,1.03535572530485,2.217567519612,3.01124512775034,0.165146279109614,0.545963715405272,2.47528799366271,0.0,0,1000,direct,Tantilla_hendersoni,False,False,,,
5302,8619,Urotheca_dumerilli,,Squamata,Dipsadidae,DD,0.402357133750575,0.980476898106938,2.21497177513409,2.75582104140699,0.164611655022202,0.477124769077447,2.76431478610004,0.0,0,1000,GBIF_iucn_link,Urotheca_dumerilli,False,False,,,
5074,8620,Hydrophis_nigrocinctus,Daudin's Sea Snake,Squamata,Elapidae,DD,0.428371064497455,1.02253189521358,2.21429042862106,2.74038814682517,0.168339381445987,0.457430065545261,2.60065128549869,0.0,0,1000,direct,Hydrophis_nigrocinctus,False,False,,,
5220,8622,Tantilla_olympia,,Squamata,Colubridae,NM,0.411130525790599,1.05938204275616,2.21239796140897,3.13257235366555,0.164882393362033,0.544373707927385,2.51906865404099,0.0,0,1000,no_RedList_match,,False,False,,,
4832,8623,Tantilla_johnsoni,,Squamata,Colubridae,DD,0.458359470010326,0.943665443596974,2.21223084611244,3.0909856431434,0.165389535956814,0.552847058393466,2.4943020073998,0.0,0,1000,direct,Tantilla_johnsoni,False,False,,,
5504,8628,Geophis_betaniensis,Betanien Earth Snake,Squamata,Dipsadidae,DD,0.384679866348314,0.987976322337064,2.20924102722034,2.73900101947639,0.17465091641944,0.582496426462962,2.37302180548231,0.0,0,1000,direct,Geophis_betaniensis,False,False,,,
5560,8634,Rhadinaea_bogertorum,Oaxacan Graceful Brown Snake,Squamata,Dipsadidae,DD,0.379859002052454,0.95594037627544,2.20545518564233,2.96454811202432,0.166107999318212,0.467125561870652,2.29353414930618,0.0,0,1000,direct,Rhadinaea_bogertorum,False,False,,,
5315,8638,Geophis_sieboldi,Siebold's Earth Snake,Squamata,Dipsadidae,DD,0.400443469835816,1.06317756643304,2.2027092585298,2.84010497824981,0.171968786413411,0.578319850616496,2.37901042194243,0.0,0,1000,direct,Geophis_sieboldi,False,False,,,
5678,8653,Tantilla_tecta,,Squamata,Colubridae,DD,0.370055688429722,0.94976930591665,2.19545519380612,3.03784527087655,0.164564993611017,0.529333330405618,2.51850461078159,0.0,0,1000,direct,Tantilla_tecta,False,False,,,
5499,8654,Atractus_depressiocellus,,Squamata,Dipsadidae,DD,0.384822315239595,0.989372863953362,2.19536937324576,2.7078550605748,0.171968786413411,0.538549662376626,2.34142733686294,0.0,0,1000,direct,Atractus_depressiocellus,False,False,,,
4996,8662,Tantilla_triseriata,Three-lined Centipede Snake,Squamata,Colubridae,DD,0.437258707301625,0.987867567027869,2.18930457592459,2.90669722110821,0.165389535956814,0.554096621418145,2.48306199382022,0.0,0,1000,direct,Tantilla_triseriata,False,False,,,
5714,8664,Lygisaurus_abscondita,Mt Surprise Litter-Skink,Squamata,Scincidae,DD,0.366773395412575,0.999215747310535,2.18725199662872,0.984491560542983,0.158234030360422,0.567442493487835,2.04730023558292,0.0,0,1000,GBIF_accepted,Lygisaurus_absconditus,False,False,,,
4973,8668,Geophis_championi,Panamenian Earth Snake,Squamata,Dipsadidae,DD,0.44028157992859,1.09660459211751,2.18315679609156,2.65831406944157,0.171968786413411,0.578319850616496,2.36081765950853,0.0,0,1000,direct,Geophis_championi,False,False,,,
5316,8671,Hydrophis_laboutei,,Squamata,Elapidae,DD,0.400441702011242,1.02053738333463,2.1781785939218,2.75284928055498,0.169737589821379,0.500467968441526,2.4395523366816,0.0,0,1000,direct,Hydrophis_laboutei,False,False,,,
5009,8674,Tantilla_sertula,,Squamata,Colubridae,DD,0.435012278889432,1.05994322981648,2.17563841077879,2.95889224348968,0.16521604822198,0.552847058393466,2.43010136968033,0.0,0,1000,direct,Tantilla_sertula,False,False,,,
5295,8678,Atractus_atratus,,Squamata,Dipsadidae,DD,0.403721115364425,1.02369034575726,2.17355063058867,2.74871972198787,0.17150344251411,0.501870178417846,2.37147206180406,0.0,0,1000,direct,Atractus_atratus,False,False,,,
5344,8679,Aipysurus_foliosquama,Leaf-scaled Sea Snake,Squamata,Elapidae,DD,0.39859685366831,0.962280057362376,2.17223801777761,0.868261393248899,0.170201363200541,0.483872386175617,2.1271198137453,0.0,0,1000,direct,Aipysurus_foliosquama,False,False,,,
5042,8682,Alsophis_danforthi,,Squamata,Dipsadidae,NM,0.431785812563523,1.06713984412574,2.17142048180793,2.48095933636297,0.174070030175688,0.572845973031936,2.25960937718503,0.0,0,1000,no_RedList_match,,False,False,,,
5506,8683,Atractus_darienensis,,Squamata,Dipsadidae,DD,0.384611951040682,0.950191376852589,2.17124502140044,2.56543990452583,0.170588724857389,0.501870178417846,2.28565147526072,0.0,0,1000,direct,Atractus_darienensis,False,False,,,
5120,8687,Dendrophidion_apharocybe,,Squamata,Colubridae,NM,0.422833719514778,1.01582310114465,2.16837545293983,3.02076391685738,0.166762954451852,0.527474430819069,2.56757213977123,0.0,0,1000,no_RedList_match,,False,False,,,
5631,8691,Tantilla_robusta,,Squamata,Colubridae,DD,0.373556633523948,1.02822695326349,2.16345433995434,2.96425952389942,0.164564993611017,0.529333330405618,2.45307328040761,0.0,0,1000,direct,Tantilla_robusta,False,False,,,
5533,8693,Tantilla_trilineata,,Squamata,Colubridae,NM,0.382265389257589,0.9937427511757,2.16130715613311,3.03738151049426,0.165389535956814,0.552735463327476,2.47541107169311,0.0,0,1000,no_RedList_match,,False,False,,,
5675,8703,Atractus_bocki,Bock's Ground Snake,Squamata,Dipsadidae,DD,0.370400542190427,0.982376428972219,2.15544366550316,2.76599397505464,0.170095144505866,0.498584020917048,2.36831718788241,0.0,0,1000,direct,Atractus_bocki,False,False,,,
5339,8714,Atractus_savagei,Savage’s Groundsnake,Squamata,Dipsadidae,DD,0.398884361684036,0.976657663691287,2.14100827651204,2.3328260703612,0.170095144505866,0.498584020917048,2.17446402808121,0.0,0,1000,direct,Atractus_savagei,False,False,,,
5145,8715,Geophis_laticollaris,Widecollar Earth Snake,Squamata,Dipsadidae,DD,0.420022674753545,1.08631964328411,2.14091205259594,2.79332513233715,0.171968786413411,0.58286876954404,2.36581383036559,0.0,0,1000,direct,Geophis_laticollaris,False,False,,,
5309,8717,Atractus_franciscopaivai,,Squamata,Dipsadidae,DD,0.401022393530638,1.03723665045842,2.13870930800654,2.58921796919449,0.176675885137003,0.566719850957678,2.33549917337548,0.0,0,1000,direct,Atractus_franciscopaivai,False,False,,,
5650,8720,Atractus_boulengerii,,Squamata,Dipsadidae,DD,0.372381103374202,1.04873204171865,2.13486824591929,2.5936833991049,0.176675885137003,0.562977544984911,2.31395268490486,0.0,0,1000,direct,Atractus_boulengerii,False,False,,,
5163,8726,Geophis_downsi,Savage's Earth Snake,Squamata,Dipsadidae,DD,0.418117189997163,1.0533267630643,2.12803853766061,2.68076099339673,0.171968786413411,0.578319850616496,2.343202062285,0.0,0,1000,direct,Geophis_downsi,False,False,,,
5400,8728,Geophis_bellus,,Squamata,Dipsadidae,DD,0.393557773979615,1.06140693749104,2.12723101586924,2.695643198233,0.17465091641944,0.582274446959609,2.36770022662664,0.0,0,1000,direct,Geophis_bellus,False,False,,,
5384,8731,Geophis_maculiferus,Michoacán Earth Snake,Squamata,Dipsadidae,DD,0.39494700496897,0.993181368229637,2.12210007957541,2.70153577717065,0.171968786413411,0.582616261673593,2.30894142315858,0.0,0,1000,direct,Geophis_maculiferus,False,False,,,
5738,8732,Atractus_ochrosetrus,,Squamata,Dipsadidae,DD,0.365237409181483,0.962611242068953,2.11945097145264,2.646586759846,0.172383613722401,0.568700531808984,2.27163861201614,0.0,0,1000,direct,Atractus_ochrosetrus,False,False,,,
5749,8734,Atractus_chthonius,,Squamata,Dipsadidae,DD,0.364059406518295,0.927329882879653,2.11789031528152,2.68531144286909,0.168595465815175,0.496547562744698,2.26062709014835,0.0,0,1000,direct,Atractus_chthonius,False,False,,,
5745,8735,Alsophis_sajdaki,,Squamata,Dipsadidae,NM,0.364756412459426,1.09326659128659,2.11703455986357,1.00578653839663,0.175827105608337,0.572845973031936,1.36921348337458,0.0,0,1000,no_RedList_match,,False,False,,,
5072,8739,Liolaemus_confusus,,Squamata,Liolaemidae,DD,0.428468165786848,1.04598657224863,2.11184950154209,2.94945807570666,0.188590011337757,0.590479822658901,2.60385869911343,0.0,0,1000,direct,Liolaemus_confusus,False,False,,,
5893,8742,Atractus_punctiventris,Pointed Ground Snake,Squamata,Dipsadidae,DD,0.353037941385718,0.878571052224976,2.10839438568618,2.40853932671208,0.172769960546025,0.568315228463829,2.15687089910013,0.0,0,1000,direct,Atractus_punctiventris,False,False,,,
5300,8744,Atractus_loveridgei,Loveridge's Ground Snake,Squamata,Dipsadidae,DD,0.402555580312943,0.948705128684627,2.10588672381938,2.61386192308044,0.172769960546025,0.556463080889089,2.23175453852951,0.0,0,1000,direct,Atractus_loveridgei,False,False,,,
5483,8746,Calamaria_sangi,Sang's Reed Snake,Squamata,Calamariidae,DD,0.385710663063184,1.02633463802014,2.10546958409031,3.52978495676365,0.164515274651873,0.437895961671016,2.72099904556387,0.0,0,1000,direct,Calamaria_sangi,False,False,,,
5549,8747,Rhadinella_hannsteini,Hannstein's Spot-lipped Snake,Squamata,Dipsadidae,DD,0.380857802439521,1.06301507014977,2.10498043281692,3.07515704427436,0.176938095184123,0.577974342802501,2.4167738237815,0.0,0,1000,direct,Rhadinella_hannsteini,False,False,,,
5846,8759,Coluber_schotti,,Squamata,Colubridae,NM,0.35680313451411,0.893316848178069,2.09371221065737,1.24178651381282,0.165757839263197,0.535994598834991,1.86976163994235,0.0,0,1000,no_RedList_match,,False,False,,,
5521,8760,Atractus_andinus,Andean Ground Snake,Squamata,Dipsadidae,DD,0.38364024566115,0.968556501904598,2.09213093139373,2.71187587497353,0.17670128536528,0.584079676653373,2.29069200251835,0.0,0,1000,direct,Atractus_andinus,False,False,,,
5361,8761,Atractus_typhon,,Squamata,Dipsadidae,DD,0.396703705289361,0.940708913038731,2.09125564951174,2.67799481403319,0.171968786413411,0.546827937013454,2.32064114251402,0.0,0,1000,direct,Atractus_typhon,False,False,,,
5635,8765,Trimorphodon_paucimaculatus,,Squamata,Colubridae,NM,0.373346323068374,0.956427349217428,2.08751047104579,2.77654488947599,0.165605638882113,0.536314408936688,2.69311326597615,0.0,0,1000,no_RedList_match,,False,False,,,
5454,8768,Atractus_nigriventris,Black-ventered Ground Snake,Squamata,Dipsadidae,DD,0.388585747930241,0.922016102724033,2.08513677193818,2.56268900144044,0.172383613722401,0.52428712586673,2.26908061446059,0.0,0,1000,direct,Atractus_nigriventris,False,False,,,
5639,8778,Atractus_attenuates,,Squamata,Dipsadidae,NM,0.373158797694507,0.96090805870104,2.07673008668126,2.60315638310797,0.17670128536528,0.58367738413641,2.1503571073176,0.0,0,1000,no_RedList_match,,False,False,,,
5739,8783,Geophis_incomptus,Sierra Coalcoman Earth Snake,Squamata,Dipsadidae,DD,0.365179257884238,1.0148350662819,2.07268910348345,2.54826641047813,0.172388211540444,0.582496426462962,2.32110863275281,0.0,0,1000,direct,Geophis_incomptus,False,False,,,
5579,8784,Calamaria_nuchalis,Narrow-headed Reed Snake,Squamata,Calamariidae,DD,0.378300008195013,1.03564557792216,2.07227648382814,3.61060960241408,0.164515274651873,0.47058600109533,2.65079471503936,0.0,0,1000,direct,Calamaria_nuchalis,False,False,,,
5700,8792,Calamaria_alidae,Bengkulu Reed Snake,Squamata,Calamariidae,DD,0.367904033384572,1.03018457083109,2.06948786585304,3.31761324380101,0.164515274651873,0.492438256169321,2.72112194073394,0.0,0,1000,direct,Calamaria_alidae,False,False,,,
5156,8796,Philodryas_laticeps,,Squamata,Dipsadidae,DD,0.418724101701481,0.990260716787122,2.06690011539111,3.18823243973933,0.179548637407013,0.635704842635232,2.72004759455365,0.0,0,1000,GBIF_accepted,Chlorosoma_laticeps,False,False,,,
5312,8797,Atractus_sanguineus,Bloody Ground Snake,Squamata,Dipsadidae,DD,0.400624180392837,1.05313486933443,2.06545269313354,2.59149334585281,0.176894896240848,0.584268211902269,2.2521974254487,0.0,0,1000,direct,Atractus_sanguineus,False,False,,,
5651,8802,Dipsas_schunkii,Schunk's Snail-eater,Squamata,Dipsadidae,DD,0.372375540502932,0.964345608374774,2.0610096065587,2.67024900018677,0.168595465815175,0.57214383695109,2.46960324166088,0.0,0,1000,direct,Dipsas_schunkii,False,False,,,
5557,8805,Rhadinaea_forbesi,Forbes' Graceful Brown Snake,Squamata,Dipsadidae,DD,0.3801720092649,0.893230476324678,2.05869051739853,2.69736697853898,0.166107999318212,0.469893631405474,2.2059354131274,0.0,0,1000,direct,Rhadinaea_forbesi,False,False,,,
5327,8812,Geophis_bicolor,Mexican Plateau Earth Snake,Squamata,Dipsadidae,DD,0.399562136945814,0.89131675114615,2.05522033048187,2.77425839751122,0.17672088535038,0.578203295007442,2.17891623294398,0.0,0,1000,direct,Geophis_bicolor,False,False,,,
5717,8816,Atractus_favae,Filippi's Ground Snake,Squamata,Dipsadidae,DD,0.366625307129671,0.997339701284297,2.05293372280034,2.74569683168215,0.173861416492827,0.573483311449653,2.20346278557352,0.0,0,1000,direct,Atractus_favae,False,False,,,
5498,8819,Calamaria_javanica,Javanese Reed Snake,Squamata,Calamariidae,DD,0.38485688444398,0.93188349962826,2.05103903306997,3.54980054952206,0.163530784100116,0.43765275155313,2.68652851356216,0.0,0,1000,direct,Calamaria_javanica,False,False,,,
5699,8823,Hypsiglena_affinis,,Squamata,Dipsadidae,NM,0.368124137958165,1.10262408893679,2.05033115555338,0.757145812042325,0.17672088535038,0.569983199497356,1.9456482117694,0.0,0,1000,no_RedList_match,,False,False,,,
5862,8826,Atractus_meridensis,,Squamata,Dipsadidae,DD,0.355658637746636,0.999420993350374,2.04917566239146,2.60623780269136,0.172383613722401,0.567574661323753,2.20514707093367,0.0,0,1000,direct,Atractus_meridensis,False,False,,,
5396,8833,Hydrophis_cantoris,,Squamata,Elapidae,DD,0.393968774054756,0.866363318030355,2.04426878261192,2.71073257567154,0.17041261974261,0.491213890983791,2.12839307281912,0.0,0,1000,GBIF_iucn_link,Hydrophis_cantoris,False,False,,,
5841,8834,Atractus_spinalis,,Squamata,Dipsadidae,DD,0.35716845238304,0.910842826622156,2.04424419834031,2.44215506352134,0.17150344251411,0.504801615056278,2.13919384292261,0.0,0,1000,direct,Atractus_spinalis,False,False,,,
5878,8835,Dendrophidion_atlantica,Atlantic Forest Racer,Squamata,Colubridae,DD,0.353924037001525,0.844375428584005,2.04303048109759,2.76899988473113,0.166341651089203,0.525894294221661,2.38625437703284,0.0,0,1000,direct,Dendrophidion_atlantica,False,False,,,
5358,8837,Geophis_russatus,Red Earth Snake,Squamata,Dipsadidae,DD,0.397138291309613,1.07707939814226,2.04202680976226,2.84888335988274,0.17672088535038,0.569866643888302,2.43255348365466,0.0,0,1000,direct,Geophis_russatus,False,False,,,
5877,8838,Atractus_paravertebralis,,Squamata,Dipsadidae,DD,0.353988580639361,0.940795722168069,2.04174350758498,2.58316465187355,0.17150344251411,0.501870178417846,2.20871014168829,0.0,0,1000,direct,Atractus_paravertebralis,False,False,,,
5724,8839,Atractus_mijaresi,,Squamata,Dipsadidae,DD,0.366301676861053,1.09992794527197,2.04086085353757,2.59682285539282,0.176938095184123,0.58367738413641,2.2587692358915,0.0,0,1000,direct,Atractus_mijaresi,False,False,,,
5985,8840,Atractus_touzeti,,Squamata,Dipsadidae,DD,0.345705854948497,0.852968001420965,2.03979515752285,2.52836748404147,0.16938745097696,0.497462098093849,2.1410535530861,0.0,0,1000,direct,Atractus_touzeti,False,False,,,
5879,8841,Calamaria_lateralis,White-striped Reed Snake,Squamata,Calamariidae,DD,0.353860278327546,0.973556358185565,2.03919916631073,3.33442229437657,0.159744284855819,0.424575775505953,2.65188682843608,0.0,0,1000,direct,Calamaria_lateralis,False,False,,,
5590,8842,Atractus_medusa,,Squamata,Dipsadidae,DD,0.376775377388382,0.900265681448682,2.03689455331901,2.55950064137687,0.172383613722401,0.552373562312716,2.22378579540187,0.0,0,1000,direct,Atractus_medusa,False,False,,,
5236,8843,Apostolepis_pymi,,Squamata,Dipsadidae,NM,0.409853011167861,0.942714360057579,2.03679411575713,2.63244423875864,0.181703501084761,0.587133813618285,2.25213716189999,0.0,0,1000,no_RedList_match,,False,False,,,
5866,8845,Calamaria_mecheli,Mechel's Reed Snake,Squamata,Calamariidae,DD,0.355010980268118,0.927028141581922,2.03590853378268,3.43144102073673,0.15939227779758,0.424898944293515,2.48229023607192,0.0,0,1000,direct,Calamaria_mecheli,False,False,,,
5807,8849,Atractus_ayeush,,Squamata,Dipsadidae,DD,0.359443703134626,0.980571216763655,2.03137740708475,2.72602199508468,0.16938745097696,0.496953597340016,2.24424061475723,0.0,0,1000,direct,Atractus_ayeush,False,False,,,
6032,8850,Atractus_variegatus,Variegated Ground Snake,Squamata,Dipsadidae,DD,0.342183501745985,0.957454867583269,2.03085647219811,2.47328172368598,0.173861416492827,0.567959964668907,2.13852295880549,0.0,0,1000,direct,Atractus_variegatus,False,False,,,
5672,8856,Atractus_biseriatus,Two-lined Ground Snake,Squamata,Dipsadidae,DD,0.370564448429557,0.904280883077631,2.02426833495379,2.57085731806275,0.175737774548199,0.568315228463829,2.0878614589138,0.0,0,1000,direct,Atractus_biseriatus,False,False,,,
6014,8862,Atractus_fuliginosus,Hallowell's Ground Snake,Squamata,Dipsadidae,DD,0.343669809101098,0.916372391837647,2.016937159891,2.47467406830473,0.171968786413411,0.547175175320117,2.18704263725389,0.0,0,1000,direct,Atractus_fuliginosus,False,False,,,
5707,8863,Atractus_pauciscutatus,Little-scaled Ground Snake,Squamata,Dipsadidae,DD,0.367260512611929,0.840917483281992,2.01622315325925,2.42777386410909,0.171968786413411,0.524389439910262,2.09797440202432,0.0,0,1000,direct,Atractus_pauciscutatus,False,False,,,
5471,8864,Atractus_nasutus,,Squamata,Dipsadidae,DD,0.387153447590294,0.949427667361515,2.01592886461929,2.83221114319091,0.17150344251411,0.538651976420159,2.31108656552502,0.0,0,1000,direct,Atractus_nasutus,False,False,,,
5664,8865,Atractus_hostilitractus,,Squamata,Dipsadidae,DD,0.371256219905258,1.00163489539056,2.01580399890131,2.41610429146432,0.17670128536528,0.588460462523588,2.21362242327899,0.0,0,1000,direct,Atractus_hostilitractus,False,False,,,
5950,8866,Calamaria_abramovi,,Squamata,Calamariidae,DD,0.348732620074637,0.970724437941736,2.01573258349378,3.45489215125656,0.164276558945935,0.438250789842062,2.658722616748,0.0,0,1000,direct,Calamaria_abramovi,False,False,,,
5919,8870,Geophis_sallaei,Sallae's Earth Snake,Squamata,Dipsadidae,DD,0.351173936437885,0.982633438698434,2.01508249897358,2.77129785605096,0.17672088535038,0.578203295007442,2.26267341746048,0.0,0,1000,direct,Geophis_sallaei,False,False,,,
5696,8871,Liolaemus_cyaneinotatus,,Squamata,Liolaemidae,DD,0.368637621044415,0.972427089152065,2.01493169770193,2.77669663102639,0.179232617678806,0.570451717394669,2.33740776531594,0.0,0,1000,direct,Liolaemus_cyaneinotatus,False,False,,,
5445,8874,Atractus_apophis,,Squamata,Dipsadidae,DD,0.38938244239501,0.964870731086376,2.01343499274798,2.64556861807199,0.175737774548199,0.5886329065636,2.12954385243186,0.0,0,1000,direct,Atractus_apophis,False,False,,,
5688,8881,Calamaria_boesemani,Boeseman’s Reed Snake,Squamata,Calamariidae,DD,0.36933444639974,1.00260539410173,2.01013900728838,3.14994938762151,0.164611655022202,0.495935633861343,2.5184480146606,0.0,0,1000,direct,Calamaria_boesemani,False,False,,,
5308,8884,Liolaemus_ditadai,,Squamata,Liolaemidae,DD,0.401046588400819,1.05260938494473,2.00905892755779,2.50498719753422,0.187664990530121,0.58762099617658,2.35411305263692,0.0,0,1000,direct,Liolaemus_ditadai,False,False,,,
5518,8887,Chironius_flavopictus,Keeled Whipsnake,Squamata,Colubridae,DD,0.383647721968442,0.938722383737151,2.00725098750368,2.7180637268847,0.165757839263197,0.522183856401487,2.44097375970967,0.0,0,1000,direct,Chironius_flavopictus,False,False,,,
5716,8888,Liolaemus_griseus,Gray Tree Iguana,Squamata,Liolaemidae,DD,0.366625955729682,0.951526424556234,2.00642564835377,2.27228423311999,0.184401649133283,0.547904946226174,2.38129797793504,0.0,0,1000,direct,Liolaemus_griseus,False,False,,,
5529,8889,Atractus_peruvianus,Peru Ground Snake,Squamata,Dipsadidae,DD,0.382498910046359,0.872294140077135,2.00627151646071,2.47685341157722,0.171968786413411,0.557139835767245,2.12363901322916,0.0,0,1000,direct,Atractus_peruvianus,False,False,,,
5565,8892,Atractus_acheronius,,Squamata,Dipsadidae,DD,0.379622780507069,0.955520430815803,2.00393732202758,2.72210466231763,0.17670128536528,0.584268211902269,2.24479922329108,0.0,0,1000,direct,Atractus_acheronius,False,False,,,
5882,8894,Calamaria_margaritophora,Stripe-necked Reed Snake,Squamata,Calamariidae,DD,0.353803468963942,0.999917252428052,2.00249675050763,3.5112008917141,0.164473653464944,0.438250789842062,2.56558398581669,0.0,0,1000,direct,Calamaria_margaritophora,False,False,,,
6064,8902,Atractus_obtusirostris,Bignose Ground Snake,Squamata,Dipsadidae,DD,0.340122115300065,1.03223177896067,1.99804009795875,2.70020164710552,0.168595465815175,0.47756425392079,2.22532344720169,0.0,0,1000,direct,Atractus_obtusirostris,False,False,,,
5857,8905,Atractus_avernus,,Squamata,Dipsadidae,DD,0.356052753302767,0.905014576128155,1.99569700967779,2.58227877555464,0.168595465815175,0.492185371322807,2.20018179837196,0.0,0,1000,direct,Atractus_avernus,False,False,,,
5726,8907,Atractus_insipidus,,Squamata,Dipsadidae,DD,0.366238494994676,0.884659517339214,1.99297537499191,2.53823236186377,0.172383613722401,0.556565394932622,2.19046848395569,0.0,0,1000,direct,Atractus_insipidus,False,False,,,
5653,8908,Atractus_echidna,,Squamata,Dipsadidae,DD,0.372365229121754,0.895660306881718,1.99225400381954,2.45103047311527,0.176938095184123,0.58367738413641,2.2286584651902,0.0,0,1000,direct,Atractus_echidna,False,False,,,
5511,8910,Atractus_careolepis,,Squamata,Dipsadidae,NM,0.384059500752175,0.975070868428656,1.98981412817162,2.91315153187423,0.173861416492827,0.562875230941379,2.2706617372743,0.0,0,1000,no_RedList_match,,False,False,,,
5861,8916,Tantilla_andinista,Andes Centipede Snake,Squamata,Colubridae,DD,0.355699953221856,0.896094709612058,1.98598106625215,3.18748714005585,0.16521604822198,0.548195135418072,2.2590480968338,0.0,0,1000,direct,Tantilla_andinista,False,False,,,
6008,8924,Calamaria_concolor,,Squamata,Calamariidae,DD,0.344055737112272,0.960194606884022,1.97794338152487,3.25097311271543,0.159744284855819,0.420404619135805,2.52752793934985,0.0,0,1000,direct,Calamaria_concolor,False,False,,,
5404,8926,Geophis_blanchardi,Blanchard's Earth Snake,Squamata,Dipsadidae,DD,0.393380556647442,0.979048501602034,1.97713711880815,2.56360355712838,0.172388211540444,0.578319850616496,2.23358142810525,0.0,0,1000,direct,Geophis_blanchardi,False,False,,,
6020,8929,Atractus_ecuadorensis,Ecuadorean Ground Snake,Squamata,Dipsadidae,DD,0.34326334911738,1.04251934644023,1.97132248526376,2.64319303701403,0.172383613722401,0.568700531808984,2.11809972532806,0.0,0,1000,direct,Atractus_ecuadorensis,False,False,,,
5905,8931,Afrotyphlops_mucruso,,Squamata,Typhlopidae,NM,0.352151220272246,0.907544251147782,1.97035520306335,1.22434922223003,0.184336811190649,0.580307649596373,1.7669057583526,0.0,0,1000,no_RedList_match,,False,False,,,
5929,8938,Calamaria_crassa,Thick Reed Snake,Squamata,Calamariidae,DD,0.349719349355174,0.92522573382641,1.96579988717256,3.29560445412171,0.160184590972307,0.43765275155313,2.53654588292201,0.0,0,1000,direct,Calamaria_crassa,False,False,,,
5683,8940,Atractus_resplendens,Resplendent Ground Snake,Squamata,Dipsadidae,DD,0.369763765978491,0.95739761099051,1.96404111675699,2.481902067943,0.168595465815175,0.496800447591211,2.21246377262365,0.0,0,1000,direct,Atractus_resplendens,False,False,,,
5890,8942,Atractus_balzani,Bolivian Ground Snake,Squamata,Dipsadidae,DD,0.353230329288893,0.943875075574311,1.96356023335097,2.46509041901492,0.172383613722401,0.567959964668907,2.14242575239563,0.0,0,1000,direct,Atractus_balzani,False,False,,,
5764,8946,Atractus_obesus,Fat Ground Snake,Squamata,Dipsadidae,DD,0.36285667531205,0.940267387382569,1.96133376215334,2.413779686974,0.168328786088906,0.492489091874593,2.12996194706738,0.0,0,1000,direct,Atractus_obesus,False,False,,,
6339,8952,Calamaria_buchi,Buch's Reed Snake,Squamata,Calamariidae,DD,0.316204931289915,0.936936310590606,1.95514779342609,3.13293894241632,0.160184590972307,0.43765275155313,2.43969533676387,0.0,0,1000,direct,Calamaria_buchi,False,False,,,
5766,8954,Tropidodipsas_repleta,,Squamata,Dipsadidae,DD,0.362479556196504,0.924023681892364,1.95429234096166,2.51630060137962,0.168783660283255,0.567131324543459,2.35042074505116,0.0,0,1000,direct,Tropidodipsas_repleta,False,False,,,
5643,8956,Calamaria_forcarti,Forcart's Reed Snake,Squamata,Calamariidae,DD,0.373035134586442,0.993566038344395,1.95334998388375,3.09704726361857,0.164473653464944,0.491745886479465,2.38009160422856,0.0,0,1000,direct,Calamaria_forcarti,False,False,,,
5889,8960,Atractus_eriki,,Squamata,Dipsadidae,DD,0.353348821194641,0.905037849467297,1.95209887106441,2.28707077747758,0.172383613722401,0.552373562312716,1.99084839892939,0.0,0,1000,direct,Atractus_eriki,False,False,,,
5976,8961,Coniophanes_taylori,,Squamata,Dipsadidae,NM,0.34638604663544,0.943108264423131,1.95174752941759,2.64673431933128,0.163530784100116,0.470636836800602,2.26718017987951,0.0,0,1000,no_RedList_match,,False,False,,,
5659,8962,Apostolepis_niceforoi,Amazon Burrowing Snake,Squamata,Dipsadidae,DD,0.372058841071896,0.912513081150823,1.95154735527315,2.42888232783923,0.181703501084761,0.597155839809364,2.19005828588101,0.0,0,1000,direct,Apostolepis_niceforoi,False,False,,,
5567,8963,Apostolepis_ambiniger,,Squamata,Dipsadidae,DD,0.379320897059454,1.0678104148786,1.95153854862764,2.42932450569389,0.182279456381909,0.613980448780612,2.16836684231832,0.0,0,1000,direct,Apostolepis_ambiniger,False,False,,,
5988,8965,Varanus_boehmei,Golden Speckled Tree Monitor,Squamata,Varanidae,DD,0.345420962083915,0.981091230880535,1.95054101000249,0.950932399755577,0.180822331883572,0.663856057549815,1.9167266323402,0.0,0,1000,direct,Varanus_boehmei,False,False,,,
6079,8969,Atractus_trivittatus,Three-banded Ground Snake,Squamata,Dipsadidae,DD,0.339233160429988,0.946809446641804,1.94891907424765,2.58835426071789,0.170588724857389,0.498236782610385,2.00342520410718,0.0,0,1000,direct,Atractus_trivittatus,False,False,,,
6146,8974,Atractus_edioi,,Squamata,Dipsadidae,DD,0.332682205970665,0.865625256018211,1.94482176148313,2.71696390389844,0.168328786088906,0.492489091874593,2.13098048366635,0.0,0,1000,direct,Atractus_edioi,False,False,,,
5619,8981,Atractus_caxiuana,,Squamata,Dipsadidae,DD,0.374622038585389,0.909378916125335,1.94080085104592,2.48115111287844,0.175737774548199,0.584268211902269,2.11882185846345,0.0,0,1000,direct,Atractus_caxiuana,False,False,,,
5419,8988,Liolaemus_cinereus,,Squamata,Liolaemidae,DD,0.39151175132909,0.974701577988301,1.93723694164517,2.54917081528045,0.181883451503904,0.55363493472003,2.4051083434844,0.0,0,1000,direct,Liolaemus_cinereus,False,False,,,
5758,8992,Geophis_pyburni,Pyburn's Earth Snake,Squamata,Dipsadidae,DD,0.363351875976844,0.964662833841773,1.93267420975966,2.80363128782955,0.172388211540444,0.578541830119849,2.24250046101374,0.0,0,1000,direct,Geophis_pyburni,False,False,,,
5743,8994,Liolaemus_duellmani,,Squamata,Liolaemidae,DD,0.364809955207136,0.914163095394629,1.93183147274575,2.5948103440145,0.181883451503904,0.529362049858382,2.35471452323733,0.0,0,1000,direct,Liolaemus_duellmani,False,False,,,
5901,8996,Chamaeleo_necasi,Necas's Chameleon,Squamata,Chamaeleonidae,DD,0.352451492005379,1.02146366262349,1.9314225050417,1.18448125360018,0.179281478799195,0.651542021728687,1.8343934126816,0.0,0,1000,direct,Chamaeleo_necasi,False,False,,,
5921,9002,Erythrolamprus_subocularis,,Squamata,Dipsadidae,DD,0.351046919894756,0.905396786884613,1.92682908734645,2.63776240709455,0.17672088535038,0.606705720349033,2.26517788412902,0.0,0,1000,direct,Erythrolamprus_subocularis,False,False,,,
5843,9005,Erythrolamprus_pyburni,Pyburn's Tropical Forest Snake,Squamata,Dipsadidae,DD,0.35712467812018,0.870142214440927,1.92382509787043,2.5317415624136,0.179548637407013,0.628374097235829,2.14047997221868,0.0,0,1000,direct,Erythrolamprus_pyburni,False,False,,,
6019,9008,Atractus_melanogaster,Blackbelly Ground Snake,Squamata,Dipsadidae,DD,0.343333352923358,0.927085879156649,1.92224203535421,2.59540319176083,0.17465091641944,0.573098008104498,2.22228841119014,0.0,0,1000,direct,Atractus_melanogaster,False,False,,,
5839,9010,Atractus_vertebralis,Vertebral Ground Snake,Squamata,Dipsadidae,DD,0.357183586094019,0.971732186962277,1.92061649337177,2.55981322370729,0.176938095184123,0.5886329065636,2.23088167431181,0.0,0,1000,direct,Atractus_vertebralis,False,False,,,
6048,9011,Calamaria_ulmeri,Ulmer's Reed Snake,Squamata,Calamariidae,DD,0.341304428837174,0.986084691855358,1.91941814880153,3.26576780934455,0.164515274651873,0.496547562744698,2.53861786472558,0.0,0,1000,direct,Calamaria_ulmeri,False,False,,,
5894,9015,Dipsas_baliomelas,,Squamata,Dipsadidae,DD,0.352952204549583,0.852756574830246,1.91836820133698,2.62306461379254,0.169480225521466,0.56719688430314,2.27866921892006,0.0,0,1000,direct,Dipsas_baliomelas,False,False,,,
5968,9016,Calamaria_brongersmai,Brongersma’s Reed Snake,Squamata,Calamariidae,DD,0.347127236888504,1.06313963792471,1.91823607833386,3.33126454506712,0.164276558945935,0.438250789842062,2.56777803230497,0.0,0,1000,direct,Calamaria_brongersmai,False,False,,,
5568,9024,Geophis_dunni,Dunn's Earth Snake,Squamata,Dipsadidae,DD,0.379273858541796,0.973724246598005,1.91508695622021,2.5504470233618,0.171968786413411,0.578541830119849,2.22481327764307,0.0,0,1000,direct,Geophis_dunni,False,False,,,
5741,9031,Atractus_tamaensis,,Squamata,Dipsadidae,DD,0.365088743059485,0.858151167952614,1.91031918619794,2.52036272247976,0.176675885137003,0.568315228463829,2.09272475377842,0.0,0,1000,direct,Atractus_tamaensis,False,False,,,
5734,9040,Atractus_imperfectus,,Squamata,Dipsadidae,DD,0.365368112398242,0.939122632269188,1.90216092621033,2.50778733587814,0.177750996161262,0.588460462523588,2.03657035492167,0.0,0,1000,direct,Atractus_imperfectus,False,False,,,
5627,9045,Apostolepis_christineae,,Squamata,Dipsadidae,DD,0.373952591775016,0.868471529226417,1.9004003646076,2.51679479000231,0.180547109845956,0.587001284027677,2.09725696041159,0.0,0,1000,direct,Apostolepis_christineae,False,False,,,
6083,9047,Calamaria_doederleini,Döderlein's Reed Snake,Squamata,Calamariidae,DD,0.338965014044658,0.964763345981249,1.89909269866802,3.20899044323617,0.160184590972307,0.428298085670589,2.40426433577389,0.0,0,1000,direct,Calamaria_doederleini,False,False,,,
5813,9048,Mastigodryas_cliftoni,Clifton’s Lizard Eater,Squamata,Colubridae,DD,0.359051222272277,0.862812116800096,1.89812141116759,2.54625505856725,0.166822827201569,0.553688122243652,2.4153642022511,0.0,0,1000,direct,Mastigodryas_cliftoni,False,False,,,
6124,9052,Erythrolamprus_carajasensis,,Squamata,Dipsadidae,DD,0.33529810934155,0.9347889244599,1.89676309398148,2.39173605721228,0.176938095184123,0.636026532829089,2.22264715240923,0.0,0,1000,direct,Erythrolamprus_carajasensis,False,False,,,
5797,9054,Atractus_charitoae,,Squamata,Dipsadidae,DD,0.360155771747392,0.892707772584722,1.89501947436271,2.51655645046284,0.175737774548199,0.568315228463829,2.12911609072233,0.0,0,1000,direct,Atractus_charitoae,False,False,,,
5983,9055,Atractus_oculotemporalis,Hispanic Ground Snake,Squamata,Dipsadidae,DD,0.345821025890581,0.787984915984406,1.89457835807728,2.50644793245973,0.17150344251411,0.501870178417846,2.06754908826951,0.0,0,1000,direct,Atractus_oculotemporalis,False,False,,,
6016,9059,Calamaria_thanhi,Thanh's Reed Snake,Squamata,Calamariidae,DD,0.343565781058725,0.894206331119423,1.88969563419728,3.12850216904499,0.160184590972307,0.437115806646046,2.55760249982041,0.0,0,1000,direct,Calamaria_thanhi,False,False,,,
5909,9062,Apostolepis_cerradoensis,,Squamata,Dipsadidae,DD,0.35188495767303,0.880238334792307,1.88957636236487,2.29596137418838,0.179042431178678,0.606585885138402,2.10205619199873,0.0,0,1000,direct,Apostolepis_cerradoensis,False,False,,,
5494,9063,Sibynomorphus_vagus,Jan's Tree Snake,Squamata,Dipsadidae,DD,0.384921630949936,0.897947969081011,1.88938947203143,2.33508017555661,0.16938745097696,0.57214383695109,2.25557706929644,0.0,0,1000,GBIF_accepted,Dipsas_vagus,False,False,,,
6077,9065,Calamaria_lautensis,,Squamata,Calamariidae,DD,0.339401716044187,0.911043369600086,1.88908375908386,3.20425192817712,0.164515274651873,0.477817138767303,2.48352921940327,0.0,0,1000,direct,Calamaria_lautensis,False,False,,,
6152,9067,Cyrtopodion_mansarulus,,Squamata,Gekkonidae,DD,0.331854432990485,0.743439448500404,1.88826013877678,1.33309704705408,0.172120934186079,0.547188642519889,1.42248474275161,0.0,0,1000,GBIF_iucn_link,Cyrtopodion_mansarulus,False,False,,,
5997,9072,Atractus_heliobelluomini,,Squamata,Dipsadidae,DD,0.344966102293005,0.831193020559015,1.88650865891044,2.60426277983403,0.175737774548199,0.568700531808984,2.09499935923633,0.0,0,1000,direct,Atractus_heliobelluomini,False,False,,,
5928,9075,Atractus_lehmanni,Lehmann's Ground Snake,Squamata,Dipsadidae,DD,0.350089537924647,0.955249523975402,1.8850058290271,2.59852755069386,0.176675885137003,0.562875230941379,2.18682101520045,0.0,0,1000,direct,Atractus_lehmanni,False,False,,,
5594,9093,Liolaemus_disjunctus,,Squamata,Liolaemidae,DD,0.37656543536562,0.914318644574426,1.87069315168593,2.71580347814091,0.181883451503904,0.546151558206172,2.25710692806479,0.0,0,1000,direct,Liolaemus_disjunctus,False,False,,,
5620,9097,Geophis_isthmicus,Isthmian Earth Snake,Squamata,Dipsadidae,DD,0.374491655889223,0.97540275059895,1.8667620153999,2.57316536462707,0.171968786413411,0.578319850616496,2.21867095584491,0.0,0,1000,direct,Geophis_isthmicus,False,False,,,
6067,9099,Pseudorabdion_montanum,Mountain Burrowing Snake,Squamata,Calamariidae,DD,0.339949334567271,0.88931555761623,1.866340239121,2.90478128828913,0.164276558945935,0.437188108181973,2.65829587377671,0.0,0,1000,direct,Pseudorabdion_montanum,False,False,,,
5995,9102,Dipsas_incerta,Jan's Snail-eater,Squamata,Dipsadidae,DD,0.345143969518127,0.936994411440567,1.86571153133353,2.61596594077147,0.171009862162587,0.572022500622328,2.25339217180438,0.0,0,1000,direct,Dipsas_incerta,False,False,,,
5582,9107,Letheobia_newtoni,,Squamata,Typhlopidae,DD,0.378017205812544,0.907365973165906,1.86414971669684,1.84899386066612,0.182989376203208,0.573927951228654,1.43322123685506,0.0,0,1000,direct,Letheobia_newtoni,False,False,,,
5913,9110,Erythrolamprus_vitti,,Squamata,Dipsadidae,DD,0.35176147540378,0.860740470311061,1.86316321159332,2.28054096082681,0.176938095184123,0.628695787429687,2.14197576973688,0.0,0,1000,direct,Erythrolamprus_vitti,False,False,,,
5772,9113,Liolaemus_kuhlmanni,,Squamata,Liolaemidae,DD,0.362104806963221,0.857898713506858,1.86164447869061,2.57291831190248,0.18573905888994,0.579600038183301,2.14873174185697,0.0,0,1000,direct,Liolaemus_kuhlmanni,False,False,,,
5963,9119,Typhlops_anousius,Cuban Pallid Blindsnake,Squamata,Typhlopidae,DD,0.347414270369312,0.995776333055092,1.85764609111263,0.812434103813831,0.183744619005032,0.579994872085735,1.77748122276187,0.0,0,1000,GBIF_accepted,Cubatyphlops_anousius,False,False,,,
5949,9120,Ninia_franciscoi,,Squamata,Dipsadidae,DD,0.348743716575115,0.953286239991974,1.85631849267071,2.7736415999791,0.172769960546025,0.563108156657264,2.47644462767184,0.0,0,1000,direct,Ninia_franciscoi,False,False,,,
6162,9121,Calamaria_eiselti,Eiselt's Reed Snake,Squamata,Calamariidae,DD,0.331009637580019,0.932182010832065,1.8563123515404,3.26885826098969,0.164276558945935,0.451729769943407,2.42836907382611,0.0,0,1000,direct,Calamaria_eiselti,False,False,,,
6173,9123,Calamaria_curta,Dark-bellied Reed Snake,Squamata,Calamariidae,DD,0.329923131729051,0.91785951193734,1.85486242515018,3.22029600824324,0.164473653464944,0.496547562744698,2.47224343785416,0.0,0,1000,direct,Calamaria_curta,False,False,,,
6151,9125,Calamaria_joloensis,,Squamata,Calamariidae,DD,0.331941019054525,0.948348413604091,1.85210309810734,3.08287666619962,0.15939227779758,0.420404619135805,2.40919470978309,0.0,0,1000,direct,Calamaria_joloensis,False,False,,,
6086,9130,Atractus_vertebrolineatus,Striped Ground Snake,Squamata,Dipsadidae,DD,0.338509484668615,0.838727764712086,1.84983902552244,2.53618969410207,0.168328786088906,0.492438256169321,2.10509537117438,0.0,0,1000,direct,Atractus_vertebrolineatus,False,False,,,
5960,9131,Phalotris_concolor,,Squamata,Dipsadidae,DD,0.347861593055372,0.923425195495847,1.84960446158435,2.72872003979431,0.182814367944735,0.623059309434848,2.29515072351944,0.0,0,1000,direct,Phalotris_concolor,False,False,,,
6017,9133,Atractus_macondo,,Squamata,Dipsadidae,DD,0.343552941914119,0.790368349328205,1.84917062032665,2.54473319276412,0.172383613722401,0.535695202556173,2.0636300041764,0.0,0,1000,direct,Atractus_macondo,False,False,,,
5642,9135,Dipsas_maxillaris,Werner's Thirst Snake,Squamata,Dipsadidae,DD,0.373094967870498,0.860759251031235,1.8458685101916,2.66168157905231,0.16938745097696,0.568315228463829,2.28551646175871,0.0,0,1000,direct,Dipsas_maxillaris,False,False,,,
6127,9136,Calamaria_gracillima,Slender Reed Snake,Squamata,Calamariidae,DD,0.33453115822089,0.976902989410624,1.8449463527336,3.11824789649162,0.161799762259403,0.441887303482166,2.39587307218986,0.0,0,1000,direct,Calamaria_gracillima,False,False,,,
5535,9151,Liolaemus_exploratorum,,Squamata,Liolaemidae,DD,0.382025436240296,0.946119864835723,1.83817212988708,2.48776235831171,0.18573905888994,0.566496906260122,2.13778007649841,0.0,0,1000,direct,Liolaemus_exploratorum,False,False,,,
5885,9154,Geophis_nigrocinctus,Black-banded Earth Snake,Squamata,Dipsadidae,DD,0.353642052894112,0.877672375520782,1.83788948630905,2.2799388048475,0.17465091641944,0.582496426462962,2.04663561576546,0.0,0,1000,direct,Geophis_nigrocinctus,False,False,,,
6056,9157,Dipsas_praeornata,,Squamata,Dipsadidae,DD,0.340610373073457,0.868455700108949,1.83619758090494,2.31382727873321,0.168471820934825,0.588460462523588,2.18177874859489,0.0,0,1000,GBIF_iucn_link,Dipsas_praeornata,False,False,,,
5939,9160,Liolaemus_burmeisteri,,Squamata,Liolaemidae,DD,0.349307253853574,0.948345484635214,1.83394434570567,2.58180873630646,0.179232617678806,0.566748475858503,2.14028118254938,0.0,0,1000,direct,Liolaemus_burmeisteri,False,False,,,
6082,9171,Tropidodipsas_zweifeli,Zweifel’s Snail-Eating Snake,Squamata,Dipsadidae,DD,0.339057741483665,0.840886548718879,1.8233754909723,2.34761418756233,0.168783660283255,0.567131324543459,2.24125966859109,0.0,0,1000,direct,Tropidodipsas_zweifeli,False,False,,,
6286,9173,Calamaria_rebentischi,Rebentisch's Reed Snake,Squamata,Calamariidae,DD,0.320348664962695,0.854315536949639,1.8220574958577,3.25247695333591,0.15939227779758,0.424898944293515,2.49330668156864,0.0,0,1000,direct,Calamaria_rebentischi,False,False,,,
6147,9177,Letheobia_feae,St. Thomas' Beaked Snake,Squamata,Typhlopidae,DD,0.332635137665139,0.933669961082651,1.82089715525353,1.57637074327555,0.183433230574427,0.575511727940301,1.44381217690122,0.0,0,1000,direct,Letheobia_feae,False,False,,,
6429,9181,Calamaria_battersbyi,Battersby's Reed Snake,Squamata,Calamariidae,DD,0.309601761535234,0.873268798279242,1.81590521605894,3.15670696062224,0.159744284855819,0.424295771167292,2.35920951224628,0.0,0,1000,direct,Calamaria_battersbyi,False,False,,,
6104,9182,Hydrophis_klossi,Kloss' Sea Snake,Squamata,Elapidae,DD,0.33653435298179,0.801847051810264,1.81556107798928,2.49671754871391,0.168560701239223,0.478052274782877,2.18023973861104,0.0,0,1000,direct,Hydrophis_klossi,False,False,,,
6130,9188,Aipysurus_tenuis,Arafura Sea Snake,Squamata,Elapidae,DD,0.333982310357684,0.796780653428643,1.81175165395274,1.84800497748557,0.17041261974261,0.483585047331164,1.91194239319859,0.0,0,1000,direct,Aipysurus_tenuis,False,False,,,
6317,9191,Calamaria_yunnanensis,Yunnan Reed Snake,Squamata,Calamariidae,DD,0.317872017124978,0.892695918634548,1.81095774061381,3.12310685192245,0.160184590972307,0.428298085670589,2.29154747002225,0.0,0,1000,direct,Calamaria_yunnanensis,False,False,,,
5760,9195,Calamaria_lumholtzi,Lumholz's Reed Snake,Squamata,Calamariidae,DD,0.36313206245621,0.960778690739326,1.80610958232023,3.35267656498472,0.164515274651873,0.465953447424512,2.4625348784765,0.0,0,1000,direct,Calamaria_lumholtzi,False,False,,,
6107,9200,Liolaemus_melanopleurus,,Squamata,Liolaemidae,DD,0.336268548320994,0.920099070772404,1.80352882112295,2.29176727054019,0.18706853260202,0.579600038183301,2.15967390381785,0.0,0,1000,direct,Liolaemus_melanopleurus,False,False,,,
5981,9203,Geophis_chalybeus,Veracruz Earth Snake,Squamata,Dipsadidae,DD,0.345933290619599,0.887003927194634,1.79828979473027,2.58694988671503,0.172388211540444,0.571446057875822,2.0271215952998,0.0,0,1000,direct,Geophis_chalybeus,False,False,,,
6211,9205,Pseudorabdion_sirambense,,Squamata,Calamariidae,DD,0.326229178684846,0.854240219862114,1.79793810955045,3.15627760836696,0.164515274651873,0.437742811922211,2.59065630335859,0.0,0,1000,direct,Pseudorabdion_sirambense,False,False,,,
6183,9210,Erythrolamprus_problematicus,Problem Ground Snake,Squamata,Dipsadidae,DD,0.329240321484822,0.883948964492767,1.79482089343558,2.40280667100017,0.17672088535038,0.606705720349033,2.14250378678548,0.0,0,1000,GBIF_accepted,Arcanumophis_problematicus,False,False,,,
6347,9220,Calamaria_banggaiensis,Banggai Reed Snake,Squamata,Calamariidae,DD,0.315712347611545,0.890690553419524,1.78510914537203,2.98250929929548,0.163530784100116,0.43765275155313,2.43907799402602,0.0,0,1000,direct,Calamaria_banggaiensis,False,False,,,
6033,9226,Calamaria_gialaiensis,Gia Lai Reed Snake,Squamata,Calamariidae,DD,0.342173333813312,0.862152999442338,1.77928185414552,3.33155904866172,0.164515274651873,0.495935633861343,2.44612542263644,0.0,0,1000,direct,Calamaria_gialaiensis,False,False,,,
6235,9251,Pseudorabdion_ater,Zamboanga Burrowing Snake,Squamata,Calamariidae,DD,0.324568352981363,0.897388397298953,1.7498714984136,2.82726666675257,0.164276558945935,0.437188108181973,2.53558714011824,0.0,0,1000,direct,Pseudorabdion_ater,False,False,,,
6271,9255,Erythrolamprus_andinus,,Squamata,Dipsadidae,DD,0.321356485887144,0.78543516869796,1.74618811167513,2.19328623458545,0.17672088535038,0.605141085793831,1.96059957880557,0.0,0,1000,direct,Erythrolamprus_andinus,False,False,,,
6562,9261,Calamaria_abstrusa,Padang Reed Snake,Squamata,Calamariidae,DD,0.298921782963179,0.874399906448888,1.74108581539775,3.06350102792744,0.160184590972307,0.427320307630297,2.30130438004689,0.0,0,1000,direct,Calamaria_abstrusa,False,False,,,
6472,9264,Atractus_alytogrammus,,Squamata,Dipsadidae,NM,0.306096618706953,0.806332584204274,1.73450051814111,2.81206525549036,0.16938745097696,0.49898344579849,2.09025151948383,0.0,0,1000,no_RedList_match,,False,False,,,
6102,9269,Liolaemus_filiorum,,Squamata,Liolaemidae,NM,0.336621028025596,0.732879972918967,1.72776643522228,2.3179763752049,0.181203860843429,0.538124694517807,2.03934319439142,0.0,0,1000,no_RedList_match,,False,False,,,
6389,9273,Varanus_beccarii,Black Tree Monitor,Squamata,Varanidae,DD,0.312888376548993,0.973153571587552,1.72462725634558,0.670570652678639,0.180298561878804,0.657097935343299,1.63416491217038,0.0,0,1000,direct,Varanus_beccarii,False,False,,,
6113,9277,Pseudorabdion_modiglianii,Modigliani’s Dwarf Reed Snake,Squamata,Calamariidae,DD,0.336093113917409,0.962292175991997,1.71676086219434,3.26066720989295,0.164473653464944,0.441734153733361,2.61444171061029,0.0,0,1000,direct,Pseudorabdion_modiglianii,False,False,,,
6153,9281,Liolaemus_erroneus,,Squamata,Liolaemidae,DD,0.331806446010442,0.852329929554487,1.71405287376308,2.24595658625189,0.177380171543981,0.5670561710725,1.96575933075042,0.0,0,1000,direct,Liolaemus_erroneus,False,False,,,
6227,9297,Dipsas_petersi,,Squamata,Dipsadidae,NM,0.325352078617954,0.841362125737384,1.69847158473919,2.43193626733509,0.171009862162587,0.584268211902269,2.08944892996963,0.0,0,1000,no_RedList_match,,False,False,,,
6034,9301,Liolaemus_montanezi,,Squamata,Liolaemidae,DD,0.342152622244566,0.917467493115951,1.68994429038763,2.462268003762,0.181203860843429,0.538576065028953,2.26941157942243,0.0,0,1000,direct,Liolaemus_montanezi,False,False,,,
6618,9304,Lycodon_bibonius,,Squamata,Colubridae,DD,0.294452003267066,0.722025497365244,1.68574744366132,0.918711109359617,0.165757839263197,0.484947410666731,1.53248846428227,0.0,0,1000,direct,Lycodon_bibonius,False,False,,,
6222,9314,Apostolepis_tenuis,,Squamata,Dipsadidae,DD,0.325575316099684,0.859195834598167,1.6752073038086,2.36962769134561,0.180547109845956,0.587133813618285,1.99266254320689,0.0,0,1000,direct,Apostolepis_tenuis,False,False,,,
6213,9322,Liolaemus_ubaghsi,Ubaghs’ Leopard Lizard,Squamata,Liolaemidae,DD,0.326142615000433,0.806006514461231,1.66672299401786,2.19958688996328,0.187664990530121,0.581989975877663,2.03062395083917,0.0,0,1000,direct,Liolaemus_ubaghsi,False,False,,,
6054,9330,Phrynosoma_cerroense,,Squamata,Phrynosomatidae,NM,0.340782350027378,0.890806620953278,1.65702400950495,1.57492670734384,0.179281478799195,0.545573729969399,0.9603077245424,0.0,0,1000,no_RedList_match,,False,False,,,
6592,9345,Crotalus_tancitarensis,,Squamata,Viperidae,DD,0.296082575736854,0.744876419522316,1.64018262219651,0.886481115910277,0.176040603037455,0.548110000916055,1.4734884303736,0.0,0,1000,direct,Crotalus_tancitarensis,False,False,,,
6025,9362,Phrynosoma_wigginsi,,Squamata,Phrynosomatidae,NM,0.342736314849891,0.957773622473542,1.61712840147352,1.55501058965834,0.179281478799195,0.545573729969399,0.9603077245424,0.0,0,1000,no_RedList_match,,False,False,,,
6167,9373,Calamaria_palawanensis,,Squamata,Calamariidae,NM,0.330285647031652,0.828173686509118,1.59983409189399,3.24617541747391,0.159744284855819,0.420404619135805,2.44139852687973,0.0,0,1000,no_RedList_match,,False,False,,,
6570,9388,Hydrophis_zweifeli,Sepik Beaked Sea Snake,Squamata,Elapidae,DD,0.298001238418959,0.770788583684529,1.56978286107906,0.999805273582522,0.168690885744765,0.497765480549961,1.56965088122262,0.0,0,1000,direct,Hydrophis_zweifeli,False,False,,,
7019,9409,Carlia_quinquecarinata,Five-keeled Rainbow-skink,Squamata,Scincidae,DD,0.265519051448948,0.640357105610878,1.53175705475451,0.878896217329964,0.157926559779375,0.559591136188145,1.54535342624465,0.0,0,1000,direct,Carlia_quinquecarinata,False,False,,,
7093,9447,Ctenosaura_quinquecarinata,Five-keeled Spiny-tailed Iguana,Squamata,Iguanidae,DD,0.259751553241033,0.638278294292443,1.42812800695802,0.6602900977549,0.182301474906387,0.572568573325247,0.80998054238032,0.0,0,1000,direct,Ctenosaura_quinquecarinata,False,False,,,
6982,9449,Typhlops_notorachius,Imias Blindsnake,Squamata,Typhlopidae,DD,0.26804155971679,0.693848288735064,1.42228207401571,0.655862080235333,0.183744619005032,0.579994872085735,1.22833181505886,0.0,0,1000,GBIF_accepted,Cubatyphlops_notorachius,False,False,,,
6931,9452,Typhlops_contorhinus,Cuban Short-nosed Blindsnake,Squamata,Typhlopidae,DD,0.272668094630137,0.680345252649999,1.41606627292535,0.686075584991432,0.184336811190649,0.584428398249718,1.21015497029659,0.0,0,1000,GBIF_accepted,Cubatyphlops_contorhinus,False,False,,,
6975,9466,Atropoides_nummifer,,Squamata,Viperidae,NM,0.268295122328852,0.62616682484253,1.387694517783,0.695663926672704,0.178163851179345,0.549629886051474,1.2634388201323,0.0,0,1000,no_RedList_match,,False,False,,,
7094,9471,Tachymenis_tarmensis,Slender Snake,Squamata,Dipsadidae,DD,0.259471346649037,0.623432756450472,1.37935825627756,1.69070365116494,0.179548637407013,0.623404817248843,1.64137226005433,0.0,0,1000,direct,Tachymenis_tarmensis,False,False,,,
7026,9476,Tachymenis_attenuata,,Squamata,Dipsadidae,DD,0.265190301102802,0.66779606856641,1.36185550382036,1.77348947682392,0.179548637407013,0.623404817248843,1.65426182345733,0.0,0,1000,GBIF_iucn_link,Tachymenis_attenuata,False,False,,,
7586,9481,Geophis_juarezi,,Squamata,Dipsadidae,DD,0.220098317107848,0.608011822431619,1.34419715490257,1.19573370687348,0.171968786413411,0.578541830119849,1.33072227171056,0.0,0,1000,direct,Geophis_juarezi,False,False,,,
7222,9489,Enhydris_innominata,Tay Ninh Mud Snake,Squamata,Homalopsidae,DD,0.24848425969671,0.624738509883334,1.32186448429583,0.630507368578219,0.174250467837342,0.548843614121569,0.349556197125943,0.0,0,1000,direct,Enhydris_innominata,False,False,,,
7053,9491,Phymaturus_desuetus,,Squamata,Liolaemidae,DD,0.263396274479512,0.825889017562493,1.31595408828451,1.94554225812858,0.171406973729214,0.570440875657533,2.14409557993934,0.0,0,1000,direct,Phymaturus_desuetus,False,False,,,
7332,9515,Microlophus_heterolepis,,Squamata,Tropiduridae,DD,0.240088457840023,0.580815491152363,1.25321771636327,0.929433349832242,0.168804327640178,0.54981353280003,1.3697028048186,0.0,0,1000,direct,Microlophus_heterolepis,False,False,,,
7693,9521,Caledoniscincus_terma,Mandjélia litter skink,Squamata,Scincidae,DD,0.21180249717877,0.616471885236883,1.23460533939877,0.651542700368155,0.161023668593255,0.584902584176814,0.82249553088949,0.0,0,1000,direct,Caledoniscincus_terma,False,False,,,
7149,9522,Phymaturus_aguedae,Agueda’s Rocky Lizard,Squamata,Liolaemidae,DD,0.254993803167006,0.720205576343531,1.23277415694906,2.11258748838252,0.179232617678806,0.574183882001512,2.1367126231375,0.0,0,1000,direct,Phymaturus_aguedae,False,False,,,
7356,9527,Thamnodynastes_ceibae,,Squamata,Dipsadidae,DD,0.23804452884671,0.575783293559437,1.21643947743521,1.75561711537901,0.181703501084761,0.623626796752195,1.59276896266152,0.0,0,1000,GBIF_iucn_link,Thamnodynastes_ceibae,False,False,,,
7587,9531,Pantherophis_slowinskii,,Squamata,Colubridae,DD,0.220092020517258,0.616829277602833,1.20580911790446,0.521581440619413,0.16521604822198,0.558671141866958,1.1543558807407,0.0,0,1000,direct,Pantherophis_slowinskii,False,False,,,
7416,9543,Microgecko_helenae,,Squamata,Gekkonidae,DD,0.233963985649873,0.56309424635892,1.15853033315956,1.15575852980076,0.184241941334102,0.611898667643926,0.44529760416713,0.0,0,1000,direct,Microgecko_helenae,False,False,,,
7688,9550,Anilios_splendidus,,Squamata,Typhlopidae,DD,0.212141810576223,0.495886783410971,1.13939574162766,1.0534779423736,0.181974615188121,0.572502231192143,1.08816867601838,0.0,0,1000,direct,Anilios_splendidus,False,False,,,
7635,9558,Sceloporus_cyanogenys,,Squamata,Phrynosomatidae,NM,0.216248431909552,0.530114279128823,1.11927321184585,0.579432394907606,0.180102745531761,0.550340141861967,1.0027663005799,0.0,0,1000,no_RedList_match,,False,False,,,
8095,9574,Sceloporus_subpictus,,Squamata,Phrynosomatidae,DD,0.180846619212316,0.500703935505513,1.058105837494,0.515128312171312,0.176425577122369,0.545573729969399,0.64395417106253,0.0,0,1000,direct,Sceloporus_subpictus,False,False,,,
7938,9578,Simalia_nauta,Tanimbar Python,Squamata,Pythonidae,DD,0.193899798494235,0.512590347260315,1.0549827501524,0.51330682130149,0.176040603037455,0.58105212272301,1.0799630657594,0.0,0,1000,direct,Simalia_nauta,False,False,,,
8385,9623,Phymaturus_manuelae,,Squamata,Liolaemidae,DD,0.160038493264544,0.456262496443146,0.906696780218568,0.43214618320353,0.169534794301079,0.560694228197874,0.9064860210478,0.0,0,1000,direct,Phymaturus_manuelae,False,False,,,
8653,9633,Cryptoblepharus_voeltzkowi,Voeltzkow’s Snake-eyed Skink,Squamata,Scincidae,DD,0.141923828602426,0.36635927784533,0.838954678869142,0.527352669861189,0.158234030360422,0.559591136188145,0.84456561038138,0.0,0,1000,direct,Cryptoblepharus_voeltzkowi,False,False,,,
8353,9637,Pogona_mitchelli,,Squamata,Agamidae,NM,0.162983579841979,0.373112815925105,0.801544003263006,0.640312986810073,0.184476500337859,0.58297258473234,0.82221390931826,0.0,0,1000,no_RedList_match,,False,False,,,
8494,9638,Hebius_parallelum,,Squamata,Natricidae,DD,0.151991719017708,0.393939138697672,0.798383216194607,0.595491748521476,0.182221820014356,0.6273906513352,0.53453434596822,0.0,0,1000,GBIF_iucn_link,Hebius_parallelum,False,False,,,
8450,9640,Hydrophis_melanocephalus,Slender-necked Sea Snake,Squamata,Elapidae,DD,0.154819783673955,0.349854463622589,0.791225840881669,0.590134956485565,0.169079260384171,0.48227828340209,0.54589405932683,0.0,0,1000,direct,Hydrophis_melanocephalus,False,False,,,
8507,9643,Hydrophis_parviceps,,Squamata,Elapidae,DD,0.150799856783042,0.342355723038762,0.782431208708588,0.613522285769075,0.168690885744765,0.478234035511947,0.55177566976433,0.0,0,1000,direct,Hydrophis_parviceps,False,False,,,
8633,9659,Typhlops_anchaurus,Maisi Blindsnake,Squamata,Typhlopidae,DD,0.143431032354653,0.303624931709985,0.730055801103906,0.819190625841013,0.184336811190649,0.584624629364639,0.79294942033909,0.0,0,1000,GBIF_accepted,Cubatyphlops_anchaurus,False,False,,,
8882,9667,Liolaemus_lentus,,Squamata,Liolaemidae,DD,0.122656381230777,0.301196897544002,0.687861583061555,0.376577816291149,0.179232617678806,0.55920613698566,0.674404097087709,0.0,0,1000,direct,Liolaemus_lentus,False,False,,,
8922,9704,Thamnophis_bogerti,,Squamata,Natricidae,NM,0.118358590192265,0.302413413210171,0.575718824429362,0.603025591958291,0.193196560688065,0.631143794466887,0.36735236769099,0.0,0,1000,no_RedList_match,,False,False,,,
8879,9708,Thamnophis_lineri,,Squamata,Natricidae,NM,0.122806753425945,0.3003018837619,0.554020272793089,0.591199060366251,0.193196560688065,0.631277886562759,0.36815539740809,0.0,0,1000,no_RedList_match,,False,False,,,
9406,9716,Cryptoblepharus_cognatus,Nossy Be Snake-eyed Skink,Squamata,Scincidae,DD,0.0857432275717337,0.219770617030696,0.490045767491082,0.31714674083039,0.158234030360422,0.559591136188145,0.324652811345081,0.0,0,1000,direct,Cryptoblepharus_cognatus,False,False,,,
9562,9745,Phymaturus_indistinctus,,Squamata,Liolaemidae,DD,0.0669974076962063,0.162898769127105,0.345946808270956,0.220422322955633,0.175393374689753,0.571040971932136,0.32799322953468,0.0,0,1000,direct,Phymaturus_indistinctus,False,False,,,
9568,9747,Thamnophis_conanti,,Squamata,Natricidae,NM,0.0663154274865404,0.149492892176161,0.312965911894371,0.268259465772924,0.193740177077535,0.630959964495459,0.28346227959498,0.0,0,1000,no_RedList_match,,False,False,,,
9606,9748,Liolaemus_scolaroi,,Squamata,Liolaemidae,DD,0.0569703564410222,0.136912374591811,0.309710320007654,0.191991146256952,0.181883451503904,0.579418616408284,0.28152869495802,0.0,0,1000,direct,Liolaemus_scolaroi,False,False,,,
