EDGErank,EDrank,species,common_name,order,family,RLcat,EDGEmed,EDGEiqr,EDmed,EDiqr,pextmed,pextiqr,TBLmn,isEDGEsp_frac,is_EDGE_species,n_trees,match,matched_IUCN_name,on_vgp_list,has_vgp_genome,vgp_placement_tier,vgp_name,vgp_accession
1,5,Anoxypristis_cuspidata,Narrow Sawfish,Rhinopristiformes,Pristidae,CR,122.028250466303,21.4278038178915,127.282890316416,16.1382520693659,0.970400467883124,0.0588905017731465,112.69767167864,1.0,1,1000,direct,Anoxypristis_cuspidata,False,False,,,
2,6,Pristis_pristis,Largetooth Sawfish,Rhinopristiformes,Pristidae,CR,117.306078565973,22.788873210088,122.707463022488,17.4428145820018,0.970306243611442,0.059195635132467,80.62052779444,1.0,1,1000,direct,Pristis_pristis,False,False,,,
3,7,Pristis_clavata,Dwarf Sawfish,Rhinopristiformes,Pristidae,CR,115.223823213646,22.269753830307,120.915862555107,19.2956698766186,0.970306243611442,0.0591422230197138,61.84905339612,1.0,1,1000,direct,Pristis_clavata,False,False,,,
4,9,Pristis_pectinata,Smalltooth Sawfish,Rhinopristiformes,Pristidae,CR,114.720425395608,23.8039023240025,119.951538904845,18.889118569345,0.970306243611442,0.0594104838314096,49.65503222286,1.0,1,1000,direct,Pristis_pectinata,True,True,exact,Pristis_pectinata,GCA_009764475.2
5,8,Pristis_zijsron,Green Sawfish,Rhinopristiformes,Pristidae,CR,114.461261132618,22.4553633588858,120.181723326217,20.0022196611575,0.970400467883124,0.0592037133730846,49.65503222286,1.0,1,1000,direct,Pristis_zijsron,True,True,exact,Pristis_zijsron,GCA_988281235.1
6,13,Rhina_ancylostoma,,Rhinopristiformes,Rhinidae,CR,97.6484500634274,16.9729039019495,102.076011774766,14.1136797880623,0.970491820931908,0.0586635329006248,91.38838415109,1.0,1,1000,GBIF_iucn_link,Rhina_ancylostoma,False,False,,,
7,15,Carcharias_taurus,Sand Tiger Shark,Lamniformes,Odontaspididae,CR,95.2685567457589,16.6295978719465,99.2719762868683,10.9165016866543,0.971235343442197,0.0582729552364885,95.19580211296,1.0,1,1000,direct,Carcharias_taurus,True,True,exact,Carcharias_taurus,GCA_055471155.1
8,28,Aetomylaeus_vespertilio,Ornate Eagle Ray,Myliobatiformes,Myliobatidae,CR,63.1235592412818,41.2427287782297,65.6330650436503,43.0721493927748,0.9725397265933,0.058100823171422,53.3151609007978,1.0,1,1000,direct,Aetomylaeus_vespertilio,False,False,,,
9,36,Galeorhinus_galeus,Tope,Carcharhiniformes,Triakidae,CR,54.0324962137172,31.7374897250506,56.686634850928,33.8589841196906,0.971476361332941,0.0615300815434667,43.0158318273152,0.952,1,1000,direct,Galeorhinus_galeus,True,True,exact,Galeorhinus_galeus,GCA_055755705.1
10,40,Eusphyra_blochii,Winghead Shark,Carcharhiniformes,Sphyrnidae,CR,52.2052511085971,9.9927920657954,54.592592940944,7.22302908143674,0.971733208990885,0.0617711371115852,51.98032119535,1.0,1,1000,direct,Eusphyra_blochii,False,False,,,
11,52,Sphyrna_mokarran,Great Hammerhead,Carcharhiniformes,Sphyrnidae,CR,47.3390265280874,9.13241398098861,49.5560622994101,6.51215039794727,0.971870460547073,0.0616029909137952,46.40522225221,1.0,1,1000,direct,Sphyrna_mokarran,False,False,,,
12,1,Zanobatus_schoenleinii,Striped Panray,Myliobatiformes,Zanobatidae,VU,45.3139719340213,14.8880938737422,188.1478511,26.550689175,0.244004990099897,0.0768906994518965,187.0530287153,1.0,1,1000,direct,Zanobatus_schoenleinii,False,False,,,
13,17,Hemipristis_elongata,Snaggletooth Shark,Carcharhiniformes,Hemigaleidae,EN,43.6796090143315,24.0717046706707,93.3504736149378,11.3929875326487,0.496921535740819,0.292299538190207,90.39664381034,1.0,1,1000,direct,Hemipristis_elongata,False,False,,,
14,69,Squatina_squatina,Angelshark,Squatiniformes,Squatinidae,CR,42.784173682747,19.3231086375471,44.8932443642139,20.0347391290651,0.971663747059022,0.0595870814626343,29.0523932980905,0.981,1,1000,direct,Squatina_squatina,False,False,,,
15,68,Squatina_aculeata,Sawback Angelshark,Squatiniformes,Squatinidae,CR,42.4135068024512,19.8107714764144,44.9803986948234,20.3845117269546,0.971759380874768,0.0592436805013397,29.0974566458688,0.988,1,1000,direct,Squatina_aculeata,False,False,,,
16,77,Glaucostegus_cemiculus,Blackchin Guitarfish,Rhinopristiformes,Glaucostegidae,CR,41.6050505425782,34.4061616672743,43.6317922204723,34.8202995099155,0.970306243611442,0.0587913315243577,21.2154930833978,0.908,1,1000,direct,Glaucostegus_cemiculus,False,False,,,
17,19,Cetorhinus_maximus,Basking Shark,Lamniformes,Cetorhinidae,EN,41.4517130192914,24.7295032136192,88.6791647595312,9.70146010715401,0.491609762250275,0.277721242694683,85.49404186603,1.0,1,1000,direct,Cetorhinus_maximus,True,True,exact,Cetorhinus_maximus,GCA_964194155.1
18,23,Aetobatus_flagellum,Longhead Eagle Ray,Myliobatiformes,Aetobatidae,EN,40.0955018700356,22.4302522849445,79.6513705826147,20.1127240385182,0.500253798764943,0.288742078500374,45.67186225826,1.0,1,1000,direct,Aetobatus_flagellum,False,False,,,
19,25,Aetobatus_narinari,Whitespotted Eagle Ray,Myliobatiformes,Aetobatidae,EN,40.0923581776979,22.7738338223399,79.0328528836458,19.7644686504787,0.500253798764943,0.28825868960036,45.67186225826,1.0,1,1000,direct,Aetobatus_narinari,False,False,,,
20,91,Sphyrna_lewini,Scalloped Hammerhead,Carcharhiniformes,Sphyrnidae,CR,38.5406980282058,7.88212943685043,40.3045232483433,7.2067453278504,0.972014482950201,0.0610672152361369,33.03871754021,1.0,1,1000,direct,Sphyrna_lewini,False,False,,,
21,90,Hongeo_koreana,Korean Skate,Rajiformes,Rajidae,CR,38.2597418828593,21.149336538405,40.4418722762966,21.5407117613433,0.969955159141834,0.0595491496857951,38.289614181033,0.935,1,1000,direct,Hongeo_koreana,False,False,,,
22,89,Glaucostegus_halavi,Halavi Guitarfish,Rhinopristiformes,Glaucostegidae,CR,38.2215687151457,35.9693725744057,40.7013003673946,38.4959573535137,0.969918371140186,0.0592662558119073,16.0705175607929,0.903,1,1000,direct,Glaucostegus_halavi,False,False,,,
23,95,Glaucostegus_obtusus,Widenose Guitarfish,Rhinopristiformes,Glaucostegidae,CR,38.1345340624297,34.6017689666578,39.5936331255497,36.4524390030364,0.970059465799781,0.0590514071129646,15.2510026573233,0.905,1,1000,direct,Glaucostegus_obtusus,False,False,,,
24,92,Rhinobatos_jimbaranensis,Jimbaran Guitarfish,Rhinopristiformes,Rhinobatidae,CR,37.9644249016998,41.7315205301535,40.3015207233812,43.4116761479981,0.970525830163844,0.0595635592012425,32.3148273272419,0.88,1,1000,direct,Rhinobatos_jimbaranensis,False,False,,,
25,98,Glaucostegus_granulatus,Sharpnose Guitarfish,Rhinopristiformes,Glaucostegidae,CR,37.5789109133556,36.4438585141389,39.4082673960159,37.6336426999165,0.96996352070011,0.0591045431242958,14.9415345353206,0.9,1,1000,direct,Glaucostegus_granulatus,False,False,,,
26,107,Mobula_japanica,,Myliobatiformes,Mobulidae,CR,35.4615706606789,15.213658484754,37.5674519873255,15.6446192394906,0.972361203656865,0.0572737414272775,22.4585242472604,0.976,1,1000,GBIF_iucn_link,Mobula_japanica,False,False,,,
27,111,Glaucostegus_typus,Giant Guitarfish,Rhinopristiformes,Glaucostegidae,CR,35.2427010987537,37.5644233096715,36.4561051578919,38.8888419656844,0.970201124262855,0.0592835263625582,7.3202663580051,0.876,1,1000,direct,Glaucostegus_typus,False,False,,,
28,109,Glaucostegus_thouin,Clubnose Guitarfish,Rhinopristiformes,Glaucostegidae,CR,34.6451410290275,36.9811670399404,36.4950365169551,38.4983337261105,0.970201124262855,0.0592458464671402,7.20450279540925,0.884,1,1000,direct,Glaucostegus_thouin,False,False,,,
29,116,Pseudoginglymostoma_brevicaudatum,Shorttail Nurse Shark,Orectolobiformes,Ginglymostomatidae,CR,33.3252803394219,42.5853000951849,35.0977172808463,43.7081771896248,0.971870460547073,0.063429717712278,30.6024537495431,0.918,1,1000,direct,Pseudoginglymostoma_brevicaudatum,False,False,,,
30,124,Sphyrna_corona,Scalloped Bonnethead,Carcharhiniformes,Sphyrnidae,CR,32.5138894516094,8.27898408079916,33.7730220013225,8.29004649898105,0.971870460547073,0.0610319002040699,22.2247358875,1.0,1,1000,direct,Sphyrna_corona,False,False,,,
31,123,Rhynchobatus_djiddensis,Whitespotted Wedgefish,Rhinopristiformes,Rhinidae,CR,32.5092999152355,9.1191259865541,34.1525479255376,9.09321549331719,0.970201124262855,0.0587913315243577,4.87783639447178,1.0,1,1000,direct,Rhynchobatus_djiddensis,False,False,,,
32,122,Rhynchobatus_australiae,Bottlenose Wedgefish,Rhinopristiformes,Rhinidae,CR,32.4739099926612,9.26202617840265,34.1947947987426,8.76399854776211,0.970201124262855,0.0588290114197757,4.91474974435571,1.0,1,1000,direct,Rhynchobatus_australiae,False,False,,,
33,121,Centrophorus_atromarginatus,Dwarf Gulper Shark,Squaliformes,Centrophoridae,CR,32.0087459943335,33.4824005536669,34.2695657797603,34.8242686328488,0.971901297954209,0.0594506419863551,23.0771892824211,0.813,1,1000,direct,Centrophorus_atromarginatus,False,False,,,
34,129,Mobula_tarapacana,Sicklefin Devil Ray,Myliobatiformes,Mobulidae,CR,31.1999611571046,19.596802097276,32.3260161589705,20.6428091324329,0.972361203656865,0.0575385339785723,18.4606421950201,0.963,1,1000,direct,Mobula_tarapacana,False,False,,,
35,148,Rhynchobatus_springeri,Broadnose Wedgefish,Rhinopristiformes,Rhinidae,CR,29.2612121092364,18.3805187896359,30.7178106329257,19.2822636813014,0.970201124262855,0.0590514071129646,14.1657277208099,0.986,1,1000,direct,Rhynchobatus_springeri,False,False,,,
36,144,Squatina_japonica,Japanese Angelshark,Squatiniformes,Squatinidae,CR,29.0907726481137,21.6877099315067,30.9908003585279,22.7748467510745,0.972742987958582,0.0584643006435858,20.7670667750466,0.935,1,1000,direct,Squatina_japonica,False,False,,,
37,153,Sphyrna_tudes,Smalleye Hammerhead,Carcharhiniformes,Sphyrnidae,CR,29.0861068918307,8.82876273240417,30.3941577713317,9.02326950285559,0.972014482950201,0.0615676758817282,12.687842825699,1.0,1,1000,direct,Sphyrna_tudes,False,False,,,
38,152,Sphyrna_media,Scoophead Shark,Carcharhiniformes,Sphyrnidae,CR,28.9851191640227,8.59742646213773,30.3976171427688,8.99159149628879,0.971870460547073,0.0610319002040699,12.687842825699,1.0,1,1000,direct,Sphyrna_media,False,False,,,
39,146,Rhynchobatus_luebberti,African Wedgefish,Rhinopristiformes,Rhinidae,CR,28.9105762079996,19.1455923302324,30.9418589819907,19.8897541135781,0.970491820931908,0.0586101207878716,14.5233979795496,0.982,1,1000,direct,Rhynchobatus_luebberti,False,False,,,
40,151,Squatina_armata,Chilean Angelshark,Squatiniformes,Squatinidae,CR,28.8169378965,8.26406493031962,30.5120542929123,7.32480466426524,0.971901297954209,0.0591767106667758,26.1467073087548,0.978,1,1000,direct,Squatina_armata,False,False,,,
41,159,Atlantoraja_castelnaui,Spotback Skate,Rajiformes,Arhynchobatidae,CR,28.1086506352857,4.94790099117999,29.5694666472601,4.76721581742664,0.967407608660288,0.0637313561795574,27.75649351921,1.0,1,1000,direct,Atlantoraja_castelnaui,False,False,,,
42,166,Paratrygon_aiereba,Discus Stingray,Myliobatiformes,Potamotrygonidae,CR,27.4232966918518,20.2054310503819,28.4242449054853,21.0609463967422,0.972104452199207,0.0581509017547752,26.3953159817097,0.85,1,1000,direct,Paratrygon_aiereba,False,False,,,
43,187,Pastinachus_stellurostris,Starrynose Cowtail Ray,Myliobatiformes,Dasyatidae,CR,25.2317576862041,5.15487626326572,26.4129069541035,5.01824453467284,0.972218364759189,0.0584237851949946,21.81843828669,1.0,1,1000,direct,Pastinachus_stellurostris,False,False,,,
44,50,Zapteryx_brevirostris,Shortnose Guitarfish,Rhinopristiformes,Trygonorrhinidae,EN,25.213301624993,22.1838117454961,49.7842943191909,43.8131834577992,0.487266487211265,0.282441207402611,45.137311223177,0.998,1,1000,direct,Zapteryx_brevirostris,False,False,,,
45,195,Squatina_legnota,Indonesian Angel Shark,Squatiniformes,Squatinidae,CR,24.6968112982434,11.5047946644693,25.9014449239767,12.6515103486422,0.972742987958582,0.0584239772838362,15.2166514338359,0.94,1,1000,direct,Squatina_legnota,False,False,,,
46,199,Mobula_mobular,Spinetail Devil Ray,Myliobatiformes,Mobulidae,CR,23.9724273792385,20.2805577308895,25.3243155802089,21.2934050107143,0.9725397265933,0.0572737414272775,14.1753622171105,0.865,1,1000,direct,Mobula_mobular,False,False,,,
47,14,Leptocharias_smithii,Barbeled Houndshark,Carcharhiniformes,Leptochariidae,VU,23.9013168152371,9.31238752946652,100.0579788,27.189627805,0.245516772328093,0.0793097537547668,100.91629637456,1.0,1,1000,direct,Leptocharias_smithii,False,False,,,
48,209,Pteromylaeus_bovinus,Duckbill Eagle Ray,Myliobatiformes,Myliobatidae,CR,23.7845043068266,28.1007443846731,24.5543870848815,29.5142738009948,0.972361203656865,0.0580667764244357,14.6724068107262,0.773,1,1000,GBIF_accepted,Aetomylaeus_bovinus,False,False,,,
49,208,Mobula_diabolus,Spinetail Devil Ray,Myliobatiformes,Mobulidae,CR,23.4411839459934,20.407031903004,24.5663799392733,21.338182096678,0.972057094636579,0.0577378989397449,14.0394772342812,0.84,1,1000,GBIF_accepted,Mobula_mobular,False,False,,,
50,63,Isurus_oxyrinchus,Shortfin Mako,Lamniformes,Lamnidae,EN,22.8675484517577,12.7955512466073,46.4008348047697,7.54233067662857,0.491609762250275,0.277896084719522,38.81811267927,1.0,1,1000,direct,Isurus_oxyrinchus,False,False,,,
51,218,Myliobatis_aquila,Common Eagle Ray,Myliobatiformes,Myliobatidae,CR,22.811068540936,16.7239836852136,24.1064656619769,17.6981610737529,0.972218364759189,0.0574274958519699,18.9336846838383,0.774,1,1000,direct,Myliobatis_aquila,False,False,,,
52,221,Glyphis_fowlerae,,Carcharhiniformes,Carcharhinidae,CR,22.4587885425147,9.12756373808806,24.0105676876645,9.32848718236734,0.970208594441784,0.0633143038896326,1.66786360877567,0.851,1,1000,GBIF_iucn_link,Glyphis_fowlerae,False,False,,,
53,220,Glyphis_gangeticus,Ganges Shark,Carcharhiniformes,Carcharhinidae,CR,22.4120585938753,9.15127893998608,24.0307178356987,9.39310734933077,0.969871178302317,0.0637098545337828,1.68215802571461,0.848,1,1000,direct,Glyphis_gangeticus,False,False,,,
54,16,Alopias_superciliosus,Bigeye Thresher,Lamniformes,Alopiidae,VU,22.3839505058571,9.5593627170582,97.2819498775356,11.1684257765654,0.244106447751419,0.0755512165668444,91.34211276902,1.0,1,1000,direct,Alopias_superciliosus,False,False,,,
55,229,Urogymnus_ukpam,Thorny Whipray,Myliobatiformes,Dasyatidae,CR,22.3144992657151,14.5843136163491,23.4422179298503,15.2274232201221,0.972306917228021,0.0574973397307137,10.6833485762806,0.852,1,1000,GBIF_accepted,Fontitrygon_ukpam,False,False,,,
56,87,Echinorhinus_brucus,Bramble Shark,Squaliformes,Echinorhinidae,EN,22.2548024405279,20.2311962834648,40.9297019460325,37.061028426655,0.500951492482394,0.290334381744411,24.47829401545,1.0,1,1000,direct,Echinorhinus_brucus,False,False,,,
57,62,Isurus_paucus,Longfin Mako,Lamniformes,Lamnidae,EN,22.1603656223078,12.8517828171272,46.4448504390669,7.12358936198442,0.491609762250275,0.277983065048202,38.81811267927,1.0,1,1000,direct,Isurus_paucus,False,False,,,
58,54,Aetomylaeus_maculatus,Mottled Eagle Ray,Myliobatiformes,Myliobatidae,EN,22.1214792745351,17.5705985118186,48.2406078158995,23.2349096131314,0.499113628348124,0.286772365929338,35.9324019538033,0.981,1,1000,direct,Aetomylaeus_maculatus,False,False,,,
59,233,Carcharhinus_borneensis,Borneo Shark,Carcharhiniformes,Carcharhinidae,CR,21.9529242410679,6.52397422041617,23.1932821090765,7.05598268957788,0.970702129944456,0.0631520993686877,19.3400402767044,0.943,1,1000,direct,Carcharhinus_borneensis,False,False,,,
60,59,Rhinobatos_penggali,Indonesian Guitarfish,Rhinopristiformes,Rhinobatidae,EN,21.8264267415967,22.9711174946005,47.078369569922,44.6356158740119,0.487789885160026,0.281948650084115,33.7177394551528,0.877,1,1000,direct,Rhinobatos_penggali,False,False,,,
61,73,Sphyrna_tiburo,Bonnethead Shark,Carcharhiniformes,Sphyrnidae,EN,21.5261369617569,11.90906075221,44.282517581989,8.56275014005359,0.496027161501302,0.291903778694287,16.3216408439,1.0,1,1000,direct,Sphyrna_tiburo,False,False,,,
62,249,Mobula_thurstoni,Bentfin Devil Ray,Myliobatiformes,Mobulidae,CR,21.521145593626,10.4231619985549,22.6639596625167,10.9875656952428,0.972218364759189,0.0574725977033922,8.32698756134996,0.923,1,1000,direct,Mobula_thurstoni,False,False,,,
63,256,Rhynchobatus_laevis,Smoothnose Wedgefish,Rhinopristiformes,Rhinidae,CR,21.1590277257036,7.215349638169,22.3394568596385,7.13126120257193,0.970306243611442,0.0586561291340043,7.61003594417411,1.0,1,1000,direct,Rhynchobatus_laevis,False,False,,,
64,259,Rhinobatos_horkelii,Brazilian Guitarfish,Rhinopristiformes,Rhinobatidae,CR,20.6907214540321,29.7871863586894,22.0552404644581,31.5234470628527,0.970400467883124,0.0593369384753113,22.5267850960662,0.702,1,1000,GBIF_accepted,Pseudobatos_horkelii,False,False,,,
65,266,Squatina_oculata,Smoothback Angelshark,Squatiniformes,Squatinidae,CR,20.5581561874479,24.5660050531987,21.4398483763546,25.9953810510239,0.972742987958582,0.0588543034236742,13.186955885113,0.697,1,1000,direct,Squatina_oculata,False,False,,,
66,96,Stegostoma_fasciatum,,Orectolobiformes,Stegostomatidae,EN,20.4773112376809,21.910046951127,39.5915056311506,48.4113398488995,0.496921535740819,0.29626920770672,29.4918717199114,0.955,1,1000,GBIF_iucn_link,Stegostoma_fasciatum,True,True,synonym_of_tip,Stegostoma_tigrinum,GCA_030684315.1
67,56,Himantura_lobistoma,Tubemouth Whipray,Myliobatiformes,Dasyatidae,EN,20.4033463900056,13.7431783185597,47.7837477713809,16.729205016078,0.496217463674415,0.278942027404452,38.5599832331203,0.911,1,1000,GBIF_accepted,Urogymnus_lobistoma,False,False,,,
68,67,Carcharhinus_signatus,Night Shark,Carcharhiniformes,Carcharhinidae,EN,20.3702553873272,14.4126102677942,45.0729823631646,19.6033453929822,0.489007350343147,0.293782305666073,34.4604682257808,0.957,1,1000,direct,Carcharhinus_signatus,False,False,,,
69,270,Squatina_argentina,Argentine Angelshark,Squatiniformes,Squatinidae,CR,20.157906544724,23.1142225124516,21.1755323938884,24.7146297899476,0.972742987958582,0.0588247978904891,12.6525789324133,0.68,1,1000,direct,Squatina_argentina,False,False,,,
70,105,Rhincodon_typus,Whale Shark,Orectolobiformes,Rhincodontidae,EN,19.9034061747015,21.0242390075284,37.6274694286088,48.5466487113066,0.496921535740819,0.297203796296829,29.6456212967656,0.944,1,1000,direct,Rhincodon_typus,False,False,,,
71,274,Triakis_maculata,Spotted Houndshark,Carcharhiniformes,Triakidae,CR,19.9010784337587,18.5812370880162,21.0036968332638,19.3900531511065,0.971663747059022,0.0612934918895207,16.6429262928745,0.774,1,1000,direct,Triakis_maculata,False,False,,,
72,277,Rhinobatos_irvinei,Spineback Guitarfish,Rhinopristiformes,Rhinobatidae,CR,19.7409700201107,24.4807268790279,20.7855708748332,25.5420507922435,0.970491820931908,0.0598651300725035,16.2758003623871,0.707,1,1000,direct,Rhinobatos_irvinei,False,False,,,
73,280,Rhinobatos_lionotus,Smoothback Guitarfish,Rhinopristiformes,Rhinobatidae,CR,19.5051702677995,26.8403303534697,20.7422432952526,28.1833747145078,0.970400467883124,0.0592458464671402,16.0562343412905,0.695,1,1000,direct,Rhinobatos_lionotus,False,False,,,
74,291,Rhinobatos_albomaculatus,Whitespotted Guitarfish,Rhinopristiformes,Rhinobatidae,CR,19.4123737813191,25.1665423644081,20.2066624697064,26.125403353499,0.970400467883124,0.0598466929967556,17.1253073562062,0.706,1,1000,direct,Rhinobatos_albomaculatus,False,False,,,
75,290,Rhinobatos_annandalei,Bengal Guitarfish,Rhinopristiformes,Rhinobatidae,CR,19.0740993473854,25.1717999353599,20.210890299929,26.4027995768336,0.970627826108513,0.0598651300725035,0.6230671381082,0.684,1,1000,direct,Rhinobatos_annandalei,False,False,,,
76,297,Acroteriobatus_variegatus,Stripenose Guitarfish,Rhinopristiformes,Rhinobatidae,CR,19.0731823705966,25.1271640776892,19.9233590065791,25.8341598026513,0.97078018140746,0.0599027620441979,0.629911933204452,0.685,1,1000,direct,Acroteriobatus_variegatus,False,False,,,
77,296,Rhinobatos_rhinobatos,Common Guitarfish,Rhinopristiformes,Rhinobatidae,CR,18.6991486502695,25.131374981993,19.9450683265667,25.8113697444254,0.970869212660554,0.059597874640033,18.4377982642116,0.71,1,1000,direct,Rhinobatos_rhinobatos,False,False,,,
78,99,Alopias_pelagicus,Pelagic Thresher,Lamniformes,Alopiidae,EN,18.6941224299818,24.027634470359,39.1134677386194,56.3502989216639,0.491609762250275,0.277721242694683,39.6695731198283,0.772,1,1000,direct,Alopias_pelagicus,False,False,,,
79,24,Notorynchus_cepedianus,Broadnose Sevengill Shark,Hexanchiformes,Hexanchidae,VU,18.2828245433496,6.85263505602163,79.0606167408682,13.6690305069405,0.247147413620083,0.0774053137004698,77.52937886332,1.0,1,1000,direct,Notorynchus_cepedianus,False,False,,,
80,320,Rhinobatos_formosensis,,Rhinopristiformes,Rhinobatidae,CR,18.1199035982776,25.7625804025712,18.9427300655985,27.4152153806597,0.970869212660554,0.0593193918232384,3.02161132288554,0.686,1,1000,GBIF_iucn_link,Rhinobatos_formosensis,False,False,,,
81,318,Rhinobatos_schlegelii,Brown Guitarfish,Rhinopristiformes,Rhinobatidae,CR,18.080038016634,25.6360036885435,19.0014444917649,27.5056884623309,0.970871312811898,0.0593570717186565,3.05811668527778,0.688,1,1000,direct,Rhinobatos_schlegelii,False,False,,,
82,74,Centrophorus_squamosus,Leafscale Gulper Shark,Squaliformes,Centrophoridae,EN,17.9569416513644,20.9570109418771,44.1151848361122,38.8146593953843,0.496217463674415,0.291493777785086,28.9377831690566,0.88,1,1000,direct,Centrophorus_squamosus,False,False,,,
83,81,Centrophorus_granulosus,Gulper Shark,Squaliformes,Centrophoridae,EN,17.9344604676475,21.0258634373725,43.1109851658758,38.3201072547471,0.49718890097283,0.291687482902024,27.7548914996058,0.891,1,1000,direct,Centrophorus_granulosus,False,False,,,
84,336,Mustelus_schmitti,Narrownose Smoothhound,Carcharhiniformes,Triakidae,CR,17.2778807019536,11.4500189993682,18.3674414206421,12.1616598297836,0.971712517123078,0.0614355569013736,13.6825022137887,0.682,1,1000,direct,Mustelus_schmitti,False,False,,,
85,108,Squatina_tergocellatoides,Ocellated Angelshark,Squatiniformes,Squatinidae,EN,17.1634267074236,13.3211664255104,37.2195216996361,22.8817095881207,0.500951492482394,0.290810058844915,20.9191535915175,0.948,1,1000,direct,Squatina_tergocellatoides,False,False,,,
86,115,Centrophorus_zeehaani,,Squaliformes,Centrophoridae,EN,16.8524900654751,21.8605206730855,35.2858128139622,39.1327675047838,0.496217463674415,0.291651383780057,22.7327899959565,0.848,1,1000,GBIF_iucn_link,Centrophorus_zeehaani,False,False,,,
87,103,Urogymnus_asperrimus,Porcupine Ray,Myliobatiformes,Dasyatidae,EN,16.8462633135399,11.3747196858666,37.9549599685284,16.5193606548628,0.498203298807512,0.27952020778001,10.6833485762806,0.944,1,1000,direct,Urogymnus_asperrimus,True,True,exact,Urogymnus_asperrimus,GCA_988281385.1
88,114,Rostroraja_alba,White Skate,Rajiformes,Rajidae,EN,16.6259271644916,9.97883234675337,35.3187458024081,6.55707655325578,0.479457057607838,0.28483885425567,34.20223710817,1.0,1,1000,direct,Rostroraja_alba,False,False,,,
89,106,Triakis_scyllium,Banded Houndshark,Carcharhiniformes,Triakidae,EN,16.5003262198417,11.207312144006,37.58079453549,17.4684565558185,0.494750215186082,0.288754619653628,22.4839752048725,1.0,1,1000,direct,Triakis_scyllium,False,False,,,
90,118,Mobula_kuhlii,Shorthorned Pygmy Devil Ray,Myliobatiformes,Mobulidae,EN,16.468859584017,11.5314360555824,34.8997141785626,17.537655049858,0.499113628348124,0.28773496486711,8.47583732807757,0.97,1,1000,direct,Mobula_kuhlii,False,False,,,
91,376,Gymnura_tentaculata,Tentacled Butterfly Ray,Myliobatiformes,Gymnuridae,CR,16.2632048704612,21.5806637908769,16.8734833332405,22.8342031740657,0.972218364759189,0.0577378989397449,17.7076752616427,0.632,1,1000,direct,Gymnura_tentaculata,False,False,,,
92,374,Sympterygia_acuta,Bignose Fanskate,Rajiformes,Arhynchobatidae,CR,16.1822653729979,17.0306150217548,17.0591474437905,18.2091503815518,0.967816630759521,0.0637060824480737,15.9615112040784,0.609,1,1000,direct,Sympterygia_acuta,False,False,,,
93,154,Gymnura_zonura,Zonetail Butterfly Ray,Myliobatiformes,Gymnuridae,EN,15.7114748433306,19.9119586410076,30.1889573555572,43.5932638091801,0.501569596728198,0.288649594947988,29.1729211889079,0.778,1,1000,direct,Gymnura_zonura,False,False,,,
94,135,Himantura_schmardae,,Myliobatiformes,Dasyatidae,EN,15.6426857451067,8.65755240607711,31.7880421269629,6.30044729321528,0.495927425814087,0.283332907861748,19.42162025332,1.0,1,1000,GBIF_iucn_link,Himantura_schmardae,False,False,,,
95,386,Carcharhinus_longimanus,Oceanic Whitetip Shark,Carcharhiniformes,Carcharhinidae,CR,15.5772058630994,6.03139568956187,16.4227763157795,6.28750817693348,0.971332120351116,0.0620606843283726,13.9177906409814,0.883,1,1000,direct,Carcharhinus_longimanus,False,False,,,
96,134,Himantura_granulata,Mangrove Whipray,Myliobatiformes,Dasyatidae,EN,15.1301707568984,12.4084509466954,31.9902918452292,19.6149539739221,0.498203298807512,0.27952020778001,20.7458186398228,0.877,1,1000,GBIF_accepted,Urogymnus_granulatus,False,False,,,
97,145,Pastinachus_solocirostris,Roughnose Cowtail Ray,Myliobatiformes,Dasyatidae,EN,15.1294004636199,8.47541822450312,30.9738031573255,6.4386301638265,0.499111805988764,0.288388818545834,21.81843828669,1.0,1,1000,direct,Pastinachus_solocirostris,False,False,,,
98,131,Himantura_polylepis,Giant Freshwater Whipray,Myliobatiformes,Dasyatidae,EN,15.0379714129825,12.2389510060332,32.1771632483782,20.4702294407406,0.497897419964513,0.27952020778001,20.643458190948,0.874,1,1000,GBIF_accepted,Urogymnus_polylepis,False,False,,,
99,149,Negaprion_acutidens,Sharptooth Lemon Shark,Carcharhiniformes,Carcharhinidae,EN,14.7524924823938,8.34468208397969,30.7033781442255,6.83933817863167,0.486184686090787,0.290246346107006,24.49564526809,1.0,1,1000,direct,Negaprion_acutidens,False,False,,,
100,155,Himantura_oxyrhyncha,Marbled Whipray,Myliobatiformes,Dasyatidae,EN,14.2543847655006,9.00118417852022,30.0752564959627,6.41489900286742,0.496217463674415,0.281400082653527,23.6808090079223,0.928,1,1000,GBIF_accepted,Fluvitrygon_oxyrhynchus,False,False,,,
101,409,Rhinoptera_marginata,Lusitanian Cownose Ray,Myliobatiformes,Rhinopteridae,CR,14.0668879471245,15.0838401920785,14.8279647970821,15.5515840762155,0.9725397265933,0.057435826420959,13.2876301340465,0.586,1,1000,direct,Rhinoptera_marginata,False,False,,,
102,22,Dasyatis_microps,Smalleye Stingray,Myliobatiformes,Dasyatidae,DD,14.0571881927485,46.1065243905038,83.9760786900005,8.32577441249998,0.167096574834081,0.502337670891555,85.06821950183,0.0,0,1000,GBIF_accepted,Megatrygon_microps,False,False,,,
103,156,Himantura_signifer,White-edge Whipray,Myliobatiformes,Dasyatidae,EN,14.0039071312904,8.55374745628965,30.0084622989408,5.99379342309929,0.494762195527827,0.281491557301769,23.7356896283691,0.924,1,1000,GBIF_accepted,Fluvitrygon_signifer,False,False,,,
104,31,Aetomylaeus_nichofii,Banded Eagle Ray,Myliobatiformes,Myliobatidae,VU,13.8245649124243,9.70063748696976,60.5364352918597,39.5363403357063,0.246633823022279,0.0772071559330944,22.826522025476,0.991,1,1000,direct,Aetomylaeus_nichofii,False,False,,,
105,421,Glyphis_siamensis,,Carcharhiniformes,Carcharhinidae,CR,13.7083902087304,14.3688986109464,14.4871610749724,15.3772152750241,0.970552445223898,0.0632329421697938,9.37585829641099,0.564,1,1000,GBIF_iucn_link,Glyphis_siamensis,False,False,,,
106,172,Mobula_eregoodootenkee,,Myliobatiformes,Mobulidae,EN,13.4739208788458,12.2519779403668,27.970360149745,21.1773021030522,0.498203298807512,0.287994716152539,13.8159378547071,0.897,1,1000,GBIF_iucn_link,Mobula_eregoodootenkee,False,False,,,
107,184,Atlantoraja_platana,La Plata Skate,Rajiformes,Arhynchobatidae,EN,13.2957510216125,7.68950660660198,26.8211784091921,7.07503967689895,0.472051599209105,0.291228960577283,17.25429835326,1.0,1,1000,direct,Atlantoraja_platana,False,False,,,
108,441,Rhinoptera_peli,Lusitanian Cownose Ray,Myliobatiformes,Rhinopteridae,CR,13.2526435962169,14.5342555509192,14.0582367100708,15.1947624604094,0.972647677714175,0.0572737414272775,12.8334348533862,0.574,1,1000,GBIF_accepted,Rhinoptera_marginata,False,False,,,
109,185,Atlantoraja_cyclophora,Eyespot Skate,Rajiformes,Arhynchobatidae,EN,13.2262606085987,7.70710489258655,26.7166451798299,6.90922190416005,0.472051599209105,0.291628280337976,17.25429835326,1.0,1,1000,direct,Atlantoraja_cyclophora,False,False,,,
110,11,Rhynchobatus_palpebratus,Eyebrow Wedgefish,Rhinopristiformes,Rhinidae,NT,12.9912678466569,6.13235095252921,112.561398961701,26.9936551415993,0.121417236515439,0.0421165217997622,7.52513175730744,0.0,0,1000,direct,Rhynchobatus_palpebratus,False,False,,,
111,473,Myliobatis_ridens,Shortnose Eagle Ray,Myliobatiformes,Myliobatidae,CR,12.8047196871666,15.3207843736484,13.3115582077441,16.4189042041296,0.972218364759189,0.0575385339785723,14.8105894014567,0.542,1,1000,direct,Myliobatis_ridens,False,False,,,
112,192,Mobula_rochebrunei,,Myliobatiformes,Mobulidae,EN,12.7844968592536,11.3945201457968,26.249546982831,21.8125740001357,0.498203298807512,0.287994716152539,12.8722619637216,0.866,1,1000,GBIF_iucn_link,Mobula_rochebrunei,False,False,,,
113,193,Himantura_gerrardi,Whitespotted Whipray,Myliobatiformes,Dasyatidae,EN,12.7692690122815,7.66754410698166,26.1890876565317,5.21561649593534,0.496217463674415,0.282138985296591,24.6522801920255,0.918,1,1000,GBIF_accepted,Maculabatis_gerrardi,False,False,,,
114,42,Sphyrna_zygaena,Smooth Hammerhead,Carcharhiniformes,Sphyrnidae,VU,12.7330873635795,4.71976965414101,53.9893707180205,10.7766919576535,0.245759954811375,0.0793753351192683,42.02139961618,1.0,1,1000,direct,Sphyrna_zygaena,False,False,,,
115,186,Himantura_leoparda,Leopard Whipray,Myliobatiformes,Dasyatidae,EN,12.7136586217374,8.18720603836726,26.4901892750245,5.54154197210456,0.497897419964513,0.280429027818912,22.8678531009165,0.917,1,1000,direct,Himantura_leoparda,False,False,,,
116,474,Dasyatis_geijskesi,Wingfin Stingray,Myliobatiformes,Dasyatidae,CR,12.6860833700274,17.0928987695498,13.1978356327751,17.9096735078878,0.972057094636579,0.0583977400390991,13.8693650534307,0.524,1,1000,GBIF_accepted,Fontitrygon_geijskesi,False,False,,,
117,37,Brachaelurus_colcloughi,Colclough's Shark,Orectolobiformes,Brachaeluridae,VU,12.6263448123217,5.02995073423595,56.1244798649395,8.16241536055757,0.245508527673304,0.0799365265986756,49.38607316408,1.0,1,1000,direct,Brachaelurus_colcloughi,False,False,,,
118,44,Carcharodon_carcharias,White Shark,Lamniformes,Lamnidae,VU,12.579206822864,4.25783438188522,53.8809385195131,6.26885590696161,0.244481202541015,0.0757877089435079,50.92269212026,1.0,1,1000,direct,Carcharodon_carcharias,True,True,exact,Carcharodon_carcharias,GCA_017639515.1
119,175,Carcharhinus_perezii,,Carcharhiniformes,Carcharhinidae,EN,12.3119820490793,7.44600068405132,27.823534058031,12.5132650852669,0.49186204244088,0.291145672701493,23.340948288725,0.954,1,1000,GBIF_iucn_link,Carcharhinus_perezii,False,False,,,
120,489,Dasyatis_garouaensis,Smooth Stingray,Myliobatiformes,Dasyatidae,CR,12.305190722031,16.1215270266956,13.0543833682556,16.9545981929875,0.972057094636579,0.0586700260466351,14.1886646460327,0.512,1,1000,GBIF_accepted,Fontitrygon_garouaensis,False,False,,,
121,504,Carcharhinus_hemiodon,Pondicherry Shark,Carcharhiniformes,Carcharhinidae,CR,12.2990545136772,14.0231051747737,12.8013551650939,14.686354343861,0.971022674614764,0.0628606164835828,11.6033107335323,0.533,1,1000,direct,Carcharhinus_hemiodon,False,False,,,
122,491,Dasyatis_rudis,Smalltooth Stingray,Myliobatiformes,Dasyatidae,CR,12.2329891602546,17.009346184427,13.0239461271615,17.6154550415644,0.972057094636579,0.0587085092776561,13.3870457026234,0.513,1,1000,GBIF_accepted,Hypanus_rudis,False,False,,,
123,51,Zapteryx_exasperata,Banded Guitarfish,Rhinopristiformes,Trygonorrhinidae,VU,12.1132646660655,10.3553018403324,49.6110254034452,46.3708398499924,0.243188963492623,0.076579960630297,43.1725485398085,1.0,1,1000,direct,Zapteryx_exasperata,False,False,,,
124,27,Echinorhinus_cookei,Prickly Shark,Squaliformes,Echinorhinidae,DD,11.926552865717,29.5704681771971,68.0205974114384,32.7208867655602,0.164473653464944,0.440833355855281,24.47829401545,0.0,0,1000,direct,Echinorhinus_cookei,True,True,exact,Echinorhinus_cookei,GCA_057877045.1
125,519,Carcharhinus_porosus,Smalltail Shark,Carcharhiniformes,Carcharhinidae,CR,11.8915140755125,12.9206617478482,12.5727800122804,13.6398191773188,0.971332120351116,0.0620123818848971,10.6683860842261,0.495,0,1000,direct,Carcharhinus_porosus,False,False,,,
126,228,Centrophorus_lusitanicus,,Squaliformes,Centrophoridae,EN,11.7175016948251,14.1535638146331,23.4856878623897,26.1903205992435,0.494750215186082,0.290299940071799,16.4099192001328,0.787,1,1000,GBIF_iucn_link,Centrophorus_lusitanicus,False,False,,,
127,551,Isogomphodon_oxyrhynchus,Daggernose Shark,Carcharhiniformes,Carcharhinidae,CR,11.6464262399571,13.7881104051995,12.1602392009173,14.758931254668,0.971476361332941,0.0615467351458583,10.9235627765722,0.505,1,1000,direct,Isogomphodon_oxyrhynchus,False,False,,,
128,213,Triakis_acutipinna,Sharpfin Houndshark,Carcharhiniformes,Triakidae,EN,11.589232744062,11.2638817740878,24.3311357886414,19.9523314828514,0.494750215186082,0.287912503422216,16.0095625963644,0.826,1,1000,direct,Triakis_acutipinna,False,False,,,
129,227,Lamiopsis_temminckii,Broadfin Shark,Carcharhiniformes,Carcharhinidae,EN,11.4206844808288,6.91343318149714,23.4927150906002,10.8661087925881,0.489007350343147,0.294363906724117,12.5088145822287,0.973,1,1000,direct,Lamiopsis_temminckii,False,False,,,
130,46,Dasyatis_zugei,Pale-edge Sharpnose Ray,Myliobatiformes,Dasyatidae,VU,11.3700081432245,8.97222024638112,51.7755445473306,33.3189172958711,0.246291871791583,0.0772643332263351,37.4628964036267,0.916,1,1000,GBIF_accepted,Telatrygon_zugei,False,False,,,
131,231,Lamiopsis_tephrodes,Borneo Broadfin Shark,Carcharhiniformes,Carcharhinidae,EN,11.3420190717199,6.79488170770333,23.3166016788499,11.2807205073744,0.489007350343147,0.293078891961598,12.5088145822287,0.971,1,1000,direct,Lamiopsis_tephrodes,False,False,,,
132,217,Rhinobatos_percellens,Chola Guitarfish,Rhinopristiformes,Rhinobatidae,EN,11.277454910559,18.0435337545937,24.2080745858249,37.1124399116099,0.487266487211265,0.282010142923494,21.8579441280682,0.716,1,1000,GBIF_accepted,Pseudobatos_percellens,False,False,,,
133,567,Mustelus_fasciatus,Striped Smoothhound,Carcharhiniformes,Triakidae,CR,11.212671550865,14.3023143814095,11.8677587941421,14.7269021126517,0.971893257738567,0.0608349077048472,11.9077816552274,0.469,0,1000,direct,Mustelus_fasciatus,False,False,,,
134,577,Carcharhinus_cerdale,Pacific Smalltail Shark,Carcharhiniformes,Carcharhinidae,CR,11.2079266503435,12.748706791499,11.7710212516255,13.3390757751938,0.971186270333442,0.0627319681163892,10.1879695961672,0.49,0,1000,direct,Carcharhinus_cerdale,False,False,,,
135,258,Centrophorus_tessellatus,Mosaic Gulper Shark,Squaliformes,Centrophoridae,EN,11.1701335287742,13.5450859237255,22.2975095099757,26.2098298486991,0.49533828142501,0.291651383780057,15.8890178117348,0.783,1,1000,direct,Centrophorus_tessellatus,False,False,,,
136,253,Squatina_formosa,Taiwan Angelshark,Squatiniformes,Squatinidae,EN,11.1123968178599,8.47203389623762,22.4714907411114,13.7567293790662,0.500253798764943,0.291111731462088,6.54955379916157,0.919,1,1000,direct,Squatina_formosa,False,False,,,
137,580,Dasyatis_colarensis,Colares Stingray,Myliobatiformes,Dasyatidae,CR,11.1014229408779,16.3759456412765,11.7048710370533,17.1098154805216,0.972057094636579,0.0588049503513317,13.1963679825883,0.493,0,1000,GBIF_accepted,Fontitrygon_colarensis,False,False,,,
138,245,Platyrhina_sinensis,Chinese Fanray,Torpediniformes,Platyrhinidae,EN,11.0998548526727,12.468982651369,22.8278413485964,21.6803326084067,0.479457057607838,0.284189352049051,20.1343713436274,0.842,1,1000,direct,Platyrhina_sinensis,False,False,,,
139,83,Dalatias_licha,Kitefin Shark,Squaliformes,Dalatiidae,VU,10.964140279299,14.8646858345065,41.9525429372731,64.4987059128515,0.245814517063555,0.0783502559881478,46.6497221698113,0.784,1,1000,direct,Dalatias_licha,False,False,,,
140,252,Squatina_nebulosa,Clouded Angelshark,Squatiniformes,Squatinidae,EN,10.9473997024452,8.38229502303279,22.5194457978865,14.2821089691726,0.500951492482394,0.290616353727978,6.47269457542793,0.92,1,1000,direct,Squatina_nebulosa,False,False,,,
141,72,Himantura_pacifica,,Myliobatiformes,Dasyatidae,VU,10.7545322100881,4.22616980606497,44.7015458262356,13.7778313516091,0.245892150272242,0.0766264330163919,19.42162025332,1.0,1,1000,GBIF_iucn_link,Himantura_pacifica,False,False,,,
142,271,Rhinobatos_hynnicephalus,Ringed Guitarfish,Rhinopristiformes,Rhinobatidae,EN,10.5966534511678,14.6708213270845,21.1249335831309,28.4325634314801,0.489995106155579,0.282631035165383,17.0970102172266,0.715,1,1000,direct,Rhinobatos_hynnicephalus,False,False,,,
143,66,Chaenogaleus_macrostoma,Hooktooth Shark,Carcharhiniformes,Hemigaleidae,VU,10.502456183742,3.83006274794638,45.5706201530431,5.97872708295545,0.24601531831274,0.0791488336188932,44.0975134567,1.0,1,1000,direct,Chaenogaleus_macrostoma,False,False,,,
144,33,Glaucostegus_spinosus,,Rhinopristiformes,Glaucostegidae,NM,10.4963156152267,24.2135431890456,58.5075363417358,46.2632230197254,0.165389535956814,0.505626983521482,16.0546025585774,0.0,0,1000,no_RedList_match,,False,False,,,
145,32,Glaucostegus_microphthalmus,,Rhinopristiformes,Glaucostegidae,NM,10.4401791175096,24.3203887147693,59.3387926012684,50.4713620189799,0.16521604822198,0.505626983521482,15.7183645757643,0.0,0,1000,no_RedList_match,,False,False,,,
146,628,Urotrygon_microphthalmum,Smalleye Round Ray,Myliobatiformes,Urotrygonidae,CR,10.3376609304049,13.4177406337446,10.7985002048785,14.126205018794,0.97141443841668,0.0586320981065714,11.4198519316424,0.432,0,1000,direct,Urotrygon_microphthalmum,False,False,,,
147,29,Hypogaleus_hyugaensis,Pencil Shark,Carcharhiniformes,Triakidae,DD,10.3370832249389,28.2570440108193,64.7839329436773,40.8726968472661,0.17670128536528,0.572909472855602,42.584033005086,0.0,0,1000,direct,Hypogaleus_hyugaensis,False,False,,,
148,97,Rhinobatos_lentiginosus,Freckled Guitarfish,Rhinopristiformes,Rhinobatidae,VU,10.2928391896529,15.0926241090745,39.5781631214218,70.8718264553524,0.243346707133113,0.0767906581327975,41.1357701336485,0.864,1,1000,GBIF_accepted,Pseudobatos_lentiginosus,False,False,,,
149,286,Acroteriobatus_leucospilus,Greyspot Guitarfish,Rhinopristiformes,Rhinobatidae,EN,10.1857836298597,14.5883168689237,20.4362041401969,29.7613803556037,0.487789885160026,0.281634853971215,16.2848827435568,0.71,1,1000,direct,Acroteriobatus_leucospilus,False,False,,,
150,652,Mustelus_mento,Speckled Smoothhound,Carcharhiniformes,Triakidae,CR,10.1664752840359,13.6527394571834,10.6351291402134,14.3587269154958,0.971733208990885,0.0609832229883469,11.2213341697275,0.427,0,1000,direct,Mustelus_mento,False,False,,,
151,264,Carcharhinus_amblyrhynchos,Grey Reef Shark,Carcharhiniformes,Carcharhinidae,EN,10.1289220219868,11.087361084103,21.5611567328973,24.4517958791676,0.49186204244088,0.291921234373578,18.4042561137062,0.725,1,1000,direct,Carcharhinus_amblyrhynchos,False,False,,,
152,651,Torpedo_puelcha,Argentine Torpedo,Torpediniformes,Torpedinidae,CR,10.0641855627854,14.8407171259441,10.6421973972021,15.7564813738846,0.970525830163844,0.0580533278651048,12.4339393415538,0.446,0,1000,GBIF_accepted,Tetronarce_puelcha,False,False,,,
153,308,Oxynotus_centrina,Angular Roughshark,Squaliformes,Oxynotidae,EN,10.0426668744987,9.16676841321913,19.2886190482055,20.4145058966753,0.491591034052826,0.291019992614843,19.1887579268649,0.697,1,1000,direct,Oxynotus_centrina,False,False,,,
154,279,Himantura_undulata,Honeycomb Whipray,Myliobatiformes,Dasyatidae,EN,10.0325967680818,6.27457684383398,20.7455615848729,6.74129960416395,0.498203298807512,0.280429027818912,13.1747162492014,0.882,1,1000,direct,Himantura_undulata,False,False,,,
155,662,Squatina_occulta,Hidden Angelshark,Squatiniformes,Squatinidae,CR,9.96314716382863,7.89752289495627,10.5637846415595,8.15114841008596,0.972218364759189,0.0588195517263113,7.86407195237627,0.266,0,1000,direct,Squatina_occulta,False,False,,,
156,21,Galeocerdo_cuvier,Tiger Shark,Carcharhiniformes,Carcharhinidae,NT,9.9457858695156,3.80974263035758,85.09407194,10.10218479,0.122735284959756,0.0435332197753283,82.8163883662,0.0,0,1000,direct,Galeocerdo_cuvier,False,False,,,
157,674,Torpedo_suessii,Red Sea Torpedo,Torpediniformes,Torpedinidae,CR,9.90955355331542,13.6982793577018,10.4512241105142,15.1357527363362,0.970400467883124,0.0586561291340043,11.5840868268417,0.432,0,1000,direct,Torpedo_suessii,False,False,,,
158,276,Himantura_uarnak,Coach Whipray,Myliobatiformes,Dasyatidae,EN,9.86069605017945,6.23412113728733,20.9019221897256,6.77492088600633,0.498203298807512,0.280655991942165,13.336002600101,0.906,1,1000,direct,Himantura_uarnak,False,False,,,
159,669,Mustelus_whitneyi,Humpback Smoothhound,Carcharhiniformes,Triakidae,CR,9.8597432702708,14.4068521335884,10.4981740831622,14.985606012335,0.971712517123078,0.0614355569013736,10.743838470046,0.433,0,1000,direct,Mustelus_whitneyi,False,False,,,
160,300,Centrophorus_isodon,Blackfin Gulper Shark,Squaliformes,Centrophoridae,EN,9.85737915171871,11.6731617925385,19.7988863023321,21.1976968141894,0.496217463674415,0.291687482902024,9.81675391162847,0.748,1,1000,direct,Centrophorus_isodon,False,False,,,
161,93,Zapteryx_xyster,Southern Banded Guitarfish,Rhinopristiformes,Trygonorrhinidae,VU,9.81867154320021,7.61194857513186,40.1222635139103,29.3905595853991,0.243188963492623,0.076461993268763,22.1851754826155,1.0,1,1000,direct,Zapteryx_xyster,False,False,,,
162,263,Rhinoptera_jayakari,Oman Cownose Ray,Myliobatiformes,Rhinopteridae,EN,9.78403612542998,7.74323560350965,21.6010019935867,13.5923432706919,0.498203298807512,0.287980157463205,14.8840045196123,0.797,1,1000,direct,Rhinoptera_jayakari,False,False,,,
163,70,Mustelus_punctulatus,Blackspotted Smoothhound,Carcharhiniformes,Triakidae,VU,9.75251783411286,7.79653521867421,44.8604906199379,29.3954014505285,0.245800467521086,0.0784686829740238,30.2739303329596,0.918,1,1000,direct,Mustelus_punctulatus,False,False,,,
164,85,Ginglymostoma_cirratum,Atlantic Nurse Shark,Orectolobiformes,Ginglymostomatidae,VU,9.70186803768494,4.5262658278522,41.5536095283334,12.8442926024913,0.24601531831274,0.0805793573016767,23.898416381392,0.999,1,1000,direct,Ginglymostoma_cirratum,False,False,,,
165,84,Nebrius_ferrugineus,Tawny Nurse Shark,Orectolobiformes,Ginglymostomatidae,VU,9.69117507690834,3.93578551290732,41.7856376193032,11.8085640231951,0.246059419333368,0.0805793573016767,23.9783956592199,0.996,1,1000,direct,Nebrius_ferrugineus,False,False,,,
166,304,Centrophorus_harrissoni,Harrisson's Dogfish,Squaliformes,Centrophoridae,EN,9.65046531529845,12.020649542541,19.583721229235,19.9571363496258,0.49533828142501,0.291651383780057,9.77142316062574,0.742,1,1000,direct,Centrophorus_harrissoni,False,False,,,
167,48,Makararaja_chindwinensis,Chindwin Cowtail Ray,Myliobatiformes,Dasyatidae,DD,9.64157523552217,24.5727178439617,50.8345425375734,27.4444394967397,0.166762954451852,0.465948512464486,55.10363304567,0.0,0,1000,direct,Makararaja_chindwinensis,False,False,,,
168,88,Lamna_nasus,Porbeagle,Lamniformes,Lamnidae,VU,9.63814499414854,3.28084072613607,40.7846004200865,7.04272303187786,0.244481202541015,0.0756758156776354,38.73887082121,1.0,1,1000,direct,Lamna_nasus,False,False,,,
169,685,Urotrygon_reticulata,Reticulate Round Ray,Myliobatiformes,Urotrygonidae,CR,9.57611223662396,12.6550079337395,10.2790314077528,13.0982217687801,0.97141443841668,0.058678005221649,11.0012635124681,0.431,0,1000,direct,Urotrygon_reticulata,False,False,,,
170,707,Cephaloscyllium_silasi,Indian Swellshark,Carcharhiniformes,Scyliorhinidae,CR,9.54842905616558,14.3607834743704,9.96638739039531,15.1567035023265,0.972076159137107,0.0617997862488714,10.3579244423431,0.406,0,1000,direct,Cephaloscyllium_silasi,False,False,,,
171,328,Himantura_uarnacoides,Whitenose Whipray,Myliobatiformes,Dasyatidae,EN,9.23756651417879,10.5806112055834,18.6463316988609,19.2403057361764,0.492838798728947,0.282138985296591,16.2979704955627,0.663,1,1000,GBIF_accepted,Pateobatis_uarnacoides,False,False,,,
172,324,Himantura_jenkinsii,Jenkins' Whipray,Myliobatiformes,Dasyatidae,EN,9.20169165582422,10.4349041820131,18.746133317169,19.5058706458875,0.494762195527827,0.28307096204181,16.2622563024081,0.658,1,1000,GBIF_accepted,Pateobatis_jenkinsii,False,False,,,
173,94,Taeniurops_meyeni,Blotched Fantail Ray,Myliobatiformes,Dasyatidae,VU,9.2013258318317,4.46087803630186,39.6818175887192,11.2280509621676,0.246378321381226,0.0777842128476274,35.03257278657,1.0,1,1000,direct,Taeniurops_meyeni,False,False,,,
174,322,Mobula_hypostoma,Atlantic Pygmy Devil Ray,Myliobatiformes,Mobulidae,EN,9.08454779114273,5.37386536999062,18.8301462108702,7.84984428086642,0.499113628348124,0.287586820096682,8.44188553428694,0.915,1,1000,direct,Mobula_hypostoma,False,False,,,
175,309,Himantura_pastinacoides,Round Whipray,Myliobatiformes,Dasyatidae,EN,8.93492101875173,10.2186980397335,19.2687163537383,19.7336409140783,0.493632974419255,0.28307096204181,15.8794539364248,0.657,1,1000,GBIF_accepted,Maculabatis_pastinacoides,False,False,,,
176,334,Himantura_kittipongi,Roughback Whipray,Myliobatiformes,Dasyatidae,EN,8.88817016474707,9.33793081875598,18.4723068141774,16.9949170443096,0.496217463674415,0.280491262614625,13.5237708394107,0.682,1,1000,GBIF_accepted,Fluvitrygon_kittipongi,False,False,,,
177,755,Cephaloscyllium_albipinnum,Whitefin Swellshark,Carcharhiniformes,Scyliorhinidae,CR,8.88523057202823,3.58429450725173,9.33417160952412,3.5897608594449,0.972039298406773,0.0618472374039292,7.24425253063837,0.13,0,1000,direct,Cephaloscyllium_albipinnum,False,False,,,
178,371,Gymnura_altavela,Spiny Butterfly Ray,Myliobatiformes,Gymnuridae,EN,8.88243958387031,15.1573151672506,17.3578382497611,27.0728875306655,0.499113628348124,0.289341144971002,21.9205028872055,0.64,1,1000,direct,Gymnura_altavela,False,False,,,
179,749,Hemitriakis_leucoperiptera,Whitefin Topeshark,Carcharhiniformes,Triakidae,CR,8.87047757100222,7.66642110952207,9.45735500249181,8.13823407757646,0.971733208990885,0.0614420732538397,2.85173144137169,0.272,0,1000,direct,Hemitriakis_leucoperiptera,False,False,,,
180,110,Negaprion_brevirostris,Lemon Shark,Carcharhiniformes,Carcharhinidae,VU,8.8382644908961,3.62689404246672,36.4871527818152,11.2227225654418,0.243451644007014,0.0793114225510758,24.49564526809,1.0,1,1000,direct,Negaprion_brevirostris,False,False,,,
181,43,Pteromylaeus_asperrimus,Roughskin Bullray,Myliobatiformes,Myliobatidae,DD,8.72249174338521,23.0901560594894,53.9634360597488,15.1443862324305,0.166762954451852,0.465029282864858,14.6724068107262,0.0,0,1000,GBIF_accepted,Aetomylaeus_asperrimus,False,False,,,
182,768,Urolophus_javanicus,Java Stingaree,Myliobatiformes,Urolophidae,EX,8.68160741205753,12.8663409753845,9.14370533505183,13.537335610795,0.971016761448607,0.0586938090294223,11.9928659561428,0.387,0,1000,direct,Urolophus_javanicus,False,False,,,
183,776,Cephaloscyllium_sarawakensis,Sarawak Pygmy Swell Shark,Carcharhiniformes,Scyliorhinidae,CR,8.65023899802986,11.663664537422,9.07103210439349,12.610944814889,0.971870460547073,0.0623266380162329,9.20457365775016,0.366,0,1000,direct,Cephaloscyllium_sarawakensis,False,False,,,
184,777,Cephaloscyllium_fasciatum,Reticulated Swellshark,Carcharhiniformes,Scyliorhinidae,CR,8.63802546203427,10.6599980888652,9.06967373910969,11.0807609991834,0.972014482950201,0.0617597947941174,8.74389338643234,0.349,0,1000,direct,Cephaloscyllium_fasciatum,False,False,,,
185,760,Cephaloscyllium_pardelotum,Reticulated Swellshark,Carcharhiniformes,Scyliorhinidae,CR,8.60868227612058,11.2184606201807,9.30422222288833,11.4469835493867,0.972076159137107,0.0617236859565274,9.5960873273862,0.377,0,1000,GBIF_accepted,Cephaloscyllium_fasciatum,False,False,,,
186,101,Alopias_vulpinus,Common Thresher,Lamniformes,Alopiidae,VU,8.52938706794608,12.4673336721396,38.8265485409078,58.2672330164311,0.244640682103629,0.0756758156776354,38.295191179384,0.753,1,1000,direct,Alopias_vulpinus,False,False,,,
187,113,Rioraja_agassizii,Rio Skate,Rajiformes,Arhynchobatidae,VU,8.49065634293751,3.94510694957375,36.2624602068293,9.30964225344886,0.238623367722435,0.0799035434481071,29.0397034267361,0.893,1,1000,direct,Rioraja_agassizii,False,False,,,
188,354,Carcharhinus_dussumieri,Whitecheek Shark,Carcharhiniformes,Carcharhinidae,EN,8.48581460961979,4.8402603354381,17.9263270698623,5.1511745633028,0.492735187929686,0.290371118893068,14.065122875318,0.924,1,1000,direct,Carcharhinus_dussumieri,False,False,,,
189,125,Gymnura_poecilura,Longtail Butterfly Ray,Myliobatiformes,Gymnuridae,VU,8.48295181418665,10.8825294482834,33.6085355115549,45.0251099568241,0.247318922776503,0.0773469165615954,31.4292301909062,0.793,1,1000,direct,Gymnura_poecilura,False,False,,,
190,358,Beringraja_pulchra,Mottled Skate,Rajiformes,Rajidae,EN,8.41591477890106,4.90256825292775,17.7918803578783,3.72255532220264,0.473186786216008,0.282682236150283,16.91344477822,1.0,1,1000,direct,Beringraja_pulchra,False,False,,,
191,294,Mustelus_mustelus,Common Smoothhound,Carcharhiniformes,Triakidae,EN,8.40923452409336,5.97141564650098,20.0038766321863,10.8647754828664,0.495176663692848,0.288872862414494,15.9807098102554,0.871,1,1000,direct,Mustelus_mustelus,False,False,,,
192,389,Manta_birostris,Oceanic Manta Ray,Myliobatiformes,Mobulidae,EN,8.36147226500913,7.05513341940734,16.1419502580563,11.3838412183433,0.498203298807512,0.288783181029082,10.708234051027,0.725,1,1000,GBIF_accepted,Mobula_birostris,True,True,synonym_of_tip,Mobula_birostris,GCA_030028105.1
193,119,Centrophorus_moluccensis,Endeavour Dogfish,Squaliformes,Centrophoridae,VU,8.30884176579933,9.42521073039807,34.6763418338609,39.8414500282575,0.245814517063555,0.0782452374282246,33.0170311052117,0.868,1,1000,direct,Centrophorus_moluccensis,False,False,,,
194,364,Squalus_brevirostris,Japanese Shortnose Spurdog,Squaliformes,Squalidae,EN,8.25546464640037,10.8064351724655,17.5481827235087,22.399896492636,0.494356370754968,0.294822093298044,16.9471187868183,0.652,1,1000,direct,Squalus_brevirostris,False,False,,,
195,835,Cephaloscyllium_maculatum,Reticulated Swellshark,Carcharhiniformes,Scyliorhinidae,CR,8.09886273363105,10.6673208438013,8.50448391994279,11.281731742635,0.971733208990885,0.0623619530483,8.66517115334358,0.336,0,1000,GBIF_accepted,Cephaloscyllium_fasciatum,False,False,,,
196,38,Cirrhigaleus_asper,Roughskin Spurdog,Squaliformes,Squalidae,DD,8.05107098146364,15.7040338767684,55.3305221682552,8.77427847594869,0.164473653464944,0.437793647627483,48.9153564325,0.0,0,1000,direct,Cirrhigaleus_asper,False,False,,,
197,2,Hypnos_monopterygius,Coffin Ray,Torpediniformes,Hypnidae,LC,7.83978557753692,4.32199785188651,151.94522855,37.35467815,0.050427467188301,0.0279530731789747,156.5711737112,0.0,0,1000,direct,Hypnos_monopterygius,False,False,,,
198,411,Hemitriakis_japanica,Japanese Topeshark,Carcharhiniformes,Triakidae,EN,7.59196913666699,7.42118959624109,14.7506189793912,15.088780216307,0.494750215186082,0.288030746183082,2.81313941667527,0.648,1,1000,direct,Hemitriakis_japanica,False,False,,,
199,140,Platyrhina_tangi,Yellow-spotted Fanray,Torpediniformes,Platyrhinidae,VU,7.53549729095377,5.75925015264864,31.358542828012,22.1280774231239,0.2405485613779,0.0772037422412527,20.1522394926018,0.978,1,1000,direct,Platyrhina_tangi,False,False,,,
200,136,Platyrhina_hyugaensis,Hyuga Fanray,Torpediniformes,Platyrhinidae,VU,7.52136423809709,5.95377807134846,31.7347525394422,23.9083352976199,0.240793998821969,0.0775477823152231,20.1950975429331,0.982,1,1000,direct,Platyrhina_hyugaensis,False,False,,,
201,922,Dipturus_intermedia,Common Blue Skate,Rajiformes,Rajidae,CR,7.51934881494018,10.1615387855582,7.88397955195205,10.6436248745273,0.969798649102001,0.0602774644767843,9.08104671806571,0.292,0,1000,GBIF_accepted,Dipturus_batis,True,True,synonym_of_tip,Dipturus_intermedius,GCA_983203515.1
202,415,Rhinoptera_sewelli,Oman Cownose Ray,Myliobatiformes,Rhinopteridae,EN,7.44294434670765,8.61727728936192,14.659115790325,16.6094113040949,0.498203298807512,0.28784657138211,12.2734702332285,0.586,1,1000,GBIF_accepted,Rhinoptera_jayakari,False,False,,,
203,933,Leucoraja_melitensis,Maltese Skate,Rajiformes,Rajidae,CR,7.44150116115773,9.21641358859015,7.78106565023582,9.71872441516411,0.969955159141834,0.0595100990521629,8.80824334316758,0.29,0,1000,direct,Leucoraja_melitensis,False,False,,,
204,133,Scymnodon_ringens,Knifetooth Dogfish,Squaliformes,Somniosidae,VU,7.42484492324976,4.40765662451585,32.0549009106414,18.6296067378964,0.244780251037743,0.0801510775036007,31.990253739871,0.989,1,1000,direct,Scymnodon_ringens,False,False,,,
205,142,Gymnura_japonica,Japanese Butterfly Ray,Myliobatiformes,Gymnuridae,VU,7.31562493565327,10.6580410757389,31.0578088390719,48.4653593236754,0.247147413620083,0.077259405934543,30.2250111708675,0.792,1,1000,direct,Gymnura_japonica,False,False,,,
206,60,Gogolia_filewoodi,Sailback Houndshark,Carcharhiniformes,Triakidae,DD,7.28911627960223,18.01372575269,47.0209517023873,41.0595327172742,0.176894896240848,0.57250718033864,27.0770872001897,0.0,0,1000,direct,Gogolia_filewoodi,False,False,,,
207,952,Dipturus_mennii,Menni's Skate,Rajiformes,Rajidae,CR,7.27751346881193,10.659724564572,7.62840873605019,11.1014816373613,0.968629466957365,0.061368992878948,9.32806124890952,0.31,0,1000,direct,Dipturus_mennii,False,False,,,
208,981,Raja_macrorynchus,Common Blue Skate,Rajiformes,Rajidae,CR,7.05783935769836,9.73099999848812,7.35104924641729,10.1911358626808,0.967216615600193,0.0627486191430097,9.27809747022644,0.295,0,1000,GBIF_accepted,Dipturus_batis,False,False,,,
209,3,Hexatrygon_bickelli,Sixgill Stingray,Myliobatiformes,Hexatrygonidae,LC,6.91533800357414,3.84966391509627,136.33618365,15.28323565,0.0510687174649361,0.0278110910954286,136.13648503286,0.0,0,1000,direct,Hexatrygon_bickelli,False,False,,,
210,34,Okamejei_jensenae,Sulu Ring Skate,Rajiformes,Rajidae,NT,6.83895991682752,3.06903209644841,58.2663562668807,10.763081319238,0.120305441189302,0.0424370711868156,57.0367998531,0.0,0,1000,GBIF_accepted,Orbiraja_jensenae,False,False,,,
211,463,Paragaleus_tengi,Straight-tooth Weasel Shark,Carcharhiniformes,Hemigaleidae,EN,6.81665402628701,7.154773176151,13.5594577619812,13.1647572226172,0.497307899702545,0.292624648078053,12.1387170325309,0.566,1,1000,direct,Paragaleus_tengi,False,False,,,
212,482,Dasyatis_hypostigma,Groovebelly Stingray,Myliobatiformes,Dasyatidae,EN,6.81524021146277,9.38846784783562,13.1280646518872,18.0859060016623,0.497897419964513,0.287806923582753,13.8663904199865,0.522,1,1000,direct,Dasyatis_hypostigma,False,False,,,
213,388,Leucoraja_ocellata,Winter Skate,Rajiformes,Rajidae,EN,6.7904877461308,5.74721683705166,16.2534489058092,9.34115389325638,0.478396408398025,0.283241096615699,13.0652917208999,0.692,1,1000,direct,Leucoraja_ocellata,False,False,,,
214,174,Mobula_munkiana,Munk's Pygmy Devil Ray,Myliobatiformes,Mobulidae,VU,6.75160969559088,3.96492391248437,27.8825410460726,14.5905090025472,0.247147413620083,0.0770875955817818,8.5164173692555,0.974,1,1000,direct,Mobula_munkiana,False,False,,,
215,477,Holohalaelurus_punctatus,African Spotted Catshark,Carcharhiniformes,Pentanchidae,EN,6.65235930094107,11.286115682909,13.1730629325618,21.6368854429091,0.48717028943969,0.2796164613173,16.5017331644842,0.529,1,1000,direct,Holohalaelurus_punctatus,False,False,,,
216,168,Hemigaleus_microstoma,Sickelfin Weasel Shark,Carcharhiniformes,Hemigaleidae,VU,6.61346704832038,2.53120457805423,28.2938732033303,3.73485105790462,0.245759954811375,0.079108688796018,26.02261137194,1.0,1,1000,direct,Hemigaleus_microstoma,False,False,,,
217,481,Holohalaelurus_favus,Honeycomb Izak Catshark,Carcharhiniformes,Pentanchidae,EN,6.59729917565718,10.2278054379877,13.1391188801832,20.9459505333486,0.487898983171352,0.279410905693925,15.8055062406651,0.534,1,1000,direct,Holohalaelurus_favus,False,False,,,
218,506,Paragaleus_pectoralis,Atlantic Weasel Shark,Carcharhiniformes,Hemigaleidae,EN,6.58684680620571,6.76016462083903,12.7830346265732,12.9636377212482,0.497076692493722,0.291849086405969,11.3205489602079,0.536,1,1000,direct,Paragaleus_pectoralis,False,False,,,
219,446,Carcharhinus_acronotus,Blacknose Shark,Carcharhiniformes,Carcharhinidae,EN,6.58595650217293,3.9976853419131,13.9613516442062,6.38474030375323,0.49186204244088,0.288120804169288,7.46884906074182,0.662,1,1000,direct,Carcharhinus_acronotus,False,False,,,
220,447,Nasolamia_velox,Whitenose Shark,Carcharhiniformes,Carcharhinidae,EN,6.55838890684227,4.38359966627754,13.8891728052348,5.72761648041712,0.493608574443862,0.288753440989571,7.52607855836214,0.677,1,1000,direct,Nasolamia_velox,False,False,,,
221,484,Carcharhinus_wheeleri,Grey Reef Shark,Carcharhiniformes,Carcharhinidae,EN,6.47027227551509,8.14757033783883,13.1061866214733,14.8937025794367,0.495176663692848,0.291891957040561,11.4253369000822,0.538,1,1000,GBIF_accepted,Carcharhinus_amblyrhynchos,False,False,,,
222,516,Narcine_prodorsalis,Tonkin Numbfish,Torpediniformes,Narcinidae,EN,6.42881460563787,8.70545268373031,12.5837269483249,17.1849233030003,0.481672497261972,0.28193111123289,14.9552319152535,0.502,1,1000,direct,Narcine_prodorsalis,False,False,,,
223,86,Arhynchobatis_asperrimus,Longtailed Skate,Rajiformes,Arhynchobatidae,DD,6.3780690472803,16.5475868184761,41.4814188550006,5.31321379249993,0.166822827201569,0.549877711464127,37.1646298845935,0.0,0,1000,direct,Arhynchobatis_asperrimus,False,False,,,
224,157,Chimaera_monstrosa,Rabbitfish,Chimaeriformes,Chimaeridae,VU,6.36787223523294,6.60653401741675,29.9866260036644,29.8900762853501,0.235930455036924,0.079627299264329,23.5071619050475,0.699,1,1000,direct,Chimaera_monstrosa,False,False,,,
225,177,Chiloscyllium_indicum,Slender Bambooshark,Orectolobiformes,Hemiscylliidae,VU,6.36100429037093,3.42485934502236,27.5653243794443,12.1660341864856,0.246059419333368,0.0808095903495894,23.2823803103422,0.847,1,1000,direct,Chiloscyllium_indicum,False,False,,,
226,182,Manta_alfredi,Reef Manta Ray,Myliobatiformes,Mobulidae,VU,6.34762938493343,4.17806015471453,26.9039096855032,15.5068718403375,0.246378321381226,0.077259405934543,10.708234051027,0.95,1,1000,GBIF_accepted,Mobula_alfredi,False,False,,,
227,173,Myliobatis_tobijei,Japanese Eagle Ray,Myliobatiformes,Myliobatidae,VU,6.31989897656504,5.86325788397719,27.914819578516,23.7948797332821,0.246378321381226,0.077139914188891,18.8602487843937,0.781,1,1000,direct,Myliobatis_tobijei,False,False,,,
228,546,Dasyatis_sinensis,Chinese Stingray,Myliobatiformes,Dasyatidae,EN,6.23590789234914,9.47078833400627,12.1986801233488,18.300175131654,0.497897419964513,0.288670157024139,14.3065823362109,0.502,1,1000,GBIF_accepted,Hemitrygon_sinensis,False,False,,,
229,523,Dasyatis_marianae,Large-eye Stingray,Myliobatiformes,Dasyatidae,EN,6.17857191323346,8.64264841620805,12.5093738913575,17.4258357156178,0.497897419964513,0.287806923582753,13.3760574823595,0.515,1,1000,GBIF_accepted,Hypanus_marianae,False,False,,,
230,165,Scylliogaleus_quecketti,Flapnose Houndshark,Carcharhiniformes,Triakidae,VU,6.17389305201526,4.81750578195394,28.5143122216466,19.3725845793542,0.245480195981677,0.0793140114240667,20.4910757294759,0.869,1,1000,direct,Scylliogaleus_quecketti,False,False,,,
231,4,Mitsukurina_owstoni,Goblin Shark,Lamniformes,Mitsukurinidae,LC,6.14153075567494,3.49522584981833,130.327675385709,15.5567395071818,0.0499766052715172,0.0280436385363427,124.39001269966,0.0,0,1000,direct,Mitsukurina_owstoni,False,False,,,
232,183,Pastinachus_atrus,Broad Cowtail Ray,Myliobatiformes,Dasyatidae,VU,6.11360214121044,3.24772302600126,26.8965021038512,13.429979856231,0.246378321381226,0.0775506673191208,23.417774285833,0.968,1,1000,GBIF_accepted,Pastinachus_ater,False,False,,,
233,556,Pastinachus_gracilicaudus,Narrow Cowtail Ray,Myliobatiformes,Dasyatidae,EN,6.00371314255615,3.33875821867501,12.0837168470195,2.28346380417429,0.500253798764943,0.288742078500374,9.544997894609,0.377,0,1000,direct,Pastinachus_gracilicaudus,False,False,,,
234,10,Plesiobatis_daviesi,Giant Stingaree,Myliobatiformes,Plesiobatidae,LC,5.90804256291203,3.2867958087637,116.5494373,13.072166725,0.0511680703013464,0.0279152316088522,116.16355890522,0.0,0,1000,direct,Plesiobatis_daviesi,False,False,,,
235,45,Centroscymnus_coelolepis,Portuguese Dogfish,Squaliformes,Somniosidae,NT,5.87138758230269,3.08458464461581,52.7214021155728,25.4230425231147,0.122508969520979,0.0436647277701383,47.191730433306,0.0,0,1000,direct,Centroscymnus_coelolepis,False,False,,,
236,585,Squatina_guggenheim,Angular Angelshark,Squatiniformes,Squatinidae,EN,5.73629924704808,5.45015098420266,11.6232991732063,10.000870737549,0.500253798764943,0.290312199805617,7.74391800911916,0.429,0,1000,direct,Squatina_guggenheim,False,False,,,
237,592,Odontaspis_ferox,Smalltooth Sandtiger,Lamniformes,Odontaspididae,EN,5.72738314626953,8.62973785681548,11.4319792672625,16.8956074537027,0.489112485267875,0.277896084719522,14.4779710882582,0.478,0,1000,direct,Odontaspis_ferox,False,False,,,
238,224,Himantura_fai,Pink Whipray,Myliobatiformes,Dasyatidae,VU,5.71868678255247,2.09653117721949,23.9392206346636,3.84890727889141,0.246091136198321,0.0763060443982973,21.2879692376774,0.925,1,1000,GBIF_accepted,Pateobatis_fai,False,False,,,
239,1070,Dipturus_batis,Common Blue Skate,Rajiformes,Rajidae,CR,5.69839632126702,4.82108766231617,6.00357612395241,5.00815859654943,0.969691928165126,0.0594114846633773,4.49288241779951,0.0,0,1000,direct,Dipturus_batis,False,False,,,
240,613,Potamotrygon_yepezi,Fernández-Yépez's Freshwater Stingray,Myliobatiformes,Potamotrygonidae,EN,5.68589108604122,5.5368268130028,11.0128390592204,12.1923469705961,0.49718890097283,0.282667433243848,10.3499241969656,0.457,0,1000,direct,Potamotrygon_yepezi,False,False,,,
241,55,Loxodon_macrorhinus,Sliteye Shark,Carcharhiniformes,Carcharhinidae,NT,5.67964714703406,2.07241522444213,47.940181230312,5.90243411508395,0.121712652280619,0.0434059384774163,47.10741967861,0.0,0,1000,direct,Loxodon_macrorhinus,False,False,,,
242,598,Mustelus_minicanis,Venezuelan Dwarf Smoothhound,Carcharhiniformes,Triakidae,EN,5.67425840246178,7.48521888160001,11.2785100021436,14.3907598068377,0.494750215186082,0.293804053992856,11.600519623399,0.456,0,1000,direct,Mustelus_minicanis,False,False,,,
243,49,Centroselachus_crepidater,Longnose Velvet Dogfish,Squaliformes,Somniosidae,NT,5.62663705535924,2.96659735733229,49.9220968768295,25.3303360040233,0.122617044271754,0.0440310824360199,45.313886231632,0.0,0,1000,direct,Centroselachus_crepidater,False,False,,,
244,244,Dasyatis_margarita,Daisy Whipray,Myliobatiformes,Dasyatidae,VU,5.59581835477611,1.7720018301624,22.8455373240675,2.54969417899742,0.245396906232817,0.0757051210729908,16.61497586101,1.0,1,1000,GBIF_accepted,Fontitrygon_margarita,False,False,,,
245,214,Dasyatis_dipterura,Diamond Stingray,Myliobatiformes,Dasyatidae,VU,5.57832774357057,4.16861785391119,24.2925607468833,14.6287404930885,0.245814517063555,0.0774217305064569,16.2661389765425,0.829,1,1000,GBIF_accepted,Hypanus_dipterurus,False,False,,,
246,230,Rhinobatos_glaucostigma,Speckled Guitarfish,Rhinopristiformes,Rhinobatidae,VU,5.55661440450273,6.11707380822529,23.41952318343,25.2403392179604,0.243026381514641,0.0768970599937641,17.6991786680939,0.768,1,1000,GBIF_accepted,Pseudobatos_glaucostigmus,False,False,,,
247,600,Urotrygon_venezuelae,Venezuelan Round Ray,Myliobatiformes,Urotrygonidae,EN,5.53884300654839,7.57837070880847,11.2293736644355,15.1168650427401,0.493632974419255,0.283464033218704,11.0779816029475,0.467,0,1000,direct,Urotrygon_venezuelae,False,False,,,
248,241,Rhinoptera_bonasus,American Cownose Ray,Myliobatiformes,Rhinopteridae,VU,5.5218904832159,5.59707692775014,22.917836645336,22.1409454702855,0.246953386379361,0.0769681038361298,17.5637116389574,0.778,1,1000,direct,Rhinoptera_bonasus,False,False,,,
249,641,Torpedo_bauchotae,Rosette Torpedo,Torpediniformes,Torpedinidae,EN,5.50904027315978,8.60338491981498,10.681628249907,16.8397074459982,0.487266487211265,0.281753503121707,12.1194247950677,0.456,0,1000,direct,Torpedo_bauchotae,False,False,,,
250,610,Torpedo_adenensis,Aden Torpedo,Torpediniformes,Torpedinidae,EN,5.50411152750738,7.81227256627245,11.0424622965377,15.4874003377769,0.487789885160026,0.281753503121707,11.8080412437787,0.46,0,1000,direct,Torpedo_adenensis,False,False,,,
251,210,Carcharhinus_falciformis,Silky Shark,Carcharhiniformes,Carcharhinidae,VU,5.49160977317369,3.55487412994311,24.4616597635336,13.5607069176824,0.244554875701307,0.0787891225822305,18.529997561531,0.848,1,1000,direct,Carcharhinus_falciformis,False,False,,,
252,246,Carcharhinus_albimarginatus,Silvertip Shark,Carcharhiniformes,Carcharhinidae,VU,5.48538185799642,4.98375666493559,22.7441941474829,21.8911923300616,0.244810345816329,0.0795758212186162,18.6953565051495,0.79,1,1000,direct,Carcharhinus_albimarginatus,False,False,,,
253,12,Platyrhinoidis_triseriata,Thornback Ray,Torpediniformes,Platyrhinidae,LC,5.48469154565154,2.98130994246659,107.40446721237,24.8645024102762,0.0505138069818854,0.0280705048683833,107.36141349755,0.0,0,1000,direct,Platyrhinoidis_triseriata,False,False,,,
254,665,Torpedo_mackayana,West African Torpedo,Torpediniformes,Torpedinidae,EN,5.41971827725747,8.2837617011145,10.5354982104531,15.2146697890133,0.486131950263181,0.281473959800318,11.1381232422774,0.44,0,1000,direct,Torpedo_mackayana,False,False,,,
255,79,Squatina_africana,African Angelshark,Squatiniformes,Squatinidae,NT,5.36774557043848,3.50441065982231,43.4653753962102,26.1547117858214,0.122884904636427,0.0431015273066404,39.3468558999003,0.0,0,1000,direct,Squatina_africana,False,False,,,
256,625,Hemitriakis_indroyonoi,Indonesian Houndshark,Carcharhiniformes,Triakidae,EN,5.3223167379143,7.46765459587505,10.8201450755267,14.5737239272423,0.495049333939443,0.289052943700306,10.8061070161836,0.443,0,1000,direct,Hemitriakis_indroyonoi,False,False,,,
257,525,Mustelus_manazo,Starspotted Smooth-hound,Carcharhiniformes,Triakidae,EN,5.31459320088059,4.29520746130183,12.4658386868724,7.56380550397418,0.495049333939443,0.293804053992856,9.98646091797622,0.225,0,1000,direct,Mustelus_manazo,False,False,,,
258,673,Mustelus_higmani,Smalleye Smoothhound,Carcharhiniformes,Triakidae,EN,5.2835440944784,7.51004131899873,10.4645265117073,14.0687098828809,0.496169683244819,0.292924215514576,10.9922968557577,0.433,0,1000,direct,Mustelus_higmani,False,False,,,
259,248,Acroteriobatus_annulatus,Lesser Guitarfish,Rhinopristiformes,Rhinobatidae,VU,5.2766177380198,7.33209181906233,22.6948398402869,30.0075814651912,0.243438590025997,0.0770903519402803,17.7141165019035,0.722,1,1000,direct,Acroteriobatus_annulatus,False,False,,,
260,215,Dasyatis_pastinaca,Common Stingray,Myliobatiformes,Dasyatidae,VU,5.22043622667574,3.72995784215977,24.2733311184714,14.8194074555756,0.246633314207249,0.0776630613488012,16.8338272905814,0.822,1,1000,direct,Dasyatis_pastinaca,True,True,exact,Dasyatis_pastinaca,GCA_987106705.1
261,717,Torpedo_panthera,Panther Torpedo,Torpediniformes,Torpedinidae,EN,5.21480042754317,7.69591811752663,9.87290238719704,15.1354607435605,0.487985643363969,0.281777863960594,11.3712424071484,0.421,0,1000,direct,Torpedo_panthera,False,False,,,
262,663,Haploblepharus_edwardsii,Happy Eddie,Carcharhiniformes,Pentanchidae,EN,5.20894625140707,7.1540537832299,10.5532205016006,13.6788675049483,0.488663197064942,0.277363010227479,11.7192651156755,0.444,0,1000,direct,Haploblepharus_edwardsii,False,False,,,
263,643,Mustelus_griseus,Spotless Smooth-hound,Carcharhiniformes,Triakidae,EN,5.07603918679016,7.98190252815017,10.6680580657599,14.8058496303037,0.495176663692848,0.288754619653628,10.8862398910332,0.436,0,1000,direct,Mustelus_griseus,False,False,,,
264,80,Heptranchias_perlo,Sharpnose Sevengill Shark,Hexanchiformes,Hexanchidae,NT,5.05893521903337,2.07504066240332,43.2542355545168,6.38191320365534,0.123461821295099,0.0428167483621797,41.56043465567,0.0,0,1000,direct,Heptranchias_perlo,True,True,exact,Heptranchias_perlo,GCA_035084215.1
265,262,Chimaera_phantasma,Silver Chimaera,Chimaeriformes,Chimaeridae,VU,5.01575789601011,8.55975936029629,21.6633363676849,36.626252889986,0.236477482828949,0.0791005256245105,24.8775340430305,0.666,1,1000,direct,Chimaera_phantasma,False,False,,,
266,688,Halaelurus_buergeri,Blackspotted Catshark,Carcharhiniformes,Pentanchidae,EN,4.9695607671191,6.60120262082846,10.201649631069,12.3705302316904,0.489112485267875,0.275059158276591,11.4784934617783,0.395,0,1000,direct,Halaelurus_buergeri,False,False,,,
267,275,Rhinobatos_leucorhynchus,Whitesnout Guitarfish,Rhinopristiformes,Rhinobatidae,VU,4.96225662515935,6.96956551238562,20.9065133651991,28.3193580506752,0.243346707133113,0.0769542366765204,16.6385609735439,0.691,1,1000,GBIF_accepted,Pseudobatos_leucorhynchus,False,False,,,
268,278,Rhinobatos_prahli,Gorgona Guitarfish,Rhinopristiformes,Rhinobatidae,VU,4.94297113395761,7.12688391822502,20.7834015617874,27.9005426545822,0.243188963492623,0.0766848989258839,15.3910924212239,0.696,1,1000,GBIF_accepted,Pseudobatos_prahli,False,False,,,
269,267,Urolophus_aurantiacus,Oriental Stingaree,Myliobatiformes,Urolophidae,VU,4.8456103403961,4.03944786462314,21.3506739621751,16.8384948519684,0.244792165161293,0.0771599256874634,16.8059737172497,0.687,1,1000,direct,Urolophus_aurantiacus,False,False,,,
270,722,Dasyatis_laosensis,Mekong Stingray,Myliobatiformes,Dasyatidae,EN,4.81732943600107,6.07463084842243,9.7895771531169,11.8006616653738,0.496217463674415,0.288551014294116,9.8103742154601,0.376,0,1000,GBIF_accepted,Hemitrygon_laosensis,False,False,,,
271,747,Urolophus_orarius,Coastal Stingaree,Myliobatiformes,Urolophidae,EN,4.79724762945104,7.00028340566511,9.48706445209391,14.352215544643,0.49203528326043,0.283849964515215,12.7057653558056,0.415,0,1000,direct,Urolophus_orarius,False,False,,,
272,82,Taeniurops_grabata,,Myliobatiformes,Dasyatidae,NT,4.78748973969586,2.29405490222419,42.1294883322444,12.496254592052,0.123125724462624,0.042963438015597,35.03257278657,0.0,0,1000,GBIF_iucn_link,Taeniura_grabata,False,False,,,
273,269,Rhinobatos_planiceps,Pacific Guitarfish,Rhinopristiformes,Rhinobatidae,VU,4.74942593859269,6.85394794145276,21.1925099340754,28.2488060513749,0.243438590025997,0.077033175257524,16.4655999637517,0.715,1,1000,GBIF_accepted,Pseudobatos_planiceps,False,False,,,
274,298,Carcharhinus_sealei,Blackspot Shark,Carcharhiniformes,Carcharhinidae,VU,4.71539009047691,2.21074373926292,19.8987007320284,7.00572758074005,0.244810345816329,0.0787891225822305,14.3051770131577,0.937,1,1000,direct,Carcharhinus_sealei,False,False,,,
275,293,Centroscymnus_owstonii,Roughskin Dogfish,Squaliformes,Somniosidae,VU,4.62115152962459,2.10111522135069,20.0429478185537,3.56741643744253,0.244780251037743,0.0807129152059857,17.823696130645,0.99,1,1000,direct,Centroscymnus_owstonii,False,False,,,
276,736,Chiloscyllium_hasseltii,,Orectolobiformes,Hemiscylliidae,EN,4.48492828889384,4.35869237533762,9.60422590303977,8.11555748085432,0.497076692493722,0.298098429632521,0.44541186123106,0.29,0,1000,GBIF_iucn_link,Chiloscyllium_hasseltii,False,False,,,
277,317,Myliobatis_goodei,Southern Eagle Ray,Myliobatiformes,Myliobatidae,VU,4.46732081017247,6.43228837193193,19.0140971499891,26.2331202316751,0.246633823022279,0.0772320912767287,20.8961543236191,0.656,1,1000,direct,Myliobatis_goodei,False,False,,,
278,18,Trigonognathus_kabeyai,Viper Dogfish,Squaliformes,Etmopteridae,LC,4.44329059189327,2.50844062822934,92.514303815,17.5101484675,0.0502670356059742,0.0265383312708945,89.49729494278,0.0,0,1000,direct,Trigonognathus_kabeyai,False,False,,,
279,339,Chiloscyllium_griseum,Grey Bamboo Shark,Orectolobiformes,Hemiscylliidae,VU,4.37540458903047,4.35392215447458,18.2628184755731,18.1339242107778,0.246124997597564,0.0808095903495894,0.44472914537522,0.674,1,1000,direct,Chiloscyllium_griseum,False,False,,,
280,356,Gymnura_bimaculata,,Myliobatiformes,Gymnuridae,VU,4.36502297230059,6.00089631246898,17.8102060227702,23.3619747439064,0.247147413620083,0.077259405934543,17.1323896114575,0.649,1,1000,GBIF_iucn_link,Gymnura_bimaculata,False,False,,,
281,372,Crassinarke_dormitor,,Unassigned,Unassigned,VU,4.3481517029828,4.9022336123626,17.217067030215,20.9955458751508,0.243346707133113,0.0768824862093124,20.5558397664291,0.638,1,1000,GBIF_iucn_link,Crassinarke_dormitor,False,False,,,
282,344,Okamejei_meerdervoortii,Bigeye Skate,Rajiformes,Rajidae,VU,4.30055217136459,6.51865613255311,18.1597634707815,27.691300075593,0.238623367722435,0.0773669671439112,19.7305729191862,0.623,1,1000,direct,Okamejei_meerdervoortii,False,False,,,
283,362,Okamejei_hollandi,Yellow Spotted Skate,Rajiformes,Rajidae,VU,4.28479923560332,5.92925337238759,17.6978350575851,26.6433239116639,0.238623367722435,0.0773669671439112,18.5778318411169,0.625,1,1000,direct,Okamejei_hollandi,False,False,,,
284,325,Carcharhinus_brevipinna,Spinner Shark,Carcharhiniformes,Carcharhinidae,VU,4.26706119829355,1.98659520490916,18.7383553547548,6.80930193568564,0.243451644007014,0.0796190504255774,14.4220012332692,0.929,1,1000,direct,Carcharhinus_brevipinna,False,False,,,
285,171,Neotrygon_kuhlii,Kuhl's Maskray,Myliobatiformes,Dasyatidae,DD,4.25160213614186,10.0861204939122,28.0122357749078,12.2127705743367,0.166762954451852,0.476916340889223,24.8994470833661,0.0,0,1000,direct,Neotrygon_kuhlii,False,False,,,
286,331,Myliobatis_longirostris,Longnose Eagle Ray,Myliobatiformes,Myliobatidae,VU,4.22772274180785,3.04633823319279,18.6193693077973,12.731694280625,0.247147413620083,0.0772320912767287,13.3560275649105,0.746,1,1000,direct,Myliobatis_longirostris,False,False,,,
287,117,Chiloscyllium_punctatum,Grey Carpetshark,Orectolobiformes,Hemiscylliidae,NT,4.22154283281487,2.84459042010777,35.0934473518132,22.5058091334951,0.123008232921815,0.0445572462056214,30.3715538800383,0.0,0,1000,direct,Chiloscyllium_punctatum,False,False,,,
288,310,Myliobatis_freminvillei,Bullnose Eagle Ray,Myliobatiformes,Myliobatidae,VU,4.21508844014615,2.94172232932611,19.15500438462,12.1601907869829,0.246953386379361,0.0772320912767287,14.0697569205685,0.774,1,1000,direct,Myliobatis_freminvillei,False,False,,,
289,350,Temera_hardwickii,Finless Sleeper ray,Torpediniformes,Narkidae,VU,4.20705548034747,5.20494234018577,18.0270582585013,20.7760928471281,0.243026381514641,0.0768824862093124,20.5486705602288,0.649,1,1000,direct,Temera_hardwickii,False,False,,,
290,345,Carcharhinus_leucas,Bull Shark,Carcharhiniformes,Carcharhinidae,VU,4.20688326724885,3.99840815358289,18.1574681234716,16.2779643475926,0.244554875701307,0.0787891225822305,16.2211683498663,0.678,1,1000,direct,Carcharhinus_leucas,False,False,,,
291,346,Glyphis_glyphis,Speartooth Shark,Carcharhiniformes,Carcharhinidae,VU,4.19407278451227,1.94099272006457,18.152414368392,6.64742676976949,0.242859398620689,0.0794101690755991,12.6001374809775,0.871,1,1000,direct,Glyphis_glyphis,False,False,,,
292,349,Glyphis_garricki,Northern River Shark,Carcharhiniformes,Carcharhinidae,VU,4.17909786705185,1.93752111670277,18.0518488128855,6.68464587358904,0.243451644007014,0.0796667818589114,11.9829427550871,0.851,1,1000,direct,Glyphis_garricki,False,False,,,
293,363,Triaenodon_obesus,Whitetip Reef Shark,Carcharhiniformes,Carcharhinidae,VU,4.17666919181523,3.9043497644808,17.6425345188002,16.0239968343849,0.244554875701307,0.0791397772467178,16.1207262493158,0.68,1,1000,direct,Triaenodon_obesus,False,False,,,
294,321,Carcharhinus_brachyurus,Copper Shark,Carcharhiniformes,Carcharhinidae,VU,4.16950760413854,1.8989299161073,18.8363113427409,7.14599374843582,0.243711069824431,0.0799016075849401,14.5192848236405,0.933,1,1000,direct,Carcharhinus_brachyurus,False,False,,,
295,901,Rhinoptera_javanica,Javanese Cownose Ray,Myliobatiformes,Rhinopteridae,EN,4.16727671961176,3.81019357262299,7.99899187764795,6.46472733238114,0.500253798764943,0.28773496486711,4.97535629740124,0.255,0,1000,direct,Rhinoptera_javanica,False,False,,,
296,861,Raja_radula,Rough Skate,Rajiformes,Rajidae,EN,4.1591706751117,6.65235268221726,8.33381641926466,12.5071553028052,0.473513272061105,0.290224302315575,9.87867653917308,0.363,0,1000,direct,Raja_radula,False,False,,,
297,20,Pliotrema_warreni,Warren's Sixgill Sawshark,Pristiophoriformes,Pristiophoridae,LC,4.10487252410212,2.40560822166134,87.8042151660022,11.0755017248069,0.0507375048973804,0.0270496027084179,82.75403252748,0.0,0,1000,direct,Pliotrema_warreni,False,False,,,
298,226,Centrophorus_westraliensis,Western Gulper Shark,Squaliformes,Centrophoridae,DD,4.05763645982338,9.56482362811982,23.8194509140663,26.5194222458808,0.164473653464944,0.441069009313453,15.248387227574,0.0,0,1000,direct,Centrophorus_westraliensis,False,False,,,
299,126,Neotrygon_annotata,Plain Maskray,Myliobatiformes,Dasyatidae,NT,3.9483599599149,4.35748852324745,33.4097188952091,36.6780456556367,0.122675428966252,0.0421467090415871,28.2428060243454,0.0,0,1000,direct,Neotrygon_annotata,False,False,,,
300,367,Oxynotus_paradoxus,Sailfin Roughshark,Squaliformes,Oxynotidae,VU,3.9471830841769,2.95986473432871,17.399517027264,12.3292571185139,0.244475317333715,0.0800514382645715,15.0455359968089,0.712,1,1000,direct,Oxynotus_paradoxus,False,False,,,
301,265,Rhinobatos_nudidorsalis,Bareback Guitarfish,Rhinopristiformes,Rhinobatidae,DD,3.91324121265303,9.60037922166124,21.4430419275201,28.4547190858555,0.165605638882113,0.473668100171606,17.2731474272318,0.0,0,1000,direct,Rhinobatos_nudidorsalis,False,False,,,
302,359,Halaelurus_natalensis,Tiger Catshark,Carcharhiniformes,Pentanchidae,VU,3.90536499095151,3.0524196886009,17.7748476821196,12.1262299814582,0.243608491474575,0.0755897527370128,13.5489540528877,0.644,1,1000,direct,Halaelurus_natalensis,False,False,,,
303,283,Acroteriobatus_ocellatus,Speckled Guitarfish,Rhinopristiformes,Rhinobatidae,DD,3.88677523320978,9.85233225669597,20.6345430515518,29.6859940520248,0.165991491034188,0.484947410666731,16.2082467237682,0.0,0,1000,direct,Acroteriobatus_ocellatus,False,False,,,
304,395,Paragaleus_leucolomatus,Whitetip Weasel Shark,Carcharhiniformes,Hemigaleidae,VU,3.8699917619515,3.42561319322273,15.7401264710721,13.4119357472662,0.246124997597564,0.0797040729713215,12.2018809601554,0.669,1,1000,direct,Paragaleus_leucolomatus,False,False,,,
305,398,Heliotrygon_rosai,Rosa's Round Ray,Myliobatiformes,Potamotrygonidae,VU,3.82256285313232,2.54430346980133,15.572085679595,10.4035198663085,0.246175541196291,0.0763326610465,10.69397990628,0.731,1,1000,direct,Heliotrygon_rosai,False,False,,,
306,396,Heliotrygon_gomesi,Gome's Round Ray,Myliobatiformes,Potamotrygonidae,VU,3.79934566334705,2.58057138043111,15.6234630298232,10.6691490800659,0.246175541196291,0.0764778329441367,10.69397990628,0.724,1,1000,direct,Heliotrygon_gomesi,False,False,,,
307,216,Dasyatis_say,,Myliobatiformes,Dasyatidae,NM,3.79433617483594,8.92602340141515,24.2144079643905,17.1744648575786,0.166762954451852,0.476916340889223,16.0372131932823,0.0,0,1000,no_RedList_match,,False,False,,,
308,909,Squalus_formosus,Taiwan Spurdog,Squaliformes,Squalidae,EN,3.78371771544079,6.46630028561855,7.97129513582549,12.8390156209492,0.49718890097283,0.294768087215003,11.2944674996007,0.337,0,1000,direct,Squalus_formosus,False,False,,,
309,299,Rhinobatos_holcorhynchus,Slender Guitarfish,Rhinopristiformes,Rhinobatidae,DD,3.77292248884242,10.6507843802986,19.8499761656237,28.8600911561345,0.165605638882113,0.468688717500592,16.0191531423815,0.0,0,1000,direct,Rhinobatos_holcorhynchus,False,False,,,
310,128,Trygonoptera_testacea,Common Stingaree,Myliobatiformes,Urolophidae,NT,3.75273871387555,1.63592414566093,32.4594624211819,8.22094704752464,0.121982363852871,0.0422018460255353,29.5756851778075,0.0,0,1000,direct,Trygonoptera_testacea,False,False,,,
311,394,Squatina_californica,Pacific Angelshark,Squatiniformes,Squatinidae,VU,3.74445405037905,2.80759782026172,15.7863824150076,11.4206991467308,0.246953386379361,0.0779307327895479,11.6075743604958,0.688,1,1000,direct,Squatina_californica,False,False,,,
312,1143,Dipturus_confusus,Longnose Skate,Rajiformes,Rajidae,CR,3.72251565921105,2.2517661503273,3.98186426932313,2.3493881352224,0.968980421301922,0.0613832446332833,3.37025597833139,0.0,0,1000,GBIF_accepted,Dentiraja_confusa,False,False,,,
313,950,Dipturus_nidarosiensis,Norwegian Skate,Rajiformes,Rajidae,EN,3.7119399434115,5.91392487443108,7.65474854172952,10.6538928518445,0.478003713645619,0.282682236150283,8.97004650766946,0.307,0,1000,direct,Dipturus_nidarosiensis,False,False,,,
314,392,Paragaleus_randalli,Slender Weasel Shark,Carcharhiniformes,Hemigaleidae,VU,3.69995611401705,3.18980180311809,15.8178715161284,12.8256186730525,0.24601531831274,0.0797040729713215,11.8415644776124,0.653,1,1000,direct,Paragaleus_randalli,False,False,,,
315,268,Squatina_caillieti,Cailliet's Angelshark,Squatiniformes,Squatinidae,DD,3.68842358780572,8.26130626758729,21.2021160588258,25.8767154070695,0.164581443907176,0.450501884831969,13.7167252683533,0.0,0,1000,direct,Squatina_caillieti,False,False,,,
316,403,Bythaelurus_canescens,Dusky Catshark,Carcharhiniformes,Pentanchidae,VU,3.68229014780407,5.92460616900047,15.2979052336498,24.0544476053444,0.245480195981677,0.0792132286368164,17.8714887409072,0.584,1,1000,direct,Bythaelurus_canescens,False,False,,,
317,391,Deania_quadrispinosa,Longsnout Dogfish,Squaliformes,Centrophoridae,VU,3.67362429202911,1.6929690080487,15.8451808273087,3.38275669527152,0.245394082208774,0.0783229914130113,11.331326372147,0.782,1,1000,direct,Deania_quadrispinosa,False,False,,,
318,987,Potamotrygon_tigrina,Tiger Freshwater Stingray,Myliobatiformes,Potamotrygonidae,EN,3.53549493077828,4.87387029366877,7.26339973218412,9.11487996372595,0.494762195527827,0.281400082653527,7.91680463457775,0.265,0,1000,direct,Potamotrygon_tigrina,False,False,,,
319,163,Dasyatis_margaritella,Pearl Whipray,Myliobatiformes,Dasyatidae,NT,3.53221981303174,1.22504700883477,28.9381955600281,4.19227039996674,0.122843277170181,0.04151778905631,16.61497586101,0.0,0,1000,GBIF_accepted,Fontitrygon_margaritella,False,False,,,
320,974,Carcharhinus_plumbeus,Sandbar Shark,Carcharhiniformes,Carcharhinidae,EN,3.51054399922961,2.21898509450673,7.40603127952741,2.78632163706689,0.493608574443862,0.289595557220984,5.29241657582571,0.001,0,1000,direct,Carcharhinus_plumbeus,False,False,,,
321,416,Dasyatis_parvonigra,Dwarf Black Stingray,Myliobatiformes,Dasyatidae,VU,3.48841862203008,5.04423283214159,14.6506412420923,21.0590104963339,0.246291871791583,0.0772643332263351,15.4063729754943,0.565,1,1000,GBIF_accepted,Hemitrygon_parvonigra,False,False,,,
322,417,Dasyatis_izuensis,Izu Stingray,Myliobatiformes,Dasyatidae,VU,3.46867045299036,5.25913001530966,14.5909130939102,21.2156982923751,0.246291871791583,0.0772820608331369,15.6667328990163,0.567,1,1000,GBIF_accepted,Hemitrygon_izuensis,False,False,,,
323,410,Rhinoptera_brasiliensis,Brazilian Cownose Ray,Myliobatiformes,Rhinopteridae,VU,3.46325419361067,3.98881560170727,14.7565165111788,15.4138549664614,0.246378321381226,0.077139914188891,11.7744335122107,0.605,1,1000,direct,Rhinoptera_brasiliensis,False,False,,,
324,424,Myliobatis_peruvianus,Peruvian Eagle Ray,Myliobatiformes,Myliobatidae,VU,3.46277253297987,4.1862493494473,14.4703775221532,17.6951243505952,0.246378321381226,0.077259405934543,14.1925051819917,0.57,1,1000,direct,Myliobatis_peruvianus,False,False,,,
325,1011,Dipturus_canutus,Grey Skate,Rajiformes,Rajidae,EN,3.46140687106576,5.05920014518243,6.96611229991727,9.78492099821766,0.475060464888952,0.282682236150283,8.48573572525961,0.257,0,1000,direct,Dipturus_canutus,False,False,,,
326,330,Gymnura_crooki,,Myliobatiformes,Gymnuridae,NM,3.45017307778478,7.40018316754676,18.6338902760542,24.4808007358433,0.164276558945935,0.451678934238136,17.5520545217714,0.0,0,1000,no_RedList_match,,False,False,,,
327,898,Squalus_japonicus,Japanese Spurdog,Squaliformes,Squalidae,EN,3.4494197588482,3.33308772771497,8.01725681996616,6.46270579096935,0.495465611178415,0.296177794592534,5.96342447061842,0.011,0,1000,direct,Squalus_japonicus,False,False,,,
328,418,Dasyatis_laevigata,Yantai Stingray,Myliobatiformes,Dasyatidae,VU,3.42782049181704,5.32409619926347,14.5905944670786,22.2557001737667,0.246091136198321,0.0773880817821644,15.8716898024604,0.557,1,1000,GBIF_accepted,Hemitrygon_laevigata,False,False,,,
329,413,Myliobatis_chilensis,Chilean Eagle Ray,Myliobatiformes,Myliobatidae,VU,3.42108923727342,4.3369941020436,14.6997836508934,18.3850249420695,0.246378321381226,0.0771128859926225,14.0327429109899,0.557,1,1000,direct,Myliobatis_chilensis,False,False,,,
330,351,Hydrolagus_barbouri,Ninespot Chimaera,Chimaeriformes,Chimaeridae,DD,3.40264596221971,7.88807518242036,18.0156740996259,30.389658438081,0.16521604822198,0.558671141866958,22.3765148147387,0.0,0,1000,direct,Hydrolagus_barbouri,False,False,,,
331,430,Narcine_brevilabiata,Shortlip Numbfish,Torpediniformes,Narcinidae,VU,3.3655947208224,4.84572666008553,14.3632258382377,19.0992736142675,0.241477710800431,0.0767906581327975,15.747112704867,0.558,1,1000,direct,Narcine_brevilabiata,False,False,,,
332,427,Chiloscyllium_burmensis,Burmese Bambooshark,Orectolobiformes,Hemiscylliidae,VU,3.36079721330209,3.79369833687078,14.3959360998451,15.2094784791762,0.246197227172228,0.0807210271994773,14.4055583937194,0.594,1,1000,direct,Chiloscyllium_burmensis,False,False,,,
333,26,Brachaelurus_waddi,Blind Shark,Orectolobiformes,Brachaeluridae,LC,3.33970293019316,1.85755052817517,70.9887817507024,11.9427185718934,0.0506971118718109,0.0266382526432869,49.38607316408,0.0,0,1000,direct,Brachaelurus_waddi,False,False,,,
334,438,Cirrhoscyllium_formosanum,Taiwan Saddled Carpetshark,Orectolobiformes,Parascylliidae,VU,3.3346412297183,5.03617969440259,14.0872431581478,20.8377950498366,0.245599666271901,0.0801072254325021,16.6140522119536,0.555,1,1000,direct,Cirrhoscyllium_formosanum,False,False,,,
335,238,Brochiraja_microspinifera,Small Deepsea Skate,Rajiformes,Arhynchobatidae,DD,3.32668065991016,7.39556772738614,23.0580086865018,15.9663181712349,0.16521604822198,0.552847058393466,17.3064168714685,0.0,0,1000,direct,Brochiraja_microspinifera,False,False,,,
336,1024,Zearaja_chilensis,Yellownose Skate,Rajiformes,Rajidae,EN,3.32405344906848,4.45124324168813,6.76738104560559,8.3281422371318,0.478399781310686,0.283136044841819,6.66297900273131,0.219,0,1000,direct,Zearaja_chilensis,False,False,,,
337,162,Aculeola_nigra,Hooktooth Dogfish,Squaliformes,Etmopteridae,NT,3.30810227871193,1.50786253906292,29.1541565984211,4.31709203887271,0.122776871806437,0.0437481649140833,27.53751169173,0.0,0,1000,direct,Aculeola_nigra,False,False,,,
338,440,Narcine_timlei,Brown Numbfish,Torpediniformes,Narcinidae,VU,3.29619049983113,5.03043904407842,14.0609689283925,20.9279384437495,0.241477710800431,0.0766386119421042,16.8841608204383,0.553,1,1000,direct,Narcine_timlei,False,False,,,
339,178,Carcharhinus_macloti,Hardnose Shark,Carcharhiniformes,Carcharhinidae,NT,3.28820980542691,1.69309127901161,27.526370393,10.3561158639202,0.12211431018051,0.0437344822584614,19.6422023905671,0.0,0,1000,direct,Carcharhinus_macloti,False,False,,,
340,450,Narcine_entemedor,Cortez Numbfish,Torpediniformes,Narcinidae,VU,3.28444302476066,5.0053616454185,13.8231356732714,21.3146319166205,0.242239297241178,0.077016394262747,17.1245896272711,0.538,1,1000,direct,Narcine_entemedor,False,False,,,
341,1030,Zearaja_maugeana,Maugean Skate,Rajiformes,Rajidae,EN,3.28393259236712,4.34103105561771,6.70991828340313,8.4697383055078,0.478007086558279,0.282575375444228,6.7489835263088,0.227,0,1000,direct,Zearaja_maugeana,False,False,,,
342,470,Dasyatis_acutirostra,Sharpnose Ray,Myliobatiformes,Dasyatidae,VU,3.26885391250793,4.52363458572134,13.3768770611329,18.338957520932,0.246378321381226,0.0772820608331369,13.8564430223435,0.533,1,1000,GBIF_accepted,Telatrygon_acutirostra,False,False,,,
343,469,Zameus_ichiharai,,Squaliformes,Somniosidae,VU,3.22988305508817,4.20641508163868,13.395105456348,17.2214333046104,0.245394082208774,0.0795526226326015,15.5282037984348,0.542,1,1000,GBIF_iucn_link,Zameus_ichiharai,False,False,,,
344,390,Discopyge_castelloi,Castello's Apron Numbfish,Torpediniformes,Narcinidae,DD,3.21384450351588,7.18986712792379,15.9503788580332,22.5986503316253,0.166762954451852,0.485762040877407,19.9076672883928,0.0,0,1000,direct,Discopyge_castelloi,False,False,,,
345,387,Aulohalaelurus_kanakorum,New Caledonia Catshark,Carcharhiniformes,Scyliorhinidae,DD,3.20997919285173,7.22476993414056,16.3157738300196,23.3805226730711,0.172383613722401,0.51414933891458,19.0827712728764,0.0,0,1000,direct,Aulohalaelurus_kanakorum,False,False,,,
346,30,Taeniura_lymma,Bluespotted Lagoon Ray,Myliobatiformes,Dasyatidae,LC,3.20000493486821,1.69657413810106,62.3794227720858,10.7093635162618,0.0508312740562221,0.0281833012467163,62.83059973064,0.0,0,1000,direct,Taeniura_lymma,False,False,,,
347,361,Himantura_marginata,,Myliobatiformes,Dasyatidae,NM,3.19831706014115,8.25084088882403,17.7028586531159,15.3233150222751,0.167602450460526,0.512535925626245,12.6960688201941,0.0,0,1000,no_RedList_match,,False,False,,,
348,479,Narcine_leoparda,Leopard Numbfish,Torpediniformes,Narcinidae,VU,3.19060811320827,4.33050615240406,13.1609451836878,17.0555001493389,0.241975727401795,0.0765679134109606,15.4806590197884,0.516,1,1000,direct,Narcine_leoparda,False,False,,,
349,167,Chiloscyllium_plagiosum,Whitespotted Bambooshark,Orectolobiformes,Hemiscylliidae,NT,3.19047887323964,1.86613877775516,28.4016726096362,14.7401919639895,0.123008232921815,0.0445313086146701,22.857727170128,0.0,0,1000,direct,Chiloscyllium_plagiosum,False,False,,,
350,337,Gymnura_hirundo,,Myliobatiformes,Gymnuridae,NM,3.1575089591536,7.98543173902107,18.364350961002,24.4158491452184,0.164473653464944,0.462224099292594,18.0208238627583,0.0,0,1000,no_RedList_match,,False,False,,,
351,487,Narcine_lingula,Chinese Numbfish,Torpediniformes,Narcinidae,VU,3.14775871045673,4.51373007583969,13.0795808389107,18.3382013984084,0.241975727401795,0.0769761862099503,14.6351849635399,0.532,1,1000,direct,Narcine_lingula,False,False,,,
352,1043,Squalus_chloroculus,Greeneye Spurdog,Squaliformes,Squalidae,EN,3.13720166456836,3.3159268522539,6.57403168747807,7.25755471300212,0.495465611178415,0.294768087215003,5.34507968749512,0.013,0,1000,direct,Squalus_chloroculus,False,False,,,
353,494,Dasyatis_longa,Longtail Stingray,Myliobatiformes,Dasyatidae,VU,3.1338071973867,1.85635271094485,12.9852510252873,6.74843024865077,0.246091136198321,0.077499690833119,8.65664887359348,0.569,1,1000,GBIF_accepted,Hypanus_longus,False,False,,,
354,522,Diplobatis_colombiensis,Colombian Dwarf Numbfish,Torpediniformes,Narcinidae,VU,3.12021375046341,4.51692363155532,12.5368687832444,18.3883758940108,0.243346707133113,0.0766054818999401,16.0570331645448,0.51,1,1000,direct,Diplobatis_colombiensis,False,False,,,
355,500,Narcine_firma,Smallspot Numbfish,Torpediniformes,Narcinidae,VU,3.11410377043494,4.38279302395933,12.8651257794082,18.3320544045758,0.241975727401795,0.0766957886248604,14.7814412486032,0.521,1,1000,GBIF_accepted,Narcine_maculata,False,False,,,
356,486,Diplobatis_pictus,,Torpediniformes,Narcinidae,VU,3.10799761610859,4.35448047802153,13.0852130739199,17.1062242622797,0.243188963492623,0.0766517843881961,15.5922205587369,0.527,1,1000,GBIF_iucn_link,Diplobatis_pictus,False,False,,,
357,531,Dasyatis_hastata,,Myliobatiformes,Dasyatidae,VU,3.10337311372668,4.42574592209432,12.4156332430191,17.8359094170688,0.246291871791583,0.0773622707345372,13.4122135196545,0.512,1,1000,GBIF_iucn_link,Dasyatis_hastata,False,False,,,
358,496,Schroederichthys_saurisqualus,Lizard Catshark,Carcharhiniformes,Scyliorhinidae,VU,3.09112439341658,5.6316763806005,12.9592670894785,23.9496129723878,0.246124997597564,0.0800283523301159,20.831223942297,0.513,1,1000,direct,Schroederichthys_saurisqualus,False,False,,,
359,1050,Bathyraja_griseocauda,Graytail Skate,Rajiformes,Arhynchobatidae,EN,3.05760434178696,4.54395100597132,6.40467493896861,8.57685556271851,0.471799977215062,0.287465037406105,7.78048655991776,0.215,0,1000,direct,Bathyraja_griseocauda,False,False,,,
360,378,Glyphis_sp.1,,Carcharhiniformes,Carcharhinidae,NM,3.04186037471859,7.10224298525081,16.8322106285916,15.7134217466723,0.175737774548199,0.5886329065636,8.84750375896991,0.0,0,1000,no_RedList_match,,False,False,,,
361,1047,Squalus_mitsukurii,Shortspine Spurdog,Squaliformes,Squalidae,EN,3.03703538995843,3.46015840102896,6.42777169179771,7.10962366031987,0.496217463674415,0.294768087215003,5.39388570755298,0.01,0,1000,direct,Squalus_mitsukurii,False,False,,,
362,528,Haploblepharus_kistnasamyi,Natal Shyshark,Carcharhiniformes,Pentanchidae,VU,3.02528138279638,3.55038751297763,12.4299844686396,14.6894895846477,0.243160096597661,0.0762137509375507,12.4823255213501,0.508,1,1000,direct,Haploblepharus_kistnasamyi,False,False,,,
363,397,Irolita_westraliensis,Western Round Skate,Rajiformes,Arhynchobatidae,DD,3.01676790985162,6.84345763244185,15.5921963406904,20.8786563668645,0.166822827201569,0.552536989291436,17.998306481031,0.0,0,1000,direct,Irolita_westraliensis,False,False,,,
364,526,Narcine_maculata,Smallspot Numbfish,Torpediniformes,Narcinidae,VU,3.01596308658211,4.22776248999151,12.4598562476926,16.8665521014526,0.242059681571182,0.0768343350784631,14.2883698484818,0.501,1,1000,direct,Narcine_maculata,False,False,,,
365,200,Himantura_hortlei,Hortle's Whipray,Myliobatiformes,Dasyatidae,NT,3.01481100065358,1.17261240445732,25.2241248264176,4.56707626997408,0.12302428277521,0.0416354642174037,21.2465174963294,0.0,0,1000,GBIF_accepted,Pateobatis_hortlei,False,False,,,
366,196,Rhinobatos_punctifer,Spotted Guitarfish,Rhinopristiformes,Rhinobatidae,NT,3.00477883360488,4.09747443163316,25.8892501403548,31.9791002164115,0.121982363852871,0.0422392914728186,19.3986558757212,0.0,0,1000,direct,Rhinobatos_punctifer,False,False,,,
367,554,Rhizoprionodon_acutus,Milk Shark,Carcharhiniformes,Carcharhinidae,VU,3.00322976273086,6.44624058055821,12.1011411132984,27.1630084014476,0.245063948457488,0.078453597214301,18.4172043418194,0.479,0,1000,direct,Rhizoprionodon_acutus,False,False,,,
368,542,Diplobatis_guamachensis,Venezuelan Dwarf Numbfish,Torpediniformes,Narcinidae,VU,2.99293651403369,4.25239080668051,12.2861721440643,17.8977143975324,0.243346707133113,0.0765876880796136,15.6589628709488,0.499,0,1000,direct,Diplobatis_guamachensis,False,False,,,
369,464,Rhizoprionodon_lalandii,Brazilian Sharpnose Shark,Carcharhiniformes,Carcharhinidae,VU,2.96418610211567,1.74941491927273,13.5478642765446,6.30382403303719,0.244268839219515,0.0786581819022419,11.0361930267378,0.656,1,1000,direct,Rhizoprionodon_lalandii,False,False,,,
370,527,Raja_velezi,,Rajiformes,Rajidae,VU,2.96004253905132,3.53093802332668,12.4452872295196,14.2743455702607,0.240601479377669,0.0775477823152231,12.759022765721,0.505,1,1000,GBIF_iucn_link,Raja_velezi,False,False,,,
371,462,Rhizoprionodon_longurio,Pacific Sharpnose Shark,Carcharhiniformes,Carcharhinidae,VU,2.95680238822915,1.77218333532442,13.5657865820203,6.41482393198573,0.244554875701307,0.0784965208904311,11.0507129781305,0.657,1,1000,direct,Rhizoprionodon_longurio,False,False,,,
372,587,Scyliorhinus_stellaris,Nursehound,Carcharhiniformes,Scyliorhinidae,VU,2.95508543980446,2.59378695024327,11.5650309499434,10.5721455731763,0.246124997597564,0.0809532704139435,10.7905341736333,0.56,1,1000,direct,Scyliorhinus_stellaris,False,False,,,
373,540,Carcharhinus_tjutjot,Indonesian Whaler Shark,Carcharhiniformes,Carcharhinidae,VU,2.94820612267816,3.47260563145894,12.3086688208706,14.8057903359139,0.245280594234777,0.0786978798839501,10.8878743758222,0.505,1,1000,direct,Carcharhinus_tjutjot,False,False,,,
374,559,Carcharhinus_amboinensis,Pigeye Shark,Carcharhiniformes,Carcharhinidae,VU,2.94370791874012,3.39600077980908,12.0029829256465,13.6175408670464,0.244810345816329,0.0790205818661879,10.4972185232558,0.508,1,1000,direct,Carcharhinus_amboinensis,False,False,,,
375,211,Rhinobatos_productus,Shovelnose Guitarfish,Rhinopristiformes,Rhinobatidae,NT,2.93224484226772,3.15658996430068,24.4506526886054,25.7260648395291,0.121584367690008,0.0422018460255353,17.8891407862635,0.0,0,1000,GBIF_accepted,Pseudobatos_productus,False,False,,,
376,534,Oxynotus_japonicus,Japanese Roughshark,Squaliformes,Oxynotidae,VU,2.90628075502729,2.96561893915515,12.3663066484471,12.1491161557101,0.244475317333715,0.0786553395473874,10.5544513941298,0.516,1,1000,direct,Oxynotus_japonicus,False,False,,,
377,553,Urobatis_tumbesensis,Tumbes Round Ray,Myliobatiformes,Urotrygonidae,VU,2.89133447413001,5.41344861947138,12.1217337921825,23.3059333029196,0.245396906232817,0.0767497785713768,17.8539679233285,0.498,0,1000,direct,Urobatis_tumbesensis,False,False,,,
378,404,Holohalaelurus_grennian,Grinning Izak Catshark,Carcharhiniformes,Pentanchidae,DD,2.87840872936204,8.02626678314003,15.2692709621644,24.3859847661507,0.17672088535038,0.578203295007442,17.4553869678943,0.0,0,1000,direct,Holohalaelurus_grennian,False,False,,,
379,558,Narcine_atzi,Oman Numbfish,Torpediniformes,Narcinidae,VU,2.86561877902765,3.94350523396407,12.0088188110692,17.239589993775,0.24234130114472,0.0772893342635632,13.9918380841759,0.486,0,1000,direct,Narcine_atzi,False,False,,,
380,222,Prionace_glauca,Blue Shark,Carcharhiniformes,Carcharhinidae,NT,2.85421811724257,1.76366222368082,23.9482429120561,12.7299975017039,0.122255898630392,0.0437344822584614,18.5156168837954,0.0,0,1000,direct,Prionace_glauca,False,False,,,
381,544,Haploblepharus_fuscus,Brown Shyshark,Carcharhiniformes,Pentanchidae,VU,2.83741686370188,3.72597382654056,12.2805673898509,14.7274656748643,0.244003305664896,0.0763555416245549,11.8617660622993,0.486,0,1000,direct,Haploblepharus_fuscus,False,False,,,
382,560,Proscyllium_habereri,Graceful Catshark,Carcharhiniformes,Proscylliidae,VU,2.83153628031566,3.6588082483365,12.0010308589625,15.3195308602552,0.246059419333368,0.0792778956528157,12.6219273417403,0.471,0,1000,direct,Proscyllium_habereri,False,False,,,
383,569,Urotrygon_simulatrix,Fake Round Ray,Myliobatiformes,Urotrygonidae,VU,2.82179327000077,3.93759235445306,11.859371467326,16.5452567799488,0.245071315411868,0.076601581499966,11.974832047349,0.471,0,1000,direct,Urotrygon_simulatrix,False,False,,,
384,582,Aptychotrema_timorensis,Spotted Shovelnose Ray,Rhinopristiformes,Trygonorrhinidae,VU,2.81857118287561,4.02252072311763,11.6811105760645,17.2635887824926,0.243188963492623,0.0767475417161011,16.8535139828363,0.479,0,1000,direct,Aptychotrema_timorensis,False,False,,,
385,201,Dasyatis_chrysonota,Blue Stingray,Myliobatiformes,Dasyatidae,NT,2.80088618410317,2.0394213985726,25.1146531138184,16.3062337637395,0.123299045239843,0.0429980300147272,17.0965408995389,0.0,0,1000,direct,Dasyatis_chrysonota,False,False,,,
386,426,Cruriraja_durbanensis,Smoothnose Pygmy Skate,Rajiformes,Gurgesiellidae,DD,2.79844076514082,7.85402159847078,14.4379229977981,24.2454179370239,0.165605638882113,0.553786552316116,21.678089637696,0.0,0,1000,direct,Cruriraja_durbanensis,False,False,,,
387,35,Eucrossorhinus_dasypogon,Tasselled Wobbegong,Orectolobiformes,Orectolobidae,LC,2.75719044264566,1.91335727297694,58.1779179650014,14.4445093900016,0.0506971118718109,0.0266382526432869,55.67975376077,0.0,0,1000,direct,Eucrossorhinus_dasypogon,False,False,,,
388,251,Gymnura_marmorata,California Butterfly Ray,Myliobatiformes,Gymnuridae,NT,2.71572599864531,3.97748941387202,22.5628359854827,30.897507553159,0.123169474089234,0.0428595473962507,23.6032455896491,0.0,0,1000,direct,Gymnura_marmorata,False,False,,,
389,449,Myliobatis_rhombus,,Myliobatiformes,Myliobatidae,NM,2.69957391360179,6.52298862620692,13.8297800316138,17.1369978758251,0.166762954451852,0.465029282864858,14.0557930765131,0.0,0,1000,no_RedList_match,,False,False,,,
390,235,Rhinoptera_steindachneri,Pacific Cownose Ray,Myliobatiformes,Rhinopteridae,NT,2.69230979905483,2.22897561178914,23.1396023952925,16.7085151388604,0.123299304586201,0.0426222307454144,14.7962385759346,0.0,0,1000,direct,Rhinoptera_steindachneri,False,False,,,
391,599,Benthobatis_yangi,Taiwanese Blind Electric Ray,Torpediniformes,Narcinidae,VU,2.68205914914653,3.99892697015816,11.2570175395647,17.2797224774057,0.243188963492623,0.0769656470259409,14.6248042926476,0.462,0,1000,direct,Benthobatis_yangi,False,False,,,
392,475,Cruriraja_andamanica,Andaman Pygmy Skate,Rajiformes,Gurgesiellidae,DD,2.67454233200077,7.09068890706301,13.1823254755907,23.5427304199482,0.165757839263197,0.553985026352155,20.2661978605944,0.0,0,1000,direct,Cruriraja_andamanica,False,False,,,
393,568,Squalus_acanthias,Spiny Dogfish,Squaliformes,Squalidae,VU,2.66349546494141,2.64313978035587,11.8597091456148,10.9261587335306,0.244780251037743,0.079436367565622,9.18098841964892,0.407,0,1000,direct,Squalus_acanthias,False,False,,,
394,603,Proscymnodon_macracanthus,,Squaliformes,Somniosidae,VU,2.65467255482934,2.69295131621021,11.187565247647,10.9329528397327,0.244780251037743,0.0806132759669565,7.38542207808454,0.48,0,1000,GBIF_iucn_link,Centroscymnus_macracanthus,False,False,,,
395,257,Acroteriobatus_zanzibarensis,Zanzibar Guitarfish,Rhinopristiformes,Rhinobatidae,NT,2.65409569717402,3.60369105291813,22.3347563728378,27.6916143112011,0.121584367690008,0.0420180150391619,16.8554045174058,0.0,0,1000,direct,Acroteriobatus_zanzibarensis,False,False,,,
396,423,Rhinoptera_hainanensis,,Myliobatiformes,Rhinopteridae,NM,2.6506440588291,6.49378807805227,14.4737307763001,14.8223412141405,0.163530784100116,0.452186912157987,12.3152907594269,0.0,0,1000,no_RedList_match,,False,False,,,
397,444,Cirrhoscyllium_expolitum,Barbelthroat Carpetshark,Orectolobiformes,Parascylliidae,DD,2.64984734716912,7.03053028732802,13.9855205295259,20.6085928670251,0.164473653464944,0.467176397575924,18.1369797325519,0.0,0,1000,direct,Cirrhoscyllium_expolitum,False,False,,,
398,614,Torpedo_marmorata,Marbled Torpedo Ray,Torpediniformes,Torpedinidae,VU,2.64294647065266,3.67992373402987,10.9763301938192,15.8881541055249,0.243188963492623,0.0761730552405622,11.413254196785,0.448,0,1000,direct,Torpedo_marmorata,True,True,exact,Torpedo_marmorata,GCA_977017645.1
399,260,Acroteriobatus_salalah,Salalah Guitarfish,Rhinopristiformes,Rhinobatidae,NT,2.63318620391921,3.60593751517034,21.8981518675877,29.0633938577494,0.121505127342048,0.0420594956531979,17.1086979247688,0.0,0,1000,direct,Acroteriobatus_salalah,False,False,,,
400,437,Narcine_brunnea,,Torpediniformes,Narcinidae,NM,2.62048557332371,6.33754647957743,14.1576613376737,19.3009782723824,0.165389535956814,0.521992370952717,14.9427229979652,0.0,0,1000,no_RedList_match,,False,False,,,
401,623,Mustelus_dorsalis,Sharptooth Smoothhound,Carcharhiniformes,Triakidae,VU,2.609770219395,3.22746175734501,10.8389595984313,13.231969204898,0.245516772328093,0.0781112518629165,10.8789843019716,0.444,0,1000,direct,Mustelus_dorsalis,False,False,,,
402,1128,Carcharhinus_leiodon,Smoothtooth Blacktip Shark,Carcharhiniformes,Carcharhinidae,EN,2.60196433936702,2.38909130871985,4.98359436154049,5.16248109179666,0.494356370754968,0.289052943700306,4.83807155507511,0.001,0,1000,direct,Carcharhinus_leiodon,False,False,,,
403,445,Narcine_oculifera,Bigeye Numbfish,Torpediniformes,Narcinidae,DD,2.59769529009567,6.3890427472142,13.9679091384439,17.8524291128321,0.165389535956814,0.505244596386314,15.4407461941199,0.0,0,1000,direct,Narcine_oculifera,False,False,,,
404,607,Benthobatis_kreffti,Krefft's Blind Numbfish,Torpediniformes,Narcinidae,VU,2.59588932430034,4.02207945425231,11.125659809077,16.6643917497071,0.243188963492623,0.0769656470259409,14.956854702683,0.458,0,1000,direct,Benthobatis_kreffti,False,False,,,
405,338,Cirrhigaleus_australis,Southern Mandarin Shark,Squaliformes,Squalidae,DD,2.5793817748833,5.83912295042753,18.3078773793428,3.79454512443293,0.164473653464944,0.437895961671016,14.067452883294,0.0,0,1000,direct,Cirrhigaleus_australis,False,False,,,
406,261,Carcharhinus_isodon,Finetooth Shark,Carcharhiniformes,Carcharhinidae,NT,2.57643371980165,1.28383456012628,21.7829582760441,8.24365448417566,0.122255898630392,0.0433144586651746,17.356951497858,0.0,0,1000,direct,Carcharhinus_isodon,False,False,,,
407,412,Rhinoptera_adspersa,,Myliobatiformes,Rhinopteridae,NM,2.56603071704294,6.16104980971073,14.7288353870921,16.1366750151458,0.164276558945935,0.462547542697903,12.3639935384845,0.0,0,1000,no_RedList_match,,False,False,,,
408,637,Okamejei_acutispina,Sharpspine Skate,Rajiformes,Rajidae,VU,2.5651473174537,3.55837154670294,10.7314932617877,14.9574659510647,0.238838728520726,0.0776305878466609,12.2345197403489,0.452,0,1000,direct,Okamejei_acutispina,False,False,,,
409,483,Heterodontus_ramalheira,Whitespotted Bullhead Shark,Heterodontiformes,Heterodontidae,DD,2.54291109878657,6.88452270396036,13.1177219408918,22.0066116831643,0.163530784100116,0.470636836800602,19.4852921475391,0.0,0,1000,direct,Heterodontus_ramalheira,False,False,,,
410,630,Okamejei_schmidti,Browneye Skate,Rajiformes,Rajidae,VU,2.53368845504094,3.47628278987679,10.784613599511,14.5899622643812,0.238481760883011,0.0773669671439112,11.559916655686,0.422,0,1000,direct,Okamejei_schmidti,False,False,,,
411,629,Halaelurus_boesemani,Speckled Catshark,Carcharhiniformes,Pentanchidae,VU,2.53038137061461,3.13644508234695,10.7920636009954,12.5950519781708,0.243742519037221,0.0757784788420569,11.4492954247321,0.446,0,1000,direct,Halaelurus_boesemani,False,False,,,
412,499,Narcine_nigra,,Torpediniformes,Narcinidae,NM,2.52066416034471,6.43022851147426,12.881439965678,18.5207336487137,0.165605638882113,0.506959280687414,15.1382015490852,0.0,0,1000,no_RedList_match,,False,False,,,
413,41,Trygonoptera_ovalis,Striped Stingaree,Myliobatiformes,Urolophidae,LC,2.50694900587623,1.72270643844738,54.4976944552739,13.2688607651168,0.0513280140738745,0.0282766459614898,46.4714947855658,0.0,0,1000,direct,Trygonoptera_ovalis,False,False,,,
414,650,Okamejei_cairae,Borneo Sand Skate,Rajiformes,Rajidae,VU,2.50588718957641,3.67121130947596,10.6456182591645,15.2153758641226,0.238623367722435,0.0775438808426761,12.04587840976,0.429,0,1000,direct,Okamejei_cairae,False,False,,,
415,501,Narcine_rierai,Mozambique Numbfish,Torpediniformes,Narcinidae,DD,2.49203228768982,5.84262055906574,12.8612608277551,16.4358960696356,0.165389535956814,0.505338992408418,13.6390334633778,0.0,0,1000,direct,Narcine_rierai,False,False,,,
416,242,Mustelus_norrisi,Narrowfin Smoothhound,Carcharhiniformes,Triakidae,NT,2.48167954125467,1.68904405654793,22.8640324426693,12.5059232105122,0.122735284959756,0.043373043989271,17.3365252474549,0.0,0,1000,direct,Mustelus_norrisi,False,False,,,
417,288,Gymnura_micrura,Smooth Butterfly Ray,Myliobatiformes,Gymnuridae,NT,2.48100512199972,3.83696914771177,20.40212543988,31.4718282187429,0.123125724462624,0.0428595473962507,22.8756723866309,0.0,0,1000,direct,Gymnura_micrura,False,False,,,
418,292,Gymnura_crebripunctata,Mazatlan Butterfly Ray,Myliobatiformes,Gymnuridae,NT,2.46809887004117,3.60804485692586,20.1793105711065,30.0273839230171,0.123125724462624,0.0427842669212685,21.5408407218979,0.0,0,1000,direct,Gymnura_crebripunctata,False,False,,,
419,53,Narcine_westraliensis,,Torpediniformes,Narcinidae,LC,2.45052087798321,1.35292769284685,48.5336335747919,3.88953564348821,0.0506054725318818,0.027834156464714,48.41279823867,0.0,0,1000,GBIF_iucn_link,Narcine_westraliensis,False,False,,,
420,702,Dasyatis_fluviorum,Estuary Stingray,Myliobatiformes,Dasyatidae,VU,2.44518890979853,2.87871282626268,10.035547145229,12.0767173916269,0.246291871791583,0.0773482693483978,9.65525107950307,0.394,0,1000,GBIF_accepted,Hemitrygon_fluviorum,False,False,,,
421,510,Dasyatis_tortonesei,Tortonese's Stingray,Myliobatiformes,Dasyatidae,DD,2.43286447102286,5.6421970343735,12.7044610574386,16.9200802508266,0.165605638882113,0.465029282864858,13.4638050156186,0.0,0,1000,direct,Dasyatis_tortonesei,False,False,,,
422,520,Narcine_insolita,Madagascar Numbfish,Torpediniformes,Narcinidae,DD,2.42314050282075,6.07430757127624,12.5656255777265,18.0928311413098,0.165389535956814,0.510485591735623,15.2899922640759,0.0,0,1000,direct,Narcine_insolita,False,False,,,
423,302,Pastinachus_sephen,Cowtail Ray,Myliobatiformes,Dasyatidae,NT,2.39754098836076,1.10068852948494,19.7478268231205,7.24979643538011,0.123461821295099,0.0427260815733612,9.544997894609,0.0,0,1000,direct,Pastinachus_sephen,False,False,,,
424,681,Hydrolagus_matallanasi,Striped Rabbitfish,Chimaeriformes,Chimaeridae,VU,2.3744066976847,4.11130014246993,10.3411688786133,16.0120474546803,0.236206362092824,0.0793912808379877,13.7538571936276,0.412,0,1000,direct,Hydrolagus_matallanasi,False,False,,,
425,728,Hemiscyllium_strahani,Hooded Carpet Shark,Orectolobiformes,Hemiscylliidae,VU,2.37160168719681,3.01819173116855,9.74151728405163,12.3981568614322,0.24601531831274,0.0810119993846193,11.6002845123917,0.4,0,1000,direct,Hemiscyllium_strahani,False,False,,,
426,311,Gymnura_afuerae,,Myliobatiformes,Gymnuridae,NT,2.35272098018424,3.06293028154924,19.138982240597,24.3736948636456,0.123169474089234,0.0428912266655598,17.8784402868808,0.0,0,1000,GBIF_iucn_link,Gymnura_afuerae,False,False,,,
427,507,Heterodontus_omanensis,Oman Bullhead Shark,Heterodontiformes,Heterodontidae,DD,2.34321178303534,6.10292723131499,12.7455346147787,20.6540137868454,0.163530784100116,0.470636836800602,17.8360199887967,0.0,0,1000,direct,Heterodontus_omanensis,False,False,,,
428,738,Hemiscyllium_galei,Gale's Epaulette Shark,Orectolobiformes,Hemiscylliidae,VU,2.33453794778362,3.17119073062398,9.58958692775084,12.6023722266554,0.246059419333368,0.0805793573016767,11.4006285894699,0.4,0,1000,direct,Hemiscyllium_galei,False,False,,,
429,514,Sinobatis_filicauda,Eastern Legskate,Rajiformes,Anacanthobatidae,DD,2.32335427666094,6.00434809763848,12.6469059074895,21.5279517297232,0.165605638882113,0.557396939560989,17.7515890799354,0.0,0,1000,direct,Sinobatis_filicauda,False,False,,,
430,676,Dasyatis_ushiei,,Myliobatiformes,Dasyatidae,VU,2.31857581931058,1.80114008676718,10.4340621437201,7.27157051832494,0.246091136198321,0.0776880874177026,7.5238454986197,0.064,0,1000,GBIF_iucn_link,Dasyatis_ushiei,False,False,,,
431,530,Narcine_bicolor,,Torpediniformes,Narcinidae,NM,2.31126251570268,5.75327224481472,12.4194048352938,16.6752032478746,0.165389535956814,0.505338992408418,13.6764342178088,0.0,0,1000,no_RedList_match,,False,False,,,
432,572,Bythaelurus_incanus,Sombre Catshark,Carcharhiniformes,Pentanchidae,DD,2.30435585094473,6.40498645163633,11.843450654643,16.6274718218759,0.168471820934825,0.57214383695109,13.9784185291774,0.0,0,1000,direct,Bythaelurus_incanus,False,False,,,
433,745,Hemiscyllium_michaeli,Michael's Epaulette Shark,Orectolobiformes,Hemiscylliidae,VU,2.30100624965797,3.50263570221774,9.5345993345884,14.1205977550816,0.246124997597564,0.0806758824196271,11.7523363549788,0.42,0,1000,direct,Hemiscyllium_michaeli,False,False,,,
434,649,Potamotrygon_henlei,Henle's Freshwater Stingray,Myliobatiformes,Potamotrygonidae,VU,2.29628779584597,1.93767543841369,10.6456574604248,7.9684819127385,0.246175541196291,0.0761668633451034,8.26103486403597,0.229,0,1000,direct,Potamotrygon_henlei,False,False,,,
435,695,Carcharhinus_melanopterus,Blacktip Reef Shark,Carcharhiniformes,Carcharhinidae,VU,2.26831178941605,0.996037395621281,10.1408300303043,3.90343794436426,0.245759954811375,0.0789819295156751,8.23238282263417,0.002,0,1000,direct,Carcharhinus_melanopterus,False,False,,,
436,512,Rhinoptera_neglecta,Australian Cownose Ray,Myliobatiformes,Rhinopteridae,DD,2.26610690022949,5.44386151445093,12.6784009455624,11.1885805986955,0.163530784100116,0.442242131653213,4.90290594116196,0.0,0,1000,direct,Rhinoptera_neglecta,False,False,,,
437,753,Hemiscyllium_henryi,Henry's Epaulette Shark,Orectolobiformes,Hemiscylliidae,VU,2.26385967386243,3.08402304194264,9.40077847092088,13.3231869006302,0.24601531831274,0.0811116386236484,11.3933570938306,0.381,0,1000,direct,Hemiscyllium_henryi,False,False,,,
438,561,Urobatis_marmoratus,Chilean Round Ray,Myliobatiformes,Urotrygonidae,DD,2.25804967809175,6.13596088430101,11.9607077401785,21.2050158839539,0.166341651089203,0.496084169296267,16.9649919859343,0.0,0,1000,direct,Urobatis_marmoratus,False,False,,,
439,39,Urobatis_jamaicensis,Yellow Stingray,Myliobatiformes,Urotrygonidae,LC,2.24803012076161,2.06702146682689,54.8190764255957,36.7027911094166,0.0515979655610654,0.0277106325223792,38.5876630607919,0.0,0,1000,direct,Urobatis_jamaicensis,False,False,,,
440,549,Sinobatis_caerulea,Blue Legskate,Rajiformes,Anacanthobatidae,DD,2.24765566008015,6.08652244186146,12.1711417775916,19.9034112608848,0.165389535956814,0.557396939560989,17.7870495830206,0.0,0,1000,direct,Sinobatis_caerulea,False,False,,,
441,316,Deania_profundorum,Arrowhead Dogfish,Squaliformes,Centrophoridae,NT,2.24715933907091,1.11865797132218,19.0718745549411,4.83397756362062,0.122758535762976,0.0432478309258088,11.331326372147,0.0,0,1000,direct,Deania_profundorum,False,False,,,
442,576,Bythaelurus_alcockii,Arabian Catshark,Carcharhiniformes,Pentanchidae,DD,2.24173487092127,5.60577724507394,11.7792852149851,17.525221598578,0.171009862162587,0.572334736298628,14.1718877304037,0.0,0,1000,direct,Bythaelurus_alcockii,False,False,,,
443,57,Iago_omanensis,Bigeye Houndshark,Carcharhiniformes,Triakidae,LC,2.23777616760395,1.28824535934343,47.35653448507,7.03854728895533,0.0500318332372664,0.0272397155600986,43.45210986775,0.0,0,1000,direct,Iago_omanensis,False,False,,,
444,47,Furgaleus_macki,Whiskery Shark,Carcharhiniformes,Triakidae,LC,2.22044035691393,1.5661532315035,51.4982038510544,25.0385394029486,0.0500318332372664,0.0268900772097444,42.5186348869185,0.0,0,1000,direct,Furgaleus_macki,False,False,,,
445,71,Lamna_ditropis,Salmon Shark,Lamniformes,Lamnidae,LC,2.21436273297253,1.20864142629539,44.8451979852424,6.72347050029834,0.0501807279185153,0.0282281753998283,38.73887082121,0.0,0,1000,direct,Lamna_ditropis,False,False,,,
446,58,Iago_garricki,Longnose Hound Shark,Carcharhiniformes,Triakidae,LC,2.21354335546605,1.25630378547535,47.2387831462297,6.78418034345948,0.0500318332372664,0.0272397155600986,43.45210986775,0.0,0,1000,direct,Iago_garricki,False,False,,,
447,78,Pentanchus_profundicolus,Onefin Catshark,Carcharhiniformes,Pentanchidae,LC,2.19905838912242,2.00305298701018,43.5494014006763,39.4188099110514,0.0498251910103983,0.0279002448498207,48.4660579616478,0.0,0,1000,direct,Pentanchus_profundicolus,False,False,,,
448,566,Urotrygon_peruanus,,Myliobatiformes,Urotrygonidae,NM,2.19841355178499,5.34695397063982,11.8835164434714,14.9623723654354,0.165605638882113,0.496084169296267,11.4710921682256,0.0,0,1000,no_RedList_match,,False,False,,,
449,574,Bythaelurus_clevai,Broadhead Catshark,Carcharhiniformes,Pentanchidae,DD,2.18677785385985,5.81363461820894,11.8343628197524,16.7037516627266,0.171009862162587,0.572334736298628,14.2386833034686,0.0,0,1000,direct,Bythaelurus_clevai,False,False,,,
450,329,Carcharhinus_sorrah,Spottail Shark,Carcharhiniformes,Carcharhinidae,NT,2.16596608677172,2.11214417300527,18.6348356368064,16.5088145647692,0.122617044271754,0.0432531327199181,16.6302694546677,0.0,0,1000,direct,Carcharhinus_sorrah,False,False,,,
451,718,Squalus_hemipinnis,Indonesian Shortnose Spurdog,Squaliformes,Squalidae,VU,2.14838218394162,1.92380703742486,9.86528352510092,7.65365595058794,0.245280594234777,0.0797009521930379,7.41086209092472,0.036,0,1000,direct,Squalus_hemipinnis,False,False,,,
452,64,Galeus_sauteri,Blacktip Sawtail Catshark,Carcharhiniformes,Pentanchidae,LC,2.14492023009881,1.181655147539,46.0430711164662,12.4374945267793,0.0501807279185153,0.0270878500974161,42.59023912105,0.0,0,1000,direct,Galeus_sauteri,False,False,,,
453,803,Galeus_mincaronei,Southern Sawtail Catshark,Carcharhiniformes,Pentanchidae,VU,2.14383332365789,3.2362597223105,8.7380642786397,13.3386244786015,0.245516772328093,0.0776829793348904,12.8539831854669,0.376,0,1000,direct,Galeus_mincaronei,False,False,,,
454,61,Triakis_semifasciata,Leopard Shark,Carcharhiniformes,Triakidae,LC,2.14278474738054,1.33489948007682,46.5982805677213,21.6033513108641,0.0500819233571193,0.0276074812451724,22.2149175559485,0.0,0,1000,direct,Triakis_semifasciata,False,False,,,
455,76,Dasyatis_sabina,Atlantic Stingray,Myliobatiformes,Dasyatidae,LC,2.14070937727615,2.14531836328234,43.6901659395383,42.8334227975264,0.0511680703013464,0.028110072095648,33.3796726565235,0.0,0,1000,GBIF_accepted,Hypanus_sabinus,True,True,synonym_of_tip,Hypanus_sabinus,GCA_030144855.1
456,791,Hemiscyllium_hallstromi,Papuan Epaulette Shark,Orectolobiformes,Hemiscylliidae,VU,2.14010384639364,2.88454209156261,8.82204311322156,12.6366478690995,0.246059419333368,0.0805793573016767,10.447628452601,0.367,0,1000,direct,Hemiscyllium_hallstromi,False,False,,,
457,571,Figaro_striatus,Northern Sawtail Shark,Carcharhiniformes,Pentanchidae,DD,2.13883634830611,5.94912442449779,11.8445017574798,16.251188291845,0.168471820934825,0.583504940096398,13.8435005614864,0.0,0,1000,direct,Figaro_striatus,False,False,,,
458,604,Bythaelurus_lutarius,Mud Catshark,Carcharhiniformes,Pentanchidae,DD,2.13465583884008,5.75758502816726,11.1777282628663,17.4316008578464,0.171009862162587,0.583314040748861,13.6272775902506,0.0,0,1000,direct,Bythaelurus_lutarius,False,False,,,
459,639,Torpedo_zugmayeri,Gulf Torpedo,Torpediniformes,Torpedinidae,DD,2.13190096969422,5.53288400073598,10.7020758627218,15.8401094177931,0.166762954451852,0.485454643420595,12.5266177372488,0.0,0,1000,GBIF_accepted,Torpedo_sinuspersici,False,False,,,
460,65,Galeus_eastmani,Gecko Catshark,Carcharhiniformes,Pentanchidae,LC,2.1293917631549,1.24575608598132,46.0019758317124,12.5377834526536,0.0499766052715172,0.0267806388146891,42.59023912105,0.0,0,1000,direct,Galeus_eastmani,False,False,,,
461,343,Atelomycterus_marmoratus,Coral Catshark,Carcharhiniformes,Scyliorhinidae,NT,2.12841034904098,0.925089248903532,18.1948699620253,3.73546999782646,0.123008232921815,0.0435607339708822,15.7625066449422,0.0,0,1000,direct,Atelomycterus_marmoratus,False,False,,,
462,609,Torpedo_polleni,Blackspotted Torpedo,Torpediniformes,Torpedinidae,DD,2.12730704324898,5.21560897351916,11.0540048564697,15.7562599874337,0.166762954451852,0.474482730382282,12.1357865851848,0.0,0,1000,GBIF_accepted,Torpedo_fuscomaculata,False,False,,,
463,100,Squaliolus_laticaudus,Spined Pygmy Shark,Squaliformes,Dalatiidae,LC,2.09010671296425,2.13966003973013,38.8913016562489,44.5988227383163,0.050764404208798,0.0276049703320023,40.666585028612,0.0,0,1000,direct,Squaliolus_laticaudus,False,False,,,
464,535,Dipturus_kwangtungensis,Kwangtung Skate,Rajiformes,Rajidae,DD,2.08794500106948,6.21355111784719,12.3450803856443,17.6072752563471,0.16467278405325,0.527232309424844,14.1114502315107,0.0,0,1000,direct,Dipturus_kwangtungensis,False,False,,,
465,365,Scyliorhinus_capensis,Yellowspotted Catshark,Carcharhiniformes,Scyliorhinidae,NT,2.08649404956777,2.81383236425895,17.5063024184957,25.1488744515194,0.123077834661875,0.044454728716309,17.0316971062549,0.0,0,1000,direct,Scyliorhinus_capensis,False,False,,,
466,380,Neoharriotta_carri,Dwarf Sicklefin Chimaera,Chimaeriformes,Rhinochimaeridae,NT,2.08579758034664,3.12409260442166,16.7406963464121,25.4363868782239,0.118859914396286,0.0430256289564614,23.1326011313471,0.0,0,1000,direct,Neoharriotta_carri,False,False,,,
467,807,Leucoraja_fullonica,Shagreen Skate,Rajiformes,Rajidae,VU,2.08028447986415,2.67890483080334,8.70516850930219,10.8436773718382,0.24242329469329,0.0779296854855339,8.51395698756792,0.346,0,1000,direct,Leucoraja_fullonica,False,False,,,
468,790,Amblyraja_radiata,Thorny Skate,Rajiformes,Rajidae,VU,2.07943067047682,1.99978689726922,8.82836639997372,8.45172909991139,0.241969921832624,0.0783045705604115,8.01988442985705,0.287,0,1000,direct,Amblyraja_radiata,True,True,exact,Amblyraja_radiata,GCA_010909765.2
469,826,Leucoraja_circularis,Sandy Skate,Rajiformes,Rajidae,VU,2.07641309757928,2.79591172729837,8.56440790604468,11.8316806569953,0.243026381514641,0.0778809541817013,8.75387716307263,0.346,0,1000,direct,Leucoraja_circularis,False,False,,,
470,784,Callorhinchus_callorynchus,American Elephantfish,Chimaeriformes,Callorhinchidae,VU,2.059166035284,0.727981835096531,8.94615814167058,1.52597153098063,0.238481760883011,0.0787416874081874,8.277548058607,0.005,0,1000,direct,Callorhinchus_callorynchus,False,False,,,
471,687,Chimaera_jordani,Jordan’s Chimaera,Chimaeriformes,Chimaeridae,DD,2.04499312548054,5.22074999369431,10.2138448134719,17.0466980220062,0.164276558945935,0.544559090594294,14.6092772179381,0.0,0,1000,direct,Chimaera_jordani,False,False,,,
472,611,Urotrygon_caudispinosus,,Myliobatiformes,Urotrygonidae,NM,2.03650017777229,4.9825076298979,11.0363176778721,15.4085849322853,0.166341651089203,0.505575868154162,11.0927585219817,0.0,0,1000,no_RedList_match,,False,False,,,
473,635,Torpedo_semipelagica,,Torpediniformes,Torpedinidae,NM,2.0350625856374,5.4797868860231,10.7427472191866,15.4801945705867,0.166341651089203,0.474388334360178,12.0173113480504,0.0,0,1000,no_RedList_match,,False,False,,,
474,596,Mustelus_walkeri,Eastern Spotted Gummy Shark,Carcharhiniformes,Triakidae,DD,2.03265729052354,5.86781416935904,11.3090889794854,14.2265914563744,0.168595465815175,0.566334547612524,11.5974934074944,0.0,0,1000,direct,Mustelus_walkeri,False,False,,,
475,696,Scyliorhinus_cervigoni,West African Catshark,Carcharhiniformes,Scyliorhinidae,DD,2.02652125254024,5.10501649659345,10.1380977115096,15.2438603677429,0.168595465815175,0.492185371322807,13.3231299266778,0.0,0,1000,direct,Scyliorhinus_cervigoni,False,False,,,
476,781,Gurgesiella_dorsalifera,Onefin Skate,Rajiformes,Gurgesiellidae,VU,2.02499873946625,3.5091854981817,9.02459927718541,14.6801499904824,0.241477710800431,0.0771040614238501,13.0064643957416,0.385,0,1000,direct,Gurgesiella_dorsalifera,False,False,,,
477,369,Oxynotus_bruniensis,Prickly Dogfish,Squaliformes,Oxynotidae,NT,2.02169255609536,1.6050731347306,17.3825700153537,13.2165083303972,0.122367679995286,0.0440841339749357,14.7500783569461,0.0,0,1000,direct,Oxynotus_bruniensis,False,False,,,
478,779,Okamejei_kenojei,Spiny Skate,Rajiformes,Rajidae,VU,2.02145743636489,1.56748278297395,9.04667113916689,6.16465877929125,0.238623367722435,0.0776305878466609,7.14957925014932,0.147,0,1000,direct,Okamejei_kenojei,False,False,,,
479,370,Sympterygia_bonapartii,Smallnose Fanskate,Rajiformes,Arhynchobatidae,NT,2.02080023114186,2.13765562793507,17.3624582540122,18.5163367202905,0.119304235596058,0.0438139587841561,15.8810631899164,0.0,0,1000,direct,Sympterygia_bonapartii,False,False,,,
480,102,Heterodontus_francisci,Horn Shark,Heterodontiformes,Heterodontidae,LC,2.00023133958015,3.03047957942539,38.5310270471046,62.3373777054309,0.0505506305021236,0.0267440625753172,42.307999331939,0.0,0,1000,direct,Heterodontus_francisci,True,True,exact,Heterodontus_francisci,GCA_036365525.1
481,659,Scyliorhinus_comoroensis,Comoro Catshark,Carcharhiniformes,Scyliorhinidae,DD,1.99499975208426,4.96018964447816,10.5673371574572,15.9625184100452,0.168595465815175,0.492489091874593,13.5886771969115,0.0,0,1000,direct,Scyliorhinus_comoroensis,False,False,,,
482,666,Mustelus_mangalorensis,,Carcharhiniformes,Triakidae,NM,1.98938947305369,5.41062407856393,10.5199447860627,14.7199551649711,0.172769960546025,0.566146012363627,11.4987791134786,0.0,0,1000,no_RedList_match,,False,False,,,
483,347,Mustelus_lunulatus,Sicklefin Smoothhound,Carcharhiniformes,Triakidae,NT,1.98090531442354,1.2134720024248,18.0930289082656,9.73347786445726,0.122877955699988,0.0431931298026773,14.4974953027879,0.0,0,1000,direct,Mustelus_lunulatus,False,False,,,
484,75,Trygonoptera_personata,Masked Stingaree,Myliobatiformes,Urolophidae,LC,1.97912450967668,1.36580896244419,43.8637382347841,11.4920845446526,0.0511680703013464,0.0279152316088522,38.5549895828512,0.0,0,1000,direct,Trygonoptera_personata,False,False,,,
485,661,Torpedo_peruana,,Torpediniformes,Torpedinidae,NM,1.97888128524651,5.06860184768404,10.5641426213965,15.2768174478148,0.166762954451852,0.485454643420595,11.8649503433407,0.0,0,1000,no_RedList_match,,False,False,,,
486,606,Torpedo_alexandrinsis,,Torpediniformes,Torpedinidae,NM,1.9720707032174,4.99894052607943,11.1327123557885,15.6564936776301,0.166762954451852,0.485667644855303,12.1002150171405,0.0,0,1000,no_RedList_match,,False,False,,,
487,868,Raja_atriventralis,Spiny Skate,Rajiformes,Rajidae,VU,1.96865676887615,2.67078047641272,8.27078381467285,11.3463596711872,0.238481760883011,0.0782903422692299,10.1139848598098,0.33,0,1000,GBIF_accepted,Okamejei_kenojei,False,False,,,
488,353,Mustelus_canis,Dusky Smoothhound,Carcharhiniformes,Triakidae,NT,1.96749483008578,1.19124750883217,17.9670705859138,9.74842413023129,0.123041351230763,0.043309234630814,14.1502723553598,0.0,0,1000,direct,Mustelus_canis,False,False,,,
489,810,Torpedo_torpedo,Ocellate Torpedo,Torpediniformes,Torpedinidae,VU,1.96081695060084,1.26533052101638,8.68662950907476,4.52588183249401,0.243346707133113,0.0761705705547368,6.55443412804027,0.144,0,1000,direct,Torpedo_torpedo,False,False,,,
490,400,Rhizoprionodon_oligolinx,Grey Sharpnose Shark,Carcharhiniformes,Carcharhinidae,NT,1.95529885931457,3.60302214406855,15.4386079487662,29.0154778986643,0.122617044271754,0.0430457652429735,20.5813908731174,0.0,0,1000,direct,Rhizoprionodon_oligolinx,False,False,,,
491,381,Neoharriotta_pinnata,Sicklefin Chimaera,Chimaeriformes,Rhinochimaeridae,NT,1.95410519339358,3.15512253039988,16.7242515180854,24.7599043112408,0.119103202381291,0.0429089932461164,22.9034512630894,0.0,0,1000,direct,Neoharriotta_pinnata,False,False,,,
492,846,Leucoraja_wallacei,Yellowspotted Skate,Rajiformes,Rajidae,VU,1.95133890631564,1.38308433458459,8.41796673942602,6.04949061459779,0.24234130114472,0.078067660483955,6.80565705465421,0.046,0,1000,direct,Leucoraja_wallacei,False,False,,,
493,697,Okamejei_mengae,Meng's Skate,Rajiformes,Rajidae,DD,1.93735676754683,4.50702078973944,10.134890008884,13.7130024242512,0.164882393362033,0.545963715405272,11.2065414115131,0.0,0,1000,direct,Okamejei_mengae,False,False,,,
494,393,Dasyatis_americana,Southern Stingray,Myliobatiformes,Dasyatidae,NT,1.93501287558647,1.43348767736074,15.8016633655604,11.2945234816111,0.122884904636427,0.0426407293464738,8.54553784273214,0.0,0,1000,GBIF_accepted,Hypanus_americanus,False,False,,,
495,667,Scyliorhinus_haeckelii,Freckled Catshark,Carcharhiniformes,Scyliorhinidae,DD,1.93245266752284,5.42847268824654,10.5176145869903,14.2880342499003,0.168595465815175,0.47756425392079,13.4141010050831,0.0,0,1000,direct,Scyliorhinus_haeckelii,False,False,,,
496,694,Leucoraja_virginica,,Rajiformes,Rajidae,NM,1.93035066712254,5.15090102409037,10.1497748163836,12.6687235769959,0.166762954451852,0.53455871476351,12.2295956716601,0.0,0,1000,no_RedList_match,,False,False,,,
497,683,Halaelurus_quagga,Quagga Catshark,Carcharhiniformes,Pentanchidae,DD,1.92828729513504,5.33619583355558,10.3291437290826,11.9359512986936,0.17465091641944,0.569983199497356,11.0353352612389,0.0,0,1000,direct,Halaelurus_quagga,False,False,,,
498,656,Proscyllium_venustum,,Carcharhiniformes,Proscylliidae,NM,1.92548663525726,5.31148125311927,10.6089604499788,13.3638822215556,0.171009862162587,0.584079676653373,11.9859158254944,0.0,0,1000,no_RedList_match,,False,False,,,
499,658,Okamejei_porosa,,Rajiformes,Rajidae,NM,1.92543777802449,4.79694194049217,10.5849712406485,13.6419921714487,0.16467278405325,0.539834014511265,11.442917349736,0.0,0,1000,no_RedList_match,,False,False,,,
500,863,Narke_dipterygia,Spottail Sleeper Ray,Torpediniformes,Narkidae,VU,1.91712858961011,2.62648064129716,8.29640548214875,11.3488993871403,0.242743966134542,0.0766517843881961,10.1850841507319,0.315,0,1000,direct,Narke_dipterygia,False,False,,,
501,690,Torpedo_microdiscus,,Torpediniformes,Torpedinidae,NM,1.91709786591353,4.86188990436634,10.1932203000107,14.5170141610473,0.166341651089203,0.469600437137934,10.9817634746609,0.0,0,1000,no_RedList_match,,False,False,,,
502,841,Okamejei_boesemani,Boeseman's Skate,Rajiformes,Rajidae,VU,1.90477874792692,1.67895933998493,8.45478767023877,6.88007184208764,0.238481760883011,0.0775438808426761,6.78018858970086,0.143,0,1000,direct,Okamejei_boesemani,False,False,,,
503,709,Okamejei_pita,Pita Skate,Rajiformes,Rajidae,DD,1.90288822917034,4.61069598280018,9.92827895001066,13.0517098806363,0.16467278405325,0.539834014511265,10.7784556822654,0.0,0,1000,GBIF_accepted,Raja_pita,False,False,,,
504,634,Urotrygon_serrula,,Myliobatiformes,Urotrygonidae,NM,1.89737372117311,5.08606276137899,10.7442950011821,13.8993850466496,0.166341651089203,0.50339193430277,10.8382663646795,0.0,0,1000,no_RedList_match,,False,False,,,
505,925,Dipturus_oxyrinchus,Longnosed Skate,Rajiformes,Rajidae,VU,1.89004284829157,2.66773007932289,7.84053250306817,11.2371230800091,0.242156926443161,0.0771989309317871,4.49644654885818,0.34,0,1000,direct,Dipturus_oxyrinchus,False,False,,,
506,905,Narke_japonica,Japanese Sleeper Ray,Torpediniformes,Narkidae,VU,1.84965291159417,2.49469467740975,7.98126815799724,10.7237998040381,0.242743966134542,0.0766972133695993,9.74954697465933,0.309,0,1000,direct,Narke_japonica,False,False,,,
507,883,Urolophus_viridis,Greenback Stingaree,Myliobatiformes,Urolophidae,VU,1.84402040101774,0.877632488134069,8.16464587025136,2.26423617159018,0.243846591563595,0.0769542366765204,6.56118076200642,0.045,0,1000,direct,Urolophus_viridis,False,False,,,
508,642,Chimaera_owstoni,Owston’s Chimaera,Chimaeriformes,Chimaeridae,DD,1.84172444586474,4.9659217877854,10.6700952708796,16.5714183253924,0.165389535956814,0.558671141866958,14.5314136208941,0.0,0,1000,direct,Chimaera_owstoni,False,False,,,
509,743,Leucoraja_caribbaea,,Rajiformes,Rajidae,NM,1.84138006522183,4.54187342757703,9.54313517532861,12.2209662743875,0.168121849204643,0.534419700852969,11.2208139165144,0.0,0,1000,no_RedList_match,,False,False,,,
510,930,Potamotrygon_schroederi,Schroeder’s Freshwater Stingray,Myliobatiformes,Potamotrygonidae,VU,1.8400955292518,2.50444227100005,7.8100022168229,9.65403216442622,0.246175541196291,0.0760966345901593,8.84148258691786,0.294,0,1000,direct,Potamotrygon_schroederi,False,False,,,
511,923,Malacoraja_senta,Smooth Skate,Rajiformes,Rajidae,VU,1.83828696925978,2.79272739836809,7.88063378516504,12.1040100536916,0.243188963492623,0.0778586536954085,10.8671698804838,0.335,0,1000,direct,Malacoraja_senta,False,False,,,
512,942,Dipturus_crosnieri,Madagascar Skate,Rajiformes,Rajidae,VU,1.83150956793317,2.66178277726519,7.74642220497742,11.2013248332191,0.240466319612991,0.0776118136860193,9.16181925417757,0.304,0,1000,direct,Dipturus_crosnieri,False,False,,,
513,720,Hydrolagus_deani,,Chimaeriformes,Chimaeridae,NM,1.82720827358638,5.16849192714761,9.85149458946094,15.6078182762909,0.163962091329907,0.539598156305765,14.3746078226468,0.0,0,1000,no_RedList_match,,False,False,,,
514,408,Sympterygia_brevicaudata,Shorttail Fanskate,Rajiformes,Arhynchobatidae,NT,1.82197762206356,2.0154401375981,15.0763718534234,16.9875226502256,0.11937286669145,0.043805066202298,11.9144767167748,0.0,0,1000,direct,Sympterygia_brevicaudata,False,False,,,
515,724,Parascyllium_elongatum,Elongate Carpetshark,Orectolobiformes,Parascylliidae,DD,1.81651566604925,5.07567384771425,9.76940481481202,18.3050585738521,0.163530784100116,0.467901430286703,16.5146954136503,0.0,0,1000,direct,Parascyllium_elongatum,False,False,,,
516,956,Raja_equatorialis,,Rajiformes,Rajidae,VU,1.80754682337705,2.76765527593072,7.61557857199588,11.3679685321311,0.238623367722435,0.0791538933685474,9.99509525490139,0.319,0,1000,GBIF_iucn_link,Raja_equatorialis,False,False,,,
517,945,Potamotrygon_signata,Parnaíba Freshwater Stingray,Myliobatiformes,Potamotrygonidae,VU,1.80534949482533,2.35804357691744,7.69866299558493,9.61870717219051,0.245731861732768,0.076456615075312,8.34178592356919,0.29,0,1000,direct,Potamotrygon_signata,False,False,,,
518,975,Potamotrygon_brachyura,Giant Freshwater Stingray,Myliobatiformes,Potamotrygonidae,VU,1.80422204212538,2.45726519495093,7.40516404495526,10.2411646082502,0.245892150272242,0.0763060443982973,8.39437508977553,0.284,0,1000,direct,Potamotrygon_brachyura,False,False,,,
519,796,Heteronarce_prabhui,,Torpediniformes,Narkidae,NM,1.8009468583169,4.08301325819888,8.78779152183754,11.4215568891954,0.165991491034188,0.501549187196714,9.40576947099457,0.0,0,1000,no_RedList_match,,False,False,,,
520,691,Okamejei_philipi,,Rajiformes,Rajidae,DD,1.79611769012896,4.37914675451088,10.1596406349544,13.6844981069375,0.164882393362033,0.544693518029082,11.4919594804691,0.0,0,1000,GBIF_iucn_link,Okamejei_philipi,False,False,,,
521,984,Potamotrygon_boesemani,Suriname Freshwater Stingray,Myliobatiformes,Potamotrygonidae,VU,1.78890445112262,2.26308426898818,7.31954648166394,9.33133692938354,0.245731861732768,0.0764240117598313,7.95313163241124,0.261,0,1000,direct,Potamotrygon_boesemani,False,False,,,
522,706,Scyliorhinus_garmani,Brownspotted Catshark,Carcharhiniformes,Scyliorhinidae,DD,1.77581983777548,4.87754653699565,9.96933799641519,13.1273179930157,0.16938745097696,0.496953597340016,12.666844864142,0.0,0,1000,direct,Scyliorhinus_garmani,False,False,,,
523,970,Squalus_montalbani,Philippine Spurdog,Squaliformes,Squalidae,VU,1.77373497828923,1.76033380474117,7.48446532616065,7.71434668687569,0.246293916383256,0.0789972153889945,5.35226236322054,0.02,0,1000,direct,Squalus_montalbani,False,False,,,
524,737,Scyliorhinus_besnardi,,Carcharhiniformes,Scyliorhinidae,DD,1.77361347793112,4.5952827847169,9.59020921176953,14.7008256815347,0.168595465815175,0.492591405918125,12.7115514202341,0.0,0,1000,GBIF_iucn_link,Scyliorhinus_besnardi,False,False,,,
525,983,Potamotrygon_leopoldi,Xingu Freshwater Stingray,Myliobatiformes,Potamotrygonidae,VU,1.75240614232304,2.47816345923816,7.33537834239928,10.1585685481167,0.245731861732768,0.0762865916612494,8.48971806708467,0.3,0,1000,direct,Potamotrygon_leopoldi,False,False,,,
526,723,Leucoraja_compagnoi,Tigertail Skate,Rajiformes,Rajidae,DD,1.75172841453933,5.11295065824955,9.78454712705473,12.7740559213718,0.165991491034188,0.528347766448222,12.1745583889892,0.0,0,1000,direct,Leucoraja_compagnoi,False,False,,,
527,589,Etmopterus_molleri,Slendertail Lanternshark,Squaliformes,Etmopteridae,DD,1.74840586293068,4.45781790201255,11.4589060827005,11.0202902780116,0.161799762259403,0.496851283296483,11.0897065340507,0.0,0,1000,direct,Etmopterus_molleri,False,False,,,
528,439,Himantura_walga,Scaly Whipray,Myliobatiformes,Dasyatidae,NT,1.74219089298565,0.614520074366798,14.0754859568656,2.30001999479753,0.122675428966252,0.042114225757069,12.8848761055482,0.0,0,1000,GBIF_accepted,Brevitrygon_walga,False,False,,,
529,704,Proscymnodon_plunketi,,Squaliformes,Somniosidae,NM,1.73093138240052,4.25355357462935,10.0250456893713,6.71182011505117,0.160184590972307,0.437115806646046,7.38542207808454,0.0,0,1000,no_RedList_match,,False,False,,,
530,757,Cephaloscyllium_pictum,Painted Swellshark,Carcharhiniformes,Scyliorhinidae,DD,1.72972431859026,4.46183096230715,9.32445843975993,12.0697427815811,0.170095144505866,0.498584020917048,9.15265042006044,0.0,0,1000,direct,Cephaloscyllium_pictum,False,False,,,
531,990,Potamotrygon_tatianae,Tatiana's Freshwater Stingray,Myliobatiformes,Potamotrygonidae,VU,1.72344085143569,2.39219394448049,7.22337781524967,9.56265738704864,0.245731861732768,0.0760448757438862,8.13316182656925,0.29,0,1000,direct,Potamotrygon_tatianae,False,False,,,
532,802,Parmaturus_bigus,,Carcharhiniformes,Pentanchidae,DD,1.70681391595303,4.62757036053809,8.74583865454941,13.9187150966089,0.171009862162587,0.58286876954404,11.5459900884412,0.0,0,1000,GBIF_iucn_link,Parmaturus_bigus,False,False,,,
533,435,Chiloscyllium_arabicum,Arabian Carpetshark,Orectolobiformes,Hemiscylliidae,NT,1.6985511641882,1.91232772079202,14.253628863535,15.194203568396,0.122985988529978,0.0445313086146701,14.1265555713827,0.0,0,1000,direct,Chiloscyllium_arabicum,False,False,,,
534,455,Myliobatis_hamlyni,Purple Eagle Ray,Myliobatiformes,Myliobatidae,NT,1.68940919950676,2.10174076717396,13.7741192514062,17.6531401895719,0.123299304586201,0.0426065326138746,14.1075924106275,0.0,0,1000,direct,Myliobatis_hamlyni,False,False,,,
535,820,Heteronarce_bentuviai,Eilat Sleeper Ray,Torpediniformes,Narkidae,DD,1.68129685517964,3.82699200483431,8.59618129827131,11.5289660802025,0.165991491034188,0.501605725939104,9.54301646458377,0.0,0,1000,direct,Heteronarce_bentuviai,False,False,,,
536,809,Somniosus_longus,Little Sleeper Shark,Squaliformes,Somniosidae,DD,1.67847393457335,5.45898337694332,8.69344694650082,17.8280993947558,0.159744284855819,0.420404619135805,18.8410257737767,0.0,0,1000,direct,Somniosus_longus,False,False,,,
537,999,Spiniraja_whitleyi,Melbourne Skate,Rajiformes,Rajidae,VU,1.67224780654347,2.32461820446833,7.07344320195994,9.6041892272851,0.2405485613779,0.0776118136860193,8.30689970146855,0.252,0,1000,direct,Spiniraja_whitleyi,False,False,,,
538,120,Hemigaleus_australiensis,Australian Weasel Shark,Carcharhiniformes,Hemigaleidae,LC,1.66810198699678,0.877475632189273,34.3326159260005,5.62759152779952,0.0504489775124502,0.0264278549467412,26.02261137194,0.0,0,1000,direct,Hemigaleus_australiensis,False,False,,,
539,161,Heterodontus_mexicanus,Mexican Hornshark,Heterodontiformes,Heterodontidae,LC,1.6591842399827,2.6887567004202,29.1731141975813,53.9747884623,0.0505506305021236,0.0267440625753172,38.1744849186948,0.0,0,1000,direct,Heterodontus_mexicanus,False,False,,,
540,467,Scoliodon_laticaudus,Spadenose Shark,Carcharhiniformes,Carcharhinidae,NT,1.65040769815618,0.593421175607094,13.485936161994,2.44595570848918,0.12211431018051,0.0432425307223094,8.572875625972,0.0,0,1000,direct,Scoliodon_laticaudus,False,False,,,
541,837,Fenestraja_sibogae,Siboga Pygmy Skate,Rajiformes,Gurgesiellidae,DD,1.64806910306126,3.96155098473169,8.49032992221511,13.9680496951961,0.167474492415617,0.533410050315111,12.2308549848822,0.0,0,1000,direct,Fenestraja_sibogae,False,False,,,
542,727,Urolophus_kaianus,Kai Stingaree,Myliobatiformes,Urolophidae,DD,1.64658949016503,4.46300423707091,9.74465844133621,14.7228657295097,0.166762954451852,0.468688717500592,12.8099819672642,0.0,0,1000,direct,Urolophus_kaianus,False,False,,,
543,468,Scoliodon_macrorhynchos,New Spadenose Shark,Carcharhiniformes,Carcharhinidae,NT,1.63933800741119,0.577501875904538,13.4313697861644,2.38221935675594,0.121839755567699,0.0435013444454931,8.572875625972,0.0,0,1000,direct,Scoliodon_macrorhynchos,False,False,,,
544,778,Cephaloscyllium_cooki,Cook’s Swellshark,Carcharhiniformes,Scyliorhinidae,DD,1.63885952859936,3.95261082438426,9.06120892304214,12.9421154222718,0.170588724857389,0.501123515229742,9.40164251310961,0.0,0,1000,direct,Cephaloscyllium_cooki,False,False,,,
545,789,Parmaturus_macmillani,McMillan's Catshark,Carcharhiniformes,Pentanchidae,DD,1.63766113683676,3.86479606395894,8.8401115534599,12.8907219262847,0.171968786413411,0.58286876954404,11.1474047933865,0.0,0,1000,direct,Parmaturus_macmillani,False,False,,,
546,980,Somniosus_microcephalus,Greenland Shark,Squaliformes,Somniosidae,VU,1.63458123589302,1.14156006496737,7.35184222402675,4.31865201629965,0.244780251037743,0.079469225111276,6.1115282333648,0.0,0,1000,direct,Somniosus_microcephalus,True,True,exact,Somniosus_microcephalus,GCA_052327205.1
547,805,Fenestraja_maceachrani,Madagascar Pygmy Skate,Rajiformes,Gurgesiellidae,DD,1.62332413901055,4.46663413118754,8.72013895614135,14.923823944277,0.167474492415617,0.533410050315111,12.3525380372275,0.0,0,1000,direct,Fenestraja_maceachrani,False,False,,,
548,816,Heteronarce_mollis,Soft Sleeper Ray,Torpediniformes,Narkidae,DD,1.62040982544816,4.1424379234488,8.65029143624813,11.9991497383178,0.165991491034188,0.501605725939104,9.86270964642254,0.0,0,1000,direct,Heteronarce_mollis,False,False,,,
549,137,Ctenacis_fehlmanni,Harlequin Catshark,Carcharhiniformes,Proscylliidae,LC,1.61390728660091,1.81451192302567,31.6648529900833,32.7139167066388,0.0504635011024542,0.0274913930622734,37.189400832205,0.0,0,1000,direct,Ctenacis_fehlmanni,False,False,,,
550,758,Scymnodalatias_albicauda,Whitetail Dogfish,Squaliformes,Somniosidae,DD,1.60889804980131,4.24648658592519,9.32143521328175,12.0945471288651,0.164473653464944,0.462424498114528,10.1015850142597,0.0,0,1000,direct,Scymnodalatias_albicauda,False,False,,,
551,143,Gymnura_australis,Australian Butterfly Ray,Myliobatiformes,Gymnuridae,LC,1.60729978136628,2.12904007542549,31.0173857888895,45.7118201311968,0.050764404208798,0.0270496027084179,28.7672570038658,0.0,0,1000,direct,Gymnura_australis,False,False,,,
552,130,Aulohalaelurus_labiosus,Black Spotted Catshark,Carcharhiniformes,Scyliorhinidae,LC,1.60530507600252,1.79884466526546,32.2271674106075,36.8178396018461,0.0502318916367197,0.0261756414318665,19.0827712728764,0.0,0,1000,direct,Aulohalaelurus_labiosus,False,False,,,
553,887,Brochiraja_vittacauda,Ribbontail Skate,Rajiformes,Arhynchobatidae,DD,1.60317001032829,3.82831693060596,8.14591056185959,11.9190508649817,0.165605638882113,0.547909396757174,8.33107208414523,0.0,0,1000,direct,Brochiraja_vittacauda,False,False,,,
554,497,Dasyatis_gigantea,,Myliobatiformes,Dasyatidae,NT,1.59594408113177,2.37955288014035,12.9392490860598,18.5937036307114,0.123125724462624,0.0427751701953246,14.2641610909211,0.0,0,1000,GBIF_iucn_link,Dasyatis_gigantea,False,False,,,
555,871,Parmaturus_sp.,,Carcharhiniformes,Pentanchidae,NM,1.5957527147191,4.31124650732202,8.24957563929688,14.075786617885,0.171009862162587,0.583001739755229,11.1769060130363,0.0,0,1000,no_RedList_match,,False,False,,,
556,840,Scymnodalatias_garricki,Azores Dogfish,Squaliformes,Somniosidae,DD,1.5953220313791,3.94476983923115,8.46404054919906,12.8290553871826,0.164515274651873,0.465953447424512,10.3976773949163,0.0,0,1000,direct,Scymnodalatias_garricki,False,False,,,
557,818,Raja_africana,,Rajiformes,Rajidae,NM,1.58972272762364,3.81799726499602,8.63563103334552,12.2221170592049,0.164882393362033,0.544373707927385,10.330835121434,0.0,0,1000,no_RedList_match,,False,False,,,
558,478,Proscyllium_magnificum,,Carcharhiniformes,Proscylliidae,NT,1.57896894868528,2.06176255130151,13.1625890684929,16.170678500899,0.123041351230763,0.0438276073911223,12.6885172209863,0.0,0,1000,GBIF_iucn_link,Proscyllium_magnificum,False,False,,,
559,472,Narcine_brasiliensis,Lesser Numbfish,Torpediniformes,Narcinidae,NT,1.57811092246905,2.32530265476121,13.3160900953177,18.7563303693777,0.12075514812588,0.0420990031414898,14.6219449790095,0.0,0,1000,direct,Narcine_brasiliensis,False,False,,,
560,874,Dipturus_ecuadoriensis,Ecuador Skate,Rajiformes,Rajidae,DD,1.575326266025,3.38007751522391,8.21530713656399,11.7370966686892,0.16467278405325,0.527232309424844,9.32850238890006,0.0,0,1000,direct,Dipturus_ecuadoriensis,False,False,,,
561,878,Raja_chinensis,,Rajiformes,Rajidae,NM,1.57104976741647,3.67433606203724,8.19741882541217,11.852183037943,0.165146279109614,0.54500571539689,10.3356148948175,0.0,0,1000,no_RedList_match,,False,False,,,
562,127,Odontaspis_noronhai,Bigeye Sand Tiger,Lamniformes,Odontaspididae,LC,1.56286641345071,1.77430722441913,32.8248930487974,32.5573494858369,0.0499766052715172,0.0282389070816162,14.4779710882582,0.0,0,1000,direct,Odontaspis_noronhai,False,False,,,
563,912,Squalus_blainville,Longnose Spurdog,Squaliformes,Squalidae,DD,1.56188429596136,3.60092540334849,7.95000879442829,12.578419569201,0.164276558945935,0.438250789842062,10.8676586864783,0.0,0,1000,direct,Squalus_blainville,False,False,,,
564,995,Raja_maderensis,Madeira Skate,Rajiformes,Rajidae,VU,1.56170989146781,1.28932848697247,7.11443457733474,4.84093380269454,0.238481760883011,0.0792752138354584,6.07485160923003,0.001,0,1000,direct,Raja_maderensis,False,False,,,
565,924,Brochiraja_aenigma,Enigma Skate,Rajiformes,Arhynchobatidae,DD,1.56000177435817,3.60007924735422,7.85937039701107,10.1979696536028,0.16521604822198,0.552847058393466,7.97546570947981,0.0,0,1000,direct,Brochiraja_aenigma,False,False,,,
566,521,Raja_undulata,Undulate Skate,Rajiformes,Rajidae,NT,1.55838815730041,2.21407647011813,12.5437561209134,19.1546686100611,0.120114607936945,0.0434652629193014,14.790688839223,0.0,0,1000,direct,Raja_undulata,True,True,exact,Raja_undulata,GCA_980436725.1
567,782,Urolophus_armatus,New Ireland Stingaree,Myliobatiformes,Urolophidae,DD,1.55812372662443,4.13663816066375,9.0108448314619,12.9215421712256,0.166762954451852,0.474168114096699,11.9751705992774,0.0,0,1000,GBIF_accepted,Spinilophus_armatus,False,False,,,
568,138,Pseudotriakis_microdon,False Catshark,Carcharhiniformes,Pseudotriakidae,LC,1.54715452122796,2.14833244224211,31.6415383516109,41.7984872615096,0.0505489461732372,0.0274785763216387,32.8957987207737,0.0,0,1000,direct,Pseudotriakis_microdon,False,False,,,
569,860,Etmopterus_schmidti,,Squaliformes,Etmopteridae,NM,1.54553624118277,4.19785015830552,8.33728165913322,12.9281888086927,0.163530784100116,0.477124769077447,11.913909910113,0.0,0,1000,no_RedList_match,,False,False,,,
570,141,Megachasma_pelagios,Megamouth Shark,Lamniformes,Megachasmidae,LC,1.54464003428977,2.07277654906225,31.1338176195499,40.138055980853,0.0499037417522054,0.0282316591974962,31.3708156042178,0.0,0,1000,direct,Megachasma_pelagios,False,False,,,
571,1023,Galeus_polli,African Sawtail Catshark,Carcharhiniformes,Pentanchidae,VU,1.54463696782106,2.32075933655616,6.77993351446244,9.6696658960347,0.245394082208774,0.0774824101034648,7.74256304131237,0.247,0,1000,direct,Galeus_polli,False,False,,,
572,511,Bythaelurus_hispidus,Bristly Catshark,Carcharhiniformes,Pentanchidae,NT,1.5410883935863,2.2514420547258,12.7001392904069,18.2876434072259,0.122735284959756,0.0433436505308585,14.6875733451354,0.0,0,1000,direct,Bythaelurus_hispidus,False,False,,,
573,104,Mustelus_sinusmexicanus,Gulf of Mexico Smoothhound,Carcharhiniformes,Triakidae,LC,1.52920006388717,1.32591157781049,37.8861331664013,21.894461549789,0.0500030215034156,0.0266841826529154,25.9236246047784,0.0,0,1000,direct,Mustelus_sinusmexicanus,False,False,,,
574,904,Raja_herwigi,Cape Verde Skate,Rajiformes,Rajidae,DD,1.52904618557841,3.36233614607974,7.98455401126749,9.82928920201224,0.16521604822198,0.54500571539689,9.38132994557412,0.0,0,1000,direct,Raja_herwigi,False,False,,,
575,150,Pseudocarcharias_kamoharai,Crocodile Shark,Lamniformes,Pseudocarchariidae,LC,1.52805323957432,2.13445030648967,30.5327061763621,36.7810606420619,0.0499766052715172,0.0284497331657052,31.0456051168768,0.0,0,1000,direct,Pseudocarcharias_kamoharai,False,False,,,
576,647,Torpedo_sinuspersici,Gulf Torpedo,Torpediniformes,Torpedinidae,DD,1.5256814652005,3.75508514371369,10.6534855146044,6.73194195326553,0.166762954451852,0.485667644855303,7.8275845461988,0.0,0,1000,direct,Torpedo_sinuspersici,False,False,,,
577,1170,Dipturus_trachydermus,Roughskin Skate,Rajiformes,Rajidae,EN,1.52198348917912,1.7314817261067,3.23375275418899,3.59801475175419,0.478399781310686,0.283136044841819,0.446807425163259,0.0,0,1000,direct,Dipturus_trachydermus,False,False,,,
578,524,Urotrygon_nana,Dwarf Round Ray,Myliobatiformes,Urotrygonidae,NT,1.51799602973443,2.10119354153606,12.5048967965159,16.3814681255986,0.122675428966252,0.0422161843523096,12.1583206722261,0.0,0,1000,direct,Urotrygon_nana,False,False,,,
579,834,Scymnodalatias_sherwoodi,Sherwood's Dogfish,Squaliformes,Somniosidae,DD,1.51612515448699,4.14478480089563,8.52306041867895,13.2659435662833,0.164276558945935,0.451729769943407,9.79011787465304,0.0,0,1000,direct,Scymnodalatias_sherwoodi,False,False,,,
580,855,Brochiraja_heuresa,Eureka Skate,Rajiformes,Arhynchobatidae,DD,1.51520314866953,4.11388283112553,8.38991949585557,10.7005912840462,0.16521604822198,0.553132797054365,8.31162596422411,0.0,0,1000,direct,Brochiraja_heuresa,False,False,,,
581,965,Potamotrygon_constellata,Rough Freshwater Stingray,Myliobatiformes,Potamotrygonidae,DD,1.50791097494724,3.49927070523389,7.54257758344222,9.82291308083328,0.166341651089203,0.495676264194015,8.64949502802854,0.0,0,1000,direct,Potamotrygon_constellata,False,False,,,
582,517,Carcharhinus_altimus,Bignose Shark,Carcharhiniformes,Carcharhinidae,NT,1.50677242878306,1.1278963225368,12.5828792519569,8.27208884447247,0.122508969520979,0.0432425307223094,5.2546540678479,0.0,0,1000,direct,Carcharhinus_altimus,False,False,,,
583,533,Dasyatis_guttata,Longnose Stingray,Myliobatiformes,Dasyatidae,NT,1.50118934835823,2.13095013434036,12.3873606561672,17.2469895359214,0.123125724462624,0.0429833997437354,13.4812603965314,0.0,0,1000,GBIF_accepted,Hypanus_guttatus,False,False,,,
584,1057,Plesiotrygon_iwamae,Antenna Ray,Myliobatiformes,Potamotrygonidae,VU,1.4950582602286,1.62778950851101,6.32453496225339,6.28021232441629,0.245731861732768,0.0760030318264996,6.07494269666603,0.155,0,1000,direct,Plesiotrygon_iwamae,False,False,,,
585,550,Dasyatis_marmorata,Marbled Stingray,Myliobatiformes,Dasyatidae,NT,1.49058069248406,2.0371023045509,12.1662889245017,16.5413721519832,0.122884904636427,0.0428554560462873,13.4534795139148,0.0,0,1000,direct,Dasyatis_marmorata,False,False,,,
586,112,Pteroplatytrygon_violacea,Pelagic Stingray,Myliobatiformes,Dasyatidae,LC,1.4761642691799,1.45191027401799,36.2953509316129,25.3507602187933,0.0511465998229081,0.0282596234734241,25.4709658823437,0.0,0,1000,direct,Pteroplatytrygon_violacea,False,False,,,
587,583,Urotrygon_munda,Munda Round Ray,Myliobatiformes,Urotrygonidae,NT,1.46631822746394,1.8453650812515,11.6731166084987,14.426474683221,0.122454537160292,0.0422161843523096,11.813571712504,0.0,0,1000,direct,Urotrygon_munda,False,False,,,
588,931,Raja_rondeleti,,Rajiformes,Rajidae,NM,1.46138747432607,4.09338289126857,7.80844888343002,11.371118910944,0.165389535956814,0.552847058393466,10.0319663198127,0.0,0,1000,no_RedList_match,,False,False,,,
589,573,Potamotrygon_hystrix,,Myliobatiformes,Potamotrygonidae,NT,1.45612609150515,1.75627579511181,11.8427298682208,15.692760674777,0.122843277170181,0.0416027080299065,11.7179582984149,0.0,0,1000,GBIF_iucn_link,Potamotrygon_hystrix,False,False,,,
590,1172,Carcharhinus_obscurus,Dusky Shark,Carcharhiniformes,Carcharhinidae,EN,1.452405229367,1.03011067698655,3.07210820353921,1.42613626771576,0.49186204244088,0.290371118893068,1.71877755329453,0.0,0,1000,direct,Carcharhinus_obscurus,False,False,,,
591,919,Potamotrygon_schuemacheri,Rosette Freshwater Stingray,Myliobatiformes,Potamotrygonidae,DD,1.44150357581192,3.66017144522646,7.90055072891826,10.0704522552192,0.166762954451852,0.500294609037664,8.50383728889902,0.0,0,1000,direct,Potamotrygon_schuemacheri,False,False,,,
592,934,Dipturus_grahami,,Rajiformes,Rajidae,NM,1.43719705972514,3.5013066144038,7.77917897512502,10.9626611086372,0.165605638882113,0.525894294221661,9.20706088562503,0.0,0,1000,no_RedList_match,,False,False,,,
593,575,Urotrygon_aspidura,Spinytail Round Ray,Myliobatiformes,Urotrygonidae,NT,1.43690555054197,1.9691020390289,11.8231976962718,15.7722919086888,0.122512559123102,0.0424151519457587,12.2056562451645,0.0,0,1000,direct,Urotrygon_aspidura,False,False,,,
594,996,Dipturus_johannisdavesi,Travancore Skate,Rajiformes,Rajidae,DD,1.43491292722348,3.38777458158751,7.11205107813164,9.86491291637173,0.165605638882113,0.534878524865207,8.53767021368074,0.0,0,1000,GBIF_accepted,Dipturus_johannisdavisi,False,False,,,
595,892,Squalus_altipinnis,Western Highfin Spurdog,Squaliformes,Squalidae,DD,1.43249579936613,3.88529353084891,8.09946328802572,12.7459746647669,0.164276558945935,0.437115806646046,11.0670819483191,0.0,0,1000,direct,Squalus_altipinnis,False,False,,,
596,158,Discopyge_tschudii,Apron Numbfish,Torpediniformes,Narcinidae,LC,1.43067723377745,1.79288097267572,29.7145508115184,33.4805631565136,0.0508366704918535,0.0277072232719986,19.9076672883928,0.0,0,1000,direct,Discopyge_tschudii,False,False,,,
597,897,Dipturus_melanospilus,Blacktip Skate,Rajiformes,Rajidae,DD,1.42678274307443,3.76059773767854,8.02522429791834,10.8140623031066,0.165605638882113,0.536314408936688,9.14056434403522,0.0,0,1000,direct,Dipturus_melanospilus,False,False,,,
598,505,Cephaloscyllium_variegatum,Saddled Swellshark,Carcharhiniformes,Scyliorhinidae,NT,1.4191580594247,1.11969143138003,12.7920236858144,9.10455923325105,0.122985988529978,0.0436775460413217,9.12394810366366,0.0,0,1000,direct,Cephaloscyllium_variegatum,False,False,,,
599,1082,Carcharhinus_limbatus,Blacktip Shark,Carcharhiniformes,Carcharhinidae,VU,1.41704985052419,1.18117421533241,5.76427118601482,4.79724404400912,0.245480195981677,0.0785870314397196,4.93576005428286,0.0,0,1000,direct,Carcharhinus_limbatus,False,False,,,
600,1074,Dipturus_leptocaudus,Thintail Skate,Rajiformes,Rajidae,VU,1.41542785955378,1.72046397454232,5.90981396198291,7.08216621727621,0.240224519122209,0.0774534301293113,0.450779235974411,0.146,0,1000,direct,Dipturus_leptocaudus,False,False,,,
601,579,Urotrygon_cimar,Cimar Round Ray,Myliobatiformes,Urotrygonidae,NT,1.41348821186599,1.8789092309253,11.7123292599486,14.7687803117206,0.122512559123102,0.0422772227284457,11.2888106868767,0.0,0,1000,direct,Urotrygon_cimar,False,False,,,
602,1000,Dipturus_stenorhynchus,Prownose Skate,Rajiformes,Rajidae,DD,1.40629009858903,3.47590466898468,7.06963161793325,10.5643519889014,0.164564993611017,0.529452283707688,8.7951228356169,0.0,0,1000,direct,Dipturus_stenorhynchus,False,False,,,
603,953,Dipturus_queenslandicus,Queensland Deepwater Skate,Rajiformes,Rajidae,DD,1.40220155312127,3.84035210415111,7.62287395256454,10.1073990758895,0.165605638882113,0.525894294221661,8.92365684846875,0.0,0,1000,direct,Dipturus_queenslandicus,False,False,,,
604,170,Myliobatis_californicus,Bat Ray,Myliobatiformes,Myliobatidae,LC,1.40072165443373,1.36639192972701,28.0175009562185,24.9056569875691,0.0510557037820524,0.0277819197630097,24.968747509462,0.0,0,1000,direct,Myliobatis_californicus,False,False,,,
605,584,Urotrygon_chilensis,Chilean Round Ray,Myliobatiformes,Urotrygonidae,NT,1.40041359012497,1.95162211228554,11.6353361877425,14.8097403717589,0.122675428966252,0.0422161843523096,11.1727384895653,0.0,0,1000,direct,Urotrygon_chilensis,False,False,,,
606,989,Dipturus_flavirostris,,Rajiformes,Rajidae,NM,1.39908802338413,3.35149314387832,7.23048195240683,9.99455001948593,0.165605638882113,0.5346152535059,8.49359763321478,0.0,0,1000,no_RedList_match,,False,False,,,
607,932,Dipturus_lanceorostratus,Rattail Skate,Rajiformes,Rajidae,DD,1.39763884014884,3.55517971946933,7.80405118879068,10.4913547723219,0.165605638882113,0.525894294221661,8.93263508725307,0.0,0,1000,direct,Dipturus_lanceorostratus,False,False,,,
608,181,Pristiophorus_japonicus,Japanese Sawshark,Pristiophoriformes,Pristiophoridae,LC,1.39388280829695,2.21546465761925,26.9113495183699,51.6487122959315,0.0507375048973804,0.0268726700280514,32.8556538223935,0.0,0,1000,direct,Pristiophorus_japonicus,True,True,exact,Pristiophorus_japonicus,GCA_044704955.1
609,801,Atelomycterus_marnkalha,Eastern Banded Catshark,Carcharhiniformes,Scyliorhinidae,DD,1.39312433046021,3.84182719023525,8.74886041993913,2.37858034572615,0.172383613722401,0.52428712586673,6.66467013319242,0.0,0,1000,direct,Atelomycterus_marnkalha,False,False,,,
610,908,Squalus_bucephalus,Bighead Spurdog,Squaliformes,Squalidae,DD,1.3919190118764,3.87410451759931,7.97244227714877,12.8107426452146,0.159744284855819,0.428578090009251,10.8425348478926,0.0,0,1000,direct,Squalus_bucephalus,False,False,,,
611,164,Irolita_waitii,Southern Round Skate,Rajiformes,Arhynchobatidae,LC,1.37827609087087,1.59057160355497,28.8373631783301,33.4417946089756,0.0511783602976084,0.0281338421093218,17.998306481031,0.0,0,1000,direct,Irolita_waitii,False,False,,,
612,1089,Amblyraja_frerichsi,Thickbody Skate,Rajiformes,Rajidae,VU,1.37563857960614,2.21986159628698,5.70266501938222,9.13656663687439,0.242743966134542,0.0779488350688086,7.21815079977305,0.217,0,1000,direct,Amblyraja_frerichsi,False,False,,,
613,139,Carcharhinus_fitzroyensis,Creek Whaler,Carcharhiniformes,Carcharhinidae,LC,1.37544640306492,0.927676736788662,31.4346479620087,13.4920402894482,0.0504489775124502,0.0264479089232147,24.639741740692,0.0,0,1000,direct,Carcharhinus_fitzroyensis,False,False,,,
614,624,Raja_brachyura,Blonde Skate,Rajiformes,Rajidae,NT,1.36775258714921,1.13779556952603,10.8282947548291,9.24059279091742,0.119304235596058,0.0426927843499063,9.84121216937754,0.0,0,1000,direct,Raja_brachyura,True,True,exact,Raja_brachyura,GCA_963514005.1
615,615,Raja_microocellata,Smalleyed Skate,Rajiformes,Rajidae,NT,1.36705720288825,1.06411434782381,10.9680648016165,8.52474822226751,0.119265809155186,0.0426927843499063,10.1579653095371,0.0,0,1000,direct,Raja_microocellata,True,True,exact,Raja_microocellata,GCA_982319585.1
616,626,Cephaloscyllium_umbratile,Japanese Swellshark,Carcharhiniformes,Scyliorhinidae,NT,1.353983345338,1.9531027404203,10.8140633875277,16.9430540089519,0.12285752212227,0.0439132805106579,10.7268423047005,0.0,0,1000,direct,Cephaloscyllium_umbratile,False,False,,,
617,966,Potamotrygon_ocellata,Marajó Freshwater Stingray,Myliobatiformes,Potamotrygonidae,DD,1.35015077458553,3.5196844121743,7.52985129661572,9.60531572033143,0.166341651089203,0.500294609037664,8.46553190266482,0.0,0,1000,direct,Potamotrygon_ocellata,False,False,,,
618,160,Pristiophorus_nudipinnis,Southern Sawshark,Pristiophoriformes,Pristiophoridae,LC,1.349787655415,1.63781761458965,29.5590564724849,36.9286756380791,0.0507375048973804,0.0266964488427905,27.1720353135407,0.0,0,1000,direct,Pristiophorus_nudipinnis,False,False,,,
619,591,Urotrygon_rogersi,Rogers' Round Ray,Myliobatiformes,Urotrygonidae,NT,1.34882129313182,1.90620865997864,11.4526902636654,14.5032989223306,0.122512559123102,0.0422161843523096,11.6140506113225,0.0,0,1000,direct,Urotrygon_rogersi,False,False,,,
620,169,Neotrygon_ningalooensis,Ningaloo Maskray,Myliobatiformes,Dasyatidae,LC,1.34594360267822,1.72410441426679,28.1307597354908,35.5786368185403,0.0508312740562221,0.0277899191858517,26.6701748114443,0.0,0,1000,direct,Neotrygon_ningalooensis,False,False,,,
621,132,Chimaera_fulva,Southern Chimaera,Chimaeriformes,Chimaeridae,LC,1.33506493663905,1.45193292904979,32.124676611415,30.6010670884558,0.0503625636286613,0.0269330804031096,25.791236360787,0.0,0,1000,direct,Chimaera_fulva,False,False,,,
622,813,Torpedo_fuscomaculata,Blackspotted Torpedo,Torpediniformes,Torpedinidae,DD,1.32812679664117,3.02626197211306,8.67335873916702,4.85385666872999,0.166762954451852,0.474388334360178,6.47255384565194,0.0,0,1000,direct,Torpedo_fuscomaculata,False,False,,,
623,620,Halaelurus_maculosus,Indonesian Speckled Catshark,Carcharhiniformes,Pentanchidae,NT,1.32425046181517,1.596732138997,10.8788643147141,12.2283565780538,0.121789404472094,0.0411142614809532,11.385898137955,0.0,0,1000,direct,Halaelurus_maculosus,False,False,,,
624,147,Triakis_megalopterus,Spotted Gully Shark,Carcharhiniformes,Triakidae,LC,1.30770482250789,1.15001529108482,30.7754522847987,21.1066380925259,0.0503156391464588,0.0267747134809563,20.7786213885278,0.0,0,1000,direct,Triakis_megalopterus,False,False,,,
625,982,Squalus_melanurus,Blacktailed Spurdog,Squaliformes,Squalidae,DD,1.30540143344792,3.52040915323366,7.34146790373622,11.1757919354443,0.163530784100116,0.43765275155313,10.417760370007,0.0,0,1000,direct,Squalus_melanurus,False,False,,,
626,976,Dipturus_wuhanlingi,Wu's Skate,Rajiformes,Rajidae,DD,1.30341762272974,3.54237199744663,7.38708890349236,10.5866823243048,0.16521604822198,0.534878524865207,8.43307667587376,0.0,0,1000,direct,Dipturus_wuhanlingi,False,False,,,
627,675,Squalus_grahami,Eastern Longnose Spurdog,Squaliformes,Squalidae,NT,1.30190757311875,1.77268755359974,10.4456040530534,14.2921375380195,0.122884904636427,0.044419290697968,12.1440826662415,0.0,0,1000,direct,Squalus_grahami,False,False,,,
628,1096,Dasyatis_thetidis,,Myliobatiformes,Dasyatidae,VU,1.29903926069667,0.928310426286329,5.5966493125942,3.65816800317326,0.246291871791583,0.0778112410438959,2.68796483294432,0.0,0,1000,GBIF_iucn_link,Dasyatis_thetidis,False,False,,,
629,612,Okamejei_powelli,Indian Ring Skate,Rajiformes,Rajidae,NT,1.29885153767973,1.71258699364755,11.0279985997424,13.8527871566171,0.119304235596058,0.0422060834199534,11.5880885670838,0.0,0,1000,GBIF_accepted,Orbiraja_powelli,False,False,,,
630,1097,Dasyatis_centroura,Roughtail Stingray,Myliobatiformes,Dasyatidae,VU,1.29423855070349,0.898648694060959,5.59461534129592,3.52245638322093,0.246291871791583,0.0779242300032123,2.69253727871816,0.0,0,1000,GBIF_accepted,Bathytoshia_centroura,False,False,,,
631,1025,Pavoraja_arenaria,Sandy Skate,Rajiformes,Arhynchobatidae,DD,1.28011503605424,3.14509502973603,6.7664904106916,9.95634833012996,0.165757839263197,0.547797801691183,8.66577864285582,0.0,0,1000,direct,Pavoraja_arenaria,False,False,,,
632,197,Apristurus_exsanguis,New Zealand Catshark,Carcharhiniformes,Pentanchidae,LC,1.28000554362748,1.74021689634232,25.397463315495,38.1894847538459,0.0501807279185153,0.0271219740186597,26.5635452082392,0.0,0,1000,direct,Apristurus_exsanguis,False,False,,,
633,1020,Rajella_alia,,Rajiformes,Rajidae,NM,1.27900865287435,3.2359048356141,6.80400249482711,9.84815198516761,0.16799134920304,0.533371312254504,8.82052951248795,0.0,0,1000,no_RedList_match,,False,False,,,
634,204,Beringraja_binoculata,Big Skate,Rajiformes,Rajidae,LC,1.26963004750614,0.752436502402147,24.8128438537943,10.4758233911417,0.0507187279431227,0.02825111288004,16.91344477822,0.0,0,1000,direct,Beringraja_binoculata,False,False,,,
635,212,Chlamydoselachus_africana,Southern African Frilled Shark,Hexanchiformes,Chlamydoselachidae,LC,1.26661799309243,1.69942236235858,24.3363378677768,31.4529225181409,0.0506497469762209,0.0266656375712955,28.4261847993414,0.0,0,1000,direct,Chlamydoselachus_africana,False,False,,,
636,705,Hemiscyllium_freycineti,The Raja Ampat Epaulette Shark,Orectolobiformes,Hemiscylliidae,NT,1.26522766097575,1.7022909893035,10.0035076879226,13.8755014689138,0.123008232921815,0.0445313086146701,12.0244127991977,0.0,0,1000,direct,Hemiscyllium_freycineti,False,False,,,
637,913,Deania_hystricosa,,Squaliformes,Centrophoridae,NM,1.26414098552617,2.48330811596884,7.94254256557457,3.06845393410977,0.164473653464944,0.436011058775807,3.4528018608601,0.0,0,1000,no_RedList_match,,False,False,,,
638,973,Zearaja_argentinensis,Argentine Skate,Rajiformes,Rajidae,DD,1.25686162719177,3.24560832817846,7.41206834508522,8.15138297561773,0.164882393362033,0.52703191060291,6.53698156575637,0.0,0,1000,GBIF_accepted,Dipturus_argentinensis,False,False,,,
639,645,Torpedo_formosa,Taiwanese Pelagic Torpedo Ray,Torpediniformes,Torpedinidae,NT,1.25119849049755,1.85577326618643,10.6605146530568,14.9425780587167,0.121661316616097,0.0418418603470971,11.6258140444259,0.0,0,1000,GBIF_accepted,Tetronarce_formosa,False,False,,,
640,1035,Bathyraja_shuntovi,Longnose Deepsea Skate,Rajiformes,Arhynchobatidae,DD,1.24201094337174,3.24049517757354,6.62084473880659,9.11977579419313,0.167474492415617,0.552350333279159,8.24910300251796,0.0,0,1000,direct,Bathyraja_shuntovi,False,False,,,
641,202,Centrophorus_seychellorum,Seychelles Gulper Shark,Squaliformes,Centrophoridae,LC,1.23232153606571,1.43804133127425,24.9182766319103,26.2900358316959,0.0509031009500261,0.027167059421793,15.1108663439293,0.0,0,1000,direct,Centrophorus_seychellorum,False,False,,,
642,203,Chlamydoselachus_anguineus,Frilled Shark,Hexanchiformes,Chlamydoselachidae,LC,1.22775895825104,1.65130702840363,24.8409141227215,31.3942659320339,0.0506497469762209,0.0266926027500639,28.4261847993414,0.0,0,1000,direct,Chlamydoselachus_anguineus,False,False,,,
643,180,Pristiophorus_cirratus,Common Sawshark,Pristiophoriformes,Pristiophoridae,LC,1.227435080901,1.71607865386603,26.9832467031413,37.4945261907667,0.0508229062163712,0.0268726700280514,26.1959259798713,0.0,0,1000,direct,Pristiophorus_cirratus,False,False,,,
644,1105,Rhizoprionodon_porosus,Caribbean Sharpnose Shark,Carcharhiniformes,Carcharhinidae,VU,1.22580965674122,0.617516370681881,5.48362745948671,2.31988865683599,0.244268839219515,0.0786581819022419,4.52024079357501,0.0,0,1000,direct,Rhizoprionodon_porosus,False,False,,,
645,703,Hexanchus_nakamurai,Bigeyed Sixgill Shark,Hexanchiformes,Hexanchidae,NT,1.22027171132654,1.79987240139846,10.0267039880102,14.6589434545171,0.123299304586201,0.0427386724155328,12.6710488324325,0.0,0,1000,direct,Hexanchus_nakamurai,False,False,,,
646,712,Hexanchus_griseus,Bluntnose Sixgill Shark,Hexanchiformes,Hexanchidae,NT,1.21975981444187,1.82513914648081,9.89352707654901,14.4403960051892,0.123461821295099,0.0428167483621797,12.5234119285742,0.0,0,1000,direct,Hexanchus_griseus,False,False,,,
647,219,Cephalurus_cephalus,Lollipop Catshark,Carcharhiniformes,Pentanchidae,LC,1.21886367536225,1.96976913319929,24.041116852961,40.2142793098274,0.0505981459018927,0.0264241401086434,34.75736427687,0.0,0,1000,direct,Cephalurus_cephalus,False,False,,,
648,207,Raja_inornata,,Rajiformes,Rajidae,LC,1.21482125550036,1.10023816987903,24.6370345115061,22.0250454249973,0.0507338756989515,0.0280405994391129,26.489333565623,0.0,0,1000,GBIF_iucn_link,Raja_inornata,False,False,,,
649,1013,Asymbolus_funebris,Blotched Catshark,Carcharhiniformes,Pentanchidae,DD,1.20955097312243,3.31997577547225,6.94172477919845,10.5857496128784,0.168595465815175,0.588460462523588,9.6534888261477,0.0,0,1000,direct,Asymbolus_funebris,False,False,,,
650,1121,Squatina_albipunctata,Eastern Angel Shark,Squatiniformes,Squatinidae,VU,1.20549452598186,0.524766870453343,5.12849894696468,0.962610767241069,0.247147413620083,0.0777391585725321,4.79030193672515,0.0,0,1000,direct,Squatina_albipunctata,False,False,,,
651,243,Cirrhigaleus_barbifer,Mandarin Shark,Squaliformes,Squalidae,LC,1.20543428858714,1.1962455770638,22.8510450913062,17.0581096821746,0.0508229062163712,0.0275721648084929,14.067452883294,0.0,0,1000,direct,Cirrhigaleus_barbifer,False,False,,,
652,1006,Brochiraja_leviveneta,Blue Deepsea Skate,Rajiformes,Arhynchobatidae,DD,1.19962463856345,2.84856519253767,7.00335945269712,6.81135559503331,0.165605638882113,0.547909396757174,5.81865436696128,0.0,0,1000,direct,Brochiraja_leviveneta,False,False,,,
653,726,Dasyatis_akajei,Red Stingray,Myliobatiformes,Dasyatidae,NT,1.19931663432988,1.43416534742587,9.75091506575676,11.6958403589003,0.122884904636427,0.0427740891768943,9.40495418574873,0.0,0,1000,GBIF_accepted,Hemitrygon_akajei,False,False,,,
654,654,Mustelus_mosis,Arabian Smoothhound,Carcharhiniformes,Triakidae,NT,1.19368562917266,0.597664974428427,10.6221004659459,4.49233307525349,0.122735284959756,0.043009260074517,8.9560611420677,0.0,0,1000,direct,Mustelus_mosis,False,False,,,
655,191,Squatina_australis,Australian Angel Shark,Squatiniformes,Squatinidae,LC,1.1927174955708,0.760299808478832,26.2660072383744,7.09620017238052,0.0508229062163712,0.0271026857842399,22.1688348027138,0.0,0,1000,direct,Squatina_australis,False,False,,,
656,198,Pseudoraja_fischeri,Fanfin Skate,Rajiformes,Arhynchobatidae,LC,1.19097518444404,1.23095844142891,25.3927686786864,22.2698490362844,0.0510389553470882,0.0278303915469757,24.1222233044215,0.0,0,1000,direct,Pseudoraja_fischeri,False,False,,,
657,1117,Bathyraja_irrasa,Kerguelen Sandpaper Skate,Rajiformes,Arhynchobatidae,VU,1.18997617739742,0.571308208032374,5.21257844895412,1.73131687906169,0.236761557662488,0.0793535256884961,4.64427466740909,0.0,0,1000,direct,Bathyraja_irrasa,False,False,,,
658,733,Deania_calcea,,Squaliformes,Centrophoridae,NT,1.18572141722264,1.50011350843342,9.69780890540634,11.0617692117888,0.122758535762976,0.0432956612916239,3.4528018608601,0.0,0,1000,GBIF_iucn_link,Deania_calcea,False,False,,,
659,1063,Bathyraja_simoterus,,Rajiformes,Arhynchobatidae,NM,1.18358103637582,2.83060004890983,6.1375558114195,9.05902869518826,0.16799134920304,0.557624599455207,7.88339431772381,0.0,0,1000,no_RedList_match,,False,False,,,
660,732,Heteronarce_garmani,Natal Sleeper Ray,Torpediniformes,Narkidae,NT,1.18348531622702,1.49248869752811,9.71928752702776,12.0512465667845,0.121505127342048,0.0423031018056184,9.3418935890358,0.0,0,1000,direct,Heteronarce_garmani,False,False,,,
661,223,Hydrolagus_melanophasma,Eastern Pacific Ghostshark,Chimaeriformes,Chimaeridae,LC,1.17746597469061,1.69974763869702,23.941726784676,35.955692131302,0.0504093551245669,0.0269445882768836,25.7072088596986,0.0,0,1000,direct,Hydrolagus_melanophasma,False,False,,,
662,1122,Etmopterus_spinax,Velvet Belly Lanternshark,Squaliformes,Etmopteridae,VU,1.17121843821468,0.674454111962111,5.12662837004216,2.27269933305793,0.245814517063555,0.0797998566578501,4.39875170059855,0.001,0,1000,direct,Etmopterus_spinax,False,False,,,
663,689,Squalus_edmundsi,Edmunds’ Spurdog,Squaliformes,Squalidae,NT,1.17005586953806,1.01511937856755,10.1932980013903,8.09330014069273,0.122673834356043,0.0440437290229629,7.40593223460013,0.0,0,1000,direct,Squalus_edmundsi,False,False,,,
664,194,Apristurus_macrorhynchus,Flathead Catshark,Carcharhiniformes,Pentanchidae,LC,1.16556992315072,1.68738376787495,25.9127355466871,37.0696724807784,0.0501807279185153,0.0271219740186597,26.2994529923426,0.0,0,1000,direct,Apristurus_macrorhynchus,False,False,,,
665,1112,Carcharhinus_amblyrhynchoides,Graceful Shark,Carcharhiniformes,Carcharhinidae,VU,1.15935941607284,0.666114495252804,5.34312087924776,2.42169012128638,0.245394082208774,0.0783044742803569,4.16388105969698,0.0,0,1000,direct,Carcharhinus_amblyrhynchoides,False,False,,,
666,247,Acroteriobatus_blochii,Bluntnose Guitarfish,Rhinopristiformes,Rhinobatidae,LC,1.1484456033627,1.49879550055927,22.7322724780638,28.6175672659575,0.0510687174649361,0.0278267578300742,16.8629781619052,0.0,0,1000,direct,Acroteriobatus_blochii,False,False,,,
667,255,Narcine_tasmaniensis,,Torpediniformes,Narcinidae,LC,1.14076591058366,0.635690304064137,22.3708451101245,1.97197517631789,0.0506630216596022,0.0278268257230292,20.97770670138,0.0,0,1000,GBIF_iucn_link,Narcine_tasmaniensis,False,False,,,
668,254,Narcine_lasti,,Torpediniformes,Narcinidae,LC,1.13853086292238,0.650058274937939,22.3931428567575,1.91871178018605,0.0506054725318818,0.0278259149725753,20.97770670138,0.0,0,1000,GBIF_iucn_link,Narcine_lasti,False,False,,,
669,734,Leucoraja_leucosticta,Whitedapple Skate,Rajiformes,Rajidae,NT,1.13803629546826,1.60622682470728,9.69291797517275,13.139675844945,0.120753105486416,0.0422625364341923,11.9359968806474,0.0,0,1000,direct,Leucoraja_leucosticta,False,False,,,
670,236,Apristurus_australis,Pinocchio Catshark,Carcharhiniformes,Pentanchidae,LC,1.13641229964123,1.6376781626508,23.1278218016097,35.3525594227898,0.0503156391464588,0.0274713284375187,24.4293090129657,0.0,0,1000,direct,Apristurus_australis,False,False,,,
671,985,Brochiraja_albilabiata,Whitelip Skate,Rajiformes,Arhynchobatidae,DD,1.13530142747413,3.0052498630312,7.29315927358439,6.60610935885574,0.165605638882113,0.552735463327476,5.97920525369055,0.0,0,1000,direct,Brochiraja_albilabiata,False,False,,,
672,190,Etmopterus_pseudosqualiolus,False Pygmy Shark,Squaliformes,Etmopteridae,LC,1.1347795218631,1.51131181594927,26.3308190789515,31.1321657003366,0.0502670356059742,0.0265786632408796,23.5017184148406,0.0,0,1000,direct,Etmopterus_pseudosqualiolus,False,False,,,
673,179,Squaliolus_aliae,Smalleye Pygmy Shark,Squaliformes,Dalatiidae,LC,1.13371999472542,1.03339619268313,27.2850156340056,17.5308027347274,0.050764404208798,0.0275973770180951,21.6947783385429,0.0,0,1000,direct,Squaliolus_aliae,False,False,,,
674,240,Halaelurus_sellus,Rusty Catshark,Carcharhiniformes,Pentanchidae,LC,1.13356783154371,1.2449832880963,22.928414674051,25.6612605343492,0.0497687755075929,0.0279002448498207,19.8385228283132,0.0,0,1000,direct,Halaelurus_sellus,False,False,,,
675,234,Leucoraja_garmani,Rosette Skate,Rajiformes,Rajidae,LC,1.11995723884095,1.30364021995836,23.1658984542171,24.4135052734373,0.0504382764741819,0.0280217523004726,23.1426701141059,0.0,0,1000,direct,Leucoraja_garmani,False,False,,,
676,786,Squalus_nasutus,Western Longnose Spurdog,Squaliformes,Squalidae,NT,1.11355859416682,1.14243765129716,8.91214243571372,8.47516100862998,0.122731153248819,0.044150778747737,6.00798204264648,0.0,0,1000,direct,Squalus_nasutus,False,False,,,
677,748,Cephaloscyllium_sufflans,Balloon Shark,Carcharhiniformes,Scyliorhinidae,NT,1.11073615712764,1.6038914570679,9.48220535098229,13.3126024513502,0.122735284959756,0.0440310824360199,9.84353268894579,0.0,0,1000,direct,Cephaloscyllium_sufflans,False,False,,,
678,176,Etmopterus_gracilispinis,Broadbanded Lanternshark,Squaliformes,Etmopteridae,LC,1.10659407628011,1.32943902786325,27.6654643509656,25.9239530683301,0.0505981459018927,0.0265212270665472,22.0900909810413,0.0,0,1000,direct,Etmopterus_gracilispinis,False,False,,,
679,250,Myliobatis_australis,,Myliobatiformes,Myliobatidae,LC,1.10384234291986,1.31481364128201,22.6362661281264,25.9990323460528,0.0509031009500261,0.0276207192283545,21.6652921467121,0.0,0,1000,GBIF_iucn_link,Myliobatis_australis,False,False,,,
680,188,Euprotomicrus_bispinatus,Pygmy Shark,Squaliformes,Dalatiidae,LC,1.1024963737145,1.05801718355578,26.4011805017413,19.0618377562782,0.050764404208798,0.0276049703320023,21.2401201895477,0.0,0,1000,direct,Euprotomicrus_bispinatus,False,False,,,
681,189,Etmopterus_schultzi,Fringefin Lanternshark,Squaliformes,Etmopteridae,LC,1.09152683067805,1.19609146067844,26.3774627822237,23.1416159400541,0.0505506305021236,0.0264386716583265,21.1195738111301,0.0,0,1000,direct,Etmopterus_schultzi,False,False,,,
682,1124,Centroscyllium_granulatum,Granular Dogfish,Squaliformes,Etmopteridae,VU,1.09122440223545,0.655406418728257,5.08407461084399,2.28259813235633,0.245599666271901,0.079469225111276,4.16433331590856,0.0,0,1000,direct,Centroscyllium_granulatum,False,False,,,
683,232,Etmopterus_sentosus,Thorny Lanternshark,Squaliformes,Etmopteridae,LC,1.08762175046643,1.52324307885355,23.2327191667777,31.3422162176866,0.0504320519403237,0.0265786632408796,23.5840311118418,0.0,0,1000,direct,Etmopterus_sentosus,False,False,,,
684,1107,Amblyraja_reversa,Reverse Skate,Rajiformes,Rajidae,DD,1.08719571166141,2.77227195572293,5.47174899284774,8.69970815987639,0.166341651089203,0.527995315202436,7.32732847898316,0.0,0,1000,direct,Amblyraja_reversa,False,False,,,
685,711,Dipturus_gudgeri,Bight Skate,Rajiformes,Rajidae,NT,1.08302179052614,0.923423401334809,9.91929017114204,6.38379576289315,0.120305441189302,0.0425279346158388,8.10970832739814,0.0,0,1000,direct,Dipturus_gudgeri,False,False,,,
686,1072,Amblyraja_georgiana,Antarctic Starry Skate,Rajiformes,Rajidae,DD,1.07093612102057,2.88605180164285,5.95463445648221,10.1322426925222,0.167474492415617,0.534206263517724,7.89833717403995,0.0,0,1000,direct,Amblyraja_georgiana,False,False,,,
687,1132,Hemitriakis_complicofasciata,Ocellate Topeshark,Carcharhiniformes,Triakidae,VU,1.06973148711327,0.590982347480304,4.74334808746471,2.35151793610491,0.245394082208774,0.0785443930714144,3.63885496693192,0.0,0,1000,direct,Hemitriakis_complicofasciata,False,False,,,
688,206,Aptychotrema_rostrata,Eastern Shovelnose Ray,Rhinopristiformes,Trygonorrhinidae,LC,1.06460809933133,0.95595952539456,24.7017583501583,17.7814095645747,0.0508312740562221,0.0279152806320882,19.5766641816343,0.0,0,1000,direct,Aptychotrema_rostrata,False,False,,,
689,205,Aptychotrema_vincentiana,Western Shovelnose Ray,Rhinopristiformes,Trygonorrhinidae,LC,1.06309398510325,0.990762618405111,24.7062136469521,17.5166397116388,0.0508312740562221,0.0278922321805444,19.7902714019219,0.0,0,1000,direct,Aptychotrema_vincentiana,False,False,,,
690,1090,Amblyraja_taaf,Whiteleg Skate,Rajiformes,Rajidae,DD,1.05063685116754,2.75645228457567,5.6918228880594,8.27444830611066,0.166762954451852,0.534206263517724,7.0642381689285,0.0,0,1000,direct,Amblyraja_taaf,False,False,,,
691,1086,Bathyraja_panthera,Leopard Skate,Rajiformes,Arhynchobatidae,DD,1.04873354164088,2.91152922783276,5.73578409196787,8.51713186996695,0.166576368583006,0.5448941203309,7.52001761494957,0.0,0,1000,direct,Bathyraja_panthera,False,False,,,
692,1103,Insentiraja_laxipella,Eastern Looseskin Skate,Rajiformes,Arhynchobatidae,DD,1.04634680592942,2.40446237847936,5.49817082717827,5.9021002993877,0.16630085480796,0.547599327655144,5.73882027897768,0.0,0,1000,direct,Insentiraja_laxipella,False,False,,,
693,225,Mustelus_californicus,Gray Smoothhound,Carcharhiniformes,Triakidae,LC,1.03859222102696,0.756403990311689,23.8742998724122,13.7714518926975,0.0500318332372664,0.0272397155600986,18.6854184365626,0.0,0,1000,direct,Mustelus_californicus,False,False,,,
694,282,Zameus_squamulosus,Velvet Dogfish,Squaliformes,Somniosidae,LC,1.0359576591677,0.849059162628963,20.7077507953287,14.915300545454,0.0500380080539962,0.0267993909910065,15.5282037984348,0.0,0,1000,direct,Zameus_squamulosus,False,False,,,
695,285,Rhinobatos_sainsburyi,Goldeneye Shovelnose Ray,Rhinopristiformes,Rhinobatidae,LC,1.031446311955,1.3942964680857,20.4397212908626,26.1735476023951,0.0509499428207388,0.0278825305990071,15.3210221183791,0.0,0,1000,direct,Rhinobatos_sainsburyi,False,False,,,
696,839,Raja_cervigoni,,Rajiformes,Rajidae,NT,1.01823496295442,1.63974169033709,8.46716783991081,12.7430541969044,0.119304235596058,0.0433955949956412,10.5267934621305,0.0,0,1000,GBIF_iucn_link,Raja_cervigoni,False,False,,,
697,303,Apristurus_longicephalus,Longhead Catshark,Carcharhiniformes,Pentanchidae,LC,1.01663564304362,1.49556775710103,19.6272921774856,33.0045091977943,0.0499766052715172,0.0275283699025608,23.0610868173094,0.0,0,1000,direct,Apristurus_longicephalus,False,False,,,
698,307,Cirrhoscyllium_japonicum,Saddled Carpetshark,Orectolobiformes,Parascylliidae,LC,1.00627361488276,1.26000262343396,19.4866922446747,23.8378560518721,0.0506971118718109,0.0265868892501665,17.4646630110124,0.0,0,1000,direct,Cirrhoscyllium_japonicum,False,False,,,
699,895,Squalus_rancureli,Cyrano Spurdog,Squaliformes,Squalidae,NT,1.00436212944229,1.37931037095559,8.04483186339152,11.0866967841756,0.122508969520979,0.0440078773507961,10.7012636513582,0.0,0,1000,direct,Squalus_rancureli,False,False,,,
700,856,Urolophus_kapalensis,Kapala Stingaree,Myliobatiformes,Urolophidae,NT,1.0033571957121,1.53328792476248,8.37506222214645,12.7718588146557,0.121984163471494,0.042034145560148,9.94013480628257,0.0,0,1000,direct,Urolophus_kapalensis,False,False,,,
701,838,Leucoraja_naevus,Cuckoo Skate,Rajiformes,Rajidae,NT,0.99263571244373,0.790819398627121,8.48480494373209,6.32787639572816,0.121368078793823,0.0429996071664327,6.67406737500508,0.0,0,1000,direct,Leucoraja_naevus,True,True,exact,Leucoraja_naevus,GCA_965643135.1
702,885,Raja_rouxi,,Rajiformes,Rajidae,NT,0.989767175577879,1.30049023171968,8.1595241226134,10.9022825124726,0.119221862436748,0.0426927843499063,9.75604367885855,0.0,0,1000,GBIF_iucn_link,Raja_rouxi,False,False,,,
703,295,Gymnura_natalensis,Diamond Ray,Myliobatiformes,Gymnuridae,LC,0.978128154086222,1.38131819649059,20.0022146816205,24.0665161055565,0.0507375048973804,0.0270765678871863,18.2597364966499,0.0,0,1000,direct,Gymnura_natalensis,False,False,,,
704,881,Anacanthobatis_marmoratus,Spotted Legskate,Rajiformes,Anacanthobatidae,NT,0.977212128502845,1.64535442146819,8.18282782911926,13.4513097305481,0.118780527885985,0.0442442529972782,12.8036814054609,0.0,0,1000,GBIF_accepted,Anacanthobatis_marmorata,False,False,,,
705,305,Planonasus_parini,Dwarf False Catshark,Carcharhiniformes,Pseudotriakidae,LC,0.976129986245936,1.47892395923719,19.5432748799866,29.1031605704784,0.0505489461732372,0.0274785763216387,25.6097847906867,0.0,0,1000,direct,Planonasus_parini,False,False,,,
706,289,Figaro_boardmani,Australian Sawtail Shark,Carcharhiniformes,Pentanchidae,LC,0.974496694924037,1.24589179747152,20.3848570841724,25.1934149018318,0.0506724450325825,0.0272837425190125,13.8435005614864,0.0,0,1000,direct,Figaro_boardmani,False,False,,,
707,313,Torpedo_californica,Pacific Torpedo,Torpediniformes,Torpedinidae,LC,0.970617230341209,1.03395796526955,19.1367567172422,21.9446382006742,0.0507338756989515,0.0277675798391286,15.6090046990146,0.0,0,1000,GBIF_accepted,Tetronarce_californica,False,False,,,
708,237,Somniosus_rostratus,Little Sleeper Shark,Squaliformes,Somniosidae,LC,0.963443392724308,0.788638154602707,23.1168243057629,13.8289080217377,0.0501181450532894,0.0268451280694255,18.2012318445206,0.0,0,1000,direct,Somniosus_rostratus,False,False,,,
709,301,Raja_eglanteria,,Rajiformes,Rajidae,LC,0.962990415780479,0.732707670314511,19.7689359757173,11.8320150039396,0.0505138069818854,0.0281572093243357,12.759022765721,0.0,0,1000,GBIF_iucn_link,Raja_eglanteria,False,False,,,
710,284,Rhinochimaera_africana,Paddlenose Spookfish,Chimaeriformes,Rhinochimaeridae,LC,0.955980445489282,0.852239316394741,20.4592728301708,16.3878684656448,0.0502476683472198,0.0267078589621333,18.4163581386825,0.0,0,1000,direct,Rhinochimaera_africana,False,False,,,
711,1146,Urolophus_bucculentus,Sandyback Stingaree,Myliobatiformes,Urolophidae,VU,0.94940955142797,0.598050335431588,3.90200611121616,2.34296976829054,0.244605910376351,0.0767716049140286,2.7311901495056,0.004,0,1000,direct,Urolophus_bucculentus,False,False,,,
712,859,Hydrolagus_mitsukurii,Mitsukuri's Chimaera,Chimaeriformes,Chimaeridae,NT,0.945017160429568,0.533000677024499,8.34313342119628,3.36122343791644,0.118470056722891,0.0430668514497352,6.55356004894755,0.0,0,1000,direct,Hydrolagus_mitsukurii,False,False,,,
713,1118,Bathyraja_ishiharai,Abyssal Skate,Rajiformes,Arhynchobatidae,DD,0.94469130397384,2.89530817705661,5.19779264388345,8.96033637124348,0.166822827201569,0.553612690973234,7.42840255084413,0.0,0,1000,direct,Bathyraja_ishiharai,False,False,,,
714,319,Etmopterus_pusillus,Smooth Lanternshark,Squaliformes,Etmopteridae,LC,0.940217592862605,1.04771865945364,18.9796895284193,20.5704062019855,0.0505893809489346,0.026827440944145,18.0890731200857,0.0,0,1000,direct,Etmopterus_pusillus,False,False,,,
715,938,Potamotrygon_magdalenae,Magdalena Freshwater Stingray,Myliobatiformes,Potamotrygonidae,NT,0.940024430595096,1.22689600946447,7.76040844339212,9.46759262090487,0.122843277170181,0.0418849597694335,8.39445848447696,0.0,0,1000,direct,Potamotrygon_magdalenae,False,False,,,
716,927,Potamotrygon_scobina,Whitespotted Freshwater Stingray,Myliobatiformes,Potamotrygonidae,NT,0.939628980035786,1.15727004174709,7.82078899857401,9.13147282368515,0.122843277170181,0.0418415078715692,8.39931983719257,0.0,0,1000,direct,Potamotrygon_scobina,False,False,,,
717,1108,Etmopterus_unicolor,Brown Lanternshark,Squaliformes,Etmopteridae,DD,0.939171624343923,2.08484053645365,5.44076430493924,7.46621406610644,0.164515274651873,0.496708825191868,5.98544147108039,0.0,0,1000,direct,Etmopterus_unicolor,False,False,,,
718,926,Plesiotrygon_nana,Dwarf Antenna Ray,Myliobatiformes,Potamotrygonidae,NT,0.937366160876001,0.78412381377992,7.82691263335094,6.2459767911123,0.122843277170181,0.0416966917396377,6.07494269666603,0.0,0,1000,direct,Plesiotrygon_nana,False,False,,,
719,948,Dipturus_campbelli,Blackspot Skate,Rajiformes,Rajidae,NT,0.937163228885572,1.32116062319296,7.66271797940584,10.9335526771203,0.120206566384319,0.0424833690244951,8.72836935532493,0.0,0,1000,direct,Dipturus_campbelli,False,False,,,
720,287,Rhinochimaera_pacifica,Pacific Spookfish,Chimaeriformes,Rhinochimaeridae,LC,0.936999620179991,0.878090285344712,20.4073402412735,15.2743049144651,0.0502476683472198,0.0267758316447808,18.3121714103243,0.0,0,1000,direct,Rhinochimaera_pacifica,False,False,,,
721,281,Urolophus_westraliensis,Brown Stingaree,Myliobatiformes,Urolophidae,LC,0.930199237825732,0.96170392467689,20.721270189844,17.5750025714974,0.0516194957697265,0.0282248733349563,16.4199792712898,0.0,0,1000,direct,Urolophus_westraliensis,False,False,,,
722,916,Dipturus_gigas,Giant Skate,Rajiformes,Rajidae,NT,0.926392851727702,1.38649327211397,7.91251258164971,10.9188143417797,0.120265622873673,0.0424624313493103,9.17869159532466,0.0,0,1000,direct,Dipturus_gigas,False,False,,,
723,962,Potamotrygon_marinae,French Guiana Freshwater Stingray,Myliobatiformes,Potamotrygonidae,NT,0.925606764695155,1.25042287913032,7.5883639444389,9.9728028407857,0.122923927486015,0.0419650403983228,8.39581795703857,0.0,0,1000,direct,Potamotrygon_marinae,True,True,exact,Potamotrygon_marinae,GCA_055471165.1
724,957,Potamotrygon_humerosa,False Reticulate Freshwater Stingray,Myliobatiformes,Potamotrygonidae,NT,0.923937867757216,1.28804718884341,7.61392740395639,10.1190466788266,0.122923927486015,0.0419650403983228,8.59958849039133,0.0,0,1000,direct,Potamotrygon_humerosa,False,False,,,
725,333,Cruriraja_parcomaculata,Triangular Legskate,Rajiformes,Gurgesiellidae,LC,0.922177420632368,1.89857551955616,18.5174940434223,36.4308755984577,0.0508778498311155,0.0274312023742445,28.2549124023045,0.0,0,1000,direct,Cruriraja_parcomaculata,False,False,,,
726,327,Himantura_dalyensis,Freshwater Whipray,Myliobatiformes,Dasyatidae,LC,0.921628944125342,0.864460756126182,18.6484597029305,15.6244877309831,0.0509031009500261,0.0280816216004874,12.2008842791058,0.0,0,1000,GBIF_accepted,Urogymnus_dalyensis,False,False,,,
727,239,Hydrolagus_novaezealandiae,Dark Ghostshark,Chimaeriformes,Chimaeridae,LC,0.918328386681347,0.987361700366691,23.0142017299899,19.8924931986799,0.0502476683472198,0.0269450934418225,18.0959279833369,0.0,0,1000,direct,Hydrolagus_novaezealandiae,False,False,,,
728,340,Himantura_randalli,,Myliobatiformes,Dasyatidae,LC,0.914828445293637,0.912509686125122,18.2498300455482,15.2360167086143,0.0507338756989515,0.0277878771933255,12.8250015367968,0.0,0,1000,GBIF_iucn_link,Himantura_randalli,False,False,,,
729,888,Raja_straeleni,Biscuit Skate,Rajiformes,Rajidae,NT,0.914237225683919,0.843537198838142,8.12867707152209,6.5953352229671,0.119265809155186,0.0433218201372938,7.25910220258559,0.0,0,1000,direct,Raja_straeleni,False,False,,,
730,272,Chimaera_panthera,Leopard Chimaera,Chimaeriformes,Chimaeridae,LC,0.90999749163977,0.805583440065344,21.1101342864342,13.6913533838846,0.0501753884344126,0.0269450934418225,17.4405305001663,0.0,0,1000,direct,Chimaera_panthera,False,False,,,
731,1149,Himantura_imbricata,Bengal Whipray,Myliobatiformes,Dasyatidae,VU,0.908721323737494,0.387481543202245,3.84450078844553,1.23120609976941,0.245396906232817,0.0765938297009111,0.203635651940311,0.0,0,1000,GBIF_accepted,Brevitrygon_imbricata,False,False,,,
732,335,Electrolux_addisoni,Ornate Sleeper Ray,Torpediniformes,Narkidae,LC,0.907191066711272,1.16498177914652,18.4328116021874,21.6839702162675,0.0507524336224387,0.0276944698543212,20.5942970846576,0.0,0,1000,direct,Electrolux_addisoni,False,False,,,
733,1148,Dasyatis_lata,Brown Stingray,Myliobatiformes,Dasyatidae,VU,0.905342758746244,0.386481941686582,3.85087888458101,1.30910640701264,0.244840313710793,0.0763060443982973,0.203163553255071,0.0,0,1000,GBIF_accepted,Bathytoshia_lata,False,False,,,
734,306,Urobatis_halleri,Round Stingray,Myliobatiformes,Urotrygonidae,LC,0.904633151732012,0.640435827122041,19.5003676658076,6.62108668947378,0.0515445641137359,0.0281421040091028,16.2908749320456,0.0,0,1000,direct,Urobatis_halleri,False,False,,,
735,315,Squalus_megalops,Shortnose Spurdog,Squaliformes,Squalidae,LC,0.90442615205715,1.26366434509583,19.1148920797007,24.4655334268121,0.0503605325316037,0.0272223121369056,17.4871852772282,0.0,0,1000,direct,Squalus_megalops,False,False,,,
736,332,Etmopterus_bigelowi,Blurred Lanternshark,Squaliformes,Etmopteridae,LC,0.902812244754909,1.00420452053021,18.6149912855625,21.183964981119,0.0506585119291791,0.0265896946640149,17.5536041471092,0.0,0,1000,direct,Etmopterus_bigelowi,False,False,,,
737,273,Hydrolagus_bemisi,Pale Ghostshark,Chimaeriformes,Chimaeridae,LC,0.9006980575619,0.785606296045327,21.0913187755564,13.083907570418,0.0502983881555144,0.0269450934418225,17.5498273320118,0.0,0,1000,direct,Hydrolagus_bemisi,False,False,,,
738,323,Cruriraja_hulleyi,Roughnose Legskate,Rajiformes,Gurgesiellidae,LC,0.899821515354746,1.78494119002345,18.7891575797819,33.2098963636249,0.0507493718926949,0.0273020833322271,26.0026665009902,0.0,0,1000,direct,Cruriraja_hulleyi,False,False,,,
739,947,Dipturus_endeavouri,Endeavour Skate,Rajiformes,Rajidae,NT,0.896874767631868,1.34456632024871,7.66555157373,10.9308521231335,0.120996144343758,0.0420630662146762,8.82788727340993,0.0,0,1000,GBIF_accepted,Dentiraja_endeavouri,False,False,,,
740,314,Atelomycterus_baliensis,Bali Catshark,Carcharhiniformes,Scyliorhinidae,LC,0.891539330700387,0.595818084560539,19.1252557839152,6.74282263406422,0.0502318916367197,0.0263118345994067,15.1858041936565,0.0,0,1000,direct,Atelomycterus_baliensis,False,False,,,
741,382,Hydrolagus_colliei,White-spotted Ratfish,Chimaeriformes,Chimaeridae,LC,0.887315950132184,1.55385793978135,16.7060734367853,32.1505853026185,0.0504703966425483,0.026985952216776,21.0047692639275,0.0,0,1000,direct,Hydrolagus_colliei,True,True,exact,Hydrolagus_colliei,GCA_035084275.1
742,1125,Brochiraja_spinifera,Prickly Deepsea Skate,Rajiformes,Arhynchobatidae,DD,0.88416460780225,2.21095486943375,5.05376424404402,1.81699789095863,0.165389535956814,0.552847058393466,3.8764472911484,0.0,0,1000,direct,Brochiraja_spinifera,False,False,,,
743,991,Galeus_atlanticus,Atlantic Sawtail Catshark,Carcharhiniformes,Pentanchidae,NT,0.872534931224458,1.14319780557972,7.21502273661536,9.52277118332127,0.122673834356043,0.0427179034175691,7.92097409447695,0.0,0,1000,direct,Galeus_atlanticus,False,False,,,
744,377,Scyliorhinus_torazame,Torazame Catshark,Carcharhiniformes,Scyliorhinidae,LC,0.871776218601379,1.42479566610932,16.8456836138446,31.8980991720541,0.0505981459018927,0.0263470235092789,20.6172629502754,0.0,0,1000,direct,Scyliorhinus_torazame,False,False,,,
745,357,Orectolobus_ornatus,Ornate Wobbegong,Orectolobiformes,Orectolobidae,LC,0.871326812925775,1.12644217649723,17.7918943230704,22.7666536937249,0.0505981459018927,0.0266865430689353,20.3490875311579,0.0,0,1000,direct,Orectolobus_ornatus,False,False,,,
746,366,Neoharriotta_pumila,Arabian Sicklefin Spookfish,Chimaeriformes,Rhinochimaeridae,LC,0.856412970619927,1.30902872695666,17.4995183867628,23.9113674731634,0.0500918899115541,0.0267312195967746,21.5355125256261,0.0,0,1000,direct,Neoharriotta_pumila,False,False,,,
747,360,Euprotomicroides_zantedeschia,Taillight Shark,Squaliformes,Dalatiidae,LC,0.852805694274211,1.2952314559315,17.7372870252141,26.1193310621956,0.0508229062163712,0.0275526382062016,21.6557042974973,0.0,0,1000,direct,Euprotomicroides_zantedeschia,False,False,,,
748,375,Cephaloscyllium_ventriosum,Swell Shark,Carcharhiniformes,Scyliorhinidae,LC,0.85145946804809,1.26608205799066,17.0333979320305,26.3923305667389,0.0505981459018927,0.0261648419452961,15.4545443872228,0.0,0,1000,direct,Cephaloscyllium_ventriosum,False,False,,,
749,1022,Orectolobus_leptolineatus,Indonesian Wobbegong,Orectolobiformes,Orectolobidae,NT,0.844164278190035,1.32596607879529,6.78065936331062,10.6701458025576,0.122617044271754,0.0444964156829008,10.0971366696257,0.0,0,1000,direct,Orectolobus_leptolineatus,False,False,,,
750,1123,Brochiraja_asperula,Smooth Deepsea Skate,Rajiformes,Arhynchobatidae,DD,0.837184894428354,2.21065628252439,5.09077246201966,2.16002015082522,0.165757839263197,0.552735463327476,3.83816855828777,0.0,0,1000,direct,Brochiraja_asperula,False,False,,,
751,352,Squatina_dumeril,Atlantic Angelshark,Squatiniformes,Squatinidae,LC,0.83615053597625,0.68696318260607,17.9895712669533,12.2666251204091,0.0509031009500261,0.0273031794328923,10.7773655238422,0.0,0,1000,direct,Squatina_dumeril,True,False,,,
752,1004,Rhinoraja_multispinis,Multispine Skate,Rajiformes,Arhynchobatidae,NT,0.825472832446855,1.01635119534532,7.01746287801831,8.44642033332954,0.118969653261087,0.0426605528948057,8.07356239165787,0.0,0,1000,GBIF_accepted,Bathyraja_multispinis,False,False,,,
753,383,Mollisquama_parini,Pocket Shark,Squaliformes,Dalatiidae,LC,0.807791329982355,1.29409208971931,16.5613923121902,23.2959633001428,0.050764404208798,0.0275973770180951,20.8453468091095,0.0,0,1000,direct,Mollisquama_parini,False,False,,,
754,406,Trygonorrhina_fasciata,Eastern Fiddler Ray,Rhinopristiformes,Trygonorrhinidae,LC,0.806040219338871,1.3536186661282,15.152982790652,24.7528787587309,0.0506054725318818,0.0279323250927987,23.470950514197,0.0,0,1000,direct,Trygonorrhina_fasciata,False,False,,,
755,384,Holohalaelurus_melanostigma,Crying Izak Catshark,Carcharhiniformes,Pentanchidae,LC,0.801071593472034,1.17578806760369,16.4846733677489,21.9321866344107,0.0497887269629055,0.0277954186921672,15.5289258211127,0.0,0,1000,direct,Holohalaelurus_melanostigma,False,False,,,
756,341,Etmopterus_virens,Green Lanternshark,Squaliformes,Etmopteridae,LC,0.798998855072668,0.676969230190192,18.2475367319303,10.5057515192164,0.0505506305021236,0.0264175472144099,15.0155003293992,0.0,0,1000,direct,Etmopterus_virens,False,False,,,
757,373,Scyliorhinus_retifer,Chain Catshark,Carcharhiniformes,Scyliorhinidae,LC,0.797453121536372,0.913595041485241,17.1980481569048,19.4276911888722,0.0506585119291791,0.0263431397143634,15.2668599491437,0.0,0,1000,direct,Scyliorhinus_retifer,False,False,,,
758,355,Halaelurus_lineatus,Lined Catshark,Carcharhiniformes,Pentanchidae,LC,0.796160181995318,0.751216639406257,17.8652978873507,12.5078790951023,0.0497887269629055,0.027928442261646,13.2461915725167,0.0,0,1000,direct,Halaelurus_lineatus,False,False,,,
759,368,Leucoraja_erinacea,Little Skate,Rajiformes,Rajidae,LC,0.795080530914918,0.779523598675981,17.3946056831111,12.2070828700214,0.0504420970460494,0.0281674005590484,13.036555406668,0.0,0,1000,direct,Leucoraja_erinacea,False,False,,,
760,385,Holohalaelurus_regani,Izak Catshark,Carcharhiniformes,Pentanchidae,LC,0.792185305414037,1.24767880800843,16.4649008135977,22.7384149658553,0.0497687755075929,0.0277786455026595,15.978624550972,0.0,0,1000,direct,Holohalaelurus_regani,False,False,,,
761,312,Chimaera_opalescens,Opal Chimaera,Chimaeriformes,Chimaeridae,LC,0.789083079638413,0.692497293566065,19.1380996274335,11.1247503571182,0.0502476683472198,0.0270083319874435,15.1379951702072,0.0,0,1000,direct,Chimaera_opalescens,False,False,,,
762,326,Chimaera_lignaria,Giant Chimaera,Chimaeriformes,Chimaeridae,LC,0.779294293341586,0.617055916211991,18.6757577888264,10.8318001126956,0.0501753884344126,0.0269450934418225,15.1714693411813,0.0,0,1000,direct,Chimaera_lignaria,False,False,,,
763,342,Etmopterus_polli,African Lanternshark,Squaliformes,Etmopteridae,LC,0.775397319695689,0.690472482714529,18.2123820998892,10.9646835894848,0.0505893809489346,0.0263901136790546,14.861663867467,0.0,0,1000,direct,Etmopterus_polli,False,False,,,
764,1003,Raja_clavata,Thornback Skate,Rajiformes,Rajidae,NT,0.772402854849139,0.672184910694101,7.02269790175407,4.97547089648842,0.119304235596058,0.0434957341689031,5.76940447935396,0.0,0,1000,direct,Raja_clavata,True,True,exact,Raja_clavata,GCA_980434695.1
765,1126,Potamotrygon_castexi,Vermiculate River Stingray,Myliobatiformes,Potamotrygonidae,DD,0.769281585871474,1.91134422603718,5.05127656870257,1.18648157425918,0.167096574834081,0.501715865198682,4.39207038748999,0.0,0,1000,direct,Potamotrygon_castexi,False,False,,,
766,402,Trygonorrhina_dumerilii,Southern Fiddler Ray,Rhinopristiformes,Trygonorrhinidae,LC,0.756784254008757,1.28309624246183,15.3338131597084,25.5536918869097,0.0505922209987628,0.0278791600661688,23.8907760373665,0.0,0,1000,direct,Trygonorrhina_dumerilii,False,False,,,
767,1058,Bathyraja_spinicauda,Spinytail Skate,Rajiformes,Arhynchobatidae,NT,0.755729535244219,1.09243193938923,6.31470992185844,9.30264356057269,0.118969653261087,0.0437202667930494,7.86065953683428,0.0,0,1000,direct,Bathyraja_spinicauda,False,False,,,
768,348,Mustelus_henlei,Brown Smoothhound,Carcharhiniformes,Triakidae,LC,0.754115964721369,0.553455163144492,18.054402090512,9.83913289201774,0.0500318332372664,0.0272397155600986,13.8610279082523,0.0,0,1000,direct,Mustelus_henlei,False,False,,,
769,401,Sympterygia_lima,Filetail Fanskate,Rajiformes,Arhynchobatidae,LC,0.751991655679406,0.817440177086763,15.4299035307251,16.4564021603085,0.0510389553470882,0.0281218078891268,11.324783824376,0.0,0,1000,direct,Sympterygia_lima,False,False,,,
770,419,Bythaelurus_dawsoni,Dawson's Catshark,Carcharhiniformes,Pentanchidae,LC,0.74580460731519,1.12788433364138,14.5385186165863,23.1382086482945,0.0505489461732372,0.0273751881973267,17.1904522837992,0.0,0,1000,direct,Bythaelurus_dawsoni,False,False,,,
771,399,Trygonorrhina_melaleuca,,Rhinopristiformes,Trygonorrhinidae,LC,0.741502458742333,1.43051972888961,15.4777005279751,25.3954781082825,0.0506630216596022,0.0278791600661688,23.4484322168027,0.0,0,1000,GBIF_iucn_link,Trygonorrhina_melaleuca,False,False,,,
772,1168,Mustelus_widodoi,Whitefin Smoothhound,Carcharhiniformes,Triakidae,VU,0.737853479436406,0.344101912669391,3.25203694945425,0.826288887696186,0.245394082208774,0.0783324694329994,2.60213648546926,0.0,0,1000,direct,Mustelus_widodoi,False,False,,,
773,425,Heteroscymnoides_marleyi,Longnose Pygmy Shark,Squaliformes,Dalatiidae,LC,0.736112245856384,1.15993506041513,14.4520122868439,20.754742890286,0.050764404208798,0.0275973770180951,18.6336232562963,0.0,0,1000,direct,Heteroscymnoides_marleyi,False,False,,,
774,405,Etmopterus_lucifer,Blackbelly Lanternshark,Squaliformes,Etmopteridae,LC,0.73447309446091,0.939841633889032,15.2499222628647,20.6185639772509,0.0506585119291791,0.0267225950536581,15.5940614806266,0.0,0,1000,direct,Etmopterus_lucifer,False,False,,,
775,431,Cruriraja_poeyi,Poey's Pygmy Skate,Rajiformes,Gurgesiellidae,LC,0.725329416265681,1.20779997304539,14.3338232475731,24.4223808642893,0.0506243207332888,0.0272532259401375,20.5191488036216,0.0,0,1000,direct,Cruriraja_poeyi,False,False,,,
776,442,Diplobatis_ommata,Pacific Dwarf Numbfish,Torpediniformes,Narcinidae,LC,0.724845633530643,0.912873428746148,14.0026331583801,16.3985840336947,0.0507524336224387,0.0276534989797908,14.9697187990739,0.0,0,1000,direct,Diplobatis_ommata,False,False,,,
777,407,Cruriraja_cadenati,Broadfoot Pygmy Skate,Rajiformes,Gurgesiellidae,LC,0.718159709577356,1.36688573048903,15.1314619770944,24.6896532653043,0.0505922209987628,0.0272532259401375,20.478601068782,0.0,0,1000,direct,Cruriraja_cadenati,False,False,,,
778,428,Myliobatis_tenuicaudatus,Southern Eagle Ray,Myliobatiformes,Myliobatidae,LC,0.717197422921539,0.974207484777887,14.3864903416944,17.3825954232791,0.0509031009500261,0.0273364199452827,13.7613984121727,0.0,0,1000,direct,Myliobatis_tenuicaudatus,False,False,,,
779,379,Etmopterus_splendidus,Splendid Lanternshark,Squaliformes,Etmopteridae,LC,0.715352228810692,0.600423773010545,16.8310571134595,9.35073052517793,0.0502670356059742,0.026630026634,13.446792747836,0.0,0,1000,direct,Etmopterus_splendidus,False,False,,,
780,422,Cruriraja_rugosa,Rough Pygmy Skate,Rajiformes,Gurgesiellidae,LC,0.713672846734174,1.28577949344459,14.4793517644565,24.1410234014098,0.0506243207332888,0.0272532259401375,20.041998291536,0.0,0,1000,direct,Cruriraja_rugosa,False,False,,,
781,433,Cruriraja_atlantis,Atlantic Pygmy Skate,Rajiformes,Gurgesiellidae,LC,0.712169800933817,1.24511597199049,14.3089648784277,24.9279144312697,0.0506243207332888,0.0272532259401375,19.9525637076626,0.0,0,1000,direct,Cruriraja_atlantis,False,False,,,
782,420,Narcine_ornata,,Torpediniformes,Narcinidae,LC,0.71126586779795,0.914619645335806,14.4979296062235,17.9626604505635,0.0505922209987628,0.0278897827751225,14.7955203419846,0.0,0,1000,GBIF_iucn_link,Narcine_ornata,False,False,,,
783,465,Galeus_arae,Roughtail Catshark,Carcharhiniformes,Pentanchidae,LC,0.702201838493725,0.882435837917967,13.5355335423281,20.6102510969323,0.0504484313583807,0.0274390481593867,15.1545797749786,0.0,0,1000,direct,Galeus_arae,False,False,,,
784,436,Rhizoprionodon_taylori,Australian Sharpnose Shark,Carcharhiniformes,Carcharhinidae,LC,0.696444614014916,1.30575467847813,14.1978615259073,27.1016345258967,0.0500030215034156,0.0274488271816262,18.8794053431673,0.0,0,1000,direct,Rhizoprionodon_taylori,False,False,,,
785,429,Sinobatis_borneensis,Borneo Legskate,Rajiformes,Anacanthobatidae,LC,0.695390938344582,1.14017665833252,14.3707460315698,23.2920656006148,0.0505514006402022,0.0272791467433779,19.216889395446,0.0,0,1000,direct,Sinobatis_borneensis,False,False,,,
786,457,Dasyatis_multispinosa,,Myliobatiformes,Dasyatidae,LC,0.687314715483672,1.01972058433134,13.6610030178688,18.6238954820349,0.051299151943606,0.0282596234734241,14.6360028312792,0.0,0,1000,GBIF_iucn_link,Dasyatis_multispinosa,False,False,,,
787,454,Raja_montagui,Spotted Skate,Rajiformes,Rajidae,LC,0.684282724358308,0.738538932063042,13.7779899695866,14.9118281293578,0.0510086024386584,0.0284873188634177,13.0516798193245,0.0,0,1000,direct,Raja_montagui,True,True,exact,Raja_montagui,GCA_980250545.1
788,432,Harriotta_raleighana,Atlantic Narrow-nosed Spookfish,Chimaeriformes,Rhinochimaeridae,LC,0.68289268510151,0.914384648381339,14.3244550948472,18.3938573007543,0.0502476683472198,0.0266948217567143,15.5549044119853,0.0,0,1000,direct,Harriotta_raleighana,False,False,,,
789,448,Sinobatis_melanosoma,Blackbodied Legskate,Rajiformes,Anacanthobatidae,LC,0.682334240746188,1.21249228347504,13.8723409335499,24.0452077635141,0.0505514006402022,0.02725981984203,18.2451524281216,0.0,0,1000,direct,Sinobatis_melanosoma,False,False,,,
790,453,Sinobatis_bulbicauda,West Australian Legskate,Rajiformes,Anacanthobatidae,LC,0.680867831800309,1.21690326498068,13.7841463795585,23.0488861806484,0.0505828056987672,0.0273558662429815,18.9066355028505,0.0,0,1000,direct,Sinobatis_bulbicauda,False,False,,,
791,490,Pristiophorus_nancyae,African Dwarf Sawshark,Pristiophoriformes,Pristiophoridae,LC,0.680377813955704,0.932999682408284,13.047221467215,17.2530952209358,0.0508229062163712,0.0270496027084179,16.9034407741937,0.0,0,1000,direct,Pristiophorus_nancyae,False,False,,,
792,1173,Rhinoraja_albomaculata,Whitedotted Skate,Rajiformes,Arhynchobatidae,VU,0.680148459157719,0.355384459268404,2.88941072803431,1.18719479266489,0.236761557662488,0.0789883370823031,2.26806118554687,0.0,0,1000,GBIF_accepted,Bathyraja_albomaculata,False,False,,,
793,1092,Bathyraja_trachouros,Eremo Skate,Rajiformes,Arhynchobatidae,NT,0.677520419602488,1.06276675225356,5.63048375500506,8.62303373846456,0.118470056722891,0.0431480003163215,7.69152730784147,0.0,0,1000,direct,Bathyraja_trachouros,False,False,,,
794,451,Carcharhinus_galapagensis,Galapagos Shark,Carcharhiniformes,Carcharhinidae,LC,0.676315258700163,0.552047562051647,13.8086969478912,8.21982597510187,0.0501807279185153,0.0268976909511956,1.72671451931158,0.0,0,1000,direct,Carcharhinus_galapagensis,False,False,,,
795,459,Raja_miraletus,Brown Skate,Rajiformes,Rajidae,LC,0.67466146502174,1.01566621022856,13.6304059207513,18.8535047238276,0.0511783602976084,0.028224590357312,14.7963064172082,0.0,0,1000,direct,Raja_miraletus,False,False,,,
796,434,Harriotta_haeckeli,Smallspine Spookfish,Chimaeriformes,Rhinochimaeridae,LC,0.673454486272382,0.900906604457393,14.2785429412489,18.0076214686097,0.0503313871359961,0.0267097322380094,15.5549044119853,0.0,0,1000,direct,Harriotta_haeckeli,False,False,,,
797,471,Schroederichthys_chilensis,Chilean Catshark,Carcharhiniformes,Scyliorhinidae,LC,0.672016139838341,1.14969913157368,13.3663749644512,21.9166862280404,0.0500818148343897,0.0260893311382729,19.9229679381577,0.0,0,1000,direct,Schroederichthys_chilensis,False,False,,,
798,1178,Dasyatis_bennetti,,Myliobatiformes,Dasyatidae,VU,0.669804844831424,0.689521064001903,2.7047787000145,2.72903671556317,0.246291871791583,0.0775506673191208,0.57429547132517,0.0,0,1000,GBIF_iucn_link,Hemitrygon_bennettii,False,False,,,
799,1087,Bathyraja_brachyurops,Broadnose Skate,Rajiformes,Arhynchobatidae,NT,0.66563404459506,0.344879331124416,5.71473893875317,1.53737245587552,0.118857995926218,0.042698506090633,5.11714547580771,0.0,0,1000,direct,Bathyraja_brachyurops,False,False,,,
800,495,Heterodontus_japonicus,Japanese Bullhead Shark,Heterodontiformes,Heterodontidae,LC,0.661928129990096,1.10114469897547,12.9741958563418,21.2186148838679,0.0505506305021236,0.0267269583709699,18.8551088031744,0.0,0,1000,direct,Heterodontus_japonicus,False,False,,,
801,461,Haploblepharus_pictus,Dark Shyshark,Carcharhiniformes,Pentanchidae,LC,0.657542689592243,0.758000834150436,13.5847394244761,13.8295767879708,0.0497132046553834,0.0277954186921672,12.0039207368302,0.0,0,1000,direct,Haploblepharus_pictus,False,False,,,
802,1175,Dasyatis_navarrae,Blackfish Stingray,Myliobatiformes,Dasyatidae,VU,0.656431975263253,0.694397902836125,2.75420031723259,2.80441564451271,0.246378321381226,0.0773482693483978,0.573087790692666,0.0,0,1000,GBIF_accepted,Hemitrygon_navarrae,False,False,,,
803,485,Dactylobatus_clarkii,Hook Skate,Rajiformes,Rajidae,LC,0.655505899566019,0.925226291358978,13.100732499673,17.855722056852,0.0504031333309404,0.0278730684094622,15.4128013458993,0.0,0,1000,direct,Dactylobatus_clarkii,False,False,,,
804,480,Narcine_vermiculatus,,Torpediniformes,Narcinidae,LC,0.654317977172127,0.989806069625307,13.160437345971,17.1919206324961,0.0505828056987672,0.0278897827751225,14.8252499822501,0.0,0,1000,GBIF_iucn_link,Narcine_vermiculatus,False,False,,,
805,443,Schroederichthys_tenuis,Slender Catshark,Carcharhiniformes,Scyliorhinidae,LC,0.654181486958956,1.0933627799455,13.9882192352733,21.9003486187637,0.0500818148343897,0.0261446595539621,20.576193189253,0.0,0,1000,direct,Schroederichthys_tenuis,False,False,,,
806,414,Etmopterus_fusus,Pygmy Lanternshark,Squaliformes,Etmopteridae,LC,0.653881916590587,0.626534476917189,14.6996413769045,11.4871350821867,0.0502670356059742,0.0265786632408796,12.7378251065902,0.0,0,1000,direct,Etmopterus_fusus,False,False,,,
807,518,Potamotrygon_falkneri,Paraná Freshwater Stingray,Myliobatiformes,Potamotrygonidae,LC,0.65274922338626,0.777070829274761,12.5780640749889,16.4587405458857,0.0509031009500261,0.0277991430994477,12.7064942530511,0.0,0,1000,direct,Potamotrygon_falkneri,False,False,,,
808,458,Narcine_nelsoni,,Torpediniformes,Narcinidae,LC,0.652291590568097,0.959972733688227,13.652484594309,18.2531103551909,0.0504223370425723,0.0280911120160643,15.2040174384082,0.0,0,1000,GBIF_iucn_link,Narcine_nelsoni,False,False,,,
809,1110,Rhinoraja_longicauda,Whitebelly Skate,Rajiformes,Arhynchobatidae,NT,0.648885817965153,1.01499381228707,5.36700074796809,8.49577929027214,0.118857995926218,0.0428963396007356,7.46013836596646,0.0,0,1000,direct,Rhinoraja_longicauda,False,False,,,
810,529,Trygonoptera_galba,Yellow Shovelnose Stingaree,Myliobatiformes,Urolophidae,LC,0.648142149205703,1.02902803402575,12.4286107488462,18.8908291574373,0.0514035546512011,0.0282649944462587,16.9947785387863,0.0,0,1000,direct,Trygonoptera_galba,False,False,,,
811,508,Galeus_murinus,Mouse Catshark,Carcharhiniformes,Pentanchidae,LC,0.647755775123159,1.21118514284711,12.7439600858429,22.3486980284665,0.0506724450325825,0.0274754807593321,19.1184872149538,0.0,0,1000,direct,Galeus_murinus,False,False,,,
812,488,Dactylobatus_armatus,Skillet Skate,Rajiformes,Rajidae,LC,0.647481478711663,0.922322985872539,13.0768106438243,18.1046269239973,0.0504382764741819,0.0278620595239213,15.4128013458993,0.0,0,1000,direct,Dactylobatus_armatus,False,False,,,
813,460,Schroederichthys_maculatus,Narrowtail Catshark,Carcharhiniformes,Scyliorhinidae,LC,0.646181126172856,1.2306585843629,13.5851541061797,22.2925765415669,0.0501181450532894,0.0260489158362383,20.3129642160591,0.0,0,1000,direct,Schroederichthys_maculatus,False,False,,,
814,493,Gollum_suluensis,Sulu Gollum Shark,Carcharhiniformes,Pseudotriakidae,LC,0.642828429877245,0.99121489159688,12.9940963347369,18.6787816299918,0.0504635011024542,0.0274785763216387,16.0235789310858,0.0,0,1000,direct,Gollum_suluensis,False,False,,,
815,492,Gollum_attenuatus,Slender Smoothhound,Carcharhiniformes,Pseudotriakidae,LC,0.641662478736792,0.962685299081483,13.0189581438351,18.8117470611684,0.0505489461732372,0.0274713284375187,16.0235789310858,0.0,0,1000,direct,Gollum_attenuatus,False,False,,,
816,456,Carcharhinus_cautus,Nervous Shark,Carcharhiniformes,Carcharhinidae,LC,0.632960293646701,0.380477522348696,13.7146503185549,5.84643684619596,0.050501430773468,0.0265025469731618,8.01127129055093,0.0,0,1000,direct,Carcharhinus_cautus,True,True,exact,Carcharhinus_cautus,GCA_988281195.1
817,1159,Notoraja_sapphira,Sapphire Skate,Rajiformes,Arhynchobatidae,DD,0.631103512668879,1.71763558767681,3.45643139575798,4.81651276324175,0.166576368583006,0.552536989291436,4.02751558668658,0.0,0,1000,direct,Notoraja_sapphira,False,False,,,
818,476,Rajella_leopardus,Leopard Skate,Rajiformes,Rajidae,LC,0.62902148784334,0.976974856652097,13.1801469596989,21.9769709324004,0.0505828056987672,0.0278620595239213,15.0089226305817,0.0,0,1000,GBIF_accepted,Rajella_leoparda,False,False,,,
819,548,Rajella_bathyphila,Deepwater Skate,Rajiformes,Rajidae,LC,0.62768447119322,0.932112088196621,12.1721077109528,20.0818148988007,0.0506243207332888,0.0275891126656057,15.2892630977381,0.0,0,1000,direct,Rajella_bathyphila,False,False,,,
820,502,Benthobatis_marcida,Caribbean Blind Numbfish,Torpediniformes,Narcinidae,LC,0.626704709142072,0.879852461762812,12.8405302915441,16.1305943462227,0.0506630216596022,0.0277238041564757,14.239802817729,0.0,0,1000,direct,Benthobatis_marcida,False,False,,,
821,547,Oxynotus_caribbaeus,Caribbean Roughshark,Squaliformes,Oxynotidae,LC,0.625482213312087,0.641426678409677,12.1899279207813,12.3652383439748,0.0500695546329511,0.0267892161459845,10.6359320889785,0.0,0,1000,direct,Oxynotus_caribbaeus,False,False,,,
822,503,Bythaelurus_immaculatus,Spotless Catshark,Carcharhiniformes,Pentanchidae,LC,0.622577529338165,0.978572117741125,12.8144290499073,18.5404910556235,0.0507375048973804,0.0272837425190125,14.2433789343562,0.0,0,1000,direct,Bythaelurus_immaculatus,False,False,,,
823,536,Narcine_bancroftii,Caribbean Numbfish,Torpediniformes,Narcinidae,LC,0.621047000392824,0.891000023540491,12.3433349854185,17.2091354152779,0.0504223370425723,0.0279530731789747,14.3482472998452,0.0,0,1000,direct,Narcine_bancroftii,True,True,exact,Narcine_bancroftii,GCA_036971445.1
824,515,Dipturus_pullopunctata,Slime Skate,Rajiformes,Rajidae,LC,0.618976226298412,0.8827557406639,12.5978928111662,18.0294466981445,0.0504420970460494,0.0274784964719046,13.4401105076269,0.0,0,1000,GBIF_accepted,Dipturus_pullopunctatus,False,False,,,
825,557,Pristiophorus_delicatus,Tropical Sawshark,Pristiophoriformes,Pristiophoridae,LC,0.617924680218832,1.01696345518145,12.0642883853194,18.965045545356,0.0507375048973804,0.0268726700280514,16.3832159867813,0.0,0,1000,direct,Pristiophorus_delicatus,False,False,,,
826,539,Etmopterus_brachyurus,Short-tail Lanternshark,Squaliformes,Etmopteridae,LC,0.617420435524946,1.06550852888046,12.312550910007,21.8140632845636,0.0506585119291791,0.0265896946640149,16.0016835469284,0.0,0,1000,direct,Etmopterus_brachyurus,False,False,,,
827,563,Heterodontus_zebra,Barred Bullhead Shark,Heterodontiformes,Heterodontidae,LC,0.615867895986676,0.884600138838475,11.9314155502426,19.3501345943443,0.0505506305021236,0.0267440625753172,15.8075309599425,0.0,0,1000,direct,Heterodontus_zebra,False,False,,,
828,581,Atelomycterus_fasciatus,Banded Catshark,Carcharhiniformes,Scyliorhinidae,LC,0.613922557004141,0.786302391376328,11.6847280175578,13.2531292596595,0.0501694172942235,0.0263118345994067,6.73532081622015,0.0,0,1000,direct,Atelomycterus_fasciatus,False,False,,,
829,545,Bythaelurus_giddingsi,Galápagos Catshark,Carcharhiniformes,Pentanchidae,LC,0.611982407947546,0.901112501489768,12.2759136733839,17.6770147220986,0.0506724450325825,0.0273715643504878,14.5944737042982,0.0,0,1000,direct,Bythaelurus_giddingsi,False,False,,,
830,509,Scyliorhinus_canicula,Smallspotted Catshark,Carcharhiniformes,Scyliorhinidae,LC,0.610299077423619,0.6104437378078,12.7180224731642,10.9387382680673,0.0505506305021236,0.0265198838263672,10.7878972266587,0.0,0,1000,direct,Scyliorhinus_canicula,True,True,exact,Scyliorhinus_canicula,GCA_902713615.2
831,552,Pristiophorus_schroederi,Bahamas Sawshark,Pristiophoriformes,Pristiophoridae,LC,0.609550589688952,0.934597459400229,12.1244347554694,18.0128863608295,0.0507375048973804,0.0267045015287252,16.1537846394006,0.0,0,1000,direct,Pristiophorus_schroederi,False,False,,,
832,541,Heterodontus_quoyi,Galápagos Bullhead Shark,Heterodontiformes,Heterodontidae,LC,0.609405594568867,0.912212065678608,12.3035542394576,19.0861321324271,0.0505981459018927,0.026755010666403,17.8401754974576,0.0,0,1000,direct,Heterodontus_quoyi,False,False,,,
833,565,Heterodontus_portusjacksoni,Port Jackson Shark,Heterodontiformes,Heterodontidae,LC,0.606363097186624,0.962262350364209,11.8950780548352,19.5447843500552,0.0505506305021236,0.0265958449834772,15.4079618635146,0.0,0,1000,direct,Heterodontus_portusjacksoni,True,False,,,
834,537,Hemitriakis_abdita,Darksnout Houndshark,Carcharhiniformes,Triakidae,LC,0.602378005155019,0.747790963211611,12.3364665770105,12.8072808547008,0.0500318332372664,0.0268900772097444,10.5315519229617,0.0,0,1000,direct,Hemitriakis_abdita,False,False,,,
835,578,Isistius_plutodus,Largetooth Cookiecutter Shark,Squaliformes,Dalatiidae,LC,0.601946554389138,0.982767762138165,11.7449339012742,20.495140120707,0.0506971118718109,0.0275973770180951,17.2132845994276,0.0,0,1000,direct,Isistius_plutodus,False,False,,,
836,532,Schroederichthys_bivius,Narrowmouth Catshark,Carcharhiniformes,Scyliorhinidae,LC,0.600460454599098,1.14248941605784,12.4045163253128,21.2193710293391,0.0500818148343897,0.0260489158362383,19.1319642924494,0.0,0,1000,direct,Schroederichthys_bivius,False,False,,,
837,564,Heterodontus_galeatus,Crested Hornshark,Heterodontiformes,Heterodontidae,LC,0.600025079897335,1.0039674284147,11.9264406687905,21.8154086589612,0.050501430773468,0.0265958449834772,15.5236603196235,0.0,0,1000,direct,Heterodontus_galeatus,False,False,,,
838,466,Apristurus_aphyodes,White Ghost Catshark,Carcharhiniformes,Pentanchidae,LC,0.598960583480269,0.441294587566151,13.5056333075382,7.24190452124221,0.0497887269629055,0.0277474540232842,11.9932948551099,0.0,0,1000,direct,Apristurus_aphyodes,False,False,,,
839,543,Etmopterus_dislineatus,Lined Lanternshark,Squaliformes,Etmopteridae,LC,0.592639181609231,0.617585863815529,12.2837570130778,11.8457943391394,0.0505893809489346,0.0265615590365323,11.0903890670119,0.0,0,1000,direct,Etmopterus_dislineatus,False,False,,,
840,452,Etmopterus_dianthus,Pink Lanternshark,Squaliformes,Etmopteridae,LC,0.591247396481268,0.477887219993506,13.8034550574256,7.14949987814311,0.0505506305021236,0.0265697850458191,11.7666999176741,0.0,0,1000,direct,Etmopterus_dianthus,False,False,,,
841,562,Benthobatis_moresbyi,Indian Blind Numbfish,Torpediniformes,Narcinidae,LC,0.590734336849848,0.855593237557099,11.9604665012355,16.9691469449602,0.0506630216596022,0.0277744238965066,14.8652553346289,0.0,0,1000,direct,Benthobatis_moresbyi,False,False,,,
842,538,Dipturus_springeri,Roughbelly Skate,Rajiformes,Rajidae,LC,0.589498062599905,0.79245973375651,12.3189061206075,16.0131199070522,0.0506243207332888,0.0277356515919291,12.6396541808168,0.0,0,1000,direct,Dipturus_springeri,False,False,,,
843,570,Carcharhinus_coatesi,Australian Blackspot Shark,Carcharhiniformes,Carcharhinidae,LC,0.587626067254863,0.704412406478753,11.8545838114156,13.7829964639374,0.0503385550146942,0.0271519737905109,10.0186235398244,0.0,0,1000,direct,Carcharhinus_coatesi,False,False,,,
844,593,Isistius_brasiliensis,Cookie-cutter Shark,Squaliformes,Dalatiidae,LC,0.584598339554391,1.02672214850062,11.4252064978788,20.3181369062322,0.0508229062163712,0.0275453403885272,16.7555580878607,0.0,0,1000,direct,Isistius_brasiliensis,False,False,,,
845,513,Squalus_suckleyi,North Pacific Spiny Dogfish,Squaliformes,Squalidae,LC,0.580335715509198,0.732435158470241,12.6647294743009,13.1405939372582,0.0502318916367197,0.027251696161085,9.2405842223645,0.0,0,1000,direct,Squalus_suckleyi,True,True,exact,Squalus_suckleyi,GCA_050613905.1
846,1162,Notoraja_lira,Broken Ridge Skate,Rajiformes,Arhynchobatidae,DD,0.567500739458179,1.49446657074504,3.39200491670112,4.36243984750208,0.166576368583006,0.552536989291436,3.91003008783874,0.0,0,1000,direct,Notoraja_lira,False,False,,,
847,597,Hydrolagus_mccoskeri,Galapagos Ghostshark,Chimaeriformes,Chimaeridae,LC,0.566142532396701,0.900380814233873,11.301263266103,16.8144344511547,0.0501147826666866,0.0268358386887859,14.7274426881738,0.0,0,1000,direct,Hydrolagus_mccoskeri,False,False,,,
848,601,Mustelus_albipinnis,White-margin Fin Smoothhound,Carcharhiniformes,Triakidae,LC,0.565940905492516,0.813699555944608,11.2194989069491,13.7487436010428,0.0500819233571193,0.0274014344744737,11.6718398662354,0.0,0,1000,direct,Mustelus_albipinnis,False,False,,,
849,622,Okamejei_arafurensis,Arafura Skate,Rajiformes,Rajidae,LC,0.565869897422298,0.801075764497194,10.8394439160524,14.4298808028256,0.0509877482027181,0.0284399900088805,11.4712014284034,0.0,0,1000,direct,Okamejei_arafurensis,False,False,,,
850,631,Torpedo_tremens,Chilean Torpedo,Torpediniformes,Torpedinidae,LC,0.555232840649745,0.80021934726969,10.7729097772792,16.3736563765912,0.0507524336224387,0.0276844994526127,11.695158482708,0.0,0,1000,GBIF_accepted,Tetronarce_tremens,False,False,,,
851,644,Torpedo_fairchildi,,Torpediniformes,Torpedinidae,LC,0.553634244397125,0.783147726860609,10.6607671441482,14.4885329682127,0.0507338756989515,0.027588865432575,11.0768647587644,0.0,0,1000,GBIF_iucn_link,Tetronarce_fairchildi,False,False,,,
852,619,Scymnodalatias_oligodon,Sparsetooth Dogfish,Squaliformes,Somniosidae,LC,0.553289262209453,0.739851805024106,10.9084562203598,14.5148643428402,0.0501057763291213,0.026961712187511,10.8150991647132,0.0,0,1000,direct,Scymnodalatias_oligodon,False,False,,,
853,594,Hydrolagus_marmoratus,Marbled Ghostshark,Chimaeriformes,Chimaeridae,LC,0.552697915803748,0.855293842947383,11.352801494122,17.0163983582071,0.0501147826666866,0.0268358386887859,14.9884118696746,0.0,0,1000,direct,Hydrolagus_marmoratus,False,False,,,
854,590,Torpedo_andersoni,Caribbean Torpedo,Torpediniformes,Torpedinidae,LC,0.552475185590596,0.88326426459479,11.4533373651014,16.5473912444891,0.0507338756989515,0.0278028572920363,12.3269674388468,0.0,0,1000,direct,Torpedo_andersoni,False,False,,,
855,668,Hexanchus_vitulus,Atlantic Sixgill Shark,Hexanchiformes,Hexanchidae,LC,0.551683285814424,0.756565016982647,10.5111006842043,13.5541698250126,0.0507375048973804,0.0270496027084179,12.5930009262744,0.0,0,1000,direct,Hexanchus_vitulus,False,False,,,
856,602,Trygonoptera_imitata,Eastern Shovelnose Stingaree,Myliobatiformes,Urolophidae,LC,0.551339817182519,0.31041511793242,11.2003070896783,3.07682990570065,0.0512422947168558,0.0281307394270637,9.6969255451489,0.0,0,1000,direct,Trygonoptera_imitata,False,False,,,
857,627,Isistius_labialis,Cookie-cutter Shark,Squaliformes,Dalatiidae,LC,0.550941079347936,0.94074778383851,10.8040255977953,18.2236279905057,0.0507375048973804,0.0275274259965994,16.2930444244184,0.0,0,1000,GBIF_accepted,Isistius_brasiliensis,False,False,,,
858,588,Etmopterus_sheikoi,Rasptooth Dogfish,Squaliformes,Etmopteridae,LC,0.550679381123404,0.967691768773191,11.5189157446421,20.6283959119498,0.0506250801369925,0.026827440944145,15.3814488445004,0.0,0,1000,direct,Etmopterus_sheikoi,False,False,,,
859,595,Parascyllium_collare,Collared Carpetshark,Orectolobiformes,Parascylliidae,LC,0.550482807537449,0.959019304215412,11.3314043223941,17.8660939306125,0.050501430773468,0.0267269583709699,15.2089109273955,0.0,0,1000,direct,Parascyllium_collare,False,False,,,
860,633,Hydrolagus_pallidus,Pale Chimaera,Chimaeriformes,Chimaeridae,LC,0.548506211912782,0.806446233705288,10.7523326897198,16.7931354367804,0.0501147826666866,0.0268669809963382,14.0468843998927,0.0,0,1000,direct,Hydrolagus_pallidus,False,False,,,
861,1134,Dipturus_australis,Sydney Skate,Rajiformes,Rajidae,NT,0.547560031833654,0.542965675730263,4.73788137155161,4.27785310194999,0.120424258327883,0.0426978105363002,4.34563341756062,0.0,0,1000,GBIF_accepted,Dentiraja_australis,False,False,,,
862,586,Dipturus_laevis,Barndoor Skate,Rajiformes,Rajidae,LC,0.547513727049021,0.744684917579531,11.5753654020969,15.0347486257389,0.0505138069818854,0.027140774533231,11.1899126738448,0.0,0,1000,direct,Dipturus_laevis,False,False,,,
863,657,Atelomycterus_macleayi,Australian Marbled Catshark,Carcharhiniformes,Scyliorhinidae,LC,0.546659572050926,0.828116740134509,10.5874460997377,16.4358037343146,0.0502318916367197,0.0263960047559486,14.8666220739273,0.0,0,1000,direct,Atelomycterus_macleayi,False,False,,,
864,618,Torpedo_tokionis,Longtail Torpedo Ray,Torpediniformes,Torpedinidae,LC,0.544712195627048,0.793654870232867,10.917249414539,14.8833765977493,0.0509499428207388,0.0276844994526127,10.983689777492,0.0,0,1000,GBIF_accepted,Tetronarce_tokionis,False,False,,,
865,605,Trygonoptera_mucosa,Western Shovelnose Stingaree,Myliobatiformes,Urolophidae,LC,0.543664248973481,0.317000417632483,11.1424439443794,3.19499246707942,0.0513280140738745,0.0281190879118327,9.69675839339194,0.0,0,1000,direct,Trygonoptera_mucosa,False,False,,,
866,653,Gurgesiella_furvescens,Dusky Finless Skate,Rajiformes,Gurgesiellidae,LC,0.543591478607589,0.765229643485647,10.6233005095526,14.6953472761357,0.0504382764741819,0.0279736803266557,13.051537438994,0.0,0,1000,direct,Gurgesiella_furvescens,False,False,,,
867,621,Okamejei_leptoura,Australian Thintail Skate,Rajiformes,Rajidae,LC,0.541757068160775,0.760905483232834,10.8541558107503,14.218318095611,0.0509877482027181,0.028559388032858,11.7724039876111,0.0,0,1000,direct,Okamejei_leptoura,False,False,,,
868,617,Hydrolagus_purpurescens,Purple Chimaera,Chimaeriformes,Chimaeridae,LC,0.539855279202474,0.888604564540231,10.9214986366129,16.549262653981,0.0504093551245669,0.0269445882768836,14.848795934885,0.0,0,1000,direct,Hydrolagus_purpurescens,False,False,,,
869,710,Urolophus_lobatus,Lobed Stingaree,Myliobatiformes,Urolophidae,LC,0.539750343959734,0.724433697374381,9.92052071727944,14.9099495617357,0.0514790741327743,0.0283063168436142,11.4743990728704,0.0,0,1000,direct,Urolophus_lobatus,False,False,,,
870,672,Gurgesiella_atlantica,Atlantic Finless Skate,Rajiformes,Gurgesiellidae,LC,0.538771484574454,0.798417917151174,10.4656736844338,14.6919239484765,0.0504410053981515,0.0279736803266557,13.1633322881736,0.0,0,1000,direct,Gurgesiella_atlantica,False,False,,,
871,684,Chimaera_cubana,Cuban Chimaera,Chimaeriformes,Chimaeridae,LC,0.538445809602622,0.880343916412407,10.3136697650336,17.5637958928421,0.0505177079388482,0.026985952216776,14.8720662009487,0.0,0,1000,direct,Chimaera_cubana,False,False,,,
872,608,Chimaera_obscura,Shortspine Chimaera,Chimaeriformes,Chimaeridae,LC,0.537845319419445,0.875670489153092,11.0916498205047,16.4879409239631,0.0502476683472198,0.0269802043337902,14.8331888633999,0.0,0,1000,direct,Chimaera_obscura,False,False,,,
873,677,Okamejei_heemstrai,Narrow Skate,Rajiformes,Rajidae,LC,0.535622054281215,0.696219317962265,10.4194952935314,13.2239576193324,0.0507187279431227,0.0284399900088805,11.2082121949089,0.0,0,1000,direct,Okamejei_heemstrai,False,False,,,
874,498,Squalus_cubensis,Cuban Dogfish,Squaliformes,Squalidae,LC,0.53501222498921,0.581441900222048,12.8856828421414,11.1097300878818,0.050764404208798,0.0273116662558164,10.0046211675875,0.0,0,1000,direct,Squalus_cubensis,False,False,,,
875,632,Scyliorhinus_torrei,Dwarf Catshark,Carcharhiniformes,Scyliorhinidae,LC,0.534769007487815,0.751180918930634,10.7690499541751,14.2151434567008,0.0505981459018927,0.0262160908816829,13.4357520975489,0.0,0,1000,direct,Scyliorhinus_torrei,False,False,,,
876,636,Hydrolagus_eidolon,,Chimaeriformes,Chimaeridae,LC,0.529818059594806,0.878925012380578,10.731915078533,17.2940131482198,0.0501147826666866,0.027010687683655,15.5560534245788,0.0,0,1000,GBIF_iucn_link,Hydrolagus_eidolon,False,False,,,
877,638,Chimaera_bahamaensis,Bahamas Ghostshark,Chimaeriformes,Chimaeridae,LC,0.528902142900763,0.825908874147008,10.7029139147731,16.4518258514883,0.0503313871359961,0.0269330804031096,14.8492493276619,0.0,0,1000,direct,Chimaera_bahamaensis,False,False,,,
878,616,Chimaera_notafricana,Cape Chimaera,Chimaeriformes,Chimaeridae,LC,0.528281850430976,0.871692587311601,10.9356328096176,16.0338810011201,0.0501753884344126,0.0269802043337902,15.0816965815154,0.0,0,1000,direct,Chimaera_notafricana,False,False,,,
879,699,Parascyllium_variolatum,Varied Carpetshark,Orectolobiformes,Parascylliidae,LC,0.527458147210732,0.91756031674703,10.1249087295178,18.2913508954016,0.0505506305021236,0.0267036472732826,14.7907983987269,0.0,0,1000,direct,Parascyllium_variolatum,False,False,,,
880,1138,Dipturus_cerva,White-spotted Skate,Rajiformes,Rajidae,NT,0.526697574967234,0.407987951991414,4.50470629713741,2.80562237437485,0.120424258327883,0.0428214920617641,3.45395033541563,0.0,0,1000,GBIF_accepted,Dentiraja_cerva,False,False,,,
881,646,Chimaera_argiloba,Whitefin Chimaera,Chimaeriformes,Chimaeridae,LC,0.525001703598828,0.867416623513615,10.6564503011953,15.7525593306779,0.0502983881555144,0.0266196275470842,14.5576560189873,0.0,0,1000,direct,Chimaera_argiloba,False,False,,,
882,671,Hydrolagus_alphus,Whitespot Ghostshark,Chimaeriformes,Chimaeridae,LC,0.524284815810429,0.944602098657538,10.479405313333,17.7506848421935,0.0500918899115541,0.0269330804031096,14.5676338172013,0.0,0,1000,direct,Hydrolagus_alphus,False,False,,,
883,725,Scyliorhinus_meadi,Blotched Catshark,Carcharhiniformes,Scyliorhinidae,LC,0.522771328301431,0.746985661166689,9.76916774513242,15.669840115173,0.0506585119291791,0.0263027244123288,13.082914842446,0.0,0,1000,direct,Scyliorhinus_meadi,False,False,,,
884,678,Leucoraja_yucatanensis,Yucatán Skate,Rajiformes,Rajidae,LC,0.52150208442786,0.699897214548765,10.4077962213572,12.8840198124279,0.0504223370425723,0.0280499688696398,11.6701899120867,0.0,0,1000,direct,Leucoraja_yucatanensis,False,False,,,
885,655,Hydrolagus_macrophthalmus,Bigeye Chimaera,Chimaeriformes,Chimaeridae,LC,0.520914525773953,0.83145749736018,10.615707521184,16.2323218419885,0.0501753884344126,0.0269450934418225,14.3609057426793,0.0,0,1000,direct,Hydrolagus_macrophthalmus,False,False,,,
886,682,Squalus_crassispinus,Fatspine Spurdog,Squaliformes,Squalidae,LC,0.520218590490586,0.716729958302033,10.3365341673258,14.2363179172531,0.0508229062163712,0.0274863024431714,12.010349026022,0.0,0,1000,direct,Squalus_crassispinus,False,False,,,
887,1141,Centroscyllium_excelsum,Highfin Dogfish,Squaliformes,Etmopteridae,NT,0.517058870409775,0.808707946131082,4.39119280403468,6.85134132641766,0.122776871806437,0.0438169051778425,6.33895202857546,0.0,0,1000,direct,Centroscyllium_excelsum,False,False,,,
888,664,Rhinochimaera_atlantica,Atlantic Longnose Chimaera,Chimaeriformes,Rhinochimaeridae,LC,0.514376420438655,0.734253661867264,10.5380832079328,14.4781006124298,0.0503313871359961,0.0267758316447808,13.0072381170468,0.0,0,1000,direct,Rhinochimaera_atlantica,False,False,,,
889,693,Chimaera_macrospina,Longspine Chimaera,Chimaeriformes,Chimaeridae,LC,0.514196521480322,0.847560950063787,10.1542396625134,16.5436339740002,0.0502983881555144,0.0266520595270788,14.169672072131,0.0,0,1000,direct,Chimaera_macrospina,False,False,,,
890,660,Leucoraja_lentiginosa,Freckle Skate,Rajiformes,Rajidae,LC,0.513199016605736,0.715495432767027,10.5669461150205,13.0926830509548,0.0504382764741819,0.0280217523004726,12.0417285216594,0.0,0,1000,direct,Leucoraja_lentiginosa,False,False,,,
891,788,Rajella_bigelowi,Bigelow's Skate,Rajiformes,Rajidae,LC,0.512616237859391,0.66470414212911,8.86432742894934,14.5005606769993,0.0507187279431227,0.0276294653176784,11.6649025075738,0.0,0,1000,direct,Rajella_bigelowi,False,False,,,
892,729,Urolophus_neocaledoniensis,New Caledonian Stingaree,Myliobatiformes,Urolophidae,LC,0.512002917944068,0.780405984884607,9.73312986328133,15.2857207733151,0.0514790741327743,0.0282275281349135,12.7238155274675,0.0,0,1000,direct,Urolophus_neocaledoniensis,False,False,,,
893,640,Scyliorhinus_tokubee,,Carcharhiniformes,Scyliorhinidae,LC,0.511744866364716,0.824179816200781,10.6845962811886,15.8023282568918,0.0505981459018927,0.026464555410678,13.5426249095828,0.0,0,1000,GBIF_iucn_link,Scyliorhinus_tokubee,False,False,,,
894,555,Cephaloscyllium_laticeps,Australian Swellshark,Carcharhiniformes,Scyliorhinidae,LC,0.511130477252793,0.433004349866963,12.0876625886293,7.18238755798067,0.0501694172942235,0.0259884457243371,8.49690367085035,0.0,0,1000,direct,Cephaloscyllium_laticeps,False,False,,,
895,750,Rajella_barnardi,Bigthorn Skate,Rajiformes,Rajidae,LC,0.509689099847704,0.670192995393312,9.44344990232503,13.4608034361979,0.0504420970460494,0.0279699641001273,11.02228462173,0.0,0,1000,direct,Rajella_barnardi,False,False,,,
896,700,Hydrolagus_alberti,Gulf Chimaera,Chimaeriformes,Chimaeridae,LC,0.508513615874654,0.831675373089449,10.0732366849018,16.1897706186588,0.0503313871359961,0.0268669809963382,14.4080039712265,0.0,0,1000,direct,Hydrolagus_alberti,False,False,,,
897,670,Hydrolagus_lusitanicus,Portuguese Chimaera,Chimaeriformes,Chimaeridae,LC,0.507144162548743,0.881745633263762,10.4940397393216,16.3268945061867,0.0500326133863431,0.0267078589621333,14.1793454608574,0.0,0,1000,direct,Hydrolagus_lusitanicus,False,False,,,
898,698,Leucoraja_pristispina,Sawback Skate,Rajiformes,Rajidae,LC,0.50571963459623,0.703168634266512,10.1326561644212,12.9192847404797,0.0511594357917975,0.027390583435056,12.0079632187497,0.0,0,1000,direct,Leucoraja_pristispina,False,False,,,
899,686,Hydrolagus_homonycteris,Black Ghostshark,Chimaeriformes,Chimaeridae,LC,0.505511213661929,0.792598569079418,10.248670236263,15.8053090558345,0.0501147826666866,0.0270578116143356,13.6578550662727,0.0,0,1000,direct,Hydrolagus_homonycteris,False,False,,,
900,714,Scyliorhinus_hesperius,Whitesaddled Catshark,Carcharhiniformes,Scyliorhinidae,LC,0.505365594154176,0.790543334267094,9.88639903533184,15.0892539452144,0.0507375048973804,0.0265527605691623,12.5701286825755,0.0,0,1000,direct,Scyliorhinus_hesperius,False,False,,,
901,764,Rajella_kukujevi,Mid-Atlantic Skate,Rajiformes,Rajidae,LC,0.503304530831433,0.685412153928128,9.26087930673118,13.4750576573893,0.0505138069818854,0.0278730684094622,11.1294725360542,0.0,0,1000,direct,Rajella_kukujevi,False,False,,,
902,715,Parascyllium_ferrugineum,Rusty Carpetshark,Orectolobiformes,Parascylliidae,LC,0.503156190160405,0.863907494217531,9.87996255452638,16.8539501458012,0.0505981459018927,0.0266431771613814,14.6685277878199,0.0,0,1000,direct,Parascyllium_ferrugineum,False,False,,,
903,692,Parmaturus_lanatus,Velvet Catshark,Carcharhiniformes,Pentanchidae,LC,0.500163343094244,0.856136879209558,10.1595917427406,15.2631146205237,0.0503156391464588,0.0274625101644104,12.657815650807,0.0,0,1000,direct,Parmaturus_lanatus,False,False,,,
904,746,Scyliorhinus_boa,Boa Catshark,Carcharhiniformes,Scyliorhinidae,LC,0.495059072875428,0.751175739477104,9.49613858407426,14.4817891727621,0.0505981459018927,0.0261756414318665,12.6027966239951,0.0,0,1000,direct,Scyliorhinus_boa,False,False,,,
905,742,Hemiscyllium_trispeculare,Speckled Carpetshark,Orectolobiformes,Hemiscylliidae,LC,0.494846885549552,0.686311679411535,9.54664080437356,12.5626681087837,0.0505981459018927,0.0263073820855272,11.4138573329522,0.0,0,1000,direct,Hemiscyllium_trispeculare,False,False,,,
906,731,Cephaloscyllium_stevensi,Steven's Swellshark,Carcharhiniformes,Scyliorhinidae,LC,0.490310312159984,0.677968916418055,9.72729979183552,12.9561260864474,0.0501181450532894,0.0261239504171437,10.1952026161224,0.0,0,1000,direct,Cephaloscyllium_stevensi,False,False,,,
907,735,Urolophus_deforgesi,Chesterfield Stingaree,Myliobatiformes,Urolophidae,LC,0.489290868634092,0.803895570195764,9.60694052778437,14.3196223829711,0.0513280140738745,0.0283042606921162,12.9035609748748,0.0,0,1000,direct,Urolophus_deforgesi,False,False,,,
908,701,Hemiscyllium_ocellatum,Epaulette Shark,Orectolobiformes,Hemiscylliidae,LC,0.488508528297362,0.6727926556382,10.0504683201455,12.8176119229532,0.050501430773468,0.0263073820855272,11.6540371114724,0.0,0,1000,direct,Hemiscyllium_ocellatum,True,True,exact,Hemiscyllium_ocellatum,GCA_020745735.1
909,713,Cephaloscyllium_speccum,Speckled Swellshark,Carcharhiniformes,Scyliorhinidae,LC,0.486529265121607,0.677492009417131,9.89192433713055,13.4192743313943,0.0503385550146942,0.0260686220014544,9.75504579539476,0.0,0,1000,direct,Cephaloscyllium_speccum,False,False,,,
910,751,Urolophus_circularis,Circular Stingaree,Myliobatiformes,Urolophidae,LC,0.484379093191368,0.777049317251452,9.41750932616418,14.8600714390358,0.0516356801295159,0.0281826086544376,11.9717119393849,0.0,0,1000,direct,Urolophus_circularis,False,False,,,
911,716,Parascyllium_sparsimaculatum,Ginger Carpetshark,Orectolobiformes,Parascylliidae,LC,0.48257565611778,0.878785027806734,9.87668150575976,17.0277677511363,0.0506971118718109,0.0267711530329301,14.4821608187701,0.0,0,1000,direct,Parascyllium_sparsimaculatum,False,False,,,
912,719,Urolophus_piperatus,Coral Sea Stingaree,Myliobatiformes,Urolophidae,LC,0.479752354721769,0.797249501487572,9.8609526820996,15.3848193536097,0.0514790741327743,0.0281835509376008,12.9670659771035,0.0,0,1000,direct,Urolophus_piperatus,False,False,,,
913,721,Cephaloscyllium_signourum,Flagtail Swellshark,Carcharhiniformes,Scyliorhinidae,LC,0.479274297623479,0.641595342307224,9.80795544203037,12.0302509653962,0.0505981459018927,0.0263470235092789,9.42293028373308,0.0,0,1000,direct,Cephaloscyllium_signourum,False,False,,,
914,680,Pavoraja_alleni,Allens Skate,Rajiformes,Arhynchobatidae,LC,0.477322668424487,0.569408669501214,10.3491076701285,11.5842530052722,0.0510928758794828,0.0282391714756315,9.84954957549167,0.0,0,1000,direct,Pavoraja_alleni,False,False,,,
915,740,Narke_capensis,Cape Sleeper Ray,Torpediniformes,Narkidae,LC,0.476548003853711,0.615332670790678,9.56027073230388,10.752748376654,0.0507524336224387,0.0277166445507277,9.84039856852286,0.0,0,1000,direct,Narke_capensis,False,False,,,
916,739,Fenestraja_plutonia,Pluto Pygmy Skate,Rajiformes,Gurgesiellidae,LC,0.475627770245169,0.708721375579659,9.58464224365715,13.8059717358779,0.0504031333309404,0.0278730684094622,12.2564477666735,0.0,0,1000,direct,Fenestraja_plutonia,False,False,,,
917,648,Sutorectus_tentaculatus,Cobbler Wobbegong,Orectolobiformes,Orectolobidae,LC,0.475367214578143,0.531135360559081,10.6503916747609,10.6986750985916,0.0506585119291791,0.0266431771613814,9.84286418770329,0.0,0,1000,direct,Sutorectus_tentaculatus,False,False,,,
918,759,Rajella_fyllae,Round Skate,Rajiformes,Rajidae,LC,0.47404487543216,0.595451350805191,9.31780907849195,11.5996965462958,0.0505922209987628,0.0275891126656057,10.1750646240979,0.0,0,1000,direct,Rajella_fyllae,False,False,,,
919,679,Orectolobus_floridus,Floral Banded Wobbegong,Orectolobiformes,Orectolobidae,LC,0.473940465207632,0.564776837937895,10.3948063946609,10.4694413189183,0.0506971118718109,0.0266431771613814,9.68340662043492,0.0,0,1000,direct,Orectolobus_floridus,False,False,,,
920,730,Cephaloscyllium_zebrum,Narrowbar Swellshark,Carcharhiniformes,Scyliorhinidae,LC,0.472513603860241,0.596369442374373,9.7312966081151,11.6304928619696,0.0502318916367197,0.0259321578131221,9.56183287718346,0.0,0,1000,direct,Cephaloscyllium_zebrum,False,False,,,
921,822,Rajella_caudaspinosa,Munchkin Skate,Rajiformes,Rajidae,LC,0.471716193253724,0.570439923622318,8.57839014404767,11.8770355355817,0.0505138069818854,0.0277417021023361,9.88520719399684,0.0,0,1000,direct,Rajella_caudaspinosa,False,False,,,
922,769,Urolophus_expansus,Wide Stingaree,Myliobatiformes,Urolophidae,LC,0.471364490923543,0.367189159471447,9.14106149129788,5.29276007838381,0.0513280140738745,0.0282885939574706,6.6308862262953,0.0,0,1000,direct,Urolophus_expansus,False,False,,,
923,765,Fenestraja_mamillidens,Prickly Skate,Rajiformes,Gurgesiellidae,LC,0.471116113286981,0.775447613868569,9.2474076762142,14.4287336943841,0.0503313871359961,0.0278704836226066,12.2276324462167,0.0,0,1000,direct,Fenestraja_mamillidens,False,False,,,
924,708,Cephaloscyllium_hiscosellum,Reticulate Swellshark,Carcharhiniformes,Scyliorhinidae,LC,0.468895006075652,0.364776347193353,9.96425407172614,6.16978180141565,0.0502318916367197,0.0260282066994198,7.16788890767355,0.0,0,1000,direct,Cephaloscyllium_hiscosellum,False,False,,,
925,762,Fenestraja_ishiyamai,Plain Pygmy Skate,Rajiformes,Gurgesiellidae,LC,0.46773353846057,0.746789777718443,9.27821128861828,14.7450872175496,0.0503625636286613,0.0278704836226066,12.1525670349905,0.0,0,1000,direct,Fenestraja_ishiyamai,False,False,,,
926,741,Urolophus_gigas,Spotted Stingaree,Myliobatiformes,Urolophidae,LC,0.466621644652284,0.772792524191958,9.55125797632695,14.953874502531,0.0516194957697265,0.0282485439415306,12.9592715547204,0.0,0,1000,direct,Urolophus_gigas,False,False,,,
927,752,Parmaturus_pilosus,Salamander Catshark,Carcharhiniformes,Pentanchidae,LC,0.464435601401215,0.732802229443735,9.40834931201624,13.5994403991035,0.0501807279185153,0.027245090212115,12.152081294769,0.0,0,1000,direct,Parmaturus_pilosus,False,False,,,
928,763,Urolophus_papilio,Butterfly Stingaree,Myliobatiformes,Urolophidae,LC,0.462445568100253,0.828787247359639,9.2773880917753,15.2359060519176,0.0516194957697265,0.028197436133898,12.7109685018435,0.0,0,1000,direct,Urolophus_papilio,False,False,,,
929,806,Fenestraja_atripinna,Blackfin Pygmy Skate,Rajiformes,Gurgesiellidae,LC,0.460923291277636,0.755831628966018,8.70897489540954,15.0802377277285,0.0503625636286613,0.0278407002361764,12.6588535600914,0.0,0,1000,direct,Fenestraja_atripinna,False,False,,,
930,761,Pavoraja_nitida,Peacock Skate,Rajiformes,Arhynchobatidae,LC,0.459753045163127,0.595063349339463,9.28766422024314,12.1776168694453,0.0510086024386584,0.028203215851325,9.54657976583074,0.0,0,1000,direct,Pavoraja_nitida,False,False,,,
931,1180,Dentiraja_flindersi,Pygmy Thornback Skate,Rajiformes,Rajidae,DD,0.459365528750644,1.17247004806269,2.56754549347882,3.41512362749752,0.165757839263197,0.535642147589205,2.98962262514268,0.0,0,1000,direct,Dentiraja_flindersi,False,False,,,
932,800,Urolophus_mitosis,Mitotic Stingaree,Myliobatiformes,Urolophidae,LC,0.457712910673667,0.704166035120457,8.75305151900232,13.0274207758842,0.0515445641137359,0.0283574246512469,12.0343444466609,0.0,0,1000,direct,Urolophus_mitosis,False,False,,,
933,775,Anacanthobatis_donghaiensis,,Rajiformes,Anacanthobatidae,LC,0.457297180641682,0.789758938747582,9.11280287072527,14.370357924491,0.0508778498311155,0.0274332646016982,13.3457912798636,0.0,0,1000,GBIF_iucn_link,Anacanthobatis_donghaiensis,False,False,,,
934,767,Cephaloscyllium_isabellum,Carpet Shark,Carcharhiniformes,Scyliorhinidae,LC,0.456913907135495,0.662093116554968,9.19719757776168,11.794164844307,0.0502318916367197,0.0259893197695419,8.98728489333432,0.0,0,1000,direct,Cephaloscyllium_isabellum,False,False,,,
935,1144,Mustelus_asterias,Starry Smoothhound,Carcharhiniformes,Triakidae,NT,0.452703195252508,0.243758148443162,3.93951951382986,1.13357354847745,0.122877955699988,0.0433770601513934,3.20656895239024,0.0,0,1000,direct,Mustelus_asterias,True,True,exact,Mustelus_asterias,GCA_964213995.1
936,783,Parmaturus_campechiensis,Campeche Catshark,Carcharhiniformes,Pentanchidae,LC,0.452053775220324,0.725085474277221,8.98276578490678,13.7226705944714,0.0504484313583807,0.0275647575670531,11.6801876946449,0.0,0,1000,direct,Parmaturus_campechiensis,False,False,,,
937,756,Etmopterus_sculptus,Sculpted Lanternshark,Squaliformes,Etmopteridae,LC,0.449550342919466,0.711622103293351,9.33323981039649,13.3720340855138,0.0504863610293945,0.0263955872440115,12.2881504674878,0.0,0,1000,direct,Etmopterus_sculptus,False,False,,,
938,780,Anacanthobatis_folirostris,,Rajiformes,Anacanthobatidae,LC,0.44867017964563,0.788943102983581,9.03442891342463,15.2372176784392,0.0508778498311155,0.0274332646016982,13.8834992432121,0.0,0,1000,GBIF_iucn_link,Anacanthobatis_folirostris,False,False,,,
939,772,Etmopterus_litvinovi,Smalleye Lanternshark,Squaliformes,Etmopteridae,LC,0.447561275288458,0.673803125913139,9.11997954114116,13.589984406407,0.0503605325316037,0.0266431771613814,12.6303469241921,0.0,0,1000,direct,Etmopterus_litvinovi,False,False,,,
940,794,Parmaturus_albipenis,White-clasper Catshark,Carcharhiniformes,Pentanchidae,LC,0.445489701284833,0.711432859859422,8.79898755114164,13.5703687303775,0.0500030215034156,0.0267806388146891,11.7281283159398,0.0,0,1000,direct,Parmaturus_albipenis,False,False,,,
941,817,Galeus_nipponensis,Broadfin Sawtail Catshark,Carcharhiniformes,Pentanchidae,LC,0.445282571595013,0.751035255393969,8.64574217216532,13.3992079234726,0.0505489461732372,0.027391254354555,12.9690172075503,0.0,0,1000,direct,Galeus_nipponensis,False,False,,,
942,754,Parmaturus_xaniurus,Filetail Catshark,Carcharhiniformes,Pentanchidae,LC,0.44448195421808,0.774141817073021,9.34011792098405,14.3409298281518,0.0504484313583807,0.0275077610374641,11.9788018202461,0.0,0,1000,direct,Parmaturus_xaniurus,False,False,,,
943,797,Etmopterus_evansi,Blackmouth Lanternshark,Squaliformes,Etmopteridae,LC,0.442699441383274,0.751143788123964,8.77897710433256,13.9449673740646,0.0506585119291791,0.0265896946640149,12.3831906720992,0.0,0,1000,direct,Etmopterus_evansi,False,False,,,
944,804,Malacoraja_obscura,Brazilian Soft Skate,Rajiformes,Rajidae,LC,0.441826215330687,0.660852727836199,8.73601101857235,12.8706139922936,0.0510687174649361,0.027329888792345,11.4540553939378,0.0,0,1000,direct,Malacoraja_obscura,False,False,,,
945,829,Etmopterus_pycnolepis,Densescale Lanternshark,Squaliformes,Etmopteridae,LC,0.440506766061669,0.713038302036435,8.55984496392971,14.1178499047686,0.0504863610293945,0.0266260729570341,12.5026306989334,0.0,0,1000,direct,Etmopterus_pycnolepis,False,False,,,
946,793,Galeus_longirostris,Longnose Sawtail Catshark,Carcharhiniformes,Pentanchidae,LC,0.440477900079347,0.71636336988971,8.81008305706456,13.5408912336912,0.0504484313583807,0.0275647575670531,12.74761757784,0.0,0,1000,direct,Galeus_longirostris,False,False,,,
947,773,Etmopterus_carteri,Cylindrical Lanternshark,Squaliformes,Etmopteridae,LC,0.439164660850642,0.706772970342358,9.11528857323191,13.2691288557893,0.0504320519403237,0.0266945405545018,12.505641151448,0.0,0,1000,direct,Etmopterus_carteri,False,False,,,
948,771,Orectolobus_hutchinsi,Western Wobbegong,Orectolobiformes,Orectolobidae,LC,0.438182615987042,0.573701919121377,9.13001731716156,10.0309896041952,0.0505981459018927,0.0263636699967422,10.1615746654653,0.0,0,1000,direct,Orectolobus_hutchinsi,False,False,,,
949,808,Parmaturus_melanobranchus,,Carcharhiniformes,Pentanchidae,LC,0.437544939688346,0.670952874612746,8.69630385954622,13.3306963846701,0.0504484313583807,0.0275077610374641,11.3396225097828,0.0,0,1000,GBIF_iucn_link,Parmaturus_melanobranchus,False,False,,,
950,774,Parmaturus_albimarginatus,,Carcharhiniformes,Pentanchidae,LC,0.437075719173637,0.765873262641527,9.11466927966934,14.9823184827327,0.0504635011024542,0.0274390481593867,12.1109938406068,0.0,0,1000,GBIF_iucn_link,Parmaturus_albimarginatus,False,False,,,
951,830,Fenestraja_cubensis,Cuban Pygmy Skate,Rajiformes,Gurgesiellidae,LC,0.436833317430505,0.699612466151192,8.55956945023369,12.6222355648085,0.0503313871359961,0.0279756320939081,11.3908691333386,0.0,0,1000,direct,Fenestraja_cubensis,False,False,,,
952,799,Etmopterus_villosus,Hawaiian Lanternshark,Squaliformes,Etmopteridae,LC,0.436606021234741,0.713100949642474,8.76459006582974,13.3471062352397,0.0504320519403237,0.0265383312708945,12.4763272956118,0.0,0,1000,direct,Etmopterus_villosus,False,False,,,
953,785,Galeus_cadenati,Longfin Sawtail Catshark,Carcharhiniformes,Pentanchidae,LC,0.436057356733011,0.651002117604521,8.92133276343604,13.2571486937057,0.0504635011024542,0.0275324772889211,12.5641215855596,0.0,0,1000,direct,Galeus_cadenati,False,False,,,
954,787,Fenestraja_sinusmexicanus,Gulf Pygmy Skate,Rajiformes,Gurgesiellidae,LC,0.434282367402385,0.649752386489059,8.87331465192462,12.989006966118,0.0503625636286613,0.0278704836226066,11.4073676348383,0.0,0,1000,direct,Fenestraja_sinusmexicanus,False,False,,,
955,795,Orectolobus_parvimaculatus,Dwarf Spotted Wobbegong,Orectolobiformes,Orectolobidae,LC,0.434129653303633,0.591934809436796,8.79044880823194,10.5645204002625,0.0506585119291791,0.0265123452671276,10.1609793237781,0.0,0,1000,direct,Orectolobus_parvimaculatus,False,False,,,
956,814,Anacanthobatis_longirostris,,Rajiformes,Anacanthobatidae,LC,0.433416871290699,0.729303278039719,8.66105855875978,13.99420576601,0.0508778498311155,0.0274312023742445,13.5792219546422,0.0,0,1000,GBIF_iucn_link,Anacanthobatis_longirostris,False,False,,,
957,843,Etmopterus_viator,Traveller Lanternshark,Squaliformes,Etmopteridae,LC,0.433127529834841,0.754459983915919,8.42518481051274,14.5356963349819,0.0503605325316037,0.0265615590365323,12.1843432144575,0.0,0,1000,direct,Etmopterus_viator,False,False,,,
958,842,Breviraja_claramaculata,Brightspot Skate,Rajiformes,Rajidae,LC,0.432101336228674,0.724276139609515,8.43218779870827,14.9160376140093,0.0504031333309404,0.0279417475309601,12.8685339074109,0.0,0,1000,direct,Breviraja_claramaculata,False,False,,,
959,1155,Bathyraja_smirnovi,Golden Skate,Rajiformes,Arhynchobatidae,NT,0.431278337669223,0.196126802745238,3.71984433971801,1.02869390813767,0.118638586401054,0.0433052323099891,3.35586725670779,0.0,0,1000,direct,Bathyraja_smirnovi,False,False,,,
960,812,Hydrolagus_africanus,African Chimaera,Chimaeriformes,Chimaeridae,LC,0.431168971928481,0.339977857127193,8.67563650939036,5.46032226646287,0.0502983881555144,0.0268093082854076,6.56582477656047,0.0,0,1000,direct,Hydrolagus_africanus,False,False,,,
961,852,Etmopterus_hillianus,Caribbean Lanternshark,Squaliformes,Etmopteridae,LC,0.43086254505135,0.645209396370496,8.40136833667288,12.8494815023727,0.0506585119291791,0.0267225950536581,11.6468583921304,0.0,0,1000,direct,Etmopterus_hillianus,False,False,,,
962,824,Galeus_priapus,Phallic Catshark,Carcharhiniformes,Pentanchidae,LC,0.429551136659683,0.658473238047679,8.5778682870204,12.7096033877555,0.0505489461732372,0.0274754807593321,12.2215294130308,0.0,0,1000,direct,Galeus_priapus,False,False,,,
963,858,Etmopterus_joungi,Shortfin Smooth Lanternshark,Squaliformes,Etmopteridae,LC,0.428594325003923,0.718463119379962,8.36327952646404,13.4988167803119,0.0505981459018927,0.026755010666403,12.1291915107519,0.0,0,1000,direct,Etmopterus_joungi,False,False,,,
964,862,Urolophus_paucimaculatus,Sparsely-spotted Stingaree,Myliobatiformes,Urolophidae,LC,0.425932162773201,0.676475100885113,8.31449696126049,13.137826245331,0.0515979655610654,0.0282248733349563,10.3972155319676,0.0,0,1000,direct,Urolophus_paucimaculatus,False,False,,,
965,770,Apristurus_pinguis,Bulldog Catshark,Carcharhiniformes,Pentanchidae,LC,0.425621682671594,0.357441680824579,9.13066680856008,5.62462482065387,0.0499037417522054,0.0274919373026155,8.34701964419656,0.0,0,1000,direct,Apristurus_pinguis,False,False,,,
966,866,Breviraja_spinosa,Spinose Skate,Rajiformes,Rajidae,LC,0.425474338676086,0.724091544426777,8.2827308110013,13.4334218499928,0.0504382764741819,0.0279736803266557,12.6924748639786,0.0,0,1000,direct,Breviraja_spinosa,False,False,,,
967,766,Apristurus_profundorum,,Carcharhiniformes,Pentanchidae,LC,0.424134900166322,0.346394006636542,9.23599075147222,5.6956524047242,0.0498251910103983,0.0274919373026155,8.42558953754173,0.0,0,1000,direct,Apristurus_profundorum,False,False,,,
968,821,Breviraja_nigriventralis,Blackbelly Skate,Rajiformes,Rajidae,LC,0.423343512086246,0.74394748523008,8.595504626712,14.4057312252912,0.0503625636286613,0.0279699641001273,12.7001659583789,0.0,0,1000,direct,Breviraja_nigriventralis,False,False,,,
969,828,Anacanthobatis_nanhaiensis,,Rajiformes,Anacanthobatidae,LC,0.423267103628313,0.680636775261202,8.56117134627205,13.731038889275,0.0508778498311155,0.0273019748629804,12.5674096317954,0.0,0,1000,GBIF_iucn_link,Anacanthobatis_nanhaiensis,False,False,,,
970,849,Malacoraja_spinacidermis,Prickle Skate,Rajiformes,Rajidae,LC,0.423072412459058,0.588445686846075,8.41387027748505,11.4301930501987,0.0511465998229081,0.0271807667751212,10.3530390604795,0.0,0,1000,direct,Malacoraja_spinacidermis,False,False,,,
971,792,Zearaja_nasuta,Rough Skate,Rajiformes,Rajidae,LC,0.422900866812136,0.447065095517416,8.81594326447745,8.51539018053974,0.0507187279431227,0.0278018045011088,6.6595612386373,0.0,0,1000,direct,Zearaja_nasuta,False,False,,,
972,815,Etmopterus_robinsi,West Indian Lanternshark,Squaliformes,Etmopteridae,LC,0.4220280988076,0.674777028544528,8.65353512475739,12.8730081776633,0.0504863610293945,0.0265896946640149,11.8544464010786,0.0,0,1000,direct,Etmopterus_robinsi,False,False,,,
973,879,Eridacnis_radcliffei,Pygmy Ribbontail Catshark,Carcharhiniformes,Proscylliidae,LC,0.421970456643855,0.705198759578705,8.18530621283138,13.1134759039495,0.0503156391464588,0.0270521237502792,12.0628998485004,0.0,0,1000,direct,Eridacnis_radcliffei,False,False,,,
974,873,Anacanthobatis_ori,Black Legskate,Rajiformes,Anacanthobatidae,LC,0.421885342292099,0.664371106120814,8.23824369452902,13.4040540159623,0.0507493718926949,0.0274831104588061,12.1570311893163,0.0,0,1000,GBIF_accepted,Indobatis_ori,False,False,,,
975,819,Neotrygon_picta,Speckled Maskray,Myliobatiformes,Dasyatidae,LC,0.421212502718017,0.250488560135198,8.62185695610008,1.83511682057092,0.0508312740562221,0.0278744932345909,7.32400376464727,0.0,0,1000,direct,Neotrygon_picta,False,False,,,
976,744,Dipturus_innominatus,Smooth Skate,Rajiformes,Rajidae,LC,0.420847238351495,0.399713333254482,9.53786088463432,6.79680283108901,0.0504420970460494,0.0277013870569079,7.9152141315882,0.0,0,1000,direct,Dipturus_innominatus,False,False,,,
977,831,Etmopterus_compagnoi,Brown Lanternshark,Squaliformes,Etmopteridae,LC,0.420469113509393,0.712612929747934,8.55159446148845,13.2029877075707,0.0503605325316037,0.0265786632408796,11.7730984936708,0.0,0,1000,direct,Etmopterus_compagnoi,False,False,,,
978,848,Anacanthobatis_stenosoma,Narrow Legskate,Rajiformes,Anacanthobatidae,LC,0.420226044915208,0.699015495536088,8.41580070357987,13.4313357011634,0.0508778498311155,0.0274312023742445,12.6976906274042,0.0,0,1000,GBIF_accepted,Sinobatis_stenosoma,False,False,,,
979,857,Galeus_springeri,Springer's Sawtail Catshark,Carcharhiniformes,Pentanchidae,LC,0.419901158912355,0.709537827112772,8.3691225104279,13.2209827650393,0.0506724450325825,0.0274846834840894,12.7134570198393,0.0,0,1000,direct,Galeus_springeri,False,False,,,
980,851,Malacoraja_kreffti,Krefft’s Skate,Rajiformes,Rajidae,LC,0.419439463128319,0.694992465059723,8.40791624915818,12.9430372761982,0.0509790361339157,0.0272344910673289,11.4143005963132,0.0,0,1000,direct,Malacoraja_kreffti,False,False,,,
981,875,Galeus_gracilis,Slender Sawtail Shark,Carcharhiniformes,Pentanchidae,LC,0.418881961948953,0.675586083376861,8.21437140134261,12.5173360001097,0.0507375048973804,0.0275324772889211,11.8978924289389,0.0,0,1000,direct,Galeus_gracilis,False,False,,,
982,798,Etmopterus_bullisi,Lined Lanternshark,Squaliformes,Etmopteridae,LC,0.416319070675021,0.676802566812346,8.77419154000949,12.4615563682271,0.0504863610293945,0.0266431771613814,11.8058826490002,0.0,0,1000,direct,Etmopterus_bullisi,False,False,,,
983,865,Raja_polystigma,Speckled Skate,Rajiformes,Rajidae,LC,0.415153429523452,0.644914693532906,8.28526513370058,11.7494674871499,0.0509877482027181,0.0284873188634177,10.0036786503659,0.0,0,1000,direct,Raja_polystigma,False,False,,,
984,854,Apristurus_herklotsi,Longfin Catshark,Carcharhiniformes,Pentanchidae,LC,0.414136244184198,0.736104721724766,8.39007703593241,13.0843866976983,0.0503156391464588,0.0274552622802904,12.2056063345893,0.0,0,1000,direct,Apristurus_herklotsi,False,False,,,
985,844,Etmopterus_decacuspidatus,Combtooth Lanternshark,Squaliformes,Etmopteridae,LC,0.413809456084511,0.664538536716056,8.42231774818145,12.4314944189581,0.0504320519403237,0.0266431771613814,11.5640327474619,0.0,0,1000,direct,Etmopterus_decacuspidatus,False,False,,,
986,836,Squalus_notocaudatus,Bartail Spurdog,Squaliformes,Squalidae,LC,0.413511659001562,0.640714183418765,8.49528916957677,12.1662686571277,0.0508229062163712,0.0275760648572331,10.7347953940707,0.0,0,1000,direct,Squalus_notocaudatus,False,False,,,
987,850,Eridacnis_barbouri,Cuban Ribbontail Catshark,Carcharhiniformes,Proscylliidae,LC,0.411410489680021,0.746875855587485,8.40886445623226,13.9907277311265,0.0504109919001414,0.0270654816732393,11.9970243480134,0.0,0,1000,direct,Eridacnis_barbouri,False,False,,,
988,870,Dipturus_healdi,Heald's Skate,Rajiformes,Rajidae,LC,0.411266030150185,0.566936151914001,8.26144213815386,11.6113279575947,0.0504420970460494,0.0278302918889845,9.48426563078995,0.0,0,1000,GBIF_accepted,Dentiraja_healdi,False,False,,,
989,847,Apristurus_microps,Smalleye Catshark,Carcharhiniformes,Pentanchidae,LC,0.411251592060051,0.588914435001874,8.41619364290877,12.3336406094535,0.0498251910103983,0.0274919373026155,10.2532243254403,0.0,0,1000,direct,Apristurus_microps,False,False,,,
990,889,Etmopterus_perryi,Dwarf Lanternshark,Squaliformes,Etmopteridae,LC,0.410883775593101,0.655766982448011,8.12708881917159,11.6376243591959,0.0504863610293945,0.0264386716583265,11.5888275899643,0.0,0,1000,direct,Etmopterus_perryi,False,False,,,
991,900,Orectolobus_japonicus,Japanese Wobbegong,Orectolobiformes,Orectolobidae,LC,0.410671806290033,0.638376822617537,8.01064770062978,12.9493256437563,0.0505981459018927,0.0265123452671276,10.9277861582056,0.0,0,1000,direct,Orectolobus_japonicus,False,False,,,
992,832,Neotrygon_leylandi,Painted Maskray,Myliobatiformes,Dasyatidae,LC,0.410313229410209,0.240238314488486,8.5476425584098,1.8264047786144,0.0507524336224387,0.0277899191858517,7.2466361521405,0.0,0,1000,direct,Neotrygon_leylandi,False,False,,,
993,910,Apristurus_macrostomus,Broadmouth Catshark,Carcharhiniformes,Pentanchidae,LC,0.410110452409276,0.657565595831073,7.95795647045915,13.1667226494193,0.0500531116232684,0.027237842327995,12.2626214363716,0.0,0,1000,direct,Apristurus_macrostomus,False,False,,,
994,833,Galeus_piperatus,Peppered Catshark,Carcharhiniformes,Pentanchidae,LC,0.409752674592878,0.749782348581211,8.5247395567489,13.801676571386,0.0505489461732372,0.0274754807593321,12.9593035158127,0.0,0,1000,direct,Galeus_piperatus,False,False,,,
995,827,Etmopterus_caudistigmus,Tailspot Lanternshark,Squaliformes,Etmopteridae,LC,0.409641102097854,0.703279921578884,8.56118341661465,13.6371303230191,0.0505506305021236,0.0266945405545018,12.1149122679142,0.0,0,1000,direct,Etmopterus_caudistigmus,False,False,,,
996,907,Apristurus_micropterygeus,Smalldorsal Catshark,Carcharhiniformes,Pentanchidae,LC,0.40945790294774,0.695119909313477,7.97486367345693,13.0285114801451,0.0504484313583807,0.027205562049863,12.4920012886852,0.0,0,1000,direct,Apristurus_micropterygeus,False,False,,,
997,845,Anacanthobatis_americanus,,Rajiformes,Anacanthobatidae,LC,0.408771429146519,0.788618296517938,8.41845402079897,15.090826370838,0.0509753960808138,0.0274312023742445,13.2593395449789,0.0,0,1000,GBIF_iucn_link,Anacanthobatis_americana,False,False,,,
998,929,Apristurus_canutus,Hoary Catshark,Carcharhiniformes,Pentanchidae,LC,0.408433205111664,0.647521334405347,7.81520724328583,12.8002992333482,0.0501807279185153,0.027237842327995,11.8068189196205,0.0,0,1000,direct,Apristurus_canutus,False,False,,,
999,877,Raja_asterias,Starry Skate,Rajiformes,Rajidae,LC,0.408198569700954,0.627265964875845,8.20198996107398,12.3381720572978,0.0510797371538912,0.0286638609457563,9.51848246167504,0.0,0,1000,direct,Raja_asterias,False,False,,,
1000,890,Typhlonarke_aysoni,Blind Electric Ray,Torpediniformes,Narkidae,LC,0.406840842881953,0.623092914514437,8.11605583342931,11.3541131791981,0.0507187279431227,0.0277228934060218,10.4163079423492,0.0,0,1000,direct,Typhlonarke_aysoni,False,False,,,
1001,917,Apristurus_albisoma,White-bodied Catshark,Carcharhiniformes,Pentanchidae,LC,0.40652801863065,0.562445774687155,7.91202803910104,11.8982050647785,0.0498251910103983,0.0274758711453872,9.88524296414796,0.0,0,1000,direct,Apristurus_albisoma,False,False,,,
1002,884,Apristurus_parvipinnis,Smallfin Catshark,Carcharhiniformes,Pentanchidae,LC,0.406313103679198,0.690656942830301,8.15970884207222,13.2000132529551,0.0500531116232684,0.0274625101644104,11.9544341548678,0.0,0,1000,direct,Apristurus_parvipinnis,False,False,,,
1003,869,Raja_bahamensis,,Rajiformes,Rajidae,LC,0.405653691678702,0.613620290671413,8.26746970032238,11.3713710855684,0.0512013917826708,0.0282613675190364,10.0829836373602,0.0,0,1000,GBIF_iucn_link,Raja_bahamensis,False,False,,,
1004,882,Etmopterus_burgessi,Broadnose Lanternshark,Squaliformes,Etmopteridae,LC,0.405549967773478,0.646706746053384,8.17083031519588,13.2177634386423,0.0505893809489346,0.026827440944145,11.9750520318967,0.0,0,1000,direct,Etmopterus_burgessi,False,False,,,
1005,886,Typhlonarke_tarakea,,Torpediniformes,Narkidae,LC,0.404558094065952,0.606363665521866,8.15484862312293,11.2637587604452,0.0507187279431227,0.0277228934060218,10.4163079423492,0.0,0,1000,GBIF_iucn_link,Typhlonarke_tarakea,False,False,,,
1006,893,Apristurus_riveri,Broadgill Catshark,Carcharhiniformes,Pentanchidae,LC,0.404293047081859,0.682086009868301,8.09100963772385,12.9033860865724,0.0504484313583807,0.0276858758976749,12.2543102911108,0.0,0,1000,direct,Apristurus_riveri,False,False,,,
1007,880,Breviraja_colesi,Lightnose Skate,Rajiformes,Rajidae,LC,0.403526359906726,0.669143411868683,8.18481502681337,12.5408089440547,0.0504223370425723,0.0280217523004726,12.1690441785023,0.0,0,1000,direct,Breviraja_colesi,False,False,,,
1008,1164,Rhinoraja_macloviana,Patagonian Skate,Rajiformes,Arhynchobatidae,NT,0.403108873475227,0.269719049915011,3.38008168058889,2.13978005691371,0.118638586401054,0.042950866076418,2.27486787981838,0.0,0,1000,GBIF_accepted,Bathyraja_macloviana,False,False,,,
1009,894,Galeus_schultzi,Dwarf Sawtail Catshark,Carcharhiniformes,Pentanchidae,LC,0.402113176171548,0.630826923150759,8.04725209585543,12.293106067514,0.0507778090399254,0.0274846834840894,11.9257008709881,0.0,0,1000,direct,Galeus_schultzi,False,False,,,
1010,918,Apristurus_indicus,Smallbelly Catshark,Carcharhiniformes,Pentanchidae,LC,0.401599511093296,0.670624543798716,7.90615272999,13.34719879289,0.0501807279185153,0.027237842327995,11.8984729706082,0.0,0,1000,direct,Apristurus_indicus,False,False,,,
1011,867,Dipturus_oregoni,Hooktail Skate,Rajiformes,Rajidae,LC,0.401571050302444,0.592891765889272,8.27298736241731,10.9847431463575,0.0504285588361988,0.0274815656484061,9.20923729536137,0.0,0,1000,direct,Dipturus_oregoni,False,False,,,
1012,891,Raja_cortezensis,,Rajiformes,Rajidae,LC,0.401262698769882,0.602813380785433,8.11067175633347,11.4119395886392,0.0510797371538912,0.0286067168873952,9.81847704977123,0.0,0,1000,GBIF_iucn_link,Raja_cortezensis,False,False,,,
1013,915,Potamotrygon_dumerilii,Reticulate Freshwater Stingray,Myliobatiformes,Potamotrygonidae,LC,0.40122000138998,0.519401968344142,7.92035942655416,10.0520433058565,0.0512422947168558,0.0280816216004874,8.56356056186445,0.0,0,1000,GBIF_accepted,Potamotrygon_orbignyi,False,False,,,
1014,921,Apristurus_saldanha,Saldanha Catshark,Carcharhiniformes,Pentanchidae,LC,0.400624004989898,0.671274160042214,7.89215559532627,13.0066232852509,0.0501807279185153,0.0275150089215841,12.1735232157523,0.0,0,1000,direct,Apristurus_saldanha,False,False,,,
1015,872,Dipturus_apricus,Pale Tropical Skate,Rajiformes,Rajidae,LC,0.400448370187015,0.604707989715505,8.24201156093347,11.3232454588815,0.0507645196485237,0.0280172041526772,9.39976190327728,0.0,0,1000,direct,Dipturus_apricus,False,False,,,
1016,1169,Hydrolagus_ogilbyi,,Chimaeriformes,Chimaeridae,NT,0.399945330362189,0.514129707994891,3.24636663244684,4.38923049152239,0.11827301780735,0.043016853542437,0.93328344182608,0.0,0,1000,GBIF_iucn_link,Hydrolagus_ogilbyi,False,False,,,
1017,899,Galeus_antillensis,Antilles Catshark,Carcharhiniformes,Pentanchidae,LC,0.399779460028179,0.639971114341417,8.01115583322421,12.5565042770818,0.0505489461732372,0.0274276869545004,11.5273255306704,0.0,0,1000,direct,Galeus_antillensis,False,False,,,
1018,853,Insentiraja_subtilispinosa,Western Looseskin Skate,Rajiformes,Arhynchobatidae,LC,0.399516804879553,0.362781425909737,8.39204339549164,6.42593060241743,0.0512013917826708,0.0282940389807787,5.73882027897768,0.0,0,1000,direct,Insentiraja_subtilispinosa,False,False,,,
1019,811,Asymbolus_rubiginosus,Orange Spotted Catshark,Carcharhiniformes,Pentanchidae,LC,0.39816012452012,0.537114928806829,8.67723659851855,10.8259115490033,0.0508207055084571,0.0274079969504332,8.46092346749195,0.0,0,1000,direct,Asymbolus_rubiginosus,False,False,,,
1020,944,Squalus_lalannei,Seychelles Spurdog,Squaliformes,Squalidae,LC,0.395743887628781,0.592976747483692,7.70166440076046,11.4866108521034,0.0505893809489346,0.0268922645651707,10.2360789534133,0.0,0,1000,direct,Squalus_lalannei,False,False,,,
1021,937,Dipturus_olseni,Spreadfin Skate,Rajiformes,Rajidae,LC,0.395496012042561,0.594534502443846,7.77257901619123,11.193152891387,0.0505138069818854,0.0272568722083666,9.18513064243637,0.0,0,1000,direct,Dipturus_olseni,False,False,,,
1022,943,Apristurus_investigatoris,Broadnose Catshark,Carcharhiniformes,Pentanchidae,LC,0.394876552326154,0.697171635184943,7.73008134719818,12.9320793260529,0.0501807279185153,0.0274785763216387,12.0622808504588,0.0,0,1000,direct,Apristurus_investigatoris,False,False,,,
1023,896,Raja_texana,,Rajiformes,Rajidae,LC,0.394724263649755,0.596066922533223,8.03520054152881,11.2629007845282,0.0510086024386584,0.028559388032858,10.094808814267,0.0,0,1000,GBIF_iucn_link,Raja_texana,False,False,,,
1024,864,Dipturus_polyommata,Argus Skate,Rajiformes,Rajidae,LC,0.394626642616333,0.560381947913178,8.29397195223203,10.4318511982583,0.0505922209987628,0.0277720211146785,9.27366444201398,0.0,0,1000,GBIF_accepted,Dentiraja_polyommata,False,False,,,
1025,1002,Orectolobus_maculatus,Spotted Wobbegong,Orectolobiformes,Orectolobidae,LC,0.394329266565905,0.573591771019058,7.03186978435838,11.9869460319385,0.0505981459018927,0.0265527605691623,9.95781779962873,0.0,0,1000,direct,Orectolobus_maculatus,False,False,,,
1026,946,Dipturus_oculus,,Rajiformes,Rajidae,LC,0.393552013340216,0.51880507928066,7.68710954305678,10.5050253446832,0.0505138069818854,0.0278302918889845,8.8263494339053,0.0,0,1000,GBIF_iucn_link,Dipturus_oculus,False,False,,,
1027,1167,Hydrolagus_lemures,,Chimaeriformes,Chimaeridae,NT,0.393419274508163,0.500894663098759,3.32167321956505,4.58144801938144,0.11827301780735,0.0430483593067242,0.936238877092358,0.0,0,1000,GBIF_iucn_link,Hydrolagus_lemures,False,False,,,
1028,903,Apristurus_gibbosus,Humpback Catshark,Carcharhiniformes,Pentanchidae,LC,0.393091121657082,0.680858470577743,7.98644270030955,13.4053659014127,0.0500531116232684,0.0271219740186597,12.2202208830371,0.0,0,1000,direct,Apristurus_gibbosus,False,False,,,
1029,876,Eridacnis_sinuans,African Ribbontail Catshark,Carcharhiniformes,Proscylliidae,LC,0.39266182926889,0.726728350672684,8.21220693780528,14.0356818341322,0.0504109919001414,0.0270521237502792,11.9150496996883,0.0,0,1000,direct,Eridacnis_sinuans,False,False,,,
1030,902,Dipturus_doutrei,Javelin Skate,Rajiformes,Rajidae,LC,0.392053461521154,0.577854008020652,7.99028097111849,11.3479870259553,0.0505828056987672,0.0278129838226023,9.20383627857388,0.0,0,1000,direct,Dipturus_doutrei,False,False,,,
1031,823,Apristurus_fedorovi,Stout Catshark,Carcharhiniformes,Pentanchidae,LC,0.391435568935087,0.27390045443671,8.57837737646485,2.63790634336756,0.0497687755075929,0.0277227311337689,7.5954135524198,0.0,0,1000,direct,Apristurus_fedorovi,False,False,,,
1032,920,Apristurus_manis,Ghost Catshark,Carcharhiniformes,Pentanchidae,LC,0.390165615631333,0.586900304485447,7.89735331164219,11.7280410373174,0.0497887269629055,0.0277474540232842,9.85372365826486,0.0,0,1000,direct,Apristurus_manis,False,False,,,
1033,968,Apristurus_stenseni,Panama Ghost Catshark,Carcharhiniformes,Pentanchidae,LC,0.389186210758203,0.634204557253194,7.50524247161886,12.2703856948003,0.0499037417522054,0.0271425828837565,11.7988559871472,0.0,0,1000,direct,Apristurus_stenseni,False,False,,,
1034,941,Dipturus_garricki,San Blas Skate,Rajiformes,Rajidae,LC,0.387459139109426,0.54439261946757,7.74695088988792,10.4486461975937,0.0506243207332888,0.0272472384292228,8.7026403895395,0.0,0,1000,direct,Dipturus_garricki,False,False,,,
1035,928,Callorhinchus_milii,Elephantfish,Chimaeriformes,Callorhinchidae,LC,0.386724341827273,0.217664160100289,7.8181052293283,1.44384394589681,0.0499384305057374,0.0267312195967746,5.449060918389,0.0,0,1000,direct,Callorhinchus_milii,False,False,,,
1036,955,Neoraja_iberica,Iberian Pygmy Skate,Rajiformes,Rajidae,LC,0.386527086474226,0.657674911068134,7.61858125880398,12.7144254604537,0.0505922209987628,0.0273041441662714,10.9125477429918,0.0,0,1000,direct,Neoraja_iberica,False,False,,,
1037,936,Callorhinchus_capensis,St. Joseph,Chimaeriformes,Callorhinchidae,LC,0.386248545968858,0.204767886924321,7.77380305439954,1.63407309468661,0.0500326133863431,0.0267225988867503,5.449060918389,0.0,0,1000,direct,Callorhinchus_capensis,False,False,,,
1038,911,Apristurus_bucephalus,Bighead Catshark,Carcharhiniformes,Pentanchidae,LC,0.386033730895618,0.710290937563933,7.95773614441091,12.521555372674,0.0501807279185153,0.0274785763216387,12.7132635030794,0.0,0,1000,direct,Apristurus_bucephalus,False,False,,,
1039,825,Apristurus_kampae,Longnose Catshark,Carcharhiniformes,Pentanchidae,LC,0.384680021212355,0.280475990005872,8.57500607479215,2.70449964914533,0.0497687755075929,0.0277227311337689,7.6429780542748,0.0,0,1000,direct,Apristurus_kampae,False,False,,,
1040,914,Dipturus_falloargus,False Argus Skate,Rajiformes,Rajidae,LC,0.384432239445362,0.559194342215688,7.92855589494708,10.950067182171,0.0507645196485237,0.0279510512434975,8.96148632075146,0.0,0,1000,GBIF_accepted,Dentiraja_falloarga,False,False,,,
1041,954,Dipturus_bullisi,Tortugas Skate,Rajiformes,Rajidae,LC,0.384259337530484,0.56836537800798,7.62172247421835,11.0167231287047,0.0507645196485237,0.0277966744123835,8.90490206996621,0.0,0,1000,direct,Dipturus_bullisi,False,False,,,
1042,906,Squalus_albifrons,Eastern Highfin Spurdog,Squaliformes,Squalidae,LC,0.383754416505211,0.636964974242812,7.97911903147959,12.1147047209054,0.0508893366745437,0.0274459704731863,10.9400504069438,0.0,0,1000,direct,Squalus_albifrons,False,False,,,
1043,977,Orectolobus_halei,Banded Wobbegong,Orectolobiformes,Orectolobidae,LC,0.383577609543275,0.551517030797481,7.38364506979488,10.5104249089285,0.0506585119291791,0.0265958449834772,10.0429909202302,0.0,0,1000,direct,Orectolobus_halei,False,False,,,
1044,940,Squalus_griffini,Northern Spiny Dogfish,Squaliformes,Squalidae,LC,0.383330699986743,0.621982816038877,7.7555607898853,12.1416494834329,0.050764404208798,0.0273644832774192,10.1450441372197,0.0,0,1000,direct,Squalus_griffini,False,False,,,
1045,949,Neoraja_carolinensis,Carolina Dwarf Skate,Rajiformes,Rajidae,LC,0.382957581541592,0.635772029686365,7.66219221467802,12.9637163287859,0.0507338756989515,0.0272549867770579,11.0854575296853,0.0,0,1000,direct,Neoraja_carolinensis,False,False,,,
1046,951,Raja_ackleyi,,Rajiformes,Rajidae,LC,0.380791008673708,0.587915322926836,7.6435080935927,10.6351993450585,0.0512013917826708,0.0285084082390161,9.41947638720023,0.0,0,1000,GBIF_iucn_link,Raja_ackleyi,False,False,,,
1047,998,Urolophus_flavomosaicus,Patchwork Stingaree,Myliobatiformes,Urolophidae,LC,0.378577584854386,0.541154349196232,7.10059214357805,11.688532401457,0.0516248528307127,0.0281826086544376,2.69255809252244,0.0,0,1000,direct,Urolophus_flavomosaicus,False,False,,,
1048,967,Apristurus_ampliceps,Roughskin Catshark,Carcharhiniformes,Pentanchidae,LC,0.3784203990447,0.537414152721127,7.52241706746974,10.8777629712933,0.0497887269629055,0.0275826974268119,9.38223729845413,0.0,0,1000,direct,Apristurus_ampliceps,False,False,,,
1049,958,Squalus_raoulensis,Kermadec Spiny Dogfish,Squaliformes,Squalidae,LC,0.377863720563621,0.622023789536569,7.61357460443518,11.7114194325036,0.0505506305021236,0.0272223121369056,10.0804897840153,0.0,0,1000,direct,Squalus_raoulensis,False,False,,,
1050,939,Neoraja_africana,West African Dwarf Skate,Rajiformes,Rajidae,LC,0.377439066209782,0.658407444081743,7.75883741159334,12.8714010092635,0.0506243207332888,0.0272996402557454,11.0088659989207,0.0,0,1000,direct,Neoraja_africana,False,False,,,
1051,969,Apristurus_spongiceps,Spongehead Catshark,Carcharhiniformes,Pentanchidae,LC,0.375113162271077,0.699600679378496,7.48705135886211,13.1915625751893,0.0501807279185153,0.0271292219027797,11.8714184588479,0.0,0,1000,direct,Apristurus_spongiceps,False,False,,,
1052,988,Apristurus_nasutus,Largenose Catshark,Carcharhiniformes,Pentanchidae,LC,0.375044569714255,0.647376659432672,7.23465994209011,12.4181158755713,0.0501807279185153,0.027237842327995,11.6311696132222,0.0,0,1000,direct,Apristurus_nasutus,False,False,,,
1053,960,Apristurus_internatus,Shortnose Demon Catshark,Carcharhiniformes,Pentanchidae,LC,0.374522125453262,0.645982476268466,7.60837878801221,12.1332830640146,0.0503156391464588,0.0271219740186597,11.8617191351039,0.0,0,1000,direct,Apristurus_internatus,False,False,,,
1054,959,Dipturus_acrobelus,Deepwater Skate,Rajiformes,Rajidae,LC,0.374513768070367,0.599783344797452,7.61136743186721,10.6069388250407,0.0505138069818854,0.0279256896140006,8.70958371331686,0.0,0,1000,direct,Dipturus_acrobelus,False,False,,,
1055,963,Asymbolus_parvus,Dwarf Catshark,Carcharhiniformes,Pentanchidae,LC,0.373958082352984,0.483408643471725,7.54909173196923,9.65851283591655,0.0507375048973804,0.0272837425190125,8.00890615284512,0.0,0,1000,direct,Asymbolus_parvus,False,False,,,
1056,971,Neoraja_stehmanni,South African Dwarf Skate,Rajiformes,Rajidae,LC,0.371939348950813,0.616367366374558,7.47918407707478,11.7325297116192,0.0506243207332888,0.0272996402557454,10.3897891281725,0.0,0,1000,direct,Neoraja_stehmanni,False,False,,,
1057,1171,Somniosus_pacificus,Pacific Sleeper Shark,Squaliformes,Somniosidae,NT,0.369037297239924,0.202716041691114,3.18052941605838,0.89928028597437,0.122508969520979,0.0437970176769557,2.46157729767036,0.0,0,1000,direct,Somniosus_pacificus,False,False,,,
1058,961,Neoraja_caerulea,Blue Pygmy Skate,Rajiformes,Rajidae,LC,0.368439516070021,0.640220800695195,7.58841568716325,11.8903372274223,0.0506818698610091,0.0272996402557454,10.7240892794296,0.0,0,1000,direct,Neoraja_caerulea,False,False,,,
1059,935,Psammobatis_rudis,Smallthorn Sandskate,Rajiformes,Arhynchobatidae,LC,0.366775786383516,0.451266169657478,7.77532040929009,9.40966987177009,0.0510389553470882,0.0280153113666663,7.88355022469825,0.0,0,1000,direct,Psammobatis_rudis,False,False,,,
1060,972,Apristurus_sibogae,Pale Catshark,Carcharhiniformes,Pentanchidae,LC,0.366223476319722,0.617224412213351,7.42312309688373,12.0932403893948,0.0497887269629055,0.0272584511930917,11.9319033371257,0.0,0,1000,direct,Apristurus_sibogae,False,False,,,
1061,964,Dipturus_teevani,Caribbean Skate,Rajiformes,Rajidae,LC,0.365417654110472,0.555914468198411,7.5479686987888,10.2417002084965,0.0505828056987672,0.0275886812655095,8.65163577351721,0.0,0,1000,direct,Dipturus_teevani,False,False,,,
1062,978,Psammobatis_lentiginosa,Freckle Sandskate,Rajiformes,Arhynchobatidae,LC,0.362144652490225,0.454878306180488,7.36213736986584,9.04895978800811,0.0510389553470882,0.0279864462795282,7.6154078138905,0.0,0,1000,direct,Psammobatis_lentiginosa,False,False,,,
1063,1018,Asymbolus_analis,Grey Spotted Catshark,Carcharhiniformes,Pentanchidae,LC,0.358657348578413,0.513627001332555,6.81237146790112,10.0308062978616,0.0507375048973804,0.027391254354555,9.23940775225946,0.0,0,1000,direct,Asymbolus_analis,False,False,,,
1064,993,Dipturus_wengi,Weng's Skate,Rajiformes,Rajidae,LC,0.357716855722921,0.538471894181069,7.15981810688098,10.0957738125425,0.0505828056987672,0.0277639959591469,8.44239592007592,0.0,0,1000,direct,Dipturus_wengi,False,False,,,
1065,1005,Rajella_nigerrima,Blackish Skate,Rajiformes,Rajidae,LC,0.35710067559172,0.494482687809625,7.01417016822914,9.46528222850086,0.0504420970460494,0.0280499688696398,9.11556788087711,0.0,0,1000,direct,Rajella_nigerrima,False,False,,,
1066,986,Galeus_melastomus,Blackmouth Catshark,Carcharhiniformes,Pentanchidae,LC,0.353535192379936,0.486853414459954,7.2808903642679,9.10209306597026,0.0505489461732372,0.0274846834840894,7.8247053997494,0.0,0,1000,direct,Galeus_melastomus,False,False,,,
1067,1007,Asymbolus_vincenti,Gulf Catshark,Carcharhiniformes,Pentanchidae,LC,0.352401752110044,0.555011086601391,6.99696716240096,11.2770717499306,0.0507375048973804,0.027391254354555,9.68624238363108,0.0,0,1000,direct,Asymbolus_vincenti,False,False,,,
1068,1009,Pavoraja_umbrosa,Dusky Skate,Rajiformes,Arhynchobatidae,LC,0.352213514801648,0.489661432709145,6.98203311454381,9.54271645709066,0.0510086024386584,0.0282654287715474,8.4031692552146,0.0,0,1000,direct,Pavoraja_umbrosa,False,False,,,
1069,997,Orectolobus_reticulatus,Network Wobbegong,Orectolobiformes,Orectolobidae,LC,0.351981000602238,0.584730909115002,7.10695396521083,10.9056911550003,0.0505981459018927,0.0266511733991665,10.1691043622929,0.0,0,1000,direct,Orectolobus_reticulatus,False,False,,,
1070,979,Asymbolus_occiduus,Western Spotted Catshark,Carcharhiniformes,Pentanchidae,LC,0.351343369035758,0.542077632788553,7.35651267929276,11.0673615113279,0.0507778090399254,0.0274754807593321,9.89725480917311,0.0,0,1000,direct,Asymbolus_occiduus,False,False,,,
1071,1017,Pavoraja_pseudonitida,False Peacock Skate,Rajiformes,Arhynchobatidae,LC,0.348242551275492,0.496631373658443,6.81354015681629,9.73528024288618,0.0510928758794828,0.0282391714756315,8.60212031623376,0.0,0,1000,direct,Pavoraja_pseudonitida,False,False,,,
1072,992,Orectolobus_wardi,Northern Wobbegong,Orectolobiformes,Orectolobidae,LC,0.347440561347748,0.557284138607176,7.19451265748942,10.8245041034748,0.0506585119291791,0.0265554296814426,10.1729711226427,0.0,0,1000,direct,Orectolobus_wardi,True,True,exact,Orectolobus_wardi,GCA_988240335.1
1073,994,Rajella_lintea,Sail Skate,Rajiformes,Rajidae,LC,0.343961276371883,0.505766035844363,7.11646302954423,10.0728978267319,0.0505138069818854,0.0280217523004726,8.83508662970761,0.0,0,1000,direct,Rajella_lintea,False,False,,,
1074,1012,Psammobatis_scobina,Raspthorn Sandskate,Rajiformes,Arhynchobatidae,LC,0.343515453397036,0.522898154140585,6.94328296853989,10.2312332368685,0.0510928758794828,0.0280210471583255,9.36398217351027,0.0,0,1000,direct,Psammobatis_scobina,False,False,,,
1075,1015,Asymbolus_submaculatus,Variegated Catshark,Carcharhiniformes,Pentanchidae,LC,0.341342906893869,0.51894021598839,6.82729031355998,9.95555896834983,0.0506724450325825,0.0273751881973267,9.20648990368679,0.0,0,1000,direct,Asymbolus_submaculatus,False,False,,,
1076,1029,Psammobatis_rutrum,Spade Sandskate,Rajiformes,Arhynchobatidae,LC,0.340634377989078,0.537900659048757,6.71665766665832,10.1239239693149,0.0510928758794828,0.0280210471583255,9.01028513923487,0.0,0,1000,direct,Psammobatis_rutrum,False,False,,,
1077,1014,Pavoraja_mosaica,Mosaic Skate,Rajiformes,Arhynchobatidae,LC,0.340292827681804,0.488289001510321,6.84019351602092,9.89170431079803,0.0510928758794828,0.0283080665930524,8.50421914843459,0.0,0,1000,direct,Pavoraja_mosaica,False,False,,,
1078,1032,Bathyraja_cousseauae,Cousseau's Skate,Rajiformes,Arhynchobatidae,LC,0.339082734267239,0.451179588880603,6.64816998901937,8.87957546306279,0.0505828056987672,0.0274326047362134,8.0243148656646,0.0,0,1000,direct,Bathyraja_cousseauae,False,False,,,
1079,1040,Asymbolus_galacticus,Starry Catshark,Carcharhiniformes,Pentanchidae,LC,0.337297569600243,0.547932259381505,6.59875054817363,9.95880857836347,0.0507375048973804,0.0273715643504878,8.85665221937018,0.0,0,1000,direct,Asymbolus_galacticus,False,False,,,
1080,1187,Urolophus_sufflavus,Yellowback Stingaree,Myliobatiformes,Urolophidae,VU,0.337245351013374,0.202700602022605,1.39693849779323,0.739534883866842,0.243582212092181,0.0768563460147126,0.99648509058425,0.0,0,1000,direct,Urolophus_sufflavus,False,False,,,
1081,1010,Rhizoprionodon_terraenovae,Atlantic Sharpnose Shark,Carcharhiniformes,Carcharhinidae,LC,0.334503035583135,0.245320530705552,6.9748684031996,3.70327926908415,0.0500318332372664,0.0277103114220171,4.55730239546779,0.0,0,1000,direct,Rhizoprionodon_terraenovae,False,False,,,
1082,1026,Bathyraja_maccaini,McCain's Skate,Rajiformes,Arhynchobatidae,LC,0.332200659086564,0.456687368851221,6.75345809466216,8.53198085551331,0.0505828056987672,0.0273518207200884,7.98093989645034,0.0,0,1000,direct,Bathyraja_maccaini,False,False,,,
1083,1042,Bathyraja_abyssicola,Deepsea Skate,Rajiformes,Arhynchobatidae,LC,0.332178527088979,0.517808465243096,6.58630414595266,9.39295317412459,0.0505922209987628,0.0270706876239574,8.08730583563046,0.0,0,1000,direct,Bathyraja_abyssicola,False,False,,,
1084,1054,Asymbolus_pallidus,Pale Spotted Catshark,Carcharhiniformes,Pentanchidae,LC,0.329385235501585,0.510119978433407,6.38757113193585,9.44597182367577,0.0507375048973804,0.0272837425190125,9.19828611933506,0.0,0,1000,direct,Asymbolus_pallidus,False,False,,,
1085,1027,Hemitriakis_falcata,Sicklefin Hound Shark,Carcharhiniformes,Triakidae,LC,0.32872120179072,0.271422369157781,6.73703883957252,4.51434379182314,0.0499766052715172,0.0269793470983204,3.62592081636083,0.0,0,1000,direct,Hemitriakis_falcata,False,False,,,
1086,1028,Rajella_annandalei,Annandale's Skate,Rajiformes,Rajidae,LC,0.328555815392799,0.537238725233984,6.71809787212324,10.2164640772605,0.0506818698610091,0.0275418694081703,8.53587407131211,0.0,0,1000,direct,Rajella_annandalei,False,False,,,
1087,1019,Apristurus_japonicus,Japanese Catshark,Carcharhiniformes,Pentanchidae,LC,0.327934531352142,0.557124462001568,6.80619687347158,10.7683502595581,0.0499037417522054,0.0271425828837565,8.85207045776008,0.0,0,1000,direct,Apristurus_japonicus,False,False,,,
1088,1033,Psammobatis_extenta,Zipper Sandskate,Rajiformes,Arhynchobatidae,LC,0.327711571080337,0.488510017788709,6.62475471831548,9.1675298938334,0.0510389553470882,0.0278451039418292,8.80397709321499,0.0,0,1000,direct,Psammobatis_extenta,False,False,,,
1089,1031,Bathyraja_scaphiops,Cuphead Skate,Rajiformes,Arhynchobatidae,LC,0.327684238136154,0.490228845628728,6.65851545249641,8.75766473253697,0.0506818698610091,0.0274332646016982,8.01383610687401,0.0,0,1000,direct,Bathyraja_scaphiops,False,False,,,
1090,1021,Psammobatis_parvacauda,,Rajiformes,Arhynchobatidae,LC,0.327000770939255,0.498387031555253,6.7905292475754,9.32081954891638,0.0510086024386584,0.0278303915469757,8.83815347406489,0.0,0,1000,GBIF_iucn_link,Psammobatis_parvacauda,False,False,,,
1091,1038,Rajella_purpuriventralis,Purplebelly Skate,Rajiformes,Rajidae,LC,0.325787518018885,0.522118435634658,6.60311248507756,10.4791712980252,0.0505828056987672,0.027741237421542,8.71162807096174,0.0,0,1000,direct,Rajella_purpuriventralis,False,False,,,
1092,1051,Rajella_dissimilis,Ghost Skate,Rajiformes,Rajidae,LC,0.323749430314664,0.51437634425583,6.404457396267,9.97961638124384,0.0504420970460494,0.0279736803266557,8.81847371513864,0.0,0,1000,direct,Rajella_dissimilis,False,False,,,
1093,1034,Rajella_ravidula,Smoothback Skate,Rajiformes,Rajidae,LC,0.323468884716393,0.527861170504264,6.62164748011829,10.6166605310905,0.0505138069818854,0.0281391839898811,8.78734403315655,0.0,0,1000,direct,Rajella_ravidula,False,False,,,
1094,1039,Rajella_challengeri,Challenger Skate,Rajiformes,Rajidae,LC,0.321279994069793,0.513712644010895,6.60221695962723,9.90757936732224,0.0506818698610091,0.027526532463836,8.91706976564309,0.0,0,1000,direct,Rajella_challengeri,False,False,,,
1095,1037,Psammobatis_normani,Shortfin Sandskate,Rajiformes,Arhynchobatidae,LC,0.321205426568447,0.539507886773954,6.61081349652604,9.61523933396368,0.0511526881490583,0.0281235586166527,9.01188463421914,0.0,0,1000,direct,Psammobatis_normani,False,False,,,
1096,1052,Rajella_eisenhardti,Galápagos Skate,Rajiformes,Rajidae,LC,0.317710878592588,0.491302682246961,6.40400255366827,9.3703773780059,0.0506818698610091,0.027582222060243,8.36442857843039,0.0,0,1000,direct,Rajella_eisenhardti,False,False,,,
1097,1044,Rajella_sadowskii,Brazilian Skate,Rajiformes,Rajidae,LC,0.31716863673936,0.502215506457003,6.56195125287452,9.57482812418391,0.0504420970460494,0.0279736803266557,8.70823331625384,0.0,0,1000,direct,Rajella_sadowskii,False,False,,,
1098,1001,Centroscyllium_fabricii,Black Dogfish,Squaliformes,Etmopteridae,LC,0.317129310966426,0.250896595058541,7.06790913037544,3.83107995499583,0.0501694172942235,0.0266431771613814,6.08714321018322,0.0,0,1000,direct,Centroscyllium_fabricii,False,False,,,
1099,1041,Psammobatis_bergi,Blotched Sandskate,Rajiformes,Arhynchobatidae,LC,0.317110616750366,0.515060878133085,6.59756045097499,9.22901568979504,0.0510928758794828,0.0280210471583255,8.79691371652972,0.0,0,1000,direct,Psammobatis_bergi,False,False,,,
1100,1016,Bathyraja_minispinosa,,Rajiformes,Arhynchobatidae,LC,0.316953035861353,0.446906850809629,6.8231358788897,8.59646300057825,0.0505922209987628,0.027303485694196,8.06876131258696,0.0,0,1000,direct,Bathyraja_minispinosa,False,False,,,
1101,1069,Apristurus_melanoasper,Black Roughscale Catshark,Carcharhiniformes,Pentanchidae,LC,0.316946903722765,0.487675866275804,6.02413071315119,9.73718329893048,0.0500531116232684,0.0271219740186597,8.5145137485161,0.0,0,1000,direct,Apristurus_melanoasper,False,False,,,
1102,1059,Apristurus_laurussonii,Iceland Catshark,Carcharhiniformes,Pentanchidae,LC,0.315546530341194,0.486424370454232,6.30626181925947,9.4906031478945,0.0501807279185153,0.0271219740186597,8.32963665260762,0.0,0,1000,direct,Apristurus_laurussonii,False,False,,,
1103,1061,Bathyraja_trachura,Roughtail Skate,Rajiformes,Arhynchobatidae,LC,0.311977722972705,0.426799687160103,6.25110336121885,8.5641761057818,0.0506243207332888,0.0272377556664976,7.74384862146774,0.0,0,1000,direct,Bathyraja_trachura,False,False,,,
1104,1062,Raja_stellulata,,Rajiformes,Rajidae,LC,0.311771525542326,0.180018210975963,6.24480809456701,1.99287433886849,0.0507338756989515,0.0280405994391129,5.104153528057,0.0,0,1000,GBIF_iucn_link,Raja_stellulata,False,False,,,
1105,1036,Bathyraja_richardsoni,Richardson’s Skate,Rajiformes,Arhynchobatidae,LC,0.311408813623705,0.465127129823155,6.61990265753369,8.95907930006287,0.0505922209987628,0.0271086366244802,7.9068489911857,0.0,0,1000,direct,Bathyraja_richardsoni,False,False,,,
1106,1060,Raja_rhina,,Rajiformes,Rajidae,LC,0.308026590517927,0.178802334137155,6.27139882391118,2.04034880385554,0.0507338756989515,0.0281708726519993,5.104153528057,0.0,0,1000,GBIF_iucn_link,Raja_rhina,False,False,,,
1107,1008,Centroscyllium_ritteri,Whitefin Dogfish,Squaliformes,Etmopteridae,LC,0.306885367533233,0.234399543463127,6.98537887889636,3.6950354340623,0.0502670356059742,0.0265383312708945,6.07686712530993,0.0,0,1000,direct,Centroscyllium_ritteri,False,False,,,
1108,1048,Dasyatis_matsubarai,,Myliobatiformes,Dasyatidae,LC,0.305155711067207,0.253761742962349,6.41415486773084,3.77196621454575,0.0511680703013464,0.0281866022642867,4.65098358442318,0.0,0,1000,GBIF_iucn_link,Dasyatis_matsubarai,False,False,,,
1109,1068,Bathyraja_meridionalis,Darkbelly Skate,Rajiformes,Arhynchobatidae,LC,0.302753793301431,0.43132736680449,6.0847221352652,7.97131858689481,0.0506243207332888,0.0270926158748647,7.43941846389761,0.0,0,1000,direct,Bathyraja_meridionalis,False,False,,,
1110,1064,Bathyraja_aleutica,Aleutian Skate,Rajiformes,Arhynchobatidae,LC,0.300562099827047,0.450333316530743,6.12606141624385,8.69557423588857,0.0507248758909989,0.0271998066659748,7.65115158052461,0.0,0,1000,direct,Bathyraja_aleutica,False,False,,,
1111,1045,Etmopterus_granulosus,Southern Lanternshark,Squaliformes,Etmopteridae,LC,0.300399412838825,0.354840645554272,6.48295918342662,7.40885045967485,0.0504863610293945,0.0267440625753172,6.13332584061412,0.0,0,1000,direct,Etmopterus_granulosus,False,False,,,
1112,1075,Amblyraja_robertsi,,Rajiformes,Rajidae,LC,0.300185245931544,0.466766609110518,5.88039651138461,8.75117993973008,0.0511783602976084,0.027390583435056,7.38919123760123,0.0,0,1000,GBIF_iucn_link,Amblyraja_robertsi,False,False,,,
1113,1049,Dasyatis_brevicaudata,Smooth Stingray,Myliobatiformes,Dasyatidae,LC,0.298091792089106,0.257415060194691,6.41172108127961,4.26826096168365,0.051299151943606,0.0281738998214229,4.6490228028637,0.0,0,1000,GBIF_accepted,Bathytoshia_brevicaudata,False,False,,,
1114,1079,Apristurus_brunneus,Brown Catshark,Carcharhiniformes,Pentanchidae,LC,0.297632630114697,0.511059106364871,5.86168094525478,10.4036448732795,0.0504109919001414,0.0270896937405277,8.35411822962102,0.0,0,1000,direct,Apristurus_brunneus,False,False,,,
1115,1056,Bathyraja_pallida,Pallid Skate,Rajiformes,Arhynchobatidae,LC,0.297613864050466,0.446124613117851,6.34842861587907,8.63817404699525,0.0505040893439022,0.0270158411921329,7.66854640815654,0.0,0,1000,direct,Bathyraja_pallida,False,False,,,
1116,1053,Rajella_fuliginea,Sooty Skate,Rajiformes,Rajidae,LC,0.297287137427307,0.491564375904151,6.40327798790886,9.9285658395387,0.0505922209987628,0.0277008847694693,8.31755965793986,0.0,0,1000,direct,Rajella_fuliginea,False,False,,,
1117,1098,Bathyraja_fedorovi,Cinnamon Skate,Rajiformes,Arhynchobatidae,LC,0.29319167692228,0.461250341280119,5.55731724413021,8.7816827231963,0.0506243207332888,0.0272217349168821,7.49053086766253,0.0,0,1000,direct,Bathyraja_fedorovi,False,False,,,
1118,1066,Torpedo_macneilli,,Torpediniformes,Torpedinidae,LC,0.292235620136662,0.176481229794284,6.11561266178149,1.61201482856655,0.0507338756989515,0.0277491329998286,4.78560770729001,0.0,0,1000,GBIF_iucn_link,Tetronarce_macneilli,False,False,,,
1119,1088,Bathyraja_schroederi,Whitemouth Skate,Rajiformes,Arhynchobatidae,LC,0.291724792007902,0.444073349036,5.70267711456445,8.54424145248369,0.0506818698610091,0.0273359688336993,7.67779696088147,0.0,0,1000,direct,Bathyraja_schroederi,False,False,,,
1120,1094,Bathyraja_andriashevi,Little-eyed Skate,Rajiformes,Arhynchobatidae,LC,0.290661607662549,0.438715678207687,5.62073138752503,8.20248092492982,0.0505922209987628,0.0272383782732668,7.54100598559759,0.0,0,1000,direct,Bathyraja_andriashevi,False,False,,,
1121,1078,Bathyraja_tunae,Cristina's Skate,Rajiformes,Arhynchobatidae,LC,0.290630433288464,0.446008112513988,5.87189536737541,8.82554993038133,0.0506243207332888,0.0274326047362134,7.96363864364187,0.0,0,1000,direct,Bathyraja_tunae,False,False,,,
1122,1067,Torpedo_nobiliana,Great Torpedo Ray,Torpediniformes,Torpedinidae,LC,0.288155805029106,0.1871621460017,6.0906432725036,1.60904937263064,0.0507187279431227,0.0278028572920363,4.79578558623734,0.0,0,1000,GBIF_accepted,Tetronarce_nobiliana,False,False,,,
1123,1093,Bathyraja_microtrachys,Fine-spined Skate,Rajiformes,Arhynchobatidae,LC,0.287929318696667,0.455065780121707,5.6286842785636,8.95230004178345,0.0505828056987672,0.0271310421529688,7.88461508548101,0.0,0,1000,direct,Bathyraja_microtrachys,False,False,,,
1124,1095,Bathyraja_aguja,Aguja Skate,Rajiformes,Arhynchobatidae,LC,0.28752155051296,0.419508252357492,5.5993079822622,8.34212072000114,0.0504285588361988,0.0270926158748647,7.40505100202722,0.0,0,1000,direct,Bathyraja_aguja,False,False,,,
1125,1083,Bathyraja_longicauda,Slimtail Skate,Rajiformes,Arhynchobatidae,LC,0.286294084163378,0.441052743197969,5.75725264167333,8.57497298988841,0.0504055345526994,0.0269774149140288,7.53775388532316,0.0,0,1000,direct,Bathyraja_longicauda,False,False,,,
1126,1077,Bathyraja_smithii,Softnose Skate,Rajiformes,Arhynchobatidae,LC,0.284611372435114,0.472838215239616,5.87275490696075,9.07646199484532,0.0505828056987672,0.0274326047362134,8.09620591291409,0.0,0,1000,direct,Bathyraja_smithii,False,False,,,
1127,1099,Rhinoraja_kujiensis,Dapplebellied Softnose Skate,Rajiformes,Arhynchobatidae,LC,0.281016683815727,0.428616647219226,5.54648173791821,8.39465239536545,0.0506243207332888,0.0270926158748647,7.67654383385098,0.0,0,1000,direct,Rhinoraja_kujiensis,False,False,,,
1128,1076,Rhinoraja_magellanica,Magellan Skate,Rajiformes,Arhynchobatidae,LC,0.280367840000605,0.198357592363764,5.877647215363,2.00943928967867,0.0505828056987672,0.0271086366244802,5.06489948465447,0.0,0,1000,GBIF_accepted,Bathyraja_magellanica,False,False,,,
1129,1046,Apristurus_sinensis,South China Catshark,Carcharhiniformes,Pentanchidae,LC,0.27995328343255,0.248717581018681,6.46944802598067,4.19083649321552,0.0503156391464588,0.0271219740186597,5.331821720789,0.0,0,1000,direct,Apristurus_sinensis,False,False,,,
1130,1091,Rhinoraja_murrayi,Murray's Skate,Rajiformes,Arhynchobatidae,LC,0.279626949457592,0.211458342000315,5.64493611403173,2.54542793087077,0.0506243207332888,0.0273019748629804,4.75664552482488,0.0,0,1000,GBIF_accepted,Bathyraja_murrayi,False,False,,,
1131,1081,Bathyraja_isotrachys,Raspback Skate,Rajiformes,Arhynchobatidae,LC,0.279567780555539,0.428440945726325,5.76907806532442,8.78222300875275,0.0504055345526994,0.0269967418153767,7.64051446486198,0.0,0,1000,direct,Bathyraja_isotrachys,False,False,,,
1132,1080,Bathyraja_hesperafricana,West African Skate,Rajiformes,Arhynchobatidae,LC,0.278790634237111,0.475335982429683,5.79806010011199,9.0617650134857,0.0507338756989515,0.0276791986254348,7.96032357692372,0.0,0,1000,direct,Bathyraja_hesperafricana,False,False,,,
1133,1085,Bathyraja_eatonii,Eaton's Skate,Rajiformes,Arhynchobatidae,LC,0.276382845334441,0.427747784645107,5.74730284653737,8.5862016660721,0.0505040893439022,0.0270127625649922,7.60394277634077,0.0,0,1000,direct,Bathyraja_eatonii,False,False,,,
1134,1109,Bathyraja_peruana,Peruvian Skate,Rajiformes,Arhynchobatidae,LC,0.273536162852026,0.390686400202039,5.38540232508173,7.9602206894329,0.0507187279431227,0.0273359688336993,7.2584457164843,0.0,0,1000,direct,Bathyraja_peruana,False,False,,,
1135,1100,Bathyraja_leucomelanos,Domino Skate,Rajiformes,Arhynchobatidae,LC,0.271459360041313,0.433903577971652,5.50898850782648,8.1375119610503,0.0505828056987672,0.0271086366244802,7.56842199610883,0.0,0,1000,direct,Bathyraja_leucomelanos,False,False,,,
1136,1071,Carcharhinus_tilstoni,Australian Blacktip Shark,Carcharhiniformes,Carcharhinidae,LC,0.271343170721093,0.182330633734995,5.96968656760682,2.88087703007964,0.0504489775124502,0.0264479089232147,4.09751898228342,0.0,0,1000,direct,Carcharhinus_tilstoni,False,False,,,
1137,1101,Bathyraja_spinosissima,Pacific White Skate,Rajiformes,Arhynchobatidae,LC,0.271129788531466,0.473636693758188,5.50814439313014,9.12419266655199,0.0505828056987672,0.0272377556664976,7.65039722055722,0.0,0,1000,direct,Bathyraja_spinosissima,False,False,,,
1138,1065,Mustelus_stevensi,Western Spotted Gummy Shark,Carcharhiniformes,Triakidae,LC,0.269980866305759,0.205547747619731,6.11851093784466,2.86719301670783,0.0504484313583807,0.0274753269050451,4.98618856532288,0.0,0,1000,direct,Mustelus_stevensi,False,False,,,
1139,1111,Bathyraja_papilionifera,Atlantic Butterfly Skate,Rajiformes,Arhynchobatidae,LC,0.268623285058535,0.424070001718421,5.35918615580879,8.86908339136603,0.0505828056987672,0.0271086366244802,7.54065792531411,0.0,0,1000,direct,Bathyraja_papilionifera,False,False,,,
1140,1104,Bathyraja_diplotaenia,Duskypink Skate,Rajiformes,Arhynchobatidae,LC,0.267699087567399,0.45312169068594,5.49656351854421,8.46640988918195,0.0505922209987628,0.0273019748629804,7.7154486042015,0.0,0,1000,direct,Bathyraja_diplotaenia,False,False,,,
1141,1084,Bathyraja_notoroensis,,Rajiformes,Arhynchobatidae,LC,0.266571274887628,0.43575963783616,5.74862744786688,8.08871373413841,0.0505828056987672,0.0274326047362134,7.47664098621793,0.0,0,1000,GBIF_iucn_link,Bathyraja_notoroensis,False,False,,,
1142,1055,Apristurus_platyrhynchus,Flatnose Catshark,Carcharhiniformes,Pentanchidae,LC,0.265578794746991,0.239594357346592,6.35357912923455,4.37934314566811,0.0503156391464588,0.0271219740186597,5.25161614312724,0.0,0,1000,direct,Apristurus_platyrhynchus,False,False,,,
1143,1120,Bathyraja_tzinovskii,Creamback Skate,Rajiformes,Arhynchobatidae,LC,0.264788554870134,0.439166451828974,5.17145567811197,8.54104173919725,0.0505922209987628,0.0270926158748647,7.36830766074837,0.0,0,1000,direct,Bathyraja_tzinovskii,False,False,,,
1144,1102,Bathyraja_bergi,Bottom Skate,Rajiformes,Arhynchobatidae,LC,0.264689647405633,0.452678975922014,5.50666300823451,8.34609243355324,0.0504093551245669,0.0269967418153767,7.54517272761532,0.0,0,1000,direct,Bathyraja_bergi,False,False,,,
1145,1073,Potamotrygon_motoro,Ocellate Freshwater Stingray,Myliobatiformes,Potamotrygonidae,LC,0.263873016988147,0.183395154334024,5.94894233599693,2.60733995284348,0.0508312740562221,0.0277686269616293,4.84200074682713,0.0,0,1000,direct,Potamotrygon_motoro,False,False,,,
1146,1106,Rhinoraja_odai,Oda Skate,Rajiformes,Arhynchobatidae,LC,0.254063630783448,0.453611504962339,5.47578830525357,8.85493622536256,0.0507338756989515,0.0276791986254348,7.55548699816177,0.0,0,1000,direct,Rhinoraja_odai,False,False,,,
1147,1181,Himantura_astra,Blackspotted Whipray,Myliobatiformes,Dasyatidae,NT,0.252915196143089,0.14078573916902,2.09464134391383,0.997724595822191,0.122512559123102,0.042114225757069,1.02020024598027,0.0,0,1000,GBIF_accepted,Maculabatis_astra,False,False,,,
1148,1127,Bathyraja_matsubarai,Duskypurple Skate,Rajiformes,Arhynchobatidae,LC,0.251790327580028,0.42234612776532,5.0072000741675,8.44676221627738,0.0505828056987672,0.0272574330260442,7.1201367394758,0.0,0,1000,direct,Bathyraja_matsubarai,False,False,,,
1149,1114,Rhinoraja_taranetzi,Mud Skate,Rajiformes,Arhynchobatidae,LC,0.244220598219486,0.167859253895832,5.25423345380426,1.33947268930976,0.0506243207332888,0.0274223159829248,4.86573516665292,0.0,0,1000,GBIF_accepted,Bathyraja_taranetzi,False,False,,,
1150,1115,Centroscyllium_nigrum,Combtooth Dogfish,Squaliformes,Etmopteridae,LC,0.243834565190119,0.184815116777074,5.24889788418259,3.26555479533876,0.0501694172942235,0.0267036472732826,4.14991963463647,0.0,0,1000,direct,Centroscyllium_nigrum,False,False,,,
1151,1119,Potamotrygon_orbignyi,Reticulate Freshwater Stingray,Myliobatiformes,Potamotrygonidae,LC,0.242163044020745,0.157083828879746,5.18793179435936,1.38052530033254,0.0510272720298548,0.0277878771933255,4.30907740728886,0.0,0,1000,direct,Potamotrygon_orbignyi,False,False,,,
1152,1113,Etmopterus_princeps,Great Lanternshark,Squaliformes,Etmopteridae,LC,0.240410872029974,0.192272004247346,5.31041693468127,2.7568796845488,0.0504863610293945,0.0267440625753172,4.27378148389212,0.0,0,1000,direct,Etmopterus_princeps,False,False,,,
1153,1136,Poroderma_africanum,Pyjama Shark,Carcharhiniformes,Scyliorhinidae,LC,0.237095693197459,0.153483056782368,4.58967040432598,1.95696726652707,0.0506585119291791,0.0264949595695415,3.207601825421,0.0,0,1000,direct,Poroderma_africanum,False,False,,,
1154,1137,Poroderma_pantherinum,Leopard Catshark,Carcharhiniformes,Scyliorhinidae,LC,0.236276715816713,0.156403976758706,4.58035103523413,1.97702118134931,0.0505981459018927,0.0265123452671276,3.207601825421,0.0,0,1000,direct,Poroderma_pantherinum,False,False,,,
1155,1135,Centroscyllium_kamoharai,Bareskin Dogfish,Squaliformes,Etmopteridae,LC,0.230250168192981,0.32846746354191,4.63111254336022,6.65685530016135,0.0501694172942235,0.0267036472732826,6.56404982257016,0.0,0,1000,direct,Centroscyllium_kamoharai,False,False,,,
1156,1131,Centroscyllium_ornatum,Ornate Dogfish,Squaliformes,Etmopteridae,LC,0.223091439265247,0.375802731158236,4.82589713336616,6.7621866577275,0.0501694172942235,0.0266431771613814,6.67201998812703,0.0,0,1000,direct,Centroscyllium_ornatum,False,False,,,
1157,1116,Amblyraja_doellojuradoi,Southern Thorny Skate,Rajiformes,Rajidae,LC,0.22209137207155,0.171277775366971,5.21877441456538,2.73412248062772,0.0507338756989515,0.0275623812053828,4.43663724428321,0.0,0,1000,direct,Amblyraja_doellojuradoi,False,False,,,
1158,1139,Urobatis_concentricus,Bullseye Round Ray,Myliobatiformes,Urotrygonidae,LC,0.22147900758247,0.128659229324471,4.39505944185405,1.36702715145544,0.0515445641137359,0.0280720468750168,3.48327855784261,0.0,0,1000,direct,Urobatis_concentricus,False,False,,,
1159,1130,Mustelus_antarcticus,Gummy Shark,Carcharhiniformes,Triakidae,LC,0.219774223491563,0.153799623202357,4.87378111192245,1.60574084611745,0.0501807279185153,0.0267712807925773,4.16836168891384,0.0,0,1000,direct,Mustelus_antarcticus,False,False,,,
1160,1142,Urobatis_maculatus,Spotted Round Ray,Myliobatiformes,Urotrygonidae,LC,0.219483309483334,0.12836747210816,4.37080780822901,1.27429986205596,0.0514035546512011,0.02812895604916,3.49340635045085,0.0,0,1000,direct,Urobatis_maculatus,False,False,,,
1161,1129,Mustelus_lenticulatus,Rig,Carcharhiniformes,Triakidae,LC,0.217950858369629,0.151075879406045,4.8868462775555,1.46085063447584,0.0504109919001414,0.0272138426646542,4.14695560556479,0.0,0,1000,direct,Mustelus_lenticulatus,False,False,,,
1162,1133,Mustelus_ravidus,Grey Gummy Shark,Carcharhiniformes,Triakidae,LC,0.215529224563336,0.144958127073805,4.74304721067668,2.03187744384864,0.0500030215034156,0.0269455146794366,2.58357806592711,0.0,0,1000,direct,Mustelus_ravidus,False,False,,,
1163,1145,Bathyraja_parmifera,Alaska Skate,Rajiformes,Arhynchobatidae,LC,0.195044516300658,0.13611729676679,3.91603468636823,1.45634591138787,0.0506818698610091,0.0273019748629804,3.34183585882691,0.0,0,1000,direct,Bathyraja_parmifera,False,False,,,
1164,1140,Mustelus_palumbes,Whitespot Smoothhound,Carcharhiniformes,Triakidae,LC,0.194262272143477,0.137366211557309,4.39133768033362,1.58682162638801,0.0500819233571193,0.0266807499645363,3.15158083944184,0.0,0,1000,direct,Mustelus_palumbes,False,False,,,
1165,1151,Dentiraja_lemprieri,Australian Thornback Skate,Rajiformes,Rajidae,LC,0.188444330368452,0.218397591934254,3.76353071256886,4.12230765019153,0.0504420970460494,0.0276512901677486,2.98962262514268,0.0,0,1000,direct,Dentiraja_lemprieri,False,False,,,
1166,1150,Squatina_pseudocellata,Western Angel Shark,Squatiniformes,Squatinidae,LC,0.187503164509713,0.11091878807335,3.84001431725809,0.761601472187328,0.0508229062163712,0.0271106852070818,3.32848487237001,0.0,0,1000,direct,Squatina_pseudocellata,False,False,,,
1167,1153,Notoraja_azurea,Blue Skate,Rajiformes,Arhynchobatidae,LC,0.184646375546233,0.230024291323604,3.73868382619293,4.58576507799313,0.0511783602976084,0.0282807883519656,4.14095652262027,0.0,0,1000,direct,Notoraja_azurea,False,False,,,
1168,1147,Squatina_tergocellata,Ornate Angel Shark,Squatiniformes,Squatinidae,LC,0.181406634565622,0.113379994162741,3.85635128677602,0.785078648278522,0.0508229062163712,0.0271026857842399,3.33310221351101,0.0,0,1000,direct,Squatina_tergocellata,False,False,,,
1169,1157,Himantura_toshi,Brown Whipray,Myliobatiformes,Dasyatidae,LC,0.180890888272024,0.134558753103637,3.57822389569662,2.1746238931517,0.0508312740562221,0.0281583541576902,1.02275995299196,0.0,0,1000,GBIF_accepted,Maculabatis_toshi,False,False,,,
1170,1152,Notoraja_longiventralis,Longlobe Velvet Skate,Rajiformes,Arhynchobatidae,LC,0.175367511586561,0.253055761673464,3.76174591269467,4.77331557836248,0.0512351789117133,0.0282376719058783,4.16354415181257,0.0,0,1000,direct,Notoraja_longiventralis,False,False,,,
1171,1158,Notoraja_ochroderma,Pale Skate,Rajiformes,Arhynchobatidae,LC,0.172161019165842,0.240094282539371,3.53319992111544,4.61375399369127,0.0512013917826708,0.0282807883519656,4.02525046674841,0.0,0,1000,direct,Notoraja_ochroderma,False,False,,,
1172,1156,Notoraja_inusitata,Strange Skate,Rajiformes,Arhynchobatidae,LC,0.171281759747524,0.253095211297081,3.62562495550192,4.78133222443588,0.0511526881490583,0.0281769585554092,4.04029781170781,0.0,0,1000,direct,Notoraja_inusitata,False,False,,,
1173,1161,Notoraja_alisae,Velcro Skate,Rajiformes,Arhynchobatidae,LC,0.170268016281352,0.242231963591526,3.3991809891882,4.47971937506825,0.0511783602976084,0.0282807883519656,3.94214873806805,0.0,0,1000,direct,Notoraja_alisae,False,False,,,
1174,1160,Notoraja_tobitukai,Leadhued Skate,Rajiformes,Arhynchobatidae,LC,0.170196884451622,0.248212029982119,3.42460007045957,4.72251352666419,0.0511526881490583,0.0282391714756315,4.02668140242452,0.0,0,1000,direct,Notoraja_tobitukai,False,False,,,
1175,1192,Bathyraja_mariposa,Butterfly Skate,Rajiformes,Arhynchobatidae,DD,0.169263194724861,0.389710497894281,1.03210958555843,0.947854874065015,0.16799134920304,0.546714391761469,0.996198227885223,0.0,0,1000,direct,Bathyraja_mariposa,False,False,,,
1176,1165,Notoraja_hirticauda,Ghost Skate,Rajiformes,Arhynchobatidae,LC,0.167297591401334,0.227835792497217,3.37197586090269,4.39015217892445,0.0512013917826708,0.0282807883519656,3.85330465219293,0.0,0,1000,direct,Notoraja_hirticauda,False,False,,,
1177,1163,Notoraja_sticta,Blotched Skate,Rajiformes,Arhynchobatidae,LC,0.166704697182992,0.238555603013234,3.38672366630482,4.76322714117847,0.0510928758794828,0.0281909861676829,4.07812797541151,0.0,0,1000,direct,Notoraja_sticta,False,False,,,
1178,1166,Notoraja_fijiensis,Fijian Velvet Skate,Rajiformes,Arhynchobatidae,LC,0.165398296769945,0.230245272287651,3.34439445609167,4.549783608232,0.0511783602976084,0.0282391714756315,4.01293320704533,0.0,0,1000,direct,Notoraja_fijiensis,False,False,,,
1179,1154,Somniosus_antarcticus,Southern Sleeper Shark,Squaliformes,Somniosidae,LC,0.163412817424843,0.120035530213238,3.72058423796142,1.31165140824244,0.0502318916367197,0.027251696161085,2.4791457277377,0.0,0,1000,direct,Somniosus_antarcticus,False,False,,,
1180,1190,Dipturus_tengu,Acutenose Skate,Rajiformes,Rajidae,NT,0.142909323578288,0.17228987997213,1.18638744808006,1.32360436662612,0.120114607936945,0.0425072419524347,0.218288525068487,0.0,0,1000,direct,Dipturus_tengu,False,False,,,
1181,1191,Dipturus_macrocauda,Bigtail Skate,Rajiformes,Rajidae,NT,0.142215993901369,0.17182615935682,1.16819607910027,1.30649015096605,0.120148541739395,0.0425072419524347,0.218620334103539,0.0,0,1000,direct,Dipturus_macrocauda,False,False,,,
1182,1177,Urolophus_cruciatus,Banded Stingaree,Myliobatiformes,Urolophidae,LC,0.138205852389001,0.168291823852282,2.7162923604303,3.08737486016606,0.0514035546512011,0.0283299163548261,0.98500587038944,0.0,0,1000,direct,Urolophus_cruciatus,False,False,,,
1183,1176,Hydrolagus_mirabilis,Large-eyed Rabbitfish,Chimaeriformes,Chimaeridae,LC,0.127356638590307,0.1225113604668,2.75214122313323,2.50884022510761,0.0500326133863431,0.0267078589621333,2.44872333014503,0.0,0,1000,direct,Hydrolagus_mirabilis,False,False,,,
1184,1174,Hydrolagus_affinis,Small-eyed Rabbitfish,Chimaeriformes,Chimaeridae,LC,0.12502659784619,0.123686782620746,2.76130761540615,2.59045462698347,0.0500326133863431,0.0267758316447808,2.45301078651501,0.0,0,1000,direct,Hydrolagus_affinis,False,False,,,
1185,1179,Hydrolagus_trolli,Pointy-nose Blue Chimaera,Chimaeriformes,Chimaeridae,LC,0.124491728567889,0.117346909745365,2.60149304982903,2.42481882469955,0.0500326133863431,0.0267078589621333,2.40983294182249,0.0,0,1000,direct,Hydrolagus_trolli,False,False,,,
1186,1182,Amblyraja_hyperborea,Arctic Skate,Rajiformes,Rajidae,LC,0.0815971275607996,0.0781953609529812,1.57203293262381,1.63323232785428,0.0508242605162426,0.0275099793788602,1.58746967267706,0.0,0,1000,direct,Amblyraja_hyperborea,False,False,,,
1187,1183,Amblyraja_jenseni,Jensen's Skate,Rajiformes,Rajidae,LC,0.078973770148264,0.0780264074235298,1.55706896766798,1.56346418346144,0.0511465998229081,0.0275109408566412,1.57019927497924,0.0,0,1000,direct,Amblyraja_jenseni,False,False,,,
1188,1185,Bathyraja_lindbergi,Commander Skate,Rajiformes,Arhynchobatidae,LC,0.0743357397440711,0.0468093222323905,1.47772457358448,0.590877455873205,0.0505828056987672,0.0269774149140288,1.1953277164648,0.0,0,1000,direct,Bathyraja_lindbergi,False,False,,,
1189,1186,Amblyraja_badia,,Rajiformes,Rajidae,LC,0.0733948875568153,0.0772127982859719,1.47515104631538,1.52399047575416,0.0510687174649361,0.0275109408566412,1.51360057848898,0.0,0,1000,GBIF_iucn_link,Amblyraja_badia,False,False,,,
1190,1184,Bathyraja_maculata,Whiteblotched Skate,Rajiformes,Arhynchobatidae,LC,0.0725803344318732,0.045360189923059,1.48331404345899,0.569338603616474,0.0505828056987672,0.0269934356636443,1.2086681812477,0.0,0,1000,direct,Bathyraja_maculata,False,False,,,
1191,1188,Bathyraja_violacea,Okhotsk Skate,Rajiformes,Arhynchobatidae,LC,0.0566114570489083,0.0501465867861288,1.22899158744315,0.893408968138456,0.0505040893439022,0.0273019748629804,0.998210768802592,0.0,0,1000,direct,Bathyraja_violacea,False,False,,,
1192,1189,Bathyraja_kincaidii,Sandpaper Skate,Rajiformes,Arhynchobatidae,LC,0.055619303441937,0.0500417501852148,1.21908180794847,0.913454851240031,0.0506243207332888,0.0274297848115252,1.01410437537767,0.0,0,1000,direct,Bathyraja_kincaidii,False,False,,,
